Make,Model,Age,mileage,Cylinders,Body Type,Brand_Segment,std_tier,transmission,Is_Hybrid,no_accidents,has_carfax,one_owner,service_records,certified,actual_price,predicted_price,error,abs_error,pct_error,shap_base_value,shap_mileage,shap_Age,shap_no_accidents,shap_has_carfax,shap_one_owner,shap_service_records,shap_certified,shap_Is_Hybrid,shap_Make,shap_transmission,shap_Body Type,shap_Cylinders,shap_Brand_Segment,shap_std_tier,expected_error
Volkswagen,Atlas,3.0,71550.0,4,SUV,Mainstream,1std,Automatic,0,0,0,0,0,0,36995.0,39309.895,-2314.89453125,2314.89453125,-6.26,108.53138,-35.155643,-459.19208,6.7532444,-15.037795,-0.82180095,-2.1866417,30.550575,57.47613,-4.383375,17.037432,62.868523,-314.7784,-77.34304,698.7417,73.06025
Chevrolet,Trailblazer,3.0,33400.0,4,SUV,Economy,Normal,Automatic,0,0,0,0,0,0,28995.0,29965.908,-970.908203125,970.908203125,-3.35,108.53138,719.64905,-180.52774,-7.347655,-28.525784,-11.553961,-1.9797503,17.024431,32.33604,79.10687,-20.997234,-38.261295,9.4279175,287.07877,-94.91561,869.0455
Mazda,CX-5,9.0,164700.0,4,SUV,Mainstream,Normal,Automatic,0,0,0,0,0,0,16499.0,16042.401,456.5986328125,456.5986328125,2.77,108.53138,-144.68073,141.07814,11.48244,-24.881369,8.04136,-0.6430971,5.1028943,32.7931,-275.2247,11.41004,-70.90386,364.65057,-36.73779,-16.923407,113.09498
Mazda,Mazda3,12.0,175650.0,4,Sedan,Mainstream,Normal,Automatic,0,0,0,0,0,0,9999.0,9368.925,630.0751953125,630.0751953125,6.3,108.53138,-181.92337,152.0734,10.164243,-29.867533,10.972896,-0.6538531,6.2989287,31.911898,-272.8866,17.213724,-25.78382,197.85458,26.162167,15.243105,65.311134
BMW,X1,4.0,40750.0,4,SUV,Luxury,Normal,Automatic,0,0,0,0,0,0,38995.0,45354.26,-6359.26171875,6359.26171875,-16.31,108.53138,-302.5773,-953.8229,3.1071856,-23.021301,-92.155525,-1.3531109,31.098932,40.740685,-1779.8024,1.0531337,-219.77808,75.42372,-116.049446,-98.45177,-3327.0564
Audi,A4 Sedan,6.0,60985.0,4,Sedan,Luxury,Normal,Automatic,1,0,0,0,0,0,32495.0,30826.844,1668.15625,1668.15625,5.13,108.53138,135.13542,-88.641304,19.595295,-13.558494,-5.3279977,-1.3531109,6.8676395,-610.9885,-807.8215,-67.51223,-194.37299,12.7054825,-208.1156,-24.39594,-1739.2526
Kia,Telluride,7.0,34537.0,6,SUV,Economy,1std,Automatic,0,0,0,0,0,0,35995.0,37921.105,-1926.10546875,1926.10546875,-5.35,108.53138,-182.88287,-652.20264,-29.973007,-16.752405,7.354568,-1.3778353,53.354523,96.01577,-448.56174,-5.0113993,-217.77625,-71.59975,144.05136,11.121979,-1205.7083
Nissan,Rogue,3.0,26474.0,4,SUV,Mainstream,Normal,Automatic,0,0,0,0,0,0,26998.0,26555.139,442.861328125,442.861328125,1.64,108.53138,223.43288,-242.4926,6.5510736,-39.16192,-11.457575,-1.9797503,5.789833,28.515715,331.26996,-19.79786,-318.2934,-138.53653,29.906052,15.198508,-22.524223
Kia,Forte,6.0,128900.0,4,Sedan,Economy,Normal,Automatic,0,0,0,0,0,0,16000.0,14888.045,1111.955078125,1111.955078125,6.95,108.53138,661.2422,-380.29535,-6.8686123,-16.945513,-2.1497507,-0.07644282,7.619806,57.116463,272.1909,11.673273,-37.48136,106.90502,193.48404,-27.73397,947.212
Ford,Mustang Shelby,11.0,47956.0,8,Coupe,Mainstream,Normal,Manual,0,0,0,0,0,0,75990.0,48952.6,27037.3984375,27037.3984375,35.58,108.53138,-1367.3835,2793.1565,2.818961,-174.66107,26.87651,-1.2521094,20.83393,711.5266,170.04321,-437.62772,-626.99414,-1475.7073,86.97544,-461.13733,-624.0006
Toyota,Corolla Sedan,9.0,218000.0,4,Sedan,Mainstream,Normal,Automatic,0,0,0,0,0,0,10995.0,12737.625,-1742.625,1742.625,-15.85,108.53138,-426.61978,14.869447,14.072758,-22.083418,-4.694586,-0.035928816,-44.327374,-20.571348,-392.44025,35.95562,-163.68344,14.438786,-5.5833206,-34.496998,-926.66833
Mercedes-Benz,C-Class Coupe,8.0,94159.0,4,Sedan,Luxury,Normal,Automatic,0,0,0,0,0,0,62990.0,26467.06,36522.939453125,36522.939453125,57.98,108.53138,-9.107865,85.274475,-15.571066,-12.130667,-3.4818072,-0.08931388,21.915842,210.83112,1297.3678,10.041335,400.65228,-257.65955,-65.02844,-52.48813,1719.0574
Toyota,Corolla Sedan,5.0,52316.0,4,Sedan,Mainstream,Normal,Automatic,0,0,0,0,0,0,23997.0,27346.738,-3349.73828125,3349.73828125,-13.96,108.53138,2195.3276,-1845.7737,19.152004,-16.259758,-19.320639,-1.3531109,7.329166,-9.784139,-413.26483,19.359632,-299.81653,-254.72586,18.23316,-14.286175,-506.6518
Kia,Sportage Hybrid,1.0,9982.0,4,SUV,Economy,Normal,Automatic,1,0,0,0,0,0,42988.0,44901.926,-1913.92578125,1913.92578125,-4.45,108.53138,3337.772,-1483.6581,3.6135254,3.1419885,-10.819878,-2.3839693,57.47674,-1905.1648,206.52423,-81.10561,156.61803,459.70282,698.94586,-137.51083,1411.6833
GMC,Terrain,10.0,26033.0,4,SUV,Near-luxury,Normal,Automatic,0,0,0,0,0,0,15995.0,18598.754,-2603.75390625,2603.75390625,-16.28,108.53138,-73.80185,566.2772,45.403645,-46.707924,-28.264738,-1.3684254,13.365665,30.056965,-563.4135,-100.69544,71.23646,157.7674,194.81668,90.01741,463.22095
Jeep,Compass,11.0,230400.0,4,SUV,Mainstream,Normal,Automatic,0,0,0,0,0,0,6800.0,8294.319,-1494.3193359375,1494.3193359375,-21.98,108.53138,325.40884,-674.70013,-4.7777534,-27.400925,9.380357,-0.046684906,-45.853737,43.99264,209.88861,9.83366,-161.92441,233.14394,-15.651229,-58.105713,-48.28115
Hyundai,Santa Fe,5.0,37205.0,4,SUV,Economy,Normal,Automatic,0,0,0,0,0,0,30500.0,25434.502,5065.498046875,5065.498046875,16.61,108.53138,722.21985,183.50536,-3.8125837,-84.5044,-23.229671,-1.3531109,7.4796076,37.785316,-458.82852,-3.3989875,-47.054214,-71.30736,164.627,-15.952263,514.70746
Audi,A3 Cabriolet,12.0,73000.0,4,Sedan,Luxury,Normal,Automatic,0,0,0,0,0,0,17999.0,14564.27,3434.73046875,3434.73046875,19.08,108.53138,658.1616,334.88306,31.596981,-41.23031,-2.4249609,-1.3901715,6.939984,24.33928,-903.66785,-56.767582,-418.4053,-99.573906,-277.60135,-58.846424,-695.4556
Honda,CR-V,13.0,134000.0,4,SUV,Mainstream,Normal,Automatic,0,0,0,0,0,0,13999.0,13997.294,1.7060546875,1.7060546875,0.01,108.53138,105.15322,-261.83987,7.931349,-32.18295,-6.116519,-0.113503516,4.7606354,32.43735,-141.98524,-3.94532,31.889713,98.32867,54.514233,-32.04772,-34.684563
Volkswagen,Jetta Sedan,13.0,149326.0,4,Sedan,Mainstream,Normal,Automatic,0,0,0,0,0,0,9995.0,8097.035,1897.96484375,1897.96484375,18.99,108.53138,-786.4627,175.31601,14.122943,-29.37939,18.936623,-0.21442096,6.2570696,33.360264,209.41246,12.789411,15.151039,-270.4449,57.409145,-35.69374,-470.9088
BMW,X7,4.0,77053.0,6,SUV,Luxury,1std,Automatic,0,1,0,0,0,0,78900.0,67205.18,11694.8203125,11694.8203125,14.82,108.53138,2677.1184,-137.27907,31.516655,-15.024924,-71.90788,-1.3778353,49.820763,67.932106,-15.617411,36.162544,-361.44644,426.93692,112.63203,1390.0632,4298.0605
Honda,CR-V,11.0,80000.0,4,SUV,Mainstream,Normal,Automatic,0,0,0,0,0,0,11555.0,17645.06,-6090.060546875,6090.060546875,-52.7,108.53138,1151.5789,-281.86386,13.496802,-29.13868,-3.7222176,-1.3901715,4.824234,36.291595,-349.5744,10.55879,-37.424698,-101.80806,-27.959951,-129.8664,362.5332
Jeep,Grand Cherokee,4.0,68971.0,6,SUV,Mainstream,Normal,Automatic,0,0,0,0,0,0,33995.0,41834.582,-7839.58203125,7839.58203125,-23.06,108.53138,-551.9871,-443.21643,-44.304604,-22.038668,-3.8236742,-1.3884553,3.999281,33.417118,-920.04834,12.886877,49.77978,182.92957,-68.86516,-43.530678,-1707.6592
Honda,Civic Sedan,10.0,104601.0,4,Sedan,Mainstream,Normal,Automatic,0,0,0,0,0,0,15495.0,16553.055,-1058.0546875,1058.0546875,-6.83,108.53138,-105.79174,625.5343,12.4619465,-17.71407,-4.66698,-0.09175725,6.2292786,31.797766,-231.43266,-4.0547667,-11.466118,19.874912,-15.539741,-19.059809,394.61194
Chevrolet,Silverado 1500,10.0,139000.0,8,Pickup Truck,Economy,Normal,Automatic,0,0,0,0,0,0,27770.0,23190.082,4579.91796875,4579.91796875,16.49,108.53138,-979.35333,1105.0902,-73.48991,-66.8024,-1.3925292,-0.17115045,35.429714,27.279495,-264.361,1.5240103,-11.116025,-536.6307,195.33319,-393.8536,-853.98267
Ford,Bronco Sport,2.0,12724.0,4,SUV,Mainstream,Normal,Automatic,0,0,0,0,0,0,32495.0,39503.504,-7008.50390625,7008.50390625,-21.57,108.53138,-269.41522,-442.88397,8.886531,-1.678759,31.383102,-2.3839693,18.964266,35.636955,919.38025,-32.614914,115.88655,760.8748,361.56482,-151.93932,1460.1925
Volkswagen,Tiguan,2.0,13549.0,4,SUV,Mainstream,Normal,Automatic,0,0,0,0,0,0,44995.0,35376.426,9618.57421875,9618.57421875,21.38,108.53138,1415.028,-2166.591,15.581908,-1.7336656,47.24057,-3.131841,18.76948,35.058575,326.488,-18.892998,5.837113,11.529854,303.91342,-110.99901,-13.370247
Jeep,Grand Cherokee,13.0,74883.0,6,SUV,Mainstream,Normal,Automatic,0,0,0,0,0,0,15420.0,20583.98,-5163.98046875,5163.98046875,-33.49,108.53138,-573.8629,1121.9308,-0.18606205,-38.17736,4.079872,-1.4255159,11.901263,39.94272,441.07385,6.736855,-111.28894,-77.4839,71.260895,-57.56363,945.46936
Mercedes-Benz,GLC,1.0,14012.0,4,SUV,Luxury,Normal,Automatic,1,0,0,0,0,0,63923.0,74421.07,-10498.0703125,10498.0703125,-16.42,108.53138,896.1547,-3619.703,18.718365,6.7389636,-4.020095,-2.3839693,40.32294,-1493.6285,-4320.8335,-20.272034,-142.13455,473.9455,-106.61326,-170.72125,-8335.899
Honda,CR-V Hybrid,1.0,7378.0,4,SUV,Mainstream,Normal,Automatic,0,0,0,0,0,0,53221.0,42510.53,10710.46875,10710.46875,20.12,108.53138,-1920.4248,1164.1993,4.2383857,7.2352753,46.61892,-2.3795836,-2.5134969,68.1559,-1709.6511,24.476297,180.62947,295.34113,-44.502106,-222.31445,-2002.3597
Honda,Accord Sedan,6.0,63264.0,4,Sedan,Mainstream,Normal,Automatic,0,0,0,0,0,0,24900.0,25063.352,-163.3515625,163.3515625,-0.66,108.53138,556.76605,-11.154894,-1.3504277,-11.041243,-2.7811801,-1.3531109,5.9753265,40.53867,-253.11162,-0.9062078,-21.336117,-9.512138,-194.3699,-3.9978008,200.89679
Mazda,CX-5,3.0,47294.0,4,SUV,Mainstream,Normal,Automatic,0,0,0,0,0,0,36998.0,33448.82,3549.1796875,3549.1796875,9.59,108.53138,145.07841,-346.46777,3.0255997,-21.876238,-12.817364,-2.5869186,4.0493965,52.544327,-169.73137,1.3382796,-101.41945,447.3957,15.942558,-9.294182,113.71235
Audi,A4 Sedan,3.0,13562.0,4,Sedan,Luxury,Normal,Automatic,0,0,0,0,0,0,38995.0,48348.934,-9353.93359375,9353.93359375,-23.99,108.53138,-1519.7283,-2500.6973,22.098919,-17.179369,18.505997,-1.9797503,20.124556,7.063652,-1911.8002,-84.181625,-1004.432,0.3615799,-635.559,-79.02612,-7577.8975
RAM,1500 Classic,4.0,72425.0,8,Pickup Truck,Mainstream,Normal,Automatic,0,1,0,0,0,0,35995.0,45707.953,-9712.953125,9712.953125,-26.98,108.53138,609.2257,747.4415,-1529.8263,-62.459633,-21.72717,-1.1956736,18.763948,28.769732,717.2015,39.578712,203.54118,-208.46808,-92.21831,-139.8748,417.2837
Volkswagen,Taos,5.0,50988.0,4,SUV,Mainstream,Normal,Automatic,0,1,0,1,0,0,20887.0,25532.045,-4645.044921875,4645.044921875,-22.24,108.53138,-551.4245,-385.32498,-121.33507,-33.059193,-243.19463,-1.6211656,5.6772404,48.922604,-3.7767525,3.2850552,-33.012363,-86.25187,-17.064808,-37.28881,-1346.9379
Volkswagen,Atlas,3.0,43508.0,4,SUV,Mainstream,1std,Automatic,0,0,1,0,1,0,44898.0,43419.67,1478.328125,1478.328125,3.29,108.53138,-1782.0796,414.69595,8.580717,577.4122,4.3037086,565.1843,33.034668,31.914785,191.89415,-5.511903,74.06513,-139.60779,-13.542706,648.0308,716.90576
Audi,S5 Sportback,9.0,50101.0,6,Coupe,Luxury,Normal,Automatic,0,0,0,0,0,0,34985.0,40012.984,-5027.984375,5027.984375,-14.37,108.53138,-2224.4893,-1155.6924,46.343266,-24.66608,-5.1926293,-1.3884553,13.016563,82.22733,-1559.1025,-55.668484,1256.7319,-1326.1484,55.844555,-147.94376,-4937.597
Nissan,Rogue,3.0,28687.0,4,SUV,Mainstream,Normal,Automatic,0,0,0,1,0,0,28995.0,26688.076,2306.923828125,2306.923828125,7.96,108.53138,1619.1234,-46.013546,14.475863,-46.398224,173.7983,-1.4999335,6.3602448,35.901394,70.81639,-13.027446,-548.933,-72.14903,-133.63771,22.806612,1190.1548
Hyundai,Santa Fe,5.0,62966.0,4,SUV,Economy,Normal,Automatic,0,0,0,0,0,0,25995.0,24112.117,1882.8828125,1882.8828125,7.24,108.53138,1604.6327,252.00722,-5.968603,-29.491457,-2.0967438,-1.3531109,5.795433,44.920063,-139.99371,8.178229,-24.035898,67.99755,308.63055,-53.56151,2144.1921
Volkswagen,Tiguan,1.0,8500.0,4,SUV,Mainstream,Normal,Automatic,0,0,0,0,0,0,42888.0,42308.574,579.42578125,579.42578125,1.35,108.53138,1002.6374,-1362.9999,25.150675,6.5765066,68.217804,-3.127455,56.872757,70.6915,722.0256,-66.08066,37.419506,153.94543,270.60275,-211.2217,879.2416
Nissan,Rogue,2.0,37144.0,4,SUV,Mainstream,Normal,Automatic,0,0,0,0,0,0,36591.0,29708.5,6882.5,6882.5,18.81,108.53138,858.1146,-1158.7213,5.3471236,-4.135616,-14.67317,-2.3839693,5.726751,45.34785,190.09549,-0.2796184,-270.59094,-106.103096,49.023727,53.112347,-241.58841
GMC,Terrain,3.0,30309.0,4,SUV,Near-luxury,Normal,Automatic,0,0,0,1,0,0,31995.0,34037.332,-2042.33203125,2042.33203125,-6.38,108.53138,564.7118,44.532368,21.845928,-44.74149,275.2183,-1.4999335,5.777454,41.469975,608.58026,-9.59893,39.13442,8.510071,288.3934,67.25029,2018.1152
Buick,Envision,5.0,47467.0,4,SUV,Near-luxury,Normal,Automatic,0,0,0,0,0,0,25698.0,26034.117,-336.1171875,336.1171875,-1.31,108.53138,644.1032,-247.96211,8.742769,-33.414585,-26.749218,-1.3531109,5.857547,50.27277,98.94494,1.5520861,-233.05537,252.99026,95.123604,-25.59545,697.9887
Mercedes-Benz,E-Class,11.0,119726.0,6,Sedan,Luxury,Normal,Automatic,0,0,0,0,0,0,24900.0,24058.654,841.345703125,841.345703125,3.38,108.53138,-471.32315,-778.5121,9.793757,-29.173351,3.4216301,-0.14884785,32.869648,313.76642,1109.8412,10.166374,603.6916,950.8083,-60.594795,-58.008327,1745.1296
BMW,X3,5.0,21770.0,4,SUV,Luxury,Normal,Automatic,0,0,0,0,0,0,40988.0,41357.402,-369.40234375,369.40234375,-0.9,108.53138,-375.408,-57.888744,5.177536,-35.192753,-63.210094,-1.3531109,45.590916,26.594545,-1152.3926,-30.51514,-479.38864,-131.23047,-161.59212,-157.8364,-2460.1135
Volkswagen,Taos,5.0,44000.0,4,SUV,Mainstream,Normal,Automatic,0,0,0,0,0,0,23450.0,26783.686,-3333.685546875,3333.685546875,-14.22,108.53138,-1685.6372,439.29153,8.02001,-22.724825,7.4619493,-2.1009824,5.683218,16.484413,161.93604,1.6445829,53.955147,-11.042343,17.493095,-51.344917,-952.349
Mazda,CX-50 Hybrid,2.0,76650.0,4,SUV,Mainstream,Normal,Automatic,1,0,0,0,0,0,36995.0,36116.84,878.16015625,878.16015625,2.37,108.53138,-476.8928,-930.7673,1.6150392,4.304994,-2.0753698,-2.9911377,3.3067672,-596.15546,-118.8401,26.540924,89.05162,252.90466,-90.63415,-91.88582,-1823.9865
Volkswagen,Tiguan,2.0,6223.0,4,SUV,Mainstream,Normal,Automatic,0,0,1,0,0,0,41998.0,36556.703,5441.296875,5441.296875,12.96,108.53138,-57.00935,231.27419,2.8664289,144.87909,66.24665,-29.407036,19.202068,38.06938,874.1051,114.84063,45.889126,-204.77061,-6.9705544,-251.55408,1096.1924
RAM,2500,5.0,34000.0,8,Pickup Truck,Mainstream,Normal,Automatic,0,0,0,0,0,0,65900.0,54910.008,10989.9921875,10989.9921875,16.68,108.53138,-2737.226,345.37695,36.247784,-65.30238,-0.4824514,-1.1956736,23.950361,37.949043,1383.7623,17.384325,-733.2474,-1218.8436,48.200924,-147.7371,-2902.6313
Volvo,XC90,9.0,177000.0,4,SUV,Luxury,Normal,Automatic,0,0,0,0,0,0,17777.0,20109.404,-2332.404296875,2332.404296875,-13.12,108.53138,90.713165,8.461947,15.537781,-80.35619,7.965852,-0.026487647,6.352753,17.3938,-635.6376,11.262901,-75.22579,154.01508,-38.779438,-183.99481,-593.78564
Volkswagen,Tiguan,3.0,19231.0,4,SUV,Mainstream,Normal,Automatic,0,0,0,0,0,0,34398.0,31559.69,2838.310546875,2838.310546875,8.25,108.53138,2072.8508,-562.0121,8.260285,-30.162558,7.5465984,-2.7276218,18.22357,32.347416,86.195526,-26.645891,-140.49127,-203.25403,-24.255983,-121.69838,1222.7078
Mercedes-Benz,Sprinter Crew Van,3.0,58138.0,4,Van,Luxury,Normal,Automatic,0,0,0,0,0,1,51995.0,56249.188,-4254.1875,4254.1875,-8.18,108.53138,-70.478035,1505.234,7.494335,-54.784878,-11.626974,-1.9797503,-1249.7064,304.49136,555.58575,-1.8453598,-119.569275,-209.7974,-702.4561,-84.522835,-25.430107
Toyota,Corolla Cross Hybrid,1.0,4297.0,4,Sedan,Mainstream,Normal,Automatic,1,0,0,0,0,0,44898.0,44358.79,539.2109375,539.2109375,1.2,108.53138,-1220.5905,2580.815,27.773176,5.192549,59.11553,-2.3795836,59.4061,253.33138,1700.8586,137.91544,407.67142,-460.95264,-52.295677,-173.2815,3431.1108
GMC,Canyon,3.0,20844.0,4,Pickup Truck,Near-luxury,Normal,Automatic,0,0,0,0,0,0,48382.0,48894.656,-512.65625,512.65625,-1.06,108.53138,-779.1037,822.3041,-12.491489,-48.12606,-14.894417,-1.9582669,18.61772,32.954445,652.4706,-27.817905,-397.923,38.774315,39.78506,-39.63789,391.48483
Buick,Envision,5.0,55664.0,4,SUV,Near-luxury,Normal,Automatic,0,0,0,0,0,0,30998.0,25414.412,5583.587890625,5583.587890625,18.01,108.53138,-360.51178,-405.5424,8.028239,-33.466743,-26.433195,-1.3531109,5.857547,44.915424,171.06848,-2.146841,25.624685,83.50627,103.77315,-45.68312,-323.83197
Volkswagen,Atlas,2.0,24847.0,4,SUV,Mainstream,1std,Automatic,0,0,1,0,0,0,53998.0,46285.906,7712.09375,7712.09375,14.28,108.53138,-40.43131,-1309.6139,14.055516,-47.811516,7.8633223,-28.870441,57.811623,51.91718,355.38898,-26.76732,-179.10359,-449.42365,27.729149,530.7495,-927.9751
Hyundai,Elantra GT,8.0,150000.0,4,Sedan,Economy,Normal,Automatic,0,0,0,0,0,0,15006.0,12202.904,2803.095703125,2803.095703125,18.68,108.53138,-246.78654,-493.9528,-3.8279724,-24.390812,7.824089,-0.035928816,6.225507,33.347485,-193.90141,14.215521,-52.549023,42.460106,148.4939,-43.339264,-697.6858
Hyundai,Santa Fe,3.0,39508.0,4,SUV,Economy,Normal,Automatic,0,0,0,0,0,0,43675.0,30555.695,13119.3046875,13119.3046875,30.04,108.53138,-618.9862,-385.71942,-4.853477,-70.559364,-12.611423,-1.9797503,4.56971,40.78016,-436.4163,-2.5611327,23.423252,-4.557678,167.43666,-51.354996,-1244.8586
Nissan,Rogue,3.0,17276.0,4,SUV,Mainstream,Normal,Automatic,0,0,0,0,0,0,33890.0,27424.04,6465.9609375,6465.9609375,19.08,108.53138,856.62244,-1329.096,15.39739,-38.87679,-8.432618,-1.9797503,19.23121,24.35067,-24.951641,-21.27948,-381.96454,162.65662,61.03882,10.723263,-548.02893
GMC,Acadia,5.0,40799.0,4,SUV,Near-luxury,Normal,Automatic,0,0,1,0,0,0,33998.0,28756.143,5241.857421875,5241.857421875,15.42,108.53138,1.3030413,-1056.3887,10.34045,1173.7058,-27.709515,-8.096608,5.0414863,38.13707,-565.1239,-8.43722,217.55663,61.13704,357.88443,-228.14035,79.74113
Honda,Civic Sedan,9.0,158566.0,4,Sedan,Mainstream,Normal,Automatic,0,0,0,0,0,0,15999.0,16391.33,-392.330078125,392.330078125,-2.45,108.53138,113.883514,113.96835,6.464588,-16.424032,9.41271,-0.035928816,5.0645614,30.492954,-216.59898,7.6123905,-45.33642,65.07349,-33.989407,-11.656558,136.46262
Hyundai,Santa Fe,3.0,65488.0,4,SUV,Economy,Normal,Automatic,0,0,0,0,0,0,39998.0,27656.562,12341.4375,12341.4375,30.86,108.53138,-436.80194,86.45319,-7.20137,-33.29268,-12.143442,-1.9797503,4.2498837,40.850773,-143.95021,11.347978,102.554245,35.90482,208.91498,-75.43714,-111.99923
Honda,Civic Sedan,5.0,194001.0,4,Sedan,Mainstream,Normal,Automatic,0,0,0,0,0,0,14395.0,18603.623,-4208.623046875,4208.623046875,-29.24,108.53138,-1177.5546,-495.63715,-3.4182646,-16.050592,8.472096,-0.035928816,-13.123331,27.661427,-124.478325,8.452673,4.038679,326.9555,-42.99396,-21.994982,-1411.1752
Subaru,Outback,1.0,649.0,4,SUV,Mainstream,1std,Automatic,0,0,0,0,0,0,42995.0,51111.375,-8116.375,8116.375,-18.88,108.53138,3957.8901,-1413.3818,11.832115,14.126369,41.546608,-2.3689635,99.72979,119.89873,-2379.4807,0.46040305,-233.89319,-523.2509,52.57435,1096.6843,950.89856
BMW,3 Series,7.0,57590.0,4,Sedan,Luxury,Normal,Automatic,0,0,0,0,0,0,44888.0,34847.273,10040.7265625,10040.7265625,22.37,108.53138,-271.33264,47.1721,2.114783,-13.988286,-61.554535,-1.3531109,33.980534,53.875088,-784.94403,-11.16071,448.19965,-5.1273804,-167.4922,-59.426445,-682.5058
Volkswagen,Atlas,5.0,58561.0,4,SUV,Mainstream,1std,Automatic,0,0,0,0,0,0,33785.0,34779.793,-994.79296875,994.79296875,-2.94,108.53138,-430.3193,-430.38037,7.8511124,-17.301998,8.801969,-1.5600022,34.658978,60.285236,234.41742,3.132256,-12.662032,-273.25943,66.84787,742.83496,101.87806
Honda,CR-V,7.0,49608.0,4,SUV,Mainstream,Normal,Automatic,0,0,0,0,0,0,31499.0,25529.557,5969.443359375,5969.443359375,18.95,108.53138,-463.20438,-413.86868,-1.132226,-18.496363,-4.060418,-1.3531109,5.411189,43.59029,-38.661537,-20.095646,-5.376331,267.1944,-15.537777,10.328386,-546.73083
Hyundai,Tucson,7.0,85587.0,4,SUV,Economy,Normal,Automatic,0,1,0,0,0,0,19495.0,19599.414,-104.4140625,104.4140625,-0.54,108.53138,234.10884,-68.024536,93.42186,-25.839344,-2.2624273,-1.3501977,6.5047474,33.135735,-107.3624,-8.270328,-14.459645,-68.677986,286.59125,-60.38885,405.65808
Nissan,Kicks,2.0,18549.0,4,SUV,Mainstream,Normal,Automatic,0,0,0,0,0,0,29791.0,30100.434,-309.43359375,309.43359375,-1.04,108.53138,230.31358,-1186.3595,11.319922,-13.784144,4.058411,-2.3839693,20.187243,28.658476,-192.8363,-24.131163,-441.13818,128.77739,131.83363,9.39162,-1187.5615
Mazda,CX-5,6.0,220095.0,4,SUV,Mainstream,Normal,Automatic,0,0,0,0,0,0,13800.0,14964.422,-1164.421875,1164.421875,-8.44,108.53138,1828.0312,462.7349,11.458191,-20.824585,7.337736,-0.6430971,-46.15726,94.379265,-165.29463,12.606542,-17.785847,543.374,51.784695,-17.01596,2852.5166
Lexus,RX,5.0,38417.0,4,SUV,Luxury,Normal,Automatic,0,0,0,0,0,1,43800.0,43266.87,533.12890625,533.12890625,1.22,108.53138,452.88586,-138.99684,7.817909,-22.681522,-16.04513,-1.3531109,-188.15256,77.09887,585.04254,-2.6304035,55.44428,94.64377,-187.72546,111.21729,935.0968
Honda,Civic Sedan,7.0,133498.0,4,Sedan,Mainstream,Normal,Automatic,0,0,0,0,0,1,17998.0,19481.846,-1483.845703125,1483.845703125,-8.24,108.53138,450.58963,-88.22317,-2.3430543,-14.606189,-5.586742,-0.07644282,-187.59505,30.330446,-126.42311,-7.082648,19.879553,111.31917,-4.689542,36.024548,320.04877
Mercedes-Benz,GLC,5.0,58173.0,4,SUV,Luxury,Normal,Automatic,0,0,0,0,0,0,36888.0,40571.21,-3683.2109375,3683.2109375,-9.98,108.53138,-659.8916,-1160.738,9.842761,-23.501999,-2.468795,-1.3531109,15.689015,292.2468,-616.33575,-1.5719936,-252.29675,-167.85242,-165.52493,-61.022285,-2686.2476
Volkswagen,Atlas,5.0,81569.0,4,SUV,Mainstream,1std,Automatic,0,0,0,0,0,0,32985.0,33098.45,-113.44921875,113.44921875,-0.34,108.53138,605.63416,-399.0405,7.36441,-14.62109,7.8446765,-1.557089,32.13107,56.69118,73.90878,16.376974,-18.226297,-370.8192,-101.05854,1126.6584,1129.8184
Nissan,Rogue,3.0,39310.0,4,SUV,Mainstream,Normal,Automatic,0,0,0,0,0,0,27088.0,26090.191,997.80859375,997.80859375,3.68,108.53138,145.68843,-601.6658,6.0142636,-27.851456,-12.363985,-1.9797503,4.3491945,40.79608,465.84732,0.92653054,-429.63718,-91.156586,37.262356,52.050804,-303.1884
Hyundai,Santa Fe XL,8.0,60026.0,4,SUV,Economy,Normal,Automatic,0,1,0,0,0,0,23495.0,20201.727,3293.2734375,3293.2734375,14.02,108.53138,1031.3684,-594.0045,-55.22635,-27.216988,-0.22472236,-1.3531109,6.4520655,44.07722,-218.95377,-5.1284695,4.6316314,5.5175514,350.63306,-2.7802467,646.3231
Honda,CR-V,3.0,47182.0,4,SUV,Mainstream,Normal,Automatic,0,0,0,0,0,0,32999.0,34009.96,-1010.9609375,1010.9609375,-3.06,108.53138,416.52237,-298.05988,-0.94710344,-19.308445,-13.834448,-1.9797503,3.352644,51.167145,-60.072334,-10.99079,-22.088411,247.99727,15.448486,-40.23826,375.49988
Hyundai,Tucson,4.0,29415.0,4,SUV,Economy,Normal,Automatic,0,0,0,0,0,0,23806.0,27609.736,-3803.736328125,3803.736328125,-15.98,108.53138,-505.6549,408.49606,-3.7739265,-98.89984,-25.290285,-1.3531109,6.5078783,23.204308,-612.6504,-54.27205,-124.27571,3.4531174,149.96805,-48.3584,-774.3678
Hyundai,Elantra,3.0,25596.0,4,Sedan,Economy,Normal,Automatic,0,0,0,0,0,0,24597.0,24477.559,119.44140625,119.44140625,0.49,108.53138,-851.767,-0.6388952,-7.120725,-89.45241,-12.430226,-1.9797503,17.788292,33.202595,-641.95154,-25.02688,-156.89496,-214.20377,150.68385,-69.60488,-1760.8649
Hyundai,Santa Fe Hybrid,1.0,11923.0,4,SUV,Economy,Normal,Automatic,1,0,0,0,0,0,46998.0,46714.945,283.0546875,283.0546875,0.6,108.53138,-1685.2264,-505.44003,11.28823,-26.182533,26.24533,-2.3839693,55.42702,-784.1482,-648.50916,-21.508896,32.15843,379.61893,470.63983,-100.48024,-2689.97
Buick,Envision,4.0,46967.0,4,SUV,Near-luxury,Normal,Automatic,0,0,0,0,0,0,32846.0,29149.885,3696.115234375,3696.115234375,11.25,108.53138,297.674,-80.374794,7.4620676,-33.859787,-30.638893,-1.3531109,4.2921133,42.55008,89.98422,1.9749999,-35.09552,251.81314,90.95746,-22.349691,691.5677
Ford,Ranger,4.0,67987.0,4,Pickup Truck,Mainstream,Normal,Automatic,0,0,0,0,0,0,38490.0,34554.785,3935.21484375,3935.21484375,10.22,108.53138,-171.71014,108.606224,-12.88386,-26.18353,-23.488556,-1.3316275,5.2312593,29.291498,1316.8014,-0.2605927,103.05672,161.2247,-38.85894,-173.25407,1384.772
Mercedes-Benz,GLE,4.0,39341.0,6,SUV,Luxury,Normal,Automatic,0,0,0,0,0,0,59500.0,65491.812,-5991.8125,5991.8125,-10.07,108.53138,1502.359,219.97522,5.040679,-25.097202,-4.422494,-1.3884553,13.258267,378.71118,3218.6624,-1.9569592,-135.36266,2814.7595,-65.47314,-22.885105,8004.711
Honda,Civic Sedan,5.0,117898.0,4,Sedan,Mainstream,Normal,Automatic,0,0,0,0,0,0,20495.0,23476.324,-2981.32421875,2981.32421875,-14.55,108.53138,254.95886,-446.87796,-2.551937,-15.835031,-4.3610616,-0.07644282,5.751973,32.648506,-126.48928,1.013301,47.811687,30.81382,-35.815113,-1.6139212,-152.09125
Honda,CR-V,9.0,95558.0,4,SUV,Mainstream,Normal,Automatic,0,0,0,0,0,0,20900.0,20286.578,613.421875,613.421875,2.94,108.53138,535.01654,359.1742,13.830942,-23.043295,-4.2785983,-0.08931388,5.5205097,32.684303,-189.50735,-1.6712085,-37.569042,68.63576,-18.336939,-57.412598,791.48535
Acura,TLX,5.0,44500.0,4,Sedan,Luxury,Normal,Automatic,0,0,0,0,0,0,47777.0,38040.7,9736.30078125,9736.30078125,20.38,108.53138,-1563.5583,314.35944,8.08817,-15.210174,0.92062145,-1.3531109,7.1454744,14.78438,-226.49176,1.7817539,-47.155567,122.198235,-135.09871,-3.9840584,-1415.0424
Audi,Q7,2.0,12369.0,6,SUV,Luxury,Normal,Automatic,0,0,0,0,0,0,59987.0,71792.6,-11805.6015625,11805.6015625,-19.68,108.53138,-3227.1155,681.2227,4.9473343,1.6326128,44.46498,-2.4193137,24.473038,29.860939,58.992676,-82.58077,138.50047,192.42867,-535.45337,-64.34959,-2626.8638
Chevrolet,Equinox,8.0,106611.0,4,SUV,Economy,Normal,Automatic,0,0,0,0,0,0,16140.0,17151.32,-1011.3203125,1011.3203125,-6.27,108.53138,-105.36681,249.29634,-6.1655197,-23.99843,0.59712166,-0.07644282,17.258953,27.384834,-164.10658,2.500663,-34.41435,107.08249,192.01566,-128.1216,242.41772
Mercedes-Benz,GLC,2.0,14142.0,4,SUV,Luxury,Normal,Automatic,0,0,0,0,0,0,59888.0,64798.293,-4910.29296875,4910.29296875,-8.2,108.53138,-1902.6028,-1802.0284,12.123167,-5.0723658,7.1661797,-2.3839693,28.499472,150.14293,-2206.9746,-20.01839,-76.18433,-292.48575,-607.0281,-147.97174,-6756.288
Toyota,Camry,1.0,23270.0,4,Sedan,Mainstream,Normal,Automatic,1,0,0,0,0,0,45555.0,45008.812,546.1875,546.1875,1.2,108.53138,765.3563,-85.20149,18.584677,8.056851,4.6086693,-2.3839693,59.73848,97.16368,1112.7074,-7.435366,-269.20026,-443.5484,12.313708,-110.0484,1269.2433
Ford,Maverick,2.0,5320.0,4,Pickup Truck,Mainstream,Normal,Automatic,0,0,0,0,0,0,42999.0,52250.37,-9251.37109375,9251.37109375,-21.52,108.53138,-5723.445,1049.9885,-29.82413,-115.763504,50.979465,-2.3581002,21.151958,31.069265,326.64816,120.58006,-2220.8235,488.50845,-7.330144,-262.56723,-6164.655
Subaru,Crosstrek,3.0,36027.0,4,SUV,Mainstream,Normal,Automatic,0,0,0,0,0,0,31695.0,33677.79,-1982.7890625,1982.7890625,-6.26,108.53138,348.7731,-129.35994,6.686278,-16.18643,-30.257908,-1.9797503,5.86438,41.071663,-358.99576,27.691948,41.532787,25.39737,29.246044,-26.173893,71.84126
Hyundai,Santa Fe,5.0,49338.0,4,SUV,Economy,Normal,Automatic,0,0,0,0,0,0,26995.0,24548.219,2446.78125,2446.78125,9.06,108.53138,-342.55646,165.18604,-6.6735344,-29.484785,-3.270335,-1.3531109,5.805889,46.26311,152.01059,1.110748,-15.9063225,195.17139,140.68904,-27.590534,387.93307
Hyundai,Kona,8.0,87304.0,4,SUV,Economy,Normal,Automatic,0,0,0,0,0,0,16587.0,19126.576,-2539.576171875,2539.576171875,-15.31,108.53138,52.985397,-502.76205,-1.3246548,-30.526234,-3.566946,-1.3501977,6.508815,32.348007,-73.76929,-3.4722066,29.270641,61.081135,248.87405,-55.067932,-132.24011
Jeep,Wrangler 4xe,4.0,50785.0,6,SUV,Mainstream,Normal,Automatic,0,0,0,0,0,0,42995.0,43986.41,-991.41015625,991.41015625,-2.31,108.53138,-1994.8098,-204.32582,-70.31346,-21.938145,-4.354589,-1.3884553,4.0627303,51.409836,-1888.0383,2.441832,39.385735,24.748535,-30.466694,-29.018356,-4014.074
Toyota,Tundra,15.0,175000.0,6,Pickup Truck,Mainstream,Normal,Automatic,0,0,0,0,0,0,16900.0,23699.732,-6799.732421875,6799.732421875,-40.24,108.53138,953.84357,109.87152,5.3589215,-44.161865,25.887474,0.194712,11.150789,-15.145638,-224.23795,26.491938,-2161.9858,423.629,13.53791,-81.88642,-848.92053
Dodge,Grand Caravan,8.0,85216.0,6,Minivan,Mainstream,Normal,Automatic,0,0,0,0,0,0,21990.0,22038.98,-48.98046875,48.98046875,-0.22,108.53138,706.3017,33.84155,4.0214877,-34.48296,-6.632956,-1.385542,12.324948,43.229794,762.74603,24.314346,-116.58344,-19.005758,-72.59767,-139.5153,1305.1077
Nissan,Kicks,2.0,19027.0,4,SUV,Mainstream,Normal,Automatic,0,0,0,0,0,0,29999.0,30242.387,-243.38671875,243.38671875,-0.81,108.53138,2409.9502,-1170.9961,5.9747806,-13.784144,3.963202,-2.3839693,16.942575,37.302864,-79.31463,-24.231749,-478.45895,-67.4454,-7.9217567,10.328195,748.45667
Jeep,Wrangler Unlimited,6.0,62235.0,6,SUV,Mainstream,Normal,Automatic,0,0,0,0,0,0,37694.0,35366.496,2327.50390625,2327.50390625,6.17,108.53138,994.009,19.328604,-19.900269,-20.575155,4.3632655,-1.3884553,12.464609,47.2397,-502.5241,3.093751,64.43088,239.99057,22.013842,-47.00597,924.0717
Mitsubishi,Eclipse Cross,3.0,14711.0,4,Coupe,Economy,Normal,Automatic,0,0,0,0,0,0,39648.0,30778.04,8869.9609375,8869.9609375,22.37,108.53138,1560.94,-1349.5294,-10.602584,-26.56816,-7.481208,-1.9797503,20.426397,62.749268,-155.12021,36.39029,1428.9059,338.6524,1041.7687,-161.57437,2885.5088
BMW,4 Series Gran Coupe,10.0,116702.0,4,Coupe,Luxury,Normal,Automatic,0,0,0,0,0,0,31998.0,22008.83,9989.169921875,9989.169921875,31.22,108.53138,-746.69086,669.02527,8.270988,-23.47967,-80.786514,-0.09175725,34.46772,89.23541,-981.1686,19.211195,2.8949995,441.30484,46.031754,-206.24063,-619.4845
BMW,4 Series,3.0,38240.0,4,Coupe,Luxury,Normal,Automatic,0,0,0,0,0,0,67910.0,52342.652,15567.34765625,15567.34765625,22.92,108.53138,274.78165,-821.8909,-10.194157,-22.514654,-82.86939,-1.9797503,32.87538,68.8982,-568.0488,49.682716,-98.82391,79.222244,247.673,-192.90855,-937.5654
Toyota,RAV 4,4.0,97763.0,4,SUV,Mainstream,Normal,Automatic,0,0,0,0,0,0,34990.0,33779.64,1210.359375,1210.359375,3.46,108.53138,-944.2976,-84.779106,6.4252515,-30.073572,-43.329144,-0.07644282,5.0352287,-20.602814,-278.77985,20.57382,167.78503,53.462273,-60.623688,-55.220497,-1155.9694
Kia,Seltos,5.0,101315.0,4,SUV,Economy,Normal,Automatic,0,0,0,0,0,0,23495.0,22158.748,1336.251953125,1336.251953125,5.69,108.53138,-545.97144,-384.911,-5.10551,-23.291945,-1.4755253,-0.07644282,7.5072412,57.200493,344.52966,11.532252,-13.083041,109.64307,194.6274,-61.311028,-201.65445
BMW,4 Series,5.0,76800.0,4,Coupe,Luxury,Normal,Automatic,0,0,0,0,0,0,52910.0,39279.664,13630.3359375,13630.3359375,25.76,108.53138,-183.507,-606.386,-7.50514,-20.386951,-52.77381,-1.3531109,34.048107,93.451584,-606.37006,39.17103,-419.53558,118.59012,495.3224,-264.09076,-1272.7938
BMW,4 Series,2.0,26752.0,4,Coupe,Luxury,Normal,Automatic,0,0,0,0,0,0,55910.0,55598.586,311.4140625,311.4140625,0.56,108.53138,1202.9556,-529.293,-10.931299,-4.2785716,-71.51099,-2.3839693,34.27623,57.670536,-1402.5844,34.022797,1388.3884,-9.348099,-147.87044,-237.6324,410.0119
Ford,F-150,3.0,71000.0,6,Pickup Truck,Mainstream,Normal,Automatic,0,0,0,0,0,0,47495.0,55956.887,-8461.88671875,8461.88671875,-17.82,108.53138,295.19022,-861.10443,-20.103245,-23.373976,-4.713523,-1.9936112,5.170296,40.542072,1071.2866,-0.3006251,-200.92896,-134.3586,-83.61712,-198.60017,-8.373642
Toyota,Venza,3.0,83300.0,4,SUV,Mainstream,Normal,Automatic,0,0,0,0,0,0,37997.0,35272.62,2724.37890625,2724.37890625,7.17,108.53138,173.63123,175.37523,7.476611,-19.58618,-51.437927,-1.9578562,5.034691,-13.663955,-109.00751,19.917389,241.7119,-46.29874,-89.56221,-122.69388,277.47018
GMC,Terrain,1.0,23750.0,4,SUV,Near-luxury,Normal,Automatic,0,0,0,0,0,0,37997.0,48439.7,-10442.69921875,10442.69921875,-27.48,108.53138,210.85555,613.13776,13.85281,-1.5801836,-5.112939,-2.3839693,56.84294,65.30968,2140.6387,-26.148958,-85.15296,-158.41692,36.74146,-12.904644,2954.2097
Kia,Sorento,7.0,71675.0,4,SUV,Economy,Normal,Automatic,0,0,0,0,0,0,25998.0,20970.035,5027.96484375,5027.96484375,19.34,108.53138,560.87604,-25.116915,-4.471438,-17.843958,-0.09001571,-1.3531109,7.737503,72.593,219.08195,3.56211,-18.659595,89.67018,175.5112,-71.014206,1099.0142
Ford,Bronco Sport,2.0,53500.0,4,SUV,Mainstream,Normal,Automatic,0,0,0,0,0,0,28497.0,33540.258,-5043.2578125,5043.2578125,-17.7,108.53138,1844.9114,-2701.977,19.651676,1.9313711,-0.09012541,-2.3839693,4.356334,51.80763,812.00354,-12.151964,2.5329015,166.14459,9.697845,-173.97974,130.98578
Ford,Bronco Sport,2.0,50150.0,4,SUV,Mainstream,Normal,Automatic,0,0,0,0,0,0,28497.0,34000.383,-5503.3828125,5503.3828125,-19.31,108.53138,-107.87537,-829.98584,4.7336106,1.9133381,-0.14256105,-2.3839693,4.356334,53.340027,750.237,-12.095162,58.86507,325.5804,11.907951,-172.8433,194.13885
Ford,Explorer,7.0,242956.0,6,SUV,Mainstream,Normal,Automatic,0,0,0,0,0,0,14995.0,16611.14,-1616.140625,1616.140625,-10.78,108.53138,-676.0701,263.0634,1.9407616,-23.482508,16.85799,-0.07127315,61.57517,36.190014,249.73203,-6.6973205,-310.8391,-200.8872,3.5161858,-101.62192,-578.2626
Subaru,Impreza,8.0,70237.0,4,Sedan,Mainstream,Normal,Automatic,0,0,0,0,0,0,18495.0,20732.68,-2237.6796875,2237.6796875,-12.1,108.53138,998.97516,-588.21783,9.2878275,-7.427546,-4.5262003,-1.3531109,6.8422604,36.833973,-40.326195,12.578931,-111.68713,-32.861584,-2.8803186,-11.78607,371.98352
Audi,Q5,6.0,62302.0,4,SUV,Luxury,Normal,Automatic,0,0,0,0,0,0,29995.0,29218.46,776.5390625,776.5390625,2.59,108.53138,499.2194,-186.18077,21.012196,-21.148197,-2.0662794,-1.3531109,6.844914,44.43995,-820.8745,-62.765938,56.638138,91.60835,-205.49338,-69.79445,-541.3823
Volkswagen,Atlas,4.0,29650.0,4,SUV,Mainstream,1std,Automatic,0,0,0,0,0,0,52245.0,40486.38,11758.62109375,11758.62109375,22.51,108.53138,-1229.0178,-52.851746,8.5397,-29.092518,-6.9533052,-1.5600022,47.07286,41.62174,321.65405,-84.80277,-210.09889,-363.1954,46.526672,339.83832,-1063.788
GMC,Terrain,1.0,26950.0,4,SUV,Near-luxury,Normal,Automatic,0,0,0,0,0,0,37497.0,46694.652,-9197.65234375,9197.65234375,-24.53,108.53138,-208.78963,1088.234,13.094518,-1.5245082,-5.3791227,-2.3839693,43.607033,61.495056,2647.3281,-23.200016,5.2567234,-11.528805,46.84994,31.440647,3793.0317
Ford,Bronco Sport,2.0,50900.0,4,SUV,Mainstream,Normal,Automatic,0,0,0,0,0,0,28497.0,34161.938,-5664.9375,5664.9375,-19.88,108.53138,-53.776688,-838.02673,4.7336106,1.9133381,-0.14256105,-2.3839693,4.356334,53.340027,739.9337,-12.095162,58.13341,325.5804,23.74544,-172.74185,241.10065
Mazda,Mazda3,6.0,73256.0,4,Sedan,Mainstream,Normal,Automatic,0,0,0,0,0,0,25910.0,23469.377,2440.623046875,2440.623046875,9.42,108.53138,213.89563,-284.16,2.0081036,-11.667385,-1.9659194,-1.9602792,6.6906166,35.379433,-184.61436,13.373742,-65.3728,127.8199,-20.050282,22.737953,-39.35427
Honda,Civic Sedan,4.0,22151.0,4,Sedan,Mainstream,Normal,Automatic,0,0,0,0,0,0,23875.0,28774.504,-4899.50390625,4899.50390625,-20.52,108.53138,-89.83127,404.3241,-4.9473,-22.391394,-26.519697,-1.3531109,18.138525,21.048578,-797.55414,-78.6291,169.23717,-214.85495,40.785465,-20.367874,-494.38354
Honda,HR-V,6.0,30332.0,4,SUV,Mainstream,Normal,Automatic,0,0,0,0,0,0,24595.0,28538.402,-3943.40234375,3943.40234375,-16.03,108.53138,155.47003,-363.4487,-3.1769562,-28.1155,-3.9422677,-1.3531109,3.7640939,35.10785,-969.5149,-60.566124,30.83127,60.831757,28.459948,41.288536,-965.83264
Honda,HR-V,2.0,13590.0,4,SUV,Mainstream,Normal,Automatic,0,0,0,0,0,0,31995.0,37851.188,-5856.1875,5856.1875,-18.3,108.53138,888.93054,-2330.0557,-2.4676049,1.8491834,29.975222,-2.3839693,16.890978,34.329727,-1003.5398,-107.878944,122.05271,289.54932,301.4095,-75.22868,-1728.0359
Honda,CR-V Hybrid,1.0,41027.0,4,SUV,Mainstream,Normal,Automatic,0,0,0,0,0,0,47400.0,40326.395,7073.60546875,7073.60546875,14.92,108.53138,721.2815,-2547.7212,8.095618,18.620562,-2.6991644,-2.3839693,18.30748,73.32119,-470.27234,-32.62326,133.05196,38.508644,10.213112,-88.690384,-2014.4586
Volkswagen,Atlas,4.0,91981.0,4,SUV,Mainstream,1std,Automatic,0,0,0,0,0,0,29995.0,36066.742,-6071.7421875,6071.7421875,-20.24,108.53138,337.19684,-151.60973,6.6258907,-23.709066,-15.110295,-1.557089,30.652382,47.428032,224.40874,16.52881,-188.293,-430.44336,-92.64352,509.0825,377.08853
Honda,Accord Sedan,14.0,95278.0,4,Sedan,Mainstream,Normal,Automatic,0,0,0,0,0,0,13695.0,12187.396,1507.603515625,1507.603515625,11.01,108.53138,409.57904,32.782604,11.771961,-28.126614,-4.504067,-0.12637459,6.732864,31.766264,-235.2561,5.7895374,392.58527,-115.19614,75.80383,-24.394402,667.739
Chevrolet,Equinox,1.0,27300.0,4,SUV,Economy,Normal,Automatic,0,0,0,0,0,0,35997.0,35404.004,592.99609375,592.99609375,1.65,108.53138,266.08032,-1497.3542,-3.0119205,8.138015,0.38087723,-2.3839693,54.964184,54.271484,-68.925606,-35.797653,-74.98147,-164.22925,116.32333,-183.30124,-1421.2957
Jeep,Wrangler Unlimited,6.0,69741.0,6,SUV,Mainstream,Normal,Automatic,0,0,0,0,0,0,42988.0,36211.797,6776.203125,6776.203125,15.76,108.53138,-427.5004,-30.042673,-28.15557,-18.772373,4.4142413,-1.3884553,12.411612,41.701385,-290.22882,11.715378,-1.538389,206.21765,-37.341785,-51.65465,-501.63147
Chevrolet,Equinox,1.0,25000.0,4,SUV,Economy,Normal,Automatic,0,0,0,0,0,0,35997.0,35436.574,560.42578125,560.42578125,1.56,108.53138,-39.69823,-1780.8518,-4.4880915,8.138015,-0.46662918,-2.3839693,58.880833,59.935207,-61.321552,-38.66907,-126.67176,-182.22185,112.021255,-184.72229,-2073.9885
Acura,TLX,9.0,124639.0,4,Sedan,Luxury,Normal,Automatic,0,0,0,0,0,0,20988.0,19894.627,1093.373046875,1093.373046875,5.21,108.53138,693.4459,-175.01666,16.324202,-18.309952,1.1300763,-0.07644282,7.2676306,32.75638,-231.92445,10.7021265,-60.085976,34.12858,-83.79976,-49.857265,285.21588
Acura,MDX,5.0,60000.0,6,SUV,Luxury,1std,Automatic,0,0,0,0,0,0,44995.0,46470.457,-1475.45703125,1475.45703125,-3.28,108.53138,206.6549,-357.9237,4.8221498,-17.880302,9.9347315,-1.3778353,41.721127,62.451145,-591.6411,-0.6893077,-46.93526,127.370804,-137.06467,477.15198,-114.874016
Dodge,Durango,3.0,33000.0,6,SUV,Mainstream,Normal,Automatic,0,0,0,0,0,0,44887.0,51608.316,-6721.31640625,6721.31640625,-14.97,108.53138,1043.0504,-1587.0956,2.7456355,-63.345486,-11.67631,-2.0150945,6.486755,44.283688,446.36322,9.488638,386.19495,895.366,-131.36205,-30.990314,1116.026
Ford,Mustang Shelby,16.0,124888.0,8,Coupe,Mainstream,Normal,Manual,0,0,0,0,0,0,48887.0,21542.797,27344.203125,27344.203125,55.93,108.53138,-697.23566,619.4405,-20.596685,-88.431755,25.802973,0.023036705,15.720819,73.0151,-388.18997,-1712.4865,-816.1706,-757.77264,-53.756916,-327.6456,-4019.7522
Kia,Sorento,7.0,165887.0,4,SUV,Economy,Normal,Automatic,0,0,0,0,0,0,15887.0,15608.74,278.259765625,278.259765625,1.75,108.53138,-92.95655,-104.13862,-5.956401,-22.256517,9.627056,-0.035928816,7.101254,56.61091,275.9184,3.971986,-70.88862,226.94121,178.5266,-53.891624,517.10455
Mazda,Mazda3,9.0,132907.0,4,Sedan,Mainstream,Normal,Automatic,0,0,0,0,0,0,15698.0,15887.109,-189.109375,189.109375,-1.2,108.53138,196.83478,-44.695747,10.682732,-18.594805,-4.788364,-0.6836111,6.0054865,32.84865,-276.9181,12.122731,-31.336983,230.19843,-6.7427936,5.928955,219.39278
Honda,Odyssey,9.0,131000.0,6,Minivan,Mainstream,1std,Automatic,0,0,0,0,0,0,27587.0,22946.475,4640.525390625,4640.525390625,16.82,108.53138,260.6372,306.2944,3.2320495,-21.700281,-8.13139,-0.107849136,34.63424,52.133663,-421.64258,1.4214076,131.65753,-163.26097,-56.765194,593.8343,820.7679
Ford,Mustang Convertible,6.0,22276.0,8,Coupe,Mainstream,Normal,Manual,0,0,0,0,0,0,49990.0,61215.996,-11225.99609375,11225.99609375,-22.46,108.53138,5310.6416,-2953.6824,-29.402397,-84.58908,-10.108896,-1.2150487,28.649178,47.184044,2559.9004,-1117.7086,-657.4714,-3091.3347,-1058.9467,-330.33856,-1279.891
Dodge,RAM 3500,21.0,288000.0,8,Pickup Truck,Mainstream,Normal,Automatic,0,0,0,0,0,0,23900.0,9367.029,14532.970703125,14532.970703125,60.81,108.53138,-4975.411,4280.294,-23.223526,-86.99278,6.3471603,0.3644884,84.72053,37.840466,323.65335,43.021908,-1480.1729,-405.5782,214.48863,-302.33057,-2174.447
RAM,1500,16.0,210163.0,8,Pickup Truck,Mainstream,Normal,Automatic,0,0,0,0,0,0,6800.0,10678.116,-3878.1162109375,3878.1162109375,-57.03,108.53138,-57.300797,-716.51654,15.86379,-74.26423,51.777092,0.3644884,15.416126,29.85386,160.81328,51.348152,-808.4975,29.488525,86.56054,-227.19617,-1333.7579
Ford,Transit Cargo Van,9.0,207000.0,6,Van,Mainstream,Normal,Automatic,0,0,0,0,0,0,17900.0,18774.965,-874.96484375,874.96484375,-4.89,108.53138,-2249.9468,531.58795,9.018863,-34.001038,17.753208,-0.07127315,37.64841,24.615625,317.28882,3.1547537,350.20148,-410.58502,-45.79958,-123.63297,-1464.2362
Toyota,Tacoma,3.0,37302.0,4,Pickup Truck,Mainstream,Normal,Automatic,0,0,0,0,0,0,32000.0,51650.375,-19650.375,19650.375,-61.41,108.53138,1023.27747,15.948183,-7.424317,-26.256367,-47.15964,-1.9582669,7.0228653,-15.62531,69.502144,12.633303,-538.908,355.914,31.56324,-49.524315,937.5365
Honda,HR-V,5.0,41100.0,4,SUV,Mainstream,Normal,Automatic,0,0,0,0,0,0,22000.0,30194.71,-8194.7109375,8194.7109375,-37.25,108.53138,1233.3213,-724.9595,-0.040027153,-19.734924,-4.0832977,-1.3531109,4.8452015,37.72417,-420.96027,-31.79523,70.07418,112.484726,14.334961,-0.7965839,377.59296
Toyota,RAV 4,8.0,38000.0,4,SUV,Mainstream,Normal,Automatic,0,0,0,0,0,0,12000.0,29827.719,-17827.71875,17827.71875,-148.56,108.53138,-457.1932,-2127.6086,31.978865,-23.256483,-10.589124,-1.3531109,7.3098803,-16.454227,142.65569,4.6854916,132.38403,124.38502,42.515408,-2.6790576,-2044.6881
Acura,RDX,6.0,64983.0,4,SUV,Luxury,Normal,Automatic,0,0,0,0,0,0,37999.0,33890.188,4108.8125,4108.8125,10.81,108.53138,-828.69366,-121.82924,8.882638,-21.217253,2.00976,-1.3531109,6.898364,40.63229,-127.376045,11.342851,54.608692,40.33818,-370.36633,-76.88992,-1274.4813
Chevrolet,Silverado 1500,13.0,215111.0,8,Pickup Truck,Economy,Normal,Automatic,0,0,0,0,0,0,10900.0,14040.142,-3140.1416015625,3140.1416015625,-28.81,108.53138,-672.37256,1433.9644,-73.60105,-75.976006,59.2004,0.3644884,-10.950465,22.70237,-524.473,12.139937,-130.82669,98.14305,81.15101,-403.24976,-75.252556
Audi,Q8,5.0,11499.0,6,SUV,Luxury,1std,Automatic,1,0,0,0,0,0,21600.0,75966.73,-54366.7265625,54366.7265625,-251.7,108.53138,-4003.4143,-494.17288,7.9383936,-41.000114,33.795586,-1.3778353,69.47114,-536.9007,-1289.459,-82.18442,-179.93687,263.81104,-356.7317,17.361908,-6484.269
Nissan,Frontier,11.0,42000.0,6,Pickup Truck,Mainstream,1std,Automatic,0,0,0,0,0,0,34500.0,23494.674,11005.326171875,11005.326171875,31.9,108.53138,-3298.3433,-859.3796,23.418228,-84.74805,-32.175552,-1.3934126,48.846912,44.498764,-117.45645,-37.65044,-563.99475,-1662.6115,-74.66321,132.1828,-6374.9385
Lexus,RX,4.0,35861.0,4,SUV,Luxury,Normal,Automatic,0,1,0,0,0,0,52988.0,46771.8,6216.19921875,6216.19921875,11.73,108.53138,533.9732,327.10046,-59.15327,-22.097729,-52.874424,-1.3531109,3.2348974,73.54085,813.718,-3.5256717,-78.30146,2.7516022,-182.8726,130.28369,1592.9558
Mazda,MX-5 Miata RF,9.0,67650.0,4,Convertible,Mainstream,Normal,Automatic,0,0,0,0,0,0,28988.0,25203.393,3784.607421875,3784.607421875,13.06,108.53138,267.41995,506.93405,25.695345,-25.661865,-1.9225547,-1.9602792,5.6350765,38.029175,-231.55006,10.135783,-813.64954,300.3988,5.0390496,-22.919079,170.15532
Mercedes-Benz,GLB,7.0,65008.0,4,SUV,Luxury,Normal,Automatic,0,0,0,0,0,0,26999.0,33155.55,-6156.55078125,6156.55078125,-22.8,108.53138,-859.1269,512.76385,10.082836,-21.097221,-2.0638387,-1.3531109,18.42295,244.53154,656.47156,2.3430305,-227.75679,-193.65906,-352.50464,-82.48968,-186.90411
GMC,Sierra 2500HD,14.0,268209.0,8,Pickup Truck,Near-luxury,Normal,Automatic,0,0,0,0,0,0,29999.0,11841.986,18157.013671875,18157.013671875,60.53,108.53138,-1227.7014,-737.7757,-1.5312735,-79.314255,36.932076,0.3644884,-28.17016,37.197865,575.58545,21.306477,-689.70593,-152.87262,-499.62268,-437.50665,-3074.2822
RAM,1500,8.0,149986.0,8,Pickup Truck,Mainstream,Normal,Automatic,0,0,0,0,0,0,29906.0,28126.81,1779.189453125,1779.189453125,5.95,108.53138,1168.1815,-630.21765,13.561137,-52.15489,18.014832,0.37524447,23.869919,34.478813,1393.0262,33.64328,100.00902,-567.8213,-18.790882,-248.40335,1376.3035
Hyundai,Santa Fe,8.0,43284.0,4,SUV,Economy,Normal,Automatic,0,0,0,0,0,0,29999.0,48031.227,-18032.2265625,18032.2265625,-60.11,108.53138,-2521.9248,-1480.2043,23.327635,-28.885422,-2.9998057,-1.3531109,6.3699665,18.143879,-147.97502,-1.495291,42.975815,791.6175,138.03351,-11.268284,-3067.1062
Buick,Encore GX,3.0,38516.0,4,SUV,Near-luxury,Normal,Automatic,0,0,1,1,0,0,30980.0,27892.209,3087.791015625,3087.791015625,9.97,108.53138,299.4835,-527.2121,20.872389,746.31604,283.8055,-8.243432,4.487218,42.857533,-74.22673,-10.736202,7.037095,-13.943848,538.57043,-29.191727,1388.4071
Audi,S5 Sportback,9.0,81319.0,6,Coupe,Luxury,Normal,Automatic,0,0,0,0,0,0,32900.0,27694.059,5205.94140625,5205.94140625,15.82,108.53138,1851.4025,1054.4689,35.416195,-21.985065,-6.0352044,-1.385542,13.041046,87.49783,107.32868,-52.40061,1009.5691,-376.87704,402.1142,-221.07953,3989.6067
Toyota,Highlander,4.0,60045.0,4,SUV,Mainstream,Normal,Automatic,0,0,0,0,0,0,44900.0,36166.758,8733.2421875,8733.2421875,19.45,108.53138,135.68416,-48.719353,7.3926663,-23.97964,-41.321674,-1.3531109,5.0120716,-12.53118,-224.16638,4.408619,233.86693,16.209457,15.262394,-42.5445,131.75183
Audi,A8 Long,5.0,17031.0,6,Sedan,Luxury,Normal,Automatic,0,0,0,0,0,0,69822.0,64970.86,4851.140625,4851.140625,6.95,108.53138,450.43103,-1831.3934,16.008896,-40.849995,2.6931965,-1.3884553,32.459984,-2.0181897,-982.8758,-87.00473,655.393,898.9685,-124.22708,-32.9347,-938.20605
Nissan,Qashqai,5.0,74765.0,4,SUV,Mainstream,Normal,Automatic,0,0,0,1,0,0,22991.0,22058.182,932.818359375,932.818359375,4.06,108.53138,-478.37268,-462.38715,20.5703,-35.64753,5.3150764,-0.8732941,5.521924,41.7782,301.16107,15.628689,-189.84813,-40.91469,-47.082638,42.36232,-714.2572
Honda,Odyssey,11.0,132206.0,6,Minivan,Mainstream,1std,Automatic,0,0,0,0,0,0,17999.0,18575.355,-576.35546875,576.35546875,-3.2,108.53138,649.68787,-515.10425,2.759243,-32.761597,-5.920844,-0.14490983,41.61446,52.176018,-376.77463,0.39365324,81.13882,-247.44101,-27.926271,678.9299,409.1578
Hyundai,Kona,3.0,29580.0,4,SUV,Economy,Normal,Automatic,0,0,1,0,0,0,32815.0,30291.172,2523.828125,2523.828125,7.69,108.53138,-752.0226,215.93907,1.1412206,1877.992,-12.243805,-8.723248,6.28318,39.255524,520.6728,-98.21736,-48.24434,-4.5427856,-45.257397,-26.522854,1774.0406
Toyota,RAV 4,10.0,169243.0,4,SUV,Mainstream,Normal,Automatic,0,0,0,0,0,0,8000.0,19656.559,-11656.55859375,11656.55859375,-145.71,108.53138,-421.19028,201.00497,15.638074,-26.674385,-5.3167543,-0.04037352,6.243111,-18.609198,-214.53917,16.369778,15.525974,14.331768,-29.39495,-62.026875,-400.14697
Subaru,WRX,5.0,68635.0,4,Sedan,Mainstream,1std,Manual,0,0,1,1,0,0,31788.0,30812.451,975.548828125,975.548828125,3.07,108.53138,-595.81085,-367.17615,23.684595,399.77847,28.530073,-7.6017575,31.90732,56.78808,-694.2723,-436.3896,-257.4011,-38.363556,-76.21506,-20.67559,-1844.6859
Hyundai,Venue,6.0,46000.0,4,SUV,Economy,Normal,Automatic,0,0,0,0,0,0,22000.0,23133.3,-1133.30078125,1133.30078125,-5.15,108.53138,-130.96255,-62.142776,-5.156143,-28.438078,-3.2398713,-1.3531109,6.2843504,40.955,32.48032,0.25942904,20.947395,230.41774,143.5701,-30.010027,322.14316
Toyota,Camry,17.0,137000.0,4,Sedan,Mainstream,Normal,Automatic,0,0,0,0,0,0,7500.0,9655.789,-2155.7890625,2155.7890625,-28.74,108.53138,790.70557,-1620.6823,14.045398,-31.888306,-20.041527,-0.113503516,12.623251,-19.09438,-292.35855,80.51963,152.3469,11.242952,118.30411,-32.444736,-728.304
Audi,Q5,11.0,175000.0,4,SUV,Luxury,Normal,Automatic,0,0,0,0,0,0,14999.0,11615.624,3383.3759765625,3383.3759765625,22.56,108.53138,1047.6278,-651.9118,23.619188,-35.845955,9.908542,-0.046684906,5.635909,46.1535,-252.66937,-33.99418,-310.21814,306.7144,-89.20772,-79.376305,94.92056
Kia,Sorento,13.0,149000.0,4,SUV,Economy,Normal,Automatic,0,0,0,0,0,0,6500.0,9828.824,-3328.82421875,3328.82421875,-51.21,108.53138,-978.4922,72.41558,3.7810583,-33.32625,8.50523,-0.046684906,7.1780243,57.645653,242.87001,6.6024256,-16.702671,150.99011,119.20616,-72.74395,-323.58612
Chevrolet,Trax,3.0,25888.0,4,SUV,Economy,Normal,Automatic,0,0,0,0,0,0,25000.0,30055.146,-5055.146484375,5055.146484375,-20.22,108.53138,-174.07288,-4.480117,-9.148225,-31.118334,-11.746001,-1.9797503,20.543718,26.960495,138.22519,-38.704815,-96.67255,-57.01087,158.9428,-147.36166,-119.09162
Hyundai,Tucson,10.0,212000.0,4,SUV,Economy,Normal,Automatic,0,0,0,0,0,0,9500.0,9490.558,9.4423828125,9.4423828125,0.1,108.53138,-992.2709,156.33765,3.4831953,-33.867638,7.1681795,-0.04037352,-12.437295,29.668518,-39.550316,11.903324,-86.885895,198.95699,179.39314,-74.30126,-543.91125
Nissan,Sentra,3.0,92855.0,4,Sedan,Mainstream,Normal,Automatic,0,0,0,0,0,0,15999.0,18299.018,-2300.017578125,2300.017578125,-14.38,108.53138,-16.780046,-125.148315,3.3946612,-27.284573,-20.963621,-0.69697237,4.825656,34.91151,314.829,14.339328,-0.5804448,-87.07246,-44.614655,30.179401,187.86987
Chevrolet,Blazer,4.0,83267.0,4,SUV,Economy,Normal,Automatic,0,1,0,1,0,0,34468.0,22815.137,11652.86328125,11652.86328125,33.81,108.53138,-67.37407,558.1143,139.70984,-22.166803,381.70456,-0.87038094,14.916615,27.137909,-226.25876,7.6727004,18.79987,-181.80429,319.57776,-128.55132,949.13934
Honda,Fit,12.0,167000.0,4,Hatchback,Mainstream,Normal,Automatic,0,0,1,0,0,0,12490.0,9726.938,2763.0615234375,2763.0615234375,22.12,108.53138,-784.9218,505.9548,5.0116487,794.826,7.6509924,-6.790183,5.1522965,32.337234,-279.52756,-44.284874,509.9775,74.48706,169.97423,-5.6118593,1092.7668
BMW,4 Series,5.0,40400.0,4,Coupe,Luxury,Normal,Automatic,0,0,0,0,0,0,54900.0,45148.7,9751.30078125,9751.30078125,17.76,108.53138,-72.496864,-1164.1732,-9.126795,-23.09937,-71.17957,-1.3531109,34.111553,69.46535,-2101.7866,26.259783,-318.2147,187.9168,290.33533,-164.50943,-3209.3193
Toyota,RAV 4 Hybrid,3.0,13695.0,4,SUV,Mainstream,Normal,Automatic,1,1,0,0,0,0,46998.0,45447.668,1550.33203125,1550.33203125,3.3,108.53138,1755.8931,-1478.092,-407.3486,-19.151978,-6.0546875,-1.9797503,20.186472,-36.142815,1139.1981,-6.96029,510.38425,-53.99491,253.33269,-34.93654,1742.8644
Nissan,Micra,11.0,35825.0,4,Sedan,Mainstream,Normal,Automatic,0,0,0,0,0,0,10998.0,10006.992,991.0078125,991.0078125,9.01,108.53138,194.47101,-1399.903,39.756435,-82.34596,-17.281847,-1.3901715,4.631565,36.971615,1043.2377,-75.68332,-179.48195,-123.23359,62.368336,102.62822,-286.72345
Nissan,Qashqai,5.0,0.0,4,SUV,Mainstream,Normal,Automatic,0,0,0,0,0,0,21977.0,24242.518,-2265.517578125,2265.517578125,-10.31,108.53138,-9057.268,-3941.4321,8.462986,-34.77714,4.6233582,-0.039342582,-5.5558352,23.337507,-163.30794,15.871685,-267.99384,62.206367,1508.528,36.789024,-11702.022
Toyota,Highlander,12.0,157000.0,4,SUV,Mainstream,Normal,Automatic,1,0,1,0,0,0,12100.0,19190.635,-7090.634765625,7090.634765625,-58.6,108.53138,-502.51364,128.51064,16.400589,843.20276,-3.5011253,-6.790183,5.6350913,-229.08145,216.90721,4.4736776,132.51978,-48.58993,29.028189,-25.467587,669.2654
Toyota,Highlander,12.0,157000.0,4,SUV,Mainstream,Normal,Automatic,1,0,1,0,0,0,12100.0,19190.635,-7090.634765625,7090.634765625,-58.6,108.53138,-502.51364,128.51064,16.400589,843.20276,-3.5011253,-6.790183,5.6350913,-229.08145,216.90721,4.4736776,132.51978,-48.58993,29.028189,-25.467587,669.2654
Jeep,Gladiator,4.0,78000.0,6,Pickup Truck,Mainstream,Normal,Automatic,0,0,0,0,0,0,48995.0,46448.176,2546.82421875,2546.82421875,5.2,108.53138,250.97017,-725.5077,-57.31128,-20.396355,-3.8531258,-1.3669719,4.943546,31.820166,-955.4144,26.89435,-479.6905,-365.92422,-146.3576,-146.74033,-2479.4028
Mercedes-Benz,Sprinter Cab Chassis,16.0,176400.0,4,Van,Luxury,Normal,Automatic,0,0,0,0,0,0,59999.0,22636.166,37362.833984375,37362.833984375,62.27,108.53138,981.2233,-215.92714,14.558269,-42.558216,11.087142,-0.046684906,85.61696,231.34123,237.63243,45.368988,935.5209,156.12564,-380.8433,-72.34064,2095.2908
Hyundai,Sonata Hybrid,13.0,145000.0,4,Sedan,Economy,Normal,Automatic,1,0,0,0,0,0,10500.0,10587.319,-87.3193359375,87.3193359375,-0.83,108.53138,-232.34497,-53.86768,2.2439728,-36.30058,6.0939813,-0.046684906,5.7576165,-509.96133,-83.13661,8.797546,4.2104936,10.165712,161.95735,-26.810284,-634.7101
Toyota,Highlander,12.0,157000.0,4,SUV,Mainstream,Normal,Automatic,1,0,1,0,0,0,12100.0,19190.635,-7090.634765625,7090.634765625,-58.6,108.53138,-502.51364,128.51064,16.400589,843.20276,-3.5011253,-6.790183,5.6350913,-229.08145,216.90721,4.4736776,132.51978,-48.58993,29.028189,-25.467587,669.2654
Kia,Rio,11.0,104999.0,4,Sedan,Economy,Normal,Automatic,0,0,0,0,0,0,8400.0,10433.628,-2033.6279296875,2033.6279296875,-24.21,108.53138,143.72993,-156.76918,7.9772506,-30.9186,-0.83374995,-0.113503516,8.898023,57.03895,255.80893,8.963849,-65.16736,22.692318,164.60657,-44.88449,479.5603
Toyota,Corolla Sedan,12.0,81000.0,4,Sedan,Mainstream,Normal,Automatic,0,0,0,0,0,0,13900.0,14283.691,-383.69140625,383.69140625,-2.76,108.53138,-90.736465,243.37662,19.781023,-25.686272,-17.861658,-1.3901715,7.3180594,-14.653922,-554.6971,24.548353,-124.72919,-200.74481,72.89104,-124.064735,-678.11786
Toyota,RAV 4 Prime,4.0,83693.0,4,SUV,Mainstream,Normal,Automatic,0,0,0,1,0,1,45998.0,34123.73,11874.26953125,11874.26953125,25.81,108.53138,32.675507,243.39049,13.625328,-23.890377,611.2406,-0.87038094,-157.12793,12.588707,-21.919985,20.192064,235.87497,32.517673,-95.456,-72.00554,939.36646
Toyota,Tacoma,3.0,31102.0,4,Pickup Truck,Mainstream,Normal,Automatic,1,1,0,0,0,0,64998.0,57444.535,7553.46484375,7553.46484375,11.62,108.53138,49.02314,132.32011,232.89394,-21.079662,-32.009415,-1.9582669,6.7981505,-234.02525,-400.8634,6.5014324,-103.42439,386.1477,5.4907174,-2.3669128,131.97928
Nissan,Kicks,3.0,18457.0,4,SUV,Mainstream,Normal,Automatic,0,0,0,0,0,0,21998.0,26287.387,-4289.38671875,4289.38671875,-19.5,108.53138,-10.235334,-721.8876,12.634976,-38.8782,-8.432618,-1.9797503,20.22703,23.697515,-131.08363,-24.21789,-383.64856,142.02812,115.70291,10.598879,-886.94275
Volkswagen,Taos,5.0,51228.0,4,SUV,Mainstream,Normal,Automatic,0,0,0,0,0,0,20905.0,25848.107,-4943.107421875,4943.107421875,-23.65,108.53138,-679.2727,-313.08755,6.7204065,-22.304113,8.155604,-2.1009824,5.683218,46.47391,283.32333,1.9141127,24.24383,-42.91066,16.666504,-69.82941,-627.793
Kia,Forte,15.0,173000.0,4,Sedan,Economy,Normal,Automatic,0,0,0,0,0,0,14250.0,3894.1692,10355.830810546875,10355.830810546875,72.67,108.53138,-322.8833,958.2438,2.4715672,-29.717018,13.833729,-0.046684906,8.326763,55.706173,204.95894,31.595453,35.040436,129.36258,157.44229,-29.241154,1323.6248
Toyota,Matrix,14.0,116210.0,4,Hatchback,Mainstream,Normal,Manual,0,0,0,0,0,0,9100.0,12821.417,-3721.4169921875,3721.4169921875,-40.89,108.53138,-1470.9884,-161.32848,21.308231,-60.94912,-21.942375,-0.10908919,7.829508,-17.17174,-1674.8295,-1911.7596,191.15141,85.15639,173.37941,-32.381935,-4764.1045
Hyundai,Elantra,14.0,159000.0,4,Sedan,Economy,Normal,Automatic,0,0,0,0,0,0,5490.0,6084.8887,-594.888671875,594.888671875,-10.84,108.53138,117.90915,284.94324,2.3445692,-37.175343,12.279471,-0.046684906,6.6068,32.354023,-182.52766,30.237865,19.742954,19.019077,152.70345,-34.654457,532.2679
Toyota,Tacoma,5.0,34600.0,4,Pickup Truck,Mainstream,Normal,Automatic,0,0,0,0,0,0,58000.0,44470.914,13529.0859375,13529.0859375,23.33,108.53138,390.94846,336.47836,-16.80604,-27.335026,-17.744072,-1.3316275,8.936077,-15.96407,-145.42705,11.008561,-335.9064,464.8841,32.196712,-14.351698,778.11774
Chevrolet,Sonic,12.0,143500.0,4,Hatchback,Economy,Normal,Manual,0,0,0,0,0,0,5450.0,9749.5,-4299.5,4299.5,-78.89,108.53138,-1311.8967,100.567444,-2.3673117,-51.738945,11.615375,-0.04227057,15.944161,27.78719,43.18949,96.46947,540.8623,178.43398,138.8239,-117.794495,-221.61499
BMW,X6,16.0,160450.0,6,SUV,Luxury,Normal,Automatic,0,0,0,0,0,0,12900.0,10037.559,2862.44140625,2862.44140625,22.19,108.53138,1569.9229,-1131.2654,8.716248,-36.54714,-57.3283,-0.08202924,35.826572,45.267414,-605.6245,44.137474,-320.56744,35.718277,-143.0708,-139.01411,-585.3795
RAM,1500 Classic,5.0,54000.0,8,Pickup Truck,Mainstream,Normal,Automatic,0,0,0,0,0,0,38000.0,48932.66,-10932.66015625,10932.66015625,-28.77,108.53138,-3408.1548,113.50665,42.86247,-64.29371,0.35619965,-1.1956736,26.804705,45.36042,639.0228,25.148806,-494.4504,-1051.3787,13.046234,-191.2708,-4196.1045
Kia,Forte,14.0,150960.0,4,Sedan,Economy,Normal,Automatic,0,0,0,0,0,0,17500.0,6351.394,11148.60595703125,11148.60595703125,63.71,108.53138,562.3303,253.5409,2.4970112,-29.130068,21.382444,-0.046684906,8.208521,56.628315,87.23157,21.513477,18.413334,7.663084,148.67722,-32.08574,1235.3551
RAM,1500,4.0,80000.0,8,Pickup Truck,Mainstream,Normal,Automatic,0,0,0,0,0,0,52500.0,45109.13,7390.87109375,7390.87109375,14.08,108.53138,624.1454,514.74445,-4.154177,-63.026024,-23.867363,-1.1956736,18.927483,30.236189,903.83795,49.708725,-31.942108,248.52579,-108.98838,-317.38025,1948.1038
Hyundai,Kona,3.0,23390.0,4,SUV,Economy,Normal,Automatic,0,1,0,0,0,0,29998.0,30297.178,-299.177734375,299.177734375,-1.0,108.53138,-330.38156,198.21442,67.50022,-89.30916,-10.421921,-1.9797503,18.701817,32.264355,-894.8672,-25.721312,-182.84756,-125.44534,275.7045,-49.809624,-1009.8666
Mitsubishi,Outlander,3.0,40120.0,4,SUV,Economy,Normal,Automatic,0,1,0,0,0,0,35998.0,30080.568,5917.431640625,5917.431640625,16.44,108.53138,1486.1145,-1331.9974,194.61662,-21.553116,-12.023098,-1.9797503,4.6109896,69.82018,-493.5104,0.5475533,-17.074512,-283.14,280.9895,-7.552038,-23.599571
Toyota,Corolla Sedan,13.0,80890.0,4,Sedan,Mainstream,Normal,Automatic,0,1,0,0,0,0,16998.0,13862.875,3135.125,3135.125,18.44,108.53138,-25.365694,162.92969,-169.36798,-24.507135,-16.380537,-1.3901715,7.312081,-14.682654,-586.04913,26.404203,-104.25316,-255.77757,53.50229,-94.47246,-933.5669
Chevrolet,Spark,10.0,78800.0,4,Hatchback,Economy,Normal,Automatic,0,0,0,0,0,0,11500.0,11862.92,-362.919921875,362.919921875,-3.16,108.53138,-427.14883,449.91223,-1.5974103,-22.727943,-0.6639032,-1.3684254,16.459087,31.485271,-297.9843,-7.363645,-193.97649,-9.112976,67.87941,-193.99344,-481.67004
Toyota,Yaris,11.0,113540.0,4,Hatchback,Mainstream,Normal,Automatic,0,0,0,0,0,0,13000.0,14208.016,-1208.015625,1208.015625,-9.29,108.53138,-29.737278,-513.0028,17.040438,-39.49573,-16.907026,-0.113503516,7.7986126,-16.461155,-442.26144,10.0919,242.23125,24.572428,93.25859,-25.033363,-579.4878
Toyota,Prius Prime,6.0,29197.0,4,Hatchback,Mainstream,Normal,Automatic,0,0,0,1,0,0,25998.0,26771.254,-773.25390625,773.25390625,-2.97,108.53138,689.0127,-614.16565,13.12993,-48.518692,305.80356,-0.8732941,8.318469,3.737941,-417.5112,-134.52649,1540.315,181.26727,645.2596,-12.238425,2267.542
Subaru,Outback,3.0,43214.0,4,SUV,Mainstream,1std,Automatic,0,0,0,0,0,0,39921.0,39682.664,238.3359375,238.3359375,0.6,108.53138,-1853.0686,299.80643,7.589922,-16.598516,-13.104608,-1.9691303,33.078346,32.181618,-680.1213,58.0971,80.25648,99.72202,-4.463321,325.46765,-1524.5944
Mercedes-Benz,CLA,4.0,79980.0,4,Sedan,Luxury,Normal,Automatic,0,0,0,0,0,0,32267.0,38823.074,-6556.07421875,6556.07421875,-20.32,108.53138,436.69434,-186.94875,7.161636,-9.018781,-26.431683,-1.3531109,17.356186,250.21796,1008.3187,25.72848,133.7448,-446.23694,77.021645,-92.92648,1301.8594
Volkswagen,Atlas,3.0,30488.0,4,SUV,Mainstream,1std,Automatic,0,0,0,0,0,0,44900.0,42860.49,2039.51171875,2039.51171875,4.54,108.53138,635.8579,158.31996,8.535527,-22.036287,6.705571,-2.1866417,47.136124,52.05911,215.90944,-4.7317114,-32.25003,-357.66492,6.4412193,707.89514,1528.5219
Volkswagen,Atlas Cross Sport,5.0,36357.0,4,SUV,Mainstream,1std,Automatic,0,0,0,0,0,0,35900.0,35563.047,336.953125,336.953125,0.94,108.53138,211.65869,-174.48758,8.553619,-18.319485,-0.51180434,-1.5600022,36.244606,50.98773,254.37653,1.2450851,-114.68307,-332.03348,12.472481,318.90503,361.37973
Volkswagen,Golf R,2.0,13269.0,4,Hatchback,Mainstream,Normal,Automatic,0,0,1,0,0,0,52898.0,39042.99,13855.01171875,13855.01171875,26.19,108.53138,3551.6006,-2783.752,12.595921,9.263729,46.669914,-29.411423,21.462904,35.397003,593.3072,-119.46122,3345.7778,127.36271,1808.367,-81.93563,6645.7754
Nissan,Rogue,6.0,46398.0,4,SUV,Mainstream,Normal,Automatic,0,0,0,0,1,0,24398.0,21420.826,2977.173828125,2977.173828125,12.2,108.53138,1084.0352,-511.4924,7.228154,-33.830723,1.2626642,190.95352,6.063838,43.7687,517.71326,3.4361475,-473.88177,144.27898,16.823189,71.31546,1176.2054
Audi,Q3,3.0,12309.0,4,SUV,Luxury,Normal,Automatic,0,0,0,0,0,0,39868.0,50623.637,-10755.63671875,10755.63671875,-26.98,108.53138,-4465.8525,-349.14838,23.461763,-26.64591,18.501274,-1.9797503,19.500101,20.76345,-1041.058,-84.60854,252.38268,412.84784,-646.3009,-74.002266,-5833.608
BMW,X6,16.0,160450.0,6,SUV,Luxury,Normal,Automatic,0,0,0,0,0,0,12900.0,10037.559,2862.44140625,2862.44140625,22.19,108.53138,1569.9229,-1131.2654,8.716248,-36.54714,-57.3283,-0.08202924,35.826572,45.267414,-605.6245,44.137474,-320.56744,35.718277,-143.0708,-139.01411,-585.3795
Ford,Explorer,5.0,105017.0,6,SUV,Mainstream,Normal,Automatic,0,0,0,0,0,0,37999.0,35648.438,2350.5625,2350.5625,6.19,108.53138,-1040.5724,-196.24355,1.8055105,-25.372133,4.01953,-0.111787155,12.4467125,36.955173,-100.42286,7.545619,-79.05461,41.344215,-52.12186,-103.96399,-1385.215
Mercedes-Benz,GLE,3.0,23557.0,6,SUV,Luxury,Normal,Automatic,1,0,0,0,0,0,74995.0,80863.66,-5868.65625,5868.65625,-7.83,108.53138,4351.9077,89.061775,6.0081835,-27.52116,-15.504818,-2.0150945,2.5812633,-3549.4485,1142.367,-25.592474,-351.90872,1391.0024,55.01041,-140.45663,3034.0232
Ford,Escape,5.0,10109.0,4,SUV,Mainstream,Normal,Automatic,0,0,0,0,0,0,24999.0,30766.361,-5767.361328125,5767.361328125,-23.07,108.53138,-2118.5667,819.1247,10.40562,-35.447918,25.150301,-1.3531109,19.221329,22.830355,590.7348,-7.0043826,78.8243,657.8875,51.01307,-98.00632,123.344955
Audi,Q5,4.0,41390.0,4,SUV,Luxury,Normal,Automatic,0,0,0,0,0,0,41968.0,38598.883,3369.1171875,3369.1171875,8.03,108.53138,-2715.5237,518.81934,20.838348,-22.860283,-39.00128,-1.3531109,4.8114724,3.1214373,-766.7021,-63.615707,138.99173,238.31857,-324.03967,-28.163696,-2927.827
Mazda,Mazda3,10.0,112104.0,4,Sedan,Mainstream,Normal,Automatic,0,0,0,0,0,0,16968.0,14633.802,2334.1982421875,2334.1982421875,13.76,108.53138,-390.038,595.16583,16.268969,-20.223188,-3.8371615,-0.69892555,7.0010767,33.174965,-260.23688,7.782472,-27.197203,190.31975,-15.085547,5.446495,246.37402
Audi,Q3,8.0,102954.0,4,SUV,Luxury,Normal,Automatic,0,0,0,0,0,0,21968.0,21025.52,942.48046875,942.48046875,4.29,108.53138,967.0242,-583.03534,23.637497,-22.903193,-3.4315052,-0.07644282,7.2132525,47.39999,-208.33514,-62.635826,-282.16666,113.23685,-74.888535,-72.431725,-42.86123
RAM,ProMaster City Cargo Van,6.0,91879.0,6,Van,Mainstream,Normal,Automatic,0,0,0,0,0,0,24985.0,31630.293,-6645.29296875,6645.29296875,-26.6,108.53138,-720.0395,-2003.4191,9.8700695,-30.705778,2.8280623,-1.385542,48.305595,40.848392,-1752.1246,11.669751,545.5138,349.19733,-36.5642,-38.39233,-3465.8665
Toyota,Sienna,2.0,38762.0,4,Minivan,Mainstream,Normal,Automatic,1,0,0,0,0,0,53888.0,56705.082,-2817.08203125,2817.08203125,-5.23,108.53138,122.26502,-871.4391,11.175306,0.5129171,-14.472044,-2.3839693,4.8482876,-230.39844,757.7498,16.064995,-35.094723,26.813034,55.362236,-24.51145,-74.97674
Mitsubishi,Outlander,3.0,39400.0,4,SUV,Economy,Normal,Automatic,0,0,0,0,0,0,32998.0,31708.023,1289.9765625,1289.9765625,3.91,108.53138,-540.93335,-208.56038,-6.0300326,-22.732252,-12.853787,-1.9797503,4.616968,69.848915,-327.81375,-2.5597212,37.38756,-13.05867,164.53313,-49.861855,-801.4656
Hyundai,Santa Fe,5.0,78798.0,4,SUV,Economy,Normal,Automatic,0,0,0,0,0,0,26995.0,23389.742,3605.2578125,3605.2578125,13.36,108.53138,304.40247,-206.40575,-5.9463186,-26.036106,-3.3092582,-1.3531109,5.8070183,38.93399,-38.55615,25.264574,24.571327,-21.394373,135.2931,-145.30577,194.49704
Lexus,RX,3.0,21593.0,4,SUV,Luxury,Normal,Automatic,1,0,0,0,0,0,65299.0,54513.258,10785.7421875,10785.7421875,16.52,108.53138,-1291.7719,251.56111,8.049913,-29.55703,-27.949574,-1.9797503,-15.840723,-1123.4557,-922.62103,-38.17897,-0.15844226,6.0598145,-125.00106,1.9012871,-3200.4102
Audi,Q5,9.0,167950.0,4,SUV,Luxury,Normal,Automatic,0,0,0,0,0,0,14363.0,15424.748,-1061.748046875,1061.748046875,-7.39,108.53138,379.7001,56.83087,23.78979,-24.86823,8.04136,-0.035928816,5.452551,46.111145,-279.65665,-32.78854,-264.51825,359.362,-23.126318,-78.688736,284.13657
Kia,Forte,14.0,11599.0,4,Sedan,Economy,Normal,Automatic,0,0,0,0,0,0,11599.0,4183.831,7415.1689453125,7415.1689453125,63.93,108.53138,-1921.4536,100.60495,40.32994,-110.38,22.73426,-1.3901715,15.410698,86.70906,2349.8635,-78.7438,183.4823,738.87146,563.0242,0.32233524,2097.9167
Honda,CR-V,11.0,80000.0,4,SUV,Mainstream,Normal,Automatic,0,0,1,0,0,0,11555.0,17630.486,-6075.486328125,6075.486328125,-52.58,108.53138,611.7013,149.73909,14.725695,681.9537,-6.7281685,-8.13367,4.7805576,36.33631,-402.10504,1.2984427,-22.696184,-152.96571,-36.514137,-118.43725,861.4863
Honda,CR-V,11.0,80000.0,4,SUV,Mainstream,Normal,Automatic,0,0,1,0,0,0,11555.0,17630.486,-6075.486328125,6075.486328125,-52.58,108.53138,611.7013,149.73909,14.725695,681.9537,-6.7281685,-8.13367,4.7805576,36.33631,-402.10504,1.2984427,-22.696184,-152.96571,-36.514137,-118.43725,861.4863
Kia,Forte,14.0,63000.0,4,Sedan,Economy,Normal,Automatic,0,0,0,0,0,0,15999.0,8810.835,7188.1650390625,7188.1650390625,44.93,108.53138,-1066.7034,-655.6346,17.582512,-99.61393,-0.3323672,-1.3901715,8.223128,78.35711,-52.844566,15.756052,20.95848,50.31777,126.22791,-49.72386,-1500.2885
Honda,Pilot,7.0,112468.0,6,SUV,Mainstream,2std,Automatic,0,0,0,0,0,1,35350.0,29652.885,5697.115234375,5697.115234375,16.12,108.53138,65.1641,13.04144,61.832134,-15.369147,4.9149504,-0.111787155,-583.18835,-149.06242,-711.5734,-9.520867,346.33646,-194.90129,-58.424038,-740.2015,-1862.5323
Lexus,NX,3.0,21692.0,4,SUV,Luxury,Normal,Automatic,0,0,0,0,0,0,47988.0,51968.754,-3980.75390625,3980.75390625,-8.3,108.53138,-907.3364,202.36035,8.09782,-29.724033,-24.162954,-1.9797503,13.169603,280.58325,6.28755,-38.012573,3.20341,-8.458405,-156.6223,-4.683216,-548.74634
Nissan,Qashqai,4.0,50580.0,4,SUV,Mainstream,Normal,Automatic,0,0,0,0,0,0,19898.0,25042.113,-5144.11328125,5144.11328125,-25.85,108.53138,-288.39304,-383.44168,5.025044,-26.49295,-25.595404,-1.3531109,4.0199375,38.727486,515.20135,4.6956034,-421.3905,119.49595,-8.69362,76.45912,-283.2044
Hyundai,Kona Electric,3.0,66466.0,4,SUV,Economy,Normal,Automatic,0,0,0,0,0,0,29678.0,27631.809,2046.19140625,2046.19140625,6.89,108.53138,-363.5608,61.916748,-7.5794053,-33.29268,-12.143442,-1.9797503,4.2498837,40.850773,-63.72238,11.347978,102.554245,67.58772,208.91498,-75.43714,48.238174
Subaru,WRX,3.0,34870.0,4,Sedan,Mainstream,1std,Manual,0,0,0,0,0,0,34595.0,36364.93,-1769.9296875,1769.9296875,-5.12,108.53138,591.4146,-218.04552,6.464685,-17.335424,-27.59424,-1.9359545,47.036545,49.96338,-645.9759,-134.71214,75.50609,-100.884094,8.8820915,-15.489853,-274.17438
Subaru,WRX,4.0,42360.0,4,Sedan,Mainstream,1std,Manual,0,0,0,0,0,0,27995.0,34864.207,-6869.20703125,6869.20703125,-24.54,108.53138,-1570.6213,62.10629,10.185605,-17.182444,-39.559536,-1.3380766,32.91333,18.145779,-853.11694,-393.81152,-59.655636,167.5716,-19.378122,-165.94814,-2721.158
Toyota,4-Runner,2.0,18351.0,6,SUV,Mainstream,Normal,Automatic,0,0,0,0,0,0,69995.0,62054.703,7940.296875,7940.296875,11.34,108.53138,3272.417,-902.19653,12.400609,9.857307,17.692848,-2.4193137,94.63235,-73.85942,4283.1006,-14.809958,1012.2958,1433.2991,91.453545,-79.2273,9263.167
Toyota,RAV 4,7.0,118660.0,4,SUV,Mainstream,Normal,Automatic,0,0,0,0,0,0,28995.0,27570.664,1424.3359375,1424.3359375,4.91,108.53138,234.3167,-264.7446,6.893362,-24.180805,-16.628067,-0.07644282,7.30007,-17.336061,-153.20874,11.977572,25.447695,37.519295,-29.950047,-48.469395,-122.608086
Lexus,RX,4.0,75722.0,4,SUV,Luxury,Normal,Automatic,1,0,0,0,0,0,54998.0,45326.824,9671.17578125,9671.17578125,17.58,108.53138,2754.29,477.7683,6.448877,-20.02159,-39.74479,-1.3531109,-1.205506,-444.7536,1820.1992,26.871738,274.2752,70.41424,109.17791,-49.411198,5091.487
Nissan,Kicks Play,2.0,2930.0,4,SUV,Mainstream,Normal,Automatic,0,0,0,0,0,0,23655.0,35588.562,-11933.5625,11933.5625,-50.45,108.53138,-192.14569,1650.783,-7.9688573,-30.108974,52.933334,-2.3795836,26.652002,33.28641,-917.4146,130.00476,-119.9348,-285.76147,-14.354034,-118.84857,313.27402
Nissan,Rogue,3.0,11763.0,4,SUV,Mainstream,Normal,Automatic,0,0,0,0,0,0,29999.0,27918.82,2080.1796875,2080.1796875,6.93,108.53138,-2715.9304,224.4843,11.069363,-35.790672,18.675112,-1.9797503,17.289062,29.373703,-98.139145,-17.313765,-268.83472,282.8609,264.17545,32.393486,-2149.1355
BMW,2 Series,7.0,36618.0,4,Coupe,Luxury,Normal,Automatic,0,0,0,0,0,0,32650.0,42552.543,-9902.54296875,9902.54296875,-30.33,108.53138,1085.7266,315.875,-8.691877,-22.59023,-147.875,-1.3531109,32.69732,68.72542,-1801.2466,42.50597,911.068,49.479183,-69.84902,-144.14737,418.8556
Honda,Accord Hybrid,7.0,115636.0,4,Sedan,Mainstream,Normal,Automatic,1,0,0,0,0,0,24999.0,23224.375,1774.625,1774.625,7.1,108.53138,790.7558,-113.99579,-1.7524723,-14.213781,-5.5263157,-0.07644282,5.6785674,-477.0493,-8.212693,-8.24529,17.424723,19.576336,-99.19716,37.73968,251.43729
Audi,Q3,2.0,14725.0,4,SUV,Luxury,Normal,Automatic,0,0,0,0,0,0,44999.0,50995.684,-5996.68359375,5996.68359375,-13.33,108.53138,736.7675,-1017.1945,28.11347,-1.5518352,6.2555466,-2.3839693,19.463165,22.928009,-4.5890045,-83.77043,126.99283,280.62143,-385.55417,-88.99446,-254.36505
Nissan,Murano,9.0,123200.0,6,SUV,Mainstream,1std,Automatic,0,0,0,0,0,0,15998.0,16410.557,-412.556640625,412.556640625,-2.58,108.53138,-318.5229,174.33127,11.021999,-24.364105,5.1972857,-0.107849136,38.379364,54.342564,-292.57425,15.9222765,-350.9807,290.00244,-72.47295,-269.52905,-630.82324
Mitsubishi,Eclipse Cross,7.0,112000.0,4,Coupe,Economy,Normal,Automatic,0,0,0,0,0,0,19998.0,19654.219,343.78125,343.78125,1.72,108.53138,-895.2091,39.461918,-26.914381,-20.387201,-13.818282,-0.07644282,8.138592,124.85978,-939.433,14.517952,173.92534,627.6521,266.83957,-129.55421,-661.46594
Volkswagen,Tiguan,1.0,21435.0,4,SUV,Mainstream,Normal,Automatic,0,0,0,0,0,0,40899.0,40164.855,734.14453125,734.14453125,1.8,108.53138,-788.3304,-993.11194,13.68544,8.785752,16.314312,-3.131841,56.73762,65.215866,227.34573,-31.8134,-108.31948,-354.02274,31.127285,-167.55756,-1918.5438
Buick,Encore GX,2.0,40885.0,4,SUV,Near-luxury,Normal,Automatic,0,0,0,0,0,0,30899.0,31783.438,-884.4375,884.4375,-2.86,108.53138,931.8382,-1967.7609,6.4729123,-4.7702956,-5.197075,-2.3839693,4.325207,45.728943,-205.99023,0.4085572,13.901052,95.633514,81.300446,-52.368607,-950.3308
Volkswagen,Tiguan,5.0,75008.0,4,SUV,Mainstream,Normal,Automatic,0,0,0,0,0,0,26899.0,24719.236,2179.763671875,2179.763671875,8.1,108.53138,438.78793,-122.561455,7.417983,-20.269169,7.063915,-2.1009824,5.619766,37.380127,84.283875,27.415583,59.576107,-233.10458,-79.39811,-163.43555,155.20679
Toyota,RAV 4,4.0,60625.0,4,SUV,Mainstream,Normal,Automatic,0,1,0,0,0,1,34450.0,35126.387,-676.38671875,676.38671875,-1.96,108.53138,371.77786,207.98573,-75.612335,-22.837938,-39.965015,-1.3531109,-156.53596,-13.68762,-333.6909,5.868286,222.29158,-17.897003,18.887373,26.417038,300.17938
RAM,1500,2.0,22600.0,8,Pickup Truck,Mainstream,Normal,Automatic,0,0,0,0,0,0,82499.0,81535.41,963.59375,963.59375,1.17,108.53138,1033.7485,433.43973,11.430653,-30.37475,3.9371247,-1.8474822,34.003002,37.73986,917.10486,-1.5877148,-751.4872,-401.6398,44.04411,-214.82668,1222.2158
Jeep,Compass,8.0,146177.0,4,SUV,Mainstream,Normal,Automatic,0,0,0,0,0,0,19999.0,16115.164,3883.8359375,3883.8359375,19.42,108.53138,488.401,-314.3229,-24.872961,-31.605883,4.56505,-0.035928816,5.4168015,36.070805,-29.573929,9.86723,-120.15388,72.61171,-13.000566,-85.83451,106.06342
Acura,MDX,15.0,165000.0,6,SUV,Luxury,1std,Automatic,0,0,0,0,0,0,7500.0,9971.638,-2471.6376953125,2471.6376953125,-32.96,108.53138,-426.0098,998.2188,13.079195,-31.47017,23.232471,-0.07809122,43.59194,52.431046,-412.05554,25.83992,-169.28894,-280.93365,-39.345356,614.9314,520.6746
GMC,Sierra 1500,8.0,145175.0,8,Pickup Truck,Near-luxury,Normal,Automatic,0,0,0,0,0,0,27549.0,31681.287,-4132.287109375,4132.287109375,-15.0,108.53138,2641.817,-1795.1931,-9.489314,-57.908966,7.0132184,0.37524447,14.3638315,34.550095,999.9343,33.11389,195.21704,72.38396,84.485374,-463.1327,1866.061
Toyota,RAV 4 Hybrid,5.0,143937.0,4,SUV,Mainstream,Normal,Automatic,1,0,0,0,0,0,32999.0,31923.271,1075.728515625,1075.728515625,3.26,108.53138,-693.0379,-566.6629,5.9171534,-25.81914,-3.834822,-0.035928816,5.019544,-264.42297,270.0268,19.410288,64.889244,14.304522,-18.2374,-40.08519,-1124.0372
BMW,3 Series,4.0,34425.0,4,Sedan,Luxury,Normal,Automatic,0,0,0,0,0,0,49999.0,46593.56,3405.44140625,3405.44140625,6.81,108.53138,365.23062,197.92566,-5.147238,-16.232855,-91.60578,-1.3531109,33.855415,40.012043,-272.9769,-3.913438,948.834,-158.82504,-170.58777,-13.02266,960.7243
Mercedes-Benz,E-Class,8.0,110113.0,6,Sedan,Luxury,Normal,Automatic,0,0,0,0,0,0,41999.0,35130.7,6868.30078125,6868.30078125,16.35,108.53138,-526.5384,-187.8362,4.8215833,-12.830715,2.9203405,-0.111787155,32.701363,313.8324,1357.0315,10.159376,664.42596,1086.884,-11.004066,-43.49591,2799.491
Toyota,RAV 4,3.0,33178.0,4,SUV,Mainstream,Normal,Automatic,0,0,0,0,0,0,44999.0,38570.4,6428.6015625,6428.6015625,14.29,108.53138,225.06015,6.089147,14.071474,-27.983393,-37.724888,-1.9797503,7.0912514,-29.786015,58.01653,1.0735902,306.34448,-38.810715,-90.0013,-37.855103,462.13684
RAM,1500,9.0,161774.0,8,Pickup Truck,Mainstream,Normal,Automatic,0,0,0,0,0,0,15995.0,23956.934,-7961.93359375,7961.93359375,-49.78,108.53138,848.45325,332.17432,20.07418,-54.597054,23.7435,0.37524447,23.664452,33.51039,769.81793,34.893627,287.84723,-482.63055,-36.34802,-252.18195,1657.328
Ford,F-150,3.0,71849.0,6,Pickup Truck,Mainstream,Normal,Automatic,0,0,0,0,0,0,72635.0,55956.887,16678.11328125,16678.11328125,22.96,108.53138,110.17854,-837.6126,-20.112888,-23.373976,-4.713523,-1.9936112,5.170296,40.542072,1090.8586,-0.3006251,-184.46423,-133.13431,-89.402596,-182.43204,-122.25948
Hyundai,ACCENT,15.0,190965.0,4,Hatchback,Economy,Normal,Automatic,0,0,0,0,0,0,5902.0,2493.303,3408.697021484375,3408.697021484375,57.75,108.53138,427.84924,899.95374,-2.026025,-42.263096,12.163682,-0.046684906,1.4686185,32.36275,-229.93425,-15.258473,297.03915,195.94061,82.44865,-43.503967,1724.7255
Honda,CR-V,2.0,33648.0,4,SUV,Mainstream,Normal,Automatic,0,0,0,0,0,0,36902.0,36863.594,38.40625,38.40625,0.1,108.53138,-1132.841,-619.46814,-9.03758,3.698604,-0.8129317,-2.3839693,-0.5908034,44.70252,-847.7641,-42.996296,82.50934,16.602314,78.43123,-26.75264,-2348.172
Chevrolet,Colorado,7.0,247676.0,4,Pickup Truck,Economy,Normal,Automatic,0,0,0,0,0,0,16995.0,17051.645,-56.64453125,56.64453125,-0.33,108.53138,140.51797,857.3037,-20.975529,-23.669456,20.583971,0.24081244,3.5488474,36.076195,233.73225,-3.6001441,616.69104,281.75568,272.67407,-287.08792,2236.323
Chevrolet,Silverado 1500,9.0,270380.0,8,Pickup Truck,Economy,Normal,Automatic,0,0,0,0,0,0,13995.0,18985.932,-4990.931640625,4990.931640625,-35.66,108.53138,-187.45189,2374.0383,-71.418625,-51.032745,22.41604,0.37524447,-18.30132,11.250582,1434.3969,29.62275,685.77203,-548.264,425.5399,-502.94116,3712.5337
Honda,HR-V,2.0,8467.0,4,SUV,Mainstream,Normal,Automatic,0,0,0,0,0,0,35902.0,39882.0,-3980.0,3980.0,-11.09,108.53138,1359.1538,-315.86877,-3.1232634,-4.002927,47.871582,-2.3795836,16.604158,42.448208,-1743.5831,-151.65639,167.66724,237.99698,883.31165,-109.09296,533.87787
Kia,Forte,14.0,198000.0,4,Sedan,Economy,Normal,Automatic,0,0,0,0,0,0,10999.0,3615.9114,7383.088623046875,7383.088623046875,67.13,108.53138,36.60355,348.33975,2.3775182,-29.11546,13.5365925,-0.046684906,3.6208975,52.014984,187.24316,25.450235,37.228943,104.88845,155.25806,-69.23427,976.69714
Mercedes-Benz,AMG GT,11.0,37900.0,8,Coupe,Luxury,3std,Automatic,0,0,0,0,0,0,25200.0,84204.47,-59004.46875,59004.46875,-234.14,108.53138,1440.7773,2582.3901,20.1307,-144.5358,10.65381,-1.2542176,49.065067,151.91377,6205.176,-19.375576,3330.3088,4921.387,140.59106,4037.4248,22833.184
Hyundai,Palisade,6.0,64000.0,6,SUV,Economy,1std,Automatic,0,0,0,0,0,0,36000.0,34042.746,1957.25390625,1957.25390625,5.44,108.53138,-739.2334,-35.32766,-25.685663,-24.101065,6.254374,-1.3778353,38.90628,62.217113,-234.37202,16.052011,21.896517,35.39943,296.10968,454.28214,-20.448692
Kia,Forte,14.0,121523.0,4,Sedan,Economy,Normal,Automatic,0,0,0,0,0,0,14399.0,6906.9434,7492.056640625,7492.056640625,52.03,108.53138,-473.4252,-167.14671,2.393314,-28.84378,-1.6926981,-0.113503516,9.283668,57.00209,269.7667,18.254026,36.219696,76.49966,163.93524,-31.632235,39.031685
Honda,CR-V,11.0,80000.0,4,SUV,Mainstream,Normal,Automatic,0,0,1,0,0,0,11555.0,17630.486,-6075.486328125,6075.486328125,-52.58,108.53138,611.7013,149.73909,14.725695,681.9537,-6.7281685,-8.13367,4.7805576,36.33631,-402.10504,1.2984427,-22.696184,-152.96571,-36.514137,-118.43725,861.4863
Honda,CR-V,11.0,80000.0,4,SUV,Mainstream,Normal,Automatic,0,0,1,0,0,0,11555.0,17630.486,-6075.486328125,6075.486328125,-52.58,108.53138,611.7013,149.73909,14.725695,681.9537,-6.7281685,-8.13367,4.7805576,36.33631,-402.10504,1.2984427,-22.696184,-152.96571,-36.514137,-118.43725,861.4863
Honda,CR-V,11.0,80000.0,4,SUV,Mainstream,Normal,Automatic,0,0,1,0,0,0,11555.0,17630.486,-6075.486328125,6075.486328125,-52.58,108.53138,611.7013,149.73909,14.725695,681.9537,-6.7281685,-8.13367,4.7805576,36.33631,-402.10504,1.2984427,-22.696184,-152.96571,-36.514137,-118.43725,861.4863
Toyota,Corolla iM,10.0,95000.0,4,Sedan,Mainstream,Normal,Automatic,0,0,0,0,0,0,16999.0,16649.264,349.736328125,349.736328125,2.06,108.53138,411.3456,139.93246,20.132442,-21.957705,-17.9659,-0.10462831,7.9177017,-18.264318,-408.13922,24.447943,111.24661,-81.267494,-5.86505,-53.51577,216.4741
BMW,X5,6.0,60000.0,6,SUV,Luxury,Normal,Automatic,0,0,0,0,0,0,51900.0,50502.035,1397.96484375,1397.96484375,2.69,108.53138,349.108,64.87282,-1.1579976,-21.923592,-61.313168,-1.3884553,39.54427,63.925266,-1058.6434,-5.2638054,-306.6459,642.6465,-170.66402,-131.27019,-489.64233
Ford,Escape,13.0,200300.0,4,SUV,Mainstream,Normal,Automatic,0,0,0,0,0,0,9400.0,5948.0327,3451.96728515625,3451.96728515625,36.72,108.53138,574.2566,2.8376446,14.573646,-34.970634,12.219619,-0.046684906,-8.243276,27.880241,997.55786,-10.709404,-110.19997,201.19437,18.793653,-133.13208,1660.543
Honda,Civic,10.0,122000.0,4,Sedan,Mainstream,Normal,Automatic,0,0,0,0,0,0,12999.0,15717.267,-2718.2666015625,2718.2666015625,-20.91,108.53138,93.16186,107.15066,7.082752,-15.879302,-4.66698,-0.09175725,5.5187864,31.797766,-200.86578,-2.82516,-7.3667755,49.35955,-14.583373,-12.613089,143.71053
GMC,Yukon,9.0,62494.0,8,SUV,Near-luxury,1std,Automatic,0,0,0,0,0,0,21500.0,56020.38,-34520.37890625,34520.37890625,-160.56,108.53138,2792.3684,1150.9307,32.30799,-38.7094,-22.508663,-1.2065369,58.788467,59.97039,945.0574,32.65775,-297.1293,199.24667,193.68753,3715.837,8929.83
Ford,Focus,11.0,147200.0,4,Hatchback,Mainstream,Normal,Automatic,0,0,0,0,0,0,9000.0,8464.332,535.66796875,535.66796875,5.95,108.53138,-966.6391,-383.25995,10.78494,-36.559547,13.042718,-0.046684906,6.49279,27.470001,231.63173,-25.033222,456.71533,150.05505,193.98186,-122.28943,-335.12213
Subaru,WRX,7.0,87654.0,4,Sedan,Mainstream,1std,Manual,0,0,0,0,0,0,18995.0,26402.531,-7407.53125,7407.53125,-39.0,108.53138,-430.59747,455.50238,10.621492,-18.213589,-2.1555002,-1.3351634,32.69166,46.35481,-40.405632,-27.784487,-185.97438,-33.996624,124.89424,31.310516,69.44363
Honda,CR-V,11.0,80000.0,4,SUV,Mainstream,Normal,Automatic,0,0,1,0,0,0,11555.0,17630.486,-6075.486328125,6075.486328125,-52.58,108.53138,611.7013,149.73909,14.725695,681.9537,-6.7281685,-8.13367,4.7805576,36.33631,-402.10504,1.2984427,-22.696184,-152.96571,-36.514137,-118.43725,861.4863
Honda,CR-V,11.0,80000.0,4,SUV,Mainstream,Normal,Automatic,0,0,1,0,0,0,11555.0,17630.486,-6075.486328125,6075.486328125,-52.58,108.53138,611.7013,149.73909,14.725695,681.9537,-6.7281685,-8.13367,4.7805576,36.33631,-402.10504,1.2984427,-22.696184,-152.96571,-36.514137,-118.43725,861.4863
Honda,CR-V,11.0,80000.0,4,SUV,Mainstream,Normal,Automatic,0,0,1,0,0,0,11555.0,17630.486,-6075.486328125,6075.486328125,-52.58,108.53138,611.7013,149.73909,14.725695,681.9537,-6.7281685,-8.13367,4.7805576,36.33631,-402.10504,1.2984427,-22.696184,-152.96571,-36.514137,-118.43725,861.4863
Lexus,RX,6.0,35972.0,4,SUV,Luxury,Normal,Automatic,0,0,0,0,0,0,16800.0,39364.387,-22564.38671875,22564.38671875,-134.31,108.53138,859.2402,-307.6627,7.9810977,-21.915527,-31.113842,-1.3531109,1.2101784,81.283615,588.10333,-4.3574495,-8.493385,91.97512,-173.89597,97.76322,1287.296
Jeep,Wrangler,10.0,223000.0,6,SUV,Mainstream,Normal,Automatic,0,0,0,0,0,0,14000.0,14552.48,-552.48046875,552.48046875,-3.95,108.53138,-600.0918,666.3474,-10.62941,-17.020727,13.734481,-0.07571785,-21.442533,37.99912,388.4719,8.260484,-93.953735,-179.9629,-20.900658,-59.420902,219.8464
Toyota,Corolla Sedan,1.0,8000.0,4,Sedan,Mainstream,Normal,Automatic,1,0,0,0,0,0,35000.0,41994.93,-6994.9296875,6994.9296875,-19.99,108.53138,1040.7124,1311.2073,24.4881,5.481438,55.217907,-2.3795836,58.80058,181.03394,1562.1067,130.56566,-229.77596,-185.01328,227.54865,-147.40987,4141.1157
Subaru,Ascent,8.0,142000.0,4,SUV,Mainstream,Normal,Automatic,0,0,0,0,0,0,21000.0,17765.129,3234.87109375,3234.87109375,15.4,108.53138,125.86758,-323.3851,10.149459,-16.271055,-2.8670478,-0.31175137,5.4168015,35.346596,-61.78464,0.63148075,-15.636395,98.62856,-11.637322,-30.726357,-78.04781
Mazda,CX-5,2.0,65000.0,4,SUV,Mainstream,Normal,Automatic,0,0,0,0,0,0,21000.0,32537.514,-11537.513671875,11537.513671875,-54.94,108.53138,-752.488,-588.2872,1.6055266,2.0243921,-0.11570057,-2.9911377,3.94616,47.773006,-290.88733,11.967508,89.653076,248.55121,90.70428,-27.09455,-1057.1075
GMC,Sierra 3500HD,5.0,17433.0,8,Pickup Truck,Near-luxury,1std,Automatic,0,0,0,0,0,0,83000.0,84907.086,-1907.0859375,1907.0859375,-2.3,108.53138,-4356.614,-2538.9102,-6.6201196,-96.261154,-22.08135,-1.1850536,88.78551,32.699722,-1486.1653,3.3720286,-68.79804,-1037.6505,247.5613,859.3459,-8273.989
Honda,CR-V,11.0,80000.0,4,SUV,Mainstream,Normal,Automatic,0,0,1,0,0,0,11555.0,17630.486,-6075.486328125,6075.486328125,-52.58,108.53138,611.7013,149.73909,14.725695,681.9537,-6.7281685,-8.13367,4.7805576,36.33631,-402.10504,1.2984427,-22.696184,-152.96571,-36.514137,-118.43725,861.4863
Kia,Sportage,2.0,10953.0,4,SUV,Economy,Normal,Automatic,0,0,0,0,0,0,41998.0,34246.21,7751.7890625,7751.7890625,18.46,108.53138,1416.3107,247.31917,2.6067522,-8.180127,35.57742,-2.3839693,20.03441,113.00974,1763.7292,-17.06162,90.17614,249.00194,794.24115,-69.997086,4742.915
Nissan,Rogue,10.0,173298.0,4,SUV,Mainstream,Normal,Automatic,0,0,0,0,0,0,12378.0,9446.879,2931.12109375,2931.12109375,23.68,108.53138,-112.75013,263.71075,14.412955,-29.960566,8.036767,-0.04037352,5.343965,33.266304,146.27753,10.186495,-289.4258,57.623272,-28.426287,-34.386845,152.39941
Audi,S5,13.0,66250.0,6,Coupe,Luxury,Normal,Automatic,0,0,0,0,0,0,23995.0,26447.354,-2452.353515625,2452.353515625,-10.22,108.53138,-1867.4032,-1148.2682,39.226295,-108.26941,-5.0451345,-1.4255159,12.357147,85.744934,-1435.2223,-49.59778,832.3412,-661.4824,85.51363,-170.68591,-4283.685
Audi,Q5,4.0,66000.0,4,SUV,Luxury,Normal,Automatic,0,0,0,0,0,0,36995.0,35087.555,1907.4453125,1907.4453125,5.16,108.53138,-826.25995,15.551446,19.921633,-22.540094,-25.238327,-1.3531109,4.7480226,30.647957,-618.87244,-52.972813,103.39375,65.26666,-70.25084,-63.71457,-1333.1411
Audi,Q5,6.0,86000.0,4,SUV,Luxury,Normal,Automatic,1,0,0,0,0,0,30995.0,30735.09,259.91015625,259.91015625,0.84,108.53138,371.0728,-521.99713,20.140743,-19.459387,-5.006288,-1.3501977,6.354825,-666.0758,-265.5972,-74.08911,-242.53775,68.54936,8.016058,-100.031006,-1313.4786
Honda,CR-V,11.0,80000.0,4,SUV,Mainstream,Normal,Automatic,0,0,1,0,0,0,11555.0,17630.486,-6075.486328125,6075.486328125,-52.58,108.53138,611.7013,149.73909,14.725695,681.9537,-6.7281685,-8.13367,4.7805576,36.33631,-402.10504,1.2984427,-22.696184,-152.96571,-36.514137,-118.43725,861.4863
Honda,CR-V,11.0,80000.0,4,SUV,Mainstream,Normal,Automatic,0,0,1,0,0,0,11555.0,17630.486,-6075.486328125,6075.486328125,-52.58,108.53138,611.7013,149.73909,14.725695,681.9537,-6.7281685,-8.13367,4.7805576,36.33631,-402.10504,1.2984427,-22.696184,-152.96571,-36.514137,-118.43725,861.4863
Buick,Enclave,15.0,122000.0,6,SUV,Near-luxury,2std,Automatic,0,0,0,0,0,0,6500.0,8882.049,-2382.048828125,2382.048828125,-36.65,108.53138,-153.57828,90.61013,163.14272,-41.344692,-12.012761,-0.14884785,25.827848,-144.9833,-374.4008,16.42886,274.5809,-369.13034,42.83979,10.737068,-362.90033
Buick,Envision,8.0,67000.0,4,SUV,Near-luxury,Normal,Automatic,0,0,0,0,0,0,21999.0,20801.629,1197.37109375,1197.37109375,5.44,108.53138,-80.54704,-547.8785,20.59241,-32.439213,-25.991434,-1.3531109,6.3581724,38.593586,-283.89154,9.644976,28.210926,109.78561,77.59398,-57.4377,-630.22754
Volkswagen,Golf SportWagen,8.0,130000.0,4,Hatchback,Mainstream,Normal,Manual,0,0,0,0,0,0,17900.0,19343.021,-1443.021484375,1443.021484375,-8.06,108.53138,261.15125,-801.17053,7.524665,-38.034344,6.852794,-0.23976454,5.041844,35.27601,351.33014,-228.68918,413.9484,62.15193,131.38115,-15.706233,299.3495
Ford,Police Interceptor Utility,8.0,221500.0,6,SUV,Mainstream,Normal,Automatic,0,0,0,0,0,0,8750.0,15492.774,-6742.7744140625,6742.7744140625,-77.06,108.53138,737.08746,-471.0207,5.1586804,-23.35917,16.990788,-0.07127315,-20.846077,36.22376,-96.112206,0.25829178,-176.2776,-361.01794,45.850998,-98.51938,-297.12296
Chevrolet,Avalanche,16.0,311800.0,Unknown,Unknown,Economy,Normal,Automatic,0,0,0,0,0,0,7100.0,3949.1584,3150.841552734375,3150.841552734375,44.38,108.53138,9806.221,2897.3394,-22.90465,-38.52884,15.698267,-0.046684906,-1.3747785,-525.41473,5.008829,38.419655,7491.062,-37.78235,-259.28867,-107.60092,19369.336
Mercedes-Benz,Sprinter Cab Chassis,10.0,81102.0,4,Van,Luxury,Normal,Automatic,0,0,0,0,0,0,25400.0,35441.88,-10041.87890625,10041.87890625,-39.53,108.53138,29.175558,925.8199,22.126308,-29.673018,-3.2176101,-1.3684254,73.734604,242.09077,1007.5378,6.998315,-499.39355,-174.61032,-354.03616,-130.75279,1222.9626
BMW,X5,6.0,41300.0,6,SUV,Luxury,Normal,Automatic,1,0,0,0,0,0,56999.0,57893.49,-894.48828125,894.48828125,-1.57,108.53138,-4721.8677,-626.2435,-0.49287724,-22.129314,-78.77963,-1.3884553,38.816807,-653.7647,-1654.201,0.5888094,-278.70782,234.3564,-404.0294,-103.29552,-8162.6074
Dodge,Grand Caravan,9.0,80000.0,6,Minivan,Mainstream,Normal,Automatic,0,0,0,0,0,0,21599.0,19280.549,2318.451171875,2318.451171875,10.73,108.53138,2009.4591,2316.0923,15.304743,-36.84089,-6.4268117,-1.3884553,12.311616,43.356087,2382.619,37.7734,-157.34692,278.38416,-73.770454,-119.969505,6808.0884
Toyota,86,10.0,30990.0,Unknown,Unknown,Mainstream,Normal,Manual,0,0,0,0,0,0,31000.0,38706.54,-7706.5390625,7706.5390625,-24.86,108.53138,-512.5365,1776.1118,32.92767,-47.526424,-28.45003,-1.364011,10.049558,-934.2937,-1421.4833,-888.28375,-5853.5386,646.7559,-372.75687,61.72219,-7424.135
BMW,X2,5.0,48000.0,4,SUV,Luxury,Normal,Automatic,0,0,0,0,0,0,34000.0,38998.93,-4998.9296875,4998.9296875,-14.7,108.53138,-3148.9653,-288.87363,3.8742907,-22.262127,-62.517563,-1.3531109,32.664364,694.58575,-1637.9772,1.6633081,-306.9969,254.13657,-639.2251,-100.32226,-5113.038
Toyota,Tundra,19.0,46500.0,6,Pickup Truck,Mainstream,Normal,Automatic,0,0,0,0,0,0,9300.0,19295.414,-9995.4140625,9995.4140625,-107.48,108.53138,-939.7957,-9182.522,24.342945,-114.6122,-4.5371547,-1.4040326,591.93896,5.3991795,-1271.8744,-12.647992,-5523.692,-1859.6057,159.50832,-60.949203,-18081.92
Audi,A4 Allroad Quattro,9.0,118000.0,4,Sedan,Luxury,Normal,Automatic,0,0,0,0,0,0,25900.0,17038.38,8861.619140625,8861.619140625,34.21,108.53138,982.9806,-49.33056,28.78328,-19.108295,-3.3338628,-0.07644282,7.8716636,33.162743,35.502964,-34.412777,-81.067444,83.81473,-79.22168,-49.69168,964.40466
RAM,2500,7.0,55300.0,8,Pickup Truck,Mainstream,Normal,Automatic,0,0,0,0,0,0,19500.0,42202.695,-22702.6953125,22702.6953125,-116.42,108.53138,-2631.7937,-808.1575,39.49538,-60.872997,0.45609578,-1.1956736,27.336477,44.5611,-1079.4677,12.434146,-558.2936,-894.7972,26.108522,-186.12808,-5961.7837
BMW,5 Series,1.0,20207.0,4,Sedan,Luxury,Normal,Automatic,0,0,0,0,0,0,68995.0,65037.957,3957.04296875,3957.04296875,5.74,108.53138,-891.5336,790.4133,7.950998,12.91852,-70.96646,-2.3839693,83.67268,65.82288,213.2611,-26.71717,988.41864,-419.44937,-81.62212,-189.939,588.37787
BMW,X3,3.0,53953.0,4,SUV,Luxury,Normal,Automatic,0,0,0,0,0,0,48995.0,48236.934,758.06640625,758.06640625,1.55,108.53138,-1453.7795,13.792627,2.1009579,-22.047379,-81.15418,-1.9797503,31.171816,58.21055,-1003.06384,1.3118744,-54.91516,61.286133,-116.73301,-137.42552,-2594.6929
BMW,3 Series,1.0,16552.0,4,Sedan,Luxury,Normal,Automatic,0,0,0,0,0,0,76899.0,66449.81,10449.1875,10449.1875,13.59,108.53138,1582.6538,-1768.3345,15.334011,13.1539,-69.3546,-2.3839693,84.09461,54.17056,250.18156,-23.595573,981.1867,-173.46118,-135.33873,-181.307,735.531
BMW,X1,3.0,31037.0,4,SUV,Luxury,Normal,Automatic,0,0,0,0,0,0,39899.0,50154.156,-10255.15625,10255.15625,-25.7,108.53138,-443.51746,64.55938,3.6069136,-27.748549,-80.22594,-1.9797503,33.26618,49.804768,-1397.8602,-9.167232,-299.26532,-37.180878,-165.43388,-116.27846,-2318.889
Chevrolet,Traverse,4.0,71910.0,6,SUV,Economy,Normal,Automatic,0,0,0,0,0,0,39900.0,38556.66,1343.33984375,1343.33984375,3.37,108.53138,-85.404465,14.706645,-48.858738,-22.052685,-3.2477822,-1.3884553,14.73865,24.075768,-187.60646,8.164941,87.23532,182.48813,225.32481,-97.1983,219.50876
Volkswagen,Taos,1.0,6480.0,4,SUV,Mainstream,Normal,Automatic,0,0,0,0,0,0,40179.0,40607.273,-428.2734375,428.2734375,-1.07,108.53138,451.69238,1087.9812,25.434155,5.9173436,65.66859,-3.127455,56.698456,68.88476,949.3713,124.65544,18.044048,-211.39615,-35.185276,-292.1266,2421.0437
RAM,3500,3.0,29857.0,8,Pickup Truck,Mainstream,Normal,Automatic,0,0,0,0,0,0,73895.0,67284.34,6610.65625,6610.65625,8.95,108.53138,-1459.2928,394.46088,36.884575,-66.78004,-9.02523,-1.443263,20.995325,39.59892,950.9484,15.01849,-507.23367,-891.3101,25.720661,-165.8229,-1508.7495
RAM,1500,4.0,47024.0,8,Pickup Truck,Mainstream,Normal,Automatic,0,0,0,0,0,0,45978.0,52568.77,-6590.76953125,6590.76953125,-14.33,108.53138,-2235.1777,159.14682,41.116558,-64.615295,-23.239836,-1.1956736,18.870823,52.659023,790.55786,25.531061,-168.33182,-1890.3622,7.676298,-177.63867,-3356.4714
Dodge,Durango,6.0,66767.0,6,SUV,Mainstream,Normal,Automatic,0,0,0,0,0,0,54981.0,37943.348,17037.65234375,17037.65234375,30.99,108.53138,-1010.955,134.77217,2.1052525,-40.439335,-1.278769,-1.3884553,11.867552,42.93494,743.89014,26.446135,268.88138,776.5932,-30.782316,-51.730145,979.4481
GMC,Terrain,10.0,123282.0,4,SUV,Near-luxury,Normal,Automatic,0,0,0,0,0,0,16599.0,15018.31,1580.6904296875,1580.6904296875,9.52,108.53138,157.38194,-1273.9873,17.947445,-35.101814,-21.623383,-0.09175725,5.2184224,34.592285,805.74854,8.126993,18.623123,134.2997,89.179855,-212.1378,-163.29254
Hyundai,Sonata,9.0,90080.0,4,Sedan,Economy,Normal,Automatic,0,0,0,0,0,0,15995.0,13351.511,2643.4892578125,2643.4892578125,16.53,108.53138,-708.6555,509.43503,8.307972,-25.974054,-3.4693036,-1.3501977,7.1672316,31.6362,-125.46857,11.710611,-120.3503,-34.22065,364.5545,-42.527855,-20.673546
Kia,Seltos,4.0,26647.0,4,SUV,Economy,Normal,Automatic,0,0,0,0,0,0,25521.0,29297.113,-3776.11328125,3776.11328125,-14.8,108.53138,-83.46654,246.42174,-2.4624238,-33.640488,-23.308737,-1.3531109,7.3665504,62.375904,444.72043,-22.080488,-115.88224,4.261818,161.7662,-47.678505,705.5715
Volkswagen,Golf R,3.0,22583.0,4,Hatchback,Mainstream,Normal,Automatic,0,0,0,0,0,0,44995.0,36183.24,8811.76171875,8811.76171875,19.58,108.53138,3333.4446,79.50578,-2.6321988,-31.509851,5.173888,-2.7276218,21.94286,33.057602,79.07724,-121.4043,3092.504,-132.51364,1459.9647,-109.93131,7812.4834
Volkswagen,Golf R,8.0,97048.0,4,Hatchback,Mainstream,Normal,Automatic,0,0,0,0,0,0,28995.0,20846.975,8148.025390625,8148.025390625,28.1,108.53138,-1090.6041,-514.3928,3.543817,-24.317055,5.8956423,-0.8371853,6.690692,35.38546,37.738327,-5.442359,133.33034,-94.18438,160.94537,-52.59982,-1290.3168
Jeep,Grand Cherokee,6.0,38163.0,6,SUV,Mainstream,Normal,Automatic,0,0,0,0,0,0,34999.0,38722.336,-3723.3359375,3723.3359375,-10.64,108.53138,466.18054,-55.41704,-31.178797,-21.1732,3.4617202,-1.3884553,12.731438,41.97878,-999.95154,-1.8166829,-19.363625,460.1659,-0.5879569,-11.009048,-48.836617
Kia,Niro EV,4.0,71924.0,4,SUV,Economy,Normal,Automatic,0,0,0,0,0,0,26988.0,25540.496,1447.50390625,1447.50390625,5.36,108.53138,-97.77619,-20.403065,-5.552456,-19.118994,-23.322313,-1.3531109,5.606083,61.83981,288.81384,13.44466,90.26666,103.2184,214.29584,-45.10691,673.3836
Hyundai,Elantra,16.0,111000.0,4,Sedan,Economy,Normal,Automatic,0,0,0,0,0,0,5500.0,6380.9106,-880.91064453125,880.91064453125,-16.02,108.53138,390.33386,-798.4019,7.7850842,-37.812202,-4.089999,-0.113503516,7.7717285,33.64936,-134.23943,38.67989,134.13918,7.701311,176.68192,-39.58684,-108.97013
Chevrolet,Aveo,16.0,53919.0,4,Hatchback,Economy,Normal,Automatic,0,0,0,0,0,0,6999.0,5722.088,1276.912109375,1276.912109375,18.24,108.53138,-1321.7444,-1440.2197,11.424389,-109.96274,-0.069447026,-1.3901715,16.896772,37.631084,-406.86395,-45.01323,-43.65733,151.0008,78.69918,-106.816666,-3071.5537
Toyota,RAV 4 Prime,4.0,23707.0,4,SUV,Mainstream,Normal,Automatic,1,0,0,0,0,0,47500.0,45297.242,2202.7578125,2202.7578125,4.64,108.53138,2157.8555,204.96645,11.90024,-57.65167,-37.213215,-1.3531109,20.54397,-47.63143,1178.0304,-15.60284,456.57977,-117.05636,10.805277,-42.66275,3830.0417
Ford,Mustang Convertible,20.0,130946.0,8,Coupe,Mainstream,Normal,Automatic,0,1,0,0,0,0,17999.0,12914.4,5084.599609375,5084.599609375,28.25,108.53138,-1832.6492,4041.4001,560.6856,-72.70033,25.442055,0.020928558,107.037994,72.73425,-169.70651,52.591316,-636.60046,393.53387,81.90936,-265.59103,2466.6396
Nissan,Rogue,3.0,47955.0,4,SUV,Mainstream,Normal,Automatic,0,1,0,0,0,0,25500.0,25686.355,-186.35546875,186.35546875,-0.73,108.53138,-1640.5398,-480.99335,-45.136414,-24.799799,-11.739235,-1.9797503,4.0868416,703.3343,466.0707,3.7028635,-543.4988,103.81192,174.36565,78.64145,-1106.1422
Nissan,Rogue,3.0,16614.0,4,SUV,Mainstream,Normal,Automatic,0,1,0,0,0,0,24500.0,27137.746,-2637.74609375,2637.74609375,-10.77,108.53138,950.1813,-1167.0594,-210.06712,-29.029598,-4.6555634,-1.9797503,17.562082,21.018341,0.5895405,-21.41316,-396.82413,-11.051117,47.133915,37.837067,-659.2263
Volkswagen,Tiguan,3.0,58655.0,4,SUV,Mainstream,Normal,Automatic,0,1,0,0,0,0,31500.0,29150.176,2349.82421875,2349.82421875,7.46,108.53138,-697.369,-202.02118,-56.708694,-20.96047,-2.1413298,-2.7276218,4.272764,47.609287,-8.2830305,-1.1419665,59.892715,-219.89618,45.69302,-63.898396,-1009.1487
Hyundai,Palisade,3.0,30855.0,6,SUV,Economy,1std,Automatic,0,1,0,0,0,0,43995.0,47637.11,-3642.109375,3642.109375,-8.28,108.53138,-211.1884,312.10345,360.04422,-77.54095,-4.0125384,-2.0044746,47.062775,56.41764,-1039.2626,60.61156,-144.65942,551.4447,474.60983,350.8337,842.9909
Volkswagen,Atlas Cross Sport,3.0,44364.0,4,SUV,Mainstream,1std,Automatic,0,1,0,0,0,0,40500.0,41918.23,-1418.23046875,1418.23046875,-3.5,108.53138,-1800.2368,438.47855,-68.40385,-16.319506,-0.2135807,-2.1866417,33.040314,31.997253,153.09756,4.78797,29.46117,-183.03502,-26.204655,793.8021,-503.4038
Nissan,Rogue,3.0,12452.0,4,SUV,Mainstream,Normal,Automatic,0,0,0,0,0,0,22995.0,27539.9,-4544.900390625,4544.900390625,-19.76,108.53138,-2972.4956,224.41048,9.129684,-35.790672,18.675112,-1.9797503,17.565208,31.178625,43.801384,-17.313765,-166.11996,321.49066,339.79642,32.677803,-2046.4432
Nissan,Kicks,3.0,19676.0,4,SUV,Mainstream,Normal,Automatic,0,1,0,0,0,0,20995.0,26633.857,-5638.857421875,5638.857421875,-26.86,108.53138,270.93845,1267.9238,-65.986786,-29.264977,-10.335262,-1.9797503,17.140121,32.31315,-53.16645,-24.573273,-464.83447,-142.97171,-44.030552,22.124208,881.8279
Jeep,Grand Cherokee L,3.0,27157.0,6,SUV,Mainstream,Normal,Automatic,0,0,0,0,0,0,48995.0,49283.98,-288.98046875,288.98046875,-0.59,108.53138,486.25885,-228.88083,-44.264187,-25.14028,-5.347625,-2.0150945,5.907786,32.80271,-1044.7123,-21.39243,-48.241955,675.6857,-10.319661,-81.04233,-202.17023
GMC,Sierra 1500,3.0,32703.0,8,Pickup Truck,Near-luxury,Normal,Automatic,0,1,0,0,0,0,42995.0,56942.547,-13947.546875,13947.546875,-32.44,108.53138,291.62378,-43.269394,543.8223,-65.883415,-11.916846,-1.443263,11.386023,39.939144,844.98083,14.013868,-1.6929197,-1034.9878,265.8657,-21.53086,939.4387
Volkswagen,Jetta,2.0,18293.0,4,Sedan,Mainstream,Normal,Automatic,0,1,0,0,0,0,23995.0,27129.877,-3134.876953125,3134.876953125,-13.06,108.53138,150.00554,-960.0535,-155.39102,11.869704,13.050002,-3.131841,22.044071,27.674334,-50.49198,-26.227385,-175.48538,-357.5244,116.15372,-86.17943,-1365.1562
Nissan,Sentra,3.0,38538.0,4,Sedan,Mainstream,Normal,Automatic,0,0,0,0,0,0,19995.0,20600.686,-605.685546875,605.685546875,-3.03,108.53138,22.503004,-666.6959,4.7797008,-20.227835,-12.249067,-1.9797503,4.9707937,39.83513,355.14206,1.5749826,-486.45688,-251.06479,41.19459,68.655685,-791.487
Kia,Sorento,9.0,79889.0,4,SUV,Economy,Normal,Automatic,0,0,0,0,0,0,14595.0,16703.742,-2108.7421875,2108.7421875,-14.45,108.53138,780.78186,1140.984,9.923939,-19.751535,-1.4294127,-1.3531109,7.8235264,74.18203,53.42109,22.662163,-22.363815,66.198586,131.4734,-150.9769,2200.1072
Jeep,Cherokee,1.0,6239.0,4,SUV,Mainstream,Normal,Automatic,1,0,0,0,0,0,54998.0,46382.996,8615.00390625,8615.00390625,15.66,108.53138,354.3868,646.4058,-156.5601,4.9060206,43.100105,-2.3795836,55.75069,-861.32935,193.01082,124.44839,-11.477282,39.9559,-64.40415,-219.477,254.86838
Jeep,Compass,3.0,27216.0,4,SUV,Mainstream,Normal,Automatic,0,0,0,0,0,0,29449.0,31128.648,-1679.6484375,1679.6484375,-5.7,108.53138,-154.8981,-282.459,-39.60973,-29.10663,-11.433804,-1.9797503,5.8876753,28.623596,-894.0763,-22.165958,-37.77203,-50.93254,30.764252,-89.62877,-1440.2556
Toyota,Tacoma,9.0,148322.0,4,Pickup Truck,Mainstream,Normal,Automatic,0,0,0,0,0,0,32495.0,34035.13,-1540.12890625,1540.12890625,-4.74,108.53138,-581.5667,375.08755,9.92169,-25.959042,2.4048815,0.24081244,6.571582,-17.860386,-630.80286,24.704039,-215.6086,149.83838,-10.916536,-111.97798,-917.39185
Toyota,RAV 4,11.0,132000.0,4,SUV,Mainstream,Normal,Automatic,0,0,0,0,0,0,18999.0,20188.83,-1189.830078125,1189.830078125,-6.26,108.53138,472.51083,-1085.4469,15.722117,-36.70627,-17.595446,-0.113503516,6.3912992,-17.59724,-220.52176,16.742924,54.571884,-3.8141441,16.197998,-66.39485,-757.5216
Ford,Edge,8.0,119508.0,4,SUV,Mainstream,Normal,Automatic,0,0,0,0,0,0,19098.0,17378.574,1719.42578125,1719.42578125,9.0,108.53138,113.64037,-531.4497,9.677674,-22.653711,-2.1868403,-0.07644282,7.067482,33.203777,117.75503,8.835005,-92.91955,245.51857,-20.492308,-93.10795,-118.65725
Volvo,XC40,4.0,115799.0,4,SUV,Luxury,Normal,Automatic,1,0,0,0,0,0,28999.0,41011.65,-12012.6484375,12012.6484375,-41.42,108.53138,705.6337,218.97418,6.307629,-64.02871,-28.150902,-0.06700164,4.550451,-226.61253,-117.34537,12.346925,32.080204,151.53983,39.779545,-140.2654,703.27405
Jeep,Compass,5.0,55949.0,4,SUV,Mainstream,Normal,Automatic,0,0,0,0,0,0,21983.0,24734.596,-2751.595703125,2751.595703125,-12.52,108.53138,-81.30751,-471.8339,-15.582524,-20.94503,-2.2643564,-1.3531109,5.683218,45.04386,-183.03,-1.9229554,70.22144,83.030594,25.492794,-45.99322,-486.22925
Toyota,RAV 4,4.0,49137.0,4,SUV,Mainstream,Normal,Automatic,0,0,0,0,0,0,33453.0,36622.605,-3169.60546875,3169.60546875,-9.47,108.53138,-838.9343,155.84692,6.771813,-23.927006,-44.10003,-1.3531109,4.923994,-11.188128,63.3732,10.69974,176.50098,144.73396,-37.443394,-22.43551,-307.9995
Toyota,Venza,6.0,37467.0,4,SUV,Mainstream,Normal,Automatic,1,0,0,0,0,0,36225.0,38042.82,-1817.8203125,1817.8203125,-5.02,108.53138,1344.2859,-398.67468,8.78708,-23.458538,-25.881067,-1.3531109,4.3482766,-301.26895,680.04553,4.767691,151.1823,-105.831276,30.561995,-5.7612553,1470.2812
Jeep,Compass,9.0,51245.0,4,SUV,Mainstream,Normal,Automatic,0,0,0,0,0,0,16333.0,19048.812,-2715.8125,2715.8125,-16.63,108.53138,-1372.4379,2675.5503,-13.542362,-15.20367,-2.3707788,-1.3531109,6.2472944,45.741695,712.42926,-0.56692195,-7.2278786,495.92642,26.248928,-46.62403,2611.3489
Toyota,Tacoma,12.0,108554.0,4,Pickup Truck,Mainstream,Normal,Automatic,0,0,0,0,0,0,32453.0,29804.367,2648.6328125,2648.6328125,8.16,108.53138,-640.2304,-605.47925,15.581541,-38.446095,-16.6,-0.09202023,7.828581,-17.5012,-1119.168,22.574575,-1498.4303,-95.18118,33.065174,-82.73949,-3926.2869
Ford,Maverick,3.0,101090.0,4,Pickup Truck,Mainstream,Normal,Automatic,0,0,0,0,0,0,25995.0,40612.934,-14617.93359375,14617.93359375,-56.23,108.53138,-1890.896,-1079.1641,-9.761029,-31.996231,-19.447958,-0.66261804,5.6122484,27.889898,626.0013,6.2216096,-908.7223,264.48962,-50.92841,-140.61636,-3093.449
Volkswagen,Golf GTI,8.0,100007.0,4,Hatchback,Mainstream,Normal,Automatic,0,0,0,0,0,0,21995.0,20015.06,1979.939453125,1979.939453125,9.0,108.53138,-350.1992,-241.83768,3.543817,-24.328548,5.8956423,-0.24417888,6.690692,33.20402,280.01605,-5.442359,525.45984,-69.82694,158.57166,-38.15439,391.8798
Honda,Civic Hatchback,8.0,158051.0,4,Sedan,Mainstream,Normal,Automatic,0,0,0,0,0,0,18495.0,17112.117,1382.8828125,1382.8828125,7.48,108.53138,946.3596,-616.4011,0.46007872,-15.032696,9.429985,-0.035928816,5.0645614,30.513403,-174.29282,7.6123905,-30.780811,84.02964,-32.741238,-0.37148,322.34503
Ford,F-150,3.0,88000.0,6,Pickup Truck,Mainstream,Normal,Automatic,0,0,0,0,0,0,36900.0,53816.484,-16916.484375,16916.484375,-45.84,108.53138,-1518.7688,-621.9301,-14.303133,-31.897223,-13.518414,-1.9717171,5.3449807,30.764069,188.35909,7.8418427,-580.53973,-54.81862,73.76109,-138.26216,-2561.4075
Honda,Pilot,2.0,67134.0,6,SUV,Mainstream,2std,Automatic,0,0,0,0,0,0,53488.0,51195.613,2292.38671875,2292.38671875,4.29,108.53138,433.40146,-227.39435,73.25139,10.032552,3.2388668,-2.4193137,14.953173,-139.49327,-615.7282,-0.3004398,658.7685,-192.57057,-62.575645,247.32867,309.02417
Honda,Pilot,2.0,59901.0,6,SUV,Mainstream,2std,Automatic,0,0,0,1,0,1,54995.0,52080.395,2914.60546875,2914.60546875,5.3,108.53138,1340.0026,-37.735275,54.19754,7.4806285,-45.322178,-1.9394966,-375.8255,-131.14839,-774.74207,-17.344341,678.47614,-246.63223,5.918632,88.23291,652.1504
Nissan,Versa Note,8.0,81189.0,4,Sedan,Mainstream,Normal,Automatic,0,0,0,0,0,0,14999.0,15055.695,-56.6953125,56.6953125,-0.38,108.53138,511.80533,-369.37653,8.215345,-15.860944,-3.1049333,-1.3531109,6.8323526,37.321045,67.33621,12.452138,-311.96155,-180.04192,-64.743195,-36.32585,-230.27423
Ford,Expedition Max,12.0,195934.0,6,SUV,Mainstream,2std,Automatic,0,0,0,0,0,0,15950.0,37844.188,-21894.1875,21894.1875,-137.27,108.53138,-2215.8682,251.51837,113.24806,-30.256449,21.107336,-0.08202924,5.0012274,-153.44171,592.51733,5.390867,184.47313,-682.20325,-20.25256,925.9775,-894.33905
Volkswagen,Passat,12.0,163827.0,4,Sedan,Mainstream,Normal,Automatic,0,0,0,0,0,0,8750.0,7497.912,1252.087890625,1252.087890625,14.31,108.53138,-117.69138,136.53731,14.129794,-29.996393,20.938759,-0.21442096,6.08443,32.38116,144.79268,17.946383,-27.676754,-54.172546,25.841557,-20.75707,256.6749
Mitsubishi,Lancer,15.0,138149.0,4,Sedan,Economy,Normal,Automatic,0,0,0,0,0,0,7450.0,11053.8,-3603.7998046875,3603.7998046875,-48.37,108.53138,-891.58307,196.68105,-8.6577,-29.14462,-11.210746,-0.34881204,6.826698,79.1211,-702.28937,18.346468,5.8832517,39.82253,156.21785,-33.70549,-1065.5094
Ford,F-150,13.0,179384.0,6,Pickup Truck,Mainstream,Normal,Automatic,0,0,0,0,0,0,13750.0,15797.217,-2047.216796875,2047.216796875,-14.89,108.53138,-287.8651,334.31293,4.099603,-37.04063,35.360863,0.194712,10.764774,27.432795,363.17377,7.203916,-72.02106,-325.5763,2.373573,-162.08575,8.859482
RAM,ProMaster Cargo Van,4.0,20288.0,6,Van,Mainstream,Normal,Automatic,0,0,0,0,0,0,35950.0,41782.14,-5832.140625,5832.140625,-16.22,108.53138,1689.3179,3044.3901,65.37431,-56.31426,-1.8678201,-1.3884553,53.604336,27.121046,346.78104,-24.058884,4545.307,563.3785,769.0548,-32.908062,11096.323
Ford,Escape,3.0,37774.0,4,SUV,Mainstream,Normal,Automatic,0,0,0,0,0,0,26899.0,32220.066,-5321.06640625,5321.06640625,-19.78,108.53138,1345.2344,13.984215,6.6310925,-23.111206,-32.400757,-1.9797503,6.0690813,39.90505,1017.95984,-16.50429,31.78162,25.417427,31.619095,-163.3497,2389.7878
GMC,Sierra 1500,7.0,167189.0,8,Pickup Truck,Near-luxury,Normal,Automatic,0,0,0,0,0,0,38000.0,35242.68,2757.3203125,2757.3203125,7.26,108.53138,1590.5859,-1449.2933,-13.138407,-67.195625,8.868349,0.37524447,15.621523,33.568375,1354.2755,27.560713,229.05087,-736.4252,96.68141,-465.69727,733.3695
Nissan,Kicks,3.0,21267.0,4,SUV,Mainstream,Normal,Automatic,0,0,0,0,0,0,25000.0,26697.162,-1697.162109375,1697.162109375,-6.79,108.53138,-663.86566,68.7251,7.3093734,-39.186245,-10.942276,-1.9797503,17.146103,32.309002,59.74978,-29.48545,-326.51578,-105.61557,38.811394,6.7123384,-838.2962
Honda,Civic Sedan,6.0,92610.0,4,Sedan,Mainstream,Normal,Automatic,0,1,0,0,0,1,21895.0,22571.727,-676.7265625,676.7265625,-3.09,108.53138,1208.4396,-60.660896,61.79647,-13.053161,-36.24058,-1.3501977,-201.83757,33.341488,12.357893,-7.973843,167.59666,-121.518684,-42.429108,44.11267,1151.1122
Kia,Sportage,10.0,161162.0,4,SUV,Economy,Normal,Automatic,0,0,0,0,0,0,9988.0,11942.561,-1954.560546875,1954.560546875,-19.57,108.53138,-296.63315,259.9741,3.6979642,-23.890059,9.448231,-0.04037352,6.740463,56.63369,259.74368,8.163898,-68.280594,227.81166,177.3088,-66.32684,662.8829
Mercedes-Benz,E-Class,5.0,70003.0,6,Sedan,Luxury,Normal,Automatic,1,0,0,0,0,0,67295.0,62116.562,5178.4375,5178.4375,7.7,108.53138,-593.5599,-819.96906,3.6809175,-12.123843,-3.7542696,-1.3884553,3.6370199,-3653.54,-1953.7555,13.263016,1099.8245,727.43787,-17.634836,-36.56153,-5135.9126
Mitsubishi,RVR,3.0,60398.0,4,SUV,Economy,Normal,Automatic,0,0,0,0,0,0,19500.0,28982.21,-9482.2109375,9482.2109375,-48.63,108.53138,359.37708,71.184555,-8.258669,-22.103579,-12.510385,-1.9797503,4.3501396,93.18944,-420.78806,-5.4889035,114.275185,59.124695,209.35204,-60.94263,487.31256
Buick,Encore GX,2.0,16404.0,4,SUV,Near-luxury,Normal,Automatic,0,0,0,0,0,0,31995.0,33991.98,-1996.98046875,1996.98046875,-6.24,108.53138,1310.3195,-1814.889,13.102426,-11.182729,1.2604629,-2.3839693,18.943811,25.987476,-396.8404,-24.001102,-102.26118,240.03455,-34.327263,-82.44734,-750.15344
Honda,CR-V,10.0,142939.0,4,SUV,Mainstream,Normal,Automatic,0,0,0,0,0,0,18990.0,17498.203,1491.796875,1491.796875,7.86,108.53138,-561.8525,2.1216178,7.8328114,-21.61139,-5.123952,-0.3270658,4.495714,32.40448,-124.753334,-4.8104463,12.975417,151.24637,-9.313175,-46.157036,-454.34113
Jeep,Wrangler Unlimited,18.0,239245.0,6,SUV,Mainstream,Normal,Automatic,0,0,0,0,0,0,10600.0,6339.6714,4260.32861328125,4260.32861328125,40.19,108.53138,659.6728,-1296.0242,-10.461369,-28.036043,15.829424,-0.08202924,129.4738,37.99513,120.90383,66.3763,85.63617,-253.67337,84.40431,-57.23505,-336.6889
Nissan,Rogue,8.0,105000.0,4,SUV,Mainstream,Normal,Automatic,0,0,0,0,0,0,17900.0,16154.548,1745.4521484375,1745.4521484375,9.75,108.53138,309.38388,-376.64777,9.434135,-27.67681,-3.2576678,-0.07644282,6.394106,34.573185,170.92325,12.131416,-245.46115,36.92,-20.699198,1.4506665,15.922974
Mazda,MX-5 Miata Roadster,2.0,5300.0,4,Convertible,Mainstream,Normal,Manual,0,0,0,0,0,0,44900.0,41736.68,3163.3203125,3163.3203125,7.05,108.53138,-7938.441,1069.8054,-10.4852915,-145.19559,52.042217,-2.6297529,14.230891,30.986895,-302.775,-5054.2876,-750.8977,-158.9666,-85.39797,-443.02185,-13616.503
Nissan,Sentra,11.0,99701.0,4,Sedan,Mainstream,Normal,Manual,0,0,0,0,0,0,10990.0,9125.7295,1864.2705078125,1864.2705078125,16.96,108.53138,57.553978,-328.43796,23.270294,-48.803898,-2.7824335,-0.10908919,6.33373,33.507076,233.07648,-507.66095,-170.60857,-72.8287,0.99277824,1.7970419,-666.16876
Toyota,Tundra,4.0,52528.0,6,Pickup Truck,Mainstream,Normal,Automatic,0,0,0,0,0,0,61999.0,58714.85,3284.1484375,3284.1484375,5.3,108.53138,1950.3075,-1137.427,-3.0269318,-25.719511,-21.923094,-1.3669719,5.1940093,-7.3633184,-1175.6656,16.610344,-1813.7426,-281.74387,-27.510853,-47.702934,-2462.549
Volkswagen,Jetta,7.0,89000.0,4,Sedan,Mainstream,Normal,Automatic,0,0,0,0,0,0,15888.0,18947.8,-3059.80078125,3059.80078125,-19.26,108.53138,-860.054,71.51935,5.6349254,-16.15948,5.7373505,-2.0980692,7.022558,31.613777,209.03516,5.207271,-100.2525,-288.25104,170.19511,-25.18855,-677.5067
Mazda,CX-50,3.0,42000.0,4,SUV,Mainstream,Normal,Automatic,0,0,0,0,0,0,41300.0,34018.836,7281.1640625,7281.1640625,17.63,108.53138,-1611.5603,394.23022,3.136836,-22.296946,-25.906384,-2.5869186,4.0493965,18.648678,-235.39609,1.1662079,79.17489,419.343,3.627052,-6.4925137,-872.33136
RAM,1500,8.0,79800.0,8,Pickup Truck,Mainstream,Normal,Automatic,0,0,0,0,0,0,36500.0,35113.05,1386.94921875,1386.94921875,3.8,108.53138,1351.4111,-801.8222,-1.7110144,-58.43095,-0.51536256,-1.1956736,27.387522,38.44391,-875.1732,47.322937,-123.84217,721.4949,-73.578545,-312.20438,46.118263
RAM,2500,5.0,72975.0,8,Pickup Truck,Mainstream,Normal,Automatic,0,0,0,0,0,0,55895.0,45729.445,10165.5546875,10165.5546875,18.19,108.53138,1882.9663,898.92944,46.175636,-63.3124,0.7068631,-1.1956736,26.773432,37.79742,3246.332,37.19795,127.84339,-456.09,-28.4875,-198.39066,5665.7773
Jeep,Wagoneer,5.0,71834.0,6,SUV,Mainstream,Normal,Automatic,0,0,0,0,0,0,55895.0,38686.52,17208.48046875,17208.48046875,30.79,108.53138,5.648263,-248.45978,-28.407194,-16.67313,4.3182445,-1.3884553,11.933152,40.767883,-541.9946,12.9145775,63.15508,189.12216,-45.5027,-41.685677,-487.72083
Chevrolet,Equinox EV,3.0,81136.0,4,SUV,Economy,Normal,Automatic,0,0,0,0,0,0,34888.0,25478.248,9409.751953125,9409.751953125,26.97,108.53138,-371.41373,-209.4292,-11.162818,-20.255096,-20.313437,-1.9797503,14.954526,33.20043,-214.45189,4.0471034,96.8511,-35.20646,138.93605,-214.82458,-702.5164
Chevrolet,Colorado,3.0,26638.0,4,Pickup Truck,Economy,Normal,Automatic,0,0,1,0,0,0,51521.0,44401.934,7119.06640625,7119.06640625,13.82,108.53138,-195.26558,-260.16748,-35.72766,712.44037,-10.231012,-8.701764,17.464392,21.98743,238.41336,-43.122425,-604.992,-10.727715,160.74841,-152.09282,-61.443153
Honda,CR-V,4.0,9010.0,4,SUV,Mainstream,Normal,Automatic,0,0,0,0,0,0,35718.0,33103.184,2614.81640625,2614.81640625,7.32,108.53138,-907.5316,2197.018,-2.0673356,-32.012722,21.020622,-1.3531109,17.619366,25.64342,-1100.0398,-146.55873,-261.25827,383.75702,-102.718735,-54.984825,145.06471
Honda,HR-V,5.0,64305.0,4,SUV,Mainstream,Normal,Automatic,0,0,0,0,0,0,26998.0,29754.654,-2756.654296875,2756.654296875,-10.21,108.53138,-872.02606,-136.84993,-0.27928498,-19.493074,-3.1156466,-1.3531109,4.7817497,40.785854,-76.19591,0.16680455,188.54474,21.768265,108.69098,-31.016586,-667.0599
Ford,Transit Cargo Van,3.0,20631.0,6,Van,Mainstream,Normal,Automatic,0,0,0,0,0,0,54744.0,50430.67,4313.328125,4313.328125,7.88,108.53138,782.0995,-1701.3978,1.8667765,-32.86548,-3.9012055,-2.0150945,54.63971,36.27718,457.06747,-38.980564,369.72495,5.4292374,40.220684,-195.37912,-118.68241
Nissan,Sentra,11.0,105646.0,4,Sedan,Mainstream,Normal,Automatic,0,0,0,0,0,0,9973.0,9734.343,238.6572265625,238.6572265625,2.39,108.53138,275.3886,-130.95644,18.715956,-34.509483,-2.6414616,-0.113503516,7.2208138,33.67156,226.10065,11.455047,-261.86725,-154.87738,-2.2913136,1.4347206,95.26192
Volvo,XC40,4.0,49949.0,4,SUV,Luxury,Normal,Automatic,0,0,0,0,0,0,36999.0,45398.12,-8399.12109375,8399.12109375,-22.7,108.53138,640.7673,-80.551476,6.057,-34.089466,-25.84475,-1.3436698,4.907876,22.644554,146.82588,1.7621806,23.923399,186.28418,-33.048622,-148.01938,818.8064
Honda,HR-V,6.0,87104.0,4,SUV,Mainstream,Normal,Automatic,0,0,0,0,0,0,21845.0,27533.025,-5688.025390625,5688.025390625,-26.04,108.53138,-225.26048,-254.14665,-0.6714153,-20.552404,-4.39187,-1.3501977,5.4348946,30.591854,-33.215385,-13.379629,114.0912,51.677887,35.598267,-32.632286,-239.67487
Volvo,XC90,1.0,18105.0,4,SUV,Luxury,Normal,Automatic,0,0,0,0,0,0,72999.0,68287.65,4711.3515625,4711.3515625,6.45,108.53138,261.16135,-1248.5033,19.237846,-0.6353203,2.5001965,-2.314225,60.60865,40.583767,231.09076,-27.505928,-115.52529,120.72826,-183.5694,-244.5303,-978.1415
Volvo,XC90,1.0,21045.0,4,SUV,Luxury,Normal,Automatic,0,0,0,0,0,0,67807.0,71007.69,-3200.6875,3200.6875,-4.72,108.53138,-480.38428,-259.83417,13.912247,-0.94477594,-0.009461436,-2.314225,57.52772,49.19523,184.21877,-32.77349,-58.98021,-147.96855,-117.18212,-248.84338,-935.84937
Toyota,C-HR,6.0,58208.0,4,SUV,Mainstream,Normal,Automatic,0,0,0,0,0,0,25995.0,32717.543,-6722.54296875,6722.54296875,-25.86,108.53138,-101.74825,-183.67332,8.13248,-22.60885,-14.796565,-1.3531109,7.05597,-9.707744,-165.34113,6.792246,186.23473,39.9311,86.15679,-51.22778,-107.62206
Nissan,Rogue,5.0,53261.0,4,SUV,Mainstream,Normal,Automatic,0,0,0,0,0,0,23995.0,22300.525,1694.474609375,1694.474609375,7.06,108.53138,1899.0874,-2188.7227,20.735823,-25.798916,-2.2881267,-1.3531109,5.585376,44.935986,504.4661,3.648133,-273.57056,-42.6494,14.436649,58.363243,125.40733
Jeep,Wrangler Unlimited,6.0,97000.0,6,SUV,Mainstream,Normal,Automatic,0,0,0,0,0,0,30995.0,32637.656,-1642.65625,1642.65625,-5.3,108.53138,-112.36379,-95.83912,-23.191813,-19.474081,3.0029347,-0.12465823,12.586295,38.06152,-146.7017,11.638375,22.57849,249.35107,-51.6335,-58.24491,-61.82354
Toyota,RAV 4,9.0,113304.0,4,SUV,Mainstream,Normal,Automatic,0,0,0,0,0,0,23898.0,23603.535,294.46484375,294.46484375,1.23,108.53138,-25.890081,309.3068,21.793594,-26.998373,-16.659508,-0.07644282,7.2981586,-17.322767,-270.98822,17.895864,26.212234,43.53933,-99.659676,-37.382988,39.599297
Honda,Civic Coupe,15.0,184314.0,4,Sedan,Mainstream,Normal,Manual,0,0,0,0,0,0,12990.0,9356.839,3633.1611328125,3633.1611328125,27.97,108.53138,-848.5062,578.2513,-1.9467818,-39.641502,11.336386,-0.04227057,-0.12246323,27.492271,324.6103,-253.7226,-3.5824316,116.27133,11.540963,6.0804024,36.550056
Mazda,CX-5,5.0,46878.0,4,SUV,Mainstream,Normal,Automatic,0,0,0,0,0,0,27490.0,28963.129,-1473.12890625,1473.12890625,-5.36,108.53138,218.52574,-289.34094,4.086748,-22.175253,-3.270335,-1.9602792,5.54195,49.82961,-143.6317,1.6329159,4.6160135,453.7944,17.68396,18.486797,422.35098
Nissan,Qashqai,9.0,127941.0,4,SUV,Mainstream,Normal,Automatic,0,0,0,0,0,0,11098.0,13530.087,-2432.0869140625,2432.0869140625,-21.91,108.53138,579.54596,-122.56948,15.002101,-28.731522,-2.8870435,-0.07644282,5.3660936,34.55274,116.660995,11.914762,-259.82523,52.725037,-18.051687,-4.428653,487.72897
Toyota,RAV 4,6.0,107322.0,4,SUV,Mainstream,Normal,Automatic,0,0,0,0,0,0,24995.0,30287.727,-5292.7265625,5292.7265625,-21.18,108.53138,-508.44394,-295.0157,7.2933245,-24.506725,-16.772348,-0.07644282,7.2125454,-17.202896,-185.65396,19.164883,79.644325,12.490623,-30.802795,-52.850014,-896.9877
Subaru,Crosstrek,11.0,212846.0,4,SUV,Mainstream,Normal,Automatic,0,0,0,0,0,0,8999.0,10490.649,-1491.6494140625,1491.6494140625,-16.58,108.53138,-620.95605,-540.79755,15.954102,-28.876753,7.2614317,-0.046684906,-13.052405,30.776962,-262.96725,3.8968709,-120.59509,151.78441,-12.828895,-40.648003,-1322.5634
Hyundai,Tucson,7.0,102624.0,4,SUV,Economy,Normal,Automatic,0,0,0,0,0,0,16990.0,18854.035,-1864.03515625,1864.03515625,-10.97,108.53138,227.07149,42.897945,-4.979288,-30.296566,-3.4173398,-0.07644282,6.644148,34.52659,-110.82718,2.5373502,-46.560158,24.61837,190.69423,-60.857,380.5075
GMC,Sierra 1500,2.0,12601.0,8,Pickup Truck,Near-luxury,Normal,Automatic,0,0,0,0,0,0,53995.0,82791.61,-28796.609375,28796.609375,-53.33,108.53138,-3391.215,-136.66927,-72.615715,-36.658497,28.706038,-1.8474822,29.021627,38.758038,1226.3645,8.921425,-642.13226,-1115.3026,198.51596,-118.044876,-3875.6665
BMW,3 Series,18.0,52000.0,4,Sedan,Luxury,Normal,Automatic,0,0,0,0,0,0,15000.0,45075.08,-30075.078125,30075.078125,-200.5,108.53138,15698.971,9035.263,825.08124,-99.29916,-62.462704,-1.3901715,138.01776,53.500034,-924.7393,14.5365715,757.14355,-360.7705,-400.00446,-100.82965,24681.549
Nissan,Rogue,4.0,88972.0,4,SUV,Mainstream,Normal,Automatic,0,0,0,0,0,0,22600.0,22708.553,-108.552734375,108.552734375,-0.48,108.53138,-1047.7373,-157.34013,5.0341425,-34.085194,-26.539185,-1.3501977,4.131172,25.083176,249.98392,16.06775,-123.4876,-30.25296,13.22431,14.840961,-983.8956
Nissan,Kicks,3.0,41214.0,4,SUV,Mainstream,Normal,Automatic,0,0,0,0,0,0,18900.0,26235.213,-7335.212890625,7335.212890625,-38.81,108.53138,922.8548,-1454.2394,6.020474,-27.626497,-12.437584,-1.9797503,4.092819,40.60002,469.58777,3.228593,-398.61288,-4.165222,14.232586,49.773926,-280.13895
Nissan,Rogue,4.0,76851.0,4,SUV,Mainstream,Normal,Automatic,0,0,0,0,0,0,21200.0,23056.01,-1856.009765625,1856.009765625,-8.75,108.53138,-321.82864,-162.7109,5.6743636,-24.424923,-25.130022,-1.3531109,3.9564893,28.375643,142.65668,29.617008,-125.9621,-64.29707,-111.65533,-24.367353,-542.9179
Hyundai,Elantra,13.0,203611.0,4,Sedan,Economy,Normal,Automatic,0,0,0,0,0,0,5399.0,5067.671,331.3291015625,331.3291015625,6.14,108.53138,460.97095,-92.46779,0.68859875,-36.452984,10.950152,-0.046684906,-7.9377923,27.574713,-214.77568,5.7076187,-14.860928,27.312283,154.30212,-47.022415,382.47357
Hyundai,Tucson,5.0,49520.0,4,SUV,Economy,Normal,Automatic,0,0,0,0,0,0,24000.0,24548.219,-548.21875,548.21875,-2.28,108.53138,-342.55646,165.18604,-6.6735344,-29.484785,-3.270335,-1.3531109,5.805889,46.26311,152.01059,1.110748,-15.9063225,195.17139,140.68904,-27.590534,387.93307
Audi,A4 Sedan,8.0,113800.0,4,Sedan,Luxury,Normal,Automatic,0,0,0,0,0,0,19995.0,19644.598,350.40234375,350.40234375,1.75,108.53138,1606.9293,-696.8937,22.433517,-16.961966,-3.316588,-0.07644282,7.8716636,33.18319,80.01506,-62.230934,-83.04534,60.08837,-12.706113,-34.21403,1009.60736
Nissan,Rogue,15.0,223518.0,4,SUV,Mainstream,Normal,Automatic,0,0,0,1,0,0,6888.0,4715.884,2172.1162109375,2172.1162109375,31.53,108.53138,-29.231726,640.5744,19.334736,-48.926865,-208.39972,-0.44364306,-34.27188,45.417873,556.828,23.744287,-161.25226,90.141235,27.39581,-13.796929,1015.6446
Toyota,RAV 4,11.0,164391.0,4,SUV,Mainstream,Normal,Automatic,0,0,0,0,0,0,20990.0,17896.22,3093.779296875,3093.779296875,14.74,108.53138,399.56155,-609.95386,15.499768,-37.293545,-3.3021889,-0.046684906,6.21866,-18.576324,-245.30139,17.964241,22.62103,-41.290955,-10.495513,-61.483948,-457.34778
Nissan,Rogue,3.0,19870.0,4,SUV,Mainstream,Normal,Automatic,0,0,0,0,0,0,35888.0,27253.85,8634.150390625,8634.150390625,24.06,108.53138,338.6617,1173.3969,7.2676187,-38.899094,-11.029455,-1.9797503,17.146103,32.34188,-74.02915,-24.298075,-414.45648,-77.08209,-24.699753,8.560783,1019.43256
Ford,Bronco Sport,2.0,3075.0,4,SUV,Mainstream,Normal,Automatic,0,0,0,0,0,0,34990.0,49052.855,-14062.85546875,14062.85546875,-40.19,108.53138,-343.5389,1821.4414,-7.3432403,-8.105339,53.15029,-2.3795836,28.09867,32.807026,-610.00745,114.69934,293.00986,437.8556,-17.9243,-274.10202,1626.1925
Mercedes-Benz,M-Class,14.0,144000.0,6,SUV,Luxury,Normal,Automatic,0,0,0,0,0,0,15999.0,17049.77,-1050.76953125,1050.76953125,-6.57,108.53138,-1674.5187,-90.763535,11.035293,-37.71345,12.104436,-0.08202924,20.785809,272.9324,369.32397,15.449955,-238.8948,280.6076,-129.54208,-107.04423,-1187.7881
Toyota,RAV 4 Hybrid,9.0,150000.0,4,SUV,Mainstream,Normal,Automatic,1,0,0,0,0,0,23900.0,24065.902,-165.90234375,165.90234375,-0.69,108.53138,-1063.1375,48.239075,15.6163435,-25.531816,-2.2088194,-0.035928816,5.5836186,-258.35294,141.11545,17.37695,67.72336,50.63517,-11.973445,-58.01863,-964.4376
Honda,Odyssey,7.0,136610.0,6,Minivan,Mainstream,1std,Automatic,0,0,0,0,0,0,27495.0,27948.79,-453.7890625,453.7890625,-1.65,108.53138,1100.1785,68.20488,-5.945892,-20.127522,-8.286859,-0.107849136,34.639854,52.208252,-310.2936,-4.8000145,153.06163,-64.47781,-58.22239,333.37296,1377.9353
Nissan,Rogue,4.0,37783.0,4,SUV,Mainstream,Normal,Automatic,0,0,0,0,0,0,27995.0,24694.05,3300.94921875,3300.94921875,11.79,108.53138,1120.5729,-73.45113,6.3262773,-28.75734,-45.71263,-1.3531109,5.692898,29.871027,263.19446,0.37320152,-308.06543,-161.07925,27.672684,83.74382,1027.5597
Toyota,Yaris Sedan,8.0,70556.0,4,Hatchback,Mainstream,Normal,Automatic,0,0,0,0,0,0,18480.0,21062.35,-2582.349609375,2582.349609375,-13.97,108.53138,-113.35262,-705.4041,2.440331,-24.262207,-16.062538,-1.3531109,7.32222,-14.733985,-402.27277,12.382313,-56.71085,29.669918,162.80313,-64.68575,-1075.6887
Hyundai,Palisade,2.0,40000.0,6,SUV,Economy,1std,Automatic,0,0,0,0,0,0,55000.0,52104.168,2895.83203125,2895.83203125,5.27,108.53138,2882.975,-2549.8752,-24.74635,-27.951805,-2.1689076,-2.4086936,33.259605,63.04041,-1602.5917,5.9301586,-16.871048,593.3664,111.92879,388.71323,-38.868675
Ford,Escape,9.0,186000.0,4,SUV,Mainstream,Normal,Automatic,0,0,0,0,0,0,9980.0,10471.2,-491.2001953125,491.2001953125,-4.92,108.53138,3.470138,395.84125,15.03857,-24.323717,11.407022,-0.035928816,6.603075,30.138906,83.7481,8.613183,-132.87682,257.6783,-35.808918,-126.546555,601.4779
Chevrolet,Spark,7.0,71500.0,4,Hatchback,Economy,Normal,Automatic,0,0,0,0,0,0,11900.0,16374.947,-4474.947265625,4474.947265625,-37.6,108.53138,-193.03279,119.86705,-19.4072,-21.364798,1.0687938,-1.3531109,17.261005,30.055798,15.281972,-23.740652,-183.2298,12.15211,118.223724,-112.26752,-131.95401
Audi,A4 Sedan,9.0,61699.0,4,Sedan,Luxury,Normal,Automatic,0,0,0,0,0,0,22499.0,20813.377,1685.623046875,1685.623046875,7.49,108.53138,262.59393,372.9504,39.9286,-16.191929,-1.9735314,-1.3531109,7.58894,31.853392,-1758.8871,-64.25025,-298.29837,175.05545,-218.49385,-57.50687,-1418.453
Honda,CR-V,3.0,75086.0,4,SUV,Mainstream,Normal,Automatic,0,0,0,0,0,0,36988.0,32285.164,4702.8359375,4702.8359375,12.71,108.53138,663.42664,-189.13986,-1.1687732,-17.26559,-13.441623,-1.9797503,3.2891939,36.972137,-231.58046,14.808359,189.02242,20.938808,-107.0521,-153.47475,321.88605
Dodge,Challenger,16.0,380.0,8,Coupe,Mainstream,Normal,Manual,0,0,0,0,0,0,51999.0,94792.76,-42793.7578125,42793.7578125,-82.3,108.53138,-12189.953,-11727.334,-46.96878,-204.04541,16.632826,-1.2477236,25.242964,294.33038,-1345.5055,-11080.342,2269.4338,2037.2383,-484.6349,-944.9934,-33273.617
Hyundai,Tucson,11.0,140666.0,4,SUV,Economy,Normal,Automatic,0,0,0,0,0,0,11495.0,12469.157,-974.1572265625,974.1572265625,-8.47,108.53138,21.752592,-657.807,3.4064455,-42.205666,-3.0527408,-0.34881204,5.7353745,34.292927,-147.88332,8.020289,-84.11735,87.758575,187.9891,-75.25328,-553.18164
Subaru,WRX STI,11.0,136688.0,4,Sedan,Mainstream,Normal,Manual,0,0,0,0,0,0,22996.0,14532.549,8463.451171875,8463.451171875,36.8,108.53138,981.5267,-712.5719,19.318182,-29.717146,-5.444441,-0.10908919,5.489845,34.308002,163.93622,-332.71204,-56.873497,41.62931,17.04409,23.853561,258.20917
Hyundai,Santa Fe,6.0,114000.0,4,SUV,Economy,Normal,Automatic,0,0,0,0,0,0,24450.0,19254.664,5195.3359375,5195.3359375,21.25,108.53138,702.6493,-22.167261,-6.3128934,-29.925592,-3.4266112,-0.07644282,6.5566206,34.68727,117.00309,10.847427,-18.348328,83.437065,269.48715,-52.80959,1200.1327
Ford,Transit Connect,5.0,119000.0,6,Van,Mainstream,Normal,Automatic,0,0,0,0,0,0,24450.0,35845.645,-11395.64453125,11395.64453125,-46.61,108.53138,-1337.5094,7.4964614,0.2693309,-31.847921,4.3515778,-0.111787155,48.974648,31.379555,120.78285,8.894485,747.5537,-59.128815,-35.866875,-82.67607,-468.90698
Chevrolet,Equinox,1.0,19763.0,4,SUV,Economy,Normal,Automatic,0,0,0,0,0,0,36980.0,37969.67,-989.671875,989.671875,-2.68,108.53138,720.84955,-102.5959,-2.2953753,8.400832,0.71178555,-2.3839693,60.237343,58.019146,-113.29394,-40.297863,-172.27298,-81.887344,53.8245,-184.59665,310.95056
Jeep,Cherokee,11.0,84298.0,4,SUV,Mainstream,Normal,Automatic,0,0,0,0,0,0,15680.0,14163.401,1516.5986328125,1516.5986328125,9.67,108.53138,591.4408,326.3791,4.2031264,-20.669582,-2.9182107,-1.3872583,5.675583,38.61526,515.37866,8.838125,-36.58861,-75.64115,-13.048657,-115.08253,1333.7261
Chevrolet,Silverado 1500,3.0,31630.0,8,Pickup Truck,Economy,Normal,Automatic,0,0,0,0,0,0,53680.0,53078.695,601.3046875,601.3046875,1.12,108.53138,250.17227,-621.60114,-95.501595,-65.42253,-8.769168,-1.443263,32.543343,32.37446,333.37497,4.006268,-380.3506,-1172.3911,165.64143,-274.43628,-1693.2715
Toyota,Highlander,6.0,159460.0,4,SUV,Mainstream,Normal,Automatic,0,0,0,0,0,0,33900.0,26534.883,7365.1171875,7365.1171875,21.73,108.53138,-104.64795,-396.4262,6.128068,-24.918795,-5.2822104,-0.035928816,5.9647565,-18.49822,-123.898544,20.191124,58.98509,13.292915,-47.536953,-53.338127,-561.4896
Chevrolet,Silverado 1500,2.0,15803.0,8,Pickup Truck,Economy,Normal,Automatic,0,0,0,0,0,0,64980.0,61681.11,3298.890625,3298.890625,5.08,108.53138,3588.402,-1650.863,-122.23186,-31.24714,9.729286,-1.8474822,43.086086,30.174568,47.697758,-10.781728,-720.6872,-1342.653,153.0293,-272.9322,-172.59332
RAM,1500 Classic,5.0,100712.0,8,Pickup Truck,Mainstream,Normal,Automatic,0,0,0,0,0,0,33980.0,43458.32,-9478.3203125,9478.3203125,-27.89,108.53138,-805.2052,137.09564,-5.145744,-67.811714,-0.63891035,0.07947254,27.04318,35.559364,2131.204,35.474716,59.509617,-1031.9176,-34.356472,-241.1308,348.29105
GMC,Canyon,2.0,24184.0,4,Pickup Truck,Near-luxury,Normal,Automatic,0,0,0,0,0,0,57680.0,59370.344,-1690.34375,1690.34375,-2.93,108.53138,-1828.8262,1620.09,-21.982233,-17.17506,-3.7269797,-2.3624861,10.698349,39.77409,2458.5408,-26.102398,-657.6116,-46.48944,188.53697,-90.69437,1731.2009
Buick,Envision,5.0,64913.0,4,SUV,Near-luxury,Normal,Automatic,0,0,0,0,0,0,32980.0,25784.816,7195.18359375,7195.18359375,21.82,108.53138,-1007.3015,-230.87541,7.98965,-33.513725,-26.067974,-1.3531109,5.794095,42.22982,-384.10516,11.981483,41.988712,54.02988,198.07874,-58.930813,-1271.5239
Chevrolet,Sonic,14.0,119053.0,4,Hatchback,Economy,Normal,Automatic,0,0,0,0,0,0,7980.0,5735.5933,2244.40673828125,2244.40673828125,28.13,108.53138,-1013.4725,13.182263,-6.899328,-38.121666,0.39139536,-0.113503516,18.036932,28.204134,-454.64432,-7.9426947,203.18245,115.97638,101.22347,-108.27989,-1040.7455
Chevrolet,Colorado,7.0,71633.0,4,Pickup Truck,Economy,Normal,Automatic,0,0,0,0,0,0,44980.0,32573.21,12406.7890625,12406.7890625,27.58,108.53138,350.52335,143.25778,-27.650518,-20.282223,2.3312516,-1.3316275,17.896606,29.36396,32.127792,-3.2821715,-42.13977,59.308983,184.27354,-165.58463,667.3436
Chevrolet,Silverado 1500,13.0,173643.0,8,Pickup Truck,Economy,Normal,Automatic,0,0,0,0,0,0,22980.0,15849.287,7130.712890625,7130.712890625,31.03,108.53138,-49.717648,1325.9443,-73.56417,-79.14966,68.17951,0.3644884,38.437626,26.364391,-378.1344,12.356407,-166.50635,173.84018,147.33395,-407.7528,746.5272
Chevrolet,Silverado 2500 HD,3.0,64487.0,8,Pickup Truck,Economy,1std,Automatic,0,0,0,0,0,0,75980.0,62900.367,13079.6328125,13079.6328125,17.21,108.53138,-301.84204,-543.0817,-83.54035,-51.67131,-6.38056,-1.432643,79.35088,54.774445,774.7891,36.80927,33.642326,715.0421,471.64236,2478.9639,3765.5974
Chevrolet,Silverado 1500,3.0,56649.0,8,Pickup Truck,Economy,Normal,Automatic,0,0,0,0,0,0,55980.0,50975.938,5004.0625,5004.0625,8.94,108.53138,-994.0848,-679.3675,-98.20372,-64.59444,-8.975706,-1.443263,30.528208,40.785755,121.75122,10.887727,-997.1951,-1205.9907,187.91107,-314.64252,-3864.1023
Ford,F-150,10.0,252067.0,6,Pickup Truck,Mainstream,Normal,Automatic,0,0,0,0,0,0,19680.0,16383.235,3296.7646484375,3296.7646484375,16.75,108.53138,264.6746,690.2869,4.8937926,-25.393364,25.003838,0.20102343,25.658907,29.662085,896.9673,-0.5338425,827.7905,-233.75507,12.406933,-173.40442,2452.991
Toyota,RAV 4,15.0,187522.0,4,SUV,Mainstream,Normal,Automatic,0,0,0,0,0,0,12980.0,12364.886,615.1142578125,615.1142578125,4.74,108.53138,471.40936,487.0824,15.77382,-43.695187,-2.8746424,-0.046684906,7.848749,-19.644361,-267.25516,31.368937,106.19263,-0.6882019,9.726795,-50.86085,852.869
Honda,Civic Type R,7.0,17449.0,4,Sedan,Mainstream,Normal,Manual,0,0,0,0,0,0,44980.0,33978.184,11001.81640625,11001.81640625,24.46,108.53138,5278.966,52.14703,-32.534645,-30.963654,-3.7763388,-1.3486966,14.478596,17.246012,2939.2747,4781.581,-87.19618,283.24316,75.510605,47.494007,13442.652
Ford,Escape PHEV,6.0,119703.0,4,SUV,Mainstream,Normal,Automatic,1,0,0,0,0,0,19996.0,19060.639,935.361328125,935.361328125,4.68,108.53138,-153.78549,-207.2259,6.164145,-22.487991,-3.576021,-0.07644282,6.160546,-501.22168,280.73187,7.809668,-79.71378,235.15047,-31.7374,-83.12581,-438.40247
Ford,F-150,6.0,102351.0,6,Pickup Truck,Mainstream,Normal,Automatic,0,0,0,0,0,0,44999.0,37134.207,7864.79296875,7864.79296875,17.48,108.53138,90.61088,426.25403,-4.2773986,-24.123125,5.3394547,-0.09030387,14.057589,29.69338,577.7849,6.851803,126.574684,-11.919037,-53.094116,-137.28369,1154.9104
RAM,1500 Classic,5.0,137010.0,8,Pickup Truck,Mainstream,Normal,Automatic,0,0,0,0,0,0,29999.0,40259.523,-10260.5234375,10260.5234375,-34.2,108.53138,1021.87714,514.51373,11.726698,-57.1504,-2.461699,0.07947254,23.343761,35.27005,2482.521,35.26059,137.88998,-950.64417,-24.1843,-235.64969,3100.9236
Honda,Civic Coupe,10.0,155504.0,4,Sedan,Mainstream,Normal,Manual,0,0,0,0,0,0,13995.0,16320.841,-2325.8408203125,2325.8408203125,-16.62,108.53138,-1508.9624,174.26225,27.768568,-29.545439,19.31777,-0.035959184,4.4323325,31.28702,420.76553,-7.962968,-111.35061,66.35651,-28.351707,-5.5428658,-839.03064
Mazda,Mazda3,14.0,186435.0,4,Sedan,Mainstream,Normal,Automatic,0,0,0,0,0,0,6990.0,6857.142,132.85791015625,132.85791015625,1.9,108.53138,697.4007,154.6916,10.249191,-29.32668,12.355876,-0.6538531,7.2358217,30.12657,-297.7212,31.888563,68.08395,213.36337,13.61905,16.014328,1035.8588
Mazda,CX-90 MHEV,3.0,49541.0,6,SUV,Mainstream,1std,Automatic,1,0,0,0,0,0,47995.0,45821.668,2173.33203125,2173.33203125,4.53,108.53138,-1358.6837,46.652145,-33.673405,-16.071253,-8.472112,-8.004795,30.428755,-1113.845,-1486.6626,3.0980713,39.78856,-975.1558,-76.56942,-88.95212,-4937.5913
Hyundai,Kona,2.0,11082.0,4,SUV,Economy,Normal,Automatic,0,0,0,0,0,0,27799.0,33287.23,-5488.23046875,5488.23046875,-19.74,108.53138,-268.32025,-8.514634,3.6534626,-43.17426,33.706863,-2.3839693,17.984697,33.7089,-746.20844,-16.800047,71.98202,88.213455,865.4219,-70.218185,67.58285
Toyota,RAV 4,2.0,32558.0,4,SUV,Mainstream,Normal,Automatic,0,0,0,0,0,0,36995.0,41069.152,-4074.15234375,4074.15234375,-11.01,108.53138,433.8001,-459.85782,12.672305,-2.8893228,3.0383863,-2.3839693,7.0514636,-64.211945,-33.208855,0.13990098,271.5138,-86.17544,-74.458694,-38.51243,75.04887
Jeep,Compass,5.0,103585.0,4,SUV,Mainstream,Normal,Automatic,0,0,0,0,0,0,22357.0,23058.69,-701.689453125,701.689453125,-3.14,108.53138,870.82214,-255.56369,-18.793419,-20.513561,-3.259467,-0.07644282,5.9278708,35.8682,7.547157,12.246744,15.971944,-158.02313,-29.298487,-58.482956,512.90436
Ford,Transit Cargo Van,2.0,24000.0,6,Van,Mainstream,Normal,Automatic,0,0,0,0,0,0,69995.0,54583.902,15411.09765625,15411.09765625,22.02,108.53138,1592.3773,-2799.7722,0.78348625,-7.27586,8.002517,-2.4193137,55.446285,41.241283,9.252283,-37.679226,-162.35793,187.71107,255.50656,-202.07745,-952.7296
Ford,F-150,6.0,79298.0,6,Pickup Truck,Mainstream,Normal,Automatic,0,0,0,0,0,0,54990.0,40531.39,14458.609375,14458.609375,26.29,108.53138,966.8131,-130.21408,-3.5672116,-18.911484,5.487271,-1.3669719,13.837419,39.822227,1280.1093,12.386045,106.24637,-115.676605,-101.00306,-520.53076,1641.9628
Toyota,Tundra,5.0,150233.0,6,Pickup Truck,Mainstream,Normal,Automatic,0,0,0,0,0,0,49990.0,47471.44,2518.55859375,2518.55859375,5.04,108.53138,-507.94873,-14.14484,-11.048258,-28.653236,9.423087,0.20546809,9.620936,-12.7988825,-517.2405,25.492447,-874.46497,-167.17734,-31.543642,-98.938705,-2110.6858
Honda,CR-V,6.0,116475.0,4,SUV,Mainstream,Normal,Automatic,0,0,0,1,0,0,26498.0,25217.36,1280.640625,1280.640625,4.83,108.53138,88.870865,-486.99277,1.0011985,-31.885254,33.319023,-0.45418558,5.5683165,37.235313,-134.3647,-0.13439244,50.395794,125.52188,-70.685104,-22.204283,-296.27692
Lexus,NX,3.0,73893.0,4,SUV,Luxury,Normal,Automatic,1,0,0,0,0,0,57900.0,46604.82,11295.1796875,11295.1796875,19.51,108.53138,2.4859345,24.522945,5.738195,-19.495285,-27.318459,-1.9797503,-1.1326247,-644.8761,946.0074,12.340761,166.71393,95.01912,-10.071218,14.311935,670.79816
Nissan,Pathfinder,9.0,161000.0,6,SUV,Mainstream,2std,Automatic,0,0,0,0,0,0,15000.0,12851.272,2148.7275390625,2148.7275390625,14.32,108.53138,300.84735,85.77177,57.946087,-24.804237,17.346262,-0.07127315,21.835659,-148.42348,650.78064,12.419917,31.074097,-42.792442,-73.58842,15.599182,1012.4725
Nissan,Maxima,10.0,115565.0,6,Sedan,Mainstream,Normal,Automatic,0,0,0,0,0,0,16990.0,14661.119,2328.880859375,2328.880859375,13.71,108.53138,413.32166,245.8879,14.659637,-25.965334,2.5804348,-0.12710159,18.600113,36.54301,848.07074,10.234167,122.370804,1117.4065,-115.86055,86.49794,2882.7515
Chevrolet,Cruze,15.0,203000.0,4,Sedan,Economy,Normal,Manual,0,0,0,0,0,0,5500.0,5271.165,228.8349609375,228.8349609375,4.16,108.53138,-365.37082,749.03973,2.0114305,-44.88076,15.548422,-0.04227057,6.918745,19.538721,-132.228,-426.25775,-39.97901,140.87054,171.8219,-118.70047,86.821815
Hyundai,Elantra,6.0,199347.0,4,Sedan,Economy,Normal,Automatic,0,0,0,0,0,0,9900.0,8873.146,1026.853515625,1026.853515625,10.37,108.53138,1201.0543,314.666,-10.55433,-24.3775,9.357524,-0.035928816,-8.201555,27.652231,-77.22041,9.8202,-73.14338,102.102356,186.68349,-53.56302,1712.7715
Ford,Transit Cargo Van,4.0,109000.0,6,Van,Mainstream,Normal,Automatic,0,0,0,0,0,0,42995.0,39508.336,3486.6640625,3486.6640625,8.11,108.53138,-1802.6863,-12.236108,0.03811588,-35.972725,-2.3957791,-0.111787155,41.938873,23.064045,259.76282,7.9752865,594.8861,-33.06617,-81.39184,-74.49957,-1006.1637
Mercedes-Benz,C-Class Wagon,8.0,127487.0,4,Sedan,Luxury,Normal,Automatic,0,0,0,0,0,0,19000.0,24362.354,-5362.353515625,5362.353515625,-28.22,108.53138,815.27435,-385.96838,8.846462,-11.792165,-2.9355195,-0.07644282,21.021246,210.85864,919.5921,10.267513,299.49435,-200.68819,-61.671566,-48.818638,1681.9352
Mitsubishi,Outlander,13.0,186000.0,4,SUV,Economy,Normal,Automatic,0,0,0,0,0,0,9400.0,8155.183,1244.81689453125,1244.81689453125,13.24,108.53138,464.95825,-239.55682,-7.0523815,-34.983555,6.316427,-0.046684906,6.4792504,77.35393,-659.6929,8.322202,-7.388904,132.31163,134.57845,-60.54104,-70.41079
Audi,Q7,5.0,72000.0,6,SUV,Luxury,Normal,Automatic,1,1,0,1,0,0,37777.0,46079.33,-8302.328125,8302.328125,-21.98,108.53138,242.39053,-593.19977,-241.30742,-31.336481,-148.31268,-0.9086385,11.810645,-583.2688,-682.7874,-43.139748,-19.432558,124.332214,-91.28847,14.512938,-1933.4042
Chevrolet,Silverado 1500,8.0,121780.0,8,Pickup Truck,Economy,Normal,Automatic,0,0,0,0,0,0,45995.0,29741.28,16253.720703125,16253.720703125,35.34,108.53138,15.407408,398.25757,-79.10943,-52.835075,3.6493187,0.07947254,38.45427,27.607296,-306.67407,29.947018,22.387579,-869.423,196.45865,-378.63046,-845.8921
Nissan,Rogue,6.0,85117.0,4,SUV,Mainstream,Normal,Automatic,0,0,0,0,0,0,20895.0,20370.361,524.638671875,524.638671875,2.51,108.53138,1106.4963,-434.7627,5.8049636,-23.283007,-3.4383752,-1.3501977,6.101652,37.97538,218.1839,13.584544,-158.66837,132.6009,-63.896183,-101.34511,842.53516
Subaru,WRX,8.0,141702.0,4,Sedan,Mainstream,1std,Manual,0,0,0,0,0,0,18000.0,19600.578,-1600.578125,1600.578125,-8.89,108.53138,-132.8937,-164.45694,13.819157,-19.137579,-0.80438805,-0.30339903,31.754686,47.80881,-291.85416,-404.45026,-124.64267,-7.385026,-44.79048,-25.975466,-1014.78
GMC,Acadia,6.0,128814.0,4,SUV,Near-luxury,Normal,Automatic,0,0,0,0,0,0,25000.0,22730.914,2269.0859375,2269.0859375,9.08,108.53138,1816.3993,-2322.8792,7.9955325,-41.49851,-20.72484,-0.07644282,4.898355,34.70267,1429.3539,11.11763,29.751255,117.87295,93.708115,-201.97302,1067.1792
Mazda,CX-3,10.0,43391.0,4,SUV,Mainstream,Normal,Automatic,0,0,0,1,0,0,18998.0,20871.314,-1873.314453125,1873.314453125,-9.86,108.53138,-2574.133,-330.7616,53.057648,-36.322533,37.230083,-1.4852295,5.2486525,20.162523,-437.70755,-46.188942,-21.332853,1092.6879,-0.34898567,4.218979,-2127.1433
Buick,Encore,14.0,130972.0,4,SUV,Near-luxury,Normal,Automatic,0,0,0,0,0,0,12999.0,8140.4834,4858.5166015625,4858.5166015625,37.38,108.53138,-137.99365,-398.77567,16.09819,-46.40494,-23.65958,-0.113503516,6.0645623,34.251427,-297.23605,16.784122,-1.2430596,105.57651,21.185183,-57.671295,-654.60645
Honda,CR-V,9.0,99712.0,4,SUV,Mainstream,Normal,Automatic,0,0,0,0,0,0,29999.0,20024.512,9974.48828125,9974.48828125,33.25,108.53138,37.94862,703.552,13.830942,-23.054792,-4.2785983,-0.07644282,5.5205097,30.502869,-177.88254,-1.6803778,10.354422,166.85516,-19.6606,-48.9072,801.5553
Volkswagen,Tiguan,4.0,54836.0,4,SUV,Mainstream,Normal,Automatic,0,0,0,0,0,0,32950.0,27631.275,5318.724609375,5318.724609375,16.14,108.53138,-952.0985,-213.90094,6.5418563,-22.626495,-16.140503,-2.1009824,4.1177797,37.20063,296.0934,-1.4593626,83.301125,-149.78552,-5.3917584,-76.272415,-903.99023
RAM,1500,8.0,151475.0,8,Pickup Truck,Mainstream,Normal,Automatic,0,0,0,0,0,0,30995.0,27669.67,3325.330078125,3325.330078125,10.73,108.53138,4125.2256,-626.4262,13.561137,-52.15489,34.94114,0.37524447,23.869919,34.45298,2909.8853,33.678753,102.22306,-886.8419,-34.304806,-238.13312,5548.8833
Honda,Civic Hatchback,9.0,155900.0,4,Sedan,Mainstream,Normal,Automatic,0,0,0,0,0,0,19999.0,16706.73,3292.26953125,3292.26953125,16.46,108.53138,-413.8337,176.38612,36.34203,-16.424032,19.83621,-0.035928816,5.2372007,31.414509,-186.41641,3.584791,-87.62194,55.979076,-33.931458,-13.23997,-314.19217
Toyota,Corolla Sedan,9.0,59956.0,4,Sedan,Mainstream,Normal,Automatic,0,0,0,1,0,0,21998.0,20423.889,1574.111328125,1574.111328125,7.16,108.53138,1197.8624,952.5419,44.911892,-29.64898,160.59029,-0.8732941,7.977618,20.483137,-606.8974,12.295726,-318.25656,21.636154,30.39205,-34.00847,1567.5378
Mazda,CX-9,5.0,65000.0,4,SUV,Mainstream,Normal,Automatic,0,0,0,0,0,0,32900.0,29031.014,3868.986328125,3868.986328125,11.76,108.53138,-814.3095,-163.10175,3.3627267,-22.274399,-2.0967438,-1.9602792,5.4784985,41.756073,-155.48457,12.180688,64.25063,254.83774,97.102615,-12.4464655,-584.17346
Mercedes-Benz,GLC,4.0,56416.0,4,SUV,Luxury,Normal,Automatic,0,0,0,0,0,0,45900.0,44425.457,1474.54296875,1474.54296875,3.21,108.53138,-454.15918,-282.7088,9.050049,-23.827518,-25.661356,-1.3531109,14.035497,284.50592,109.26857,-2.4592228,-36.370228,-294.99127,-104.84832,-57.603363,-758.59094
Honda,Pilot,12.0,271496.0,6,SUV,Mainstream,2std,Automatic,0,0,0,0,0,0,8995.0,10841.569,-1846.5693359375,1846.5693359375,-20.53,108.53138,-1870.2529,1101.9078,67.87054,-28.504034,16.678755,-0.08202924,-8.037125,-154.48964,-1059.7947,-5.1563854,292.0506,-520.5292,-15.028908,-466.16074,-2540.9963
Ford,F-150,5.0,80000.0,6,Pickup Truck,Mainstream,Normal,Automatic,0,0,0,0,0,0,39698.0,43499.582,-3801.58203125,3801.58203125,-9.58,108.53138,210.49655,147.12566,-11.189949,-24.060877,5.291386,-1.3669719,13.170809,40.593586,1044.893,13.122534,125.026405,-123.9012,-99.699715,-517.00116,931.0313
Chevrolet,Tahoe,6.0,79324.0,8,SUV,Economy,1std,Automatic,0,0,0,0,0,0,56698.0,56619.496,78.50390625,78.50390625,0.14,108.53138,2194.69,-414.65024,-48.329914,-24.172178,3.5610828,-1.2065369,84.83215,49.43793,521.85504,48.45067,-169.14983,1324.4343,157.16019,2823.6694,6659.1133
Honda,Civic Sedan,8.0,162109.0,4,Sedan,Mainstream,Normal,Automatic,0,0,0,0,0,0,18995.0,16634.861,2360.138671875,2360.138671875,12.43,108.53138,657.2326,-655.4613,0.4669299,-15.032696,9.429985,-0.035928816,5.0645614,30.512815,-182.57227,7.798149,-39.42009,94.93438,-35.622196,-0.7006674,-14.874336
Mercedes-Benz,GLC,5.0,58534.0,4,SUV,Luxury,Normal,Automatic,0,0,0,0,0,0,44250.0,40953.754,3296.24609375,3296.24609375,7.45,108.53138,-659.8916,-1160.738,9.842761,-23.501999,-2.468795,-1.3531109,15.689015,292.2468,-616.33575,-1.5719936,-252.29675,-167.85242,-165.52493,-61.022285,-2686.2476
Chevrolet,Blazer,7.0,133000.0,4,SUV,Economy,Normal,Automatic,0,0,0,0,0,0,20888.0,16554.191,4333.80859375,4333.80859375,20.75,108.53138,-35.18594,180.39485,-10.334607,-23.946558,-0.8432143,-0.07644282,16.185713,27.034258,-129.11505,-4.4386587,-55.854275,118.58474,202.34187,-129.09857,264.1795
Jeep,Wrangler Unlimited,8.0,162085.0,6,SUV,Mainstream,Normal,Manual,0,0,0,0,0,0,29992.0,22272.414,7719.5859375,7719.5859375,25.74,108.53138,365.92432,-261.66724,-14.992509,-36.273212,13.760792,-0.06685882,3.0036662,35.03968,-89.50752,-299.671,27.232513,112.055565,-55.77404,-39.902557,-132.307
Lexus,RX,2.0,18839.0,4,SUV,Luxury,Normal,Automatic,0,0,0,0,0,0,62988.0,51716.19,11271.80859375,11271.80859375,17.9,108.53138,2298.7734,-1215.6299,6.763225,-4.3219266,-6.6751056,-2.3839693,12.966079,502.5297,-297.90652,-32.758884,-119.99023,27.70457,6.888323,-4.298151,1280.1921
Volkswagen,Atlas,5.0,116250.0,4,SUV,Mainstream,1std,Automatic,0,0,0,0,0,0,59645.0,31484.104,28160.896484375,28160.896484375,47.21,108.53138,-1006.0059,-543.9103,7.54931,-19.474894,7.8068585,-0.15315987,32.35124,53.15378,373.21713,16.355423,-68.95643,-265.45746,-84.85943,243.09277,-1146.7596
Mercedes-Benz,A-Class Sedan,7.0,76824.0,4,Hatchback,Luxury,Normal,Automatic,0,0,0,0,0,0,24996.0,26262.494,-1266.494140625,1266.494140625,-5.07,108.53138,1099.7767,531.2159,0.17744383,-20.221968,-1.9264622,-1.3531109,18.758823,240.40381,2033.4915,-3.413389,-337.9225,-268.78436,-2.8224244,-98.543945,3297.3674
Honda,Civic Sedan,15.0,223798.0,4,Sedan,Mainstream,Normal,Automatic,0,0,0,0,0,0,6361.0,6832.314,-471.31396484375,471.31396484375,-7.41,108.53138,606.37384,398.83237,8.721757,-26.733383,10.905238,-0.046684906,-34.24552,40.70858,-276.67877,19.825933,67.63005,112.56456,48.16166,-1.1201096,1083.4308
Honda,CR-V,8.0,135032.0,4,SUV,Mainstream,Normal,Automatic,0,0,0,0,0,0,20844.0,20580.115,263.884765625,263.884765625,1.27,108.53138,788.2167,-657.44727,2.4293683,-19.854511,-5.7158237,-0.07644282,4.578785,32.415443,-145.30815,-1.7232574,22.7736,160.30042,-11.617443,-25.507639,251.99512
Audi,Q5,7.0,130560.0,4,SUV,Luxury,Normal,Automatic,0,0,0,0,0,0,21900.0,22601.742,-701.7421875,701.7421875,-3.2,108.53138,1065.6807,-479.81558,19.910381,-22.722763,-4.2369475,-0.07644282,6.1871514,47.393764,-85.50335,-41.61949,-306.1328,156.37927,-77.98912,-63.458622,322.52747
Toyota,Tacoma,4.0,28478.0,4,Pickup Truck,Mainstream,Normal,Automatic,0,0,0,0,0,0,66995.0,47657.605,19337.39453125,19337.39453125,28.86,108.53138,6563.7876,464.8516,-9.869813,-38.80988,-49.258034,-1.3316275,7.543685,-39.73544,-256.48807,1.3891205,4793.668,435.29773,-50.471123,-74.40176,11854.704
Dodge,Journey,14.0,173888.0,4,SUV,Mainstream,Normal,Automatic,0,0,0,0,0,0,8988.0,5458.6216,3529.37841796875,3529.37841796875,39.27,108.53138,-1542.1061,1260.8525,15.105956,-49.33509,-9.783896,-0.046684906,6.35065,34.625774,354.9709,37.51681,149.12502,-427.0684,21.735151,-53.396767,-92.92275
Volkswagen,Jetta,8.0,225266.0,4,Sedan,Mainstream,Normal,Automatic,0,0,0,0,0,0,10890.0,9068.1045,1821.8955078125,1821.8955078125,16.73,108.53138,1173.7584,-866.4796,10.124477,-17.052301,19.318493,-0.20366487,-45.271965,42.569965,222.3842,19.832176,-54.939495,115.47203,-49.46562,-12.007452,666.571
Honda,CR-V,10.0,100965.0,4,SUV,Mainstream,Normal,Automatic,0,0,0,0,0,0,25499.0,18495.611,7003.388671875,7003.388671875,27.47,108.53138,-51.324024,516.8967,13.830942,-23.413351,-4.781897,-0.09175725,5.570861,32.69379,-202.42665,-4.4596534,9.36855,124.37556,-11.934809,-51.116707,461.7189
Ford,Mustang Convertible,2.0,34075.0,8,Coupe,Mainstream,Normal,Automatic,0,0,0,0,0,0,43999.0,42576.3,1422.69921875,1422.69921875,3.23,108.53138,2018.2229,424.39825,-68.700836,-25.985357,0.4602289,-1.8689655,20.934893,59.72669,585.65326,64.32792,71.997505,-383.90692,68.61419,-324.25275,2618.1526
Honda,Civic Sedan,6.0,122730.0,4,Sedan,Mainstream,Normal,Automatic,0,0,1,0,0,0,20901.0,21318.473,-417.47265625,417.47265625,-2.0,108.53138,550.61163,-22.494144,-1.1915118,272.9902,-7.1326394,-6.81994,5.476269,31.952868,-206.05484,-7.359668,-102.498024,-12.531155,-35.939636,9.500184,577.04095
Hyundai,Santa Cruz,4.0,52000.0,4,SUV,Economy,Normal,Automatic,0,0,0,1,0,0,33488.0,27408.832,6079.16796875,6079.16796875,18.15,108.53138,2706.0718,-1074.5952,13.693119,-32.26767,425.71933,-0.8732941,4.240453,39.656593,210.76863,1.4538581,-37.53228,-132.40231,172.49576,-34.891575,2370.0686
BMW,X1,15.0,151000.0,4,SUV,Luxury,Normal,Automatic,0,0,0,0,0,0,6998.0,7021.3984,-23.3984375,23.3984375,-0.33,108.53138,1127.6061,575.20557,13.476805,-35.19271,-50.15811,-0.046684906,32.477974,43.06455,-875.2005,17.613321,-136.80553,7.2432327,-127.66336,-131.88445,568.26764
Hyundai,Kona,3.0,30542.0,4,SUV,Economy,Normal,Automatic,0,0,0,0,0,0,29995.0,30417.238,-422.23828125,422.23828125,-1.41,108.53138,164.72034,32.866257,-4.07103,-96.26321,-11.631411,-1.9797503,6.40771,39.210808,-791.6939,-9.326803,-12.385307,-4.7762756,166.37424,-38.63415,-452.65112
Audi,Q5,8.0,98889.0,4,SUV,Luxury,Normal,Automatic,0,0,0,0,0,0,22900.0,22311.64,588.359375,588.359375,2.57,108.53138,564.6264,-674.93353,23.637497,-22.903193,-3.4315052,-0.07644282,7.0798326,47.39999,-165.78265,-62.635826,-271.94547,191.51576,-75.042885,-73.91529,-407.87598
Hyundai,Sonata,12.0,276857.0,4,Sedan,Economy,Normal,Automatic,0,0,0,0,0,0,6655.0,4267.555,2387.44482421875,2387.44482421875,35.87,108.53138,-1608.8901,882.32654,4.340867,-36.664,10.184875,-0.046684906,-22.129217,36.050575,-204.13898,16.167212,2.1816165,74.34767,294.8414,-39.381393,-482.27826
Toyota,Sienna,2.0,23499.0,4,Minivan,Mainstream,Normal,Automatic,1,0,0,0,0,0,64400.0,58909.586,5490.4140625,5490.4140625,8.53,108.53138,762.4873,-288.58698,12.090332,-8.180986,-15.922881,-2.3839693,20.823364,-55.156887,380.49,-7.6014194,-479.60794,-118.50992,31.405212,-72.94345,266.93314
Ford,Explorer,1.0,499.0,6,SUV,Mainstream,Normal,Automatic,0,0,0,0,0,0,59745.0,70398.38,-10653.3828125,10653.3828125,-17.83,108.53138,407.53418,-1360.9745,-8.183636,9.241391,65.724915,-2.3960774,61.28454,113.380936,-2119.123,92.69774,-594.39453,-1133.561,2.3227596,-292.60794,-4650.523
Ford,F-150,1.0,499.0,6,Pickup Truck,Mainstream,Normal,Automatic,0,0,0,0,0,0,70395.0,80338.64,-9943.640625,9943.640625,-14.13,108.53138,1102.6289,-689.64777,-30.026897,7.4787235,66.848755,-2.3745942,62.39569,119.521385,-422.81284,92.5639,787.0694,-167.35373,-11.670344,-274.1139,749.038
Ford,F-150,1.0,499.0,6,Pickup Truck,Mainstream,Normal,Automatic,0,0,0,0,0,0,70395.0,80338.64,-9943.640625,9943.640625,-14.13,108.53138,1102.6289,-689.64777,-30.026897,7.4787235,66.848755,-2.3745942,62.39569,119.521385,-422.81284,92.5639,787.0694,-167.35373,-11.670344,-274.1139,749.038
Ford,F-150,1.0,499.0,6,Pickup Truck,Mainstream,Normal,Automatic,0,0,0,0,0,0,70395.0,80338.64,-9943.640625,9943.640625,-14.13,108.53138,1102.6289,-689.64777,-30.026897,7.4787235,66.848755,-2.3745942,62.39569,119.521385,-422.81284,92.5639,787.0694,-167.35373,-11.670344,-274.1139,749.038
Ford,Maverick,1.0,499.0,4,Pickup Truck,Mainstream,Normal,Automatic,0,0,0,0,0,0,40595.0,51090.215,-10495.21484375,10495.21484375,-25.85,108.53138,1844.1082,-490.2104,-3.6328578,4.5686707,53.500996,-2.3581002,57.28562,113.45594,364.41275,99.501495,-69.26834,844.2705,-7.1673155,-285.14456,2631.854
Ford,Transit Cargo Van,1.0,499.0,6,Van,Mainstream,Normal,Automatic,0,0,0,0,0,0,69525.0,71882.38,-2357.3828125,2357.3828125,-3.39,108.53138,332.2108,-3623.1697,-9.523051,3.4759142,64.272354,-2.3960774,75.90559,115.19179,-1911.1757,93.00516,60.34447,-1007.2646,130.90137,-283.2451,-5852.9355
Ford,F-150,1.0,499.0,6,Pickup Truck,Mainstream,Normal,Automatic,0,0,0,0,0,0,70395.0,80338.64,-9943.640625,9943.640625,-14.13,108.53138,1102.6289,-689.64777,-30.026897,7.4787235,66.848755,-2.3745942,62.39569,119.521385,-422.81284,92.5639,787.0694,-167.35373,-11.670344,-274.1139,749.038
Ford,Bronco Sport,1.0,499.0,4,SUV,Mainstream,Normal,Automatic,0,0,0,0,0,0,45890.0,52838.4,-6948.3984375,6948.3984375,-15.14,108.53138,1508.094,-553.3698,19.091011,6.056945,52.252243,-2.3795836,56.147266,107.31549,307.3319,99.64839,-353.39404,969.4134,6.825783,-296.84412,2034.7202
Ford,F-150,1.0,499.0,6,Pickup Truck,Mainstream,Normal,Automatic,0,0,0,0,0,0,80980.0,80338.64,641.359375,641.359375,0.79,108.53138,1102.6289,-689.64777,-30.026897,7.4787235,66.848755,-2.3745942,62.39569,119.521385,-422.81284,92.5639,787.0694,-167.35373,-11.670344,-274.1139,749.038
Ford,F-150,1.0,499.0,6,Pickup Truck,Mainstream,Normal,Automatic,0,0,0,0,0,0,70395.0,80338.64,-9943.640625,9943.640625,-14.13,108.53138,1102.6289,-689.64777,-30.026897,7.4787235,66.848755,-2.3745942,62.39569,119.521385,-422.81284,92.5639,787.0694,-167.35373,-11.670344,-274.1139,749.038
Ford,F-150,1.0,499.0,6,Pickup Truck,Mainstream,Normal,Automatic,0,0,0,0,0,0,70695.0,80338.64,-9643.640625,9643.640625,-13.64,108.53138,1102.6289,-689.64777,-30.026897,7.4787235,66.848755,-2.3745942,62.39569,119.521385,-422.81284,92.5639,787.0694,-167.35373,-11.670344,-274.1139,749.038
Ford,F-150,1.0,499.0,6,Pickup Truck,Mainstream,Normal,Automatic,0,0,0,0,0,0,70395.0,80338.64,-9943.640625,9943.640625,-14.13,108.53138,1102.6289,-689.64777,-30.026897,7.4787235,66.848755,-2.3745942,62.39569,119.521385,-422.81284,92.5639,787.0694,-167.35373,-11.670344,-274.1139,749.038
Ford,F-250 Super Duty,1.0,499.0,8,Pickup Truck,Mainstream,1std,Automatic,0,0,0,0,0,0,74299.0,79126.0,-4827.0,4827.0,-6.5,108.53138,-997.39825,-1808.3276,-65.17089,-6.75585,47.349594,-1.8324764,139.17563,128.18465,231.67467,98.59909,-1124.456,-2326.9739,-88.42418,3949.182,-1716.6427
Ford,F-150,1.0,499.0,6,Pickup Truck,Mainstream,Normal,Automatic,0,0,0,0,0,0,70395.0,80338.64,-9943.640625,9943.640625,-14.13,108.53138,1102.6289,-689.64777,-30.026897,7.4787235,66.848755,-2.3745942,62.39569,119.521385,-422.81284,92.5639,787.0694,-167.35373,-11.670344,-274.1139,749.038
Honda,Passport,8.0,139683.0,6,SUV,Mainstream,2std,Automatic,0,0,0,0,0,0,26000.0,26029.56,-29.560546875,29.560546875,-0.11,108.53138,586.0976,-590.45056,60.91138,-15.113699,6.312,-0.34709567,21.0666,-149.1563,-732.6122,-2.5247214,335.13156,-400.4199,-51.642494,-306.24728,-1130.4637
Nissan,350Z,21.0,114000.0,6,Coupe,Mainstream,Normal,Manual,0,0,0,0,0,0,16000.0,15114.442,885.5576171875,885.5576171875,5.53,108.53138,-2371.3818,3220.3665,10.063395,-50.43825,-6.787169,-0.14443351,364.01422,83.0173,4657.134,-3040.0322,3085.1958,299.6791,-298.1848,-36.036396,6024.9966
Nissan,Rogue,12.0,157415.0,4,SUV,Mainstream,Normal,Automatic,0,0,0,0,0,0,8500.0,8346.451,153.548828125,153.548828125,1.81,108.53138,29.807907,34.231483,14.521494,-38.716087,9.095897,-0.046684906,5.3281693,33.299763,291.03387,10.275839,-269.99445,-17.247952,39.53439,-28.393661,221.26138
GMC,Sierra 1500,1.0,3000.0,8,Pickup Truck,Near-luxury,Normal,Automatic,0,0,0,0,0,0,83200.0,91161.81,-7961.8125,7961.8125,-9.57,108.53138,-6118.681,999.8775,-70.85042,-28.922812,36.129368,-1.8430964,73.839966,68.351494,-3582.1484,138.47646,-3820.0457,920.1865,42.733276,-507.55444,-11741.921
Volkswagen,Tiguan,3.0,75239.0,4,SUV,Mainstream,Normal,Automatic,0,0,0,0,0,0,26992.0,27875.242,-883.2421875,883.2421875,-3.27,108.53138,226.25755,-250.29987,6.2203517,-20.064543,-2.9105153,-2.7276218,4.1272116,38.818565,-62.404934,26.804335,101.234825,-220.36165,-106.31895,-184.25673,-337.3506
RAM,1500,8.0,85059.0,8,Pickup Truck,Mainstream,Normal,Automatic,0,0,0,0,0,0,40995.0,35096.17,5898.828125,5898.828125,14.39,108.53138,905.37024,-968.5055,-5.264507,-58.344498,-0.7387821,-1.1942823,27.40085,38.209282,-810.44995,33.863873,-96.77106,-138.29138,-58.458073,-333.83295,-1358.4755
GMC,Sierra 3500HD,5.0,165650.0,8,Pickup Truck,Near-luxury,1std,Automatic,0,0,0,0,0,0,60995.0,56535.67,4459.328125,4459.328125,7.31,108.53138,845.51514,-2866.813,-2.0098317,-81.5009,13.117546,0.37918252,58.658665,53.321728,2613.4663,41.89417,1082.4275,62.741135,316.24185,3572.335,5818.3057
Toyota,Camry,12.0,192309.0,4,Sedan,Mainstream,Normal,Automatic,0,0,0,0,0,0,12995.0,10698.04,2296.9599609375,2296.9599609375,17.68,108.53138,210.71204,-203.69196,14.192735,-30.726612,-3.3086534,-0.046684906,-7.3106146,-19.994272,-536.79974,33.824787,-64.37155,-31.416376,14.498642,-29.01505,-544.92194
Ford,Mustang Shelby,20.0,19000.0,8,Coupe,Mainstream,Normal,Manual,0,0,0,0,0,0,55000.0,43593.77,11406.23046875,11406.23046875,20.74,108.53138,9566.586,8105.2393,6.0346518,-187.1257,25.248203,-1.2521094,346.1462,47.049732,-734.52576,139.61632,2664.9106,-649.0515,213.84451,-441.19507,19210.057
GMC,Terrain,3.0,44515.0,4,SUV,Near-luxury,Normal,Automatic,0,0,0,0,0,0,29998.0,33795.484,-3797.484375,3797.484375,-12.66,108.53138,-2518.8977,715.81213,8.109912,-39.16903,-17.84444,-1.9797503,3.6830812,19.193066,289.6251,0.6336149,147.07083,213.44897,87.537,-387.73203,-1371.9779
Volvo,XC90,10.0,148000.0,4,SUV,Luxury,Normal,Automatic,0,0,0,0,0,0,19999.0,20642.713,-643.712890625,643.712890625,-3.22,108.53138,-370.85617,-37.604855,15.563225,-80.097755,6.057434,-0.03093235,6.1514387,18.38236,-667.3437,6.6339526,-79.195274,99.20772,-105.83514,-190.09549,-1270.5317
Toyota,Matrix,13.0,117119.0,4,Hatchback,Mainstream,Normal,Automatic,0,0,0,0,0,1,15990.0,12032.601,3957.3994140625,3957.3994140625,24.75,108.53138,-713.1008,-77.403534,17.053963,-39.202927,-17.80901,-0.113503516,-225.12164,-17.594902,-388.59085,8.692748,382.91907,123.98561,220.06667,1.6014097,-616.08636
Mitsubishi,Eclipse Cross,4.0,55200.0,4,Coupe,Economy,Normal,Automatic,0,0,0,0,0,0,22888.0,25353.209,-2465.208984375,2465.208984375,-10.77,108.53138,-1124.7493,-809.061,-29.107698,-22.366915,-27.70751,-1.3531109,5.7349014,101.766754,-335.25095,9.783554,56.370125,201.21027,586.5373,-120.63028,-1400.2927
Mercedes-Benz,GLB,7.0,28134.0,4,SUV,Luxury,Normal,Automatic,0,0,0,0,0,0,31995.0,34304.234,-2309.234375,2309.234375,-7.22,108.53138,3686.073,144.41634,11.493248,-34.08588,-3.1100087,-1.3531109,17.099876,115.72695,2876.685,-19.804426,-532.653,-669.884,150.50568,-34.978153,5814.6636
BMW,3 Series,14.0,249504.0,4,Sedan,Luxury,Normal,Automatic,0,0,0,0,0,0,5495.0,5946.9863,-451.986328125,451.986328125,-8.23,108.53138,-359.55087,-223.70331,14.189055,-29.60836,-56.559788,-0.046684906,26.57588,51.429558,-442.4716,31.807514,404.0278,87.905846,49.264412,-70.097,-408.30615
Jeep,Wrangler 4xe,2.0,500.0,6,SUV,Mainstream,Normal,Automatic,1,0,0,0,0,0,60481.0,63963.613,-3482.61328125,3482.61328125,-5.76,108.53138,939.91064,407.044,-261.00385,-3.4691596,61.91015,-2.3960774,25.028906,-801.30817,-699.67395,109.753265,-478.90533,-75.43996,14.5717535,-138.48712,-793.93353
Volkswagen,Tiguan,5.0,41010.0,4,SUV,Mainstream,Normal,Automatic,0,0,0,0,0,0,27485.0,26615.72,869.279296875,869.279296875,3.16,108.53138,1096.4415,-640.7829,8.052074,-22.745996,7.667891,-2.1009824,5.683218,38.09841,193.89268,1.1646417,10.84246,-148.51508,15.770481,-52.246017,619.7538
Toyota,RAV 4,10.0,155000.0,4,SUV,Mainstream,Normal,Automatic,0,0,0,0,0,0,15000.0,20522.436,-5522.435546875,5522.435546875,-36.82,108.53138,-805.43036,171.51692,35.13909,-26.674385,5.1067333,-0.04037352,6.139941,-17.68706,-230.60194,14.873685,142.21318,62.403664,-30.754328,-63.281094,-628.54486
Honda,Fit,18.0,143500.0,4,Hatchback,Mainstream,Normal,Manual,0,0,0,0,0,0,5600.0,10402.548,-4802.5478515625,4802.5478515625,-85.76,108.53138,-1169.3505,-3592.0972,-4.701203,-47.745193,7.1627464,-0.04227057,130.85469,33.097797,411.63455,-322.26926,724.9244,222.1581,209.96999,-22.534498,-3310.4065
Toyota,Venza,14.0,159000.0,4,SUV,Mainstream,Normal,Automatic,0,0,0,0,0,0,15200.0,14604.827,595.1728515625,595.1728515625,3.92,108.53138,-163.40096,168.9628,15.799264,-44.35684,-2.951048,-0.046684906,7.0032215,-19.149355,-247.97046,29.840504,110.28514,-42.53721,26.398876,-53.676258,-107.2676
Volkswagen,Passat,14.0,149632.0,4,Sedan,Mainstream,Normal,Automatic,0,0,0,0,0,0,9999.0,6814.0625,3184.9375,3184.9375,31.85,108.53138,-831.15186,319.04913,14.207891,-29.47014,19.210928,-0.21442096,6.629153,33.323402,195.54984,22.18511,30.790031,-264.50912,56.16407,-34.838814,-354.54346
Chevrolet,Silverado 1500,3.0,36662.0,8,Pickup Truck,Economy,Normal,Automatic,0,1,0,0,0,0,59995.0,47499.562,12495.4375,12495.4375,20.83,108.53138,2230.505,-321.3443,1593.9644,-64.111244,-82.1081,-1.443263,32.04708,33.43291,828.10895,9.307639,37.235474,433.0231,379.70096,-177.09215,5039.7573
Hyundai,Kona,7.0,85015.0,4,SUV,Economy,Normal,Automatic,0,0,0,0,0,0,17599.0,20192.684,-2593.68359375,2593.68359375,-14.74,108.53138,1230.5433,-169.19821,-5.1098094,-25.901474,-3.6029415,-1.3501977,6.4373083,37.856876,-138.09839,2.272273,-4.1058197,189.55292,152.65977,-152.72375,1227.7632
Ford,Transit Connect,10.0,280480.0,6,Van,Mainstream,Normal,Automatic,0,0,0,0,0,0,9900.0,13659.457,-3759.45703125,3759.45703125,-37.97,108.53138,-3810.5364,1825.597,9.933031,-32.097847,8.183089,-0.07571785,56.17765,23.450632,573.2068,-0.3562736,-579.0529,-332.58798,44.201828,-123.16919,-2228.5947
Mitsubishi,Outlander PHEV,8.0,132091.0,4,SUV,Economy,1std,Automatic,1,0,0,0,0,0,16900.0,21017.79,-4117.7890625,4117.7890625,-24.37,108.53138,487.53082,-1034.4661,-11.931977,-17.902658,-7.7195096,-0.0725048,30.884228,-1159.1332,-1003.82965,10.769956,-127.20519,29.365608,190.88663,81.58203,-2422.7095
Nissan,Sentra,12.0,118939.0,4,Sedan,Mainstream,Normal,Automatic,0,0,0,0,0,0,9950.0,8810.526,1139.4736328125,1139.4736328125,11.45,108.53138,-301.30798,-91.85965,13.319476,-32.229107,-3.5968974,-0.113503516,7.234376,33.67156,295.80206,11.017944,-194.8043,-110.73358,50.314705,12.826252,-201.92722
Chevrolet,Silverado 1500,3.0,53000.0,8,Pickup Truck,Economy,Normal,Automatic,0,0,0,0,0,0,56000.0,51225.63,4774.37109375,4774.37109375,8.53,108.53138,2217.9202,-2406.4163,-83.80293,-64.53734,-8.975706,-1.443263,30.44013,40.785755,347.35693,14.587885,78.2786,-1102.8486,173.59877,-293.76895,-950.29346
Honda,CR-V,8.0,168264.0,4,SUV,Mainstream,Normal,Automatic,0,0,0,0,0,0,17883.0,18614.893,-731.892578125,731.892578125,-4.09,108.53138,613.20966,-600.7344,1.8359228,-20.724997,7.4101963,-0.035928816,4.681956,31.436344,-146.19461,-0.47710097,-12.157228,190.96925,-38.610844,-26.167532,112.97209
Audi,TTS Coupe,8.0,19995.0,4,Coupe,Luxury,Normal,Automatic,0,0,0,0,0,0,30000.0,46183.195,-16183.1953125,16183.1953125,-53.94,108.53138,-3593.214,-5551.7397,48.330524,-34.393776,-12.855293,-1.3531109,15.830428,36.230595,3295.209,-35.149014,4097.2866,665.77155,-28.300184,-114.65549,-1104.4722
Honda,CR-V Hybrid,2.0,29386.0,4,SUV,Mainstream,Normal,Automatic,1,0,0,0,0,0,42499.0,44221.207,-1722.20703125,1722.20703125,-4.05,108.53138,-193.68617,-659.13306,-5.4597945,-1.8314314,-3.8265572,-2.3839693,3.90041,-566.6013,-1169.7448,-103.090645,27.326859,12.713787,64.87301,-74.447784,-2562.8596
Mazda,CX-5,5.0,167872.0,4,SUV,Mainstream,Normal,Automatic,0,0,0,0,0,0,21677.0,20696.281,980.71875,980.71875,4.52,108.53138,-601.42944,-636.4278,1.7840207,-25.15582,7.5869617,-0.6430971,4.814629,33.65331,-153.40746,13.43291,-15.40742,418.1087,-46.508053,-7.8576927,-898.92487
Hyundai,Santa Fe Sport,13.0,123864.0,4,SUV,Economy,Normal,Automatic,0,0,0,0,0,0,11745.0,10262.976,1482.0244140625,1482.0244140625,12.62,108.53138,411.50323,-651.2475,3.7973232,-41.87486,-3.4443011,-0.113503516,6.113597,34.609756,-167.9801,7.2483554,-13.628556,103.49028,163.89137,-59.90969,-99.01324
Hyundai,Santa Fe,3.0,91786.0,4,SUV,Economy,Normal,Automatic,0,0,0,0,0,0,36218.0,26471.654,9746.345703125,9746.345703125,26.91,108.53138,819.2628,99.011185,-7.7841725,-39.327236,-21.22943,-1.9578562,4.4521866,38.385143,-8.281166,11.18351,-70.63466,-46.0591,220.00015,-56.794167,1048.7585
Nissan,Armada,5.0,83339.0,8,SUV,Mainstream,3std,Automatic,0,0,0,0,0,0,21000.0,49788.88,-28788.87890625,28788.87890625,-137.09,108.53138,-1468.6421,-1731.6887,-13.740879,-132.14333,0.30132517,-1.2157656,41.383812,46.520416,-7317.9565,37.155727,816.01,-1987.1941,-556.13477,712.21173,-11446.603
Chevrolet,Traverse,1.0,500.0,6,SUV,Economy,Normal,Automatic,0,0,0,0,0,0,62893.0,66490.41,-3597.40625,3597.40625,-5.72,108.53138,-917.12634,-854.9447,-55.569996,8.531774,65.62898,-2.3960774,64.578766,104.605,-1744.2787,73.39302,-879.7496,40.36714,-279.6997,-286.84058,-4554.9697
Toyota,RAV 4 Hybrid,2.0,42629.0,4,SUV,Mainstream,Normal,Automatic,0,0,0,0,0,0,44293.0,40432.492,3860.5078125,3860.5078125,8.72,108.53138,-318.00015,-606.725,12.646825,1.3080349,-2.607574,-2.3839693,4.957088,-71.10724,661.3949,9.799391,148.48756,180.73007,20.315796,-49.267258,98.07996
Hyundai,Palisade,5.0,127288.0,6,SUV,Economy,1std,Automatic,0,0,0,0,0,0,36918.0,31306.31,5611.689453125,5611.689453125,15.2,108.53138,178.92473,-450.31097,-26.900848,-27.198109,5.251478,-0.107849136,35.069447,57.267612,-186.3065,17.205925,-156.59694,-12.859905,205.84053,346.4806,94.290535
Mazda,CX-5,4.0,32516.0,4,SUV,Mainstream,Normal,Automatic,0,0,0,0,0,0,29364.0,32653.336,-3289.3359375,3289.3359375,-11.2,108.53138,449.40756,181.52013,4.2019224,-32.092197,-25.381762,-1.9602792,6.0708876,28.653898,-140.63345,-7.2181983,-61.879005,220.01212,-94.846306,47.179535,681.56616
Ford,Escape,8.0,78379.0,4,SUV,Mainstream,Normal,Automatic,0,0,0,0,0,0,14863.0,19825.502,-4962.501953125,4962.501953125,-33.39,108.53138,2518.0251,-474.78415,10.769936,-18.198458,-2.0390232,-1.3531109,6.7593775,36.131474,1488.9022,14.051715,-21.941286,110.178566,-72.02336,-476.05634,3226.9539
Mercedes-Benz,GLE,6.0,47180.0,6,SUV,Luxury,Normal,Automatic,1,0,0,0,0,0,69900.0,61996.87,7903.12890625,7903.12890625,11.31,108.53138,-1079.1254,-698.3169,6.0463986,-22.903172,-6.92092,-1.3884553,-4.4345345,-4860.325,-2559.051,0.011821415,-390.29993,-381.34827,-58.141514,-35.539013,-9983.205
Subaru,Legacy,8.0,240791.0,4,Sedan,Mainstream,Normal,Automatic,0,0,0,0,0,0,14999.0,11696.935,3302.0654296875,3302.0654296875,22.02,108.53138,-374.60712,-855.3847,10.862476,-10.176532,7.2843494,-0.035928816,-12.550128,43.654675,-279.16522,9.083506,-51.807285,205.95383,17.068886,7.1433725,-1174.1444
Nissan,Micra,8.0,117569.0,4,Sedan,Mainstream,Normal,Automatic,0,0,0,0,0,0,10498.0,13056.696,-2558.6962890625,2558.6962890625,-24.37,108.53138,715.0226,-679.63306,8.400244,-21.813208,-3.1427503,-0.07644282,7.0525236,33.64965,161.48595,12.44478,-230.80357,-38.351913,-26.487171,20.615078,66.89407
RAM,2500,8.0,170600.0,8,Pickup Truck,Mainstream,Normal,Automatic,0,0,0,0,0,0,39777.0,26444.635,13332.365234375,13332.365234375,33.52,108.53138,1184.9514,-678.5246,14.06969,-53.19874,23.760773,0.37524447,25.121994,33.530838,742.0027,34.893627,212.16849,-590.42236,-37.739956,-243.29688,776.2237
Volkswagen,Golf GTI,5.0,27696.0,4,Hatchback,Mainstream,Normal,Automatic,0,0,0,0,0,0,38888.0,30799.818,8088.181640625,8088.181640625,20.8,108.53138,888.6347,-9.74782,-2.2931776,-35.84118,12.381975,-2.1009824,10.117327,25.317402,308.82925,-117.57894,1830.7637,-141.29196,651.21674,-63.511898,3463.4265
Dodge,Challenger,4.0,6188.0,8,Coupe,Mainstream,Normal,Automatic,0,0,0,0,0,0,73293.0,71615.11,1677.890625,1677.890625,2.29,108.53138,-1520.2294,-1497.8691,-99.50767,-80.850914,1.2069443,-1.212771,39.362587,33.779278,-478.3523,237.51576,-2124.1592,-808.38464,-1258.5493,-730.6746,-8179.3936
BMW,X6,16.0,160000.0,6,SUV,Luxury,Normal,Automatic,0,0,0,0,0,0,13555.0,10037.559,3517.44140625,3517.44140625,25.95,108.53138,1569.9229,-1131.2654,8.716248,-36.54714,-57.3283,-0.08202924,35.826572,45.267414,-605.6245,44.137474,-320.56744,35.718277,-143.0708,-139.01411,-585.3795
Ford,F-150,14.0,197000.0,6,Pickup Truck,Mainstream,Normal,Automatic,0,0,0,0,0,0,14998.0,11609.569,3388.4306640625,3388.4306640625,22.59,108.53138,675.2056,-160.79466,4.0904994,-36.63364,32.492382,0.194712,6.9900503,23.704746,963.1635,3.8596745,-629.624,-343.6065,10.061657,-192.75183,464.8836
BMW,X5,9.0,101000.0,6,SUV,Luxury,Normal,Automatic,0,0,0,0,0,0,26000.0,30306.123,-4306.123046875,4306.123046875,-16.56,108.53138,530.831,258.95166,14.681735,-26.569197,-70.9129,-0.111787155,39.81408,47.4688,-713.01953,10.2076645,-351.62228,261.83582,-29.861937,-150.12183,-69.89733
Nissan,Versa Note,11.0,32892.0,4,Sedan,Mainstream,Normal,Automatic,0,0,0,0,0,0,13995.0,10041.757,3953.2431640625,3953.2431640625,28.25,108.53138,-24.356754,-1693.1472,40.635933,-94.11787,-2.4850032,-1.3901715,4.631565,35.864117,878.8086,-78.40346,-37.893032,-138.92804,-56.21744,100.861115,-957.6062
Honda,CR-V,19.0,175100.0,4,SUV,Mainstream,Normal,Automatic,0,0,0,0,0,0,7995.0,8749.05,-754.0498046875,754.0498046875,-9.43,108.53138,1433.5398,-4172.8,7.9761767,-34.015736,9.487449,-0.046684906,383.5337,31.421394,37.43508,56.578117,136.48842,204.18802,39.43149,-36.588814,-1794.8398
GMC,Sierra 2500HD,3.0,137603.0,8,Pickup Truck,Near-luxury,Normal,Automatic,0,0,0,0,0,0,53990.0,58898.88,-4908.87890625,4908.87890625,-9.09,108.53138,4037.3962,2016.6016,-23.484072,-73.60137,-27.891848,-0.3989927,8.229112,35.656864,6499.28,34.324062,-977.1184,-1744.2339,89.3097,-536.6816,9445.919
Nissan,Murano,4.0,67525.0,6,SUV,Mainstream,1std,Automatic,0,0,0,0,0,0,29990.0,37785.305,-7795.3046875,7795.3046875,-25.99,108.53138,-395.7102,-390.58054,1.1990235,-22.231176,-1.7587297,-1.3778353,30.273438,49.62243,-702.27466,18.479815,-173.9369,416.50867,-93.54199,-965.66284,-2122.46
Toyota,RAV 4,2.0,21850.0,4,SUV,Mainstream,Normal,Automatic,0,0,0,0,0,0,42990.0,41418.523,1571.4765625,1571.4765625,3.66,108.53138,1364.9474,-217.43236,15.669749,-7.501881,-0.9057918,-2.3839693,20.678484,-71.53643,1324.7797,-22.12909,662.09326,-126.253174,57.56871,-93.333885,3012.792
Toyota,Corolla Cross Hybrid,2.0,17102.0,4,Sedan,Mainstream,Normal,Automatic,1,0,0,0,0,0,46498.0,37879.27,8618.73046875,8618.73046875,18.54,108.53138,1722.8365,-1470.804,19.291285,-3.2780182,11.200096,-2.3839693,20.817976,147.80646,575.3769,-3.4791393,-979.1066,-65.453354,58.978104,-68.65591,71.67775
BMW,3 Series,5.0,19837.0,4,Sedan,Luxury,Normal,Automatic,0,0,0,0,0,0,63900.0,45050.117,18849.8828125,18849.8828125,29.5,108.53138,592.5156,912.7024,3.7306235,-25.443623,-63.292557,-1.3531109,46.253033,25.836329,19.16956,-26.004503,643.60254,-325.22232,-53.623463,-111.73224,1745.6698
Audi,S4 Sedan,4.0,49441.0,6,Sedan,Luxury,Normal,Automatic,0,0,0,0,0,0,50968.0,57520.94,-6552.94140625,6552.94140625,-12.86,108.53138,-1291.8846,326.60196,14.871351,-15.9639,-4.705218,-1.3884553,10.56498,38.842564,-762.5448,-62.814068,105.85178,382.66284,0.34774208,10.329548,-1140.6969
Nissan,Rogue,10.0,67603.0,4,SUV,Mainstream,Normal,Automatic,0,0,0,0,0,0,17990.0,13819.081,4170.9189453125,4170.9189453125,23.18,108.53138,-335.78568,116.64603,29.807127,-27.64028,-2.3669329,-1.3684254,5.225114,38.572598,185.17996,9.034363,-207.06987,53.97136,8.918192,6.947173,-11.397873
Honda,Pilot,17.0,290951.0,6,SUV,Mainstream,2std,Automatic,0,0,0,0,0,0,7400.0,4019.3977,3380.602294921875,3380.602294921875,45.68,108.53138,-694.59393,653.83405,67.955505,-29.749544,17.86154,-0.08202924,2.2113926,-155.07475,-1061.1766,54.035717,497.53906,-549.55566,48.947742,-426.44006,-1465.7562
Toyota,Sienna,15.0,160112.0,4,Minivan,Mainstream,Normal,Automatic,0,0,0,0,0,0,19900.0,14113.505,5786.4951171875,5786.4951171875,29.08,108.53138,63.50461,747.93726,14.52314,-45.998695,-21.256544,-0.046684906,7.273735,-11.233151,-274.7055,40.47071,281.08188,31.987677,24.326,-36.634514,929.7613
Mazda,CX-5,3.0,75558.0,4,SUV,Mainstream,Normal,Automatic,0,0,0,0,0,0,32998.0,31191.904,1806.095703125,1806.095703125,5.47,108.53138,412.4868,-237.54793,2.2870991,-19.833384,-12.424537,-2.5869186,3.9859476,38.34931,-320.7354,26.620588,109.0656,216.73868,-106.55803,-122.69504,95.684135
Mazda,CX-5,4.0,46729.0,4,SUV,Mainstream,Normal,Automatic,0,0,0,0,0,0,29998.0,31678.045,-1680.044921875,1680.044921875,-5.6,108.53138,79.16068,-125.48592,3.3463986,-22.492544,-25.912249,-1.9602792,3.9765167,42.10692,-151.6297,2.0558276,22.398201,455.2298,11.246662,21.905725,422.47742
Nissan,Frontier,14.0,154171.0,6,Pickup Truck,Mainstream,1std,Automatic,0,0,0,0,0,0,5500.0,13899.133,-8399.1328125,8399.1328125,-152.71,108.53138,-459.24857,630.93353,23.775736,-35.131493,45.529152,0.19865006,43.88995,52.846127,150.81972,16.606201,-371.4608,-75.1619,-98.44885,260.51733,294.19617
BMW,3 Series,18.0,150000.0,4,Sedan,Luxury,Normal,Automatic,0,0,0,0,0,0,6000.0,10853.696,-4853.6962890625,4853.6962890625,-80.89,108.53138,207.19305,-2188.5227,12.10781,-29.416414,-59.13719,-0.046684906,154.32718,42.19796,-369.84497,66.95057,365.96768,-11.997779,-213.32945,-93.41402,-2008.4335
Honda,CR-V,5.0,83805.0,4,SUV,Mainstream,Normal,Automatic,1,0,0,0,0,0,30988.0,33083.816,-2095.81640625,2095.81640625,-6.76,108.53138,314.184,-360.04477,-0.88006586,-16.59131,-6.0556555,-1.3501977,4.243626,-576.6279,11.002661,0.4852182,138.82756,12.796377,-65.07997,-78.71038,-515.2694
Ford,Bronco,6.0,9.0,4,SUV,Mainstream,Normal,Automatic,0,0,0,0,0,0,37800.0,30652.867,7147.1328125,7147.1328125,18.91,108.53138,-1170.224,-3354.0547,-6.7104955,-32.934853,38.011597,-1.3487251,15.681748,186.23077,388.19766,118.35275,89.6125,170.24966,-324.3163,-352.99173,-4127.713
Lexus,RX,17.0,260000.0,4,SUV,Luxury,Normal,Automatic,0,0,0,0,0,0,12850.0,8322.663,4527.3369140625,4527.3369140625,35.23,108.53138,1692.7664,-1219.2212,17.632065,-35.02879,-3.783717,-0.046684906,-6.078259,90.62173,831.6591,66.51211,112.68621,339.15366,0.91152954,-8.214182,1988.1012
Ford,F-150,6.0,184384.0,6,Pickup Truck,Mainstream,Normal,Automatic,1,0,0,0,0,0,30999.0,28498.74,2500.259765625,2500.259765625,8.07,108.53138,4.4088173,164.06964,-5.317962,-24.101387,32.534218,0.20546809,9.598291,-343.42072,479.26007,5.038559,545.4187,-372.54694,-64.25351,-125.18677,414.23788
GMC,Sierra 3500HD,11.0,262000.0,8,Pickup Truck,Near-luxury,1std,Automatic,0,0,0,0,0,0,29000.0,27969.238,1030.76171875,1030.76171875,3.55,108.53138,-693.15753,-1510.586,17.4265,-68.209114,63.445923,0.36842644,24.464682,61.860836,1277.4625,23.129375,1645.8463,631.3113,-503.14655,3339.2036,4417.951
Mazda,CX-30,5.0,44872.0,4,SUV,Mainstream,Normal,Automatic,0,0,0,0,0,0,25998.0,29398.604,-3400.603515625,3400.603515625,-13.08,108.53138,-1084.8639,310.23953,4.086748,-22.595964,-3.270335,-1.9602792,5.54195,36.225986,-191.15427,1.4608439,33.37446,425.68317,17.25402,20.325508,-341.12115
BMW,3 Series,12.0,50333.0,4,Sedan,Luxury,Normal,Automatic,0,0,0,0,0,0,17999.0,23001.904,-5002.904296875,5002.904296875,-27.8,108.53138,-357.0329,655.0613,31.199894,-99.22445,-62.13757,-1.3901715,32.890266,55.06929,-1282.535,-40.122128,536.01404,455.15628,-254.07191,-91.11542,-313.7071
Nissan,Rogue,4.0,36874.0,4,SUV,Mainstream,Normal,Automatic,0,0,0,0,0,0,24999.0,24797.441,201.55859375,201.55859375,0.81,108.53138,1493.6613,-41.542347,6.3262773,-28.75734,-102.26014,-1.3531109,5.693657,29.871027,184.70236,0.351198,-308.06543,-161.01184,24.262154,86.10333,1296.5123
Toyota,RAV 4 Hybrid,3.0,28500.0,4,SUV,Mainstream,Normal,Automatic,1,0,0,0,0,0,48488.0,45654.125,2833.875,2833.875,5.84,108.53138,1378.746,63.914085,13.839698,-30.613405,-30.435938,-1.9797503,6.624904,-158.99016,465.98398,-7.10991,77.05289,-42.49698,-131.11629,-78.79941,1633.1511
BMW,1 Series,19.0,74500.0,4,Sedan,Luxury,Normal,Manual,0,0,0,0,0,0,6500.0,24249.14,-17749.140625,17749.140625,-273.06,108.53138,-3806.3342,-6930.1636,22.500858,-55.81676,-44.67969,-1.3857572,620.4805,45.80661,-2269.472,-945.0661,314.74347,78.86167,-397.67368,-104.622215,-13364.29
Audi,S4,14.0,152600.0,6,Sedan,Luxury,Normal,Manual,0,0,0,0,0,0,15000.0,19163.639,-4163.638671875,4163.638671875,-27.76,108.53138,430.63837,175.24385,22.180412,-38.808132,22.23416,-0.07761491,15.380177,34.62334,1794.3958,1396.2378,421.34595,387.57208,-119.38193,-33.6647,4616.451
Jeep,Wrangler JK Unlimited,9.0,83400.0,6,SUV,Mainstream,Normal,Automatic,0,0,0,0,0,0,27950.0,26422.635,1527.365234375,1527.365234375,5.46,108.53138,963.555,2988.1633,-0.07218422,-10.361334,2.9319167,-1.385542,12.598495,41.47612,1544.3251,10.1735325,0.7151081,79.683464,-63.40321,-107.9323,5568.9985
Honda,CR-V,9.0,162500.0,4,SUV,Mainstream,Normal,Automatic,0,0,0,0,0,0,16999.0,17779.666,-780.666015625,780.666015625,-4.59,108.53138,132.07623,95.08718,7.840433,-22.123316,7.3929214,-0.035928816,4.4061456,31.415894,-170.08263,-0.47710097,-26.14353,169.0138,-37.231853,-37.452625,262.217
Audi,Q5,4.0,144010.0,4,SUV,Luxury,Normal,Automatic,1,0,0,0,0,0,27990.0,31962.71,-3972.7109375,3972.7109375,-14.19,108.53138,-381.00977,-95.28624,13.720715,-28.36885,-21.952332,-0.035928816,3.5478072,-511.8324,-463.3545,-32.90647,-285.7444,264.83478,-68.648865,-7.3619413,-1505.8672
Mitsubishi,Outlander,10.0,238800.0,4,SUV,Economy,Normal,Automatic,0,0,0,0,0,0,8100.0,9658.83,-1558.830078125,1558.830078125,-19.24,108.53138,-630.4893,-637.83875,-5.0209017,-24.459494,3.6050787,-0.04037352,-11.308623,89.28019,-682.15704,7.564891,57.607864,186.72595,245.42276,-70.06587,-1362.6422
Ford,Mustang Fastback,9.0,106000.0,8,Coupe,Mainstream,Normal,Manual,0,0,0,0,0,0,25500.0,32380.348,-6880.34765625,6880.34765625,-26.98,108.53138,-1692.8971,1227.1064,-14.610701,-77.46554,-9.575284,0.060097374,19.528496,73.0096,-177.2672,-2288.5693,-733.00104,-2740.8755,-241.6037,-354.91858,-6902.5474
RAM,1500,12.0,291000.0,8,Pickup Truck,Mainstream,Normal,Automatic,0,0,0,0,0,0,10750.0,11788.207,-1038.20703125,1038.20703125,-9.66,108.53138,-2312.4385,2638.9333,17.598595,-73.33557,51.25245,0.3644884,-19.532326,36.61521,-518.7265,18.248816,317.82214,164.98735,164.0338,-232.91325,361.4415
Toyota,Highlander,14.0,139828.0,4,SUV,Mainstream,Normal,Automatic,0,0,0,0,0,0,6000.0,16261.342,-10261.341796875,10261.341796875,-171.02,108.53138,-1032.7291,-116.56283,15.791172,-43.486355,-17.122417,-0.34881204,7.175861,-18.170853,-279.9432,24.525295,124.270096,19.60181,46.3684,-62.49655,-1224.5962
Audi,TT,11.0,44041.0,4,Coupe,Luxury,Normal,Automatic,0,0,0,0,0,0,29999.0,46082.527,-16083.52734375,16083.52734375,-53.61,108.53138,-6424.4717,-2231.689,57.94914,-108.6297,-11.611472,-1.3901715,7.767731,20.00636,-833.511,-99.900826,569.3675,1299.0833,-78.71579,-142.02588,-7869.2397
BMW,X3,4.0,52405.0,4,SUV,Luxury,Normal,Automatic,0,0,0,0,0,0,42999.0,43436.2,-437.19921875,437.19921875,-1.02,108.53138,2019.234,-1389.4684,15.2035475,-22.575117,-92.22432,-1.3531109,31.098932,47.773148,-1086.1455,2.0862212,-201.86325,-191.49872,-97.82285,-116.547134,-975.57117
Toyota,Grand Highlander Hybrid,2.0,20005.0,4,SUV,Mainstream,Normal,Automatic,1,0,0,0,0,0,64498.0,48315.66,16182.33984375,16182.33984375,25.09,108.53138,326.37097,1352.6665,15.455993,-7.0477233,11.8355055,-2.3839693,19.730701,-26.196486,1905.557,-18.18972,691.834,-84.548035,21.69781,-81.009186,4234.3047
Audi,A5,12.0,75000.0,6,Coupe,Luxury,Normal,Automatic,0,0,0,0,0,0,16990.0,23938.857,-6948.857421875,6948.857421875,-40.9,108.53138,1347.439,67.1364,33.878178,-49.801105,-5.1641207,-1.4255159,12.357147,83.69621,-149.40071,-34.682175,972.08765,-569.7787,198.22939,-248.94327,1764.1597
Ford,Transit Cargo Van,6.0,122288.0,6,Van,Mainstream,Normal,Automatic,0,0,0,0,0,0,36980.0,31239.828,5740.171875,5740.171875,15.52,108.53138,-466.95413,67.30273,0.4479263,-30.27696,4.382041,-0.111787155,48.93706,30.63922,42.876617,8.049156,613.77734,-67.53886,-37.23421,-84.27254,238.55505
Honda,Civic Type R,2.0,28743.0,4,Sedan,Mainstream,Normal,Manual,0,0,0,0,0,0,66995.0,38033.066,28961.93359375,28961.93359375,43.23,108.53138,2792.2185,-631.1758,-43.811707,-2.7872665,0.3187806,-2.3507934,4.4402256,37.529533,721.3632,2592.5916,-180.96906,1.7330627,-102.6611,-24.79883,5270.171
Buick,Enclave,4.0,20030.0,6,SUV,Near-luxury,2std,Automatic,0,0,0,0,0,0,47500.0,50711.613,-3211.61328125,3211.61328125,-6.76,108.53138,-1512.784,1537.1979,151.99387,-56.244537,-7.20384,-1.3884553,43.609127,-159.07999,-148.91275,-25.39587,-395.1238,206.0634,-18.887907,-316.59137,-594.2169
Honda,Civic Sedan,11.0,85157.0,4,Sedan,Mainstream,Normal,Automatic,0,0,0,0,0,0,14052.0,15254.674,-1202.673828125,1202.673828125,-8.56,108.53138,1489.2805,-541.4341,11.981517,-21.864298,-3.83072,-1.3872583,5.495984,35.267426,-297.5232,-2.4953778,-122.34248,38.10289,15.764951,-116.54825,596.999
Nissan,Frontier,3.0,27960.0,6,Pickup Truck,Mainstream,1std,Automatic,0,0,0,0,0,0,48954.0,52705.656,-3751.65625,3751.65625,-7.66,108.53138,-348.08765,-455.3315,-24.204878,-32.35634,-1.9736575,-1.9829912,47.965942,45.963326,-588.21924,-13.912421,-1368.033,304.8774,-99.48741,-1008.1942,-3434.445
Mercedes-Benz,GLB,5.0,52400.0,4,SUV,Luxury,Normal,Automatic,0,0,0,0,0,1,43867.0,41618.676,2248.32421875,2248.32421875,5.13,108.53138,2477.0835,-2224.2966,22.561253,-23.567377,-2.5893831,-1.3531109,-341.34174,249.25516,-445.14014,0.59734964,-286.53186,-374.4923,-116.738525,-21.685114,-979.7075
Toyota,RAV 4,2.0,36327.0,4,SUV,Mainstream,Normal,Automatic,0,0,0,0,0,0,38499.0,40755.215,-2256.21484375,2256.21484375,-5.86,108.53138,-1884.2295,-595.45337,12.490552,0.8119185,-442.10822,-2.3839693,6.6308036,-49.98998,-2396.4,5.7245107,143.8868,-37.483093,45.20422,-42.813004,-5127.581
Hyundai,Elantra,10.0,185000.0,4,Sedan,Economy,Normal,Automatic,0,0,0,0,0,0,9900.0,8781.609,1118.390625,1118.390625,11.3,108.53138,668.16437,375.2314,2.1510844,-26.126108,9.990171,-0.04037352,6.8254895,30.60894,-173.51321,16.70325,-78.15715,71.209595,176.94173,-43.112495,1145.4078
Honda,CR-V,20.0,264000.0,4,SUV,Mainstream,Normal,Automatic,0,0,0,0,0,0,6000.0,3837.4258,2162.57421875,2162.57421875,36.04,108.53138,-1985.1895,4012.725,10.082865,-34.07642,8.6994295,-0.046684906,84.25867,34.98034,-573.1059,17.706705,141.07307,164.18997,54.406147,-66.21562,1978.0195
GMC,Terrain,3.0,40335.0,4,SUV,Near-luxury,Normal,Automatic,0,0,0,0,0,0,29995.0,33918.2,-3923.19921875,3923.19921875,-13.08,108.53138,-543.66364,-822.7478,8.037803,-39.426044,-17.638498,-1.9797503,3.6830812,40.5995,51.82399,-0.12993583,105.423416,75.973145,88.45944,-416.1849,-1359.2386
Hyundai,Santa Fe,4.0,74906.0,4,SUV,Economy,Normal,Automatic,0,0,0,0,0,0,27995.0,25038.33,2956.669921875,2956.669921875,10.56,108.53138,-677.1565,166.27637,-7.0447946,-27.68122,-25.30386,-1.3531109,4.1770067,28.390303,113.79671,13.524914,78.88748,12.868841,217.27716,-50.085323,-44.894615
Mazda,CX-5,5.0,59968.0,4,SUV,Mainstream,Normal,Automatic,0,0,0,0,0,0,27995.0,28715.02,-720.01953125,720.01953125,-2.57,108.53138,396.98166,-209.72859,3.436602,-22.226513,-2.4619641,-1.9602792,5.6300297,44.472263,-261.0025,-4.5607495,62.856827,268.88724,40.569168,-1.7957048,427.62885
Toyota,C-HR,6.0,108326.0,4,SUV,Mainstream,Normal,Automatic,0,1,0,0,0,0,20995.0,29955.426,-8960.42578125,8960.42578125,-42.68,108.53138,-575.56866,-249.27304,-74.98982,-23.327589,-15.344681,-0.07644282,7.206567,-17.202517,-140.32962,21.019066,58.78125,-51.8015,-51.87297,-21.917992,-1026.1665
Ford,F-150,3.0,67843.0,6,Pickup Truck,Mainstream,Normal,Automatic,0,1,0,0,0,0,51995.0,52947.97,-952.96875,952.96875,-1.83,108.53138,-159.52992,-274.58508,425.7848,-24.319056,-3.5281382,-1.9936112,5.1643186,42.536415,1208.265,1.6389391,172.75752,-102.08043,-114.84591,-145.60849,1138.1877
Kia,Rio,14.0,125869.0,4,Sedan,Economy,Normal,Automatic,0,0,0,0,0,0,5800.0,6744.177,-944.1767578125,944.1767578125,-16.28,108.53138,-155.15459,-386.3349,2.2026854,-28.876585,-1.3047994,-0.113503516,8.255655,57.00209,191.10071,17.19888,25.441568,78.98031,164.38356,-31.82237,49.49006
Mazda,Mazda3,14.0,178547.0,4,Sedan,Mainstream,Normal,Automatic,0,0,0,0,0,0,5800.0,7107.1997,-1307.19970703125,1307.19970703125,-22.54,108.53138,-166.33203,420.98938,10.249191,-29.958282,12.279471,-0.6538531,6.671012,31.875036,-284.86566,31.652826,65.33727,204.98645,13.61905,15.937924,440.31918
Hyundai,Tucson,11.0,235604.0,4,SUV,Economy,Normal,Automatic,0,0,0,0,0,0,7800.0,8408.7705,-608.7705078125,608.7705078125,-7.8,108.53138,443.89563,-1216.3281,5.496347,-42.639355,9.035787,-0.046684906,-11.103465,43.52454,-69.89547,9.16962,-78.88761,143.36073,253.57202,-70.56436,-472.87903
Toyota,Tundra,5.0,80101.0,6,Pickup Truck,Mainstream,Normal,Automatic,0,0,0,1,0,0,50998.0,51047.555,-49.5546875,49.5546875,-0.1,108.53138,426.40622,-198.5465,-0.17618899,-35.75983,29.882597,-0.89819396,13.1523695,23.641909,-584.6216,37.905178,-1366.2725,-596.8694,-123.93202,-156.48648,-2424.043
BMW,3 Series,3.0,19061.0,4,Sedan,Luxury,Normal,Automatic,0,0,0,0,0,0,47999.0,54107.855,-6108.85546875,6108.85546875,-12.73,108.53138,2759.9902,-513.3449,2.6916907,-20.65404,-79.531525,-1.9797503,45.15858,31.325176,95.45298,-26.775553,637.62976,-312.2485,5.721648,-148.08975,2583.8772
Volkswagen,Atlas Cross Sport,2.0,13350.0,4,SUV,Mainstream,1std,Automatic,0,1,0,0,0,0,42995.0,47337.07,-4342.0703125,4342.0703125,-10.1,108.53138,1253.3862,-1919.6342,-225.2928,17.151882,30.445904,-2.5908606,63.390648,47.83377,462.36496,-17.172895,-57.322735,-270.49872,269.99222,650.97015,411.5549
Chevrolet,Equinox,9.0,244236.0,4,SUV,Economy,Normal,Automatic,0,1,0,0,0,0,5800.0,8406.076,-2606.076171875,2606.076171875,-44.93,108.53138,-856.11365,147.49066,93.340805,-23.762379,12.129772,-0.035928816,-2.4373548,36.279556,156.43935,5.7375603,-107.03204,62.922653,407.65656,-181.67574,-140.52887
Audi,Q5 Sportback,4.0,53475.0,4,SUV,Luxury,Normal,Automatic,0,1,0,0,0,0,42995.0,35656.668,7338.33203125,7338.33203125,17.07,108.53138,1317.02,-1706.3362,-271.20016,-21.256134,-24.750238,-1.3531109,4.805494,37.385014,-542.1279,-58.043926,-40.82491,-13.942947,-124.10078,-5.3319635,-1341.5265
Nissan,Kicks,3.0,26329.0,4,SUV,Mainstream,Normal,Automatic,0,1,0,0,0,0,20995.0,25955.984,-4960.984375,4960.984375,-23.63,108.53138,170.34846,-147.9193,-52.064713,-29.527798,-10.553285,-1.9797503,5.7838554,28.486986,342.28162,-20.073057,-372.81476,-204.4258,10.57525,28.761938,-144.58896
Volkswagen,Tiguan,3.0,69497.0,4,SUV,Mainstream,Normal,Automatic,0,1,0,0,0,0,24995.0,28263.678,-3268.677734375,3268.677734375,-13.08,108.53138,-871.21204,185.13263,-56.384804,-20.991266,-1.7251322,-2.7276218,4.121234,40.81291,69.98166,12.313602,27.469969,-255.78917,-59.89123,-59.360565,-879.7185
Mazda,Mazda3 Sport,3.0,44441.0,4,Sedan,Mainstream,Normal,Automatic,0,1,0,0,0,0,24995.0,27579.912,-2584.912109375,2584.912109375,-10.34,108.53138,-1798.4514,307.57294,-25.904476,-13.711358,-11.798156,-2.5869186,4.7365522,17.7402,-230.34296,1.4359186,-29.139292,214.26974,-1.6158942,50.757923,-1408.5055
Dodge,Challenger,15.0,120000.0,8,Coupe,Mainstream,Normal,Automatic,0,0,0,0,0,0,28000.0,19504.922,8495.078125,8495.078125,30.34,108.53138,-3087.8967,4037.973,-26.419498,-85.143326,-23.377554,0.020928558,29.712069,68.69106,604.77216,52.84925,16.937874,1.5074615,-80.09443,-276.05533,1342.0082
Buick,Enclave,12.0,145000.0,6,SUV,Near-luxury,2std,Automatic,0,0,0,0,0,0,19000.0,13644.213,5355.787109375,5355.787109375,28.19,108.53138,-216.37608,-97.492836,137.69814,-41.436424,-3.4583766,-0.08202924,22.522768,-146.20178,-402.07486,5.5406146,236.33017,-399.67154,67.69826,242.31679,-486.15588
Kia,Niro EV,1.0,7213.0,4,SUV,Economy,Normal,Automatic,0,0,0,0,0,0,55945.0,38020.863,17924.13671875,17924.13671875,32.04,108.53138,358.43875,920.5416,4.8885713,5.016661,-4.1075897,-2.3795836,58.250217,230.88188,494.42526,109.78278,126.63834,411.15738,737.69855,-224.9899,3334.7742
BMW,X1,4.0,13898.0,4,SUV,Luxury,Normal,Automatic,0,0,0,0,0,0,38995.0,46260.266,-7265.265625,7265.265625,-18.63,108.53138,99.98696,-1418.8558,7.197291,-31.867174,-173.30058,-1.3531109,45.04979,24.921904,-1031.3234,-18.340704,-309.45093,194.78094,-620.04736,-145.02531,-3269.0962
Toyota,RAV 4,7.0,48025.0,4,SUV,Mainstream,Normal,Automatic,0,0,0,0,0,0,39995.0,29411.584,10583.416015625,10583.416015625,26.46,108.53138,-1605.9945,-382.02594,8.872626,-22.68887,-17.981289,-1.3531109,7.055417,645.87164,-45.968887,1.4085196,-20.687502,268.27744,205.45822,-12.832424,-864.05725
Subaru,Forester,12.0,141309.0,4,SUV,Mainstream,Normal,Automatic,0,0,0,0,0,0,16495.0,12203.433,4291.5673828125,4291.5673828125,26.02,108.53138,-709.0742,-44.1268,16.237057,-27.751717,-4.6735573,-0.34881204,5.598652,35.368504,-70.1706,-1.850511,-11.846424,95.703606,47.85618,-36.95745,-597.50476
Lexus,RX,4.0,50750.0,4,SUV,Luxury,Normal,Automatic,1,0,0,0,0,0,59995.0,49063.344,10931.65625,10931.65625,18.22,108.53138,-265.11777,178.86543,5.828653,-22.04998,-42.192738,-1.3531109,-1.1420557,-650.3504,616.3253,1.3825747,93.91908,335.3837,-92.56491,4.3069305,269.7721
Mazda,CX-30,5.0,17436.0,4,SUV,Mainstream,Normal,Automatic,0,0,0,0,0,0,26998.0,30485.473,-3487.47265625,3487.47265625,-12.92,108.53138,1077.3655,-1262.1411,13.108685,-34.490833,-3.4185333,-1.9602792,20.816751,18.228262,-110.354385,-22.93848,-216.07,471.5677,67.54158,-5.0017204,120.7845
Subaru,Crosstrek,3.0,45345.0,4,SUV,Mainstream,Normal,Automatic,0,0,0,0,0,0,29995.0,33403.613,-3408.61328125,3408.61328125,-11.36,108.53138,-830.49005,-122.00683,6.669209,-15.592607,-15.438283,-1.9797503,4.1906614,41.133545,-294.00146,31.840345,118.31118,218.07333,16.243187,-34.047134,-768.56335
Hyundai,Kona,1.0,26945.0,4,SUV,Economy,Normal,Automatic,0,0,0,0,0,0,36049.0,35952.53,96.46875,96.46875,0.27,108.53138,-613.60126,-1481.5481,1.7831279,-46.841442,-0.3520389,-2.3839693,44.347477,61.47451,-864.0622,-23.007692,-64.298485,-162.80946,107.698906,-129.2916,-3064.361
Subaru,Ascent,2.0,28348.0,4,SUV,Mainstream,Normal,Automatic,0,0,0,0,0,0,50500.0,36857.523,13642.4765625,13642.4765625,27.01,108.53138,1567.2391,-15.517659,6.097656,20.37708,-1.7613022,-2.3839693,6.418299,39.144012,19.588463,15.232568,-274.81955,-43.67441,-112.452896,-94.160324,1237.8585
Hyundai,Kona,8.0,40000.0,4,SUV,Economy,Normal,Automatic,0,0,0,0,0,0,16816.0,22245.082,-5429.08203125,5429.08203125,-32.29,108.53138,2142.0273,-1800.8547,23.138079,-64.839485,-3.038825,-1.3531109,6.626341,37.458904,-829.72076,-1.6853395,-26.334724,-229.02824,162.49506,-11.819999,-488.39813
GMC,Terrain,5.0,117508.0,4,SUV,Near-luxury,Normal,Automatic,0,0,0,0,0,0,19700.0,25124.395,-5424.39453125,5424.39453125,-27.53,108.53138,480.17825,-1805.5952,8.590313,-66.004105,-21.1432,-0.07644282,5.447906,35.443012,802.04114,11.962956,41.806557,99.66846,112.76229,-201.10078,-387.48755
Toyota,Camry,18.0,225000.0,4,Sedan,Mainstream,Normal,Automatic,1,0,0,0,0,0,6000.0,6402.544,-402.5439453125,402.5439453125,-6.71,108.53138,1598.1576,-2118.0583,16.377369,-32.154987,0.8902961,-0.046684906,98.50496,-245.18492,139.5499,91.29019,278.24283,79.541306,35.074783,-14.246833,36.46881
Volkswagen,Jetta Sedan,12.0,181500.0,4,Sedan,Mainstream,Normal,Manual,0,0,1,0,0,0,9500.0,8280.268,1219.732421875,1219.732421875,12.84,108.53138,-819.39667,467.1112,19.235533,1026.6156,17.288702,-6.9535046,0.47747374,31.629768,259.34134,-248.83508,-202.86192,-54.00633,5.4040546,-6.0000677,597.58154
BMW,3 Series,4.0,14497.0,4,Sedan,Luxury,Normal,Automatic,0,0,0,0,0,0,62999.0,48250.543,14748.45703125,14748.45703125,23.41,108.53138,-332.69992,-725.7654,5.2716537,-22.400633,-173.29588,-1.3531109,45.711914,24.145864,171.6723,-17.974329,653.9503,-20.64737,-625.95966,-102.813286,-1013.6262
BMW,7 Series,17.0,214000.0,6,Sedan,Luxury,2std,Automatic,0,0,0,0,0,0,7999.0,19998.92,-11999.919921875,11999.919921875,-150.02,108.53138,501.84314,-1160.8954,129.03062,-26.36999,-49.727436,-0.08202924,42.943317,-141.79364,315.99664,80.24008,-1973.8784,-159.62689,-114.15508,-2040.3029,-4488.2466
Mercedes-Benz,CLA,4.0,35978.0,4,Sedan,Luxury,Normal,Automatic,0,0,0,0,0,0,38900.0,44907.57,-6007.5703125,6007.5703125,-15.44,108.53138,7634.3994,63.408024,8.326241,-12.52415,-40.62379,-1.3531109,19.00542,100.41481,7787.073,-3.08137,261.54248,-1000.5253,-149.1264,12.628727,14788.097
Audi,Q5,16.0,235800.0,4,SUV,Luxury,Normal,Automatic,0,0,0,0,0,0,7000.0,4337.1787,2662.8212890625,2662.8212890625,38.04,108.53138,1207.3677,-1294.9263,12.834001,-35.25727,9.263131,-0.046684906,-0.52201027,56.327328,-331.46518,-37.286472,-106.68972,499.25024,-41.707985,-76.32635,-30.654198
Subaru,Forester,7.0,22000.0,4,SUV,Mainstream,Normal,Automatic,0,0,0,0,0,0,29988.0,25583.521,4404.478515625,4404.478515625,14.69,108.53138,-1554.2173,-1546.1737,9.430547,-28.165396,-6.483851,-1.3531109,13.695153,26.611183,-232.91689,-31.16726,-199.12772,32.42044,59.89174,22.301428,-3326.7231
Volkswagen,Tiguan,4.0,81000.0,4,SUV,Mainstream,Normal,Automatic,0,0,0,0,0,0,24988.0,25899.945,-911.9453125,911.9453125,-3.65,108.53138,-435.26147,-10.215598,6.022439,-19.984976,-17.025751,-2.1009824,4.1422644,29.956934,-5.668993,13.03555,95.39736,-242.6153,-109.5336,-154.21216,-739.53296
Hyundai,Elantra,3.0,80000.0,4,Sedan,Economy,Normal,Automatic,0,0,0,0,0,0,17988.0,20206.783,-2218.783203125,2218.783203125,-12.33,108.53138,-199.7282,-296.9976,-9.135313,-23.149271,-20.931437,-1.9797503,4.95942,39.44407,-235.59854,25.250101,-168.9505,-122.85851,133.19872,-133.65686,-901.6023
Volvo,XC90 Recharge,5.0,64745.0,4,SUV,Luxury,Normal,Automatic,0,0,0,0,0,0,54880.0,40037.188,14842.8125,14842.8125,27.05,108.53138,-872.7827,-149.01274,7.3283973,-35.86384,-2.1722531,-1.3436698,6.4098597,26.356766,-245.25974,11.789585,45.53175,38.737717,-373.44208,-173.20222,-1608.3938
Mazda,Mazda3,17.0,160350.0,4,Sedan,Mainstream,Normal,Automatic,0,0,0,0,0,0,7500.0,5669.7827,1830.21728515625,1830.21728515625,24.4,108.53138,767.94,-771.14276,10.274635,-29.94654,12.155679,-0.6538531,6.1701164,31.875036,-304.578,76.874176,73.5621,227.13747,43.357754,13.260534,264.81772
Mitsubishi,Outlander PHEV,3.0,11750.0,4,SUV,Economy,1std,Automatic,1,0,0,0,0,0,42000.0,45509.37,-3509.37109375,3509.37109375,-8.36,108.53138,-2028.0264,281.8748,3.1062024,-20.984373,16.606379,-1.9691303,61.887173,-779.8024,-358.45505,-21.088171,16.903355,274.31168,619.38666,115.13132,-1712.5865
Chevrolet,Trailblazer,22.0,227175.0,4,SUV,Economy,Normal,Automatic,0,0,0,0,0,0,7990.0,632.7153,7357.284729003906,7357.284729003906,92.08,108.53138,89.52536,2345.354,1.0076436,-37.34104,14.353541,-0.046684906,67.1008,36.183315,-589.32837,24.221668,111.7897,102.27252,98.051704,-204.70161,2166.974
Toyota,Highlander,7.0,76700.0,4,SUV,Mainstream,Normal,Automatic,0,0,0,0,0,0,34900.0,28976.172,5923.828125,5923.828125,16.97,108.53138,3.830072,11.851298,7.9385624,-20.63889,-15.282291,-1.3531109,6.9919653,-15.495791,-146.39609,26.305845,101.241684,-76.34317,-71.74814,-121.9473,-202.51398
Hyundai,Tucson,11.0,106988.0,4,SUV,Economy,Normal,Automatic,0,0,0,0,0,0,12900.0,13139.202,-239.2021484375,239.2021484375,-1.85,108.53138,543.18695,-250.1149,9.145908,-44.12244,-2.930217,-0.113503516,6.810525,34.609756,-151.55244,8.321179,-86.41741,42.71683,165.68611,-72.76225,310.99545
BMW,3 Series,15.0,71354.0,4,Sedan,Luxury,Normal,Automatic,0,0,0,0,0,0,15999.0,17262.623,-1263.623046875,1263.623046875,-7.9,108.53138,1089.833,1170.6211,17.936665,-41.43338,-44.122967,-1.3901715,33.20612,45.943577,-344.88153,18.88705,106.20069,-49.32877,-264.81027,-120.98519,1724.2074
Kia,Sedona,10.0,126435.0,6,Minivan,Economy,Normal,Automatic,0,1,0,0,0,0,14999.0,17193.791,-2194.791015625,2194.791015625,-14.63,108.53138,451.81573,-21.708012,325.473,-24.303448,-4.729119,-0.12710159,10.861699,57.178894,-474.55246,74.882126,103.9214,-350.0104,496.83295,-7.5489364,746.5176
Audi,A4,14.0,141040.0,4,Sedan,Luxury,Normal,Automatic,0,1,0,0,0,0,12999.0,8441.748,4557.251953125,4557.251953125,35.06,108.53138,-188.0094,-106.712585,-37.850037,-27.895527,-3.769927,-0.34881204,7.3444767,32.85178,-163.42186,-58.92442,-74.857346,9.880428,-206.7169,-17.208096,-727.1069
Mazda,Mazda3,13.0,135817.0,4,Sedan,Mainstream,Normal,Manual,0,0,0,0,0,0,10995.0,11058.464,-63.4638671875,63.4638671875,-0.58,108.53138,-132.48264,-440.5364,14.641238,-43.38655,-5.681044,-0.71625733,5.4371877,32.75404,-161.3209,-450.67044,32.53035,225.97264,55.61171,20.784231,-738.53143
Mazda,Mazda3,11.0,120631.0,4,Sedan,Mainstream,Normal,Automatic,0,0,0,0,1,0,14994.0,13233.983,1760.0166015625,1760.0166015625,11.74,108.53138,273.68286,-771.4866,10.239517,-38.36925,-5.9928756,-1.8639994,7.2524366,33.207836,-232.38884,10.692804,-67.62562,124.605736,11.0282135,8.199011,-530.2874
Chevrolet,Equinox,17.0,215000.0,4,SUV,Economy,Normal,Automatic,0,0,0,0,0,0,5900.0,3636.1636,2263.83642578125,2263.83642578125,38.37,108.53138,335.56308,-241.70839,-1.1438134,-38.106983,14.344419,-0.046684906,-23.656292,22.461517,-511.09973,62.69637,113.49759,239.45134,110.04029,-152.16383,38.660263
Hyundai,Elantra,7.0,164090.0,4,Sedan,Economy,Normal,Automatic,0,0,0,0,0,0,10999.0,12947.356,-1948.3564453125,1948.3564453125,-17.71,108.53138,175.72113,-137.91446,-7.4778357,-25.131147,10.092592,-0.035928816,6.0584807,32.334644,-139.0227,12.623089,-69.16479,54.275497,179.62854,-29.84333,170.67516
RAM,ProMaster Cargo Van,13.0,175840.0,6,Van,Mainstream,Normal,Automatic,0,0,0,0,0,0,15999.0,11132.352,4866.6484375,4866.6484375,30.42,108.53138,-237.60791,504.3699,39.58707,-43.38479,14.078455,-0.08202924,45.8571,35.962547,639.1523,7.9857693,378.43015,-253.61325,15.498331,-43.65096,1211.1139
Nissan,Rogue,11.0,97500.0,4,SUV,Mainstream,Normal,Automatic,0,0,0,0,0,0,11900.0,11755.731,144.2685546875,144.2685546875,1.21,108.53138,170.30232,-434.015,19.950518,-39.966885,-2.7563794,-0.12637459,6.428974,34.567577,315.58377,10.946611,-271.01465,-32.209404,10.423545,-24.070684,-127.42469
Kia,Soul,7.0,16033.0,4,Hatchback,Economy,Normal,Automatic,0,0,0,0,0,0,19998.0,14755.284,5242.7158203125,5242.7158203125,26.22,108.53138,3869.986,-408.7524,-21.770287,-33.98031,-1.5936513,-1.3531109,18.00138,71.345634,-514.42444,-177.57336,1168.75,460.71863,-367.62527,-0.4807682,4169.78
Toyota,Corolla iM,9.0,180600.0,4,Sedan,Mainstream,Normal,Automatic,0,0,0,0,0,0,10998.0,14169.122,-3171.1220703125,3171.1220703125,-28.83,108.53138,3.086428,181.53473,14.10964,-20.672762,-4.0675936,-0.035928816,7.1671257,-19.542208,-424.53427,36.23495,-168.09912,-22.059204,-32.466812,-35.38758,-376.20123
Lexus,UX,8.0,122939.0,4,SUV,Luxury,Normal,Automatic,1,0,1,0,0,0,25998.0,29973.465,-3975.46484375,3975.46484375,-15.29,108.53138,943.6602,-371.14148,10.818879,454.1872,-20.863554,-6.81994,0.41508588,-687.52496,294.66833,1.3127397,30.019238,207.45804,-76.55728,31.306181,919.4702
Volkswagen,Atlas Cross Sport,7.0,93100.0,4,SUV,Mainstream,1std,Automatic,0,0,0,0,0,0,35998.0,28878.225,7119.775390625,7119.775390625,19.78,108.53138,-375.4979,-284.7463,7.6252227,-18.149445,7.6882033,-0.29620513,32.7838,51.65177,29.132772,7.0542703,-202.6731,-324.44443,-52.700726,472.54382,-541.4968
Ford,Flex,8.0,93167.0,6,SUV,Mainstream,Normal,Automatic,0,0,0,0,0,0,19990.0,25695.889,-5705.888671875,5705.888671875,-28.54,108.53138,-9.361999,-484.14554,5.297116,-23.6881,4.023462,-0.12465823,13.247444,36.397022,-438.10437,7.688574,-209.53816,-94.55644,-42.051086,-111.85227,-1238.2377
Hyundai,Genesis Sedan,12.0,99000.0,6,Coupe,Economy,Normal,Automatic,0,0,0,0,0,0,15999.0,16969.482,-970.482421875,970.482421875,-6.07,108.53138,-979.8875,345.57544,-21.41127,-42.174038,-6.509895,-0.14884785,12.937072,83.27962,-271.38177,18.533726,-694.21936,-625.59393,102.630844,-151.37454,-2121.213
Hyundai,Tucson,11.0,169300.0,4,SUV,Economy,Normal,Automatic,0,0,0,0,0,0,11999.0,10305.951,1693.048828125,1693.048828125,14.11,108.53138,710.32294,-415.10062,3.4140668,-43.07615,9.908542,-0.046684906,5.838548,33.31384,-131.20192,9.796151,-123.984695,109.756256,178.67688,-68.34928,387.7993
Ford,Escape,12.0,153016.0,4,SUV,Mainstream,Normal,Automatic,0,0,0,0,0,0,8990.0,9194.333,-204.3330078125,204.3330078125,-2.27,108.53138,105.55106,224.3414,15.147109,-35.602234,16.89286,-0.046684906,6.1741867,32.851906,655.61945,7.39447,-103.93193,192.01382,28.378279,-122.85878,1130.4563
Hyundai,Tucson,10.0,171831.0,4,SUV,Economy,Normal,Automatic,0,0,0,0,0,0,11990.0,11374.662,615.337890625,615.337890625,5.13,108.53138,-55.01303,322.2207,3.5559044,-32.456993,7.8939734,-0.04037352,5.5871882,33.280968,-131.80225,8.255113,-74.82666,154.64905,178.83995,-69.39825,459.27664
Mercedes-Benz,GLC,6.0,29268.0,4,SUV,Luxury,Normal,Automatic,0,0,0,0,0,0,36400.0,36880.234,-480.234375,480.234375,-1.32,108.53138,952.2059,-886.67096,11.393182,-35.11609,-3.11928,-1.3531109,14.692873,115.784645,963.4393,-55.304756,-364.94644,-729.1935,-173.88716,-51.04385,-134.58798
Mercedes-Benz,C-Class Sedan,11.0,103017.0,4,Sedan,Luxury,Normal,Automatic,0,0,0,0,0,0,20600.0,17348.244,3251.755859375,3251.755859375,15.79,108.53138,551.00903,64.98283,22.087519,-29.98067,-2.8221304,-0.113503516,22.217548,210.85303,946.3026,8.8161125,245.69382,-356.30765,-67.36352,-73.50624,1650.4003
Toyota,Highlander,12.0,137700.0,4,SUV,Mainstream,Normal,Automatic,0,0,0,0,0,0,25500.0,18766.447,6733.552734375,6733.552734375,26.41,108.53138,-816.7126,-422.868,15.640007,-36.092255,-21.216745,-0.34881204,6.4048624,-17.59724,-251.4793,15.240928,124.97038,14.428518,47.613483,-59.241222,-1292.7266
BMW,Z4 Roadster,21.0,161879.0,4,Convertible,Luxury,Normal,Manual,0,0,0,0,0,0,25899.0,8613.552,17285.4482421875,17285.4482421875,66.74,108.53138,-372.55685,2910.7878,16.771551,-51.7306,-56.74128,-0.04227057,111.03883,40.9027,-563.8435,-669.1279,-27.282375,47.122032,-277.45712,-163.25784,1053.1144
Honda,Civic Sedan,18.0,82700.0,4,Sedan,Mainstream,Normal,Automatic,0,0,0,0,0,0,11900.0,10992.824,907.17578125,907.17578125,7.62,108.53138,6.5562057,-2935.37,11.923068,-22.549187,-5.1054187,-1.3872583,115.80596,35.46519,-282.94943,50.358955,103.55071,-55.864563,146.82016,-82.63792,-2806.8523
Mazda,Mazda3,11.0,81688.0,4,Sedan,Mainstream,Normal,Manual,0,0,0,0,0,0,11799.0,14896.246,-3097.24609375,3097.24609375,-26.25,108.53138,589.7658,-502.09714,20.324163,-38.89615,-2.918454,-1.9900123,5.50079,36.742268,-298.87903,-418.09128,-120.083954,55.06609,-4.422071,-62.153076,-633.6007
Mercedes-Benz,C-Class,10.0,75704.0,4,Sedan,Luxury,Normal,Automatic,0,0,0,0,0,0,16000.0,22228.676,-6228.67578125,6228.67578125,-38.93,108.53138,1582.3706,1251.6971,23.41828,-9.50902,-2.4982176,-1.3684254,20.852655,212.60687,1606.3838,21.8507,208.19583,-338.16083,13.518179,-130.43842,4567.45
Mazda,Mazda6,7.0,176500.0,4,Sedan,Mainstream,Normal,Automatic,0,0,0,0,0,0,15995.0,15435.21,559.7900390625,559.7900390625,3.5,108.53138,15.858219,-94.84128,0.6780646,-17.914083,10.092592,-0.6430971,6.11918,31.856241,-236.79483,12.736288,-54.905365,228.4016,-33.09326,20.69999,-3.2183533
Acura,MDX,11.0,237200.0,6,SUV,Luxury,1std,Automatic,0,0,0,0,0,0,14995.0,13942.8125,1052.1875,1052.1875,7.02,108.53138,-239.30827,-746.8871,13.64466,-31.499958,23.460278,-0.07809122,25.666386,54.73008,-412.6148,12.9954,-252.27594,-256.302,102.808495,688.9028,-908.2266
Acura,RDX,9.0,77000.0,4,SUV,Luxury,Normal,Automatic,0,0,0,0,0,0,25995.0,23605.771,2389.228515625,2389.228515625,9.19,108.53138,2288.5425,683.05945,23.917915,-21.533329,0.77507645,-1.3531109,6.98398,35.641563,-339.96518,24.67579,-5.050113,47.110817,6.7700267,-150.9556,2707.1516
Ford,Explorer,9.0,136752.0,6,SUV,Mainstream,Normal,Automatic,0,0,0,0,0,0,21980.0,19741.17,2238.830078125,2238.830078125,10.19,108.53138,396.15976,442.19675,10.903753,-24.754314,2.3417873,-0.111787155,9.629263,34.832348,-256.05463,7.506461,-139.6111,-121.03429,-27.884829,-130.99342,311.6571
Nissan,Sentra,4.0,82514.0,4,Sedan,Mainstream,Normal,Automatic,0,0,1,1,0,0,18995.0,19212.105,-217.10546875,217.10546875,-1.14,108.53138,-230.91223,154.13644,11.557495,304.0172,446.6169,-7.6138787,4.676199,33.610176,119.13975,5.9086733,-499.6855,-169.53735,-98.03486,11.717373,194.12784
Subaru,Outback,12.0,132684.0,4,SUV,Mainstream,1std,Automatic,0,0,0,0,0,0,12998.0,15095.326,-2097.326171875,2097.326171875,-16.14,108.53138,-224.50003,-22.122694,15.914676,-29.08164,-2.2248385,-0.1095655,38.844288,51.48041,-188.04779,26.4485,-102.83959,-34.25592,21.297146,473.41095,132.74521
Dodge,Grand Caravan,10.0,176115.0,6,Minivan,Mainstream,Normal,Automatic,0,0,1,0,0,0,13495.0,11898.541,1596.458984375,1596.458984375,11.83,108.53138,-1632.6016,1179.6077,9.831976,845.06146,4.0725174,-6.819216,8.728683,37.527626,829.6484,14.555405,-147.32535,58.300068,-51.100304,-35.33127,1222.6874
Subaru,Impreza,11.0,93947.0,4,Sedan,Mainstream,Normal,Automatic,0,0,0,0,0,0,13798.0,13713.75,84.25,84.25,0.61,108.53138,-51.660797,-387.15616,-7.7793255,-24.218632,-3.6390686,-0.12637459,7.185235,34.734283,95.14279,0.15651387,39.580647,-78.43686,38.87006,-6.09828,-234.91455
Hyundai,ACCENT,10.0,48825.0,4,Hatchback,Economy,Normal,Automatic,0,0,0,0,0,0,12198.0,13511.089,-1313.0888671875,1313.0888671875,-10.76,108.53138,-919.51685,918.3182,16.338877,-31.20786,-3.613405,-1.3684254,5.8412466,46.18111,-92.532555,-65.90095,-179.47804,566.64813,70.969536,-37.7199,401.49048
Subaru,Forester,10.0,73503.0,4,SUV,Mainstream,Normal,Automatic,0,0,0,0,0,0,17998.0,18606.984,-608.984375,608.984375,-3.38,108.53138,603.09515,975.0229,21.75688,-15.538893,-5.227225,-1.3684254,5.322956,37.614105,8.143778,9.287686,33.78385,35.782818,-4.806706,-37.895893,1773.5044
Subaru,Outback,8.0,90943.0,4,SUV,Mainstream,1std,Automatic,0,0,0,0,0,0,21798.0,24567.473,-2769.47265625,2769.47265625,-12.71,108.53138,1591.5583,-606.0541,10.8347225,-17.649876,-2.1436117,-1.3395777,32.781887,54.365097,-167.39761,28.9078,-495.87842,-176.84122,-24.67481,230.58165,565.58154
BMW,X5 M,17.0,171091.0,6,SUV,Luxury,2std,Automatic,0,0,0,0,0,0,18800.0,19537.346,-737.345703125,737.345703125,-3.92,108.53138,1526.9822,-1271.1865,133.93591,-31.113852,-50.896507,-0.08202924,49.0503,-137.18846,1263.4745,66.999825,689.6674,-385.4477,-113.64427,1953.2107,3802.293
Volkswagen,Tiguan,6.0,105870.0,4,SUV,Mainstream,Normal,Automatic,0,0,1,0,0,0,21995.0,21352.307,642.693359375,642.693359375,2.92,108.53138,-161.17673,-60.305042,7.6070805,481.8981,2.7426531,-6.987676,6.3626566,34.722855,442.91815,2.3113651,41.092617,-187.88644,-39.151497,-32.022984,640.65643
Toyota,RAV 4,6.0,82078.0,4,SUV,Mainstream,Normal,Automatic,0,0,0,0,0,0,34999.0,31375.97,3623.029296875,3623.029296875,10.35,108.53138,438.21454,-545.6548,7.1440783,-19.90087,-16.95795,-1.3501977,7.005706,-13.786872,-66.87805,19.432817,185.66869,-55.59221,-85.094635,-127.51829,-166.73666
Toyota,Tacoma,10.0,167101.0,4,Pickup Truck,Mainstream,Normal,Automatic,0,0,0,0,0,0,29980.0,30998.34,-1018.33984375,1018.33984375,-3.4,108.53138,296.46375,530.3188,9.92854,-27.361456,10.46814,0.23636778,6.591682,-18.798874,-556.04987,23.175117,-62.401802,116.79588,-29.881073,-104.71286,303.3037
Toyota,RAV 4 Hybrid,4.0,90491.0,4,SUV,Mainstream,Normal,Automatic,0,0,0,0,0,0,36791.0,34342.285,2448.71484375,2448.71484375,6.66,108.53138,-1157.5087,-175.55429,6.4231725,-30.42657,-43.36085,-1.3501977,5.0352287,-22.441242,3.958457,22.035492,216.96823,-12.989536,12.815329,-47.3733,-1115.2372
Mercedes-Benz,Sprinter Cargo Van,6.0,156600.0,4,Van,Luxury,Normal,Automatic,0,0,0,0,0,0,30988.0,37041.285,-6053.28515625,6053.28515625,-19.53,108.53138,-1118.4425,-614.6481,27.175972,-32.588394,19.384827,-0.035928816,79.79256,232.37772,-359.82187,10.813596,-53.082275,43.44404,-26.089293,-68.088135,-1751.2762
Audi,SQ5 Sportback,5.0,94322.0,6,SUV,Luxury,Normal,Automatic,0,0,0,0,0,0,40999.0,41199.41,-200.41015625,200.41015625,-0.49,108.53138,591.11847,-490.2536,17.062223,-25.23371,2.6164744,-0.12465823,12.658316,51.151386,-432.15964,-60.226154,-322.5875,203.79181,-28.254906,-67.593475,-439.5036
Mercedes-Benz,GLC,8.0,222388.0,4,SUV,Luxury,Normal,Automatic,0,0,0,0,0,0,28888.0,16733.078,12154.921875,12154.921875,42.08,108.53138,682.29846,-829.18646,11.740881,-22.389755,7.326009,-0.035928816,-33.582954,240.8693,574.31506,11.021987,-277.94324,87.57748,-208.06969,-78.30751,274.165
Ford,F-250 Super Duty,7.0,206000.0,8,Pickup Truck,Mainstream,1std,Automatic,0,0,0,0,0,0,38488.0,41207.777,-2719.77734375,2719.77734375,-7.07,108.53138,-1182.6914,809.2974,-15.6457,-40.20516,27.106804,0.37918252,55.88525,39.078083,1113.7754,34.26722,1240.036,468.06616,-163.7881,2940.6758,5434.7686
Ford,F-150,4.0,40355.0,6,Pickup Truck,Mainstream,Normal,Automatic,0,0,0,0,0,0,48800.0,52787.113,-3987.11328125,3987.11328125,-8.17,108.53138,1285.4205,-774.82916,-16.842999,-26.564291,-2.864427,-1.3669719,5.2124543,33.33004,1476.9465,-11.415438,-21.399221,102.09978,-12.80968,-128.34583,2015.1027
Volvo,XC40,7.0,121339.0,4,SUV,Luxury,Normal,Automatic,0,0,0,0,0,0,27896.0,28765.27,-869.26953125,869.26953125,-3.12,108.53138,483.99274,-411.74908,6.6563387,-78.17794,-3.4928489,-0.06700164,7.3115664,18.67642,-545.3677,4.0740876,-45.384907,96.03357,-81.82472,-169.10332,-609.89136
Nissan,Pathfinder,9.0,93397.0,6,SUV,Mainstream,2std,Automatic,0,0,0,0,0,0,18488.0,19256.348,-768.34765625,768.34765625,-4.16,108.53138,37.908714,150.57297,66.936966,-25.72422,5.728778,-0.12465823,25.659315,-145.988,256.7043,11.752879,-10.636342,104.15682,-58.898785,-345.98517,180.59494
Nissan,Rogue,6.0,59266.0,4,SUV,Mainstream,Normal,Automatic,0,0,0,0,0,0,19488.0,21350.828,-1862.828125,1862.828125,-9.56,108.53138,625.1798,-266.8398,6.542718,-24.80236,-2.2576628,-1.3531109,6.1519156,44.2213,304.20712,-3.8788748,-144.94403,17.822952,57.764217,39.523308,765.8689
Ford,F-150,2.0,18843.0,6,Pickup Truck,Mainstream,Normal,Automatic,0,0,0,0,0,0,79995.0,67875.31,12119.6875,12119.6875,15.15,108.53138,1405.7249,-1091.1279,-19.6446,-3.5917988,11.390184,-2.3978302,19.35361,40.850677,-677.77783,-39.393993,-846.0938,-296.2755,-51.142345,-146.40279,-1587.9978
Audi,SQ7,3.0,44884.0,6,SUV,Luxury,2std,Automatic,0,0,0,0,0,0,84989.0,85233.266,-244.265625,244.265625,-0.29,108.53138,-2182.5532,951.4742,169.21599,-16.848946,1.3766906,-2.0150945,17.692127,-131.7015,-1077.1328,-64.71333,581.144,-248.50426,-61.003216,370.52374,-1584.5145
Volkswagen,Jetta GLI,7.0,75372.0,4,Sedan,Mainstream,Normal,Automatic,0,0,0,0,0,0,20895.0,19706.58,1188.419921875,1188.419921875,5.69,108.53138,758.72546,180.54564,6.3276534,-11.916111,7.218568,-2.1009824,6.8478737,35.715523,17.498598,18.348518,-138.12747,-339.59647,-66.493225,-124.02185,457.5031
Ford,Mustang Fastback,5.0,33008.0,8,Coupe,Mainstream,Normal,Automatic,0,0,0,0,0,0,44995.0,45904.535,-909.53515625,909.53515625,-2.02,108.53138,1268.3761,-1494.7223,-33.94707,-69.96721,-9.286141,-1.2171569,28.887272,57.05697,870.2763,62.411922,-1363.9615,-1481.4858,-992.0869,-298.23987,-3349.3738
Mitsubishi,RVR,6.0,108369.0,4,SUV,Economy,Normal,Automatic,0,0,0,0,0,0,20597.0,20406.062,190.9375,190.9375,0.93,108.53138,-445.68903,-521.2855,-15.569898,-23.159142,-4.959553,-0.07644282,6.603879,80.47582,-631.24164,10.79417,-7.456843,79.058426,184.8741,-56.623116,-1235.7231
BMW,5 Series,8.0,93000.0,4,Sedan,Luxury,Normal,Automatic,0,0,0,0,0,0,38597.0,28216.764,10380.236328125,10380.236328125,26.89,108.53138,551.3067,-398.55524,7.3193507,-17.345642,-71.44142,-0.08931388,34.025696,43.147762,-255.41768,10.476226,426.56805,-131.70055,-89.12153,-72.153,145.55081
Ford,F-150,12.0,119538.0,6,Pickup Truck,Mainstream,Normal,Automatic,0,0,0,0,0,0,19888.0,19699.576,188.423828125,188.423828125,0.95,108.53138,-196.49634,45.70082,4.1575913,-35.887356,5.0171657,-0.12736456,14.50328,29.636078,379.2065,7.9288073,-34.513927,-182.7249,32.80512,-143.90811,33.828743
Volvo,XC40,4.0,28837.0,4,SUV,Luxury,Normal,Automatic,0,0,0,0,0,0,41209.0,47496.812,-6287.8125,6287.8125,-15.26,108.53138,1616.9882,162.14275,8.021597,-46.791744,-25.365795,-1.3436698,7.1752987,7.3266115,-761.5847,-14.991244,-310.80548,-35.002487,144.29926,-172.24785,686.352
Mazda,CX-3,6.0,93546.0,4,SUV,Mainstream,Normal,Automatic,0,0,0,0,0,0,24995.0,25485.092,-490.091796875,490.091796875,-1.96,108.53138,-832.1904,-372.88974,-41.16889,-22.945961,-3.5849998,-0.6964821,6.1316442,34.18137,-112.181076,11.476213,7.1887217,278.19653,-29.074858,-10.540081,-979.56665
Kia,Seltos,3.0,29773.0,4,SUV,Economy,Normal,Automatic,0,0,0,0,0,0,31597.0,31531.414,65.5859375,65.5859375,0.21,108.53138,-1268.7809,156.16171,-2.6023889,-28.711061,-9.649859,-1.9797503,7.846409,87.1392,295.73434,-90.896706,-73.84092,42.361923,-32.266617,-38.86577,-849.81903
Chevrolet,Silverado 1500,9.0,167187.0,8,Pickup Truck,Economy,Normal,Automatic,0,0,0,0,0,0,23998.0,23602.922,395.078125,395.078125,1.65,108.53138,44.48953,1581.3207,-73.53415,-55.386665,31.457369,0.37524447,36.697636,26.32204,-158.80807,29.875385,280.37564,-505.0008,181.5184,-431.59955,1096.6339
Toyota,RAV 4,9.0,0.0,4,SUV,Mainstream,Normal,Automatic,0,0,0,0,0,0,19488.0,21357.963,-1869.962890625,1869.962890625,-9.6,108.53138,-3954.1653,1563.5631,35.00238,-32.848217,-8.30681,-0.039342582,-4.0877085,-34.668007,-367.96298,22.632595,14.702403,315.63605,1525.0828,-0.97416306,-817.90155
Volvo,XC90 Recharge,4.0,74906.0,4,SUV,Luxury,Normal,Automatic,0,0,0,0,0,0,59609.0,41052.074,18556.92578125,18556.92578125,31.13,108.53138,-738.9497,19.916866,6.371462,-50.101196,-25.37937,-1.3436698,4.844426,12.512627,-470.50357,13.753431,81.286674,-0.3943138,-48.739964,-160.52519,-1248.7202
Subaru,Crosstrek,4.0,59200.0,4,SUV,Mainstream,Normal,Automatic,0,0,0,0,0,0,27995.0,30151.648,-2156.6484375,2156.6484375,-7.7,108.53138,-85.7209,-165.2642,6.252212,-15.687222,-28.275444,-1.3531109,4.20586,37.604275,-134.583,22.648382,131.11087,87.57821,34.015186,-15.264732,-14.20224
Toyota,Highlander,5.0,83986.0,4,SUV,Mainstream,Normal,Automatic,0,0,0,0,0,0,38888.0,32954.75,5933.25,5933.25,15.26,108.53138,-71.65749,-424.0901,6.9654837,-20.974102,-16.988415,-1.3501977,6.5272427,-13.046523,-121.86427,20.186678,179.18803,-65.76732,-63.00183,-118.13176,-595.4732
Ford,Ranger,8.0,110453.0,4,Pickup Truck,Mainstream,Normal,Automatic,0,0,0,0,0,0,44900.0,24754.008,20145.9921875,20145.9921875,44.87,108.53138,-20.089415,94.544876,3.9262908,-22.942142,-0.7724468,-0.054959532,8.035245,26.709877,436.18967,7.580888,15.085068,181.17914,-21.538454,-126.29869,690.0863
Jeep,Compass,8.0,133501.0,4,SUV,Mainstream,Normal,Automatic,0,0,0,0,0,0,19597.0,16803.28,2793.720703125,2793.720703125,14.26,108.53138,606.4975,-457.46057,-14.4610405,-20.871857,-4.688398,-0.07644282,5.4168015,34.73912,27.366146,10.199979,-19.508753,157.7821,-11.309677,-48.87155,373.2847
BMW,X3,2.0,33662.0,4,SUV,Luxury,Normal,Automatic,0,0,0,0,0,0,54999.0,51834.68,3164.3203125,3164.3203125,5.75,108.53138,-1685.7612,-460.70456,-5.4140983,0.8407501,-70.36322,-2.3839693,28.268847,55.649273,-1556.3315,-6.6221566,-288.72546,-54.617546,-218.68651,-115.064514,-4271.3843
Volkswagen,Taos,2.0,29162.0,4,SUV,Mainstream,Normal,Automatic,0,0,0,0,0,0,33295.0,34546.594,-1251.59375,1251.59375,-3.76,108.53138,75.338356,-418.64465,6.387301,-5.556656,17.107887,-3.131841,6.418299,38.702606,-104.79552,-54.49171,-85.20825,-277.62436,69.22225,-124.38173,-752.12665
BMW,X1,2.0,27624.0,4,SUV,Luxury,Normal,Automatic,0,0,0,0,0,0,57999.0,53521.36,4477.640625,4477.640625,7.72,108.53138,-131.69081,-456.9517,2.0430355,-5.310212,-69.707756,-2.3839693,32.829037,41.084145,-1213.8416,-22.67461,-346.2077,-116.26301,-167.29176,-166.71515,-2514.5503
Ford,Maverick,5.0,43777.0,4,Pickup Truck,Mainstream,Normal,Automatic,0,0,0,0,0,0,34730.0,33301.95,1428.05078125,1428.05078125,4.11,108.53138,-1215.1315,696.5018,-11.405997,-25.05922,-0.42173883,-1.3316275,6.8601475,15.371651,1348.9985,-11.398074,294.1516,326.09705,16.250502,-141.10934,1406.9052
GMC,Canyon,3.0,35000.0,4,Pickup Truck,Near-luxury,Normal,Automatic,0,0,0,0,0,0,46888.0,49459.836,-2571.8359375,2571.8359375,-5.49,108.53138,-11.888016,185.6444,-13.191866,-41.492016,-30.704079,-1.9582669,6.748924,40.713192,1132.7136,-6.149767,-173.70055,85.11301,212.82707,41.861515,1535.0686
Mercedes-Benz,C-Class Sedan,4.0,46233.0,4,Sedan,Luxury,Normal,Automatic,0,0,0,0,0,0,64822.0,43995.266,20826.734375,20826.734375,32.13,108.53138,215.15202,-443.4663,8.424817,-11.46161,-25.804161,-1.3531109,17.331703,161.03151,814.26544,1.5508157,207.89062,-553.40344,-102.79418,-9.27306,386.62244
Toyota,Tacoma,4.0,42712.0,4,Pickup Truck,Mainstream,Normal,Manual,0,0,0,0,0,0,53488.0,49112.727,4375.2734375,4375.2734375,8.18,108.53138,59.648647,204.81024,-6.319858,-41.042755,-40.456207,-1.3272132,4.5220075,-41.05585,-730.20135,-1141.1827,12.917194,805.5099,-5.7247252,2.4551153,-808.9162
Toyota,RAV 4 Hybrid,4.0,22670.0,4,SUV,Mainstream,Normal,Automatic,1,0,0,0,0,0,42672.0,44286.383,-1614.3828125,1614.3828125,-3.78,108.53138,2257.6138,113.60724,11.90024,-62.25575,-77.20953,-1.3531109,20.516056,-46.401237,682.1939,-15.627071,477.4311,-112.92206,21.156223,-43.622902,3333.5586
Toyota,RAV 4,6.0,74794.0,4,SUV,Mainstream,Normal,Automatic,0,0,0,0,0,0,27672.0,31717.688,-4045.6875,4045.6875,-14.62,108.53138,-517.2288,-268.5145,7.5327296,-20.501534,-15.426574,-1.3531109,6.90444,-15.36263,100.57352,20.677912,175.3942,-39.4343,-24.222162,-53.80052,-536.23
Volvo,XC90,6.0,87833.0,4,SUV,Luxury,Normal,Automatic,0,0,0,0,0,0,39966.0,34254.26,5711.73828125,5711.73828125,14.29,108.53138,-486.14517,-463.60855,6.936266,-66.62821,-3.6375606,-1.3407565,7.09062,17.072502,-480.05927,12.537615,185.8804,30.439629,-205.83737,-176.38786,-1515.1564
Honda,CR-V Hybrid,3.0,54942.0,4,SUV,Mainstream,Normal,Automatic,1,0,0,0,0,0,39994.0,38762.17,1231.828125,1231.828125,3.08,108.53138,-598.24725,-291.19888,-1.7328074,-19.132797,-17.406368,-1.9797503,2.7132514,-707.40497,283.6247,-14.85611,225.94852,94.788414,-3.2720761,-37.216934,-976.8417
Honda,Civic Sedan,9.0,34758.0,4,Sedan,Mainstream,Normal,Automatic,0,0,0,0,0,0,20998.0,20620.398,377.6015625,377.6015625,1.8,108.53138,-239.87378,-189.23557,32.894627,-14.401136,-18.690098,-1.3531109,4.5081253,36.560566,-564.0516,-41.959015,141.66885,120.09379,44.764534,53.332912,-527.20953
Honda,Civic Sedan,3.0,26447.0,4,Sedan,Mainstream,Normal,Automatic,0,0,0,0,0,0,26898.0,28787.365,-1889.365234375,1889.365234375,-7.02,108.53138,-367.93546,-65.65327,-5.804091,-17.421505,-12.599806,-1.9797503,5.671259,27.485136,-794.4305,-71.133194,-34.026527,-174.25131,31.130812,-57.626354,-1430.0431
Honda,Civic Sedan,7.0,40355.0,4,Sedan,Mainstream,Normal,Automatic,0,0,0,0,0,0,22998.0,24267.219,-1269.21875,1269.21875,-5.52,108.53138,1409.0281,-551.7696,-1.1303593,-11.671312,-3.7395601,-1.3531109,6.073308,36.085243,-518.0515,-40.862297,-51.146637,55.672813,26.555105,39.295357,501.5169
Honda,HR-V,2.0,32243.0,4,SUV,Mainstream,Normal,Automatic,0,0,0,0,0,0,29898.0,36855.863,-6957.86328125,6957.86328125,-23.27,108.53138,-1.1966113,-586.58716,-3.9936228,0.14019883,-0.8129317,-2.3839693,4.366754,44.191055,-1130.3765,-57.01176,129.97792,1.0263214,-76.7572,-28.028168,-1598.9143
Honda,CR-V,7.0,107175.0,4,SUV,Mainstream,Normal,Automatic,0,0,0,0,0,0,24998.0,24014.215,983.78515625,983.78515625,3.94,108.53138,140.27245,112.10967,-0.40425238,-20.436262,-4.247158,-0.07644282,5.655842,32.698524,-174.18896,-8.680258,0.42114007,86.10928,-21.70111,-25.11922,230.94461
Audi,A3 Sedan,3.0,57560.0,4,Sedan,Luxury,Normal,Automatic,0,0,0,0,0,0,32968.0,39139.582,-6171.58203125,6171.58203125,-18.72,108.53138,-1039.6173,-490.0873,18.270428,-14.558176,-12.444722,-1.9797503,5.59403,35.214645,-967.125,-67.275764,-296.0806,0.22219086,-144.24728,-40.37829,-2905.9617
Audi,Q3,6.0,88948.0,4,SUV,Luxury,Normal,Automatic,0,0,0,0,0,0,23968.0,27421.121,-3453.12109375,3453.12109375,-14.41,108.53138,-619.64404,-378.71472,20.399374,-23.257483,-3.5620515,-1.3501977,6.9942164,45.519287,-108.73994,-59.673016,-77.75571,80.21324,-194.13737,-72.17378,-1277.351
Audi,A3 Sedan,4.0,32614.0,4,Sedan,Luxury,Normal,Automatic,0,0,0,0,0,0,29868.0,36919.465,-7051.46484375,7051.46484375,-23.61,108.53138,1731.7273,67.69868,20.12782,-23.920555,-25.333069,-1.3531109,7.567962,16.869535,620.5369,-72.33784,222.17986,-158.37637,-57.33704,21.68838,2478.27
Honda,Civic Sedan,4.0,44053.0,4,Sedan,Mainstream,Normal,Automatic,0,0,0,0,0,0,27890.0,28278.938,-388.9375,388.9375,-1.39,108.53138,-1375.9082,516.9917,-2.181436,-12.725482,-26.814413,-1.3531109,3.9418828,19.426344,-98.68796,-10.065428,0.21115398,145.56842,14.254908,30.179634,-688.6306
Hyundai,Kona,3.0,33290.0,4,SUV,Economy,Normal,Automatic,0,0,0,0,0,0,29995.0,30614.102,-619.1015625,619.1015625,-2.06,108.53138,28.229855,0.52935827,-3.9511583,-96.32638,-12.286876,-1.9797503,6.40771,39.539078,-695.27625,-8.170998,-24.711187,13.882866,278.45438,-39.09758,-406.22552
Hyundai,Santa Fe,7.0,116696.0,4,SUV,Economy,Normal,Automatic,0,0,0,0,0,0,17995.0,17930.004,64.99609375,64.99609375,0.36,108.53138,58.859314,-291.293,-4.778619,-30.048208,-3.4173398,-0.07644282,6.644148,34.554104,87.305725,2.7837286,-44.73309,97.445045,282.0872,-53.042477,250.82141
GMC,Sierra 1500,5.0,88835.0,8,Pickup Truck,Near-luxury,Normal,Automatic,0,0,0,0,0,0,43491.0,48813.344,-5322.34375,5322.34375,-12.24,108.53138,-881.83575,-622.31067,-19.357603,-104.72023,-24.867397,-1.1942823,17.403673,33.627384,426.2737,36.574287,-46.006416,-631.21924,-128.65442,-454.76917,-2292.5247
Nissan,Rogue,4.0,52690.0,4,SUV,Mainstream,Normal,Automatic,0,0,0,0,0,0,25995.0,24884.746,1110.25390625,1110.25390625,4.27,108.53138,1609.7067,-1158.0912,18.333467,-26.48865,-25.601274,-1.3531109,4.0199375,37.195095,566.0642,4.071042,-231.35246,-182.53432,-10.903718,75.32244,786.9195
Kia,Unspecified,6.0,102118.0,Unknown,Unknown,Economy,Normal,Automatic,0,0,0,0,0,0,19635.0,45828.35,-26193.3515625,26193.3515625,-133.4,108.53138,8955.054,1371.1044,-10.543318,-22.800009,-1.933857,-0.07644282,14.094626,-736.2142,-53.839447,11.1693125,4645.6865,-330.1726,-204.15831,-6.8357315,13739.066
Ford,F-150,5.0,63326.0,6,Pickup Truck,Mainstream,Normal,Automatic,1,0,0,0,0,0,49995.0,48007.67,1987.328125,1987.328125,3.98,108.53138,138.11926,248.58434,-16.709936,-26.628624,3.3053353,-1.3669719,12.49648,-709.2176,1524.0026,-1.5867544,-47.869064,-99.62224,-218.37408,-149.0909,764.5732
Mazda,CX-90 MHEV,3.0,11344.0,6,SUV,Mainstream,1std,Automatic,0,0,0,0,0,0,42995.0,55911.47,-12916.46875,12916.46875,-30.04,108.53138,-2969.149,472.90805,-42.907547,-16.112823,34.062653,-8.004795,67.001785,35.33703,-1781.9857,-16.573647,-84.5654,-497.80255,182.67693,-167.94742,-4684.5317
Mercedes-Benz,M-Class,12.0,115781.0,6,SUV,Luxury,Normal,Automatic,0,0,0,0,0,0,18995.0,25501.549,-6506.548828125,6506.548828125,-34.25,108.53138,-421.15643,-399.45355,16.707018,-38.788956,2.4762084,-0.14884785,24.27345,340.97546,652.01276,6.3844857,-201.59319,642.72565,-43.5764,-74.35775,615.0113
Honda,Civic Sedan,13.0,135260.0,4,Sedan,Mainstream,Normal,Automatic,0,0,0,0,0,0,12995.0,12292.134,702.8662109375,702.8662109375,5.41,108.53138,-12.115865,-197.04417,6.562355,-26.238998,-6.001601,-0.113503516,5.41905,31.51381,-212.41737,-2.0361364,42.95177,3.8249626,58.440094,-6.920225,-205.64447
Toyota,Highlander,5.0,76689.0,4,SUV,Mainstream,Normal,Automatic,0,0,0,0,0,0,41995.0,33260.23,8734.76953125,8734.76953125,20.8,108.53138,-438.22952,-334.08115,7.6598983,-21.590078,-15.457038,-1.3531109,6.4259768,-14.622277,-127.981346,34.92968,178.13802,-61.949142,-80.44754,-126.110085,-886.13635
Toyota,RAV 4,4.0,90764.0,4,SUV,Mainstream,Normal,Automatic,0,0,0,0,0,0,34995.0,34342.285,652.71484375,652.71484375,1.87,108.53138,-1157.5087,-175.55429,6.4231725,-30.42657,-43.36085,-1.3501977,5.0352287,-22.441242,3.958457,22.035492,216.96823,-12.989536,12.815329,-47.3733,-1115.2372
BMW,2 Series,9.0,90000.0,4,Coupe,Luxury,Normal,Automatic,0,0,0,0,0,0,21998.0,26520.848,-4522.84765625,4522.84765625,-20.56,108.53138,-1855.687,783.4397,8.06824,-23.722473,-80.41866,-1.3501977,34.810772,87.22797,-805.48663,22.847977,-449.14713,381.86523,-388.24826,-210.20041,-2387.4695
Hyundai,Elantra,4.0,57647.0,4,Sedan,Economy,Normal,Automatic,0,0,0,0,0,0,21995.0,22298.748,-303.748046875,303.748046875,-1.38,108.53138,119.14437,-305.79874,-8.210977,-22.349842,-25.539606,-1.3531109,4.990651,36.388077,211.88286,-0.24088112,-115.091896,-0.37132263,194.35724,-15.763273,180.57492
Hyundai,Veloster,8.0,65000.0,4,Hatchback,Economy,Normal,Manual,0,0,0,0,0,0,18988.0,18841.494,146.505859375,146.505859375,0.77,108.53138,-1162.8748,-558.1809,2.8760784,-42.40139,-2.060212,-1.3486966,5.8844237,42.02645,-19.58248,-136.31996,50.36277,225.0574,267.49133,-35.98887,-1256.5275
Lexus,IS,5.0,23500.0,4,Sedan,Luxury,Normal,Automatic,0,0,0,0,0,0,79500.0,44630.484,34869.515625,34869.515625,43.86,108.53138,1708.6818,135.47992,7.770061,-25.547955,-16.944786,-1.3531109,15.540375,276.94614,-268.79694,-30.041117,928.637,-285.65262,-185.58037,35.74146,2403.4114
Dodge,Charger,15.0,185000.0,6,Sedan,Mainstream,Normal,Automatic,0,0,0,0,0,0,8500.0,9271.073,-771.0732421875,771.0732421875,-9.07,108.53138,-1088.5798,1791.9814,9.078852,-43.906277,12.356012,-0.08202924,16.60337,33.919617,802.16925,44.4176,390.62497,351.06784,5.656788,-22.012718,2411.8264
Kia,Seltos,4.0,52596.0,4,SUV,Economy,Normal,Automatic,0,0,0,0,0,0,23495.0,27589.906,-4094.90625,4094.90625,-17.43,108.53138,1226.5747,-807.4084,7.4415007,-21.138372,-23.793564,-1.3531109,5.6695347,70.62871,571.0131,1.4078207,-23.394085,-55.59562,174.35637,-39.407883,1193.5321
Hyundai,Elantra,2.0,18849.0,4,Sedan,Economy,Normal,Automatic,0,0,0,0,0,0,24995.0,26371.162,-1376.162109375,1376.162109375,-5.51,108.53138,2166.1404,-1268.1501,-3.7179608,-37.52505,3.7940845,-2.3839693,18.307419,36.32085,-763.78436,-26.627844,-219.76959,-181.30511,72.2021,-79.22395,-177.19174
Mazda,CX-5,5.0,53348.0,4,SUV,Mainstream,Normal,Automatic,0,0,0,0,0,0,28395.0,28690.59,-295.58984375,295.58984375,-1.04,108.53138,1675.8448,-2009.4199,17.773008,-22.170952,-2.4619641,-1.9602792,5.54195,44.472263,-17.386902,1.6735717,-43.878895,235.06775,13.994076,1.0956459,6.715584
Honda,HR-V,11.0,228250.0,4,SUV,Mainstream,Normal,Automatic,0,0,0,0,0,0,11999.0,12600.807,-601.806640625,601.806640625,-5.02,108.53138,1152.2291,-1246.1724,9.784404,-32.664234,8.534308,-0.046684906,-46.6001,41.66898,-192.25493,-1.8296454,-98.13112,218.31706,-15.442042,-37.24961,-131.32547
Subaru,Legacy,11.0,176850.0,4,Sedan,Mainstream,Normal,Automatic,0,0,0,0,0,0,9999.0,10445.212,-446.2119140625,446.2119140625,-4.46,108.53138,334.48468,-314.4965,14.621987,-22.886856,10.007016,-0.046684906,6.351585,33.46588,-284.60162,8.603209,-102.8762,11.595979,-5.7672787,-10.13721,-213.15063
Toyota,Corolla Sedan,12.0,236500.0,4,Sedan,Mainstream,Normal,Automatic,0,0,0,0,0,0,9999.0,9840.421,158.5791015625,158.5791015625,1.59,108.53138,-417.43945,-750.3154,16.307304,-30.921417,-3.9298022,-0.046684906,-9.666717,-6.7058797,-437.76105,33.15888,-6.309765,-72.26831,89.52972,-30.84888,-1518.6863
Subaru,Forester,1.0,15936.0,4,SUV,Mainstream,Normal,Automatic,0,0,0,0,0,0,43995.0,42132.047,1862.953125,1862.953125,4.23,108.53138,3498.9211,-3903.6094,21.139763,16.24977,2.462445,-2.3839693,57.15958,62.697895,-1959.9938,-34.09606,13.94717,279.98907,39.77637,-117.75134,-1916.9597
Honda,Civic Sedan,14.0,171082.0,4,Sedan,Mainstream,Normal,Manual,0,0,0,0,0,0,9500.0,10143.577,-643.5771484375,643.5771484375,-6.77,108.53138,-897.50116,184.06866,-1.9109536,-40.30316,11.25998,-0.04227057,0.05031109,29.701756,345.0222,-262.31464,-1.6515548,83.14348,23.292057,2.6987572,-415.95514
Subaru,Impreza,2.0,9350.0,4,Sedan,Mainstream,Normal,Automatic,0,0,0,0,0,0,34005.0,29953.178,4051.822265625,4051.822265625,11.92,108.53138,2525.3074,258.32013,6.3372293,22.138762,46.1886,-2.3839693,19.10426,34.777477,103.62309,-46.304707,578.9544,-189.35753,-3.7526228,-82.57552,3378.9084
Toyota,Prius,6.0,54574.0,4,Hatchback,Mainstream,Normal,Automatic,1,0,0,0,0,0,29995.0,29490.203,504.796875,504.796875,1.68,108.53138,-1036.6656,-116.91406,-0.44528848,-23.915169,-10.818437,-1.3531109,6.6643662,-450.05905,237.97824,1.7978399,-16.678398,117.74725,188.46225,-22.192516,-1017.8605
Mazda,Mazda3,13.0,205106.0,4,Sedan,Mainstream,Normal,Automatic,0,0,0,0,0,0,9999.0,7354.6074,2644.392578125,2644.392578125,26.45,108.53138,250.4025,-42.22975,8.618662,-29.23593,10.950152,-0.6538531,-8.164462,27.096333,-329.2177,5.750587,-0.1094659,194.31097,23.026402,4.026951,223.10275
Chevrolet,Silverado 1500,3.0,33431.0,8,Pickup Truck,Economy,Normal,Automatic,0,0,0,0,0,0,64097.0,53474.473,10622.52734375,10622.52734375,16.57,108.53138,551.64594,-679.87274,-95.47007,-65.42253,-8.769168,-1.443263,32.543343,32.70823,322.59,5.026683,-440.06534,-1357.1267,278.1056,-274.9303,-1591.949
Jeep,Cherokee,7.0,65905.0,4,SUV,Mainstream,Normal,Automatic,0,0,0,0,0,0,25908.0,21308.873,4599.126953125,4599.126953125,17.75,108.53138,-34.617573,135.6804,-22.75679,-20.040834,-1.8084233,-1.3531109,6.185753,38.657692,-178.52666,2.8517954,-5.8462486,58.738113,-0.8807238,-54.180508,30.634285
Jeep,Wrangler Unlimited,12.0,180.0,6,SUV,Mainstream,Normal,Automatic,0,0,0,0,0,0,23000.0,36646.39,-13646.390625,13646.390625,-59.33,108.53138,-5571.481,-8008.0386,-215.09157,-137.73187,49.067978,-1.4022797,21.513222,318.21048,1044.386,51.957584,24.922098,176.50397,-269.45062,-225.02531,-12633.127
Buick,Encore,13.0,176283.0,4,SUV,Near-luxury,Normal,Automatic,0,0,0,0,0,0,8288.0,6911.4775,1376.5224609375,1376.5224609375,16.61,108.53138,78.105545,81.61839,16.282124,-46.76761,-7.7295485,-0.046684906,5.91884,33.3092,-122.18673,8.929807,-24.06092,131.54428,101.98491,-59.330116,306.10287
Nissan,Micra,11.0,73805.0,4,Sedan,Mainstream,Normal,Automatic,0,0,0,0,0,0,12595.0,11278.014,1316.986328125,1316.986328125,10.46,108.53138,426.99155,209.22072,19.255714,-22.184818,-1.2956884,-1.3901715,6.1348934,35.765644,1048.4734,12.543733,-344.02896,-242.18393,44.228825,27.120354,1327.1826
Dodge,Journey,10.0,240000.0,4,SUV,Mainstream,Normal,Automatic,0,0,0,0,0,0,9800.0,7955.515,1844.48486328125,1844.48486328125,18.82,108.53138,-2599.9443,389.9342,17.044598,-37.95483,-12.282865,-0.04037352,-13.8356695,44.840466,395.84912,22.015667,25.789877,-93.06474,35.674316,-56.28582,-1773.7289
Honda,CR-V,5.0,91870.0,4,SUV,Mainstream,Normal,Automatic,0,0,0,0,0,0,24795.0,28606.016,-3811.015625,3811.015625,-15.37,108.53138,729.8304,-326.26874,-0.8500098,-21.848991,-4.611419,-1.3501977,4.956435,36.161808,-82.68681,0.3928475,-91.958824,-66.28247,-28.26558,-29.183329,226.56648
Honda,HR-V,4.0,37208.0,4,SUV,Mainstream,Normal,Automatic,0,0,0,0,0,0,29195.0,33016.375,-3821.375,3821.375,-13.09,108.53138,717.9227,200.49837,-0.8863341,-20.669054,-43.83628,-1.3531109,4.9534836,29.502325,-601.4591,-39.042564,66.459465,-35.089043,24.96521,7.4971495,417.99457
Ford,Mustang Convertible,3.0,57080.0,8,Coupe,Mainstream,Normal,Automatic,0,1,0,0,0,1,50995.0,34419.816,16575.18359375,16575.18359375,32.5,108.53138,-48.264812,-1476.6693,651.0816,-59.617138,-11.509541,-1.4647464,-555.26514,62.267723,402.2689,22.405634,-1543.6254,-800.0391,-914.1403,-210.66454,-4374.7046
Lexus,GX,17.0,198120.0,6,SUV,Luxury,2std,Automatic,0,0,0,0,0,1,22995.0,29306.678,-6311.677734375,6311.677734375,-27.45,108.53138,2932.717,-905.71454,118.141945,-30.346613,5.9540157,-0.08202924,-443.0584,-118.48733,-2430.6184,56.85094,356.601,-1241.7544,-113.59239,-2544.8105,-4249.6685
Chevrolet,Silverado 1500,12.0,197500.0,8,Pickup Truck,Economy,Normal,Automatic,0,1,0,0,0,1,19995.0,13240.826,6754.173828125,6754.173828125,33.78,108.53138,361.10556,1339.7323,1261.5475,-77.45392,64.75167,0.3644884,-993.1238,18.104109,-220.4562,1.9732991,343.54684,559.1821,368.2945,-260.56018,2875.5398
Chevrolet,Volt,9.0,147240.0,4,Hatchback,Economy,Normal,Automatic,1,1,0,0,0,1,13495.0,10802.91,2692.08984375,2692.08984375,19.95,108.53138,-751.5886,819.025,178.0825,-25.204185,11.90423,-0.035928816,-394.8277,-405.63586,-130.35577,-34.320423,287.70374,-63.987793,272.58673,-53.061157,-181.18384
Ford,F-150,5.0,145950.0,6,Pickup Truck,Mainstream,Normal,Automatic,0,1,0,0,0,0,32795.0,38356.34,-5561.33984375,5561.33984375,-16.96,108.53138,-465.18832,333.7238,347.40808,-29.338861,30.404913,0.20546809,9.633398,34.66625,281.37036,12.027245,811.45856,-126.92835,-87.544846,-128.17549,1132.2537
Honda,Pilot,5.0,96462.0,6,SUV,Mainstream,2std,Automatic,0,0,0,0,0,0,33995.0,39744.3,-5749.30078125,5749.30078125,-16.91,108.53138,88.09048,-357.79285,61.41429,-17.09507,4.5493774,-0.12465823,24.120714,-146.31664,-731.5873,-0.109872274,333.69916,-140.47748,-68.960556,-371.35364,-1213.4127
Honda,CR-V,3.0,20783.0,4,SUV,Mainstream,Normal,Automatic,0,0,0,0,0,0,35995.0,34604.62,1390.37890625,1390.37890625,3.86,108.53138,-365.99857,454.9559,-3.8426483,-26.6006,-12.133197,-1.9797503,17.549286,32.239376,-819.41724,-115.61147,60.0502,19.905487,24.983295,-80.62975,-707.9983
Honda,Civic Sedan,5.0,59290.0,4,Sedan,Mainstream,Normal,Automatic,0,0,0,0,0,0,22195.0,26695.639,-4500.638671875,4500.638671875,-20.28,108.53138,4.660389,-293.5,-2.126522,-12.0373535,-3.3659499,-1.3531109,5.595397,42.30399,-221.92026,-13.943227,-35.727436,6.798279,62.3364,5.173294,-348.5747
Nissan,Rogue,4.0,53630.0,4,SUV,Mainstream,Normal,Automatic,0,1,1,0,0,0,23295.0,23888.842,-593.841796875,593.841796875,-2.55,108.53138,1612.7235,-1784.8792,-111.675385,485.33853,-25.188793,-8.096608,3.9702833,37.21107,533.36786,-3.965429,-255.58965,-138.14117,-40.552376,95.19652,508.25055
Audi,S5 Sportback,9.0,140100.0,6,Coupe,Luxury,Normal,Automatic,0,0,0,0,0,0,24998.0,25527.19,-529.189453125,529.189453125,-2.12,108.53138,-1220.0731,390.50946,24.385826,-22.411375,-6.5964584,-0.34709567,9.537229,83.191055,351.7444,-24.994146,111.653854,-1833.654,285.4095,-177.71375,-1920.8274
Mitsubishi,RVR,6.0,115996.0,4,SUV,Economy,Normal,Automatic,0,0,0,0,0,0,16998.0,20113.52,-3115.51953125,3115.51953125,-18.33,108.53138,579.9418,-564.6819,-15.534245,-22.795969,-4.959553,-0.07644282,6.603879,80.47582,-609.19836,11.04055,-11.34192,95.38506,260.1052,-52.14252,-138.64725
Toyota,Corolla Sedan,5.0,133940.0,4,Sedan,Mainstream,Normal,Automatic,0,0,0,0,0,0,18500.0,22128.639,-3628.638671875,3628.638671875,-19.61,108.53138,-162.73125,-633.41504,5.0536313,-20.379795,-19.06041,-0.07644282,6.498672,-17.702896,-341.4434,30.76584,-107.29721,33.449776,-12.014828,-24.972094,-1154.794
Mercedes-Benz,E-Class,4.0,21500.0,6,Sedan,Luxury,Normal,Automatic,0,0,0,0,0,0,76888.0,67910.664,8977.3359375,8977.3359375,11.68,108.53138,2043.3658,858.2817,4.990049,-37.122562,-4.4173284,-1.3884553,34.676353,268.69278,3269.5083,-30.51989,1404.1693,3966.3948,-68.62396,-51.240513,11765.298
Ford,F-150,11.0,236300.0,6,Pickup Truck,Mainstream,Normal,Automatic,0,0,0,0,0,0,15995.0,15458.5,536.5,536.5,3.35,108.53138,1079.0626,191.97585,4.763374,-36.526623,46.631844,0.194712,68.75928,29.69496,861.16376,0.9708236,1177.639,-340.87094,35.768097,-168.5793,3059.179
Nissan,Rogue,15.0,157000.0,4,SUV,Mainstream,Normal,Automatic,0,0,0,0,0,0,6495.0,6969.7446,-474.74462890625,474.74462890625,-7.31,108.53138,-264.7515,1199.531,14.606441,-37.60276,10.402474,-0.046684906,5.5921345,33.2629,630.6756,23.61843,-254.11406,-23.773903,38.688393,-24.739788,1459.8801
Jeep,Grand Cherokee,6.0,84000.0,6,SUV,Mainstream,Normal,Automatic,0,0,0,0,0,0,36500.0,33588.37,2911.62890625,2911.62890625,7.98,108.53138,484.70966,-222.68079,-28.61726,-14.994533,2.817334,-1.385542,12.512878,41.6033,-412.35568,11.906305,62.484802,189.66904,-86.88903,-115.44667,31.865166
Mazda,Mazda3,12.0,153681.0,4,Sedan,Mainstream,Normal,Automatic,0,1,0,0,0,0,15999.0,10609.263,5389.7373046875,5389.7373046875,33.69,108.53138,257.70267,54.679935,-89.855865,-28.688396,15.650237,-0.6538531,6.1848726,32.83444,-294.64923,14.834083,-2.5058918,81.58548,12.468093,43.62816,211.74611
Mazda,CX-5,2.0,10410.0,4,SUV,Mainstream,Normal,Automatic,0,0,0,0,0,0,32991.0,37428.98,-4437.98046875,4437.98046875,-13.45,108.53138,-833.4112,980.65515,4.2159195,-5.6909194,33.706863,-2.9911377,18.341394,33.462296,-242.66522,1.2018145,150.70036,223.17075,124.53766,-27.241343,566.5238
Ford,F-150,8.0,155054.0,6,Pickup Truck,Mainstream,Normal,Automatic,0,0,0,0,0,0,28988.0,26258.555,2729.4453125,2729.4453125,9.42,108.53138,99.80834,-33.465763,17.111464,-24.911816,42.67468,0.20546809,10.569824,28.420921,254.24005,7.489111,169.79759,-149.86777,-53.94538,-130.63622,346.0219
Mercedes-Benz,GLC,5.0,65699.0,4,SUV,Luxury,Normal,Automatic,0,0,0,0,0,0,45888.0,38146.965,7741.03515625,7741.03515625,16.87,108.53138,-620.8491,-943.3664,9.804175,-23.55584,-2.0525973,-1.3531109,15.537485,286.73907,-517.4626,11.364566,-227.93227,-201.53467,-80.21697,-74.77106,-2261.118
Toyota,Tacoma,18.0,245700.0,4,Pickup Truck,Mainstream,Normal,Automatic,0,0,0,0,0,0,19000.0,17228.123,1771.876953125,1771.876953125,9.33,108.53138,756.5583,-4503.8755,12.170973,-44.187336,2.962431,0.23005636,115.70925,-6.5456486,-1134.3907,73.522415,-2591.2112,24.815834,75.272316,-85.366196,-7195.803
Nissan,Altima,16.0,185000.0,4,Sedan,Mainstream,Normal,Automatic,0,0,0,0,0,0,6888.0,5047.0405,1840.95947265625,1840.95947265625,26.73,108.53138,1006.1436,-248.49297,13.346434,-31.237968,12.374875,-0.046684906,7.1213427,30.590292,590.8401,50.635464,-90.42282,-89.8783,32.6629,-15.40397,1376.7635
Mercedes-Benz,C-Class Sedan,17.0,140000.0,4,Sedan,Luxury,Normal,Automatic,0,0,0,0,0,0,10700.0,10784.453,-84.453125,84.453125,-0.79,108.53138,-683.9606,-1251.9154,14.447217,-27.926907,-4.219354,-0.34881204,21.307875,204.4137,348.72995,62.299995,393.47174,-120.54381,-226.01645,-66.7206,-1228.4498
Nissan,Sentra,6.0,160000.0,4,Sedan,Mainstream,Normal,Automatic,0,0,0,0,0,0,13500.0,13031.474,468.5263671875,468.5263671875,3.47,108.53138,188.92157,-308.8587,3.7006829,-22.589743,10.226111,-0.035928816,5.7228236,32.453144,244.75575,22.591394,-209.54504,-18.799088,-44.380173,-10.69639,1.9977875
Hyundai,Palisade,3.0,26713.0,6,SUV,Economy,1std,Automatic,0,0,0,0,0,0,49995.0,48980.562,1014.4375,1014.4375,2.03,108.53138,-27.73566,216.34492,-25.06009,-89.830795,-3.456517,-2.0044746,46.830196,45.670097,-1026.6138,-16.948843,-139.58469,524.77203,144.17654,268.57166,23.661964
Hyundai,Venue,6.0,51173.0,4,SUV,Economy,Normal,Automatic,0,0,0,0,0,0,16495.0,23022.45,-6527.44921875,6527.44921875,-39.57,108.53138,-93.27727,-119.42759,-6.455743,-28.4419,-2.546218,-1.3531109,6.2843504,45.737766,128.90765,0.3568866,7.9779315,201.55463,152.09625,-48.280884,351.66412
Hyundai,Santa Fe,5.0,27440.0,4,SUV,Economy,Normal,Automatic,0,0,0,0,0,0,28995.0,25477.803,3517.197265625,3517.197265625,12.13,108.53138,-373.9749,86.48331,-3.214412,-98.378105,-3.1429133,-1.3531109,7.502903,24.552877,-472.84976,-22.241827,-133.50284,-39.286476,111.92088,-44.81629,-853.7693
Toyota,Corolla Cross,3.0,12939.0,4,Sedan,Mainstream,Normal,Automatic,0,0,0,0,0,0,38988.0,29982.826,9005.173828125,9005.173828125,23.1,108.53138,-1311.9352,-19.894245,18.296808,-19.542776,-15.196748,-1.9797503,21.936598,-166.68431,-423.54785,1.3071532,-882.5934,-110.284225,355.28458,-60.425888,-2506.7275
Volkswagen,Golf SportWagen,10.0,145000.0,4,Hatchback,Mainstream,Normal,Automatic,0,0,0,0,0,0,13998.0,14649.033,-651.033203125,651.033203125,-4.65,108.53138,-1061.5494,151.1661,11.267303,-25.99531,16.179611,-0.20810957,5.6658945,35.085186,200.81857,-26.036882,410.71008,-105.299736,169.41031,-50.00512,-160.26004
Subaru,Impreza,10.0,149000.0,4,Sedan,Mainstream,Normal,Manual,0,0,0,0,0,0,11998.0,15490.449,-3492.44921875,3492.44921875,-29.11,108.53138,-1115.267,387.64536,19.20313,-19.537401,6.054471,-0.035959184,5.270349,34.27513,103.14741,-336.86566,-72.39778,38.173645,-2.4046502,10.622803,-833.5848
Hyundai,Tucson Plug-In Hybrid,2.0,15411.0,4,SUV,Economy,Normal,Automatic,1,0,0,0,0,0,46988.0,40795.99,6192.01171875,6192.01171875,13.18,108.53138,1083.5745,-1755.2871,5.4458876,-37.82686,2.817443,-2.3839693,17.323734,-543.27344,-641.0034,-21.501106,15.465511,311.95673,262.319,-75.3719,-1269.2137
BMW,X3,3.0,35525.0,4,SUV,Luxury,Normal,Automatic,0,0,0,0,0,0,49992.0,50380.426,-388.42578125,388.42578125,-0.78,108.53138,-519.11957,-8.418771,2.7188752,-23.125288,-96.231544,-1.9797503,33.26618,51.240536,-1294.0026,-5.5934014,-320.12714,-8.989502,-166.43901,-115.07471,-2363.344
Volvo,XC40,8.0,187539.0,4,SUV,Luxury,Normal,Automatic,0,0,0,0,0,0,16995.0,23854.287,-6859.287109375,6859.287109375,-40.36,108.53138,1745.2905,-742.0542,9.533279,-78.326294,8.059532,-0.026487647,6.917563,15.665788,-609.7524,11.364704,-54.68343,173.96182,-36.766216,-172.6333,385.0822
Volvo,XC40,6.0,67993.0,4,SUV,Luxury,Normal,Automatic,0,0,0,0,0,0,30591.0,35203.043,-4612.04296875,4612.04296875,-15.08,108.53138,333.53528,-164.59177,7.657107,-54.460438,-2.0908122,-1.3436698,6.88832,22.819958,-323.1654,11.035724,42.259716,50.17404,-87.88342,-183.11673,-233.75073
Volkswagen,Golf SportWagen,8.0,65035.0,4,Hatchback,Mainstream,Normal,Automatic,0,0,0,0,0,0,20798.0,23289.707,-2491.70703125,2491.70703125,-11.98,108.53138,-1573.3458,-605.5772,11.545106,-22.572262,7.255975,-2.1009824,6.5160084,42.15429,69.40304,-5.845201,73.87199,-154.25743,276.74802,-47.64545,-1815.3187
Honda,CR-V,2.0,22496.0,4,SUV,Mainstream,Normal,Automatic,0,0,0,0,0,0,39996.0,37790.625,2205.375,2205.375,5.51,108.53138,1134.3335,-617.9799,-4.8344254,-1.7936789,0.35783067,-2.3839693,17.287468,37.20036,-1294.3838,-74.56455,-46.865734,-15.124756,58.98726,-84.514786,-785.7478
Toyota,Corolla Sedan,7.0,93518.0,4,Sedan,Mainstream,Normal,Automatic,0,0,0,0,0,0,19995.0,22299.324,-2304.32421875,2304.32421875,-11.52,108.53138,-413.4808,-42.097744,-21.409975,-18.872782,-17.589554,-0.08931388,8.006384,-18.287094,-319.23175,21.039375,-90.125015,-37.630745,-15.20642,-24.03543,-880.4795
Toyota,Sienna,3.0,24376.0,4,Minivan,Mainstream,Normal,Automatic,1,0,0,0,0,0,59999.0,54188.03,5810.96875,5810.96875,9.69,108.53138,-955.56226,-235.907,10.906568,-32.080868,-57.00567,-1.9797503,10.651631,-180.03407,176.62967,-7.586403,-169.26,-68.723946,31.46083,-164.61105,-1534.5709
Toyota,RAV 4,1.0,9682.0,4,SUV,Mainstream,Normal,Automatic,1,0,1,1,0,0,44688.0,56043.555,-11355.5546875,11355.5546875,-25.41,108.53138,1287.4164,-1236.3075,4.0514116,-530.6192,-1610.4415,-28.183733,58.212273,155.29366,2963.5625,-58.54251,542.0392,205.41245,-80.93442,-130.05447,1649.4358
Mercedes-Benz,GLC,7.0,63298.0,4,SUV,Luxury,Normal,Automatic,0,0,0,0,0,0,30900.0,33054.277,-2154.27734375,2154.27734375,-6.97,108.53138,960.38873,521.1676,10.202092,-21.097221,-2.0638387,-1.3531109,18.475946,246.1971,525.5067,1.442338,-215.21667,-188.23141,243.3899,-76.19272,2131.1472
Lexus,RX,4.0,18482.0,4,SUV,Luxury,Normal,Automatic,0,0,0,0,0,0,53900.0,48099.64,5800.359375,5800.359375,10.76,108.53138,-526.9546,-487.82687,13.744224,-34.497425,-36.044514,-1.3531109,16.177662,261.57227,-65.60377,-31.46995,-121.11392,215.52695,-202.0043,43.0125,-848.3035
Audi,Q5,9.0,117252.0,4,SUV,Luxury,Normal,Automatic,0,0,0,0,0,0,19900.0,18948.855,951.14453125,951.14453125,4.78,108.53138,834.6867,77.64877,34.821358,-25.55135,-3.44878,-0.07644282,7.2132525,47.407063,-145.62697,-34.81767,-283.85007,189.14214,-73.71823,-75.78628,656.5748
Ford,Mustang Fastback,10.0,50346.0,8,Coupe,Mainstream,Normal,Automatic,0,0,0,0,0,0,40995.0,34189.13,6805.87109375,6805.87109375,16.6,108.53138,202.96906,2198.07,-5.538899,-75.869965,-9.057215,-1.2324713,27.482792,79.8595,173.57787,-36.170876,456.74905,-1237.2164,-173.88284,-476.17444,1232.0968
Jeep,Renegade,12.0,24444.0,4,SUV,Mainstream,Normal,Automatic,0,0,0,0,0,0,14980.0,14633.397,346.6025390625,346.6025390625,2.31,108.53138,602.87976,3017.041,19.816362,-114.600525,-4.22615,-1.3901715,7.581605,30.186459,1152.6973,-119.71146,-322.00772,84.28702,79.87891,-94.14888,4446.815
Toyota,RAV 4,6.0,93545.0,4,SUV,Mainstream,Normal,Automatic,0,0,0,0,0,0,28833.0,30871.059,-2038.05859375,2038.05859375,-7.07,108.53138,-927.1784,-468.99332,-37.013264,-24.380423,-16.930738,-0.08931388,7.0791245,-17.230412,39.433643,19.174053,126.175125,14.00589,-29.041258,-54.72442,-1261.1825
Ford,Focus,9.0,78838.0,4,Hatchback,Mainstream,Normal,Manual,0,0,0,0,0,0,20990.0,18487.744,2502.255859375,2502.255859375,11.92,108.53138,-279.79068,925.72595,20.70768,-35.545513,-2.045336,-1.3486966,6.2588134,37.368725,1434.424,44.467247,171.46747,272.40454,84.79032,-602.9282,2184.4878
Ford,F-150,9.0,144549.0,6,Pickup Truck,Mainstream,Normal,Automatic,0,0,0,0,0,0,23990.0,25816.93,-1826.9296875,1826.9296875,-7.62,108.53138,-235.53513,798.9132,4.041182,-25.26628,30.532698,0.20546809,10.569824,28.338419,272.37732,7.4385633,450.35016,-262.29895,-30.06184,-187.86043,970.27545
Hyundai,Sonata,5.0,134139.0,4,Sedan,Economy,Normal,Automatic,0,0,0,0,0,0,17990.0,16222.17,1767.830078125,1767.830078125,9.83,108.53138,-78.18878,-371.85233,-8.5616045,-26.106178,-4.7966585,-0.07644282,5.6651297,34.18725,34.879875,13.832799,-20.999626,40.055786,211.47957,-30.250032,-92.19987
Toyota,Tundra,4.0,63555.0,6,Pickup Truck,Mainstream,Normal,Automatic,0,0,0,0,0,0,54990.0,57502.508,-2512.5078125,2512.5078125,-4.57,108.53138,-1003.63153,41.327587,-15.687226,-26.871477,-17.86736,-1.3669719,5.183555,-8.413944,-1594.2009,26.211489,-2544.8347,-1023.5748,-244.24057,-56.016796,-6355.452
BMW,X2,5.0,135598.0,4,SUV,Luxury,Normal,Automatic,0,0,0,0,0,0,20990.0,30695.975,-9705.974609375,9705.974609375,-46.24,108.53138,662.7573,-478.3345,4.2189403,-24.38508,-73.24634,-0.07644282,31.861486,44.370064,-620.52606,11.912088,-115.29475,33.704735,-107.85522,-128.3325,-650.69495
Ford,Escape,9.0,99012.0,4,SUV,Mainstream,Normal,Automatic,0,0,0,0,0,0,13990.0,16111.571,-2121.5712890625,2121.5712890625,-15.16,108.53138,-672.0862,640.9303,21.061377,-25.886793,-2.2041152,-0.07644282,6.934061,33.15581,248.6765,7.533908,-91.21715,230.43549,-19.473429,-154.66754,331.6472
Chevrolet,Silverado 1500,3.0,83643.0,8,Pickup Truck,Economy,Normal,Automatic,0,0,0,0,0,0,32990.0,47379.684,-14389.68359375,14389.68359375,-43.62,108.53138,734.7251,-539.09796,-89.08483,-62.951626,-17.685839,-1.437439,30.53774,33.432987,-672.77704,29.71817,-467.6148,-102.13855,180.93616,-419.03845,-1253.945
Honda,CR-V,7.0,73500.0,4,SUV,Mainstream,Normal,Automatic,0,0,0,0,0,0,29000.0,26008.293,2991.70703125,2991.70703125,10.32,108.53138,544.65234,92.14092,-0.16484739,-16.433252,-2.9013834,-1.3531109,5.3477373,34.660183,-120.91998,-7.5864654,31.077599,22.727665,-14.747084,-21.449083,653.5826
Nissan,Rogue,11.0,106415.0,4,SUV,Mainstream,Normal,Automatic,0,0,0,0,0,0,10300.0,11328.125,-1028.125,1028.125,-9.98,108.53138,405.2216,-171.0603,19.902624,-40.09319,-2.7563794,-0.113503516,6.562396,34.595093,193.46582,10.946611,-303.50067,-59.46444,-6.217176,-14.367335,181.6525
Honda,CR-V,3.0,41580.0,4,SUV,Mainstream,Normal,Automatic,0,0,0,0,0,0,33250.0,34930.52,-1680.51953125,1680.51953125,-5.05,108.53138,-1749.7238,439.4394,-0.8358671,-19.729153,-26.923466,-1.9797503,3.352644,7.4848065,-97.053764,-11.162862,198.99297,218.89432,147.8534,-37.983547,-820.84314
Buick,Encore GX,3.0,14792.0,4,SUV,Near-luxury,Normal,Automatic,0,0,0,0,0,0,28500.0,31505.611,-3005.611328125,3005.611328125,-10.55,108.53138,936.3945,-973.2077,14.483179,-38.066105,-11.942453,-1.9797503,18.983599,30.393284,-143.78708,-19.602167,9.72003,299.99167,66.68453,-81.29341,215.30347
Subaru,Forester,18.0,132325.0,4,SUV,Mainstream,Normal,Automatic,0,0,0,0,0,0,6000.0,8989.207,-2989.20703125,2989.20703125,-49.82,108.53138,399.9563,-3218.7932,15.105914,-28.24779,-6.324797,-0.113503516,132.11424,35.331642,310.55164,52.887825,27.465853,199.79024,114.62094,-25.458267,-1882.5813
Toyota,RAV 4,3.0,96932.0,4,SUV,Mainstream,Normal,Automatic,0,0,0,0,0,0,28980.0,34654.242,-5674.2421875,5674.2421875,-19.58,108.53138,-1109.594,-182.02528,7.46084,-28.357687,-51.365875,-0.69697237,5.1081085,-16.839598,350.67462,19.649456,248.8456,155.78796,-54.4104,-58.97996,-606.21173
Kia,Soul,9.0,103038.0,4,Hatchback,Economy,Normal,Automatic,0,0,0,0,0,0,11480.0,11310.617,169.3828125,169.3828125,1.48,108.53138,-134.39511,598.83453,4.1173477,-25.706501,-1.3152969,-0.07644282,8.403479,57.174545,199.94717,-10.8531275,308.36386,133.1324,118.11536,-58.657852,1305.6157
Ford,F-150,6.0,148261.0,6,Pickup Truck,Mainstream,Normal,Automatic,0,0,0,0,0,0,22998.0,33378.176,-10380.17578125,10380.17578125,-45.14,108.53138,-847.71533,395.1524,-5.277639,-23.856144,25.952063,0.20546809,10.305986,28.465588,173.06058,6.4580903,336.7895,-85.841835,-37.665043,-146.8678,-62.302757
Mazda,CX-30,2.0,60254.0,4,SUV,Mainstream,Normal,Automatic,0,0,0,0,0,0,30791.0,32706.592,-1915.591796875,1915.591796875,-6.22,108.53138,341.0525,-752.664,1.6794015,2.0722787,-0.48092178,-2.9911377,4.0976853,51.74726,-308.4939,-4.768658,87.81836,268.14697,36.906387,-16.444304,-183.79074
Ford,Escape,2.0,44764.0,4,SUV,Mainstream,Normal,Automatic,0,0,0,0,0,0,30791.0,34601.594,-3810.59375,3810.59375,-12.38,108.53138,-842.0909,-278.27792,6.017776,1.4926267,-0.28556743,-2.3839693,4.356334,43.579525,761.72205,-12.364691,61.314575,334.57098,31.860874,-167.5199,50.523354
Toyota,Corolla Hatchback 5-Door,2.0,54896.0,4,Sedan,Mainstream,Normal,Automatic,0,0,0,0,0,0,28491.0,28970.924,-479.923828125,479.923828125,-1.68,108.53138,-897.4538,-1066.7802,10.2542095,4.2050786,-10.7947,-2.3839693,5.756304,-44.20029,-195.64417,15.739825,-274.0027,45.339233,25.355001,-29.644127,-2305.723
Audi,Q3,2.0,46228.0,4,SUV,Luxury,Normal,Automatic,0,0,0,0,0,0,36991.0,44298.902,-7307.90234375,7307.90234375,-19.76,108.53138,-184.3959,-816.74445,19.810066,2.0440817,-0.6763639,-2.3839693,4.8445663,49.963615,-348.5499,-63.243618,61.146576,230.22499,-123.93541,-61.281696,-1124.6462
Nissan,NV200 Cargo Vans,6.0,150080.0,4,Van,Mainstream,Normal,Automatic,0,0,0,0,0,0,16998.0,19282.176,-2284.17578125,2284.17578125,-13.44,108.53138,-856.23645,-123.89943,3.7628179,-34.27917,7.061655,-0.035928816,43.194427,35.053303,298.42078,12.644237,428.77585,126.161934,-5.794616,-34.840992,8.519707
Ford,Bronco Sport,4.0,33403.0,4,SUV,Mainstream,Normal,Automatic,0,0,0,0,0,0,28995.0,31266.885,-2271.884765625,2271.884765625,-7.84,108.53138,1039.8721,328.57974,7.874469,-32.47175,-24.990967,-1.3531109,6.417616,28.71427,1307.9692,-19.10368,-74.54884,128.5889,-95.03773,-96.928246,2612.113
Buick,Envista,3.0,73737.0,4,SUV,Near-luxury,Normal,Automatic,0,0,0,0,0,0,26295.0,25297.424,997.576171875,997.576171875,3.79,108.53138,-496.28915,-285.55716,6.087444,-31.305092,-17.224735,-1.9797503,4.301545,38.823055,-411.6559,12.912259,105.12222,28.066288,107.50346,-63.484142,-896.14825
Ford,Transit Connect,6.0,176640.0,6,Van,Mainstream,Normal,Automatic,0,0,0,0,0,0,20500.0,26033.723,-5533.72265625,5533.72265625,-26.99,108.53138,-1415.71,-97.43767,-0.19568218,-31.18025,18.364424,-0.07127315,46.290997,28.404823,23.689445,7.846885,512.5753,-413.40472,-55.984615,-88.63053,-1356.9114
Mazda,CX-30,2.0,27013.0,4,SUV,Mainstream,Normal,Automatic,0,0,0,0,0,0,30791.0,36569.19,-5778.19140625,5778.19140625,-18.77,108.53138,275.79218,-489.51465,2.2732098,-3.5472164,0.85961676,-2.9911377,5.7066207,33.091465,-181.12137,-22.222294,-78.334755,59.823166,47.12405,-46.65036,-291.1801
Hyundai,Venue,2.0,32168.0,4,SUV,Economy,Normal,Automatic,0,0,0,0,0,0,23791.0,33440.707,-9649.70703125,9649.70703125,-40.56,108.53138,159.66339,-718.20886,-3.8992038,-58.41115,0.20415407,-2.3839693,6.3679223,44.239613,-1031.5494,-9.104684,40.965916,-35.54373,247.28568,-38.8159,-1290.6589
Ford,Escape,2.0,44764.0,4,SUV,Mainstream,Normal,Automatic,0,0,0,0,0,0,30791.0,34601.594,-3810.59375,3810.59375,-12.38,108.53138,-842.0909,-278.27792,6.017776,1.4926267,-0.28556743,-2.3839693,4.356334,43.579525,761.72205,-12.364691,61.314575,334.57098,31.860874,-167.5199,50.523354
Ford,Bronco Sport,4.0,33403.0,4,SUV,Mainstream,Normal,Automatic,0,0,0,0,0,0,28995.0,31266.885,-2271.884765625,2271.884765625,-7.84,108.53138,1039.8721,328.57974,7.874469,-32.47175,-24.990967,-1.3531109,6.417616,28.71427,1307.9692,-19.10368,-74.54884,128.5889,-95.03773,-96.928246,2612.113
Subaru,Outback,6.0,46983.0,4,SUV,Mainstream,1std,Automatic,0,0,0,0,0,0,25798.0,29655.611,-3857.611328125,3857.611328125,-14.95,108.53138,241.88858,-331.1356,8.526061,-15.687006,-3.7720764,-1.3424909,35.04936,63.709213,-399.8797,31.268497,-43.527634,139.23108,-3.7065663,113.68936,-57.157524
Mazda,Mazda3 Sport,8.0,111281.0,4,Sedan,Mainstream,Normal,Automatic,0,0,0,0,0,0,19398.0,18044.332,1353.66796875,1353.66796875,6.98,108.53138,152.10876,-319.65585,5.2673473,-17.014935,-3.316588,-0.6836111,7.080633,33.18593,-231.98746,10.561745,-24.931131,193.48596,-18.153135,21.405172,-84.11579
Toyota,Corolla Sedan,7.0,21780.0,4,Sedan,Mainstream,Normal,Automatic,0,0,0,0,0,0,20998.0,25111.693,-4113.693359375,4113.693359375,-19.59,108.53138,-1080.6813,-1435.2605,9.019429,-52.23676,-64.787056,-1.3531109,16.865856,-41.874176,-357.35916,-15.910429,-765.9597,-274.34677,63.169743,-16.23021,-3908.4126
Honda,Civic Sedan,9.0,90491.0,4,Sedan,Mainstream,Normal,Automatic,0,0,0,0,0,0,21888.0,17963.02,3924.98046875,3924.98046875,17.93,108.53138,-568.5393,519.1088,12.4598675,-15.998933,-4.299122,-1.3501977,6.1789265,29.922354,-202.64558,0.18618211,-100.6203,-25.0942,170.91916,-15.265699,-86.50666
Ford,EcoSport,9.0,77084.0,4,SUV,Mainstream,Normal,Automatic,0,0,0,0,0,0,11998.0,16895.945,-4897.9453125,4897.9453125,-40.82,108.53138,3390.5168,897.6549,21.906895,-21.60893,-2.056298,-1.3531109,6.7593775,36.111027,1956.2222,14.051715,-32.832264,250.05249,-58.088615,-617.35315,5948.5146
Honda,CR-V,9.0,38426.0,4,SUV,Mainstream,Normal,Automatic,0,1,0,1,0,0,28998.0,23680.178,5317.822265625,5317.822265625,18.34,108.53138,-602.0607,-810.8729,-255.29234,-31.864885,49.833164,-0.8732941,5.6596737,39.53436,-560.0471,-61.038605,-37.659595,191.3706,24.496307,4.7486897,-1935.5354
Nissan,Qashqai,7.0,73000.0,4,SUV,Mainstream,Normal,Automatic,0,0,0,0,0,0,19800.0,19016.023,783.9765625,783.9765625,3.96,108.53138,694.9383,-220.53375,6.439975,-22.76432,-1.8977275,-1.3531109,6.0879107,36.501083,255.12613,6.225328,-234.068,-58.73912,-13.810436,41.43614,602.11975
Hyundai,Palisade,6.0,62000.0,6,SUV,Economy,1std,Automatic,0,0,0,0,0,0,30995.0,33475.38,-2480.37890625,2480.37890625,-8.0,108.53138,967.1052,-34.96862,-25.566406,-24.101065,6.254374,-1.3778353,41.423588,62.50041,-463.7358,7.607039,-50.64874,94.11961,215.77782,432.94553,1335.8666
Hyundai,Sonata,13.0,147000.0,4,Sedan,Economy,Normal,Automatic,0,0,0,0,0,0,10999.0,8015.158,2983.841796875,2983.841796875,27.13,108.53138,-333.60944,-28.85225,2.259623,-36.467587,9.464063,-0.046684906,6.4073563,33.369392,-210.10693,11.70228,-24.860708,-22.156788,164.22644,-42.231995,-362.37195
Toyota,Corolla Sedan,21.0,124000.0,4,Sedan,Mainstream,Normal,Manual,0,0,0,0,0,0,7000.0,9447.102,-2447.1015625,2447.1015625,-34.96,108.53138,-1141.5283,2936.327,18.500147,-46.277817,-21.998114,-0.10908919,111.24747,-18.946732,-990.0643,-2047.9336,-213.3395,71.74196,235.38486,-67.2095,-1065.6744
GMC,Sierra 1500,9.0,139997.0,8,Pickup Truck,Near-luxury,Normal,Automatic,0,0,0,1,0,0,27991.0,29116.725,-1125.724609375,1125.724609375,-4.02,108.53138,653.00507,-1712.2096,34.554287,-62.792805,325.88483,-0.38487867,14.3638315,39.032734,922.5564,33.00651,-159.96454,-477.64185,380.4502,-457.58612,-359.19464
Mercedes-Benz,GLE,7.0,66487.0,6,SUV,Luxury,Normal,Automatic,0,0,0,0,0,0,43867.0,46005.64,-2138.640625,2138.640625,-4.88,108.53138,-445.36987,341.97977,5.112432,-21.766697,4.355827,-1.3884553,23.757786,344.66006,1390.3508,2.4885259,-224.33641,902.0864,-37.11365,-72.58649,2320.7615
Mercedes-Benz,S-Class,12.0,41374.0,6,Sedan,Luxury,3std,Automatic,0,0,0,0,0,0,42867.0,78282.35,-35415.3515625,35415.3515625,-82.62,108.53138,-5253.36,-1943.2639,31.103687,-74.046844,-56.01975,-1.4255159,43.888535,300.47168,3734.154,-77.75706,272.23804,-168.12965,-277.16086,-165.6262,-3526.402
Volkswagen,Beetle Coupe,10.0,80000.0,4,Convertible,Mainstream,Normal,Automatic,0,0,0,0,0,0,18900.0,19034.145,-134.14453125,134.14453125,-0.71,108.53138,385.70322,198.23195,20.408325,-23.414536,5.375872,-2.116297,5.003392,37.896904,-17.461323,21.041792,-674.649,-262.0272,-43.20239,-141.65259,-382.3304
Hyundai,Santa Fe,14.0,240000.0,4,SUV,Economy,Normal,Automatic,0,0,0,0,0,0,7500.0,5142.7314,2357.2685546875,2357.2685546875,31.43,108.53138,-272.08496,-43.42558,5.794807,-42.533157,9.386926,-0.046684906,0.050295338,43.48768,-97.72153,22.54993,101.96315,241.88275,293.39786,-54.459595,316.77322
Lexus,ES,4.0,49111.0,4,Sedan,Luxury,Normal,Automatic,0,0,0,0,0,0,43999.0,44289.105,-290.10546875,290.10546875,-0.66,108.53138,-494.4382,173.78264,4.484622,-15.061999,-38.84418,-1.3531109,1.8086209,80.203995,326.4497,1.9538571,-351.34564,159.85023,-37.91411,30.455507,-51.43673
RAM,1500 Classic,5.0,100600.0,8,Pickup Truck,Mainstream,Normal,Automatic,0,0,0,0,0,0,38999.0,43458.32,-4459.3203125,4459.3203125,-11.43,108.53138,-805.2052,137.09564,-5.145744,-67.811714,-0.63891035,0.07947254,27.04318,35.559364,2131.204,35.474716,59.509617,-1031.9176,-34.356472,-241.1308,348.29105
Mercedes-Benz,GLC,10.0,106563.0,4,SUV,Luxury,Normal,Automatic,0,0,0,0,0,0,20467.0,22781.633,-2314.6328125,2314.6328125,-11.31,108.53138,809.671,1139.253,21.741886,-26.859047,-3.958909,-0.09175725,18.673695,238.05672,1698.0516,6.9417825,-231.70702,-163.08841,-54.39599,-95.27044,3465.55
BMW,X2,3.0,28218.0,4,SUV,Luxury,Normal,Automatic,0,0,0,0,0,0,44999.0,50815.62,-5816.62109375,5816.62109375,-12.93,108.53138,1461.8965,111.830025,3.5389242,-30.506039,-80.22594,-1.9797503,33.439228,44.273426,-1283.1599,-15.8802185,-542.56775,-45.87712,144.25504,-166.48653,-258.91864
Hyundai,Kona,6.0,109063.0,4,SUV,Economy,Normal,Automatic,0,0,0,0,0,0,23995.0,19753.207,4241.79296875,4241.79296875,17.68,108.53138,-139.23564,-80.35936,-6.3128934,-29.925592,-3.4266112,-0.07644282,6.5566206,34.68727,79.765434,10.847427,-16.601648,79.39757,195.25233,-57.290188,181.80966
Honda,Odyssey,9.0,151250.0,6,Minivan,Mainstream,1std,Automatic,0,0,0,0,0,0,24499.0,21750.92,2748.080078125,2748.080078125,11.22,108.53138,1068.798,478.59793,2.6683502,-21.670559,14.199098,-0.06733513,34.63424,52.076717,-534.4566,1.0570949,114.313805,62.105106,-77.811325,567.2865,1870.2625
Subaru,BRZ,9.0,35800.0,4,Coupe,Mainstream,Normal,Manual,0,0,0,0,0,0,24990.0,35098.188,-10108.1875,10108.1875,-40.45,108.53138,496.88623,938.6263,36.169495,-25.70188,-29.719055,-1.3486966,5.4100394,58.78695,-436.7611,-147.36584,489.0345,484.3562,-166.5392,-54.110382,1756.2549
Volvo,XC90,8.0,118065.0,4,SUV,Luxury,Normal,Automatic,0,0,0,0,0,0,25990.0,26470.215,-480.21484375,480.21484375,-1.85,108.53138,1015.24146,-816.0669,10.360112,-78.097855,-3.5070143,-0.06700164,7.309655,18.710161,-559.39075,10.011694,-29.767904,128.19885,-71.77867,-169.35179,-429.6646
Subaru,Crosstrek,9.0,83040.0,4,SUV,Mainstream,Normal,Manual,0,0,0,0,0,0,14990.0,20139.316,-5149.31640625,5149.31640625,-34.35,108.53138,814.0482,1010.5258,25.922571,-21.51299,-6.320837,-1.3457834,5.530852,39.04341,-3.9846163,-219.03223,43.156143,165.55035,-44.352848,-51.521004,1864.2385
Toyota,Corolla Sedan,7.0,104940.0,4,Sedan,Mainstream,Normal,Automatic,0,0,0,0,0,0,17990.0,21896.104,-3906.103515625,3906.103515625,-21.71,108.53138,-121.31155,23.538263,5.7322392,-18.877882,-17.431164,-0.07644282,8.139804,-18.259577,-386.4857,21.030205,-142.7719,-32.037956,-18.1848,-25.418667,-613.8837
Honda,Civic Sedan,13.0,108168.0,4,Sedan,Mainstream,Normal,Automatic,0,0,0,0,0,0,12990.0,12635.59,354.41015625,354.41015625,2.73,108.53138,-188.75609,333.31702,12.124435,-28.155767,-4.547102,-0.113503516,6.4942007,31.830633,-191.65028,-3.5223835,74.73029,-36.02139,35.615944,-9.708353,140.16902
Subaru,Outback,12.0,163605.0,4,SUV,Mainstream,1std,Automatic,0,0,0,0,0,0,10990.0,12757.203,-1767.203125,1767.203125,-16.08,108.53138,-766.53455,414.32617,16.865978,-29.263525,9.559856,-0.042746887,38.67165,50.501324,-599.3769,26.479828,-151.33923,-12.213615,-23.057913,419.43823,-497.45398
Audi,Q3,7.0,32490.0,4,SUV,Luxury,Normal,Automatic,0,0,0,0,0,0,26968.0,28944.535,-1976.53515625,1976.53515625,-7.33,108.53138,581.48444,-787.272,22.515831,-35.051044,-3.1946545,-1.3531109,5.383326,36.818203,93.754684,-77.64335,-391.37906,61.461235,-65.38367,22.701378,-428.62634
Audi,Q5,9.0,105521.0,4,SUV,Luxury,Normal,Automatic,0,0,0,0,0,0,19800.0,18091.42,1708.580078125,1708.580078125,8.63,108.53138,403.61563,451.41592,34.639122,-25.874678,-3.44878,-0.07644282,7.2132525,47.407063,-175.52147,-62.635826,-285.95566,167.67017,-74.45189,-81.805786,510.72192
Ford,Escape,8.0,73000.0,4,SUV,Mainstream,Normal,Automatic,0,0,0,0,0,0,16000.0,19988.098,-3988.09765625,3988.09765625,-24.93,108.53138,997.641,-587.08203,10.464171,-19.141914,-0.8410654,-1.3531109,6.7593775,36.131474,841.8028,0.5426018,4.680769,140.95534,-14.4946575,-150.04935,1374.5468
Jeep,Cherokee,11.0,150850.0,4,SUV,Mainstream,Normal,Automatic,0,0,0,0,0,0,10403.0,11730.784,-1327.7841796875,1327.7841796875,-12.76,108.53138,-680.7249,70.34486,-6.8668838,-27.22072,7.40096,-0.046684906,5.5850887,34.76103,248.36465,8.630776,-94.594864,54.954926,20.335226,-73.27788,-323.82306
Mercedes-Benz,GLC,5.0,30000.0,4,SUV,Luxury,Normal,Automatic,0,0,0,0,0,0,41900.0,42089.082,-189.08203125,189.08203125,-0.45,108.53138,-105.00635,-752.3476,11.214587,-35.72063,-3.149744,-1.3531109,17.695318,126.53066,-522.3552,-8.938465,-433.2735,-718.0563,-140.00873,-17.233492,-2473.471
GMC,Acadia,20.0,234000.0,4,SUV,Near-luxury,Normal,Automatic,0,0,0,0,0,0,5800.0,1062.0211,4737.9788818359375,4737.9788818359375,81.69,108.53138,-734.78955,-35.72657,19.45028,-46.06954,-8.423002,-0.046684906,69.480034,43.40173,558.9885,29.101969,126.5846,116.46506,-688.31036,-236.12975,-677.4919
Mercedes-Benz,C-Class Sedan,11.0,116000.0,4,Sedan,Luxury,Normal,Automatic,0,0,0,0,0,0,18900.0,19929.428,-1029.427734375,1029.427734375,-5.45,108.53138,-346.33133,-274.57443,20.136213,-29.73231,-2.8221304,-0.113503516,22.217548,210.88055,400.6423,9.06249,250.302,-278.70377,-105.5363,-63.566128,-79.60743
Acura,MDX,18.0,191893.0,6,SUV,Luxury,1std,Automatic,0,0,1,0,0,0,10800.0,6962.985,3837.01513671875,3837.01513671875,35.53,108.53138,1014.75323,-1335.7656,13.766985,716.33813,21.697098,-6.8215895,164.72984,50.571373,-456.62854,59.06796,-70.72143,-284.202,-61.558735,560.85364,494.61176
Ford,F-250 Super Duty,13.0,159807.0,8,Pickup Truck,Mainstream,1std,Automatic,0,0,1,0,0,0,15800.0,27013.564,-11213.564453125,11213.564453125,-70.97,108.53138,-4196.78,2934.697,-6.2397137,1520.0945,68.74662,-2.350807,80.196945,42.685146,1589.7859,17.058775,660.2581,1995.8573,-42.7088,3484.722,8254.554
RAM,1500,12.0,269286.0,8,Pickup Truck,Mainstream,Normal,Automatic,0,0,1,0,0,0,11800.0,13401.08,-1601.080078125,1601.080078125,-13.57,108.53138,-2827.733,3117.4417,18.299746,1708.3008,48.30042,-2.3547451,-17.33434,37.208164,-516.297,8.21888,471.5465,847.1907,30.82003,-206.75237,2825.3872
BMW,i3,12.0,56450.0,Unknown,Unknown,Luxury,Normal,Automatic,0,0,0,0,0,0,12888.0,38384.973,-25496.97265625,25496.97265625,-197.83,108.53138,-2812.755,2223.2012,36.746983,-107.84917,-43.26427,-1.3901715,38.337067,-932.4764,7929.512,-43.932476,3526.5366,74.41679,741.0055,-45.649845,10690.971
Kia,Soul EV,9.0,110300.0,4,Hatchback,Economy,Normal,Automatic,0,0,0,0,0,0,10888.0,11538.72,-650.7197265625,650.7197265625,-5.98,108.53138,-328.8381,657.0092,4.282365,-25.457575,-1.3152969,-0.07644282,8.403479,58.754387,253.85928,-10.8531275,308.8877,189.19476,118.32579,-51.01538,1289.6924
Honda,CR-V,9.0,89000.0,4,SUV,Mainstream,Normal,Automatic,0,0,0,0,0,0,24900.0,20506.867,4393.1328125,4393.1328125,17.64,108.53138,-450.82785,484.78818,13.828861,-23.40779,-4.414039,-1.3501977,5.5205097,30.704172,-144.83276,-0.21870694,72.162224,69.71337,53.67466,-40.55314,173.31888
Lexus,CT,15.0,185200.0,4,Hatchback,Luxury,Normal,Automatic,0,0,0,0,0,0,11888.0,10819.924,1068.076171875,1068.076171875,8.98,108.53138,1717.9219,737.8484,9.81124,-36.05919,-0.65395576,-0.046684906,3.9341679,79.49683,1396.8722,-16.927164,249.11717,238.55077,-150.01341,13.730589,4352.1143
Volvo,V60,11.0,44000.0,4,Wagon,Luxury,Normal,Automatic,0,0,0,0,0,0,24888.0,27458.414,-2570.4140625,2570.4140625,-10.33,108.53138,-2001.7959,-3837.1587,43.11611,-147.31363,0.82598037,-6.1751328,6.413306,11.889535,-579.0786,-29.227188,1493.2023,780.4366,-217.6778,-164.98373,-4538.9956
BMW,X1,12.0,92000.0,4,SUV,Luxury,Normal,Automatic,0,0,0,0,0,0,11888.0,15709.775,-3821.775390625,3821.775390625,-32.15,108.53138,696.2721,-381.04922,18.937681,-36.53514,-71.987564,-1.3872583,33.155727,46.064945,-794.6224,8.089686,-152.04478,-152.97534,-168.74687,-155.26276,-1003.5598
Volkswagen,Touareg,10.0,150677.0,6,SUV,Mainstream,Normal,Automatic,0,0,0,0,0,0,17900.0,16511.14,1388.859375,1388.859375,7.76,108.53138,-442.39526,415.76175,10.648286,-25.421265,21.974195,-0.2434539,8.97066,36.21677,1246.5217,7.9136267,-56.941017,860.3497,-20.263409,-66.32037,2105.3035
Volvo,XC90,8.0,48300.0,4,SUV,Luxury,Normal,Automatic,0,0,0,0,0,0,32888.0,33834.723,-946.72265625,946.72265625,-2.88,108.53138,1389.0393,-1562.8292,30.894423,-52.39783,-3.3202746,-1.3436698,7.037387,29.506489,-44.997166,-0.9972406,46.70807,482.32657,-52.83693,-144.15837,231.16293
Toyota,4-Runner,12.0,155000.0,6,SUV,Mainstream,Normal,Automatic,0,0,0,0,0,0,30990.0,23803.557,7186.443359375,7186.443359375,23.19,108.53138,-634.45984,77.96123,30.045996,-23.849094,25.73867,-0.08202924,10.041795,-13.46021,1027.8455,12.178672,548.90424,1223.1028,17.347794,-55.54117,2354.306
Subaru,Outback,4.0,119800.0,4,SUV,Mainstream,1std,Automatic,0,0,0,0,0,0,19888.0,31837.723,-11949.72265625,11949.72265625,-60.09,108.53138,409.63715,40.71967,6.039006,-22.580008,-25.257986,-0.0725048,30.7858,45.152252,-253.2339,46.01541,-37.89652,52.98176,-93.55406,-23.757996,283.5094
BMW,Z4 Roadster,16.0,69750.0,4,Convertible,Luxury,Normal,Manual,0,0,0,0,0,0,27888.0,24196.176,3691.82421875,3691.82421875,13.24,108.53138,-356.8834,-2071.7478,25.272629,-123.22514,-44.61416,-1.3857572,31.208786,48.57622,-535.4101,-714.5974,229.04134,129.57138,-408.08273,-152.81987,-3836.5647
BMW,6 Series,15.0,74000.0,6,Coupe,Luxury,Normal,Automatic,0,0,0,0,0,0,18990.0,25758.113,-6768.11328125,6768.11328125,-35.64,108.53138,-2744.169,1009.1551,3.122572,-50.137676,-52.728523,-1.4255159,38.685986,96.24334,-3020.353,28.525871,890.7244,-159.5579,129.06674,-228.27153,-3952.588
BMW,X4,6.0,129000.0,4,SUV,Luxury,Normal,Automatic,0,0,0,0,0,0,30990.0,26816.09,4173.91015625,4173.91015625,13.47,108.53138,1118.919,-499.35037,4.3609395,-22.700726,-72.212685,-0.07644282,32.387077,43.94656,-647.4714,11.555539,-127.20042,19.678535,-75.978455,-133.36906,-238.98053
Nissan,Pathfinder,9.0,180237.0,6,SUV,Mainstream,2std,Automatic,0,0,0,0,0,0,10888.0,11439.649,-551.6494140625,551.6494140625,-5.07,108.53138,335.5482,316.8807,57.939583,-24.804237,17.346262,-0.07127315,22.116379,-148.42348,646.72784,12.308161,28.998636,-96.30197,-72.35264,15.848328,1220.2919
Ford,F-150,16.0,318000.0,6,Pickup Truck,Mainstream,Normal,Automatic,0,0,0,0,0,0,8990.0,7537.642,1452.35791015625,1452.35791015625,16.16,108.53138,-1391.1294,-27.01876,5.0408883,-36.39095,26.610126,0.194712,12.106068,22.888119,597.7558,30.205505,-892.7884,-408.4856,120.74681,-159.76071,-1991.4945
BMW,X5,5.0,40031.0,6,SUV,Luxury,Normal,Automatic,0,0,0,0,0,0,55777.0,57988.47,-2211.46875,2211.46875,-3.96,108.53138,3312.868,-178.90584,-0.8131213,-23.585346,-61.946056,-1.3884553,39.23411,59.37904,-2074.2283,1.2174296,-432.55582,1816.3907,-102.75842,-100.03057,2361.4092
Dodge,Grand Caravan,15.0,155000.0,6,Minivan,Mainstream,Normal,Automatic,0,0,0,0,0,0,7990.0,7485.2056,504.79443359375,504.79443359375,6.32,108.53138,-1871.8218,1603.1227,28.398327,-51.728283,18.82397,-0.08202924,10.150012,37.811317,622.3268,30.461645,-205.30667,47.24373,21.883776,-37.11177,362.70312
Audi,A5 Coupe,9.0,66468.0,6,Coupe,Luxury,Normal,Automatic,0,0,0,0,0,0,20888.0,32782.55,-11894.55078125,11894.55078125,-56.94,108.53138,-457.18893,730.99286,41.426277,-24.734882,-4.6617146,-1.3884553,12.953112,85.702576,-1382.5397,-45.542614,999.3944,-461.8526,310.28613,-168.468,-257.09015
Nissan,Pathfinder,9.0,162000.0,6,SUV,Mainstream,2std,Automatic,0,0,0,0,0,0,13999.0,12851.272,1147.7275390625,1147.7275390625,8.2,108.53138,266.92606,135.5197,57.952938,-24.804237,17.346262,-0.07127315,21.835659,-148.42348,645.27203,12.419917,29.146088,-63.18933,-73.58842,15.599182,1000.4724
Nissan,Pathfinder,12.0,132317.0,6,SUV,Mainstream,2std,Automatic,0,0,0,0,0,0,8980.0,10704.896,-1724.896484375,1724.896484375,-19.21,108.53138,21.3648,-309.52872,58.0197,-33.414635,3.995794,-0.14884785,22.222977,-147.40201,477.8134,7.6373596,72.931305,-78.6609,24.655102,-326.22092,-98.204216
Mercedes-Benz,GLC,8.0,106529.0,4,SUV,Luxury,Normal,Automatic,0,0,0,0,0,0,22895.0,28260.875,-5365.875,5365.875,-23.44,108.53138,1353.1176,265.22687,10.740265,-22.84499,-3.438336,-0.07644282,18.756763,238.06767,1763.9629,9.721057,-221.5792,-160.29782,-52.922012,-79.368805,3227.5967
Lexus,NX,9.0,144475.0,4,SUV,Luxury,Normal,Automatic,0,0,0,0,0,0,24895.0,27192.37,-2297.369140625,2297.369140625,-9.23,108.53138,-228.63943,248.9133,15.382015,-23.988804,-8.742517,-0.035928816,2.4731364,80.77829,304.63037,9.251656,-49.293427,206.49622,-95.20574,-15.26935,555.2811
Lexus,ES,9.0,82995.0,4,Sedan,Luxury,Normal,Automatic,0,0,0,0,0,0,26895.0,26416.506,478.494140625,478.494140625,1.78,108.53138,834.7614,953.62946,20.31467,-13.48605,-16.566313,-1.3501977,3.9998555,79.88703,84.622475,9.81735,-247.90286,-19.386091,-34.87687,-47.219086,1714.7762
Chevrolet,Trailblazer,5.0,71808.0,4,SUV,Economy,Normal,Automatic,0,0,0,0,0,0,21895.0,23060.568,-1165.568359375,1165.568359375,-5.32,108.53138,147.58737,-263.5915,-9.638934,-21.072462,0.87712413,-1.3531109,16.359156,30.186222,-64.19192,6.1428,22.823896,22.583574,185.96617,-128.44453,52.76525
Hyundai,Venue,1.0,4100.0,4,SUV,Economy,Normal,Automatic,0,0,0,0,0,0,26995.0,36095.0,-9100.0,9100.0,-33.71,108.53138,-1030.508,946.5183,12.947214,-30.338745,51.569016,-2.3795836,56.855125,62.859592,-731.80963,116.60601,232.04785,-113.845116,808.8613,-202.43045,285.48425
Ford,Edge,6.0,112200.0,4,SUV,Mainstream,Normal,Automatic,0,0,0,0,0,0,21495.0,20984.053,510.947265625,510.947265625,2.38,108.53138,-809.8035,-135.4783,6.7261157,-22.782478,-2.181946,-0.07644282,6.799938,33.3032,240.15668,6.6462617,-41.221462,183.8206,-31.183165,-100.47795,-557.22107
Toyota,4-Runner,9.0,116377.0,6,SUV,Mainstream,Normal,Automatic,0,0,0,0,0,0,34895.0,31766.395,3128.60546875,3128.60546875,8.97,108.53138,-272.64478,317.9704,17.086924,-13.801717,2.913288,-0.111787155,13.611546,-12.190307,1098.9625,16.365158,438.6593,1401.6132,-63.589066,-57.571335,2995.8047
RAM,ProMaster City Cargo Van,6.0,117587.0,6,Van,Mainstream,Normal,Automatic,0,0,0,0,0,0,23999.0,28203.475,-4204.474609375,4204.474609375,-17.52,108.53138,143.56668,-759.2826,25.664467,-30.468912,2.9635031,-0.111787155,48.43902,38.281765,116.2712,11.9352255,458.03577,113.40233,-48.237133,-36.3618,192.62903
Nissan,Pathfinder,12.0,173000.0,6,SUV,Mainstream,2std,Automatic,0,0,0,0,0,0,6000.0,7437.0786,-1437.07861328125,1437.07861328125,-23.95,108.53138,165.09364,302.77264,58.02268,-34.001915,18.258005,-0.08202924,22.29823,-148.38109,791.78723,8.733146,40.833088,-198.6376,-7.5897136,69.4548,1197.0925
Subaru,Forester,12.0,288000.0,4,SUV,Mainstream,Normal,Automatic,0,0,0,0,0,0,8500.0,6925.1113,1574.888671875,1574.888671875,18.53,108.53138,-2320.5679,1086.5193,18.319065,-27.796217,6.243766,-0.046684906,-24.11247,37.50146,-367.03113,-2.0272348,42.469143,158.29213,110.21488,-32.328014,-1205.8185
RAM,1500,8.0,32000.0,8,Pickup Truck,Mainstream,Normal,Automatic,0,0,0,0,0,0,46000.0,43975.04,2024.9609375,2024.9609375,4.4,108.53138,-2107.6794,-3509.1562,63.593395,-72.83808,-0.39672086,-1.1956736,25.780127,35.545517,-401.06308,15.639671,-558.8196,-492.6903,-97.27159,-112.269394,-7104.29
Toyota,RAV 4,16.0,198000.0,4,SUV,Mainstream,Normal,Automatic,0,0,0,0,0,0,11700.0,11212.1,487.900390625,487.900390625,4.17,108.53138,982.7267,-895.7008,15.67977,-43.67955,-3.2731738,-0.046684906,2.49521,-20.257833,-251.84917,46.67895,103.73026,-7.8550496,36.88942,-93.8333,-19.763878
Toyota,RAV 4,2.0,36327.0,4,SUV,Mainstream,Normal,Automatic,0,0,0,0,0,0,38499.0,40755.215,-2256.21484375,2256.21484375,-5.86,108.53138,-1884.2295,-595.45337,12.490552,0.8119185,-442.10822,-2.3839693,6.6308036,-49.98998,-2396.4,5.7245107,143.8868,-37.483093,45.20422,-42.813004,-5127.581
Toyota,Corolla Sedan,14.0,126531.0,4,Sedan,Mainstream,Normal,Automatic,0,0,0,0,0,0,11499.0,10902.011,596.9892578125,596.9892578125,5.19,108.53138,72.56337,-428.99286,14.008801,-31.900047,-17.415092,-0.113503516,12.890564,-18.777542,-376.4216,34.289974,63.608593,-33.10529,48.99387,-27.997952,-579.83734
Dodge,Grand Caravan,9.0,192163.0,6,Minivan,Mainstream,Normal,Automatic,0,0,0,0,0,0,10999.0,11216.68,-217.6796875,217.6796875,-1.98,108.53138,-970.37756,989.0378,9.130825,-40.171642,6.7775784,-0.07127315,-5.804157,35.724957,452.57907,25.66847,-196.94019,111.695076,-47.990288,-46.785828,431.00415
Volkswagen,Tiguan,9.0,127368.0,4,SUV,Mainstream,Normal,Automatic,0,0,0,0,0,0,16000.0,15311.471,688.529296875,688.529296875,4.3,108.53138,543.8523,-76.20821,15.972546,-24.139744,7.21932,-0.24417888,5.463936,34.558273,208.13388,10.564954,-28.39097,-99.97805,-18.25519,-51.037685,636.0426
Honda,Civic Sedan,3.0,18500.0,4,Sedan,Mainstream,Normal,Automatic,0,0,0,0,0,0,29999.0,28450.586,1548.4140625,1548.4140625,5.16,108.53138,-198.20312,-545.47894,-0.011031921,-17.113173,-9.618817,-1.9797503,21.251816,22.66694,-883.3735,-115.02489,4.9565463,65.03456,116.92767,-68.10831,-1499.5427
Volkswagen,Jetta Sedan,13.0,127997.0,4,Sedan,Mainstream,Normal,Automatic,0,0,0,0,0,0,7999.0,8779.848,-780.84765625,780.84765625,-9.76,108.53138,224.1789,-436.56714,14.101024,-29.125908,6.9508142,-0.28123957,6.304204,33.677094,200.66733,8.487846,24.30923,-253.0783,50.423363,-20.51992,-61.941307
Mazda,Mazda3,13.0,97773.0,4,Sedan,Mainstream,Normal,Automatic,0,0,0,0,0,0,10999.0,12278.014,-1279.013671875,1279.013671875,-11.63,108.53138,-633.72064,37.106632,15.60143,-30.799013,-3.7172835,-0.7206717,7.132578,33.18032,-263.7102,8.079748,92.245026,155.70547,42.716553,0.1417284,-432.22693
Volvo,XC90,8.0,117700.0,4,SUV,Luxury,Normal,Automatic,0,0,0,0,0,0,25990.0,26111.234,-121.234375,121.234375,-0.47,108.53138,853.0374,-866.98145,10.895796,-78.18265,-3.5070143,-0.06700164,7.309655,18.710161,-567.54285,10.011694,-29.732752,117.80359,-71.77867,-169.35179,-660.8445
Chevrolet,Equinox,9.0,77773.0,4,SUV,Economy,Normal,Automatic,0,0,0,0,0,0,20900.0,15945.631,4954.369140625,4954.369140625,23.71,108.53138,1250.9398,958.1849,5.7295218,-22.462435,-0.31253746,-1.3531109,16.923225,29.326021,-268.70883,17.179855,-6.4294987,66.30895,137.30054,-198.38184,2092.7761
Ford,Escape,13.0,175000.0,4,SUV,Mainstream,Normal,Automatic,0,0,0,0,0,0,6999.0,7081.551,-82.55078125,82.55078125,-1.18,108.53138,-771.4018,276.35977,15.121663,-35.602234,12.945415,-0.046684906,6.2201147,31.929747,150.35791,8.838834,-89.414,215.69139,21.929419,-122.076065,-170.61514
Kia,Soul,11.0,255000.0,4,Hatchback,Economy,Normal,Automatic,0,0,0,0,0,0,6000.0,4193.7534,1806.24658203125,1806.24658203125,30.1,108.53138,-210.52028,-1300.4229,-0.073241346,-35.080772,12.646845,-0.046684906,-12.590928,68.61838,117.75899,-34.064796,426.40134,255.3026,221.33832,-55.276962,-437.47858
RAM,3500,7.0,203000.0,8,Pickup Truck,Mainstream,Normal,Automatic,0,0,0,0,0,0,55000.0,26833.758,28166.2421875,28166.2421875,51.21,108.53138,831.32837,733.4563,1.8602554,-52.69047,14.795841,0.37524447,14.013205,28.681503,-545.37274,17.449512,308.31186,-481.76016,-36.706028,-278.727,663.54706
Dodge,Grand Caravan,12.0,202751.0,6,Minivan,Mainstream,Normal,Automatic,0,0,0,0,0,0,7999.0,7494.071,504.92919921875,504.92919921875,6.31,108.53138,-991.5571,898.087,7.6683364,-50.902126,6.3681135,-0.08202924,-4.502091,32.700195,698.5906,10.531737,-195.21246,-216.44974,14.561093,-50.93772,267.39514
Volkswagen,Jetta Sedan,12.0,245000.0,4,Sedan,Mainstream,Normal,Automatic,0,0,0,0,0,0,6500.0,5585.93,914.06982421875,914.06982421875,14.06,108.53138,-1237.6984,-674.0896,16.204182,-29.559595,20.065998,-0.21442096,-11.084828,42.591873,98.927315,17.035433,6.385521,63.196045,85.56532,-15.593879,-1509.7375
Mazda,Mazda3 Sport,6.0,45016.0,4,Sedan,Mainstream,Normal,Automatic,0,0,0,0,0,0,19414.0,24429.77,-5015.76953125,5015.76953125,-25.84,108.53138,-1099.1982,123.62457,2.896351,-14.151197,-3.124954,-1.9602792,6.7540684,34.720184,-166.88518,1.1118698,16.21487,324.02612,19.47141,42.962803,-605.00616
Mercedes-Benz,GLE,7.0,142000.0,6,SUV,Luxury,Normal,Automatic,0,0,0,0,0,0,39995.0,37987.65,2007.3515625,2007.3515625,5.02,108.53138,-1742.0735,314.18036,1.6326632,-23.179388,4.1743565,-0.34709567,20.341902,273.00143,560.2951,2.8816133,-269.28668,397.7358,-41.043457,-100.23187,-493.38733
Honda,Odyssey,11.0,247000.0,6,Minivan,Mainstream,1std,Automatic,0,0,0,0,0,0,8900.0,13818.157,-4918.1572265625,4918.1572265625,-55.26,108.53138,-1656.5408,-666.4478,3.4008203,-33.24242,10.942926,-0.07809122,23.937878,53.459118,-536.5144,0.4731383,-679.10077,-277.22003,-37.57866,489.73813,-3196.2393
Buick,Envision,4.0,56863.0,4,SUV,Near-luxury,Normal,Automatic,0,0,0,0,0,0,32995.0,28715.781,4279.21875,4279.21875,12.97,108.53138,-105.21478,-140.75023,6.6951733,-33.913326,-30.454716,-1.3531109,4.3801928,37.174534,-32.18954,-1.6845045,67.39123,83.34743,117.75676,-42.845,36.871468
Mazda,Mazda6,11.0,198000.0,4,Sedan,Mainstream,Normal,Automatic,0,0,0,0,0,0,11995.0,9476.688,2518.3115234375,2518.3115234375,20.99,108.53138,583.1451,-589.96094,9.848795,-29.566736,11.631196,-0.6538531,-8.0854025,28.22073,-372.1447,12.181913,-104.51457,178.13972,-9.179333,-28.412003,-210.81873
Hyundai,Santa Fe,15.0,225000.0,4,SUV,Economy,Normal,Automatic,0,0,0,0,0,0,5900.0,4657.926,1242.07421875,1242.07421875,21.05,108.53138,735.49194,266.2768,5.8026934,-42.5031,9.533889,-0.046684906,-33.30758,43.48768,-79.764275,22.852928,15.522352,267.35358,154.49483,-56.912018,1416.8145
Toyota,Celica,22.0,222295.0,Unknown,Unknown,Mainstream,Normal,Manual,0,0,0,0,0,0,9000.0,9613.423,-613.4228515625,613.4228515625,-6.82,108.53138,10595.22,4840.776,19.180393,-57.99521,-6.609828,-0.04227057,62.340733,-488.2378,-1111.0853,-2112.008,6355.562,397.6716,-167.30614,-36.81385,18399.184
Subaru,Forester,11.0,204000.0,4,SUV,Mainstream,Normal,Automatic,0,0,0,0,0,0,9995.0,10868.578,-873.578125,873.578125,-8.74,108.53138,886.92,-533.90936,14.445402,-27.916006,7.2614317,-0.046684906,-8.770224,29.573812,-354.70422,-11.135183,-125.23477,89.885254,-12.828895,-46.801025,15.270882
Nissan,350Z,22.0,167193.0,6,Coupe,Mainstream,Normal,Manual,0,0,0,0,0,0,14500.0,11881.297,2618.703125,2618.703125,18.06,108.53138,-2228.703,3515.7017,4.628931,-49.77547,8.628856,-0.07761491,101.16379,80.123764,5013.873,-3094.3953,2281.667,366.15045,-48.830437,-84.13356,5974.553
Mazda,CX-5,10.0,195000.0,4,SUV,Mainstream,Normal,Automatic,0,0,0,0,0,0,15995.0,13360.158,2634.841796875,2634.841796875,16.47,108.53138,-1316.1337,160.14914,11.356093,-24.608324,7.596839,-0.6475418,-12.604177,29.111387,-264.89737,6.943848,-78.92923,549.96387,-29.949474,-29.18377,-883.30096
Toyota,Venza,4.0,48400.0,4,SUV,Mainstream,Normal,Automatic,1,0,0,0,0,0,43500.0,43044.855,455.14453125,455.14453125,1.05,108.53138,516.93097,-220.90192,7.982124,-23.759998,-39.355835,-1.3531109,4.2846026,-379.91037,389.34586,10.533349,232.21413,241.8844,-37.828316,-8.741415,799.85583
Mazda,CX-5,9.0,214000.0,4,SUV,Mainstream,Normal,Automatic,0,0,0,0,0,0,15995.0,13399.274,2595.7255859375,2595.7255859375,16.23,108.53138,-1213.2827,29.501507,11.41326,-26.292017,7.315566,-0.6430971,-13.36196,29.180658,-284.06573,15.001135,-85.15809,406.3258,-35.09386,-22.33246,-1072.9608
Subaru,Forester,13.0,218000.0,4,SUV,Mainstream,Normal,Automatic,0,0,0,0,0,0,7995.0,8079.2964,-84.29638671875,84.29638671875,-1.05,108.53138,-534.5742,85.734856,16.175503,-28.54595,7.0090466,-0.046684906,-45.140347,30.776962,-246.41563,-1.3824929,11.309893,154.03423,45.85217,-28.04726,-424.72858
Hyundai,Elantra,12.0,121153.0,4,Sedan,Economy,Normal,Automatic,0,0,0,0,0,0,10995.0,9401.668,1593.33203125,1593.33203125,14.49,108.53138,-23.776672,-285.58554,2.42833,-36.1813,-3.770735,-0.113503516,7.482502,33.686222,-114.1397,9.015212,3.7651873,-5.917762,163.35732,-33.599976,-174.81903
Audi,Q3,5.0,154000.0,4,SUV,Luxury,Normal,Automatic,0,0,0,0,0,0,31995.0,25512.613,6482.38671875,6482.38671875,20.26,108.53138,-477.28818,-663.6778,33.854992,-25.142685,18.010468,-0.035928816,5.5740285,47.893497,-183.63536,-31.964945,-40.035313,182.93242,-26.010738,-64.52038,-1115.5145
Kia,Forte,8.0,184439.0,4,Sedan,Economy,Normal,Automatic,0,0,0,0,0,0,6900.0,9576.222,-2676.2216796875,2676.2216796875,-38.79,108.53138,584.64764,-453.02188,-3.700975,-17.183094,11.709085,-0.035928816,7.5951457,53.51162,214.97914,19.413483,-69.92385,169.77982,178.73615,-28.326061,776.7116
Toyota,RAV 4,10.0,119000.0,4,SUV,Mainstream,Normal,Automatic,0,0,0,0,0,0,19994.0,22245.648,-2251.6484375,2251.6484375,-11.26,108.53138,-368.71277,-24.664915,16.24939,-25.771095,-17.162806,-0.09175725,7.215089,-17.313286,-201.78867,16.417686,54.82415,62.583565,-17.057299,-61.7184,-468.45978
Volkswagen,Atlas Cross Sport,3.0,44328.0,4,SUV,Mainstream,1std,Automatic,0,0,0,0,0,0,44988.0,42957.543,2030.45703125,2030.45703125,4.51,108.53138,-1767.5449,360.9182,7.7683325,-17.498648,0.3424395,-2.1866417,33.078346,32.025986,158.49184,5.063167,74.37776,-135.88405,-5.066049,770.58685,-376.99603
Ford,F-150,14.0,79662.0,6,Pickup Truck,Mainstream,Normal,Automatic,0,0,0,0,0,0,7500.0,23126.693,-15626.693359375,15626.693359375,-208.36,108.53138,46.93523,-1062.8495,9.500436,-33.235306,5.11281,-1.4040326,13.710644,39.731564,1179.6078,21.259668,-1076.6553,-490.83234,53.284267,-660.875,-1848.1777
Mercedes-Benz,Sprinter 2500,14.0,272000.0,4,Van,Luxury,Normal,Automatic,0,0,0,0,0,0,45000.0,18346.053,26653.947265625,26653.947265625,59.23,108.53138,-2433.2551,1451.594,16.664951,-44.979424,1.0089496,-0.046684906,71.26264,235.0015,-230.5954,22.833559,-504.7252,132.64377,42.2299,-72.67857,-1204.5098
Lexus,NX,4.0,19000.0,4,SUV,Luxury,Normal,Automatic,1,0,0,0,0,0,46900.0,50709.676,-3809.67578125,3809.67578125,-8.12,108.53138,1656.7697,-271.7613,8.351179,-34.330418,-39.47333,-1.3531109,-16.077347,-924.00385,-794.59503,-31.736933,-163.03003,58.79648,-4.240854,50.53358,-397.62012
BMW,7 Series,15.0,132200.0,6,Sedan,Luxury,2std,Automatic,0,0,0,0,0,0,15000.0,30782.11,-15782.109375,15782.109375,-105.21,108.53138,-53.19223,-513.4163,128.79213,-25.10491,-66.28605,-0.14884785,50.513138,-137.15253,370.4173,17.738153,-2049.7395,38.290123,-144.60703,-2469.4133,-4744.7783
Kia,Sorento,14.0,66000.0,4,SUV,Economy,Normal,Automatic,0,0,0,0,0,0,11000.0,10498.227,501.7734375,501.7734375,4.56,108.53138,-1657.1792,-684.3321,18.832253,-105.744316,-0.39630726,-1.3901715,7.4035954,74.66051,121.95234,15.945026,-37.384747,135.30515,113.71347,-84.842834,-1974.9259
Toyota,Grand Highlander Hybrid,2.0,16476.0,4,SUV,Mainstream,Normal,Automatic,1,0,0,0,0,0,71999.0,49117.418,22881.58203125,22881.58203125,31.78,108.53138,2339.5378,-1268.6074,23.392834,-6.8123407,20.200922,-2.3839693,20.152658,128.0306,1433.9617,-11.08403,428.20236,125.94618,60.471756,-71.26088,3328.2798
Nissan,Maxima,10.0,178000.0,6,Sedan,Mainstream,Normal,Automatic,0,0,0,0,0,0,15000.0,10372.76,4627.240234375,4627.240234375,30.85,108.53138,-294.89114,485.17538,8.436155,-25.282215,16.300316,-0.07571785,14.923754,34.308617,844.55414,18.422606,108.776054,892.90826,-43.63672,34.602386,2203.0532
Toyota,Tundra,4.0,96744.0,6,Pickup Truck,Mainstream,Normal,Automatic,0,0,0,0,0,0,53000.0,54940.043,-1940.04296875,1940.04296875,-3.66,108.53138,-36.215767,-116.16859,-10.555807,-32.906033,-20.240057,-0.10317494,5.305244,-15.683845,-498.10724,26.541231,-1511.4524,-77.28483,-93.540215,-77.72476,-2349.605
Honda,Fit,15.0,223000.0,4,Hatchback,Mainstream,Normal,Automatic,0,0,0,0,0,0,5900.0,5355.6733,544.32666015625,544.32666015625,9.23,108.53138,417.1479,382.60645,5.9499793,-33.77151,10.942254,-0.046684906,-33.427765,43.373226,-244.45473,-29.918058,842.21844,203.75151,193.22676,-12.599455,1853.5298
Volkswagen,Golf Alltrack,9.0,69000.0,4,Hatchback,Mainstream,Normal,Manual,0,0,0,0,0,0,28975.0,22418.21,6556.7890625,6556.7890625,22.63,108.53138,-1012.5429,953.9336,30.097189,-39.05577,7.1487055,-2.096568,5.7617517,39.174747,-60.84119,-194.34386,228.79071,-23.95842,137.75246,-65.56411,112.787704
Honda,Civic,7.0,66700.0,4,Sedan,Mainstream,Normal,Manual,0,0,0,0,0,0,28500.0,25999.467,2500.533203125,2500.533203125,8.77,108.53138,-686.12524,718.5049,-10.184141,-23.906363,-2.2933757,-1.3486966,5.2555976,35.78085,424.72806,673.0427,-73.981606,157.5377,0.48923773,32.407776,1358.4388
Chevrolet,Camaro,10.0,62000.0,6,Coupe,Economy,Normal,Automatic,0,0,0,0,0,0,22900.0,41631.082,-18731.08203125,18731.08203125,-81.8,108.53138,908.30884,534.29425,-33.854954,-26.095356,-2.2275648,-1.4037697,22.361742,65.06212,-401.59494,-0.8128498,1003.2438,-208.65988,282.69766,-205.41466,2044.4358
Honda,Civic Sedan,9.0,104108.0,4,Sedan,Mainstream,Normal,Automatic,0,0,0,0,0,0,16999.0,17311.191,-312.19140625,312.19140625,-1.84,108.53138,38.27965,633.90063,12.4619465,-17.35551,-4.163681,-0.07644282,6.3123484,31.788282,-249.5485,-1.2754893,-14.778598,23.175514,-17.255264,-17.292244,532.7041
Toyota,Corolla,12.0,191500.0,4,Sedan,Mainstream,Normal,Automatic,0,0,0,0,0,0,14000.0,10698.04,3301.9599609375,3301.9599609375,23.59,108.53138,210.71204,-203.69196,14.192735,-30.726612,-3.3086534,-0.046684906,-7.3106146,-19.994272,-536.79974,33.824787,-64.37155,-31.416376,14.498642,-29.01505,-544.92194
Volkswagen,Golf Standard Model,12.0,160650.0,4,Hatchback,Mainstream,Normal,Automatic,0,0,0,0,0,0,9850.0,10461.3955,-611.3955078125,611.3955078125,-6.21,108.53138,-653.1551,27.276056,11.351169,-36.900654,20.975775,-0.21442096,5.7581773,34.138966,138.30222,-24.185537,427.4983,41.179394,201.73096,-35.03084,267.2559
Hyundai,Sonata,17.0,200000.0,4,Sedan,Economy,Normal,Automatic,0,0,0,0,0,1,6800.0,2821.4937,3978.50634765625,3978.50634765625,58.51,108.53138,1482.7393,-828.68945,0.7686976,-36.64698,11.429883,-0.046684906,-177.67586,26.41418,-221.61139,63.716972,104.16973,132.69409,163.52966,-6.2962832,823.0272
Nissan,Sentra,12.0,83000.0,4,Sedan,Mainstream,Normal,Automatic,0,0,0,0,0,0,10000.0,9539.221,460.779296875,460.779296875,4.61,108.53138,-131.89494,256.74408,18.849777,-27.460463,-3.7824996,-1.3872583,6.2497215,37.342957,214.24399,10.012671,-247.71167,-252.25812,88.42051,-27.320726,48.579376
Audi,A4,11.0,106947.0,4,Sedan,Luxury,Normal,Automatic,0,0,0,0,0,0,15800.0,14077.153,1722.8466796875,1722.8466796875,10.9,108.53138,1196.5607,-290.8122,32.736984,-31.191656,-2.8152997,-0.113503516,8.039954,33.205097,29.230846,-63.447,-112.11674,-8.71147,-88.909164,-57.96379,752.224
BMW,2 Series,9.0,70500.0,4,Coupe,Luxury,Normal,Automatic,0,0,0,0,0,0,35600.0,28856.92,6743.080078125,6743.080078125,18.94,108.53138,2073.08,1655.6538,8.623681,-24.03908,-52.76551,-1.3531109,34.608475,92.19751,-831.74744,22.58208,1171.5906,121.10947,62.33933,-254.30406,4186.107
Mitsubishi,Lancer Evolution,15.0,180051.0,4,Sedan,Economy,Normal,Automatic,0,1,0,0,0,0,19999.0,8157.185,11841.81494140625,11841.81494140625,59.21,108.53138,-168.06567,640.5013,514.36194,-28.83597,8.890182,-0.046684906,6.938964,78.1424,-231.84244,33.85567,34.250427,-24.240257,271.8477,5.0995827,1249.3885
Chevrolet,Corvette,17.0,87500.0,8,Coupe,Economy,2std,Automatic,0,0,0,0,0,0,47000.0,42894.297,4105.703125,4105.703125,8.74,108.53138,-1698.8717,-1113.9409,134.35344,-76.03306,30.997986,-1.2528263,48.030617,-110.61988,-220.10585,66.27799,444.27502,1375.0635,363.08484,1963.1138,1312.9043
Audi,Q3,4.0,20321.0,4,SUV,Luxury,Normal,Automatic,0,0,0,0,0,0,38459.0,41557.25,-3098.25,3098.25,-8.06,108.53138,321.58035,1111.1691,21.796402,-35.083046,-25.507334,-1.3531109,19.008108,11.527033,1527.9218,-89.11534,-766.98315,12.891716,-134.84052,-55.726334,2025.8168
GMC,Sierra 1500,9.0,214000.0,8,Pickup Truck,Near-luxury,Normal,Automatic,0,0,0,0,0,0,15500.0,21996.389,-6496.388671875,6496.388671875,-41.91,108.53138,123.917046,-1121.8632,-3.505238,-58.258953,-0.1421907,0.37524447,-11.204582,29.919641,581.43884,38.616932,321.8363,-509.1463,99.0181,-486.5744,-887.0414
Toyota,Corolla Sedan,16.0,126300.0,4,Sedan,Mainstream,Normal,Automatic,0,0,0,0,0,0,9200.0,9703.14,-503.1396484375,503.1396484375,-5.47,108.53138,781.86633,-1491.597,14.008801,-31.854359,-17.830841,-0.113503516,12.807705,-18.777542,-307.2471,55.92634,145.32076,2.3708677,109.554214,-30.900852,-667.93494
Nissan,Rogue,12.0,195000.0,4,SUV,Mainstream,Normal,Automatic,0,0,0,0,0,0,5500.0,7210.4297,-1710.4296875,1710.4296875,-31.1,108.53138,-1318.6887,5.301137,14.4019985,-38.084488,8.798766,-0.046684906,-12.299345,29.607977,281.19702,8.762928,-281.94125,195.12022,10.76551,-39.869446,-1028.443
BMW,2 Series,9.0,70350.0,4,Coupe,Luxury,Normal,Automatic,0,0,0,0,0,0,35900.0,28832.186,7067.814453125,7067.814453125,19.69,108.53138,2111.8418,1570.7761,8.65094,-24.03908,-52.699978,-1.3531109,34.608475,92.19751,-825.6103,22.58208,1188.3434,138.0732,61.8389,-254.05573,4179.6855
Lexus,RC,12.0,210000.0,6,Coupe,Luxury,3std,Automatic,0,0,0,0,0,0,21500.0,15816.478,5683.5224609375,5683.5224609375,26.43,108.53138,-2308.5842,-505.54218,5.576552,-23.376434,-3.4428818,-0.08202924,-21.444057,131.5658,-745.37775,20.690542,-1250.6294,-1607.8444,650.16327,3891.2568,-1658.5394
Kia,Sportage,14.0,153000.0,4,SUV,Economy,Normal,Automatic,0,0,0,0,0,0,7500.0,8047.6636,-547.66357421875,547.66357421875,-7.3,108.53138,125.76931,231.47025,3.8660045,-34.167862,16.46444,-0.046684906,7.4419837,57.551846,225.05087,16.647764,0.25902218,187.05623,150.11319,-57.972557,1038.0352
BMW,X5,10.0,115000.0,6,SUV,Luxury,Normal,Automatic,0,0,0,0,0,0,23000.0,26779.514,-3779.513671875,3779.513671875,-16.43,108.53138,1007.42096,-20.576178,14.882407,-26.679398,-71.41622,-0.12710159,39.33761,47.505802,-687.7181,8.211462,-385.68848,221.4192,40.667538,-136.1008,159.67014
Subaru,Outback,2.0,6970.0,4,SUV,Mainstream,1std,Automatic,0,0,0,0,0,0,43700.0,46663.79,-2963.7890625,2963.7890625,-6.78,108.53138,-1518.5029,1523.9729,-18.476955,17.49335,38.451977,-2.3689635,63.904957,50.98421,-35.09536,101.983475,63.00518,289.4098,-26.41215,688.5985,1345.4794
BMW,X3,15.0,265700.0,4,SUV,Luxury,Normal,Automatic,0,0,0,0,0,0,6000.0,3138.0881,2861.911865234375,2861.911865234375,47.7,108.53138,-871.0357,1955.8474,15.558048,-35.38913,-58.494843,-0.046684906,13.898474,45.80266,-893.5344,23.244978,-36.772423,147.46399,140.13884,-134.85757,420.355
BMW,X5,4.0,50000.0,6,SUV,Luxury,Normal,Automatic,1,0,0,0,0,0,64900.0,65186.477,-286.4765625,286.4765625,-0.44,108.53138,-1527.1693,403.7945,-2.7508678,-23.068785,-49.69298,-1.3884553,30.40448,-864.1878,-1144.2347,2.0653207,-348.86432,199.2922,18.656809,-89.41713,-3288.0295
Honda,Odyssey,2.0,47523.0,6,Minivan,Mainstream,1std,Automatic,0,0,0,0,0,0,47999.0,50184.9,-2185.8984375,2185.8984375,-4.55,108.53138,1528.6019,-827.06976,-3.3202703,6.6984067,-14.247629,-2.4086936,31.041922,84.76742,-529.6555,-6.85105,576.8855,-201.04672,-4.862418,421.0214,1168.0858
Ford,F-150,6.0,150000.0,6,Pickup Truck,Mainstream,Normal,Automatic,0,0,0,0,0,0,33500.0,32631.494,868.505859375,868.505859375,2.59,108.53138,-847.51025,395.30798,-5.277639,-23.856144,25.952063,0.20546809,10.305986,28.465588,172.69992,6.4580903,336.7895,-85.841835,-37.665043,-146.8678,-62.302757
Jeep,Wrangler JK,9.0,314000.0,6,SUV,Mainstream,Normal,Automatic,0,0,0,0,0,0,9500.0,12734.865,-3234.865234375,3234.865234375,-34.05,108.53138,-4540.4165,1994.4304,-10.658241,-16.678387,13.81964,-0.07127315,-48.298737,12.545243,453.2647,10.388501,9.570707,-134.27905,194.44768,-62.484,-2015.8881
BMW,M5,14.0,159200.0,8,Sedan,Luxury,2std,Manual,0,0,0,0,0,0,29850.0,39479.855,-9629.85546875,9629.85546875,-32.26,108.53138,296.25635,1087.4225,121.112,-77.13507,-15.426405,0.08985533,52.925312,-141.60889,9.435978,-1259.9768,-2204.0425,782.2871,-154.66536,-179.38123,-1574.1759
Mercedes-Benz,GLA,7.0,87077.0,4,SUV,Luxury,Normal,Automatic,0,0,0,0,0,0,23999.0,32183.408,-8184.408203125,8184.408203125,-34.1,108.53138,-847.3969,216.37096,9.51211,-23.206512,-3.5596108,-1.3501977,18.625256,201.82172,416.26648,-10.218172,-33.8127,-227.64462,-183.50723,-78.192154,-437.76025
RAM,1500,1.0,12187.0,8,Pickup Truck,Mainstream,Normal,Automatic,0,0,0,0,0,0,64480.0,79957.05,-15477.046875,15477.046875,-24.0,108.53138,-5012.104,2343.8723,15.578941,-18.558384,32.24564,-1.8474822,77.157234,67.896545,3633.1516,9.775563,-516.8405,-1982.6599,386.53268,-186.0858,-1043.3542
RAM,1500 Classic,8.0,260000.0,8,Pickup Truck,Mainstream,Normal,Automatic,0,0,0,0,0,0,22000.0,23490.07,-1490.0703125,1490.0703125,-6.77,108.53138,-383.20743,-654.60565,11.63296,-48.828613,14.634712,0.37524447,-73.53292,43.691956,-506.47375,34.84898,517.57416,-1129.0769,19.818527,-255.87497,-2300.4922
Subaru,WRX,11.0,273000.0,4,Sedan,Mainstream,1std,Manual,0,0,0,0,0,0,12000.0,10468.26,1531.740234375,1531.740234375,12.76,108.53138,-2367.7903,779.0672,21.786304,-31.695566,12.259184,-0.03833255,3.7918704,49.85275,-726.27386,-614.2214,-199.45546,-0.9688339,-24.603035,297.37872,-2692.3794
Mercedes-Benz,GLA,9.0,102100.0,4,SUV,Luxury,Normal,Automatic,0,0,0,0,0,0,17000.0,22349.912,-5349.912109375,5349.912109375,-31.47,108.53138,-9.778188,904.2374,23.941757,-26.385677,-3.4556108,-0.07644282,18.756763,238.0197,547.2644,9.721057,-231.76707,-215.073,-52.906216,-97.251785,1213.7784
BMW,X3,8.0,100910.0,4,SUV,Luxury,Normal,Automatic,0,0,0,0,0,0,22800.0,24710.062,-1910.0625,1910.0625,-8.38,108.53138,639.5274,-377.32556,8.690424,-23.043043,-71.39796,-0.07644282,33.5007,43.81962,-579.6298,10.062171,-131.59843,16.507397,-77.37987,-138.24283,-538.05493
Subaru,Impreza,3.0,31974.0,4,Sedan,Mainstream,Normal,Automatic,0,0,0,0,0,0,28988.0,28381.525,606.474609375,606.474609375,2.09,108.53138,72.80259,-136.3715,6.155741,-12.449757,-14.859104,-1.9797503,6.906641,38.669468,-279.748,22.652252,-133.78877,-165.9812,-85.96015,4.921629,-570.49854
Honda,CR-V,4.0,13509.0,4,SUV,Mainstream,Normal,Automatic,0,0,0,0,0,0,38999.0,33337.504,5661.49609375,5661.49609375,14.52,108.53138,803.5307,-1417.5719,-1.1753207,-28.21508,3.124258,-1.3531109,17.898363,18.992311,-706.23206,-106.71559,40.427357,326.14484,282.9925,-22.158,-681.7792
Honda,Pilot,6.0,43800.0,6,SUV,Mainstream,2std,Automatic,0,0,0,0,0,0,43000.0,42703.59,296.41015625,296.41015625,0.69,108.53138,-1920.8335,227.57404,62.29776,-14.737424,5.200628,-1.3884553,24.487942,-144.33322,-776.5691,-12.170844,633.9483,-245.2747,-6.611086,-801.2552,-2861.1333
Hyundai,Kona Electric,6.0,132500.0,4,SUV,Economy,Normal,Automatic,0,0,0,0,0,0,18000.0,17961.8,38.19921875,38.19921875,0.21,108.53138,630.44415,-313.26944,-7.0381765,-30.114122,-4.8811116,-0.07644282,5.481475,34.37044,60.60007,10.838104,-22.13536,124.59795,205.53983,-62.31941,740.5694
Volkswagen,Tiguan,8.0,110000.0,4,SUV,Mainstream,Normal,Automatic,0,0,0,0,0,0,16000.0,17665.455,-1665.455078125,1665.455078125,-10.41,108.53138,348.8762,-300.9132,10.569596,-22.836098,5.7437086,-0.24417888,6.491948,34.57872,362.71655,10.340597,-14.009024,-120.32019,-20.902702,-37.8009,370.82236
Mercedes-Benz,GLK-Class,14.0,285600.0,4,SUV,Luxury,Normal,Automatic,0,0,0,0,0,0,5450.0,5408.5044,41.49560546875,41.49560546875,0.76,108.53138,-1957.0745,1757.6294,17.905537,-37.156803,9.464829,-0.046684906,-0.8379928,233.75566,-70.919624,22.529753,-14.388983,28.166271,54.304703,-85.91315,65.949814
Ford,Ranger,6.0,67000.0,4,Pickup Truck,Mainstream,Normal,Automatic,0,0,0,0,0,0,42500.0,30459.13,12040.869140625,12040.869140625,28.33,108.53138,223.61124,-5.243493,-5.6909747,-21.43607,0.6437558,-1.3316275,7.4633007,37.57576,1266.5127,-1.4320899,160.74596,195.93903,-11.127191,-181.46556,1773.296
Ford,F-150,2.0,35700.0,6,Pickup Truck,Mainstream,Normal,Automatic,0,0,0,0,0,0,54844.0,62197.4,-7353.3984375,7353.3984375,-13.41,108.53138,1622.678,-728.1793,-20.438715,-0.42304796,-7.434949,-2.3978302,7.288334,48.720367,1428.6046,-18.661854,-275.87967,6.487316,4.9985394,-143.79768,2030.0955
Kia,Sorento,14.0,174000.0,4,SUV,Economy,Normal,Automatic,0,0,0,0,0,0,13500.0,6897.228,6602.77197265625,6602.77197265625,48.91,108.53138,-110.89068,385.5537,3.8405604,-34.167862,11.813938,-0.046684906,7.560224,56.629704,261.04013,23.013393,31.10916,201.60956,157.60439,-58.43322,1044.7676
Toyota,Matrix,17.0,289000.0,4,Hatchback,Mainstream,Normal,Automatic,0,0,0,0,0,0,10000.0,3928.3784,6071.62158203125,6071.62158203125,60.72,108.53138,-1255.0736,334.48773,13.6125965,-45.44415,-2.6252675,-0.046684906,-13.5434675,-12.03547,-347.4903,39.822514,554.4653,59.400368,271.92877,-45.206337,-339.21658
Mazda,Mazda3,5.0,44079.0,4,Sedan,Mainstream,Normal,Automatic,0,0,0,0,0,0,21995.0,26483.281,-4488.28125,4488.28125,-20.41,108.53138,-1569.721,341.30414,2.7177563,-15.194084,-3.155418,-1.9602792,6.275605,15.224069,-210.7706,1.865731,0.007263422,314.33258,20.774761,48.110847,-941.657
Mazda,CX-3,8.0,336850.0,4,SUV,Mainstream,Normal,Automatic,0,0,0,0,0,0,8000.0,10727.876,-2727.8759765625,2727.8759765625,-34.1,108.53138,-2194.3833,-326.1698,7.5313845,-22.631956,7.270612,-0.6430971,-63.60951,17.579857,406.15625,10.367708,-28.892607,480.29358,239.94351,-9.235983,-1367.8921
Toyota,Sienna,5.0,47069.0,4,Minivan,Mainstream,Normal,Automatic,1,1,0,0,0,0,56905.0,48433.207,8471.79296875,8471.79296875,14.89,108.53138,227.4744,-364.00327,-74.58509,-23.935492,-31.323366,-1.3531109,6.118274,-494.9999,414.33606,20.31241,193.52545,291.6655,-1.7187095,30.757792,300.80234
Toyota,RAV 4,10.0,86900.0,4,SUV,Mainstream,Normal,Automatic,0,0,0,0,0,0,18900.0,23163.754,-4263.75390625,4263.75390625,-22.56,108.53138,-943.0843,101.231415,21.626497,-27.958862,-17.298246,-1.3655121,7.081668,-19.689177,-81.429535,2.1020536,165.8369,-8.231325,54.92533,-66.61153,-704.3331
Honda,Odyssey,9.0,186900.0,6,Minivan,Mainstream,1std,Automatic,0,0,0,0,0,0,21000.0,18014.422,2985.578125,2985.578125,14.22,108.53138,737.5578,683.84186,2.6618433,-21.655958,8.493219,-0.06733513,35.274303,49.40611,-433.29138,2.1239762,78.74437,-293.37308,-91.0341,561.5872,1428.8002
Volkswagen,Tiguan,9.0,190956.0,4,SUV,Mainstream,Normal,Automatic,0,0,0,0,0,0,13995.0,10784.102,3210.8984375,3210.8984375,22.94,108.53138,342.47302,161.50606,15.383399,-24.378626,17.85442,-0.20366487,-9.134714,31.513855,79.962166,12.124956,-53.149246,114.781975,-35.262943,-53.814804,708.1872
Toyota,Tacoma,14.0,117320.0,4,Pickup Truck,Mainstream,Normal,Automatic,0,0,0,0,0,0,12500.0,26224.283,-13724.283203125,13724.283203125,-109.79,108.53138,348.452,-1082.9524,15.429738,-45.477024,-16.542175,-0.09202023,8.540962,-18.074812,-1144.4384,27.070837,-1420.2203,-71.65198,35.43373,-82.79427,-3338.7844
Audi,RS4,5.0,27066.0,Unknown,Unknown,Luxury,Normal,Automatic,0,0,0,0,0,1,82900.0,69841.07,13058.9296875,13058.9296875,15.75,108.53138,1393.7101,-61.842648,8.80137,-34.226364,-3.5150385,-1.3531109,-353.24573,-1032.7013,952.0855,-86.267914,-5252.521,161.1422,880.7095,101.877716,-3218.8154
Volkswagen,Golf GTI,12.0,134000.0,4,Hatchback,Mainstream,Normal,Automatic,0,0,0,0,0,0,13500.0,12573.9375,926.0625,926.0625,6.86,108.53138,-827.1881,-245.32489,11.365844,-36.313377,5.904724,-0.28123957,5.9308167,35.118057,270.90912,-7.3331466,322.04846,-151.83614,235.06264,-35.908016,-309.31378
Dodge,Dart,12.0,184000.0,4,Sedan,Mainstream,Normal,Automatic,0,0,0,0,0,0,7500.0,7272.019,227.98095703125,227.98095703125,3.04,108.53138,-1306.4192,1118.755,13.652015,-42.818115,-8.994278,-0.046684906,6.5674224,31.52958,301.28592,31.0851,-49.04269,-527.9039,14.7996435,-28.128365,-337.14713
Honda,CR-V,8.0,71822.0,4,SUV,Mainstream,Normal,Automatic,0,0,0,0,0,0,24495.0,24377.979,117.021484375,117.021484375,0.48,108.53138,978.2797,-582.23145,3.2337356,-16.31244,-2.9155493,-1.3531109,5.345826,34.693928,-183.53673,-0.5865864,65.89093,41.763607,-14.681837,-21.668034,414.4534
Toyota,Venza,17.0,198780.0,4,SUV,Mainstream,Normal,Automatic,0,0,0,0,0,0,8495.0,10755.617,-2260.6171875,2260.6171875,-26.61,108.53138,970.74994,-1000.8647,15.67977,-43.713497,-3.2731738,-0.046684906,2.3578904,-20.257833,-256.39423,70.14044,101.39174,-4.5837555,36.88942,-93.919174,-117.31246
Volkswagen,Tiguan,16.0,149555.0,4,SUV,Mainstream,Normal,Automatic,0,0,0,0,0,0,9500.0,6443.885,3056.115234375,3056.115234375,32.17,108.53138,86.613174,-886.864,15.576884,-35.219063,16.775389,-0.21442096,5.779758,34.246937,231.13464,39.09745,-5.7321725,-126.06548,81.488754,-63.737816,-498.5885
Audi,TT,14.0,160000.0,4,Coupe,Luxury,Normal,Automatic,0,0,0,0,0,0,19500.0,19542.219,-42.21875,42.21875,-0.22,108.53138,1573.7179,433.40286,9.492868,-33.20951,3.2965505,-0.046684906,7.066037,80.25167,3649.2578,-48.243713,4157.846,2633.0642,-18.902061,-150.53726,12404.988
Toyota,Tacoma,14.0,117320.0,4,Pickup Truck,Mainstream,Normal,Automatic,1,0,0,0,0,0,12500.0,26736.68,-14236.6796875,14236.6796875,-113.89,108.53138,401.8767,-1142.0032,15.414857,-45.310017,-11.259221,-0.09202023,7.8912263,-254.84042,-726.7701,26.904446,-1390.9845,-61.054512,33.890694,-65.822136,-3103.6265
Audi,A4 Sedan,4.0,58342.0,4,Sedan,Luxury,Normal,Automatic,0,0,0,0,0,0,39500.0,34965.125,4534.875,4534.875,11.48,108.53138,-1216.1992,-240.30511,18.591225,-15.079806,-25.539606,-1.3531109,5.561668,24.94707,-1050.8602,-65.42753,-194.29352,10.470261,-147.41443,-21.974321,-2810.3452
Audi,Q3,4.0,20801.0,4,SUV,Luxury,Normal,Automatic,0,0,0,0,0,0,40500.0,40480.76,19.23828125,19.23828125,0.05,108.53138,1408.8593,115.5535,21.796402,-35.083046,-25.507334,-1.3531109,19.008108,11.49415,1163.7592,-89.11534,-835.5385,-25.6399,-134.84052,-56.842678,1645.0813
Kia,Seltos,1.0,16676.0,4,SUV,Economy,Normal,Automatic,0,0,0,0,0,0,33000.0,39118.49,-6118.48828125,6118.48828125,-18.54,108.53138,1151.909,-2727.5742,8.9663725,7.8291483,-49.16789,-2.3839693,58.57744,121.910416,137.0117,-24.750883,-65.94389,235.96683,126.14306,-128.90344,-1041.8788
Audi,Q3,4.0,27778.0,4,SUV,Luxury,Normal,Automatic,0,0,0,0,0,0,38500.0,38868.062,-368.0625,368.0625,-0.96,108.53138,755.5216,47.615093,21.203953,-34.937386,-25.290285,-1.3531109,6.5084844,15.285557,464.95807,-86.55848,-401.67947,-46.78357,-162.69319,-54.615715,605.7131
Toyota,Corolla Sedan,6.0,48000.0,4,Sedan,Mainstream,Normal,Automatic,0,0,0,0,0,0,24500.0,25743.773,-1243.7734375,1243.7734375,-5.08,108.53138,-1362.8104,-326.58542,7.276423,-15.22117,-18.928667,-1.3531109,7.807626,645.2135,-249.56291,18.605768,-323.0889,185.04169,198.97624,-2.8958695,-1128.994
RAM,1500 Classic,5.0,128359.0,8,Pickup Truck,Mainstream,Normal,Automatic,0,0,0,0,0,0,29950.0,42008.066,-12058.06640625,12058.06640625,-40.26,108.53138,515.13544,49.178192,10.009365,-57.1504,-0.25101104,0.07947254,23.358492,35.58688,2222.1199,35.6579,203.7179,-941.7282,-34.305088,-232.38806,1937.5518
Subaru,Crosstrek,9.0,99000.0,4,SUV,Mainstream,Normal,Automatic,0,0,0,0,0,0,19888.0,18325.395,1562.60546875,1562.60546875,7.86,108.53138,9.639866,632.41254,21.21712,-19.471329,-4.1141605,-0.07644282,6.358526,35.61546,102.945984,0.93236846,-9.155396,139.70897,-18.89025,-33.49136,972.1634
Toyota,C-HR,8.0,124436.0,4,SUV,Mainstream,Normal,Automatic,0,0,0,0,0,0,18990.0,25152.72,-6162.720703125,6162.720703125,-32.45,108.53138,815.56946,-996.5989,10.244882,-24.047022,-16.254335,-0.07644282,6.5876684,-17.302319,-254.8733,18.120232,50.428402,77.407684,-19.785187,-48.68244,-290.73022
Volvo,XC60,5.0,55554.0,4,SUV,Luxury,Normal,Automatic,0,0,0,0,0,0,40980.0,40609.266,370.734375,370.734375,0.9,108.53138,-346.676,-434.5295,7.366984,-35.816853,-2.5374732,-1.3436698,6.4733114,29.042376,-124.38886,-2.457116,60.430637,72.53648,-157.84586,-160.4636,-981.67773
Subaru,Forester,4.0,66406.0,4,SUV,Mainstream,Normal,Automatic,0,0,0,0,0,0,29995.0,29838.781,156.21875,156.21875,0.52,108.53138,-413.65863,19.978073,5.83559,-15.741062,-27.859247,-1.3531109,4.054332,31.48896,2.8788452,39.92333,118.67699,90.13105,-36.739223,-24.125237,-97.97796
Subaru,Impreza,8.0,140680.0,4,Sedan,Mainstream,Normal,Automatic,0,0,0,0,0,0,15995.0,16954.953,-959.953125,959.953125,-6.0,108.53138,125.72603,-316.6432,8.780462,-10.57875,-2.752131,-0.31175137,6.075219,34.42306,-106.9756,2.5654972,-33.24507,5.510454,-8.648684,-4.779194,-192.32227
Subaru,Ascent,4.0,38422.0,4,SUV,Mainstream,Normal,Automatic,0,0,0,0,0,0,33995.0,31711.52,2283.48046875,2283.48046875,6.72,108.53138,-112.67058,-235.82558,7.015863,-16.308565,-28.253628,-1.3531109,4.374155,30.76789,-239.01653,29.702353,-0.4820161,0.5759125,27.629307,-0.12442884,-425.43756
RAM,1500,2.0,17689.0,8,Pickup Truck,Mainstream,Normal,Automatic,0,0,0,0,0,0,64977.0,67564.17,-2587.171875,2587.171875,-3.98,108.53138,887.73145,183.86293,16.06749,-30.847204,6.4467816,-1.8474822,40.44091,29.78151,2188.5825,0.20199552,-568.7952,-984.49243,58.57633,-164.54185,1769.6989
Honda,Accord Hybrid,3.0,43674.0,4,Sedan,Mainstream,Normal,Automatic,1,0,0,0,0,0,37995.0,35199.332,2795.66796875,2795.66796875,7.36,108.53138,-1396.6454,271.39597,-2.2527664,-12.155694,-17.304209,-1.9797503,3.3348513,-523.4236,-156.16327,-10.7843485,49.376698,241.41367,17.218966,-4.766863,-1434.2042
Honda,CR-V,2.0,25127.0,4,SUV,Mainstream,Normal,Automatic,0,0,0,0,0,0,38325.0,37213.027,1111.97265625,1111.97265625,2.9,108.53138,-784.3314,-847.8629,-7.068892,-1.7939755,-1.004973,-2.3839693,15.125717,39.14929,-1069.8651,-74.462814,31.798067,-47.94164,49.92084,-82.76787,-2674.958
Toyota,RAV 4,2.0,38971.0,4,SUV,Mainstream,Normal,Automatic,0,0,0,0,0,0,34495.0,40651.82,-6156.8203125,6156.8203125,-17.85,108.53138,84.78591,-904.39795,12.499337,1.2037941,-2.5729942,-2.3839693,5.2134604,-49.50477,310.53818,7.0173855,154.94011,-44.472908,53.508526,-48.820343,-313.91486
BMW,4 Series Gran Coupe,8.0,85550.0,4,Coupe,Luxury,Normal,Automatic,0,0,0,0,0,0,25969.0,30671.854,-4702.853515625,4702.853515625,-18.11,108.53138,562.9318,-82.89952,-2.8903904,-19.187729,-80.451546,-1.3501977,34.810772,87.98418,-651.33936,8.190219,303.1648,267.9076,123.06312,-244.26749,414.19766
Kia,Niro,8.0,70500.0,4,SUV,Economy,Normal,Automatic,1,0,0,0,0,0,22495.0,22920.88,-425.880859375,425.880859375,-1.89,108.53138,914.9061,-382.35464,-4.424653,-19.855614,-4.63237,-1.3531109,7.096205,-1079.2323,-216.85219,10.497581,35.7437,117.95209,172.7118,-63.626797,-404.89276
Volkswagen,Taos,3.0,44099.0,4,SUV,Mainstream,Normal,Automatic,0,0,0,0,0,0,31990.0,31447.43,542.5703125,542.5703125,1.7,108.53138,-1934.2089,275.51093,6.958854,-22.528105,-1.746275,-2.7276218,4.1906614,19.19912,10.475708,1.3499471,108.823326,-17.127121,15.751698,-85.046814,-1512.5931
Nissan,Rogue,4.0,19802.0,4,SUV,Mainstream,Normal,Automatic,0,0,0,0,0,0,33999.0,25777.701,8221.298828125,8221.298828125,24.18,108.53138,174.62996,1115.784,7.5884194,-43.980522,-25.420677,-1.3531109,17.07322,21.94218,-41.088207,-23.023005,-510.7152,-78.04782,-4.9868436,49.697884,766.6317
Ford,Escape PHEV,5.0,74936.0,4,SUV,Mainstream,Normal,Automatic,1,0,0,0,0,0,27799.0,25675.602,2123.3984375,2123.3984375,7.64,108.53138,-414.41632,-89.10921,6.7390194,-20.047253,-2.2607112,-1.3531109,5.1858354,-573.2946,1283.9564,0.6616447,51.429466,133.16837,-24.809795,-136.10329,328.27795
Nissan,Sentra,7.0,127894.0,4,Sedan,Mainstream,Normal,Automatic,0,0,0,0,0,0,12995.0,14645.546,-1650.5458984375,1650.5458984375,-12.7,108.53138,761.11304,-440.85962,4.36445,-21.8413,-2.7406857,-0.07644282,6.0301247,33.615906,150.49995,5.452019,-241.33229,-68.72467,-16.507282,21.807915,299.3325
Nissan,Rogue,6.0,123319.0,4,SUV,Mainstream,Normal,Automatic,0,0,0,0,0,0,15995.0,17714.982,-1719.982421875,1719.982421875,-10.75,108.53138,414.79218,-128.824,5.553409,-27.301691,-3.2379506,-0.07644282,5.5980005,34.672607,258.55832,14.238928,-212.76427,34.891266,-29.437456,0.72296214,475.91718
Ford,Expedition,8.0,126268.0,6,SUV,Mainstream,1std,Automatic,0,0,0,0,0,0,40795.0,34387.355,6407.64453125,6407.64453125,15.71,108.53138,-97.76677,-735.4119,5.588642,-18.351896,6.6584644,-0.107849136,36.05876,53.081493,484.2681,10.710621,-207.33203,-228.61122,-74.289246,1160.7653,503.79175
Jeep,Wrangler,6.0,92359.0,6,SUV,Mainstream,Normal,Automatic,0,0,0,0,0,0,32495.0,32558.732,-63.732421875,63.732421875,-0.2,108.53138,1340.9796,-102.48309,-23.193892,-19.474081,2.8674948,-1.385542,12.586295,40.65566,-119.458,11.647542,-150.58199,430.15085,-51.62512,-50.402546,1428.8147
Ford,Bronco,5.0,122406.0,4,SUV,Mainstream,Normal,Automatic,0,0,0,0,0,0,39999.0,23209.26,16789.740234375,16789.740234375,41.98,108.53138,-706.4413,-374.58365,6.0004296,-24.339354,-2.2124097,-0.07644282,5.42284,34.04354,208.24803,8.638456,-39.22882,234.0162,-28.883581,-95.326836,-666.1914
Ford,Bronco,2.0,24539.0,4,SUV,Mainstream,Normal,Automatic,0,0,0,0,0,1,69888.0,33274.375,36613.625,36613.625,52.39,108.53138,-769.98816,-546.083,4.3806157,-5.334724,0.39814568,-2.3839693,-278.40286,37.228565,679.18195,-39.08784,-103.65406,205.46713,54.42085,-252.20473,-907.5306
Ford,Bronco,4.0,85022.0,4,SUV,Mainstream,Normal,Automatic,0,0,0,0,0,0,58888.0,27102.105,31785.89453125,31785.89453125,53.98,108.53138,698.1665,-128.58044,5.5313168,-20.026014,-26.37239,-1.3501977,4.3610554,29.313417,754.3101,-0.13144806,83.46484,314.8332,-94.959076,-500.6115,1226.4808
Mitsubishi,Eclipse Cross,7.0,66437.0,4,Coupe,Economy,Normal,Automatic,0,0,0,0,0,0,20995.0,21008.543,-13.54296875,13.54296875,-0.06,108.53138,-296.27896,434.94296,-25.94249,-21.600315,-12.406971,-1.3531109,7.80287,128.54546,-819.4805,14.069725,757.6505,248.46848,254.74966,-139.6368,638.0618
Audi,Q5,7.0,59000.0,4,SUV,Luxury,Normal,Automatic,0,0,0,0,0,0,28346.0,28507.266,-161.265625,161.265625,-0.57,108.53138,-124.17408,61.61772,21.031597,-21.243467,-2.422229,-1.3531109,7.030973,44.30678,-806.4265,-80.07099,20.985382,103.48879,-235.27402,-56.19848,-960.1703
Hyundai,Kona,2.0,16000.0,4,SUV,Economy,Normal,Automatic,0,0,0,0,0,0,28799.0,33644.176,-4845.17578125,4845.17578125,-16.82,108.53138,3348.3088,-1673.437,5.4507017,-41.125553,6.2555466,-2.3839693,18.271517,34.68484,-724.2905,-24.27757,26.634336,289.84015,162.84367,-82.2543,1453.0519
Hyundai,Sonata,5.0,56492.0,4,Sedan,Economy,Normal,Automatic,0,0,0,0,0,0,24995.0,21339.57,3655.4296875,3655.4296875,14.62,108.53138,4.914667,-339.6851,-7.418265,-22.042593,-2.3470473,-1.3531109,6.468009,44.128967,258.42657,-1.9739304,-60.22089,-2.142212,176.48744,-19.29226,142.48163
Ford,Bronco,5.0,47262.0,4,SUV,Mainstream,Normal,Automatic,0,0,0,0,0,0,47888.0,27110.443,20777.556640625,20777.556640625,43.39,108.53138,657.2173,-151.5027,7.6751738,-22.249205,-2.0256698,-1.3531109,5.8886766,49.889977,1062.0685,-11.272979,-186.77597,361.83197,17.377064,-125.53328,1769.767
Ford,Bronco,3.0,19479.0,4,SUV,Mainstream,Normal,Automatic,0,0,0,0,0,0,58788.0,34532.074,24255.92578125,24255.92578125,41.26,108.53138,889.5208,1467.3212,7.8932366,-30.128536,-10.812495,-1.9797503,18.59277,31.938524,927.7171,-40.426876,-95.737206,420.02902,-26.774466,-207.41206,3458.273
Toyota,Tacoma,10.0,133509.0,4,Pickup Truck,Mainstream,Normal,Automatic,0,0,0,0,0,0,38399.0,33060.56,5338.44140625,5338.44140625,13.9,108.53138,25.690771,207.27185,10.521983,-26.524181,-18.120928,-0.070273966,6.48851,-17.850904,-536.28,22.309158,-333.38257,176.0752,-8.481385,-91.70219,-475.52362
Kia,Sorento,7.0,82132.0,4,SUV,Economy,Normal,Automatic,0,0,0,0,0,0,21995.0,20507.309,1487.69140625,1487.69140625,6.76,108.53138,935.16797,191.11682,-4.8697324,-17.23859,-1.6213921,-1.3501977,7.8663864,74.16873,221.91965,2.3282328,-0.352463,60.777527,129.66371,-124.0714,1582.0365
Nissan,Versa Note,8.0,61345.0,4,Sedan,Mainstream,Normal,Automatic,0,0,0,0,0,0,13495.0,16827.9,-3332.900390625,3332.900390625,-24.7,108.53138,1159.7572,-704.3332,17.932894,-17.482199,-1.7824188,-1.3531109,6.797414,43.33078,58.949432,-1.3509231,-321.57025,-74.09517,57.76725,66.133804,397.23285
Nissan,Rogue,1.0,22631.0,4,SUV,Mainstream,Normal,Automatic,0,0,0,0,0,0,31995.0,36707.957,-4712.95703125,4712.95703125,-14.73,108.53138,1962.1278,-212.65569,12.714995,0.070106685,0.2398853,-2.3839693,57.22611,65.21033,1045.986,-22.771555,-434.02988,-222.59492,38.08341,-30.721722,2365.0327
Honda,Civic Hatchback,6.0,106500.0,4,Sedan,Mainstream,Normal,Automatic,0,0,0,0,0,0,23990.0,22782.982,1207.017578125,1207.017578125,5.03,108.53138,-56.531017,-142.29904,-2.0862231,-14.621919,-4.1415114,-0.07644282,6.2304354,31.908155,-199.6395,0.034705736,26.485107,-3.434143,-28.341825,-6.7574883,-284.73935
Ford,Bronco Sport,6.0,180850.0,4,SUV,Mainstream,Normal,Automatic,0,0,0,0,0,0,21899.0,14788.6,7110.400390625,7110.400390625,32.47,108.53138,-573.0492,-302.05896,5.535414,-23.558289,11.352788,-0.035928816,5.7707186,32.007267,93.69618,7.287993,-71.836365,321.48303,-46.88252,-98.59836,-530.355
Ford,F-150,9.0,108253.0,6,Pickup Truck,Mainstream,Normal,Automatic,0,0,0,0,0,0,54999.0,29090.305,25908.6953125,25908.6953125,47.11,108.53138,-259.5589,1076.2164,10.204329,-27.106424,5.4540377,-0.09030387,14.321428,29.593727,337.76172,7.7394485,44.09446,-39.402603,-42.42841,-160.01974,1105.3105
Hyundai,Elantra Hybrid,2.0,28078.0,4,Sedan,Economy,Normal,Automatic,1,0,0,0,0,0,27991.0,32964.45,-4973.44921875,4973.44921875,-17.77,108.53138,1313.3536,-825.974,-5.4281287,-57.134834,-2.7607799,-2.3839693,6.52318,-561.1789,-1068.3715,-15.353995,-319.91025,-191.66266,66.200905,-61.218716,-1616.7687
Ford,F-150,4.0,91913.0,6,Pickup Truck,Mainstream,Normal,Automatic,0,0,0,0,0,0,44995.0,47172.082,-2177.08203125,2177.08203125,-4.84,108.53138,1567.9209,387.24963,-11.928466,-33.14886,-3.8711522,-1.3640586,5.323689,24.712376,208.3063,8.025433,1134.0364,201.70345,-93.768585,-131.45871,3370.27
Buick,Encore GX,6.0,69122.0,4,SUV,Near-luxury,Normal,Automatic,0,0,0,0,0,0,20997.0,23909.51,-2912.509765625,2912.509765625,-13.87,108.53138,-332.9241,-61.577053,8.309036,-32.4405,-25.986538,-1.3531109,6.272558,38.69301,-265.15204,11.227622,-8.097911,60.95274,76.13625,-63.810753,-481.21942
Jeep,Wrangler,4.0,41262.0,6,SUV,Mainstream,Normal,Automatic,0,0,0,0,0,0,35950.0,47445.164,-11495.1640625,11495.1640625,-31.98,108.53138,694.1037,-1166.3284,-42.614426,-22.380024,-4.2916546,-1.3884553,4.0627303,34.56717,-1094.4609,1.6621531,6.7883096,395.5638,-12.292755,-11.333492,-1109.8108
Toyota,Corolla Hatchback 5-Door,5.0,57370.0,4,Sedan,Mainstream,Normal,Automatic,0,0,0,0,0,0,22888.0,26880.354,-3992.353515625,3992.353515625,-17.44,108.53138,-431.10263,-533.91235,6.457746,-16.316216,-15.630125,-1.3531109,7.4172444,-9.784139,-520.3505,15.602667,-192.83826,-0.32256317,29.918177,-17.558126,-1571.2407
Acura,RDX,9.0,82265.0,4,SUV,Luxury,Normal,Automatic,0,0,0,0,0,0,22900.0,23172.197,-272.197265625,272.197265625,-1.19,108.53138,1846.9408,1045.896,23.223501,-20.917345,0.44165787,-1.3501977,7.1128626,37.21732,-266.26923,9.932798,4.4713736,-15.384833,10.225511,-144.8247,2645.2473
Dodge,Grand Caravan,10.0,124057.0,6,Minivan,Mainstream,Normal,Automatic,0,0,0,0,0,0,14500.0,15788.801,-1288.80078125,1288.80078125,-8.89,108.53138,-892.9194,560.59845,9.774437,-40.291317,-6.5800285,-0.12710159,11.738225,39.717308,508.6342,22.024506,-159.92581,241.41138,-36.214344,-44.061676,322.3102
Dodge,Grand Caravan,9.0,176625.0,6,Minivan,Mainstream,Normal,Automatic,0,0,0,0,0,0,11995.0,13213.217,-1218.216796875,1218.216796875,-10.16,108.53138,-1459.7448,1064.3076,9.130825,-40.80324,6.930382,-0.07127315,8.855431,37.47343,529.59674,25.718813,-205.29533,103.35921,-47.12594,-46.71202,94.151276
Kia,Forte,13.0,134241.0,4,Sedan,Economy,Normal,Automatic,0,1,0,0,0,0,8995.0,7457.406,1537.59423828125,1537.59423828125,17.09,108.53138,-235.66217,-269.7506,49.365707,-27.8899,-1.8497204,-0.113503516,7.8304567,56.04622,288.67584,11.606027,19.768156,-2.080944,307.21204,3.0420065,314.73102
Honda,HR-V,4.0,66235.0,4,SUV,Mainstream,Normal,Automatic,0,0,0,0,0,0,24850.0,31577.207,-6727.20703125,6727.20703125,-27.07,108.53138,-240.41656,121.72371,-1.4500314,-19.811743,-26.255413,-1.3531109,3.2163131,28.557821,-25.209589,0.7610931,173.15952,95.51034,-37.96387,-29.7045,149.29532
Hyundai,Sonata,16.0,115000.0,4,Sedan,Economy,Normal,Automatic,0,0,0,0,0,0,9450.0,6615.3467,2834.6533203125,2834.6533203125,30.0,108.53138,1559.7146,-717.1925,7.8207364,-37.81277,-4.089999,-0.113503516,7.7717285,33.64936,-119.40353,38.92627,101.1752,27.980762,419.89688,-32.51101,1394.3436
RAM,3500,8.0,68681.0,8,Pickup Truck,Mainstream,Normal,Automatic,0,0,0,0,0,0,64999.0,38689.56,26309.44140625,26309.44140625,40.48,108.53138,913.05664,-1572.8907,55.537827,-60.983288,0.85812765,-1.1956736,27.299585,39.05653,885.295,33.816277,-262.9487,-88.709526,-12.578537,-200.16388,-136.01898
Ford,Transit Cargo Van,2.0,22895.0,6,Van,Mainstream,Normal,Automatic,0,0,0,0,0,0,59985.0,54784.285,5200.71484375,5200.71484375,8.67,108.53138,4039.7239,-2795.79,0.78348625,-7.24452,8.154424,-2.4193137,55.418373,41.141415,1931.4406,-37.703457,128.54683,-89.92412,258.80997,-197.71295,3441.756
Volkswagen,Tiguan,4.0,103102.0,4,SUV,Mainstream,Normal,Automatic,0,0,0,0,0,0,25985.0,24241.725,1743.275390625,1743.275390625,6.71,108.53138,-351.83057,-6.7181034,6.006667,-28.767979,-17.167305,-0.24417888,4.362438,27.07545,503.53284,12.81525,77.257675,-187.13773,-60.5936,-50.450455,36.67176
Honda,Pilot,6.0,85392.0,6,SUV,Mainstream,2std,Automatic,0,0,0,0,0,0,37900.0,36059.51,1840.48828125,1840.48828125,4.86,108.53138,2737.4893,-514.038,61.462364,-11.746717,4.583326,-1.385542,24.525755,-144.60251,-781.78033,-0.72079676,418.7936,-242.25589,-93.01168,1327.4253,2893.2693
Hyundai,Elantra,10.0,151474.0,4,Sedan,Economy,Normal,Automatic,0,1,0,0,0,0,10995.0,9722.95,1272.0498046875,1272.0498046875,11.57,108.53138,964.8241,264.52194,44.226486,-24.961575,17.818535,-0.04037352,6.1364574,33.279953,-304.79242,13.855869,-54.821682,-118.81103,309.77148,-6.752163,1252.7869
Kia,Seltos,2.0,45760.0,4,SUV,Economy,Normal,Automatic,0,0,0,0,0,0,28995.0,33118.94,-4123.94140625,4123.94140625,-14.22,108.53138,-786.44446,-768.3578,-5.4997973,0.5961905,1.3051832,-2.3839693,5.7026277,105.706566,66.29734,0.82316613,79.1199,286.67853,108.58324,-51.348167,-850.69
Nissan,Murano,11.0,214253.0,6,SUV,Mainstream,1std,Automatic,0,0,0,0,0,0,12995.0,7549.0186,5445.9814453125,5445.9814453125,41.91,108.53138,-1074.8582,-121.73208,10.222137,-35.45537,19.673992,-0.07809122,23.648157,48.488503,-171.45107,16.25999,-448.0353,-89.79765,-70.813705,-315.45575,-2100.8528
Jeep,Wrangler Unlimited,5.0,85397.0,6,SUV,Mainstream,Normal,Automatic,0,1,0,0,0,0,36995.0,35974.16,1020.83984375,1020.83984375,2.76,108.53138,91.7113,-473.50262,675.7927,-14.984581,3.9867182,-1.385542,12.02844,42.080276,228.82935,17.194551,25.29894,-37.33362,-137.15251,-122.55774,418.5371
Audi,A7,8.0,69361.0,6,Sedan,Luxury,Normal,Automatic,0,0,0,0,0,0,39488.0,40670.133,-1182.1328125,1182.1328125,-2.99,108.53138,-494.46826,-1252.5663,21.885878,-14.660677,4.3384767,-1.3884553,18.995783,29.335169,-1216.6003,-55.385796,185.3548,331.52365,-53.720078,-29.488129,-2418.3125
Audi,Q5,9.0,157940.0,4,SUV,Luxury,Normal,Automatic,0,1,0,1,0,1,18995.0,15476.041,3518.958984375,3518.958984375,18.53,108.53138,786.84845,-153.1003,-258.87994,-35.564983,-223.56506,-0.43841377,-184.44182,46.843685,-379.31204,-30.545164,-169.38174,334.723,-82.39042,-4.1478243,-244.82123
Toyota,Highlander,10.0,199320.0,4,SUV,Mainstream,Normal,Automatic,0,0,0,0,0,1,20995.0,17725.63,3269.369140625,3269.369140625,15.57,108.53138,227.5369,172.10852,14.055351,-26.080215,-5.9437466,-0.04037352,-128.9278,-21.965162,-286.3278,3.1897683,38.73678,41.7773,-25.257496,-37.573433,73.81996
Ford,F-150,4.0,72258.0,6,Pickup Truck,Mainstream,Normal,Automatic,0,0,0,0,0,0,43985.0,48996.293,-5011.29296875,5011.29296875,-11.39,108.53138,273.501,-139.23256,-17.73823,-24.990088,-2.4619808,-1.3669719,5.1490045,30.156912,1324.7681,1.4329612,7.075056,-130.90088,-90.19966,-165.34409,1178.3799
Ford,F-250 Super Duty,3.0,82744.0,8,Pickup Truck,Mainstream,1std,Automatic,0,0,0,0,0,0,84988.0,72319.875,12668.125,12668.125,14.91,108.53138,5163.5195,-935.23505,-22.030937,-51.314716,-15.798031,-1.426819,66.68309,57.20105,5106.977,35.61041,112.05595,908.32764,-170.96535,6642.1475,17004.283
Audi,SQ5,9.0,95709.0,6,SUV,Luxury,Normal,Automatic,0,0,0,0,0,0,27488.0,27141.178,346.822265625,346.822265625,1.26,108.53138,1245.9785,93.69911,31.294924,-26.417852,2.9199104,-0.12465823,13.222389,50.283863,-415.93262,-62.48116,-327.2455,93.75819,-30.343134,-92.55812,684.5852
Honda,Civic Type R,7.0,99089.0,4,Sedan,Mainstream,Normal,Manual,0,0,0,0,0,0,43990.0,24158.678,19831.322265625,19831.322265625,45.08,108.53138,-742.33453,600.8673,-10.374756,-27.372229,-3.704684,-0.07202849,5.430282,31.6105,408.2763,647.43066,16.72457,164.98369,-20.64395,26.411608,1205.7642
Hyundai,Santa Fe,7.0,97300.0,4,SUV,Economy,Normal,Automatic,0,1,0,0,0,0,24795.0,19391.727,5403.2734375,5403.2734375,21.79,108.53138,-151.40054,-62.68635,88.81517,-29.105934,-2.0768256,-0.08931388,6.5047474,34.526966,-74.73026,4.9257646,-40.749264,19.06211,327.33514,-19.848059,209.01474
Ford,Explorer,8.0,186420.0,6,SUV,Mainstream,Normal,Automatic,0,1,0,0,0,0,18795.0,16138.08,2656.919921875,2656.919921875,14.14,108.53138,1100.6351,-177.80232,-7.8476925,-22.415741,17.81983,-0.07127315,10.201195,32.213474,-338.77945,13.506121,-173.53198,-253.01337,-103.00525,-66.23329,140.20673
BMW,X5,11.0,107802.0,6,SUV,Luxury,Normal,Automatic,0,0,0,0,0,1,21995.0,23324.475,-1329.474609375,1329.474609375,-6.04,108.53138,991.53094,-550.28394,14.356657,-37.860302,-70.39436,-0.14884785,-872.7149,46.40492,-1299.9567,9.113748,-347.63568,92.53288,-52.862015,-108.38738,-2077.7734
Mitsubishi,RVR,3.0,65000.0,4,SUV,Economy,Normal,Automatic,0,0,0,0,0,0,25900.0,28757.348,-2857.34765625,2857.34765625,-11.03,108.53138,-954.58167,184.8839,-8.377924,-22.151466,-12.510385,-1.9797503,4.297144,89.24577,-295.9866,11.294721,114.509125,34.230175,305.0332,-73.96214,-517.5246
Mazda,CX-5,5.0,70594.0,4,SUV,Mainstream,Normal,Automatic,0,0,0,0,0,0,28900.0,28206.127,693.873046875,693.873046875,2.4,108.53138,308.81516,-378.40887,3.2081451,-22.38262,-2.111301,-1.9602792,5.4784985,36.91087,-257.6021,13.80721,44.392075,228.90994,-16.636784,-35.969536,34.981773
Toyota,4-Runner,8.0,198830.0,6,SUV,Mainstream,Normal,Automatic,0,1,0,0,0,0,30995.0,27442.12,3552.880859375,3552.880859375,11.46,108.53138,701.6315,-384.98288,-17.805756,-9.909542,14.336369,-0.07127315,-4.4415555,-15.423886,1264.8066,15.576854,391.24014,1394.1691,-102.2566,-52.873207,3302.5273
GMC,Sierra 1500 Limited,5.0,159130.0,8,Pickup Truck,Near-luxury,Normal,Automatic,0,1,0,0,0,0,34995.0,39183.42,-4188.421875,4188.421875,-11.97,108.53138,405.44806,-2602.9248,379.1777,-93.238014,19.78825,0.37524447,13.556597,34.39432,857.0617,37.929516,364.72562,-997.8555,65.06703,-363.47656,-1771.4397
Honda,CR-V,10.0,182222.0,4,SUV,Mainstream,Normal,Automatic,0,0,0,0,0,0,15795.0,15335.116,459.8837890625,459.8837890625,2.91,108.53138,375.3867,319.85114,7.808136,-21.850271,7.3219414,-0.04037352,4.4261107,29.215906,-189.27838,-3.3681314,-21.34489,163.79155,-30.227278,-38.801373,711.42206
Honda,Fit,12.0,191612.0,4,Hatchback,Mainstream,Normal,Automatic,0,0,0,0,0,0,10999.0,9328.082,1670.91796875,1670.91796875,15.19,108.53138,-60.239025,-125.89965,3.7504604,-33.38214,10.208669,-0.046684906,-9.458715,30.544065,-303.55423,-35.05094,441.11002,162.0175,167.39099,-17.771555,338.1501
RAM,1500,9.0,163410.0,8,Pickup Truck,Mainstream,Normal,Automatic,0,0,0,0,0,0,12999.0,23956.934,-10957.93359375,10957.93359375,-84.3,108.53138,846.8872,337.23642,20.07418,-54.597054,23.7435,0.37524447,23.664452,33.51039,766.28015,34.893627,287.88892,-482.63055,-36.34802,-252.18195,1657.3278
Toyota,RAV 4,8.0,77000.0,4,SUV,Mainstream,Normal,Automatic,0,0,0,0,0,0,29900.0,27236.146,2663.853515625,2663.853515625,8.91,108.53138,1906.5549,-614.5292,11.337144,-20.515556,-16.494415,-1.3531109,6.990054,-15.462049,-190.66861,32.498802,136.91011,-1.3331795,-71.68288,-128.0097,1142.774
Ford,Escape PHEV,4.0,82933.0,4,SUV,Mainstream,Normal,Automatic,0,0,0,0,0,0,21488.0,27035.57,-5547.5703125,5547.5703125,-25.82,108.53138,-1.3803058,19.61677,5.6776085,-19.930067,-26.37239,-1.3501977,4.3610554,29.548044,724.4302,-0.006453771,81.64178,114.024315,-94.959076,-465.58136,478.25128
Audi,Q3,6.0,96403.0,4,SUV,Luxury,Normal,Automatic,0,0,0,0,0,0,24495.0,27111.508,-2616.5078125,2616.5078125,-10.68,108.53138,404.92862,-439.85062,20.401453,-22.892984,-3.4266112,-0.08931388,6.9942164,47.499416,-144.31409,-61.134686,-315.4776,129.15329,-73.653885,-77.67992,-421.01135
Honda,Civic Hatchback,3.0,73788.0,4,Sedan,Mainstream,Normal,Automatic,0,0,0,0,0,0,25995.0,27318.506,-1323.505859375,1323.505859375,-5.09,108.53138,-886.08044,-278.35815,-2.8239932,-9.861314,-13.326705,-1.9797503,3.910794,36.011196,-23.49951,1.8441331,-81.67437,-35.413418,-41.092697,-19.421322,-1243.234
Mitsubishi,RVR,6.0,92101.0,4,SUV,Economy,Normal,Automatic,0,0,0,0,0,0,16688.0,21566.02,-4878.01953125,4878.01953125,-29.23,108.53138,669.0617,-594.27496,-15.736994,-23.032835,-5.0949936,-1.3501977,6.470457,83.06557,-603.0577,10.803337,-156.78743,-63.826393,185.6746,-58.339462,-457.89392
Honda,Civic Coupe,9.0,24785.0,4,Sedan,Mainstream,Normal,Automatic,0,0,0,0,0,0,21999.0,19608.14,2390.859375,2390.859375,10.87,108.53138,293.87067,368.27368,28.045412,-23.578457,-4.7632523,-1.3531109,14.664725,29.18728,-1067.3116,-73.98056,547.8539,-75.62514,70.97064,-2.0920029,212.69354
Nissan,Rogue,3.0,38798.0,4,SUV,Mainstream,Normal,Automatic,0,0,0,0,0,0,25900.0,26090.191,-190.19140625,190.19140625,-0.73,108.53138,1.1918942,-599.5774,6.0142636,-27.851456,-12.363985,-1.9797503,4.3491945,40.79608,329.07138,0.92653054,-428.86246,-92.14415,37.262356,52.050804,-582.5853
Mazda,CX-5,6.0,146501.0,4,SUV,Mainstream,Normal,Automatic,0,0,0,0,0,0,21999.0,21670.69,328.310546875,328.310546875,1.49,108.53138,159.04369,-162.17944,-7.839185,-33.631084,4.372337,-0.6430971,5.1899185,35.22374,-189.85323,11.124977,-82.85829,244.18428,-22.508877,-45.78604,22.371056
Mazda,CX-5,10.0,124332.0,4,SUV,Mainstream,Normal,Automatic,0,0,0,0,0,0,22000.0,16706.104,5293.896484375,5293.896484375,24.06,108.53138,270.41302,-213.77481,12.093755,-24.369442,-3.5641797,-0.69892555,5.5606318,34.0985,-304.92685,7.601943,-43.157787,350.8515,-16.724272,-17.533562,164.40092
Volkswagen,Jetta,6.0,155105.0,4,Sedan,Mainstream,Normal,Automatic,0,1,0,0,0,0,17495.0,15596.125,1898.875,1898.875,10.85,108.53138,-1063.096,-225.95685,-594.09796,-16.741766,30.499521,-0.20366487,5.9873276,33.38121,351.86893,19.326511,-129.52545,-270.53336,-66.18708,12.059773,-1804.6874
Dodge,Hornet,3.0,6477.0,4,SUV,Mainstream,Normal,Automatic,0,0,0,0,0,0,29999.0,37428.203,-7429.203125,7429.203125,-24.76,108.53138,-1258.7029,-14.588339,-15.285177,-37.85039,17.1367,-1.9753644,19.60171,33.56854,-502.7876,145.6179,362.82425,-326.36688,-89.779175,-206.09772,-1766.1532
RAM,2500,8.0,117079.0,8,Pickup Truck,Mainstream,Normal,Automatic,0,0,0,0,0,0,45000.0,32203.826,12796.173828125,12796.173828125,28.44,108.53138,692.5182,-840.5115,10.658328,-52.17351,-0.55317986,0.07947254,27.569334,34.795643,449.7328,34.153477,32.52831,-777.4245,-35.86137,-226.83046,-542.78754
Honda,Pilot,4.0,34612.0,6,SUV,Mainstream,2std,Automatic,0,0,0,0,0,0,52495.0,50520.598,1974.40234375,1974.40234375,3.76,108.53138,-500.42084,246.60158,54.33473,-16.612606,-2.2781184,-1.3884553,30.133419,-151.24277,-1385.0355,-41.24121,498.52267,10.468399,-21.356647,-1027.0957,-2198.0796
Subaru,Ascent,7.0,110099.0,4,SUV,Mainstream,Normal,Automatic,0,0,0,0,0,0,25498.0,21967.16,3530.83984375,3530.83984375,13.85,108.53138,102.54689,153.85132,6.9819303,-16.489061,-4.0827203,-0.07644282,6.4938593,35.62968,173.58513,-6.0675154,-31.393333,83.31013,-20.930744,-9.775388,582.11505
Honda,CR-V,6.0,155650.0,4,SUV,Mainstream,Normal,Automatic,0,0,0,0,0,0,23298.0,22421.371,876.62890625,876.62890625,3.76,108.53138,-12.107783,-321.99664,28.207867,-20.726286,17.838593,-0.035928816,4.4931707,32.45792,-37.66077,-0.70417684,238.93208,139.93622,-49.664845,-31.2664,96.2344
Ford,F-150,5.0,96001.0,6,Pickup Truck,Mainstream,Normal,Automatic,0,0,0,0,0,0,40531.0,42891.797,-2360.796875,2360.796875,-5.82,108.53138,-360.16165,431.5694,-11.20572,-29.15154,5.2535686,-0.10317494,13.257558,30.433735,533.04724,7.605666,106.6292,52.26028,-49.323715,-143.64693,694.99524
Dodge,Dart,14.0,134000.0,4,Sedan,Mainstream,Normal,Automatic,0,0,0,0,0,0,6999.0,7357.18,-358.18017578125,358.18017578125,-5.12,108.53138,-1772.3842,799.61676,13.504676,-42.953197,-25.172323,-0.113503516,7.009108,34.681328,238.6663,32.9539,25.202333,-490.3747,58.044746,-28.719482,-1041.5067
Dodge,Grand Caravan,13.0,134057.0,6,Minivan,Mainstream,Normal,Automatic,0,0,0,0,0,0,6999.0,11284.182,-4285.181640625,4285.181640625,-61.23,108.53138,-1343.7601,574.2108,9.254039,-50.946453,-9.050769,-0.14884785,9.88605,38.494873,716.6239,20.899076,-114.318535,83.0082,49.94168,-40.894905,51.73031
Nissan,Rogue,4.0,84290.0,4,SUV,Mainstream,Normal,Automatic,0,0,0,0,0,0,24798.0,22968.0,1830.0,1830.0,7.38,108.53138,142.35011,-255.42477,5.0519943,-24.949202,-26.589348,-1.3501977,4.0577545,29.951399,98.7417,14.8740015,-127.90698,-67.944275,-94.20962,-48.32618,-243.14224
Toyota,Corolla Cross Hybrid,4.0,107800.0,4,Sedan,Mainstream,Normal,Automatic,1,0,0,0,0,0,29998.0,27426.146,2571.853515625,2571.853515625,8.57,108.53138,-759.85504,-353.35764,5.0792527,-24.380728,-38.91737,-0.07644282,5.3689938,-166.37267,-21.801258,29.734715,-94.48848,13.010025,-54.70518,5.803673,-1346.4268
Toyota,RAV 4,6.0,71082.0,4,SUV,Mainstream,Normal,Automatic,0,0,0,0,0,0,29998.0,31835.549,-1837.548828125,1837.548828125,-6.13,108.53138,474.53668,-425.94955,7.542373,-20.506231,-15.426574,-1.3531109,6.90444,-15.36263,-56.58359,20.666697,167.52734,-27.061722,-18.436697,-74.46109,130.5677
BMW,X1,11.0,81000.0,4,SUV,Luxury,Normal,Automatic,0,0,0,0,0,0,13999.0,19232.184,-5233.18359375,5233.18359375,-37.38,108.53138,1296.0233,-564.6213,19.112108,-31.983604,-44.686916,-1.3901715,32.249985,48.347294,-669.04944,9.18999,-86.54987,-22.169952,-30.494518,-241.15634,-178.64798
Mazda,Mazda3,12.0,141711.0,4,Sedan,Mainstream,Normal,Automatic,0,0,0,0,0,0,9488.0,11193.338,-1705.337890625,1705.337890625,-17.97,108.53138,-844.70447,-69.167404,10.188918,-28.997047,-3.8932593,-0.95598024,6.1908503,32.891006,-282.89233,9.307987,16.729927,176.25659,51.50573,7.063404,-811.94476
Kia,Forte 5,9.0,59014.0,4,Sedan,Economy,Normal,Automatic,0,0,0,0,0,0,12488.0,16495.066,-4007.06640625,4007.06640625,-32.09,108.53138,425.88846,1143.4648,18.19183,-16.242077,-0.35720256,-1.3531109,8.545541,79.37166,-180.31818,-4.30751,-163.63214,74.09209,199.34148,-40.985733,1650.2311
Toyota,RAV 4,3.0,95664.0,4,SUV,Mainstream,Normal,Automatic,0,0,0,0,0,0,30995.0,34381.418,-3386.41796875,3386.41796875,-10.93,108.53138,173.38136,128.53673,7.46084,-28.357687,-51.365875,-0.69697237,5.1081085,-16.839598,186.17137,19.658625,196.90675,12.453293,-54.243633,-67.354935,619.34973
Toyota,Corolla,16.0,179646.0,4,Sedan,Mainstream,Normal,Automatic,0,0,0,0,0,0,6750.0,7397.049,-647.048828125,647.048828125,-9.59,108.53138,714.0838,-575.584,14.277681,-32.72484,-1.9730663,-0.046684906,12.868649,-20.073465,-285.8864,69.96727,179.62186,-40.226994,32.253914,-31.14933,143.93977
Audi,Q3,9.0,90861.0,4,SUV,Luxury,Normal,Automatic,0,0,0,0,0,0,16980.0,18688.617,-1708.6171875,1708.6171875,-10.06,108.53138,1508.8622,277.26743,34.637043,-25.748373,-3.584221,-1.3501977,7.0798326,49.996822,-179.48033,-62.626656,-678.0337,10.10483,-163.5967,-79.26071,802.7986
Toyota,RAV 4,3.0,76681.0,4,SUV,Mainstream,Normal,Automatic,0,0,0,0,0,0,31495.0,35578.156,-4083.15625,4083.15625,-12.96,108.53138,-548.09686,-89.771675,8.098982,-20.209538,-42.592693,-1.9797503,4.933426,-15.239707,97.318954,34.562904,243.60336,-48.85563,-107.00791,-139.3382,-516.04285
Mazda,CX-30,4.0,46945.0,4,SUV,Mainstream,Normal,Automatic,0,0,0,0,0,0,30995.0,31678.045,-683.044921875,683.044921875,-2.2,108.53138,79.16068,-125.48592,3.3463986,-22.492544,-25.912249,-1.9602792,3.9765167,42.10692,-151.6297,2.0558276,22.398201,455.2298,11.246662,21.905725,422.47742
Toyota,Camry,14.0,57629.0,4,Sedan,Mainstream,Normal,Automatic,0,0,0,0,0,0,14980.0,12514.831,2465.1689453125,2465.1689453125,16.46,108.53138,1502.1803,1618.3834,29.627396,-102.08262,-15.827206,-1.3901715,12.976976,-11.149957,-629.9737,-7.5522175,95.73557,-31.751526,136.76207,-42.889877,2661.5803
Dodge,Grand Caravan,8.0,119775.0,6,Minivan,Mainstream,Normal,Automatic,0,0,0,0,0,0,16998.0,19583.27,-2585.26953125,2585.26953125,-15.21,108.53138,-143.29593,-77.6737,3.7699358,-38.501633,-6.4473543,-0.111787155,12.531786,39.81616,436.9231,25.880516,-134.98395,209.0562,-39.64711,-32.12052,363.72708
Honda,Civic Sedan,12.0,56929.0,4,Sedan,Mainstream,Normal,Automatic,0,0,0,0,0,0,14488.0,13279.484,1208.515625,1208.515625,8.34,108.53138,616.08075,666.2476,21.230581,-96.4284,-3.6054432,-1.3901715,5.552602,41.511787,-445.61526,-60.043568,50.270824,-42.42528,138.94139,-20.172497,978.68646
Buick,Encore GX,1.0,500.0,4,SUV,Near-luxury,Normal,Automatic,0,0,0,0,0,0,36106.0,46739.867,-10633.8671875,10633.8671875,-29.45,108.53138,2373.894,967.3555,18.029537,-0.3267027,46.108517,-2.3795836,56.116142,105.911514,862.2052,112.82735,-207.57948,-0.19415331,477.71402,-97.16199,4821.0503
Honda,CR-V,15.0,131000.0,4,SUV,Mainstream,Normal,Automatic,0,0,0,0,0,0,13000.0,11751.0625,1248.9375,1248.9375,9.61,108.53138,212.08632,233.62381,7.707297,-32.377514,-6.0734835,-0.113503516,5.0245996,32.400494,-187.52861,5.362534,-5.439362,133.63533,53.290222,-28.03062,532.099
Kia,Sportage,14.0,82115.0,4,SUV,Economy,Normal,Automatic,0,0,0,0,0,0,11995.0,10763.485,1231.5146484375,1231.5146484375,10.27,108.53138,603.6895,370.90707,9.233955,-30.205502,-1.9932176,-1.3872583,7.5324755,74.187515,164.60222,16.117622,109.51246,33.43833,74.6808,-137.1448,1401.7025
Kia,Seltos,3.0,35210.0,4,SUV,Economy,Normal,Automatic,0,0,0,0,0,0,23950.0,31263.912,-7313.912109375,7313.912109375,-30.54,108.53138,-30.013012,23.151138,-3.422439,-21.688547,-25.054428,-1.9797503,7.836789,88.57498,518.9998,-6.1008053,-24.155273,70.74628,169.86244,-37.226463,838.0621
Mercedes-Benz,GLA,5.0,47700.0,4,SUV,Luxury,Normal,Automatic,0,0,0,0,0,0,37998.0,41182.184,-3184.18359375,3184.18359375,-8.38,108.53138,-2468.252,-1093.0391,10.511937,-23.456694,-3.277166,-1.3531109,15.600933,1079.0579,-489.38654,0.9142503,-399.6132,50.21599,-617.1782,-40.133335,-3870.8567
Acura,MDX,13.0,202000.0,6,SUV,Luxury,1std,Automatic,0,0,0,0,0,0,13995.0,12117.004,1877.99609375,1877.99609375,13.42,108.53138,121.84749,59.988617,11.4353075,-30.644001,23.354856,-0.07809122,28.87966,47.652325,-419.10422,-1.0336325,-172.2001,-297.66968,-40.75463,770.5077,210.71295
Subaru,Impreza,14.0,127600.0,4,Sedan,Mainstream,Normal,Automatic,0,0,0,0,0,0,7999.0,9822.706,-1823.7060546875,1823.7060546875,-22.8,108.53138,356.15118,-245.7767,13.7244835,-22.18171,-3.9517295,-0.113503516,6.676287,34.724937,154.04356,8.387479,26.072765,-0.6735401,49.236572,10.721969,495.5734
Ford,Mustang Mach-E,4.0,63887.0,8,Coupe,Mainstream,Normal,Automatic,0,0,0,0,0,0,36470.0,39560.844,-3090.84375,3090.84375,-8.48,108.53138,-2442.2683,-1985.1968,-35.841366,-61.920918,-25.14349,-1.2171569,18.839718,71.9342,560.37805,42.648174,-4087.76,-743.2023,-1013.83887,-362.18008,-9956.237
BMW,X3,11.0,116370.0,4,SUV,Luxury,Normal,Automatic,0,1,0,0,1,0,16000.0,21500.027,-5500.02734375,5500.02734375,-34.38,108.53138,569.8619,-743.48895,-162.05518,-44.524162,-72.69859,-14.007367,33.269608,43.475567,-681.41907,11.486442,-223.35344,-26.673841,-137.99258,-99.788956,-1439.3772
Toyota,4-Runner,14.0,376500.0,6,SUV,Mainstream,Normal,Automatic,0,0,0,0,0,0,14800.0,14643.917,156.0830078125,156.0830078125,1.05,108.53138,-840.1262,2367.584,11.887822,-30.822609,15.932529,-0.08202924,-8.749293,-16.780876,2523.0562,25.403269,854.241,1424.2645,105.95665,-56.480595,6483.816
Toyota,Corolla Sedan,3.0,38000.0,4,Sedan,Mainstream,Normal,Automatic,1,0,0,0,0,0,29900.0,35343.324,-5443.32421875,5443.32421875,-18.21,108.53138,226.99379,-500.7735,11.613646,-15.386687,-23.861008,-1.9797503,5.4130745,-286.56055,437.00198,16.231575,-224.1685,-149.07684,33.724815,-10.607088,-372.90363
BMW,3 Series,18.0,230000.0,4,Sedan,Luxury,Normal,Automatic,0,0,0,0,0,0,6500.0,4745.311,1754.68896484375,1754.68896484375,27.0,108.53138,1833.2604,-2529.1284,14.196942,-29.596619,-56.536617,-0.046684906,114.20893,51.429558,-386.66083,77.20835,400.0854,149.65149,-130.61464,-79.60854,-463.61987
Volkswagen,Golf GTI,2.0,21887.0,4,Hatchback,Mainstream,Normal,Automatic,0,0,0,0,0,0,37470.0,38518.59,-1048.58984375,1048.58984375,-2.8,108.53138,2041.4617,-325.0406,-3.947253,-5.601739,17.664923,-3.131841,21.084621,37.569225,160.78998,-126.950356,3129.9143,-131.89078,1472.3783,-111.74917,6281.083
Nissan,Sentra,3.0,4348.0,4,Sedan,Mainstream,Normal,Automatic,0,0,0,0,0,0,23998.0,22845.62,1152.380859375,1152.380859375,4.8,108.53138,-2471.3604,1654.0801,-10.074392,-43.63529,40.447006,-1.9753644,19.192562,19.180729,-366.21283,122.74396,269.3544,-613.213,-66.50166,-114.47052,-1453.9135
Hyundai,Tucson,8.0,120868.0,4,SUV,Economy,Normal,Automatic,0,0,0,0,0,0,15498.0,16357.057,-859.056640625,859.056640625,-5.54,108.53138,768.90717,-619.8419,-1.7046518,-29.796825,-3.4315052,-0.07644282,6.6422367,34.58785,-69.6313,10.816749,-28.089575,141.8251,191.9552,-53.25602,457.43744
Volkswagen,Atlas,5.0,87225.0,4,SUV,Mainstream,1std,Automatic,0,0,0,0,0,0,49998.0,33562.67,16435.328125,16435.328125,32.87,108.53138,-961.8503,-363.64062,7.34656,-20.076254,7.6714168,-1.557089,32.21782,50.91395,260.91852,3.0995977,-19.202656,-331.96567,4.1404123,535.4934,-687.9597
Kia,Soul,11.0,132413.0,4,Hatchback,Economy,Normal,Automatic,0,0,0,0,0,0,8980.0,8851.868,128.1318359375,128.1318359375,1.43,108.53138,281.035,-899.5576,-1.9252863,-34.930294,-2.2512345,-0.113503516,7.496622,58.479916,309.4615,-12.037326,40.936764,159.7901,122.92617,-54.84487,82.99735
RAM,1500,2.0,6099.0,8,Pickup Truck,Mainstream,Normal,Automatic,0,0,0,0,0,0,84995.0,68302.195,16692.8046875,16692.8046875,19.64,108.53138,3657.6719,2543.5425,-22.734526,-34.025078,51.421276,-1.8430964,39.420906,40.620125,5852.836,157.16194,-203.67818,160.58276,20.582336,-349.74515,12020.346
Hyundai,Elantra,5.0,62409.0,4,Sedan,Economy,Normal,Automatic,0,0,0,0,0,0,20398.0,20846.234,-448.234375,448.234375,-2.2,108.53138,522.0985,5.9346952,-7.3375964,-22.08958,-1.9818262,-1.3531109,6.457555,44.128967,-186.1229,4.453725,-101.71915,-18.85366,224.06857,-24.726923,551.4887
Volkswagen,Golf Standard Model,11.0,113000.0,4,Hatchback,Mainstream,Normal,Automatic,0,0,0,0,0,0,7500.0,14042.886,-6542.8857421875,6542.8857421875,-87.24,108.53138,-160.20891,-285.65424,16.945206,-37.91401,6.39693,-0.28123957,6.992404,35.434887,231.18509,-6.6271667,464.2403,-188.94057,173.3547,-45.623894,317.83084
Toyota,RAV 4,7.0,44590.0,4,SUV,Mainstream,Normal,Automatic,0,0,0,0,0,0,26800.0,30910.902,-4110.90234375,4110.90234375,-15.34,108.53138,-1278.8302,-85.51385,8.917982,-23.109577,-17.981289,-1.3531109,7.055417,-38.29803,382.90588,1.1389896,148.55746,234.10034,25.987022,-10.674103,-538.5657
RAM,3500,6.0,83431.0,8,Pickup Truck,Mainstream,Normal,Automatic,0,0,0,0,0,0,46999.0,42141.723,4857.27734375,4857.27734375,10.33,108.53138,-749.9111,-2433.169,-7.991124,-58.23673,-0.733888,-1.1942823,27.353153,38.494797,-1875.5289,35.2102,-24.219652,-233.84927,-68.526085,-298.575,-5542.3457
Nissan,NV200 Cargo Vans,6.0,73000.0,4,Van,Mainstream,Normal,Automatic,0,0,0,0,0,0,19450.0,24259.271,-4809.271484375,4809.271484375,-24.73,108.53138,469.03824,-191.37082,5.10984,-29.333462,-1.5005455,-1.3531109,42.788113,37.603806,489.2986,14.980765,751.08264,71.35778,484.05478,39.860714,2290.1487
Honda,Passport,6.0,100816.0,6,SUV,Mainstream,2std,Automatic,0,0,0,0,0,0,29950.0,34415.81,-4465.80859375,4465.80859375,-14.91,108.53138,109.47641,-292.1523,61.592888,-15.445494,4.7689266,-0.111787155,24.732597,-147.90967,-757.45447,-0.863733,359.98526,-133.83693,-71.421776,-426.95557,-1177.0642
RAM,1500 Classic,4.0,49620.0,8,Pickup Truck,Mainstream,Normal,Automatic,0,0,0,0,0,0,40995.0,53879.785,-12884.78515625,12884.78515625,-31.43,108.53138,-2617.9824,281.54907,39.7932,-64.615295,-23.239836,-1.1956736,18.870823,48.626526,336.38934,25.628517,-100.312775,-1247.8066,-41.04735,-170.46426,-3407.2751
Nissan,Maxima,10.0,38381.0,6,Sedan,Mainstream,Normal,Automatic,0,0,0,0,0,0,17980.0,25148.207,-7168.20703125,7168.20703125,-39.87,108.53138,614.8926,176.34131,33.99497,-23.080168,3.0392206,-1.4037697,17.834017,40.940083,190.86368,-75.32601,318.29276,1032.8503,11.18709,119.50707,2568.4648
RAM,3500,7.0,76504.0,8,Pickup Truck,Mainstream,Normal,Automatic,0,0,0,0,0,0,67499.0,39469.09,28029.91015625,28029.91015625,41.53,108.53138,68.21634,-372.10025,49.466286,-58.987865,0.8067593,-1.1956736,27.3052,36.972443,-696.3428,41.732002,108.38688,89.96776,-75.96904,-299.46002,-972.67053
RAM,1500,12.0,183329.0,8,Pickup Truck,Mainstream,Normal,Automatic,0,0,0,0,0,0,16800.0,16638.701,161.298828125,161.298828125,0.96,108.53138,797.4032,1376.4064,18.732336,-76.627365,60.370182,0.3644884,27.123383,31.343212,449.49362,19.055395,118.9781,254.2676,60.806538,-232.89908,3013.3494
Mercedes-Benz,C-Class Sedan,11.0,103017.0,4,Sedan,Luxury,Normal,Automatic,0,0,0,0,0,0,20600.0,17348.244,3251.755859375,3251.755859375,15.79,108.53138,551.00903,64.98283,22.087519,-29.98067,-2.8221304,-0.113503516,22.217548,210.85303,946.3026,8.8161125,245.69382,-356.30765,-67.36352,-73.50624,1650.4003
Ford,F-150,8.0,132710.0,6,Pickup Truck,Mainstream,Normal,Automatic,0,0,0,0,0,0,25988.0,28840.682,-2852.681640625,2852.681640625,-10.98,108.53138,890.9237,-493.44177,-1.3864145,-24.074541,4.016811,-0.09030387,10.569824,28.446753,278.63016,7.77131,155.07887,-146.21408,-29.762886,-122.85838,666.14044
RAM,1500 Classic,8.0,86417.0,8,Pickup Truck,Mainstream,Normal,Automatic,0,0,0,0,0,0,24998.0,35496.086,-10498.0859375,10498.0859375,-42.0,108.53138,-542.0501,-857.52655,-5.1438193,-63.09259,-0.6886209,-1.1942823,27.435915,33.368977,-658.1466,21.119522,14.808055,-167.1936,133.78262,-226.34068,-2182.33
GMC,Yukon,11.0,252000.0,8,SUV,Near-luxury,1std,Automatic,0,0,0,0,0,0,26500.0,23306.357,3193.642578125,3193.642578125,12.05,108.53138,-1764.9447,-2527.4993,23.29664,-48.758675,32.871677,0.091685206,16.463827,62.050514,1226.1945,21.990969,-447.32828,400.9546,-647.7006,2464.9128,-1078.8732
RAM,1500,4.0,18150.0,8,Pickup Truck,Mainstream,Normal,Automatic,1,0,0,0,0,0,60980.0,54157.477,6822.5234375,6822.5234375,11.19,108.53138,-486.6321,862.9484,44.746346,-75.57093,-23.701014,-1.1956736,38.217762,-239.29938,2284.7227,-1.8752272,-270.9233,-1348.2827,40.075645,-152.41066,779.35114
GMC,Sierra 1500,3.0,98633.0,8,Pickup Truck,Near-luxury,Normal,Automatic,0,0,0,0,0,0,49980.0,56304.04,-6324.0390625,6324.0390625,-12.65,108.53138,-3365.6177,-2033.9558,-22.991184,-84.262665,-22.4636,-0.16368414,9.491077,35.946175,1655.0952,34.538197,-1271.632,-2491.1052,110.972664,-588.395,-7926.011
Audi,A4 Sedan,8.0,138000.0,4,Sedan,Luxury,Normal,Automatic,0,0,0,0,0,0,21450.0,19034.525,2415.474609375,2415.474609375,11.26,108.53138,833.45856,-677.51764,21.624971,-16.907133,-6.084591,-0.31175137,6.7965236,32.866352,-191.23825,-33.302555,-139.17397,101.609726,-104.163055,-42.986183,-106.79763
Kia,Forte,8.0,94000.0,4,Sedan,Economy,Normal,Automatic,0,0,0,0,0,0,13950.0,15265.859,-1315.859375,1315.859375,-9.43,108.53138,-236.7015,-333.9575,-29.681345,-17.282719,-1.4934278,-0.08931388,8.596311,55.4372,272.20706,10.189072,59.45098,72.10796,189.57736,-27.097393,129.79419
BMW,X3,7.0,116000.0,4,SUV,Luxury,Normal,Automatic,0,0,0,0,0,0,24450.0,26245.207,-1795.20703125,1795.20703125,-7.34,108.53138,-14.490878,-353.90775,5.234383,-22.918018,-71.3838,-0.07644282,33.502613,43.813393,-668.0699,3.308665,-146.0482,-0.45039368,-82.181046,-130.06769,-1295.2037
Nissan,Maxima,10.0,129663.0,6,Sedan,Mainstream,Normal,Automatic,0,0,0,0,0,0,16999.0,13584.071,3414.9287109375,3414.9287109375,20.09,108.53138,403.8963,-64.491745,9.025301,-24.41173,1.7608278,-0.12710159,14.895635,36.54301,809.36646,9.771134,143.53572,1044.063,-35.657784,64.97044,2521.671
Hyundai,Santa Fe Sport,9.0,130275.0,4,SUV,Economy,Normal,Automatic,0,0,0,0,0,0,12413.0,14776.295,-2363.294921875,2363.294921875,-19.04,108.53138,686.0482,-51.296734,4.109221,-31.22795,-4.268388,-0.07644282,5.6142216,34.5674,-166.93205,9.761594,-43.550278,144.45355,187.92998,-64.188736,819.4749
Volkswagen,Tiguan,3.0,31268.0,4,SUV,Mainstream,Normal,Automatic,0,0,0,0,0,0,34888.0,31348.342,3539.658203125,3539.658203125,10.15,108.53138,-94.69581,-18.49231,7.814381,-27.85371,3.9613888,-2.7276218,6.28504,39.226772,86.7388,-8.309532,54.009396,-240.68762,28.086319,-72.44713,-130.56024
Chevrolet,Silverado 1500,2.0,54128.0,8,Pickup Truck,Economy,Normal,Automatic,0,0,0,0,0,0,46888.0,53416.43,-6528.4296875,6528.4296875,-13.92,108.53138,-1391.255,-2041.2589,-100.48522,-29.002052,3.1030097,-1.8474822,30.40034,44.927395,-461.98926,14.67461,-1249.9808,-1501.5536,121.13714,-248.86725,-6703.4653
GMC,Sierra 1500,3.0,40541.0,8,Pickup Truck,Near-luxury,Normal,Automatic,0,0,0,0,0,0,54888.0,60622.168,-5734.16796875,5734.16796875,-10.45,108.53138,-861.14374,-1003.9065,-27.992325,-76.1221,-14.787483,-1.443263,9.358409,41.01291,323.95905,23.366447,-330.34076,-1474.6599,88.41499,-597.86884,-3793.6216
Dodge,Grand Caravan,8.0,131223.0,6,Minivan,Mainstream,Normal,Automatic,0,0,0,0,0,0,19999.0,18126.826,1872.173828125,1872.173828125,9.36,108.53138,6.1123376,-215.71214,3.7154706,-38.817642,-7.9018564,-0.111787155,8.780181,38.560852,452.50946,24.611282,-142.69382,140.54861,-26.136719,-32.094627,319.90097
Chevrolet,Traverse,9.0,142060.0,6,SUV,Economy,Normal,Automatic,0,0,0,0,0,0,18888.0,17499.375,1388.625,1388.625,7.35,108.53138,-1126.2849,811.481,-39.85131,-25.607819,6.4250994,-0.34709567,19.820726,29.01338,-316.95465,3.8113132,-61.64573,-155.56496,191.6582,-162.00256,-717.5179
Ford,Explorer,3.0,34167.0,6,SUV,Mainstream,Normal,Automatic,0,0,0,0,0,0,55499.0,49893.844,5605.15625,5605.15625,10.1,108.53138,1156.2681,161.02208,-4.8823166,-22.385971,-5.6996384,-2.0150945,6.3838573,44.481514,525.8109,-18.64344,-62.580074,240.21365,-12.955528,-149.55998,1963.9895
Mercedes-Benz,CLA,7.0,119000.0,4,Sedan,Luxury,Normal,Automatic,0,0,0,0,0,0,24450.0,29062.29,-4612.2890625,4612.2890625,-18.86,108.53138,-279.2833,237.87398,5.611135,-11.882698,-3.309253,-0.07644282,22.054876,210.8249,560.45624,4.4321747,310.45932,-239.63896,-60.77119,-49.121876,816.1602
Ford,Escape,3.0,58070.0,4,SUV,Mainstream,Normal,Automatic,1,0,0,0,0,0,31880.0,32846.832,-966.83203125,966.83203125,-3.03,108.53138,19.221254,-598.5426,5.82832,-21.917694,-15.998488,-1.9797503,3.8448093,-734.5512,873.71405,-14.834526,116.661415,198.3847,1.401691,-166.3105,-226.54727
Chevrolet,Silverado 1500,18.0,340000.0,8,Pickup Truck,Economy,Normal,Automatic,0,0,0,0,0,0,9000.0,8581.762,418.23828125,418.23828125,4.65,108.53138,-1295.0035,-860.4797,-71.60916,-75.447266,59.428745,0.3644884,110.108055,29.718643,-58.10804,61.252506,-1649.5243,-410.43274,87.414345,-405.0514,-4368.838
Mercedes-Benz,S-Class,8.0,73100.0,6,Sedan,Luxury,3std,Automatic,0,0,0,0,0,0,58000.0,62982.652,-4982.65234375,4982.65234375,-8.59,108.53138,-2582.3203,-1809.1138,1.4317154,18.08896,6.392858,-1.3884553,44.42826,324.02667,2541.747,11.763932,315.6771,693.78235,402.20316,1619.6497,1694.9003
Hyundai,Kona,9.0,140118.0,4,SUV,Economy,Normal,Automatic,0,0,0,0,0,0,13898.0,14776.295,-878.294921875,878.294921875,-6.32,108.53138,-557.17346,163.80547,3.5447507,-31.22795,-3.9722157,-0.31175137,5.567087,34.250572,-183.73705,9.236345,-32.999763,147.21841,195.88962,-73.340034,-214.71857
Toyota,Tacoma,4.0,54546.0,4,Pickup Truck,Mainstream,Normal,Automatic,0,0,0,0,0,0,47995.0,45313.68,2681.3203125,2681.3203125,5.59,108.53138,-1169.315,217.69592,-11.175264,-26.668201,-40.880714,-1.3316275,5.276265,-12.479945,-354.4055,17.80363,-846.2917,661.03595,-4.5051537,-61.76766,-1518.4778
Acura,RDX,2.0,41175.0,4,SUV,Luxury,Normal,Automatic,0,0,0,0,0,0,52999.0,47698.434,5300.56640625,5300.56640625,10.0,108.53138,780.9488,-1510.6642,7.727658,1.6079764,0.34188315,-2.3839693,4.951014,44.846096,76.107704,0.40540722,52.892487,76.56204,-123.833664,-60.208122,-542.1676
Acura,MDX,2.0,22870.0,6,SUV,Luxury,1std,Automatic,0,0,0,0,0,0,68998.0,59280.598,9717.40234375,9717.40234375,14.08,108.53138,2664.1494,-475.57266,24.284073,4.34632,0.48874027,-2.4086936,60.785942,43.296337,-267.91626,-21.182755,-296.3611,449.49725,-40.688374,366.69745,2617.9473
Acura,RDX,7.0,48503.0,4,SUV,Luxury,Normal,Automatic,0,0,0,0,0,0,37999.0,32322.266,5676.734375,5676.734375,14.94,108.53138,-882.63025,-465.67114,8.397026,-21.252762,0.8454403,-1.3531109,7.049343,44.527775,-138.35127,-7.825554,-39.589344,246.61998,-52.814438,-26.02171,-1219.5388
Chevrolet,Silverado 1500 LTD,5.0,114681.0,8,Pickup Truck,Economy,Normal,Automatic,0,0,0,0,0,0,44909.0,41693.406,3215.59375,3215.59375,7.16,108.53138,-935.33453,-283.91296,-89.21181,-57.991207,3.5683284,0.07947254,38.618805,28.39853,-397.2976,30.48107,50.39557,-1287.5786,277.55368,-386.4368,-2900.1365
RAM,1500 Classic,8.0,170166.0,8,Pickup Truck,Mainstream,Normal,Automatic,0,0,0,0,0,0,19995.0,26444.635,-6449.634765625,6449.634765625,-32.26,108.53138,1184.9514,-678.5246,14.06969,-53.19874,23.760773,0.37524447,25.121994,33.530838,742.0027,34.893627,212.16849,-590.42236,-37.739956,-243.29688,776.2237
Hyundai,Elantra,6.0,66594.0,4,Sedan,Economy,Normal,Automatic,0,0,0,0,0,0,16798.0,18996.627,-2198.626953125,2198.626953125,-13.09,108.53138,-154.08205,87.31092,-7.6562924,-21.016352,-1.9003856,-1.3531109,6.8830194,37.90655,72.91245,11.51891,-76.08425,12.072815,188.10281,-36.380707,226.76572
Kia,Soul,13.0,131600.0,4,Hatchback,Economy,Normal,Automatic,0,0,0,0,0,1,8495.0,6789.381,1705.619140625,1705.619140625,20.08,108.53138,-282.97556,-337.01196,-1.9598535,-34.714474,-3.1532185,-0.113503516,-225.28313,57.34617,281.80157,-13.682417,156.47934,230.5555,108.75721,-0.7866633,43.79036
BMW,6 Series,13.0,39324.0,6,Coupe,Luxury,Normal,Automatic,0,0,0,0,0,0,29880.0,45236.99,-15356.98828125,15356.98828125,-51.4,108.53138,1890.869,1384.2971,22.089354,-108.465675,-71.11122,-1.4255159,38.73463,73.90182,-2170.0442,-55.003246,651.51917,-55.962074,-72.624176,-191.54367,1443.7626
Ford,Mustang Mach-E,4.0,45003.0,8,Coupe,Mainstream,Normal,Automatic,0,0,0,0,0,0,36995.0,43118.484,-6123.484375,6123.484375,-16.55,108.53138,-2417.4006,-911.859,-35.06498,-62.241108,-25.766432,-1.2171569,18.850172,55.36976,353.9699,32.363007,-2406.1821,-1753.364,-900.9739,-319.16336,-8264.148
Ford,F-150,7.0,100379.0,6,Pickup Truck,Mainstream,Normal,Automatic,0,1,0,0,0,0,31998.0,34397.17,-2399.171875,2399.171875,-7.5,108.53138,-580.36884,621.3295,135.19157,-23.079144,6.8259945,-0.09030387,14.18764,27.459743,322.24136,5.514932,214.80821,101.060356,-94.71251,-107.42928,751.4707
Jeep,Compass,9.0,101404.0,4,SUV,Mainstream,Normal,Automatic,0,0,0,0,0,0,14698.0,16062.84,-1364.83984375,1364.83984375,-9.29,108.53138,-601.14923,1988.3623,-1.8212409,-14.5856905,-3.2511716,-0.07644282,6.491948,35.007984,1149.664,10.168119,-29.69124,61.4942,-20.045181,-68.52329,2620.5767
Honda,Civic Coupe,19.0,200000.0,4,Sedan,Mainstream,Normal,Automatic,0,0,0,0,0,0,7000.0,5029.9854,1970.0146484375,1970.0146484375,28.14,108.53138,1855.4009,-4074.562,5.061602,-27.589523,10.781444,-0.046684906,379.50177,25.682302,-73.936745,53.49469,197.18854,97.26451,40.221577,-22.408121,-1425.4146
Jeep,Grand Cherokee 4xe,4.0,245.0,6,SUV,Mainstream,Normal,Automatic,1,0,0,0,0,0,59995.0,60971.406,-976.40625,976.40625,-1.63,108.53138,3743.8064,1329.0723,-273.08124,-48.044464,45.349014,-1.3652191,25.055227,-1624.9963,-715.08075,124.51982,193.72821,399.0741,-262.96085,-243.60498,2800.0032
Volkswagen,Tiguan,3.0,39200.0,4,SUV,Mainstream,Normal,Automatic,0,0,1,0,1,0,34698.0,30402.428,4295.572265625,4295.572265625,12.38,108.53138,-411.40845,-388.12335,7.685863,696.57983,7.8522563,581.59406,4.4033604,40.846333,54.954685,-10.660431,35.759636,-253.21295,28.470959,-70.26521,433.00793
Honda,Civic Sedan,2.0,29938.0,4,Sedan,Mainstream,Normal,Automatic,1,0,0,0,0,0,32995.0,36575.793,-3580.79296875,3580.79296875,-10.85,108.53138,-423.56433,-823.15454,-6.8287883,2.410547,-3.7778664,-2.3839693,4.348963,-632.4147,-1198.0001,-59.150097,-77.95792,-146.59749,62.16212,2.2114162,-3194.1653
Ford,Transit Connect,8.0,124096.0,6,Van,Mainstream,Normal,Automatic,0,0,0,0,0,0,26900.0,25462.176,1437.82421875,1437.82421875,5.35,108.53138,508.54327,-493.29688,3.7630143,-30.32158,4.9017973,-0.111787155,49.200897,30.620367,-11.754608,8.12776,591.7646,-175.18924,-27.618286,-80.950676,486.21
Chevrolet,Silverado 1500,4.0,60978.0,8,Pickup Truck,Economy,Normal,Automatic,0,0,0,0,0,0,32900.0,48535.984,-15635.984375,15635.984375,-47.53,108.53138,394.59473,-173.27458,-95.83251,-65.41348,-21.599249,-1.1956736,30.408384,30.400629,371.1268,8.78537,-185.40236,-1125.9836,225.03906,-319.24847,-819.06366
Ford,Transit Connect,7.0,108084.0,6,Van,Mainstream,Normal,Automatic,0,0,0,0,0,0,29900.0,31638.49,-1738.490234375,1738.490234375,-5.81,108.53138,-784.33026,372.15744,1.0424316,-30.903328,4.5280647,-0.111787155,49.910717,30.586626,120.50225,0.9035275,605.7867,-6.2553787,-29.006542,-83.8185,359.52338
Ford,F-150,20.0,238400.0,6,Pickup Truck,Mainstream,Normal,Automatic,0,0,0,0,0,0,8000.0,6092.661,1907.3388671875,1907.3388671875,23.84,108.53138,-285.43686,1474.5767,5.069719,-36.408684,26.525389,0.194712,174.13153,29.556747,690.1228,15.745351,-947.9164,-223.93227,128.43456,-195.65523,963.5395
Ford,Transit Connect,9.0,79423.0,6,Van,Mainstream,Normal,Automatic,0,0,0,0,0,0,26900.0,27600.154,-700.154296875,700.154296875,-2.6,108.53138,1069.1064,1264.0917,15.198111,-27.907421,4.64444,-1.3884553,48.517868,40.61337,707.03595,13.029631,351.46432,-190.58142,260.59357,-615.3509,3047.5984
Ford,Transit Connect,7.0,94064.0,6,Van,Mainstream,Normal,Automatic,0,0,0,0,0,0,32900.0,30886.049,2013.951171875,2013.951171875,6.12,108.53138,-1375.1384,339.87372,-26.264801,-30.77702,4.3696756,-0.12465823,49.777294,30.55911,-53.329376,0.91269803,650.8347,-85.21803,-26.110237,-97.16054,-509.26428
Mazda,CX-5,11.0,165096.0,4,SUV,Mainstream,Normal,Automatic,0,0,0,0,0,0,12988.0,12717.263,270.7373046875,270.7373046875,2.08,108.53138,543.8439,-438.37625,11.344134,-35.859093,9.908542,-0.6538531,5.550504,32.835453,-267.5628,10.225228,-123.48669,307.89383,-10.529113,-17.299599,136.36554
Ford,Edge,3.0,43650.0,4,SUV,Mainstream,Normal,Automatic,0,0,0,0,0,0,53595.0,32655.309,20939.69140625,20939.69140625,39.07,108.53138,-1312.8574,408.69415,6.7252603,-22.473196,-12.181607,-1.9797503,4.396122,18.790226,981.75446,-12.451417,110.39455,327.68555,15.316959,-165.94807,454.39722
Nissan,Rogue,10.0,198350.0,4,SUV,Mainstream,Normal,Automatic,0,0,0,0,0,0,10988.0,7984.313,3003.68701171875,3003.68701171875,27.34,108.53138,60.306416,102.79757,14.318906,-29.328962,7.7396297,-0.04037352,-9.026805,29.575106,52.395615,3.8575032,-302.467,40.121666,-28.882477,-71.07471,-21.176567
Toyota,Tundra,3.0,39650.0,6,Pickup Truck,Mainstream,Normal,Automatic,0,0,0,0,0,0,52988.0,63300.87,-10312.87109375,10312.87109375,-19.46,108.53138,-358.9001,-497.73343,-12.014779,-23.533035,-19.809942,-1.9936112,5.4716763,-8.687089,-946.6937,12.560283,-2564.9563,-793.61804,-4.626884,-40.473347,-5146.477
Nissan,Versa Note,9.0,101000.0,4,Sedan,Mainstream,Normal,Automatic,0,0,0,0,0,0,8989.0,11628.475,-2639.474609375,2639.474609375,-29.36,108.53138,-7.300988,569.2551,19.2012,-24.911263,-3.1600251,-0.07644282,7.0525236,33.601685,67.38909,12.639853,-241.40807,-51.577805,-15.722362,-0.25473642,473.2592
Mazda,CX-5,2.0,36976.0,4,SUV,Mainstream,Normal,Automatic,0,0,0,0,0,0,36722.0,34673.742,2048.2578125,2048.2578125,5.58,108.53138,1238.315,-736.02374,2.384316,1.172761,-71.416885,-2.9911377,5.6833253,44.88413,-293.0241,-2.821936,16.948534,124.202255,45.170616,-3.7005997,477.31384
Subaru,Outback,5.0,25510.0,4,SUV,Mainstream,1std,Automatic,0,0,0,0,0,0,35999.0,32932.633,3066.3671875,3066.3671875,8.52,108.53138,-697.7375,-246.31145,7.43396,-28.131578,-4.5226245,-1.3424909,58.785282,43.471054,-300.75195,6.0611343,-170.76738,-176.41278,26.246063,-139.31584,-1514.7646
Nissan,Titan,6.0,64566.0,8,Pickup Truck,Mainstream,Normal,Automatic,0,0,0,0,0,0,48900.0,41752.098,7147.90234375,7147.90234375,14.62,108.53138,-585.60065,-733.66394,-40.269016,-64.46158,1.159756,-1.1956736,27.96268,42.336502,-2313.5293,36.670994,-138.806,-3426.1973,108.2211,-126.64188,-7105.4834
Volkswagen,Golf R,8.0,74889.0,4,Hatchback,Mainstream,Normal,Manual,0,0,0,0,0,0,34900.0,23477.184,11422.81640625,11422.81640625,32.73,108.53138,-1465.071,-441.34232,6.8898025,-34.467793,7.1004467,-2.096568,5.7617517,37.14646,219.74431,-237.5479,132.65683,-57.474182,128.83022,-30.31419,-1621.6528
Nissan,Frontier,15.0,175125.0,6,Pickup Truck,Mainstream,1std,Automatic,0,0,0,0,0,0,12900.0,10879.641,2020.359375,2020.359375,15.66,108.53138,-470.20224,955.28265,4.6952267,-33.793552,37.792957,0.19865006,43.965195,51.923985,469.43198,18.254868,-841.5843,-102.59911,-114.50515,232.08054,359.47314
Nissan,Kicks Play,2.0,27783.0,4,SUV,Mainstream,Normal,Automatic,0,0,0,0,0,0,21900.0,30471.084,-8571.083984375,8571.083984375,-39.14,108.53138,425.20724,-716.49384,5.2360177,-14.067851,1.0334538,-2.3839693,5.7500463,33.304695,214.952,-19.711134,-362.43906,-170.97783,47.566635,14.590016,-429.90216
Nissan,Rogue,6.0,114647.0,4,SUV,Mainstream,Normal,Automatic,0,0,0,0,0,0,22900.0,18264.977,4635.0234375,4635.0234375,20.24,108.53138,629.2156,-256.588,6.1361547,-27.429739,-3.2527735,-0.07644282,6.3084917,34.672607,290.77667,13.687986,-224.93604,21.585556,-109.32804,23.578451,512.8819
Mercedes-Benz,S-Class,9.0,69707.0,6,Sedan,Luxury,3std,Automatic,0,0,0,0,0,0,74995.0,60787.164,14207.8359375,14207.8359375,18.95,108.53138,-3216.1606,600.1331,15.120429,13.213608,6.441117,-1.3884553,44.42826,324.37103,1465.5619,10.357461,338.81326,489.96545,391.72522,3550.35,4141.4634
Volvo,XC40,6.0,92661.0,4,SUV,Luxury,Normal,Automatic,0,0,0,0,0,0,28998.0,32985.91,-3987.91015625,3987.91015625,-13.75,108.53138,962.93805,-467.85522,6.936266,-66.26372,-3.6375606,-1.3407565,7.09062,21.399338,-475.73706,11.085112,-162.9844,-77.11409,-78.54284,-174.66678,-390.1617
Hyundai,Tucson,3.0,114125.0,4,SUV,Economy,Normal,Automatic,0,0,0,0,0,0,26795.0,24834.77,1960.23046875,1960.23046875,7.32,108.53138,928.66626,314.8083,-7.4986672,-39.090374,-21.197725,-0.68410134,4.5856056,35.795383,-0.7756338,11.420721,83.364235,208.53717,294.327,-11.458784,1909.331
Subaru,Ascent,7.0,114907.0,4,SUV,Mainstream,Normal,Automatic,0,1,0,0,0,0,23964.0,21478.781,2485.21875,2485.21875,10.37,108.53138,784.7256,-37.181328,-67.44266,-15.310497,-2.7422054,-0.07644282,6.4878807,35.63006,307.57846,-3.9786565,-61.795734,36.42327,-120.93515,44.40177,1014.31573
Hyundai,Santa Fe,4.0,88016.0,4,SUV,Economy,Normal,Automatic,0,0,0,0,0,0,28995.0,24515.229,4479.771484375,4479.771484375,15.45,108.53138,-772.98083,19.742655,-7.3792534,-36.209183,-26.713022,-1.3501977,4.379302,25.368397,58.59215,13.473559,81.152855,33.7091,282.1179,-55.564133,-273.12933
Mercedes-Benz,GLA,9.0,113800.0,4,SUV,Luxury,Normal,Automatic,0,0,0,0,0,0,14864.0,22944.371,-8080.37109375,8080.37109375,-54.36,108.53138,-185.30573,663.3629,21.954798,-26.136751,-3.4556108,-0.07644282,18.756763,238.04723,57.156906,9.721057,-258.8372,-153.64822,21.539013,-83.191986,428.41815
GMC,Yukon XL,3.0,80745.0,8,SUV,Near-luxury,1std,Automatic,0,0,0,0,0,0,74993.0,73965.914,1027.0859375,1027.0859375,1.37,108.53138,4489.5933,1378.6274,13.487954,-33.280914,-22.441284,-1.4541264,49.97592,59.70779,5547.292,38.370712,27.742107,1611.3209,65.135796,4990.6562,18323.266
Ford,Escape PHEV,6.0,70927.0,4,SUV,Mainstream,Normal,Automatic,0,1,0,0,0,0,22962.0,23246.709,-284.708984375,284.708984375,-1.24,108.53138,849.1358,-196.10742,-70.084114,-20.204203,1.3755023,-1.3531109,6.485855,36.202164,950.4092,2.00164,8.993586,85.11693,-39.317196,-154.28317,1566.9027
Volkswagen,Jetta,4.0,13827.0,4,Sedan,Mainstream,Normal,Automatic,0,1,0,1,0,0,26461.0,26078.22,382.779296875,382.779296875,1.45,108.53138,763.20734,-1101.8094,-245.80598,-15.370869,-26.61394,-1.6211656,19.392529,23.448233,-174.87172,-15.994916,-266.42773,-249.06082,272.05298,-26.088877,-937.03296
Volvo,XC60,4.0,51321.0,4,SUV,Luxury,Normal,Automatic,0,1,0,0,0,0,35995.0,44518.215,-8523.21484375,8523.21484375,-23.68,108.53138,397.3593,-52.07672,-48.324764,-32.910336,-24.961353,-1.3436698,4.9018974,21.272768,-59.11873,3.0920868,-13.286312,78.183586,-139.10994,-110.81985,131.38937
Toyota,RAV 4,7.0,75406.0,4,SUV,Mainstream,Normal,Automatic,0,1,0,1,0,0,28262.0,29175.336,-913.3359375,913.3359375,-3.23,108.53138,1010.396,-167.40018,-149.1212,-31.378656,72.24611,-0.8732941,6.9859867,16.034616,-68.52378,27.978241,47.415657,-97.38112,-104.74718,-115.16936,554.9931
Honda,Civic Sedan,6.0,42005.0,4,Sedan,Mainstream,Normal,Automatic,0,1,0,1,1,0,24962.0,27776.188,-2814.1875,2814.1875,-11.27,108.53138,-1712.6915,-822.26355,103.293755,-30.915287,215.12616,111.0278,5.979804,28.51132,96.10259,-37.01637,47.339535,110.30895,-22.952423,37.382538,-1762.2355
Ford,Mustang Fastback,12.0,69050.0,8,Coupe,Mainstream,Normal,Manual,0,0,0,0,0,0,32963.0,32306.576,656.423828125,656.423828125,1.99,108.53138,794.03217,3210.4863,-1.5514287,-173.71811,27.145645,-1.2521094,20.823427,83.200096,433.8168,-1126.8572,281.98254,419.16714,-44.83134,-505.72092,3525.255
Nissan,Qashqai,9.0,124500.0,4,SUV,Mainstream,Normal,Automatic,0,0,0,0,0,0,12689.0,13262.789,-573.7890625,573.7890625,-4.52,108.53138,567.6922,-169.28471,15.056565,-28.731522,-2.8870435,-0.07644282,5.6836147,34.55274,67.44147,11.914762,-259.79523,77.57147,-17.997221,-5.485714,404.1863
Audi,Q3,5.0,122818.0,4,SUV,Luxury,Normal,Automatic,0,0,0,0,0,0,22498.0,26791.79,-4293.7890625,4293.7890625,-19.09,108.53138,126.569046,-542.13837,19.822346,-24.252266,-3.442252,-0.07644282,5.938685,48.267273,-111.60717,-31.570284,-276.80447,152.60347,-74.6934,-61.983364,-664.8359
Lexus,UX,6.0,102000.0,4,SUV,Luxury,Normal,Automatic,1,0,0,0,0,0,29850.0,35502.227,-5652.2265625,5652.2265625,-18.94,108.53138,406.26602,-136.73076,6.7430243,-22.514889,-17.867529,-0.07644282,1.1741116,-685.62354,231.87068,10.696345,31.54821,99.13304,-61.42947,7.9454594,-20.334358
Toyota,Sienna,7.0,129000.0,4,Minivan,Mainstream,Normal,Automatic,0,0,0,0,0,0,29950.0,30021.92,-71.919921875,71.919921875,-0.24,108.53138,770.7137,-474.305,5.5157104,-25.842285,-37.658043,-0.07644282,6.5462723,16.93459,-190.2785,21.169983,295.55627,97.276886,-17.380348,-32.802948,543.90125
Volkswagen,Beetle Convertible,11.0,36031.0,4,Convertible,Mainstream,Normal,Automatic,0,0,0,0,0,0,23995.0,19777.832,4217.16796875,4217.16796875,17.58,108.53138,-271.15207,-1995.7073,40.8535,-110.73466,-1.9587444,-2.1380432,3.2428372,37.698025,6.3303585,-77.69681,-92.16846,-101.95807,62.137234,-11.515723,-2406.236
Hyundai,Santa Fe,8.0,101000.0,4,SUV,Economy,Normal,Automatic,0,0,0,0,0,0,16994.0,17470.154,-476.154296875,476.154296875,-2.8,108.53138,393.22394,-383.60437,-1.3225758,-30.17323,-3.4315052,-0.07644282,6.6422367,34.56033,-117.93635,9.537237,-30.290058,117.28589,190.50114,-61.217606,232.23001
Toyota,Highlander,3.0,34449.0,4,SUV,Mainstream,Normal,Automatic,0,0,0,0,0,0,46495.0,38589.363,7905.63671875,7905.63671875,17.0,108.53138,288.43448,-32.733315,6.289938,-23.29696,-34.642845,-1.9797503,7.0912514,-15.564042,364.74097,3.405353,229.12947,-28.381378,28.468884,-36.20508,863.2883
Chevrolet,Spark,7.0,71971.0,4,Hatchback,Economy,Normal,Automatic,0,0,0,0,0,0,13994.0,16374.947,-2380.947265625,2380.947265625,-17.01,108.53138,-409.3893,114.92038,-19.416843,-21.364798,1.0687938,-1.3531109,17.261005,30.055798,36.81646,-23.740652,-181.10254,13.5055,124.39383,-88.62494,-298.4391
Chevrolet,Malibu,4.0,19731.0,4,Sedan,Economy,Normal,Automatic,0,0,0,0,0,0,24994.0,24548.2,445.80078125,445.80078125,1.78,108.53138,271.47153,1340.7903,-6.5209785,-26.470402,-24.750757,-1.3531109,22.476244,13.932137,213.61305,-38.424335,-240.0091,-197.16064,136.28786,-95.20801,1477.205
GMC,Terrain,5.0,34422.0,4,SUV,Near-luxury,Normal,Automatic,0,0,0,0,0,0,25994.0,28852.031,-2858.03125,2858.03125,-10.99,108.53138,88.76152,-822.4068,2.7538722,-61.589832,-26.903437,-1.3531109,7.2700114,38.15481,-165.223,-5.179398,123.48143,28.476265,211.95782,136.49461,-336.77386
GMC,Sierra 1500,3.0,31076.0,8,Pickup Truck,Near-luxury,Normal,Automatic,0,0,0,0,0,0,54994.0,61126.79,-6132.7890625,6132.7890625,-11.15,108.53138,629.9999,-119.02028,-27.64976,-75.45436,-13.873698,-1.443263,11.461621,39.63961,1168.6565,13.951433,66.55845,-1067.4181,193.34456,-119.56279,807.7212
Volkswagen,Jetta,7.0,64000.0,4,Sedan,Mainstream,Normal,Automatic,0,0,0,0,0,0,18999.0,20688.83,-1689.830078125,1689.830078125,-8.89,108.53138,-1033.3069,208.02954,6.2056503,-14.05019,7.2331247,-2.1009824,6.8478737,40.99334,108.256805,3.120714,-43.7096,-305.47614,122.328995,-27.620893,-814.71716
Ford,F-750 Super Duty,18.0,137000.0,Unknown,Unknown,Mainstream,Normal,Automatic,0,0,0,0,0,0,46995.0,11092.091,35902.9091796875,35902.9091796875,76.4,108.53138,8883.8,-1309.5825,11.93836,-36.150146,-5.2718353,-0.113503516,136.11853,-696.534,-1194.0627,67.12868,3872.9573,-132.53262,-268.81644,-54.810654,9382.601
Ford,Ranger,17.0,114615.0,4,Pickup Truck,Mainstream,Normal,Automatic,0,0,0,0,0,0,13995.0,12540.603,1454.3974609375,1454.3974609375,10.39,108.53138,-556.8999,-1954.7397,14.273585,-36.659164,-1.5845174,-0.09202023,8.202269,26.694925,-266.86743,62.556763,-1174.8796,176.6451,-144.46104,-133.36838,-3872.6477
Hyundai,Elantra,9.0,118567.0,4,Sedan,Economy,Normal,Automatic,0,0,0,0,0,0,11995.0,12720.752,-725.751953125,725.751953125,-6.05,108.53138,310.13007,105.03017,3.8416445,-26.3385,-3.3338628,-0.07644282,7.3006516,33.643867,-155.64632,10.494883,-40.078453,44.842773,196.47473,-38.602993,556.21356
Honda,CR-V,7.0,92700.0,4,SUV,Mainstream,Normal,Automatic,0,0,0,0,0,0,26999.0,25040.646,1958.353515625,1958.353515625,7.25,108.53138,1071.2628,-88.20645,-0.5713481,-20.309954,-4.3825984,-1.3501977,5.522421,35.2883,-109.3819,-8.671087,-146.10847,-58.398872,-19.939562,-26.83556,736.449
GMC,Sierra 1500,8.0,228000.0,8,Pickup Truck,Near-luxury,Normal,Automatic,0,0,0,0,0,0,18999.0,24537.74,-5538.740234375,5538.740234375,-29.15,108.53138,3069.4968,-2271.753,-7.358282,-54.582687,-0.12491584,0.37524447,-58.877014,43.763237,1338.2386,34.634758,308.6364,-590.7622,81.633156,-471.89566,1529.9562
Audi,Q5,7.0,125000.0,4,SUV,Luxury,Normal,Automatic,1,0,0,0,0,0,24850.0,24435.363,414.63671875,414.63671875,1.67,108.53138,920.16943,-466.24213,19.8955,-22.555756,-4.4235168,-0.07644282,5.547757,-694.0489,-188.91373,-41.78589,-374.6385,165.84732,-68.228584,-48.63269,-689.55475
Mazda,CX-30,5.0,89000.0,4,SUV,Mainstream,Normal,Automatic,0,0,0,0,0,0,23950.0,27356.34,-3406.33984375,3406.33984375,-14.22,108.53138,-1017.11383,-295.34525,2.792001,-24.99481,-3.5925157,-1.957366,5.653182,32.941586,-115.81667,13.682581,66.008835,237.30417,44.398483,-10.793544,-958.3019
Hyundai,Elantra,6.0,133000.0,4,Sedan,Economy,Normal,Automatic,0,0,0,0,0,0,15450.0,14819.391,630.609375,630.609375,4.08,108.53138,612.0984,-295.85947,-8.407169,-24.421824,-4.7661943,-0.07644282,6.1435957,33.446907,17.724049,13.078938,-27.092333,34.42018,204.43517,-35.870132,633.3851
Dodge,Grand Caravan,8.0,123552.0,6,Minivan,Mainstream,Normal,Automatic,0,0,0,0,0,0,22975.0,19183.184,3791.81640625,3791.81640625,16.5,108.53138,-198.85625,11.53041,3.7699358,-38.501633,-6.4325314,-0.111787155,11.821296,39.81616,437.91138,25.858934,-134.98389,209.05789,-39.64711,-32.120026,397.6442
Honda,Civic,8.0,86000.0,4,Sedan,Mainstream,Normal,Automatic,0,0,0,0,0,0,7400.0,21374.775,-13974.775390625,13974.775390625,-188.85,108.53138,573.77527,-476.06384,1.2475156,-9.518149,-4.3320084,-1.3501977,6.1789265,30.4191,-198.63994,-14.471589,-62.266903,-54.16838,-48.966255,-50.121902,-199.74701
Audi,Q7,10.0,153533.0,6,SUV,Luxury,Normal,Automatic,0,0,0,0,0,0,20998.0,20497.576,500.423828125,500.423828125,2.38,108.53138,891.946,139.13695,20.438736,-25.896269,18.913172,-0.07571785,9.521138,49.008614,-523.8202,-36.812542,-205.72183,26.022469,-21.495192,-78.24182,371.45493
Mercedes-Benz,Sprinter Cargo Van,6.0,145902.0,4,Van,Luxury,Normal,Automatic,0,0,0,0,0,0,29990.0,37860.0,-7870.0,7870.0,-26.24,108.53138,6.9531465,-421.54886,-4.8583136,-33.59333,5.525697,-0.035928816,79.79256,237.89456,-381.8042,10.657231,423.38992,-52.284977,-98.12492,-103.13696,-222.643
Subaru,Outback,3.0,45571.0,4,SUV,Mainstream,1std,Automatic,0,0,0,0,0,0,32355.0,38498.95,-6143.94921875,6143.94921875,-18.99,108.53138,-781.16986,-71.39994,7.4786854,-16.642702,-13.349567,-1.9691303,33.078346,53.979984,-649.96985,58.170647,66.02246,99.63759,-4.574558,324.78644,-787.3901
Toyota,RAV 4,10.0,113585.0,4,SUV,Mainstream,Normal,Automatic,0,0,0,0,0,0,24483.0,22193.729,2289.271484375,2289.271484375,9.35,108.53138,-161.17955,294.40945,21.793594,-27.356932,-17.162806,-0.09175725,7.215089,-17.313286,-255.29353,15.116587,25.306515,40.238533,-97.94415,-39.133347,-102.864204
Honda,Civic Sedan,7.0,65565.0,4,Sedan,Mainstream,Normal,Manual,0,0,0,0,0,0,20815.0,26024.22,-5209.220703125,5209.220703125,-25.03,108.53138,-793.5138,708.89404,-9.806107,-23.906363,-2.2933757,-1.3486966,5.2555976,35.78085,412.79474,673.0427,-73.981606,125.854904,0.48923773,32.407776,1198.2013
Mercedes-Benz,GLC,5.0,27765.0,4,SUV,Luxury,Normal,Automatic,0,0,0,0,0,0,41935.0,42349.05,-414.05078125,414.05078125,-0.99,108.53138,809.1605,-651.0285,11.0337515,-35.954514,-3.149744,-1.3531109,17.29796,104.089745,341.12042,-22.658234,-398.16873,-762.951,-151.62894,-66.08592,-701.7449
Honda,CR-V,3.0,92380.0,4,SUV,Mainstream,Normal,Automatic,0,0,0,0,0,1,33495.0,30649.639,2845.361328125,2845.361328125,8.49,108.53138,901.85333,212.8143,-1.7943045,-25.466488,-22.246511,-1.9578562,-141.5742,35.40188,-12.6014595,-0.4429811,75.56676,2.7132416,-50.821453,-4.025632,1075.9501
Volkswagen,Golf Standard Model,7.0,122139.0,4,Hatchback,Mainstream,Normal,Manual,0,0,0,0,0,0,16996.0,21933.713,-4937.712890625,4937.712890625,-29.05,108.53138,-602.7632,345.68658,4.1805477,-38.124874,5.768837,-0.23976454,5.3649793,35.242264,413.9481,145.87962,424.00797,19.418976,131.00375,9.855078,1007.76025
Toyota,Corolla Sedan,11.0,113953.0,4,Sedan,Mainstream,Normal,Manual,0,1,0,0,0,1,12500.0,15729.773,-3229.7734375,3229.7734375,-25.84,108.53138,601.62134,-552.4573,-244.29834,-45.599613,-19.11605,-0.10908919,-220.63272,-19.451088,-1886.7394,-1945.97,-354.04202,-26.996717,-101.189804,67.94228,-4638.507
Nissan,Versa,3.0,69483.0,4,Sedan,Mainstream,Normal,Automatic,0,0,0,0,0,0,16498.0,20233.197,-3735.197265625,3735.197265625,-22.64,108.53138,-528.9398,-146.7137,3.9291546,-18.41832,-11.854686,-1.9797503,4.6509705,39.87517,369.76367,14.503794,-305.80017,-119.04424,-29.084959,53.552467,-567.02905
Ford,F-150,5.0,106672.0,6,Pickup Truck,Mainstream,Normal,Automatic,0,0,0,0,0,0,34998.0,42328.81,-7330.80859375,7330.80859375,-20.95,108.53138,-1105.5223,211.57887,-11.253613,-29.277843,5.2535686,-0.09030387,13.390979,30.46125,437.0347,7.605666,154.43724,48.27839,-52.21165,-126.674904,-308.45868
Dodge,Grand Caravan,7.0,128293.0,6,Minivan,Mainstream,Normal,Automatic,0,0,0,0,0,0,19998.0,21597.512,-1599.51171875,1599.51171875,-8.0,108.53138,-224.71591,98.315414,0.5054355,-38.657772,-6.045289,-0.111787155,8.832929,39.782413,185.66594,17.583714,-119.44669,520.53876,-39.400204,-30.444815,520.9335
Kia,Forte,6.0,96912.0,4,Sedan,Economy,Normal,Automatic,0,0,0,0,0,0,15598.0,17295.664,-1697.6640625,1697.6640625,-10.88,108.53138,-458.37134,-184.17143,-6.295909,-17.284014,-1.3301438,-0.08931388,8.514397,55.53662,319.17694,11.490095,-10.038255,89.94914,193.95538,-38.403595,71.169975
Toyota,RAV 4 Hybrid,5.0,119000.0,4,SUV,Mainstream,Normal,Automatic,1,0,0,0,0,0,31450.0,34712.086,-3262.0859375,3262.0859375,-10.37,108.53138,-308.34824,-656.42377,6.552759,-25.532852,-11.587932,-0.07644282,6.0946918,-265.31628,332.53656,21.082153,109.19492,58.687695,-30.086128,-31.990437,-686.6819
Toyota,C-HR,5.0,139000.0,4,SUV,Mainstream,Normal,Automatic,0,0,0,0,0,0,20950.0,29710.5,-8760.5,8760.5,-41.82,108.53138,-855.7272,-547.0214,6.0005674,-25.732664,-19.570812,-0.31175137,5.6589355,-16.779375,-155.26837,19.57668,82.21027,71.5912,-15.793712,-58.996067,-1401.6322
Kia,Sorento,2.0,36838.0,4,SUV,Economy,Normal,Automatic,0,0,0,0,0,0,38423.0,33727.74,4695.26171875,4695.26171875,12.22,108.53138,1098.7235,-715.4111,-4.0397468,-0.32445744,-69.43533,-2.3839693,7.376348,112.90192,184.0127,-3.7816477,47.294785,32.492813,137.71002,-47.26358,886.4037
Honda,CR-V,8.0,101017.0,4,SUV,Mainstream,Normal,Automatic,0,0,0,0,0,0,19992.0,22315.836,-2323.8359375,2323.8359375,-11.62,108.53138,504.0404,-384.0512,2.8293142,-20.198118,-4.2613235,-0.07644282,5.6539307,32.70475,-170.62056,-1.6803778,15.707251,125.25513,-21.039585,-33.12229,159.67224
Nissan,Rogue,4.0,88917.0,4,SUV,Mainstream,Normal,Automatic,0,0,0,0,0,0,23995.0,22708.553,1286.447265625,1286.447265625,5.36,108.53138,-1047.7373,-157.34013,5.0341425,-34.085194,-26.539185,-1.3501977,4.131172,25.083176,249.98392,16.06775,-123.4876,-30.25296,13.22431,14.840961,-983.8956
Kia,Sportage,3.0,74061.0,4,SUV,Economy,Normal,Automatic,0,0,0,0,0,0,24995.0,27388.49,-2393.490234375,2393.490234375,-9.58,108.53138,-1070.1294,-99.92017,-5.957375,-18.587992,-10.4429865,-1.9797503,5.6789646,75.929855,404.43008,12.509624,100.24059,102.4256,209.772,-63.99156,-251.49121
Toyota,Highlander Hybrid,5.0,130910.0,4,SUV,Mainstream,Normal,Automatic,1,0,0,0,0,0,32995.0,32816.48,178.51953125,178.51953125,0.54,108.53138,-87.50887,-883.2304,6.498294,-25.848862,-13.042433,-0.07644282,5.019544,-264.42297,314.2375,19.743036,101.185616,72.523026,-16.546507,-31.96455,-694.9026
Mitsubishi,Outlander,3.0,22208.0,4,SUV,Economy,Normal,Automatic,0,0,0,0,0,0,34498.0,32748.479,1749.521484375,1749.521484375,5.07,108.53138,-35.671158,210.7539,-4.693822,-30.42861,-11.432077,-1.9797503,18.55724,47.353416,-19.46267,-31.858932,-32.917336,-26.562248,166.99983,-92.98924,264.19992
Toyota,Highlander,9.0,173220.0,4,SUV,Mainstream,Normal,Automatic,0,0,0,0,0,0,27995.0,20931.053,7063.947265625,7063.947265625,25.23,108.53138,-375.03778,122.54805,15.605779,-26.315826,-5.1693687,-0.035928816,6.3310895,-18.61868,-213.66003,19.171227,16.005154,12.918461,-34.604073,-61.61379,-433.94434
Mazda,CX-5,3.0,6980.0,4,SUV,Mainstream,Normal,Automatic,0,0,0,0,0,0,39999.0,37768.676,2230.32421875,2230.32421875,5.58,108.53138,-2306.6892,1109.3104,-21.83876,-29.36108,36.366524,-2.25871,19.152086,32.59851,-52.964603,127.86038,132.84433,295.9748,-90.12399,-163.18102,-803.7788
Lexus,NX,7.0,169000.0,4,SUV,Luxury,Normal,Automatic,0,0,0,0,0,0,22789.0,27440.053,-4651.052734375,4651.052734375,-20.41,108.53138,319.52936,-213.03842,5.7284193,-23.330824,-4.9740458,-0.035928816,2.5782185,80.39227,379.91037,4.0563326,-45.564888,220.20396,-19.081854,1.6146622,816.51904
Buick,Envista,3.0,23699.0,4,SUV,Near-luxury,Normal,Automatic,0,0,0,0,0,0,27990.0,30616.541,-2626.541015625,2626.541015625,-9.38,108.53138,1253.9692,86.955215,6.696111,-41.74032,-16.974989,-1.9797503,19.408003,32.38831,15.267976,-25.696672,-150.34831,-47.457962,178.88878,-91.86957,1326.0375
Kia,K4,2.0,33812.0,4,Sedan,Economy,Normal,Automatic,0,0,0,0,0,0,26990.0,26037.303,952.697265625,952.697265625,3.53,108.53138,329.82864,-176.23495,-12.924404,1.7364898,2.2343946,-2.3839693,3.4610486,111.66436,186.9057,-6.2778373,1768.3032,-128.11362,89.17528,-10.725967,2265.18
Chevrolet,Blazer EV,3.0,32076.0,4,SUV,Economy,Normal,Automatic,0,0,0,0,0,0,42990.0,29790.395,13199.60546875,13199.60546875,30.7,108.53138,616.079,-143.63896,-7.3791986,-28.525784,-11.553961,-1.9797503,17.024431,32.002274,97.783844,-22.017645,30.087963,-8.227112,287.69977,-94.42159,871.46466
Toyota,Corolla Sedan,2.0,9837.0,4,Sedan,Mainstream,Normal,Automatic,1,1,0,0,0,1,35490.0,37959.145,-2469.14453125,2469.14453125,-6.96,108.53138,1305.8938,495.16675,-232.49849,7.3902774,44.929173,-2.3839693,-477.62015,104.65614,378.44968,-57.21402,-859.48785,-231.19617,-32.08587,16.702557,569.23334
GMC,Terrain,3.0,35755.0,4,SUV,Near-luxury,Normal,Automatic,0,0,0,0,0,0,28990.0,33984.227,-4994.2265625,4994.2265625,-17.23,108.53138,-83.134605,88.7242,7.9702897,-38.80758,-32.66407,-1.9797503,5.777454,40.66196,937.1747,-6.031559,28.609169,16.880524,205.94534,61.044273,1338.7018
Kia,Sportage,3.0,34827.0,4,SUV,Economy,Normal,Automatic,0,0,0,1,0,1,34990.0,30875.795,4114.205078125,4114.205078125,11.76,108.53138,141.19955,213.31346,4.3166685,-24.365896,189.93437,-1.4999335,-222.60622,86.43959,274.88412,-6.5162835,4.661256,120.44069,167.06953,26.697027,1082.4993
Volkswagen,Tiguan,13.0,188295.0,4,SUV,Mainstream,Normal,Automatic,0,0,0,0,0,0,5490.0,6705.3467,-1215.3466796875,1215.3466796875,-22.14,108.53138,1060.0322,-104.12012,15.466492,-35.025543,19.469213,-0.21442096,11.150998,31.556213,92.73397,9.631211,-101.63903,48.182068,10.778271,-47.03898,1119.4941
Audi,Q3,3.0,64491.0,4,SUV,Luxury,Normal,Automatic,0,0,0,1,0,1,33990.0,40030.117,-6040.1171875,6040.1171875,-17.77,108.53138,-1648.9163,214.67212,27.339935,-24.688965,185.35399,-1.4999335,-161.77107,45.224014,-775.44965,-54.29387,210.09209,58.526623,-380.39804,-36.550156,-2233.8276
Nissan,Rogue,5.0,87273.0,4,SUV,Mainstream,Normal,Automatic,0,0,0,0,0,0,22995.0,22226.14,768.859375,768.859375,3.34,108.53138,-685.64825,-378.13184,5.754811,-29.71545,-3.418678,-1.3501977,5.6966076,33.173122,254.241,1.1860291,-165.88931,-40.406914,37.838264,-1.7298532,-859.8693
Mitsubishi,RVR,2.0,30461.0,4,SUV,Economy,Normal,Automatic,0,0,0,0,0,0,28990.0,34496.684,-5506.68359375,5506.68359375,-19.0,108.53138,817.0376,166.05739,-6.5626397,-2.6544805,3.3932757,-2.3839693,6.4151807,133.66537,364.4815,-9.485869,23.49294,-43.591625,146.05417,-38.519188,1665.931
Hyundai,Palisade,4.0,63683.0,6,SUV,Economy,1std,Automatic,0,0,0,0,0,0,44990.0,43386.617,1603.3828125,1603.3828125,3.56,108.53138,-835.9647,111.96086,-26.656975,-25.492962,-1.9835442,-1.3778353,33.01127,52.893745,-395.15012,17.223513,77.26068,13.973862,127.107765,419.02927,-325.63376
Honda,Civic Hatchback,5.0,72010.0,4,Sedan,Mainstream,Normal,Automatic,0,0,0,0,0,0,26499.0,26238.719,260.28125,260.28125,0.98,108.53138,157.94379,-331.87766,-1.812502,-9.961813,-3.0152867,-1.3531109,5.4438667,34.742596,-213.67104,2.2903733,-42.08348,-49.866493,-19.241014,5.9780006,-357.9524
Ford,Edge,14.0,114738.0,4,SUV,Mainstream,Normal,Automatic,0,0,0,0,0,0,9495.0,8509.15,985.849609375,985.849609375,10.38,108.53138,-1109.2659,371.50073,20.57206,-36.50996,-2.5445,-0.113503516,7.513296,33.188824,-641.8105,22.486101,-51.71155,175.05893,-205.43219,-102.2425,-1410.7793
Volkswagen,Taos,4.0,33442.0,4,SUV,Mainstream,Normal,Automatic,0,0,0,0,0,0,29999.0,29602.406,396.59375,396.59375,1.32,108.53138,292.3606,168.04936,8.2193,-32.526657,-9.1334915,-2.1009824,6.2121553,29.123152,102.51068,-6.0140443,-75.6638,-215.87486,-94.491745,-30.669493,248.53152
Mercedes-Benz,GLA,4.0,66990.0,4,SUV,Luxury,Normal,Automatic,0,0,0,0,0,0,35995.0,41571.664,-5576.6640625,5576.6640625,-15.49,108.53138,-553.26196,23.812489,8.633428,-23.874506,-25.24516,-1.3531109,13.972045,277.74017,163.53029,11.782203,-53.274868,-294.77127,-48.254604,-71.33551,-463.36902
GMC,Terrain,5.0,74910.0,4,SUV,Near-luxury,Normal,Automatic,0,0,0,0,0,0,27998.0,27749.34,248.66015625,248.66015625,0.89,108.53138,-557.68994,-579.84644,8.7940645,-62.40307,-26.38296,-1.3531109,5.112182,37.404655,425.9113,13.201338,90.52794,13.592592,97.60666,-240.17772,-667.17114
Jeep,Wrangler,17.0,212000.0,6,SUV,Mainstream,Normal,Manual,0,0,0,0,0,0,7990.0,8341.792,-351.7919921875,351.7919921875,-4.4,108.53138,-764.1527,-659.12744,-6.5413823,-43.286694,15.112247,-0.07761491,-3.8775945,31.274778,38.709724,-988.2865,112.03764,-170.34024,25.028627,-52.642506,-2357.6384
BMW,3 Series,14.0,158255.0,4,Sedan,Luxury,Normal,Automatic,0,0,0,0,0,0,7995.0,12098.286,-4103.2861328125,4103.2861328125,-51.32,108.53138,276.2553,32.759533,12.10781,-30.045158,-55.687027,-0.046684906,33.07187,41.21946,-381.4479,30.992676,281.00983,-35.500206,-147.72234,-76.17899,89.319534
Kia,Sportage,2.0,26403.0,4,SUV,Economy,Normal,Automatic,0,1,0,0,0,0,39999.0,33446.59,6552.41015625,6552.41015625,16.38,108.53138,83.63651,-353.0195,86.485146,6.5163045,-4.03629,-2.3839693,7.393664,97.94067,322.4892,-22.922977,-119.18167,-163.948,244.10233,-47.1056,244.4972
Ford,Bronco Sport,4.0,55242.0,4,SUV,Mainstream,Normal,Automatic,0,0,0,1,0,0,27995.0,28601.334,-606.333984375,606.333984375,-2.17,108.53138,-293.7814,287.115,13.940983,-25.133955,417.15915,-0.8732941,4.3232384,39.26916,1184.5801,-14.628798,74.671234,243.58621,-10.779657,-135.85985,1892.1195
Jeep,Compass,2.0,6963.0,4,SUV,Mainstream,Normal,Automatic,0,0,0,0,0,0,37695.0,35827.902,1867.09765625,1867.09765625,4.95,108.53138,-1517.4948,844.793,-252.03595,-6.6969333,47.72717,-2.3795836,19.245743,38.127018,98.780106,128.09012,77.258934,372.3009,-9.255789,-181.8443,-234.85303
Mitsubishi,RVR,6.0,101035.0,4,SUV,Economy,Normal,Automatic,0,0,0,0,0,0,19195.0,20585.576,-1390.576171875,1390.576171875,-7.24,108.53138,-265.5424,-478.73965,-15.734915,-23.04433,-4.959553,-0.07644282,6.603879,80.4483,-675.429,10.79417,-7.5635905,87.17401,184.50932,-64.39519,-1057.4241
Nissan,Kicks,4.0,72756.0,4,SUV,Mainstream,Normal,Automatic,0,0,0,0,0,0,18075.0,23391.773,-5316.7734375,5316.7734375,-29.42,108.53138,172.78445,-330.52795,5.3686004,-24.411785,-25.130022,-1.3531109,3.9564893,28.375643,259.55225,16.107882,-127.953354,-37.060707,-54.126614,57.319046,51.432198
Honda,Odyssey,16.0,256194.0,6,Minivan,Mainstream,1std,Automatic,0,0,0,0,0,1,6690.0,6598.087,91.9130859375,91.9130859375,1.37,108.53138,-254.89696,-830.14746,3.676328,-33.127975,11.170273,-0.07809122,-872.721,50.56343,-624.46136,32.08846,-614.82806,-249.97205,-1.4844475,-31.391495,-3307.0793
Ford,E-Series Cutaway,3.0,40389.0,6,Van,Mainstream,Normal,Automatic,0,0,0,0,0,0,67800.0,47998.074,19801.92578125,19801.92578125,29.21,108.53138,1511.6177,-2214.496,0.7798948,-28.70711,-5.286319,-2.0150945,40.548435,44.633514,886.459,-12.797007,810.0197,138.82727,223.80627,-149.07727,1352.8442
BMW,X7,5.0,69113.0,6,SUV,Luxury,1std,Automatic,0,0,0,0,0,0,64900.0,65700.73,-800.7265625,800.7265625,-1.23,108.53138,80.7691,-213.97766,1.5126809,-17.998978,-37.747623,-1.3778353,57.792675,76.65763,-131.01405,16.04142,-412.71393,461.31955,6.4201655,643.66675,637.8812
Honda,CR-V Hybrid,3.0,42517.0,4,SUV,Mainstream,Normal,Automatic,1,0,0,0,0,0,41999.0,41608.66,390.33984375,390.33984375,0.93,108.53138,-1207.3522,414.8436,-0.88377374,-19.562145,-30.753105,-1.9797503,2.7132514,-531.325,-116.89937,-11.329255,143.06087,322.92172,1.2899091,-30.612461,-957.3362
Audi,Q7,6.0,72812.0,6,SUV,Luxury,Normal,Automatic,0,0,0,0,0,0,39991.0,41006.156,-1015.15625,1015.15625,-2.54,108.53138,482.8005,-416.70837,17.632315,-19.672659,4.1510997,-1.3884553,12.934476,39.771984,-553.3861,-52.456783,40.77206,242.15915,-29.996473,-61.622498,-186.4784
Subaru,Outback,7.0,105000.0,4,SUV,Mainstream,1std,Automatic,0,0,0,0,0,0,22017.0,25927.242,-3910.2421875,3910.2421875,-17.76,108.53138,-96.39798,24.459175,7.4382186,-17.770134,-1.9940051,-0.0725048,32.91722,51.741592,-173.79672,22.85332,-122.00183,-53.073547,-54.425056,147.55136,-124.03951
Kia,Seltos,3.0,46056.0,4,SUV,Economy,Normal,Automatic,0,1,0,0,0,0,29999.0,28625.807,1373.193359375,1373.193359375,4.58,108.53138,-1043.8903,-90.579185,95.21934,-19.445705,-9.931521,-1.9797503,5.736438,78.31789,146.07747,0.99547106,32.36797,181.56995,276.01047,-7.955697,-248.95572
Hyundai,Palisade,3.0,26496.0,6,SUV,Economy,1std,Automatic,0,0,0,0,0,0,38500.0,48980.562,-10480.5625,10480.5625,-27.22,108.53138,-27.73566,216.34492,-25.06009,-89.830795,-3.456517,-2.0044746,46.830196,45.670097,-1026.6138,-16.948843,-139.58469,524.77203,144.17654,268.57166,23.661964
Toyota,Corolla Sedan,3.0,90641.0,4,Sedan,Mainstream,Normal,Automatic,0,0,0,0,0,0,26000.0,25527.602,472.3984375,472.3984375,1.82,108.53138,-969.7501,-86.20968,5.962624,-21.37196,-52.200676,-1.9578562,5.907328,-19.771395,-85.09449,30.57843,-265.87665,-19.105995,140.1724,-24.12904,-1254.3157
Chevrolet,Silverado 1500,8.0,141114.0,8,Pickup Truck,Economy,Normal,Automatic,0,0,0,0,1,0,33991.0,27324.58,6666.419921875,6666.419921875,19.61,108.53138,602.4151,1024.6921,-79.54626,-56.072315,4.5867906,-0.16077995,35.44556,27.290464,-196.02316,28.461948,-60.20646,82.05327,205.64772,-388.68378,1338.4315
Acura,RDX,4.0,78264.0,4,SUV,Luxury,Normal,Automatic,0,0,0,0,0,0,38900.0,37335.31,1564.69140625,1564.69140625,4.02,108.53138,1027.5162,-162.98051,8.052868,-19.538967,-25.689507,-1.3531109,4.8544703,27.502817,-173.00362,27.558462,91.041725,-26.456247,70.665276,-129.52914,827.17224
Mercedes-Benz,M-Class,13.0,97000.0,6,SUV,Luxury,Normal,Automatic,0,0,0,0,0,0,16000.0,25406.275,-9406.275390625,9406.275390625,-58.79,108.53138,-990.22974,-489.04236,18.658325,-39.02582,2.52966,-0.16171892,24.140028,340.94794,984.12195,6.1381073,-48.456425,673.9148,-109.391174,-94.126884,388.5479
Mercedes-Benz,E-Class,14.0,145776.0,6,Sedan,Luxury,Normal,Automatic,0,0,0,0,0,0,13499.0,16429.566,-2930.56640625,2930.56640625,-21.71,108.53138,-1272.7324,68.87685,-0.12622565,-30.841516,14.045131,-0.08202924,29.50369,251.18349,838.22766,16.114258,693.10614,690.69165,-137.44019,-87.395676,1181.6621
Buick,Envision,4.0,77059.0,4,SUV,Near-luxury,Normal,Automatic,0,0,0,0,0,0,31995.0,26884.035,5110.96484375,5110.96484375,15.97,108.53138,959.0947,-203.61992,6.7981257,-31.846708,-31.302006,-1.3531109,4.2286606,28.385668,-530.7706,27.443237,82.07296,61.308678,56.159958,-130.80588,404.32516
Chevrolet,Equinox,5.0,134802.0,4,SUV,Economy,Normal,Automatic,0,0,0,0,0,0,18998.0,18940.861,57.138671875,57.138671875,0.3,108.53138,-1065.9653,-516.6383,-10.589109,-25.225662,-0.88294953,-0.07644282,15.619728,27.907774,-702.39856,4.530564,-14.273612,125.73241,213.73393,-127.51523,-1967.5096
Chevrolet,Silverado 1500,3.0,39823.0,8,Pickup Truck,Economy,Normal,Automatic,0,0,0,0,0,0,53887.0,52051.76,1835.23828125,1835.23828125,3.41,108.53138,-39.507217,-933.5405,-95.89441,-64.89851,-9.027488,-1.443263,30.696505,33.949333,337.06958,10.604421,-434.697,-1040.266,166.52771,-284.51532,-2216.4106
Audi,S5 Sportback,5.0,28160.0,6,Coupe,Luxury,Normal,Automatic,0,0,0,0,0,0,46395.0,46162.312,232.6875,232.6875,0.5,108.53138,4898.3965,-259.38458,22.331926,-49.667984,-5.970134,-1.3884553,14.850375,54.869316,1500.0754,-28.461332,1948.0903,155.37476,673.1379,-123.11809,8907.667
Acura,MDX,9.0,129452.0,6,SUV,Luxury,1std,Automatic,0,0,0,0,0,0,25499.0,24798.895,700.10546875,700.10546875,2.75,108.53138,309.98047,140.37018,13.468004,-19.674614,8.2650585,-0.107849136,36.310978,54.659943,-405.94055,13.298087,-186.16223,-34.549583,19.20918,615.423,673.0814
Mazda,Mazda2,15.0,162000.0,4,Sedan,Mainstream,Normal,Automatic,0,0,0,0,0,0,7995.0,6630.3237,1364.67626953125,1364.67626953125,17.07,108.53138,-146.90132,920.6403,10.2814865,-29.92823,12.279471,-0.6538531,6.390294,31.875036,-314.19153,31.776333,18.248566,220.38588,24.75648,19.554552,913.0449
Mazda,CX-50,3.0,24054.0,4,SUV,Mainstream,Normal,Automatic,0,0,0,0,0,0,39995.0,35217.188,4777.8125,4777.8125,11.95,108.53138,995.31964,54.30979,4.346562,-28.696957,-11.268021,-2.5869186,19.092405,31.945147,-191.90105,-25.257963,-121.008095,159.43576,34.770485,-47.654816,979.37744
GMC,Terrain,1.0,44644.0,4,SUV,Near-luxury,Normal,Automatic,0,0,0,0,0,0,39499.0,48086.633,-8587.6328125,8587.6328125,-21.74,108.53138,-3959.1423,-311.7074,13.313732,4.264789,-6.9151063,-2.3839693,42.020214,52.282963,647.2419,0.075233445,143.49629,160.34233,-56.371506,-340.88153,-3505.8325
Chevrolet,Silverado 1500,3.0,39949.0,8,Pickup Truck,Economy,Normal,Automatic,0,0,0,0,0,0,40450.0,52051.76,-11601.76171875,11601.76171875,-28.68,108.53138,2684.5815,-2263.272,-95.89441,-64.89851,-9.027488,-1.443263,30.696505,33.949333,-1.1241126,13.608906,-414.27982,-631.45953,166.52771,-285.51395,-729.0176
Hyundai,Santa Fe Hybrid,2.0,34877.0,4,SUV,Economy,Normal,Automatic,1,0,0,0,0,0,43997.0,41733.65,2263.3515625,2263.3515625,5.14,108.53138,-67.61218,-884.8031,-4.879185,-52.10945,-18.25706,-2.3839693,5.728531,-661.94977,-644.0031,-5.918898,-42.479523,-5.690666,131.6464,-31.81228,-2175.9927
Jeep,Compass,9.0,59484.0,4,SUV,Mainstream,Normal,Automatic,0,0,0,0,0,0,17495.0,18355.607,-860.607421875,860.607421875,-4.92,108.53138,11548.705,12295.395,22.193842,-15.2457,-2.2560616,-1.3531109,6.335374,44.209305,3523.002,-6.858042,34.551624,-408.27533,52.540714,-54.68344,27146.791
Ford,Transit Cargo Van,3.0,21715.0,6,Van,Mainstream,Normal,Automatic,0,0,0,0,0,0,51985.0,49727.105,2257.89453125,2257.89453125,4.34,108.53138,438.33426,-1835.7129,2.0326257,-33.152634,-3.9012055,-2.0150945,54.63971,36.27718,672.8677,-44.167942,504.1964,15.102364,53.66166,-196.94058,-230.24725
Toyota,Grand Highlander,1.0,1548.0,4,SUV,Mainstream,Normal,Automatic,0,0,0,0,0,0,65985.0,50509.703,15475.296875,15475.296875,23.45,108.53138,-1247.9722,1998.1266,6.9610715,3.8766804,52.061214,-2.3795836,59.60918,-207.18095,1147.072,126.12497,465.67847,-394.2787,-58.627975,-130.0974,1927.5049
Buick,Enclave,10.0,210093.0,6,SUV,Near-luxury,2std,Automatic,0,0,0,0,0,0,13888.0,13070.054,817.9462890625,817.9462890625,5.89,108.53138,-959.32135,207.8533,137.57242,-33.422485,-1.0554161,-0.07571785,3.5976915,-150.87576,-181.30289,10.411071,219.93994,-534.0904,111.86264,386.98242,-673.39307
GMC,Sierra 1500,3.0,28131.0,8,Pickup Truck,Near-luxury,Normal,Automatic,0,0,0,0,0,0,57980.0,61864.434,-3884.43359375,3884.43359375,-6.7,108.53138,6983.3013,-166.65417,-28.212862,-77.82973,-13.873698,-1.443263,11.651225,34.108273,1339.1013,7.2384453,4824.4478,-859.1422,268.33542,-199.57083,12229.986
Mazda,CX-5,3.0,21805.0,4,SUV,Mainstream,Normal,Automatic,0,0,0,0,0,0,34900.0,34843.727,56.2734375,56.2734375,0.16,108.53138,-38.591137,120.67345,4.346562,-28.665617,-11.116115,-2.5869186,18.246044,31.845278,-203.30005,-30.914993,-42.44675,182.20795,41.404385,-49.22558,100.40788
Volkswagen,Atlas,4.0,79525.0,4,SUV,Mainstream,1std,Automatic,0,0,0,0,0,0,33995.0,36257.27,-2262.26953125,2262.26953125,-6.65,108.53138,594.7498,-176.81285,6.6437426,-15.127335,-14.9370365,-1.5600022,30.565632,47.692226,-15.570851,30.121622,14.908836,-375.39294,-130.43712,1322.804,1426.1791
Volkswagen,Tiguan,13.0,187077.0,4,SUV,Mainstream,Normal,Automatic,0,0,0,0,0,0,12980.0,6705.3467,6274.6533203125,6274.6533203125,48.34,108.53138,750.9047,-119.58765,15.466492,-35.025543,19.698425,-0.21442096,6.271541,31.556213,168.98178,9.783358,-0.41065025,48.708836,10.778271,-47.03898,968.4039
RAM,3500,13.0,172569.0,8,Pickup Truck,Mainstream,Normal,Automatic,0,0,0,0,0,0,36888.0,15989.393,20898.607421875,20898.607421875,56.65,108.53138,784.3067,628.0044,20.079979,-77.258965,60.465622,0.3644884,27.296154,33.552746,838.7336,19.189327,-161.28049,262.92297,83.605675,-235.74248,2392.7712
Honda,CR-V,4.0,53116.0,4,SUV,Mainstream,Normal,Automatic,0,0,0,0,0,0,32495.0,31599.945,895.0546875,895.0546875,2.75,108.53138,1870.1327,-1736.3817,12.821458,-19.706923,-26.67161,-1.3531109,3.279763,35.354195,90.90873,-10.257586,58.987892,42.05686,-11.840371,-16.179031,399.68262
Subaru,Legacy,7.0,59810.0,4,Sedan,Mainstream,Normal,Automatic,0,0,0,0,0,0,19991.0,22996.912,-3005.912109375,3005.912109375,-15.04,108.53138,1124.7489,-148.71112,6.0904417,-7.4158807,-4.9282327,-1.3531109,6.999404,43.706215,-244.3891,-9.7008705,-139.60207,-523.38354,37.95733,21.936478,270.4863
Mercedes-Benz,Sprinter Cargo Van,4.0,0.0,4,Van,Luxury,Normal,Automatic,0,0,0,0,0,0,60000.0,59937.586,62.4140625,62.4140625,0.1,108.53138,-4182.555,-4085.2654,9.607829,-43.058044,-26.3528,-0.039342582,118.5099,47.212166,5666.47,2.5874367,-237.64326,29.849228,856.8229,17.803543,-1717.5187
RAM,1500,5.0,259000.0,8,Pickup Truck,Mainstream,Normal,Automatic,1,0,0,0,0,0,25000.0,32149.688,-7149.6875,7149.6875,-28.6,108.53138,-1584.4458,201.25928,9.776762,-51.532063,12.496472,0.37524447,-46.542263,-650.5843,835.46216,34.72991,671.65344,-1297.6094,-59.652885,-253.96039,-2070.0425
Ford,Edge,7.0,159000.0,4,SUV,Mainstream,Normal,Automatic,0,0,0,0,0,0,18995.0,16148.974,2846.0263671875,2846.0263671875,14.98,108.53138,-455.8651,-143.3077,5.6609263,-23.680338,11.362059,-0.035928816,5.7594566,31.874678,96.15118,1.568021,-132.29645,241.71497,-38.24809,-93.687485,-384.4984
Jeep,Cherokee,6.0,28207.0,4,SUV,Mainstream,Normal,Automatic,0,0,0,0,0,0,23991.0,23714.457,276.54296875,276.54296875,1.15,108.53138,697.75714,-667.35864,-26.17763,-32.449547,-2.9148412,-1.3531109,4.77516,29.791697,-905.014,-14.626091,-308.4948,17.719353,-122.76838,-26.831154,-1249.4136
Honda,Civic Sedan,5.0,44576.0,4,Sedan,Mainstream,Normal,Automatic,0,0,0,0,0,0,22495.0,26974.525,-4479.525390625,4479.525390625,-19.91,108.53138,-1263.6979,363.06558,-1.4410862,-12.412761,-4.174321,-1.3531109,5.5073185,27.149029,-124.19093,-10.488338,29.67783,142.80142,20.280685,26.650673,-694.0945
Mazda,CX-3,8.0,108195.0,4,SUV,Mainstream,Normal,Automatic,0,0,0,0,0,0,15995.0,20932.428,-4937.427734375,4937.427734375,-30.87,108.53138,167.65202,-351.21387,6.636342,-23.070974,-3.4315052,-0.6836111,6.3506794,34.109463,-196.83363,10.156857,-27.961884,314.5065,-21.14178,-4.821026,18.784966
Mazda,CX-5,6.0,80037.0,4,SUV,Mainstream,Normal,Automatic,0,0,0,0,0,0,25995.0,26065.66,-70.66015625,70.66015625,-0.27,108.53138,368.68335,-155.0777,2.988445,-18.46641,-3.3887937,-1.9602792,6.044894,37.746284,-255.03647,25.06903,53.46769,192.59259,-79.45926,-98.36336,183.3714
Mazda,Mazda3 Sport,7.0,155985.0,4,Sedan,Mainstream,Normal,Automatic,0,0,0,0,0,0,18995.0,17849.633,1145.3671875,1145.3671875,6.03,108.53138,-686.9275,-243.04791,30.58095,-17.914083,20.51609,-0.6430971,6.0111,32.778408,-234.39642,8.50075,-159.81592,210.20874,-34.894596,19.95181,-940.5604
Honda,Civic Sedan,6.0,150486.0,4,Sedan,Mainstream,Normal,Automatic,0,0,0,0,0,0,20995.0,19719.69,1275.310546875,1275.310546875,6.07,108.53138,-329.0842,-248.76279,-3.03857,-14.416988,7.180544,-0.035928816,5.1552887,31.591324,-155.58458,3.910198,14.482309,25.277046,-19.043043,-18.209751,-592.04785
GMC,Sierra 1500 Limited,8.0,196489.0,8,Pickup Truck,Near-luxury,Normal,Automatic,0,0,0,0,0,0,25017.0,26957.104,-1940.103515625,1940.103515625,-7.76,108.53138,-709.30676,-2023.5908,-9.566911,-58.321213,5.571335,0.37524447,-7.0917263,29.910923,872.99225,33.326405,118.54984,-1881.5752,97.22924,-487.234,-3910.2
Mazda,CX-5,6.0,160176.0,4,SUV,Mainstream,Normal,Automatic,0,0,0,0,0,0,21995.0,20493.766,1501.234375,1501.234375,6.83,108.53138,94.063255,-322.4719,1.972434,-23.484337,8.06353,-0.6430971,5.017278,32.912968,-170.3642,12.6790495,-13.087363,371.57892,-47.811394,-9.482971,47.473557
Hyundai,Elantra,4.0,123943.0,4,Sedan,Economy,Normal,Automatic,0,0,0,0,0,0,19995.0,17620.7,2374.30078125,2374.30078125,11.87,108.53138,1985.1835,1209.4595,-9.045483,-29.815708,-25.338737,-0.07644282,4.4643517,26.188547,-120.827835,12.906772,-223.9153,141.4757,221.32004,-4.7705393,3295.74
Dodge,Grand Caravan,7.0,182050.0,6,Minivan,Mainstream,Normal,Automatic,0,0,0,0,0,0,16995.0,16009.396,985.603515625,985.603515625,5.8,108.53138,-751.58984,502.16507,-0.0837081,-38.896664,7.038227,-0.07127315,8.683361,35.338516,211.7118,17.96845,-148.36589,369.279,-49.447495,-35.42334,236.83759
Ford,Explorer,11.0,101200.0,6,SUV,Mainstream,Normal,Automatic,0,0,0,0,0,0,14995.0,16523.691,-1528.69140625,1528.69140625,-10.19,108.53138,435.16922,-229.71092,15.815578,-37.617584,4.6831393,-0.14884785,13.549153,36.102493,-36.582687,9.00201,-196.94186,-146.72537,-20.636147,-167.38098,-212.89145
GMC,Sierra 1500,9.0,167735.0,8,Pickup Truck,Near-luxury,Normal,Automatic,0,0,0,0,0,0,26995.0,25255.209,1739.791015625,1739.791015625,6.44,108.53138,1620.5618,-1055.442,-3.4771924,-60.35113,8.836908,0.37524447,15.61591,33.581673,1199.1365,34.534386,188.56303,-550.891,97.80711,-472.67007,1164.7125
Nissan,Sentra,6.0,128121.0,4,Sedan,Mainstream,Normal,Automatic,0,0,0,0,0,0,17017.0,15243.643,1773.357421875,1773.357421875,10.42,108.53138,867.7236,-441.24744,4.264382,-21.719257,-2.749957,-0.07644282,5.9425974,33.749073,224.3467,13.692207,-187.36935,-60.138702,-26.136646,17.64526,536.45734
Ford,F-150,9.0,187499.0,6,Pickup Truck,Mainstream,Normal,Automatic,0,0,0,0,0,0,21995.0,18841.418,3153.58203125,3153.58203125,14.34,108.53138,1008.7781,1064.5261,4.0165095,-25.678532,34.35367,0.20546809,11.147736,25.641966,291.5211,8.563136,437.55203,-253.48038,-51.616467,-168.44418,2495.618
Nissan,Rogue,10.0,162336.0,4,SUV,Mainstream,Normal,Automatic,0,0,0,0,0,0,13995.0,9861.828,4133.171875,4133.171875,29.53,108.53138,-62.41174,204.4216,14.4452505,-29.960566,8.036767,-0.04037352,5.063248,33.266304,143.39899,10.164316,-289.11914,60.25875,-28.985973,-33.88081,143.188
Ford,Edge,12.0,195953.0,4,SUV,Mainstream,Normal,Automatic,0,0,0,0,0,0,10995.0,7750.8203,3244.1796875,3244.1796875,29.51,108.53138,-1926.2125,72.000885,15.027614,-34.970634,11.945228,-0.046684906,-11.688116,28.238565,158.08194,7.1297398,-132.82399,407.31183,10.016038,-132.75113,-1420.2098
Jeep,Compass,11.0,175000.0,4,SUV,Mainstream,Normal,Automatic,0,0,0,0,0,0,10995.0,9997.528,997.4716796875,997.4716796875,9.07,108.53138,-13.108297,66.07999,-6.892328,-27.837723,10.106151,-0.046684906,5.6931653,33.78194,236.05641,10.246921,-117.34001,106.02785,-10.672679,-58.9963,341.6298
Nissan,Sentra,7.0,192757.0,4,Sedan,Mainstream,Normal,Automatic,0,0,0,0,0,0,13995.0,9635.153,4359.8466796875,4359.8466796875,31.15,108.53138,768.3499,-52.433105,3.775306,-22.080181,10.082579,-0.035928816,-8.568524,30.571497,100.70328,14.641617,-265.47534,-6.963562,-33.515038,-9.337916,638.2459
Mazda,CX-5,8.0,102500.0,4,SUV,Mainstream,Normal,Automatic,0,0,0,0,0,0,23995.0,20960.59,3034.41015625,3034.41015625,12.65,108.53138,425.22623,-410.34875,6.471325,-22.956167,-3.4315052,-0.6836111,6.3506794,34.081944,-256.50772,10.156857,-28.945866,261.0316,-20.720905,-12.463495,95.791985
Honda,CR-V Hybrid,2.0,41001.0,4,SUV,Mainstream,Normal,Automatic,1,0,0,0,0,0,42695.0,43541.92,-846.921875,846.921875,-1.98,108.53138,863.05206,-1822.2773,1.3270322,4.6252832,-5.19962,-2.3839693,1.6329864,-652.5965,-365.3666,-32.14454,119.81642,136.48407,27.403461,-34.662807,-1651.7588
Toyota,RAV 4,16.0,237891.0,4,SUV,Mainstream,Normal,Automatic,0,0,0,0,0,0,7000.0,10723.24,-3723.240234375,3723.240234375,-53.19,108.53138,643.9832,-1319.0336,17.888386,-43.87435,-3.8487976,-0.046684906,0.8484951,-6.3559732,-258.63834,52.291695,187.0965,9.583155,97.81906,-59.053047,-572.8089
Ford,F-150,2.0,13828.0,6,Pickup Truck,Mainstream,Normal,Automatic,0,0,0,0,0,0,53988.0,74388.91,-20400.90625,20400.90625,-37.79,108.53138,-1448.2849,-2299.4683,-29.545242,-0.2569787,24.057062,-2.3978302,25.110579,41.0321,-1000.37585,-31.727825,-658.1465,-1085.6082,239.64644,-139.48605,-6256.9204
Honda,Civic Sedan,12.0,171377.0,4,Sedan,Mainstream,Normal,Manual,0,0,0,0,0,0,11995.0,12485.564,-490.564453125,490.564453125,-4.09,108.53138,-960.07684,43.515087,-1.9958998,-40.212406,9.953404,-0.04227057,-0.321774,29.738613,355.3703,-113.59423,-62.380703,81.58783,24.138056,1.9268837,-523.8626
Nissan,Frontier,9.0,187018.0,6,Pickup Truck,Mainstream,1std,Automatic,0,0,0,0,0,0,21995.0,14256.556,7738.4443359375,7738.4443359375,35.18,108.53138,1484.3334,1156.6218,4.5271864,-25.077593,37.449368,0.20940614,37.33086,50.17001,-136.75961,16.528658,467.5068,-87.505974,-179.31909,286.55408,3221.1008
Nissan,Kicks,6.0,154852.0,4,SUV,Mainstream,Normal,Automatic,0,0,0,0,0,0,13995.0,15837.559,-1842.55859375,1842.55859375,-13.17,108.53138,-160.27739,-243.0837,24.4431,-28.20498,18.629824,-0.035928816,5.233344,34.298832,248.14665,12.716508,-34.66674,40.87024,-48.728195,-27.81585,-49.942894
Hyundai,Tucson,5.0,155264.0,4,SUV,Economy,Normal,Automatic,0,0,0,0,0,0,19995.0,18370.7,1624.30078125,1624.30078125,8.12,108.53138,-670.8339,-355.49194,22.067862,-32.372887,18.010468,-0.035928816,5.0030107,35.053837,71.8988,11.415581,163.56541,138.54822,182.51663,-58.574512,-360.6981
Mazda,Mazda6,6.0,134138.0,4,Sedan,Mainstream,Normal,Automatic,0,0,0,0,0,0,20995.0,19416.533,1578.466796875,1578.466796875,7.52,108.53138,263.98245,-255.12997,1.2037368,-17.204763,-4.7661943,-0.6836111,5.9235744,32.96852,-187.32791,13.391741,20.286863,209.77097,-17.829346,17.62588,190.74332
Ford,Bronco Sport,6.0,179108.0,4,SUV,Mainstream,Normal,Automatic,0,0,0,0,0,0,17995.0,15900.623,2094.376953125,2094.376953125,11.64,108.53138,-721.22327,-317.17456,5.535414,-23.558289,11.352788,-0.035928816,5.7707186,32.007267,95.683975,7.287993,-71.922874,321.26144,-46.88252,-98.59836,-691.9647
Ford,Fusion,10.0,98826.0,4,Sedan,Mainstream,Normal,Automatic,0,0,0,0,0,0,13017.0,13482.55,-465.5498046875,465.5498046875,-3.58,108.53138,-988.21216,517.3837,19.69238,-20.54607,-2.5924957,-0.09175725,7.509405,25.968655,353.17957,7.7449837,31.532427,131.52916,-8.746036,-132.25581,50.627327
Chevrolet,Trax,8.0,160739.0,4,SUV,Economy,Normal,Automatic,0,0,0,0,0,0,14995.0,13074.148,1920.8515625,1920.8515625,12.81,108.53138,151.51746,-94.089775,-7.254027,-24.410505,12.99296,-0.035928816,16.011158,26.088915,-41.99127,3.9756362,-61.1887,193.2009,181.84415,-153.41931,311.773
Toyota,Tacoma,11.0,161000.0,4,Pickup Truck,Mainstream,Normal,Automatic,0,0,0,0,0,0,30995.0,29255.145,1739.85546875,1739.85546875,5.61,108.53138,1120.621,-473.4597,9.783381,-37.9806,32.09615,0.23005636,6.567229,-18.765999,-1139.8049,24.769583,-235.09769,-113.228035,-10.05739,-99.67511,-825.47076
Mazda,CX-5,6.0,124508.0,4,SUV,Mainstream,Normal,Automatic,0,0,0,0,0,0,25495.0,23166.984,2328.015625,2328.015625,9.13,108.53138,787.46313,-489.9126,2.5905988,-22.613852,-3.038712,-0.6836111,5.554575,34.208885,-222.1207,11.650225,5.5130663,322.56485,-29.513401,-8.342747,501.85107
Nissan,Sentra,10.0,154434.0,4,Sedan,Mainstream,Normal,Automatic,0,0,0,0,0,0,10495.0,9312.567,1182.4326171875,1182.4326171875,11.27,108.53138,-652.57184,269.3094,32.711704,-24.338345,20.480053,-0.04037352,5.894306,33.26491,135.87305,14.329757,-310.9672,-46.65338,-25.685587,-19.255253,-459.11743
Hyundai,Elantra,4.0,146085.0,4,Sedan,Economy,Normal,Automatic,0,0,0,0,0,0,22017.0,16773.22,5243.779296875,5243.779296875,23.82,108.53138,-166.13928,-29.506031,-19.57865,-31.691126,-18.492628,-0.035928816,4.2783003,31.331635,-179.50401,13.910652,-72.100105,102.2099,232.9383,-22.116724,-45.964317
Nissan,Sentra,7.0,141873.0,4,Sedan,Mainstream,Normal,Automatic,0,0,0,0,0,0,15995.0,13516.114,2478.8857421875,2478.8857421875,15.5,108.53138,-191.11963,-12.438571,3.7999804,-21.8413,-1.8987472,-0.31175137,5.9829903,33.299076,145.22813,6.455905,-229.6758,-120.13248,-8.547651,-13.48535,-296.15378
Ford,F-150,11.0,170046.0,6,Pickup Truck,Mainstream,Normal,Automatic,0,0,0,0,0,0,21995.0,18629.621,3365.37890625,3365.37890625,15.3,108.53138,653.6272,762.68274,3.9104989,-37.371437,55.75789,0.194712,10.746304,27.432795,325.73077,9.761768,827.4609,-316.91318,-25.698393,-165.97462,2239.8794
Nissan,Rogue,8.0,117422.0,4,SUV,Mainstream,Normal,Automatic,0,0,0,0,0,0,17995.0,14902.276,3092.7236328125,3092.7236328125,17.19,108.53138,732.42145,-685.99756,9.634805,-27.428452,-3.2576678,-0.07644282,6.394106,34.573185,181.84563,11.936344,-243.26659,57.10414,-29.475817,4.7181177,157.65662
Hyundai,Elantra,10.0,168741.0,4,Sedan,Economy,Normal,Automatic,0,0,0,0,0,0,11295.0,9448.992,1846.0078125,1846.0078125,16.34,108.53138,-89.835464,352.73978,2.1833797,-26.757711,9.913765,-0.04037352,6.245609,32.357418,-163.3576,16.815006,-80.54324,67.200165,177.13458,-42.68287,369.9038
Nissan,Rogue,3.0,23750.0,4,SUV,Mainstream,Normal,Automatic,0,0,0,0,0,0,33998.0,27942.004,6055.99609375,6055.99609375,17.81,108.53138,860.1221,-150.5229,7.3093734,-39.21759,-11.094182,-1.9797503,17.992464,32.408867,-43.980213,-22.746801,-404.42017,-128.38773,35.213066,8.563539,267.79147
Nissan,Sentra,8.0,28842.0,4,Sedan,Mainstream,Normal,Automatic,0,0,0,0,0,0,13998.0,17646.045,-3648.044921875,3648.044921875,-26.06,108.53138,534.3798,-2245.0532,29.872183,-37.871956,-2.894815,-1.3531109,5.4213476,28.717808,117.23212,-12.250128,-528.2449,-37.189713,-118.240234,95.3109,-2063.6326
Toyota,RAV 4,5.0,79838.0,4,SUV,Mainstream,Normal,Automatic,0,0,0,0,0,0,27998.0,33314.47,-5316.46875,5316.46875,-18.99,108.53138,-89.16114,-319.2961,6.9654837,-21.156502,-16.764996,-1.3531109,6.5139112,-13.046523,-153.97145,33.520737,165.12926,-81.99796,-78.122314,-140.81982,-595.02905
Ford,Ranger,7.0,189572.0,4,Pickup Truck,Mainstream,Normal,Automatic,0,0,0,0,0,0,21995.0,15569.902,6425.09765625,6425.09765625,29.21,108.53138,2658.5193,510.21457,-0.6629952,-23.459675,24.926447,0.24081244,12.455912,23.662851,318.98312,1.7358035,1606.4369,216.19736,-37.752224,-137.31866,5282.71
Hyundai,Santa Fe Sport,9.0,169999.0,4,SUV,Economy,Normal,Automatic,0,0,0,0,0,0,16288.0,12678.893,3609.107421875,3609.107421875,22.16,108.53138,-49.848896,225.2676,3.5523725,-32.098434,8.04136,-0.035928816,5.67026,33.271484,-158.10121,11.012207,-73.050575,163.95029,176.22089,-67.97309,354.4097
Nissan,Kicks,9.0,149574.0,4,SUV,Mainstream,Normal,Automatic,0,0,0,0,0,0,13995.0,12614.45,1380.5498046875,1380.5498046875,9.86,108.53138,-768.0239,171.78413,14.438399,-28.985004,5.929818,-0.035928816,5.318959,34.23591,93.82882,11.337872,-264.49216,25.760628,-10.021434,-46.6575,-647.05005
Ford,Edge,10.0,76199.0,4,SUV,Mainstream,Normal,Automatic,0,0,0,0,0,0,14995.0,15873.465,-878.46484375,878.46484375,-5.86,108.53138,1333.453,831.7751,21.906895,-21.952183,-1.3616387,-1.3684254,5.898492,36.12051,902.3693,13.852801,-39.76251,106.81912,-50.362823,-642.6333,2603.2861
Nissan,Sentra,6.0,124006.0,4,Sedan,Mainstream,Normal,Automatic,0,0,0,0,0,0,17017.0,15328.756,1688.244140625,1688.244140625,9.92,108.53138,873.8657,-472.3743,4.318847,-21.719257,-2.749957,-0.07644282,6.2601223,33.749073,176.7896,13.692207,-187.33937,-45.17746,-26.082184,16.588196,478.27618
Subaru,Crosstrek,9.0,127889.0,4,SUV,Mainstream,Normal,Automatic,0,0,0,0,0,0,17795.0,17751.682,43.318359375,43.318359375,0.24,108.53138,791.04974,45.591908,15.783463,-17.66937,-3.7262611,-0.07644282,5.463936,35.64298,185.08632,1.1567281,-30.17077,147.55756,-18.21797,-19.911503,1246.0918
Ford,Focus,14.0,113000.0,4,Hatchback,Mainstream,Normal,Manual,0,0,0,0,0,0,9995.0,9910.943,84.056640625,84.056640625,0.84,108.53138,-1916.5756,-108.923546,20.969473,-52.12266,-2.5335383,-0.10908919,6.9487457,27.613005,325.84506,-517.99133,817.8893,214.62677,181.77127,-108.27203,-1002.33264
RAM,1500 Classic,7.0,159680.0,8,Pickup Truck,Mainstream,Normal,Automatic,0,0,0,0,0,0,27995.0,31843.227,-3848.2265625,3848.2265625,-13.75,108.53138,488.95935,-183.39983,10.162555,-53.322075,23.774939,0.37524447,23.670067,33.49768,649.07245,27.835606,259.7724,-690.0978,-37.564373,-239.23013,422.0375
Mazda,Mazda3,15.0,149775.0,4,Sedan,Mainstream,Normal,Manual,0,0,0,0,0,0,11017.0,8461.697,2555.302734375,2555.302734375,23.19,108.53138,-1178.494,669.6991,14.711516,-43.700733,8.305486,-0.64943874,5.809272,32.71718,-215.51253,-589.08624,-19.784065,227.33812,52.602543,11.228609,-916.2838
Nissan,Rogue,4.0,161151.0,4,SUV,Mainstream,Normal,Automatic,0,0,0,0,0,0,21995.0,18504.588,3490.412109375,3490.412109375,15.87,108.53138,-192.15309,-219.86205,4.151516,-34.2462,-17.124538,-0.035928816,3.195413,25.801857,86.746704,15.377065,-199.92041,231.08781,-76.1234,33.590687,-230.98315
Toyota,RAV 4 Prime,4.0,48007.0,4,SUV,Mainstream,Normal,Automatic,0,0,0,0,0,0,44995.0,36622.605,8372.39453125,8372.39453125,18.61,108.53138,-1825.7657,-191.86212,8.049821,-23.927006,-44.10003,-1.3531109,4.923994,643.19934,67.62141,10.69974,52.92804,206.78125,190.32153,-22.105467,-816.057
Volkswagen,Jetta Wagon,22.0,354999.0,4,Sedan,Mainstream,Normal,Automatic,0,0,0,0,0,0,11995.0,-1744.6837,13739.683715820312,13739.683715820312,114.55,108.53138,-2684.987,3986.407,16.26818,-29.65482,21.342642,-0.21442096,82.965454,35.683693,-122.30126,35.932465,-22.164333,-148.986,219.57248,-55.537224,1442.8583
Toyota,RAV 4,6.0,93857.0,4,SUV,Mainstream,Normal,Automatic,0,0,0,0,0,0,25495.0,30871.059,-5376.05859375,5376.05859375,-21.09,108.53138,-927.1784,-468.99332,-37.013264,-24.380423,-16.930738,-0.08931388,7.0791245,-17.230412,39.433643,19.174053,126.175125,14.00589,-29.041258,-54.72442,-1261.1825
Toyota,RAV 4,8.0,163259.0,4,SUV,Mainstream,Normal,Automatic,0,0,0,0,0,0,25995.0,22343.584,3651.416015625,3651.416015625,14.05,108.53138,202.66159,-727.624,9.633569,-24.917507,-5.152095,-0.035928816,6.0503726,-18.59823,-185.06554,19.14905,30.280455,43.131317,-38.08318,-49.822662,-629.86145
Ford,Bronco Sport,6.0,153959.0,4,SUV,Mainstream,Normal,Automatic,0,0,0,0,0,0,21995.0,17567.236,4427.763671875,4427.763671875,20.13,108.53138,-854.2265,-182.88223,25.068718,-23.558289,21.776287,-0.035928816,5.7247915,32.929424,120.42324,6.3621745,139.2349,249.79442,-49.477665,-99.34655,-499.6819
Hyundai,Elantra,4.0,96927.0,4,Sedan,Economy,Normal,Automatic,0,0,0,0,0,0,19995.0,19565.783,429.216796875,429.216796875,2.15,108.53138,-447.59482,133.89984,-8.746165,-30.154215,-26.566402,-0.08931388,5.041424,26.161028,89.3316,12.723596,-35.535976,23.30175,220.21051,-33.70395,36.81031
RAM,1500 Classic,8.0,106082.0,8,Pickup Truck,Mainstream,Normal,Automatic,0,0,0,0,0,0,27987.0,33489.17,-5502.171875,5502.171875,-19.66,108.53138,304.85202,-401.84314,-5.133986,-62.854393,-0.55317986,0.07947254,27.569334,34.795643,443.53574,33.907528,-59.23264,-672.99384,-26.675455,-229.97833,-505.99384
Hyundai,Elantra GT,7.0,152408.0,4,Sedan,Economy,Normal,Manual,0,0,0,0,0,0,17995.0,13499.047,4495.953125,4495.953125,24.98,108.53138,431.5158,447.40192,-2.9901376,-39.180546,13.803511,-0.03151448,5.4768634,33.119827,-75.42874,98.18256,-89.31179,194.7125,193.078,5.2026806,1324.0823
Dodge,Dakota,17.0,24705.0,Unknown,Unknown,Mainstream,Normal,Automatic,0,0,0,0,0,0,15995.0,20198.545,-4203.544921875,4203.544921875,-26.28,108.53138,-2677.6582,738.0781,25.620008,-134.33243,-25.203814,-1.3901715,20.979914,-885.75555,-1099.4689,-49.9167,-8312.338,342.75113,-224.35074,31.601028,-12142.854
Kia,Sportage,9.0,133590.0,4,SUV,Economy,Normal,Automatic,0,0,0,0,0,0,13995.0,14950.333,-955.3330078125,955.3330078125,-6.83,108.53138,-75.92135,153.96982,4.2982593,-22.94422,-2.9217315,-0.07644282,6.996174,57.603294,265.19333,9.500058,-28.099186,222.99759,194.47327,-63.16076,830.43945
Kia,Rondo,12.0,116000.0,4,Minivan,Economy,Normal,Automatic,0,0,0,0,0,0,9995.0,10961.985,-966.9853515625,966.9853515625,-9.67,108.53138,-277.76047,56.238873,8.3806505,-36.022156,-21.196455,-0.113503516,8.523681,58.84981,258.68674,7.492941,191.33543,146.95906,252.5881,-43.89704,718.5971
Audi,A4 Sedan,9.0,89000.0,4,Sedan,Luxury,Normal,Automatic,0,0,0,0,0,0,18995.0,17800.377,1194.623046875,1194.623046875,6.29,108.53138,-694.1688,395.50565,33.268044,-18.704016,-3.4693036,-1.3501977,7.7382426,31.15508,6.7831206,-60.769264,-451.82645,3.3313942,-523.4265,-53.198498,-1220.6001
Kia,Forte,11.0,161153.0,4,Sedan,Economy,Normal,Automatic,0,0,0,0,0,0,7995.0,7896.915,98.0849609375,98.0849609375,1.23,108.53138,401.22476,-416.9788,2.1906657,-29.987127,13.482588,-0.046684906,7.6502347,55.743034,239.3117,18.309185,-102.401115,83.813354,177.59732,-39.897087,518.5434
Mazda,CX-30,6.0,160002.0,4,SUV,Mainstream,Normal,Automatic,0,0,0,0,0,0,17995.0,20493.766,-2498.765625,2498.765625,-13.89,108.53138,94.063255,-322.4719,1.972434,-23.484337,8.06353,-0.6430971,5.017278,32.912968,-170.3642,12.6790495,-13.087363,371.57892,-47.811394,-9.482971,47.473557
Honda,Accord Sedan,8.0,47510.0,4,Sedan,Mainstream,Normal,Automatic,0,0,0,0,0,0,23800.0,22521.322,1278.677734375,1278.677734375,5.37,108.53138,533.06116,-1724.3567,21.8726,-10.971141,-3.9596663,-1.3531109,6.0676947,46.847233,-137.67778,-12.652773,274.95566,489.16055,29.856394,36.76792,-343.85068
Nissan,Sentra,11.0,106107.0,4,Sedan,Mainstream,Normal,Manual,0,0,0,0,0,0,7988.0,9314.726,-1326.7255859375,1326.7255859375,-16.61,108.53138,132.496,-235.46733,23.270294,-48.91871,-2.7824335,-0.10908919,6.467151,33.53459,219.93962,-507.66095,-179.47371,-101.175995,-5.6137567,9.998382,-546.96466
Toyota,Corolla Sedan,5.0,45515.0,4,Sedan,Mainstream,Normal,Automatic,0,0,0,0,0,0,21480.0,27380.06,-5900.060546875,5900.060546875,-27.47,108.53138,-197.03796,-153.80347,7.143184,-16.728952,-18.95913,-1.3531109,7.329166,-16.71049,-71.825745,19.163654,-224.52165,141.02539,20.808357,3.7128549,-393.22653
Jeep,Patriot,12.0,186357.0,4,SUV,Mainstream,Normal,Automatic,0,0,0,0,0,0,9995.0,8230.784,1764.2158203125,1764.2158203125,17.65,108.53138,222.1311,413.9021,-6.6709266,-26.875313,9.22712,-0.046684906,6.271541,32.033443,259.62985,9.051538,-48.145676,123.761536,9.835934,-51.989685,1060.6473
Nissan,Rogue,9.0,172941.0,4,SUV,Mainstream,Normal,Automatic,0,0,0,0,0,0,12995.0,10873.575,2121.4248046875,2121.4248046875,16.32,108.53138,-49.725628,177.74661,14.448783,-29.602007,8.184153,-0.035928816,5.422129,33.25682,132.50305,12.96577,-289.46213,61.78727,-34.141117,-33.276344,118.60278
Mazda,CX-5,8.0,146500.0,4,SUV,Mainstream,Normal,Automatic,0,0,0,0,0,0,23017.0,18558.63,4458.369140625,4458.369140625,19.37,108.53138,453.74893,-531.041,-4.340535,-33.6298,4.367442,-0.6430971,5.2755337,35.124317,-247.72276,9.855966,-124.73528,272.313,-12.814263,-41.94139,-107.65162
Mazda,Mazda3,14.0,192091.0,4,Sedan,Mainstream,Normal,Automatic,0,0,0,0,0,0,10995.0,6889.034,4105.9658203125,4105.9658203125,37.34,108.53138,474.99078,442.48615,10.249191,-29.32668,12.126666,-0.6538531,1.6763195,30.12657,-380.01733,31.840887,68.919464,254.63583,13.61905,15.864118,1055.0687
Nissan,Kicks,9.0,147237.0,4,SUV,Mainstream,Normal,Automatic,0,0,0,0,0,0,13995.0,12614.45,1380.5498046875,1380.5498046875,9.86,108.53138,-265.2804,179.30438,14.438399,-28.985004,6.4231215,-0.035928816,5.318959,34.23591,87.943504,11.337872,-291.9651,21.462006,-10.992698,-40.045002,-168.3086
Chevrolet,Equinox,9.0,151378.0,4,SUV,Economy,Normal,Automatic,0,0,0,0,0,0,15995.0,12864.346,3130.654296875,3130.654296875,19.57,108.53138,411.7027,761.1135,-1.2495269,-25.191822,20.853617,-0.035928816,16.183802,26.990608,-362.7085,2.1910393,-52.435555,57.11468,174.43887,-155.37532,982.1237
Toyota,Venza,3.0,27705.0,4,SUV,Mainstream,Normal,Automatic,1,0,0,0,0,0,47995.0,45653.086,2341.9140625,2341.9140625,4.88,108.53138,233.4653,-135.38327,13.658862,-30.408943,-30.435938,-1.9797503,5.8806443,-78.68572,687.7495,-13.9289665,294.38922,-85.73509,23.406006,-78.93762,911.58563
GMC,Terrain,5.0,113524.0,4,SUV,Near-luxury,Normal,Automatic,0,0,0,0,0,0,24995.0,25576.201,-581.201171875,581.201171875,-2.33,108.53138,264.9223,-874.199,8.55466,-66.00354,-21.1432,-0.07644282,5.447906,35.443012,442.77567,11.6883135,37.398724,91.97188,175.82304,-196.7306,24.404137
Jeep,Cherokee,12.0,73000.0,4,SUV,Mainstream,Normal,Automatic,0,0,0,0,0,0,12995.0,12890.48,104.51953125,104.51953125,0.8,108.53138,833.45636,1976.5057,4.5744953,-37.426464,-2.34227,-1.3901715,5.587881,37.039505,481.484,7.795349,-125.34275,-49.959442,86.19747,-56.855656,3267.8557
Ford,Edge,3.0,84914.0,4,SUV,Mainstream,Normal,Automatic,0,0,0,0,0,0,26595.0,28554.51,-1959.509765625,1959.509765625,-7.37,108.53138,1690.4465,593.25366,5.1263976,-19.49754,-20.878979,-1.9578562,4.433939,39.750805,494.1871,-1.7675449,99.12707,342.151,-89.902695,-525.7168,2717.2866
RAM,1500 Classic,8.0,166588.0,8,Pickup Truck,Mainstream,Normal,Automatic,0,0,0,0,0,0,28995.0,27138.385,1856.615234375,1856.615234375,6.4,108.53138,1185.1356,-678.5618,14.06969,-53.19874,23.760773,0.37524447,25.121994,33.530838,741.92926,34.893627,212.16849,-590.49585,-37.739956,-243.29688,776.2237
Ford,Edge,8.0,146947.0,4,SUV,Mainstream,Normal,Automatic,0,0,0,0,0,0,20999.0,15520.59,5478.41015625,5478.41015625,26.09,108.53138,-47.948425,-453.23602,-0.75210994,-33.70375,5.6121073,-0.035928816,5.9923353,34.21863,75.197426,7.2330265,-191.74976,172.24672,-13.12116,-130.55074,-462.06628
Hyundai,Kona,3.0,73216.0,4,SUV,Economy,Normal,Automatic,0,0,0,0,0,0,27999.0,26972.46,1026.5390625,1026.5390625,3.67,108.53138,18.557953,-303.49066,-7.449714,-31.165934,-12.424537,-1.9797503,4.2498837,38.827694,-117.42076,12.57866,96.87328,26.175438,212.75331,-64.99676,-20.380424
Ford,Mustang Fastback,6.0,38963.0,8,Coupe,Mainstream,Normal,Manual,0,0,0,0,0,0,43999.0,56185.09,-12186.08984375,12186.08984375,-27.7,108.53138,1638.7429,-1702.9855,-30.183374,-75.95922,-9.094324,-1.2150487,19.31677,57.44642,819.63257,-1761.7885,-1699.881,-2959.2817,-875.33887,-300.68396,-6772.7417
Buick,Encore GX,5.0,70761.0,4,SUV,Near-luxury,Normal,Automatic,0,0,0,0,0,0,21797.0,24959.93,-3162.9296875,3162.9296875,-14.51,108.53138,116.83374,-448.2158,7.835067,-33.62195,-26.082533,-1.3531109,5.794095,37.384617,-486.2108,13.608006,22.130154,28.102089,85.34979,-82.45388,-652.3691
RAM,1500 Classic,7.0,201000.0,8,Pickup Truck,Mainstream,Normal,Automatic,0,0,0,0,0,0,19950.0,26833.758,-6883.7578125,6883.7578125,-34.51,108.53138,831.32837,733.4563,1.8602554,-52.69047,14.795841,0.37524447,14.013205,28.681503,-545.37274,17.449512,308.31186,-481.76016,-36.706028,-278.727,663.54706
Toyota,Camry,6.0,50692.0,4,Sedan,Mainstream,Normal,Automatic,0,0,0,0,0,0,28789.0,25940.822,2848.177734375,2848.177734375,9.89,108.53138,-288.94836,-381.34192,6.022179,-15.22117,-18.235014,-1.3531109,7.807626,-8.966437,-249.0822,18.605768,-203.32661,119.62401,6.8409204,-17.631805,-916.6748
Jeep,Cherokee,5.0,31000.0,4,SUV,Mainstream,Normal,Automatic,0,0,0,0,0,0,29950.0,24784.545,5165.455078125,5165.455078125,17.25,108.53138,-83.743256,-102.21071,-26.288237,-30.734947,-2.945305,-1.3531109,7.777589,35.600487,-728.28766,-7.719707,-67.488174,0.57858276,31.841877,7.7122574,-858.72894
Ford,F-150,20.0,150000.0,6,Pickup Truck,Mainstream,Normal,Automatic,0,0,0,0,0,0,10000.0,12125.964,-2125.9638671875,2125.9638671875,-21.26,108.53138,-980.2895,2346.4656,4.209993,-36.20965,26.368774,0.194712,109.75002,28.242561,175.4172,21.960714,-854.70056,-136.36661,202.15538,-221.95377,793.77625
Nissan,Pathfinder,8.0,83188.0,6,SUV,Mainstream,2std,Automatic,0,0,0,0,0,0,21995.0,22371.512,-376.51171875,376.51171875,-1.71,108.53138,1557.4794,-826.4395,55.95319,-19.084309,5.718839,-1.385542,25.585896,-142.56644,130.71349,11.60363,126.8765,98.56999,-82.577515,460.5511,1509.5302
Kia,Sportage,4.0,147898.0,4,SUV,Economy,Normal,Automatic,0,0,0,0,0,0,24995.0,21253.73,3741.26953125,3741.26953125,14.97,108.53138,-664.9195,-14.3275385,-6.8470473,-27.199127,-17.4741,-0.035928816,5.045265,47.52028,138.168,11.54914,-5.0608315,267.28784,235.76144,-17.043432,60.95581
RAM,1500,11.0,226978.0,8,Pickup Truck,Mainstream,Normal,Automatic,0,0,0,0,0,0,14995.0,16711.756,-1716.755859375,1716.755859375,-11.45,108.53138,1281.5294,592.35724,18.118793,-73.65016,71.88357,0.3644884,-22.708761,43.713867,64.93004,20.190737,839.03235,327.82764,25.96105,-235.43967,3062.642
Ford,F-150,7.0,154799.0,6,Pickup Truck,Mainstream,Normal,Automatic,0,0,0,0,0,0,30017.0,30047.883,-30.8828125,30.8828125,-0.1,108.53138,-818.1867,432.32025,13.901431,-25.035149,42.688843,0.20546809,10.575438,28.387177,260.9519,0.5179442,204.14445,-69.56919,-54.010643,-130.01807,5.4045334
Dodge,Grand Caravan,11.0,138707.0,6,Minivan,Mainstream,Normal,Automatic,0,0,0,0,0,0,13995.0,12763.798,1231.2021484375,1231.2021484375,8.8,108.53138,-1412.2263,118.88767,9.069057,-50.994053,-10.814647,-0.38415638,9.872487,38.494873,736.68854,23.000675,-197.73749,-169.68265,3.3038657,-73.586334,-867.57715
Nissan,Rogue,11.0,211221.0,4,SUV,Mainstream,Normal,Automatic,0,0,0,0,0,0,9895.0,7152.378,2742.6220703125,2742.6220703125,27.72,108.53138,-451.67087,-553.30365,14.237767,-39.37604,9.325538,-0.046684906,-13.150249,29.686728,230.84804,15.338125,-346.88504,34.641182,-12.662612,-39.165695,-1013.652
Hyundai,Santa Fe XL,11.0,134000.0,4,SUV,Economy,Normal,Automatic,0,0,0,0,0,0,14995.0,12431.478,2563.5224609375,2563.5224609375,17.1,108.53138,636.3749,-770.8479,3.660574,-42.488873,-4.38472,-0.113503516,5.7353745,34.292927,-84.09363,8.353039,-82.782104,81.31285,188.77936,-67.63937,14.690269
Dodge,Grand Caravan,9.0,160409.0,6,Minivan,Mainstream,Normal,Automatic,0,0,0,0,0,0,16795.0,13680.075,3114.9248046875,3114.9248046875,18.55,108.53138,-1377.6405,881.4404,9.156269,-40.80324,6.930382,-0.07127315,8.574711,37.47343,532.97546,25.696636,-203.09769,154.20602,-49.226067,-46.205986,47.93992
GMC,Terrain,7.0,182000.0,4,SUV,Near-luxury,Normal,Automatic,0,0,0,0,0,0,15995.0,15695.364,299.6357421875,299.6357421875,1.87,108.53138,1420.4893,-2048.763,7.506455,-41.859432,-9.536924,-0.035928816,4.9317017,31.06404,1387.6803,3.6199315,-26.532198,145.21333,123.69594,-202.11136,903.89343
Toyota,Tundra,8.0,238765.0,6,Pickup Truck,Mainstream,Normal,Automatic,0,0,0,0,0,0,32999.0,31564.83,1434.169921875,1434.169921875,4.35,108.53138,2273.4412,-212.8615,0.07154814,-23.393667,15.37953,0.20546809,-2.3996904,-9.660577,-28.748428,23.93105,-458.9292,146.01886,1.8630905,-91.45056,1741.9985
Mazda,Mazda3 Sport,9.0,127796.0,4,Sedan,Mainstream,Normal,Manual,0,0,0,0,0,0,17017.0,16446.078,570.921875,570.921875,3.36,108.53138,426.78906,-50.726063,15.087686,-32.361008,-3.0869353,-0.6791967,5.2983613,33.028515,-215.01561,-301.8364,-21.917505,372.2106,-18.020428,18.185606,335.48804
Kia,Soul,6.0,155938.0,4,Hatchback,Economy,Normal,Automatic,0,1,0,0,0,0,13998.0,12009.968,1988.0322265625,1988.0322265625,14.2,108.53138,-1882.6111,-271.10892,-633.2736,-22.198854,22.124933,-0.035928816,7.240448,57.824585,319.82507,-25.665861,199.0518,131.5527,257.42456,-6.2135487,-1737.5322
Jeep,Grand Cherokee,8.0,111287.0,6,SUV,Mainstream,Normal,Automatic,0,0,0,0,0,0,25650.0,25623.627,26.373046875,26.373046875,0.1,108.53138,419.442,-181.75476,-19.746664,-19.248468,3.1347933,-0.111787155,12.805332,38.070187,-107.144646,10.313613,-41.37756,149.53543,-43.60998,-44.864838,283.97403
Nissan,Micra,12.0,166295.0,4,Sedan,Mainstream,Normal,Automatic,0,0,0,0,0,0,8995.0,6561.784,2433.2158203125,2433.2158203125,27.05,108.53138,-236.54083,258.08783,13.293782,-33.132393,11.115687,-0.046684906,6.262399,32.375626,269.29407,18.840399,-238.43419,-90.697395,26.045057,-12.9207945,132.07393
Ford,F-150,10.0,185018.0,6,Pickup Truck,Mainstream,Normal,Automatic,0,0,0,0,0,0,23995.0,19487.33,4507.669921875,4507.669921875,18.79,108.53138,616.5765,1117.1992,4.0165095,-26.03709,34.206287,0.20102343,11.064665,25.651445,297.62216,8.133589,433.89456,-266.9757,-47.873917,-169.3633,2146.8474
RAM,1500,10.0,209301.0,8,Pickup Truck,Mainstream,Normal,Automatic,0,0,0,0,0,0,15995.0,18712.51,-2717.509765625,2717.509765625,-16.99,108.53138,-746.1297,879.5991,16.033396,-65.04108,14.617016,0.3707998,7.824478,29.857843,174.06657,12.203273,417.97122,-357.73456,-27.970684,-264.91907,199.28
Ford,Unspecified,15.0,45717.0,Unknown,Unknown,Mainstream,1std,Automatic,0,0,0,0,0,0,69995.0,26143.873,43851.126953125,43851.126953125,62.65,108.53138,-1524.0247,7842.6567,27.255388,-102.99404,1.0799791,-1.3795515,48.288452,-914.2622,4359.9053,-55.333523,-9723.341,-632.2912,-161.02913,6873.415,6146.4766
GMC,Sierra 1500,9.0,192828.0,8,Pickup Truck,Near-luxury,Normal,Automatic,0,0,0,0,0,0,25995.0,23484.486,2510.513671875,2510.513671875,9.66,108.53138,1544.676,-1004.24286,-3.4683566,-59.71953,5.698389,0.37524447,0.1147234,31.83317,765.86487,34.98516,210.80182,-790.14197,98.60994,-485.35767,458.56012
Kia,Sportage,10.0,157345.0,4,SUV,Economy,Normal,Automatic,0,0,0,0,0,0,11995.0,12457.355,-462.35546875,462.35546875,-3.85,108.53138,-180.33304,175.81891,3.6979642,-23.890059,9.448231,-0.04037352,6.740463,56.634277,262.58698,7.978141,-61.75575,222.57587,161.81715,-65.99766,683.81244
Ford,Bronco Sport,4.0,75132.0,4,SUV,Mainstream,Normal,Automatic,0,0,0,0,0,0,27995.0,27312.934,682.06640625,682.06640625,2.44,108.53138,952.70123,118.73684,6.280441,-20.538109,-24.913065,-1.3531109,4.2597885,27.972288,1044.3596,14.736543,83.10542,123.45331,-111.56084,-501.74588,1824.026
Honda,HR-V,9.0,136771.0,4,SUV,Mainstream,Normal,Automatic,0,0,0,0,0,0,18795.0,19543.168,-748.16796875,748.16796875,-3.98,108.53138,959.86224,77.641205,8.433875,-21.25283,-5.920007,-0.07644282,4.578785,32.394993,-176.82912,-1.9032356,15.051817,156.01743,-10.238459,-36.792736,1109.499
Ford,Escape,7.0,153000.0,4,SUV,Mainstream,Normal,Automatic,0,0,0,0,0,0,16995.0,16360.477,634.5234375,634.5234375,3.73,108.53138,440.20834,-50.229694,5.6609263,-23.680338,16.012554,-0.035928816,5.9942465,32.79625,588.47437,0.3198384,-123.73241,244.31433,-36.774193,-95.2709,1112.5887
Ford,Escape,7.0,153832.0,4,SUV,Mainstream,Normal,Automatic,0,0,0,0,0,0,16995.0,16360.477,634.5234375,634.5234375,3.73,108.53138,-832.8527,-80.65656,25.168785,-23.680338,21.785557,-0.035928816,5.9942465,32.79625,114.95941,0.3198384,70.15015,232.68005,-39.84831,-95.2709,-459.9591
Subaru,Crosstrek,3.0,31221.0,4,SUV,Mainstream,Normal,Automatic,0,0,0,0,0,0,30990.0,33545.2,-2555.19921875,2555.19921875,-8.25,108.53138,138.61145,-66.52355,7.480703,-20.810846,-14.252331,-1.9797503,6.28504,39.63591,-193.22032,21.88569,25.11586,-5.587082,27.7505,-21.531216,51.391434
Honda,HR-V,2.0,23561.0,4,SUV,Mainstream,Normal,Automatic,0,0,0,0,0,0,27994.0,38451.29,-10457.2890625,10457.2890625,-37.36,108.53138,655.0073,-631.3139,-4.8344254,-1.849649,0.20592517,-2.3839693,17.315382,37.30022,-1123.9362,-74.54032,-67.61981,-36.20962,48.636314,-83.39545,-1159.0868
Hyundai,Kona,5.0,100224.0,4,SUV,Economy,Normal,Automatic,0,0,0,0,0,0,19495.0,22102.744,-2607.744140625,2607.744140625,-13.38,108.53138,-764.9784,-324.26358,-6.656505,-31.858873,-3.4570749,-0.07644282,5.9447374,33.21866,111.37324,11.601289,-17.180025,146.66884,197.45436,-65.022385,-598.7008
Honda,CR-V,2.0,3636962.0,4,SUV,Mainstream,Normal,Automatic,0,0,0,0,0,0,34985.0,35212.29,-227.2890625,227.2890625,-0.65,108.53138,-4639.9814,-2116.8276,9.165509,0.24724422,-1.160668,-1.0478063,-25.118486,70.008286,-445.8032,0.83464545,186.67262,838.08734,154.58452,28.934666,-5832.8735
Ford,F-150,4.0,88784.0,6,Pickup Truck,Mainstream,Normal,Automatic,1,0,0,0,0,0,46890.0,48654.965,-1764.96484375,1764.96484375,-3.76,108.53138,-1088.5393,425.50198,-11.976373,-33.346348,-5.1971583,-1.3640586,4.6842966,-197.24046,695.3927,9.31155,165.1448,-68.051346,71.053085,-119.24748,-45.34278
Subaru,Forester,3.0,105979.0,4,SUV,Mainstream,Normal,Automatic,0,0,0,0,0,0,25498.0,28840.467,-3342.466796875,3342.466796875,-13.11,108.53138,-328.849,-33.443035,5.3121037,-21.510601,-21.863108,-0.68410134,4.43532,36.87096,81.7709,28.986261,166.74629,157.54428,-55.466606,15.002856,143.38396
Nissan,Micra,8.0,109742.0,4,Sedan,Mainstream,Normal,Automatic,0,0,0,0,0,0,11998.0,13717.773,-1719.7734375,1719.7734375,-14.33,108.53138,311.33865,-357.9407,8.364589,-21.81264,-3.1427503,-0.07644282,7.0525236,33.64965,179.27243,12.639853,-236.04968,-58.182922,-17.710556,20.310116,-13.756508
Nissan,Rogue,3.0,29466.0,4,SUV,Mainstream,Normal,Automatic,0,0,0,0,0,0,25995.0,26567.527,-572.52734375,572.52734375,-2.2,108.53138,-692.7787,-152.35464,6.7319093,-35.267017,-11.457575,-1.9797503,6.1968174,39.22673,211.47002,-87.39467,-353.50372,-91.304276,69.83424,62.25776,-921.7914
Buick,Encore GX,4.0,69494.0,4,SUV,Near-luxury,Normal,Automatic,0,0,0,0,0,0,25495.0,27793.266,-2298.265625,2298.265625,-9.01,108.53138,-1055.4366,1.4804709,6.6027365,-33.937263,-30.038519,-1.3531109,4.2286606,30.408747,-416.57245,12.399118,11.964475,46.74063,102.07382,-55.495247,-1268.4032
Honda,Ridgeline,3.0,71000.0,6,Pickup Truck,Mainstream,1std,Automatic,0,0,0,0,0,0,46990.0,55474.363,-8484.36328125,8484.36328125,-18.06,108.53138,254.89526,-1362.9862,-26.60993,-11.633453,-3.1212752,-1.9829912,30.719934,58.520073,-2024.9197,4.7365413,-2157.1267,-547.09344,-165.09067,613.1478,-5230.013
Honda,CR-V,6.0,83358.0,4,SUV,Mainstream,Normal,Automatic,0,0,0,0,0,0,22880.0,27077.115,-4197.115234375,4197.115234375,-18.34,108.53138,565.7472,-291.7931,-0.65356565,-15.7083645,-4.4420314,-1.3501977,5.361477,36.369106,-123.42817,-0.1022517,112.52675,13.06893,-64.83284,-96.204506,243.08981
Honda,Odyssey,3.0,52426.0,6,Minivan,Mainstream,1std,Automatic,0,0,0,0,0,0,46995.0,48049.707,-1054.70703125,1054.70703125,-2.24,108.53138,4186.932,-1927.1119,6.262549,-18.060186,-16.378113,-2.0044746,32.122192,65.13374,-137.74165,-6.8101068,139.256,1072.6487,-41.214558,471.66455,3933.2305
Jeep,Grand Cherokee,10.0,165570.0,6,SUV,Mainstream,Normal,Automatic,0,0,0,0,0,0,12977.0,17134.06,-4157.060546875,4157.060546875,-32.03,108.53138,-864.39374,1230.4205,-11.4822855,-17.888037,14.460275,-0.07571785,9.041,35.736942,385.9294,8.651564,-92.75733,-91.13109,-47.4795,-59.41762,608.1458
Honda,HR-V,7.0,69935.0,4,SUV,Mainstream,Normal,Automatic,0,0,0,0,0,0,24880.0,26017.854,-1137.853515625,1137.853515625,-4.57,108.53138,1011.5555,-119.07902,-0.1279463,-18.673386,-2.8358495,-1.3531109,5.3477373,34.660183,-208.21423,-7.5019736,9.083753,41.99748,-7.921423,-54.63372,790.83527
Honda,Civic Sedan,8.0,91197.0,4,Sedan,Mainstream,Normal,Automatic,0,0,0,0,0,0,18495.0,20897.117,-2402.1171875,2402.1171875,-12.99,108.53138,1613.1921,-478.41116,1.4582406,-14.500713,-4.281847,-1.3501977,6.1789265,34.398514,-447.826,-1.26632,-201.2494,-135.0508,12.254643,-1.1384163,490.9391
Ford,Ranger,3.0,30637.0,4,Pickup Truck,Mainstream,Normal,Automatic,0,0,0,0,0,0,44124.0,41584.523,2539.4765625,2539.4765625,5.76,108.53138,3973.4238,-80.98294,-13.780932,-30.420061,-9.947868,-1.9582669,7.4619656,38.119507,3444.7896,-22.364502,506.03033,100.15393,26.316673,-155.56949,7889.8027
Ford,Mustang Mach-E,4.0,59781.0,8,Coupe,Mainstream,Normal,Automatic,0,0,0,0,0,0,36288.0,39652.832,-3364.83203125,3364.83203125,-9.27,108.53138,2507.8916,-1875.0897,-35.76749,-61.867077,-25.508709,-1.2171569,18.938251,56.484795,366.12976,26.154327,-1702.4287,-102.48248,-884.46436,-354.1264,-1958.8221
Kia,Soul,12.0,97321.0,4,Hatchback,Economy,Normal,Automatic,0,0,0,0,0,0,8995.0,9133.045,-138.044921875,138.044921875,-1.53,108.53138,-1203.3271,-53.654743,3.6148202,-36.10675,-1.7521685,-0.12637459,8.451912,57.2169,299.64426,-13.36637,-35.788177,157.23868,112.835495,-59.239143,-655.82745
Nissan,Qashqai,8.0,128047.0,4,SUV,Mainstream,Normal,Automatic,0,0,0,0,0,0,13998.0,14676.057,-678.056640625,678.056640625,-4.84,108.53138,1130.6621,-897.52875,8.997594,-27.333206,-2.8697689,-0.07644282,5.3660936,34.573185,154.4465,11.914762,-254.37857,63.104454,-19.430674,5.7931457,321.77182
Hyundai,Veloster,14.0,104627.0,4,Hatchback,Economy,Normal,Manual,0,0,0,0,0,0,7980.0,8522.874,-542.8740234375,542.8740234375,-6.8,108.53138,-732.1228,139.8167,7.9259133,-58.22601,-3.7782042,-0.10908919,6.6665545,35.270187,-16.17293,-378.15936,561.97766,110.9164,124.965034,-42.925854,-135.42438
Jeep,Cherokee,12.0,161546.0,4,SUV,Mainstream,Normal,Automatic,0,0,0,0,0,0,7488.0,8910.508,-1422.5078125,1422.5078125,-19.0,108.53138,-576.8479,591.5675,-6.6386313,-27.506916,9.150714,-0.046684906,5.4260116,33.78194,271.1084,8.939309,-56.20035,117.513374,20.973364,-51.754707,447.9968
Ford,Mustang Mach-E,3.0,96767.0,8,Coupe,Mainstream,Normal,Automatic,0,0,0,0,0,0,29995.0,32440.467,-2445.466796875,2445.466796875,-8.15,108.53138,-3444.4033,-2661.5808,-36.571865,-60.877937,-21.051916,-0.19803849,18.976515,68.52101,412.94876,49.791893,-2602.5203,-2523.3613,-915.885,-357.40305,-11965.084
Mazda,CX-5,6.0,107617.0,4,SUV,Mainstream,Normal,Automatic,0,0,0,0,0,0,22990.0,24305.127,-1315.126953125,1315.126953125,-5.72,108.53138,-287.07883,-201.65735,3.1376917,-23.072268,-3.4266112,-0.6836111,6.265065,34.208885,-210.8906,11.467047,13.739215,282.79575,-30.836395,-8.6656685,-306.1663
GMC,Yukon,4.0,96194.0,8,SUV,Near-luxury,1std,Automatic,0,0,0,0,0,0,79995.0,72269.07,7725.9296875,7725.9296875,9.66,108.53138,-349.59167,-396.98053,10.17697,-49.19082,-27.092518,0.05573826,50.03064,46.464294,2394.3499,39.0617,-80.17131,-228.70596,126.215034,2700.5122,4343.665
Nissan,Rogue,3.0,31801.0,4,SUV,Mainstream,Normal,Automatic,0,0,0,0,0,0,25995.0,26240.617,-245.6171875,245.6171875,-0.94,108.53138,409.22388,-205.98216,6.8439326,-32.930927,-12.113038,-1.9797503,6.1871977,39.221237,261.9245,-5.9509478,-237.30547,-90.196075,-90.18038,62.741062,218.03442
Hyundai,Elantra Touring,15.0,81076.0,4,Sedan,Economy,Normal,Automatic,0,0,0,0,0,0,8495.0,7648.437,846.56298828125,846.56298828125,9.97,108.53138,-505.82108,597.3227,7.771174,-31.473352,-3.6364315,-1.3901715,6.8289866,37.32076,-306.3478,16.850735,-13.803472,-119.35886,93.87561,-125.22765,-238.5575
Mazda,Mazda3 Sport,6.0,114681.0,4,Sedan,Mainstream,Normal,Automatic,0,0,0,0,0,0,23995.0,20662.795,3332.205078125,3332.205078125,13.89,108.53138,499.11023,-225.00912,1.8043506,-17.0168,-3.311694,-0.6836111,6.998721,33.28535,-150.53883,12.118315,4.2491837,180.88547,-106.78195,40.961678,384.60266
Volkswagen,Tiguan,9.0,44639.0,4,SUV,Mainstream,Normal,Automatic,0,0,0,0,0,0,27999.0,20832.795,7166.205078125,7166.205078125,25.59,108.53138,-2251.2546,164.40944,42.47066,-24.158625,7.470244,-2.1009824,6.2472944,18.144888,-98.45165,-0.69192576,39.13555,559.542,28.017857,-62.99612,-1465.6847
Audi,A4 Sedan,7.0,62554.0,4,Sedan,Luxury,Normal,Automatic,0,0,0,0,0,0,25999.0,26526.559,-527.55859375,527.55859375,-2.03,108.53138,1389.86,488.47986,19.743273,-13.868363,-1.9420907,-1.3531109,7.5945535,31.840094,-967.88196,-65.03777,-86.333084,-8.875252,-158.48901,-32.074986,710.1934
Toyota,RAV 4,13.0,175181.0,4,SUV,Mainstream,Normal,Automatic,0,0,0,0,0,0,9900.0,15298.477,-5398.4765625,5398.4765625,-54.53,108.53138,-294.832,-28.271294,15.688871,-36.962738,-3.554572,-0.046684906,6.512941,-18.576324,-228.96487,16.677483,125.25184,-32.148384,22.269915,-54.98818,-403.41266
Toyota,Tundra,4.0,50946.0,6,Pickup Truck,Mainstream,Normal,Automatic,0,0,0,0,0,0,40995.0,58714.85,-17719.8515625,17719.8515625,-43.22,108.53138,-1700.0529,-77.386635,-16.33535,-25.723812,-20.86793,-1.3669719,5.1940093,3.8330097,-1343.3494,16.667143,-2421.523,-1193.8599,-18.805649,-46.6146,-6731.66
Toyota,Tacoma,15.0,210437.0,4,Pickup Truck,Mainstream,Normal,Automatic,0,0,0,0,0,0,14995.0,19725.082,-4730.08203125,4730.08203125,-31.54,108.53138,-584.55646,-619.10345,10.027404,-44.93496,3.2331886,0.23005636,1.1647485,-20.36876,-1153.2814,35.32943,-1791.8187,-44.39585,18.699003,-89.48484,-4170.7295
Chevrolet,Sonic,11.0,99874.0,4,Hatchback,Economy,Normal,Automatic,0,0,0,0,0,0,10995.0,8841.25,2153.75,2153.75,19.59,108.53138,-336.08612,309.0699,-1.3153883,-40.06263,1.2503431,-0.113503516,17.625982,26.03204,-485.43552,-19.728539,316.69366,102.14421,96.240974,-124.948265,-30.101463
Mazda,CX-30,6.0,45410.0,4,SUV,Mainstream,Normal,Automatic,0,0,1,0,0,0,26868.0,27618.146,-750.146484375,750.146484375,-2.79,108.53138,-289.42645,-112.00566,4.966494,456.42465,-6.245822,-8.703777,5.976735,36.875984,-167.15884,-8.558893,66.47155,402.14716,7.396494,28.393297,525.0843
Kia,Sorento,13.0,128127.0,4,SUV,Economy,Normal,Automatic,0,0,0,0,0,0,10995.0,10519.007,475.9931640625,475.9931640625,4.33,108.53138,118.34236,-539.623,3.7591372,-33.072765,-1.4627516,-0.113503516,7.2251587,57.962482,278.185,7.179319,-10.165671,174.44772,163.05562,-56.99243,277.2581
BMW,X5 M,9.0,184245.0,6,SUV,Luxury,2std,Automatic,0,0,0,0,0,0,32995.0,38625.363,-5630.36328125,5630.36328125,-17.06,108.53138,589.91254,-2.7751813,133.73204,-19.538864,-52.914635,-0.07127315,49.055447,-139.40347,1253.6569,10.901718,634.0453,-374.84232,21.439281,1917.9701,4129.6987
Volkswagen,Taos,3.0,82973.0,4,SUV,Mainstream,Normal,Automatic,0,0,0,0,0,0,24995.0,27503.156,-2508.15625,2508.15625,-10.03,108.53138,110.4297,97.55678,5.61752,-19.456497,-11.755747,-2.7057278,4.2284813,40.39432,51.094627,12.158815,111.48757,-219.4646,-89.35673,-137.43555,61.32434
Hyundai,Kona,6.0,107204.0,4,SUV,Economy,Normal,Automatic,0,0,0,0,0,0,19995.0,19836.234,158.765625,158.765625,0.79,108.53138,-134.65224,-75.91686,-6.3128934,-30.28933,-3.4266112,-0.07644282,6.5566206,34.68727,10.442685,10.847427,-16.66344,79.03676,195.25233,-57.290188,120.72649
Honda,Civic Sedan,6.0,98347.0,4,Sedan,Mainstream,Normal,Automatic,0,0,0,0,0,0,21995.0,23621.488,-1626.48828125,1626.48828125,-7.39,108.53138,-93.999916,-221.4963,-2.0383291,-14.50711,-4.1415114,-0.07644282,6.0970135,31.880632,-134.12975,0.034705736,48.00707,21.627625,-27.745554,-12.62737,-294.58383
Jeep,Wrangler,8.0,119624.0,6,SUV,Mainstream,Normal,Automatic,0,0,0,0,0,0,22986.0,25401.3,-2415.30078125,2415.30078125,-10.51,108.53138,800.477,-404.90717,-19.203732,-19.18592,3.1347933,-0.111787155,12.805332,38.070187,-101.01058,11.614709,-38.855663,106.600845,-42.653614,-44.542397,410.7634
Acura,MDX,8.0,120780.0,6,SUV,Luxury,1std,Automatic,0,0,0,0,0,0,28838.0,28105.248,732.751953125,732.751953125,2.54,108.53138,838.94,-800.3433,7.654129,-18.243492,9.10194,-0.107849136,40.005066,54.768276,-258.47235,14.353242,-163.15425,3.3322716,19.844591,373.1165,229.32614
Kia,Soul,4.0,29327.0,4,Hatchback,Economy,Normal,Automatic,0,0,0,0,0,0,19995.0,24573.885,-4578.884765625,4578.884765625,-22.9,108.53138,583.19507,327.5095,-30.567892,-34.884212,-23.223028,-1.3531109,10.674055,68.22315,310.0256,-204.26859,956.2313,126.94897,-122.16007,-35.863052,2039.0193
Honda,CR-V,3.0,51384.0,4,SUV,Mainstream,Normal,Automatic,0,0,0,0,0,0,29995.0,34001.25,-4006.25,4006.25,-13.36,108.53138,252.82591,-265.71866,-2.2312698,-19.308445,-13.712329,-1.9797503,3.352644,45.791595,-36.847225,-10.8933325,183.4004,150.36728,6.9031253,-44.57599,355.90533
Mazda,Mazda3,6.0,85900.0,4,Sedan,Mainstream,Normal,Automatic,0,0,0,0,0,0,18990.0,23022.492,-4032.4921875,4032.4921875,-21.23,108.53138,-141.65742,-319.3072,1.3908769,-12.277494,-3.497296,-1.957366,6.8653,31.895693,-159.93127,-0.9161422,-56.43604,115.95022,-58.540176,-34.27029,-524.1572
Hyundai,Elantra GT,10.0,65731.0,4,Sedan,Economy,Normal,Automatic,0,0,0,0,0,0,15995.0,13787.81,2207.1904296875,2207.1904296875,13.8,108.53138,-714.5503,304.60175,18.059456,-23.820524,-2.4258533,-1.3684254,6.104045,37.796165,-207.52051,7.1518846,-92.60452,11.559429,170.19421,-61.154137,-439.44598
RAM,1500 Classic,8.0,77638.0,8,Pickup Truck,Mainstream,Normal,Automatic,0,0,0,0,0,0,31499.0,35113.05,-3614.05078125,3614.05078125,-11.47,108.53138,1665.6477,-1018.7396,52.86487,-58.864532,-0.40536335,-1.1956736,27.299585,37.006187,-908.1306,48.731888,-50.773884,367.83862,-75.90378,-303.34982,-109.44305
Hyundai,Tucson Hybrid,5.0,121535.0,4,SUV,Economy,Normal,Automatic,1,0,0,0,0,0,23995.0,24335.066,-340.06640625,340.06640625,-1.42,108.53138,143.3681,-361.65985,-7.05346,-31.315456,-4.8511505,-0.07644282,5.438768,-526.4533,233.86963,12.673227,2.9900908,125.090294,196.63933,-37.602367,-140.4112
Mazda,CX-3,6.0,70851.0,4,SUV,Mainstream,Normal,Automatic,0,0,0,0,0,0,19978.0,26525.242,-6547.2421875,6547.2421875,-32.77,108.53138,611.9542,-313.06107,3.3867397,-21.309387,-2.0808365,-1.9602792,5.9569597,36.17053,-203.42213,13.053348,50.437843,238.66353,-17.940134,-40.68935,467.69138
Kia,Niro EV,3.0,44000.0,4,SUV,Economy,Normal,Automatic,0,0,0,0,0,0,28298.0,31098.723,-2800.72265625,2800.72265625,-9.9,108.53138,-2109.2673,392.30252,-4.9035497,-21.049377,-10.835811,-1.9797503,5.7424154,56.27979,107.29487,0.5643691,94.496796,267.0182,140.68756,-51.058296,-1026.1761
Honda,Civic Sedan,5.0,100067.0,4,Sedan,Mainstream,Normal,Automatic,0,0,1,0,0,0,23368.0,24400.477,-1032.4765625,1032.4765625,-4.42,108.53138,-650.95795,-336.45883,-0.9880317,323.37756,-7.3670106,-6.81994,5.574876,30.484272,-190.08598,-7.780728,-99.7917,2.9608536,-34.99639,1.4061604,-862.9114
Kia,Sorento,10.0,123414.0,4,SUV,Economy,Normal,Automatic,0,0,0,0,0,0,12985.0,13885.251,-900.2509765625,900.2509765625,-6.93,108.53138,-569.32446,-27.659523,4.452293,-22.986769,-1.9557054,-0.09175725,7.2777576,57.929607,299.7087,7.968439,-31.028725,213.72144,182.97586,-64.29464,165.22395
Nissan,Rogue,6.0,65611.0,4,SUV,Mainstream,Normal,Automatic,0,0,0,0,0,0,19995.0,20919.701,-924.701171875,924.701171875,-4.62,108.53138,-25.631369,-221.35887,6.5041304,-24.829134,-1.8414651,-1.3531109,6.000386,38.682983,378.8429,13.401383,-158.88141,-11.992874,-10.254604,30.440283,126.260605
Kia,Forte,8.0,116515.0,4,Sedan,Economy,Normal,Automatic,0,0,0,0,0,0,12990.0,13982.079,-992.0791015625,992.0791015625,-7.64,108.53138,189.45015,-458.83783,-2.3384562,-17.039457,-1.335038,-0.07644282,8.729732,57.01704,236.4436,10.426285,-37.179905,110.59925,278.74252,-25.05093,458.08185
Jeep,Cherokee,9.0,112719.0,4,SUV,Mainstream,Normal,Automatic,0,0,0,0,0,0,19995.0,16005.108,3989.8916015625,3989.8916015625,19.95,108.53138,-848.3696,2048.795,-1.6562247,-14.336764,-3.2511716,-0.07644282,6.491948,35.035503,1198.1422,10.168119,-28.722546,117.55659,-20.505932,-60.920708,2546.8816
RAM,1500 Classic,5.0,40524.0,8,Pickup Truck,Mainstream,Normal,Automatic,0,0,0,0,0,0,38499.0,53622.254,-15123.25390625,15123.25390625,-39.28,108.53138,-46.83762,-238.62796,43.599712,-64.89567,-0.24623027,-1.1956736,26.804705,38.517307,1236.3973,24.367456,97.65457,-1416.0758,11.549527,-173.25473,-353.71167
Kia,Sorento Plug-In Hybrid,2.0,17561.0,4,SUV,Economy,1std,Automatic,0,0,0,0,0,0,50995.0,44159.977,6835.0234375,6835.0234375,13.4,108.53138,1199.9563,-1432.3506,5.40646,-0.6108862,-2.029529,-2.3733494,62.83546,111.71047,287.6071,-22.562796,-146.44008,195.04692,162.95448,309.26074,836.9421
Hyundai,Tucson,9.0,69201.0,4,SUV,Economy,Normal,Automatic,0,0,0,0,0,0,13995.0,18096.758,-4101.7578125,4101.7578125,-29.31,108.53138,33.247772,971.12994,12.770564,-30.842596,-2.0374722,-1.3531109,6.3065147,38.577778,-234.31967,9.22456,-51.60898,50.242775,172.9181,-85.66202,997.1256
Subaru,Outback,7.0,191300.0,4,SUV,Mainstream,1std,Automatic,0,0,0,0,0,0,12990.0,16932.498,-3942.498046875,3942.498046875,-30.35,108.53138,409.84787,40.157036,7.366443,-17.26001,9.604707,-0.031990796,17.300919,48.697197,-550.34674,23.23562,-164.73204,34.343685,-81.680824,159.38832,44.421593
Honda,Civic Sedan,6.0,88646.0,4,Sedan,Mainstream,Normal,Automatic,0,0,0,0,0,0,21995.0,23728.133,-1733.1328125,1733.1328125,-7.88,108.53138,-486.17056,-148.50273,-2.0404086,-13.15053,-4.276953,-1.3501977,6.0970135,29.900522,-92.87955,1.4963777,-52.426346,-39.035744,152.82979,-7.412117,-548.3901
Hyundai,Kona,4.0,32766.0,4,SUV,Economy,Normal,Automatic,0,0,0,0,0,0,22990.0,28497.51,-5507.509765625,5507.509765625,-23.96,108.53138,139.6075,355.33206,-3.6619027,-96.10284,-25.381762,-1.3531109,6.3348303,29.101694,-519.4658,-8.003157,-71.39488,22.507599,283.09293,2.4774227,221.62193
Kia,Sorento,6.0,95332.0,4,SUV,Economy,Normal,Automatic,0,0,0,0,0,0,22490.0,21235.553,1254.447265625,1254.447265625,5.58,108.53138,188.01378,-272.22968,-4.9269156,-21.596094,-1.4450612,-0.08931388,7.8522778,56.46015,366.3469,10.787558,-62.724396,119.12949,194.00461,-73.228874,614.8858
Mercedes-Benz,GLE,6.0,82923.0,6,SUV,Luxury,Normal,Automatic,0,0,0,0,0,0,72900.0,50589.395,22310.60546875,22310.60546875,30.6,108.53138,566.94543,-968.3506,4.832537,-20.404228,2.6128938,-1.385542,21.479662,344.2397,1061.5664,11.064351,-245.54362,933.3583,69.47335,-105.95885,1782.4612
Mitsubishi,Eclipse Cross,5.0,77370.0,4,Coupe,Economy,Normal,Automatic,0,0,0,0,0,0,19992.0,23450.695,-3458.6953125,3458.6953125,-17.3,108.53138,510.09534,-781.1481,-26.830605,-20.386951,-12.493223,-1.3531109,7.236889,127.37019,-530.5133,38.592842,-243.78146,229.44308,515.18506,-212.49832,-292.55032
Hyundai,Tucson Hybrid,2.0,19271.0,4,SUV,Economy,Normal,Automatic,1,0,0,0,0,0,43995.0,41580.395,2414.60546875,2414.60546875,5.49,108.53138,2266.0415,-1289.5332,-2.3607085,-41.161682,0.120274454,-2.3839693,16.738037,-533.9724,-723.2831,-27.60745,-162.68954,34.44576,50.02668,-82.181656,-389.27008
Volkswagen,Atlas Cross Sport,7.0,104372.0,4,SUV,Mainstream,1std,Automatic,0,0,0,0,0,0,23488.0,27777.834,-4289.833984375,4289.833984375,-18.26,108.53138,-365.40085,-134.92029,7.6273026,-18.160942,7.8465934,-0.15315987,32.91722,51.427605,113.65881,7.0451026,-126.733925,-289.39948,-54.462276,198.39517,-461.78174
Ford,F-150,4.0,55969.0,6,Pickup Truck,Mainstream,Normal,Automatic,0,0,0,0,0,0,49587.0,50692.297,-1105.296875,1105.296875,-2.23,108.53138,-282.9381,-45.977367,-17.535412,-26.020166,-2.8126445,-1.3669719,5.2124543,38.976368,1413.84,-14.343464,-361.48264,87.31845,-21.23674,-153.06389,727.1012
RAM,1500,5.0,92221.0,8,Pickup Truck,Mainstream,Normal,Automatic,0,0,0,0,0,0,50499.0,44410.793,6088.20703125,6088.20703125,12.06,108.53138,2052.2046,896.1647,-5.147824,-67.80022,-0.7743514,-1.1942823,26.909758,38.15351,1480.8363,35.705303,1153.1825,-242.55904,-32.056435,-234.94551,5207.21
Volkswagen,Taos,4.0,86008.0,4,SUV,Mainstream,Normal,Automatic,0,0,0,0,0,0,27988.0,25947.477,2040.5234375,2040.5234375,7.29,108.53138,-487.27826,-188.98889,5.7938633,-21.197935,-17.24917,-2.0980692,4.2290144,25.02988,169.42337,0.027169313,102.239426,-201.86377,-92.82,-113.21299,-709.435
Volkswagen,Tiguan,3.0,45956.0,4,SUV,Mainstream,Normal,Automatic,0,0,0,0,0,0,33988.0,30583.773,3404.2265625,3404.2265625,10.02,108.53138,-833.60767,-297.23022,6.958854,-22.103577,-1.746275,-2.7276218,4.1906614,44.405853,39.388226,1.52202,94.80897,-19.503632,15.751698,-85.26046,-946.62195
Ford,Transit Cargo Van,2.0,24854.0,6,Van,Mainstream,Normal,Automatic,0,0,0,0,0,0,54985.0,52232.727,2752.2734375,2752.2734375,5.01,108.53138,902.1062,-3150.3594,-1.4148138,-7.220187,6.83559,-2.4193137,53.379192,43.09036,69.78395,-37.601715,262.43143,291.41272,256.79108,-201.446,-1406.0997
Kia,Forte,5.0,111234.0,4,Sedan,Economy,Normal,Automatic,0,0,0,0,0,0,17495.0,17525.463,-30.462890625,30.462890625,-0.17,108.53138,-916.4128,-391.76828,-6.309486,-18.72453,-1.3606075,-0.07644282,8.169358,57.856804,296.57834,12.243957,-35.401245,73.65339,193.73853,-27.258495,-646.54
Mercedes-Benz,GLA,10.0,62160.0,4,SUV,Luxury,Normal,Automatic,1,0,0,0,0,0,17978.0,30085.875,-12107.875,12107.875,-67.35,108.53138,-980.1309,883.9209,33.762516,-24.418137,-12.504731,-1.3684254,-8.245961,-3067.6724,-2131.0557,-2.1640177,-262.38528,153.30452,-184.78336,-94.34029,-5589.55
Chevrolet,Malibu,4.0,91000.0,4,Sedan,Economy,Normal,Automatic,0,1,0,0,0,1,20995.0,17762.53,3232.470703125,3232.470703125,15.4,108.53138,638.54974,601.40234,172.70035,-22.80045,-23.94472,-1.3501977,-380.87338,20.418875,-368.8992,7.737553,-306.10046,-337.24652,379.2676,-5.740095,481.65283
Ford,Bronco Sport,3.0,47310.0,4,SUV,Mainstream,Normal,Automatic,0,0,1,0,0,0,27998.0,31591.127,-3593.126953125,3593.126953125,-12.83,108.53138,439.4092,-370.0392,7.3151755,473.89502,-13.0389595,-8.723248,4.3524456,52.649406,903.5097,-21.618767,-92.12116,326.20966,7.0477686,-156.33038,1661.048
Ford,F-150,5.0,94193.0,6,Pickup Truck,Mainstream,Normal,Automatic,0,0,0,0,0,0,44888.0,42891.797,1996.203125,1996.203125,4.45,108.53138,-1770.5972,22.400534,-55.34729,-29.15154,5.0951796,-0.10317494,13.257558,30.433735,295.57315,7.6148367,202.641,-87.240234,-49.31534,-136.57611,-1442.7833
Jeep,Cherokee,11.0,165249.0,4,SUV,Mainstream,Normal,Automatic,0,0,0,0,0,0,10574.0,10186.527,387.47265625,387.47265625,3.66,108.53138,-11.751329,70.96676,-6.8600326,-27.837723,10.106151,-0.046684906,5.6882586,33.78194,229.33125,10.236493,-118.732635,108.13326,-11.2323675,-58.684914,341.62982
Mazda,CX-5,4.0,19395.0,4,SUV,Mainstream,Normal,Automatic,0,0,0,0,0,0,27978.0,33430.75,-5452.75,5452.75,-19.49,108.53138,309.78812,1326.8245,4.625607,-34.830425,-25.594515,-1.9602792,18.17316,21.478462,-185.87627,-25.534166,-221.5356,209.7763,-5.429423,-4.9051056,1493.5317
Toyota,Camry,6.0,50692.0,4,Sedan,Mainstream,Normal,Automatic,0,0,0,0,0,0,28289.0,25940.822,2348.177734375,2348.177734375,8.3,108.53138,-288.94836,-381.34192,6.022179,-15.22117,-18.235014,-1.3531109,7.807626,-8.966437,-249.0822,18.605768,-203.32661,119.62401,6.8409204,-17.631805,-916.6748
Buick,Encore GX,5.0,70761.0,4,SUV,Near-luxury,Normal,Automatic,0,0,0,0,0,0,21297.0,24959.93,-3662.9296875,3662.9296875,-17.2,108.53138,116.83374,-448.2158,7.835067,-33.62195,-26.082533,-1.3531109,5.794095,37.384617,-486.2108,13.608006,22.130154,28.102089,85.34979,-82.45388,-652.3691
Volkswagen,Taos,1.0,7952.0,4,SUV,Mainstream,Normal,Automatic,0,0,0,0,0,0,34984.0,40508.887,-5524.88671875,5524.88671875,-15.79,108.53138,1802.4209,68.2342,24.122072,6.210347,68.3094,-3.127455,56.61817,70.382576,1033.8472,124.65857,77.731346,-121.43207,248.00578,-226.33624,3338.1768
Buick,Cascada,10.0,75064.0,Unknown,Unknown,Near-luxury,Normal,Automatic,0,0,0,0,0,0,15995.0,26588.963,-10593.962890625,10593.962890625,-66.23,108.53138,-2882.9023,2783.8518,8.359581,-34.323093,-27.066334,-1.3684254,11.602506,-1015.25684,-669.50903,22.167114,-8018.3125,-1.4409447,-364.68387,-110.85839,-10191.21
Kia,Sedona,8.0,141600.0,6,Minivan,Economy,Normal,Automatic,0,0,0,0,0,0,13895.0,17733.096,-3838.095703125,3838.095703125,-27.62,108.53138,15.710147,-228.39505,-24.019161,-23.725706,-5.1344137,-0.34709567,10.903613,56.698334,-490.1468,11.052163,130.07707,-782.7875,191.75362,-63.935383,-1093.7646
Kia,Seltos,2.0,53632.0,4,SUV,Economy,Normal,Automatic,0,0,0,0,0,0,26499.0,31803.527,-5304.52734375,5304.52734375,-20.02,108.53138,1516.3055,-2481.9375,8.134106,0.6104022,1.5006245,-2.3839693,5.7026277,108.93877,359.6811,0.86382127,31.504963,119.977295,137.72821,-58.087173,-142.92978
Mitsubishi,RVR,3.0,28574.0,4,SUV,Economy,Normal,Automatic,0,0,0,0,0,0,23992.0,31224.94,-7232.939453125,7232.939453125,-30.15,108.53138,1465.8523,160.93274,-5.271284,-30.60874,-11.947376,-1.9797503,6.6280184,49.31407,-92.29808,-16.4339,-244.91457,-20.504921,106.8373,-89.63906,1384.4982
Hyundai,Venue,4.0,121392.0,4,SUV,Economy,Normal,Automatic,0,0,0,0,0,0,12992.0,22021.217,-9029.216796875,9029.216796875,-69.5,108.53138,721.5965,658.733,-7.676493,-35.47978,-26.681318,-0.07644282,4.512726,27.112095,23.390688,13.250222,7.5549126,174.80704,225.09529,-31.291458,1863.3784
Hyundai,Tucson,3.0,27341.0,4,SUV,Economy,Normal,Automatic,0,0,0,0,0,0,31495.0,30523.332,971.66796875,971.66796875,3.09,108.53138,-536.8827,43.44806,-4.275563,-98.91894,-11.631411,-1.9797503,6.0103455,28.499794,-639.93713,-23.00717,-53.598114,-49.71489,154.62042,-90.1187,-1168.9542
Toyota,Prius,3.0,42388.0,4,Hatchback,Mainstream,Normal,Automatic,1,0,0,0,0,0,34993.0,38455.254,-3462.25390625,3462.25390625,-9.89,108.53138,-1293.5492,345.42996,6.207256,-24.010431,-37.19255,-1.9797503,4.693353,-113.11043,961.97217,2.288815,319.59653,337.31854,186.363,-23.797592,778.761
Mazda,Mazda3,11.0,145809.0,4,Sedan,Mainstream,Normal,Automatic,0,0,0,0,0,1,12995.0,11994.69,1000.3095703125,1000.3095703125,7.7,108.53138,477.5081,-409.11557,0.15182334,-31.24071,7.786282,-0.6538531,-200.2686,37.21715,-257.073,10.257265,-42.27468,208.60928,22.403883,16.47824,-51.68302
Ford,Mustang Convertible,2.0,16714.0,8,Coupe,Mainstream,Normal,Automatic,0,0,0,0,0,0,65000.0,47978.074,17021.92578125,17021.92578125,26.19,108.53138,1787.6769,-283.2187,-61.016483,-28.219349,3.920187,-1.8689655,38.6232,42.199356,-1007.4696,51.673264,1773.8306,-1105.2375,-57.77479,-315.1622,946.4872
Honda,CR-V Hybrid,2.0,14214.0,4,SUV,Mainstream,Normal,Automatic,1,0,0,0,0,0,45995.0,44582.63,1412.37109375,1412.37109375,3.07,108.53138,846.4441,-2415.9705,-2.1222217,2.0161917,2.717822,-2.3839693,15.943201,-532.28955,-968.6014,-108.04534,119.34002,346.13895,273.67242,-68.40637,-2383.015
Kia,Sportage,7.0,103071.0,4,SUV,Economy,Normal,Automatic,0,0,0,0,0,0,19495.0,18932.275,562.724609375,562.724609375,2.89,108.53138,-20.143764,65.62425,-4.826847,-21.72964,-1.43579,-0.07644282,8.073225,56.326984,268.465,2.4683146,-42.994827,100.905396,188.48764,-58.860634,648.8143
Hyundai,Elantra,2.0,44220.0,4,Sedan,Economy,Normal,Automatic,0,0,0,0,0,0,23495.0,26149.209,-2654.208984375,2654.208984375,-11.3,108.53138,-1530.6144,-491.70984,-6.9625754,-4.404703,-0.56144696,-2.3839693,4.895148,23.361057,-429.6471,1.5718533,-15.4062805,152.89569,111.93008,-25.069826,-2103.5745
Honda,Civic Sedan,12.0,127126.0,4,Sedan,Mainstream,Normal,Automatic,0,0,0,0,0,0,12950.0,13275.016,-325.015625,325.015625,-2.51,108.53138,484.70963,-384.20456,6.5257597,-26.238998,-4.212654,-0.113503516,5.4661846,31.830633,-235.72531,-3.3479316,17.046137,-4.253557,49.690212,-5.1161947,40.587227
Toyota,Camry,6.0,38200.0,4,Sedan,Mainstream,Normal,Automatic,0,0,0,0,0,0,25495.0,25797.773,-302.7734375,302.7734375,-1.19,108.53138,968.7925,-126.70543,7.347633,-15.888014,-11.522335,-1.3531109,8.063998,-17.145903,-109.041084,15.554242,-220.09636,-152.18826,35.586983,5.898122,495.83444
Volkswagen,Atlas,4.0,68806.0,4,SUV,Mainstream,1std,Automatic,0,0,0,0,0,0,39995.0,37224.305,2770.6953125,2770.6953125,6.93,108.53138,-704.6785,-120.12545,7.1606054,-17.674505,-13.635589,-1.5600022,30.477695,46.73659,50.154747,16.48646,-4.79136,-304.0268,-76.753365,613.34375,-370.35437
Mitsubishi,Eclipse,16.0,216236.0,4,Coupe,Economy,Normal,Automatic,0,0,0,0,0,0,7900.0,7765.538,134.4619140625,134.4619140625,1.7,108.53138,-1026.3389,-412.67032,-17.088478,-34.632114,-0.96917486,-0.046684906,-48.713142,119.97025,-1006.72614,55.57633,-829.08923,760.9681,152.9461,-140.95752,-2319.2395
Mitsubishi,Mirage,3.0,20079.0,3,Hatchback,Economy,Normal,Automatic,0,0,0,0,0,0,18992.0,14316.861,4675.138671875,4675.138671875,24.62,108.53138,-6.73098,1721.9575,-45.019527,-26.035297,-11.408806,-1.9797503,21.113628,48.46694,-22.492573,-176.66182,811.7666,-1104.1327,-326.6034,-78.17994,912.59143
Hyundai,Tucson,6.0,63872.0,4,SUV,Economy,Normal,Automatic,0,0,0,0,0,0,19995.0,22571.121,-2576.12109375,2576.12109375,-12.88,108.53138,-573.79565,62.196087,-5.9092636,-28.418228,-2.0662794,-1.3531109,6.273896,40.7641,-12.330677,10.630553,109.5963,24.563803,92.77412,-63.58867,-232.13159
Buick,Encore,8.0,42288.0,4,SUV,Near-luxury,Normal,Automatic,0,0,0,0,0,0,16695.0,22660.941,-5965.94140625,5965.94140625,-35.73,108.53138,-3260.117,-2503.7944,34.385868,-32.815224,-87.52306,-1.3531109,6.421624,17.767551,-15.322114,-0.9564958,-29.312769,793.52747,71.93455,-9.788971,-4908.4155
Mazda,CX-90 MHEV,2.0,80616.0,6,SUV,Mainstream,1std,Automatic,0,0,0,0,0,0,38980.0,38569.625,410.375,410.375,1.05,108.53138,-144.10841,-1947.9714,-34.009857,10.487189,-10.6661215,-8.409014,29.112984,51.844334,-1825.7433,14.938036,-1.1403071,-1005.04834,-132.93341,750.3794,-4144.737
Mazda,CX-50,3.0,33000.0,4,SUV,Mainstream,Normal,Automatic,0,0,0,0,0,0,36480.0,34538.26,1941.73828125,1941.73828125,5.32,108.53138,334.26907,-43.059677,3.8811243,-26.04873,-12.286876,-2.5869186,6.143771,39.09128,-173.47696,-8.493271,1.1738555,212.86243,-90.62294,4.96043,354.33798
Honda,Civic Sedan,14.0,19686.0,4,Sedan,Mainstream,Normal,Automatic,0,0,0,0,0,0,13995.0,5585.905,8409.09521484375,8409.09521484375,60.09,108.53138,-2923.6448,-1186.0791,29.509491,-110.24584,-5.147032,-1.3901715,13.282551,25.39295,-1257.8555,-197.34436,212.21494,60.025875,74.341965,3.443512,-5154.964
Kia,Soul,10.0,109500.0,4,Hatchback,Economy,Normal,Automatic,0,0,0,0,0,0,9995.0,10669.766,-674.765625,674.765625,-6.75,108.53138,-510.00925,656.45966,4.282365,-25.816133,-1.818595,-0.09175725,8.320409,58.76387,306.84003,-13.632399,308.02747,184.11029,116.0266,-52.765755,1147.2281
Toyota,Corolla Sedan,10.0,51787.0,4,Sedan,Mainstream,Normal,Automatic,0,0,0,0,0,0,19495.0,18757.213,737.787109375,737.787109375,3.78,108.53138,2820.9492,2899.4612,34.326557,-18.025337,-18.646357,-1.3684254,7.0286555,-10.609218,-554.81836,-27.19938,-165.85278,378.5479,38.245266,-37.734,5452.8354
Mercedes-Benz,E-Class,7.0,29600.0,6,Sedan,Luxury,Normal,Automatic,1,0,0,0,0,0,69995.0,57159.07,12835.9296875,12835.9296875,18.34,108.53138,471.0996,-279.4828,5.4248495,-34.158176,-6.6806927,-1.3884553,5.16274,-2896.9895,1070.3458,-93.41355,1000.761,950.26245,-90.222,47.246807,256.49942
Mitsubishi,Outlander,12.0,169288.0,4,SUV,Economy,Normal,Automatic,0,1,0,0,0,0,11980.0,9008.463,2971.537109375,2971.537109375,24.8,108.53138,-46.163857,-119.82463,496.6544,-34.43602,5.563817,-0.046684906,5.893392,79.102776,-165.54022,10.824085,-73.75112,42.15153,281.1727,-23.63142,566.5001
Kia,K4,2.0,10793.0,4,Sedan,Economy,Normal,Automatic,0,0,0,0,0,0,23990.0,27032.16,-3042.16015625,3042.16015625,-12.68,108.53138,1153.9835,63.245438,0.6973955,-4.696631,35.58214,-2.3839693,20.656013,111.4882,1840.9873,-19.433483,-310.59375,22.104359,761.11145,-60.996468,3720.283
Mercedes-Benz,GLS,7.0,66453.0,6,SUV,Luxury,1std,Automatic,0,0,0,0,0,0,61867.0,57859.03,4007.96875,4007.96875,6.48,108.53138,-644.3213,85.32874,6.0041533,-16.748034,6.4445424,-1.3778353,48.76147,362.06198,1337.6716,6.2984467,-314.4931,720.39453,11.867854,606.6472,2323.0715
BMW,X7,5.0,69113.0,6,SUV,Luxury,1std,Automatic,0,0,0,0,0,0,64900.0,65700.73,-800.7265625,800.7265625,-1.23,108.53138,80.7691,-213.97766,1.5126809,-17.998978,-37.747623,-1.3778353,57.792675,76.65763,-131.01405,16.04142,-412.71393,461.31955,6.4201655,643.66675,637.8812
Honda,Pilot,3.0,30785.0,6,SUV,Mainstream,2std,Automatic,0,0,0,0,0,0,49495.0,50936.586,-1441.5859375,1441.5859375,-2.91,108.53138,-1372.6727,975.843,58.783348,-16.210367,1.5455588,-2.0150945,30.154709,-141.99434,-2410.4893,-63.64057,561.1949,17.894566,-20.818333,-161.89404,-2435.7874
Subaru,Outback,5.0,76012.0,4,SUV,Mainstream,1std,Automatic,0,0,0,0,0,0,26993.0,30475.537,-3482.537109375,3482.537109375,-12.9,108.53138,1658.5525,-303.7992,7.869742,-14.457612,-2.6435058,-1.3424909,32.043133,56.351673,-433.99173,56.974106,-28.514944,-128.6797,-100.65411,1130.33,2036.5692
Volkswagen,Atlas Cross Sport,6.0,62781.0,4,SUV,Mainstream,1std,Automatic,0,0,0,0,0,0,29995.0,32299.553,-2304.552734375,2304.552734375,-7.68,108.53138,1475.5225,-22.507683,8.110379,-16.282612,9.197655,-1.5600022,35.038906,59.447018,-123.262886,11.932115,-63.31932,-278.70386,-89.99772,478.34012,1590.4858
Honda,Civic Sedan,5.0,37799.0,4,Sedan,Mainstream,Normal,Automatic,0,0,0,0,0,0,23495.0,26801.725,-3306.724609375,3306.724609375,-14.07,108.53138,868.83777,60.463985,-1.5149771,-12.949884,-21.111084,-1.3531109,7.1802835,36.64147,-659.1276,-39.038574,24.437115,-197.78555,34.923214,34.154465,242.28894
Honda,CR-V,7.0,166489.0,4,SUV,Mainstream,Normal,Automatic,0,0,0,0,0,0,21295.0,20862.281,432.71875,432.71875,2.03,108.53138,272.41794,-163.22356,-1.5626591,-20.848333,7.424362,-0.035928816,4.683867,31.402603,-132.00197,-7.4482784,-27.574242,158.66446,-38.676105,-25.936522,165.81702
Toyota,C-HR,6.0,25165.0,4,SUV,Mainstream,Normal,Automatic,0,0,0,0,0,0,26995.0,32575.602,-5580.6015625,5580.6015625,-20.67,108.53138,-263.51608,-504.7448,7.916678,-35.06464,-21.992634,-1.3531109,15.564933,-37.117195,308.5112,-16.219713,233.80089,-79.92522,46.153687,-31.968544,-271.42307
Honda,CR-V Hybrid,2.0,16660.0,4,SUV,Mainstream,Normal,Automatic,1,0,0,0,0,0,45299.0,44031.258,1267.7421875,1267.7421875,2.8,108.53138,1061.6992,-1862.4327,2.993206,-1.3172182,-0.8015999,-2.3839693,15.809302,-459.46732,-897.3846,-112.67253,-3.1720157,304.28723,52.739902,-73.37857,-1866.9504
Honda,HR-V,3.0,65743.0,4,SUV,Mainstream,Normal,Automatic,0,0,0,0,0,0,27495.0,33270.555,-5775.5546875,5775.5546875,-21.01,108.53138,-309.15906,38.58082,-1.2066565,-19.3945,-13.160528,-1.9797503,3.2891939,38.995216,-146.91922,0.06854522,207.71318,47.478195,-33.267933,-58.384254,-138.8154
Ford,Explorer,6.0,78000.0,6,SUV,Mainstream,Normal,Automatic,0,0,0,0,0,0,35989.0,33556.656,2432.34375,2432.34375,6.76,108.53138,2305.0918,-94.30664,2.694292,-18.856123,4.1978087,-1.3884553,12.805219,39.119392,1186.4183,13.717572,13.451986,-26.36958,-104.455315,-483.60947,2957.042
Honda,CR-V,5.0,25832.0,4,SUV,Mainstream,Normal,Automatic,0,0,0,0,0,0,27295.0,30294.572,-2999.572265625,2999.572265625,-10.99,108.53138,-556.3893,-14.014939,-5.0362554,-31.132463,-5.009322,-1.3531109,17.09619,30.413387,-720.1863,-73.722374,-100.40444,-7.2122726,44.06839,-24.077473,-1338.429
Honda,Civic Sedan,12.0,123000.0,4,Sedan,Mainstream,Normal,Automatic,0,0,0,0,0,0,11495.0,13193.023,-1698.0234375,1698.0234375,-14.77,108.53138,-253.1687,-314.11368,6.580225,-26.206194,-4.58573,-0.113503516,5.7837076,31.830633,-203.5789,-2.2927773,27.824339,-6.7325172,49.378048,-6.173256,-587.03705
Toyota,RAV 4 Prime,3.0,38418.0,4,SUV,Mainstream,Normal,Automatic,0,0,0,0,0,0,48995.0,38167.46,10827.5390625,10827.5390625,22.1,108.53138,90.93979,-351.81516,13.157688,-22.903921,-27.694574,-1.9797503,5.253248,-15.188851,376.72156,6.9306593,198.96712,-61.293472,31.628235,-47.1389,304.11502
Ford,F-150,3.0,35761.0,6,Pickup Truck,Mainstream,Normal,Automatic,0,0,0,0,0,0,52995.0,59443.67,-6448.671875,6448.671875,-12.17,108.53138,1105.5339,-93.738045,-19.189587,-25.344809,-19.925976,-1.9936112,7.3281207,43.777657,1601.1138,-18.74858,-234.52655,158.14441,-13.35187,-144.33273,2453.2776
Nissan,Qashqai,9.0,89498.0,4,SUV,Mainstream,Normal,Automatic,0,0,0,0,0,0,12495.0,14141.726,-1646.7255859375,1646.7255859375,-13.18,108.53138,-596.56964,429.124,20.433681,-30.88648,-3.4103832,-1.3501977,6.260684,32.545086,172.30237,13.59309,-189.32666,-11.704857,54.611298,-10.134047,-5.98069
Mercedes-Benz,EQS,4.0,27865.0,8,SUV,Luxury,Normal,Automatic,0,0,0,0,0,0,75800.0,85791.77,-9991.7734375,9991.7734375,-13.18,108.53138,361.7517,-1565.5902,-36.58473,-54.075874,-23.680143,-1.2171569,28.824,100.7003,476.62286,1.2599016,-300.08423,-2867.7078,-108.95706,-289.98807,-4170.1953
Mercedes-Benz,GLC,3.0,21355.0,4,SUV,Luxury,Normal,Automatic,0,0,0,0,0,0,54931.0,55354.26,-423.26171875,423.26171875,-0.77,108.53138,-1405.3538,409.0969,10.730898,-31.623178,-11.122945,-1.9797503,31.344795,147.11447,-119.47591,-32.938255,-116.78196,-971.88007,-134.90193,-159.52693,-2278.7659
Subaru,Impreza,13.0,188222.0,4,Sedan,Mainstream,Normal,Manual,0,0,0,0,0,0,6974.0,9641.818,-2667.818359375,2667.818359375,-38.25,108.53138,522.0653,15.118959,19.280268,-29.21983,8.66225,-0.04227057,5.965418,30.921272,-119.07648,-437.46027,-145.42911,93.96681,13.157325,30.613235,117.054184
Honda,HR-V,8.0,130087.0,4,SUV,Mainstream,Normal,Automatic,0,0,0,0,0,0,18489.0,20580.115,-2091.115234375,2091.115234375,-11.31,108.53138,1338.6729,-845.5429,2.3927734,-19.854511,-5.0809298,-0.07644282,4.6259193,32.732277,-171.88069,-1.5059265,7.9698405,159.38565,-20.367321,-23.970238,566.0317
Jeep,Wrangler,8.0,35391.0,6,SUV,Mainstream,Normal,Automatic,0,0,0,0,0,0,26995.0,40653.72,-13658.71875,13658.71875,-50.6,108.53138,-1377.8674,-2556.7156,-10.000458,-21.602154,-11.505591,-1.3884553,11.00111,42.225895,-786.6667,-5.357977,-101.313095,-49.97973,9.49613,45.169426,-4705.9727
Hyundai,Santa Fe,17.0,221723.0,4,SUV,Economy,Normal,Automatic,0,0,0,0,0,0,7498.0,3894.0989,3603.901123046875,3603.901123046875,48.06,108.53138,1679.285,-1227.8004,5.8026934,-42.521416,9.410096,-0.046684906,-33.527756,43.48768,-77.39256,67.95074,43.73584,221.1151,108.89057,-63.186546,843.73376
Kia,Sorento,2.0,24562.0,4,SUV,Economy,Normal,Automatic,0,0,0,0,0,0,34490.0,34038.43,451.5703125,451.5703125,1.31,108.53138,-979.13043,-682.69006,-5.57445,-6.6182523,1.8779109,-2.3839693,11.896416,106.68271,313.03687,-26.053444,-91.62964,-71.20265,134.43289,-186.12883,-1374.9536
Hyundai,Kona,2.0,24200.0,4,SUV,Economy,Normal,Automatic,0,0,0,0,0,0,24990.0,34336.656,-9346.65625,9346.65625,-37.4,108.53138,-1473.1155,-982.24274,-5.6682353,-61.003716,0.0073493384,-2.3839693,10.467331,39.10758,-1011.5461,-25.791878,-104.472496,-118.34352,129.93953,-186.34995,-3682.8647
Toyota,RAV 4,3.0,45265.0,4,SUV,Mainstream,Normal,Automatic,0,0,0,0,0,0,33939.0,38246.25,-4307.25,4307.25,-12.69,108.53138,-454.2603,-16.66938,13.131835,-22.701973,-35.108395,-1.9797503,4.996874,-15.26056,438.81793,9.786211,266.0733,164.02794,15.546215,-49.688538,425.2428
Hyundai,Kona,1.0,4709.0,4,SUV,Economy,Normal,Automatic,0,0,0,0,0,0,29999.0,37570.777,-7571.77734375,7571.77734375,-25.24,108.53138,-1467.8492,951.0585,12.947214,-30.338745,51.569016,-2.3795836,56.354664,62.855186,-642.7146,116.44178,271.8863,-116.01401,808.8613,-202.43045,-21.221214
Nissan,Sentra,9.0,82673.0,4,Sedan,Mainstream,Normal,Automatic,0,0,0,0,0,0,13939.0,12293.49,1645.509765625,1645.509765625,11.81,108.53138,649.1745,820.6221,19.352304,-18.307848,-3.3456273,-1.3501977,6.845684,37.3006,-33.58897,12.49977,-324.4506,-158.85818,-35.675,-23.417269,1055.3326
Jeep,Wrangler,4.0,112810.0,6,SUV,Mainstream,Normal,Automatic,0,0,0,0,0,0,33490.0,35944.867,-2454.8671875,2454.8671875,-7.33,108.53138,-763.34015,-612.98895,-39.331944,-25.472752,-5.266675,-0.111787155,4.307386,30.513859,-725.85925,12.802838,62.220917,192.80743,-101.6673,-35.505966,-1898.3611
Toyota,Corolla Hatchback 5-Door,6.0,10032.0,4,Sedan,Mainstream,Normal,Automatic,0,0,0,0,0,0,24998.0,32277.191,-7279.19140625,7279.19140625,-29.12,108.53138,-1273.9364,-2091.6313,13.074974,-51.9708,-19.252214,-1.3531109,16.516705,-172.97893,-592.94855,-52.387913,-688.36487,208.5816,-166.81227,-38.112946,-4803.045
Toyota,RAV 4 Hybrid,4.0,75439.0,4,SUV,Mainstream,Normal,Automatic,0,0,0,0,0,0,33939.0,34718.305,-779.3046875,779.3046875,-2.3,108.53138,429.67905,-141.72826,7.0438566,-21.898619,-41.951687,-1.3531109,4.8605423,-19.418478,-146.57224,35.584763,208.40755,-48.775513,-111.22035,-148.37045,112.81844
Kia,Sportage,9.0,145000.0,4,SUV,Economy,Normal,Automatic,0,0,0,0,0,0,11980.0,14388.321,-2408.3212890625,2408.3212890625,-20.1,108.53138,-466.8287,228.93922,3.6971936,-22.914497,5.858585,-0.035928816,6.996174,57.603294,198.75807,9.167309,-73.935776,212.5586,192.78236,-70.775665,390.4016
Nissan,Versa,4.0,45974.0,4,Sedan,Mainstream,Normal,Automatic,0,0,0,0,0,0,16995.0,21358.557,-4363.556640625,4363.556640625,-25.68,108.53138,-256.61545,-310.00577,5.074648,-18.865501,-25.623493,-1.3531109,4.6820583,33.17182,448.92126,5.106581,-495.43976,56.88713,15.191565,111.62975,-318.7068
Honda,Civic Hatchback,9.0,166004.0,4,Sedan,Mainstream,Normal,Automatic,0,0,0,0,0,0,15495.0,15649.318,-154.318359375,154.318359375,-1.0,108.53138,46.850113,213.94324,6.4714394,-16.424032,9.41271,-0.035928816,5.3403726,30.492367,-238.90344,7.798149,-53.745583,79.27796,-34.230247,-11.985747,152.79272
RAM,ProMaster Cargo Van,5.0,51761.0,6,Van,Mainstream,Normal,Automatic,0,0,0,0,0,0,36777.0,42262.832,-5485.83203125,5485.83203125,-14.92,108.53138,656.5992,1818.9795,68.70683,-29.497654,3.8213718,-1.3884553,46.548832,48.79404,27.35082,1.9239088,3563.0642,19.553642,506.04144,-21.280903,6817.748
Mitsubishi,RVR,3.0,58658.0,4,SUV,Economy,Normal,Automatic,0,0,0,0,0,0,22995.0,29759.357,-6764.357421875,6764.357421875,-29.42,108.53138,-737.99634,-73.242165,-8.339337,-22.097624,-12.875606,-1.9797503,4.4486732,93.18944,-313.0951,-1.6365683,88.51864,74.79618,150.56789,-61.17639,-712.3867
Hyundai,Kona,5.0,86506.0,4,SUV,Economy,Normal,Automatic,0,0,0,0,0,0,18995.0,23458.53,-4463.529296875,4463.529296875,-23.5,108.53138,-709.5239,-218.04236,-6.6663394,-32.211872,-3.5925157,-1.3501977,5.9447374,34.024075,62.575516,-1.4081509,37.366844,33.30948,255.82729,-58.999702,-494.21576
Toyota,RAV 4,9.0,148899.0,4,SUV,Mainstream,Normal,Automatic,0,0,0,0,0,0,18939.0,22456.408,-3517.408203125,3517.408203125,-18.57,108.53138,-1112.274,108.86617,15.631223,-25.698824,-7.4236984,-0.035928816,6.223012,-17.639595,-290.26334,17.54334,40.296265,42.072655,-10.430415,-74.994934,-1199.5968
Ford,F-150,5.0,89486.0,6,Pickup Truck,Mainstream,Normal,Automatic,0,0,0,0,0,0,37990.0,43397.48,-5407.48046875,5407.48046875,-14.23,108.53138,-1355.8551,265.9734,-11.207799,-29.516035,5.118129,-1.3640586,13.257558,28.430475,452.74594,9.067339,211.34753,-9.84943,124.0596,-138.55748,-327.81842
Toyota,C-HR,5.0,65350.0,4,SUV,Mainstream,Normal,Automatic,0,0,0,0,0,0,26939.0,33755.492,-6816.4921875,6816.4921875,-25.3,108.53138,-946.23145,-232.40593,7.9152956,-23.708857,-14.461807,-1.3531109,6.4259768,-11.709237,-64.46432,19.87853,190.66151,-0.88142395,97.1362,-56.630825,-921.2981
Hyundai,Tucson Hybrid,3.0,70430.0,4,SUV,Economy,Normal,Automatic,1,0,0,0,0,0,31995.0,32919.375,-924.375,924.375,-2.89,108.53138,289.57916,-337.89178,-7.4879775,-33.23907,-14.271621,-1.9797503,3.6104941,-576.4214,24.14132,12.808107,92.80957,35.935165,202.70807,-79.07332,-280.24164
Honda,Civic Sedan,5.0,65230.0,4,Sedan,Mainstream,Normal,Automatic,0,0,0,0,0,0,21495.0,26644.262,-5149.26171875,5149.26171875,-23.96,108.53138,-683.78375,-117.220535,-1.6482786,-12.091195,-3.0007296,-1.3531109,5.4438667,39.5878,-114.054214,0.74834484,-24.01244,-24.119713,100.813995,-4.5541687,-730.71277
Toyota,4-Runner,4.0,59600.0,6,SUV,Mainstream,Normal,Automatic,0,0,0,0,0,0,54939.0,51716.957,3222.04296875,3222.04296875,5.86,108.53138,1764.9199,-473.78442,2.833898,-10.763355,-12.874731,-1.3884553,4.9570203,-7.414552,640.76447,2.631511,717.9922,2334.1694,-21.674822,-33.90873,5014.9907
Toyota,Highlander,19.0,204771.0,4,SUV,Mainstream,Normal,Automatic,0,0,0,0,0,0,8980.0,9739.464,-759.4638671875,759.4638671875,-8.46,108.53138,1591.1117,-4244.1343,14.22824,-43.713497,-3.7018335,-0.046684906,379.6762,-21.38223,11.965071,65.00621,199.31798,35.964893,36.823395,-71.077286,-1941.4308
Honda,Civic Sedan,11.0,89170.0,4,Sedan,Mainstream,Normal,Automatic,0,0,0,0,0,0,16971.0,15028.611,1942.388671875,1942.388671875,11.45,108.53138,-373.27823,-502.37292,11.974623,-27.015188,-3.7805586,-1.3872583,6.3472176,29.823008,-158.43439,-0.76862967,-116.400475,-103.61389,223.29575,-21.067707,-928.14734
Ford,Fusion,10.0,164900.0,4,Sedan,Mainstream,Normal,Automatic,0,0,0,0,0,0,8490.0,10342.181,-1852.1806640625,1852.1806640625,-21.82,108.53138,-769.03925,408.78284,13.701873,-19.614594,13.20302,-0.04037352,6.3328943,24.700249,193.34917,16.80638,-18.097137,160.5386,-26.733843,-100.82701,11.594215
Toyota,RAV 4 Prime,6.0,109044.0,4,SUV,Mainstream,Normal,Automatic,0,0,0,0,0,0,35993.0,30287.727,5705.2734375,5705.2734375,15.85,108.53138,-513.0274,-299.45813,7.2933245,-24.142984,-16.772348,-0.07644282,7.2125454,-17.202896,-116.331245,19.164883,79.7061,12.851433,-30.802795,-52.850014,-835.9046
Honda,CR-V,6.0,32182.0,4,SUV,Mainstream,Normal,Automatic,0,0,0,0,0,0,27991.0,28385.729,-394.728515625,394.728515625,-1.41,108.53138,-233.82889,-376.49487,-1.7823906,-28.178675,-4.033744,-1.3531109,3.7640939,35.102356,-759.1403,-56.464714,84.4283,61.837677,-89.18297,43.067932,-1213.7279
Toyota,RAV 4,5.0,39915.0,4,SUV,Mainstream,Normal,Automatic,0,0,0,0,0,0,37998.0,34470.383,3527.6171875,3527.6171875,9.28,108.53138,2877.4014,-866.2393,8.665178,-24.276556,-10.815808,-1.3531109,6.745803,-15.640117,-96.889755,9.829059,76.760956,-489.58496,38.594772,-23.274437,1598.4545
Nissan,Rogue,3.0,87515.0,4,SUV,Mainstream,Normal,Automatic,0,0,1,0,1,0,22998.0,25801.906,-2803.90625,2803.90625,-12.19,108.53138,-360.0845,301.46155,5.3303733,879.6022,-17.339283,553.61505,4.1603804,35.835865,321.42142,5.88804,-43.009666,-15.864532,2.689989,16.44023,1798.6783
BMW,3 Series,5.0,90.0,4,Sedan,Luxury,Normal,Automatic,0,0,0,0,0,0,30999.0,45854.52,-14855.51953125,14855.51953125,-47.92,108.53138,2377.9668,1363.2681,-12.205378,-24.97934,-117.42453,-1.3487251,48.19467,201.87819,-1828.87,117.48172,1010.4875,-545.5002,79.63713,-359.24323,2417.8745
Toyota,Camry,8.0,30607.0,4,Sedan,Mainstream,Normal,Automatic,0,1,0,0,0,0,26498.0,24435.205,2062.794921875,2062.794921875,7.78,108.53138,-861.63043,-2248.5952,-335.1284,-14.891983,-22.59323,-1.3531109,6.3239913,-33.02692,-894.7754,10.560773,-523.8309,-52.102844,40.53618,87.63591,-4734.3413
Hyundai,Kona,6.0,0.0,4,SUV,Economy,Normal,Automatic,0,0,0,0,0,0,16998.0,24721.225,-7723.224609375,7723.224609375,-45.44,108.53138,-10596.046,-998.04236,-3.7956545,-36.96479,4.9260864,-0.039342582,-63.14407,22.581244,-831.5744,12.130958,-100.34605,406.9413,-2878.548,5.3123856,-14948.077
Volkswagen,Touareg,16.0,265000.0,6,SUV,Mainstream,Normal,Automatic,0,0,0,0,0,0,14500.0,3630.3738,10869.626220703125,10869.626220703125,74.96,108.53138,-1014.3019,872.78235,11.668165,-36.16854,25.68242,-0.24976529,-9.205793,30.945412,261.32172,43.02608,80.60146,90.7533,19.224918,-50.350025,434.26117
Ford,Escape,10.0,125061.0,4,SUV,Mainstream,Normal,Automatic,0,0,0,0,0,0,15999.0,13668.06,2330.9404296875,2330.9404296875,14.57,108.53138,-374.77664,15.920645,15.627716,-24.443394,-2.319514,-0.09175725,5.956398,33.192814,82.8745,7.564457,-110.20223,235.27713,-17.085634,-126.781525,-150.75568
Hyundai,Elantra,2.0,16672.0,4,Sedan,Economy,Normal,Automatic,0,0,0,0,0,0,24995.0,27319.365,-2324.365234375,2324.365234375,-9.3,108.53138,1024.6123,-1920.1099,3.6729157,-37.52364,3.8892937,-2.3839693,18.759216,24.069061,-634.6499,-23.588848,-123.62136,23.557304,157.78325,-79.80901,-1456.8119
Mazda,Mazda3,3.0,26250.0,4,Sedan,Mainstream,Normal,Automatic,0,1,0,0,0,0,26998.0,27761.338,-763.337890625,763.337890625,-2.83,108.53138,65.99836,-25.899546,-32.31442,-9.540632,-10.678431,-2.5869186,6.433567,27.062315,-90.272804,-22.039316,-148.8504,-137.99295,14.064907,3.7688065,-254.3161
Volkswagen,Taos,2.0,15709.0,4,SUV,Mainstream,Normal,Automatic,0,0,0,0,0,0,32995.0,34001.863,-1006.86328125,1006.86328125,-3.05,108.53138,3583.4802,-1474.9175,18.873867,-4.8653564,22.503809,-3.131841,18.76948,34.71144,136.9141,-23.395683,-11.736673,50.898605,82.391945,-115.96481,2423.0632
Hyundai,Tucson Hybrid,2.0,21660.0,4,SUV,Economy,Normal,Automatic,1,0,0,0,0,0,44995.0,41964.605,3030.39453125,3030.39453125,6.73,108.53138,-3353.2004,-551.0306,-3.481673,-60.861034,-2.2941756,-2.3839693,16.901777,-533.483,-3408.25,-29.192669,-74.337746,-67.36267,113.26824,-87.43131,-7934.6084
BMW,3 Series,7.0,119883.0,4,Sedan,Luxury,Normal,Automatic,0,0,0,0,0,0,24995.0,27240.777,-2245.77734375,2245.77734375,-8.98,108.53138,376.9497,-184.06851,3.2826436,-17.097672,-71.26887,-0.07644282,34.16473,42.88985,-302.2808,4.796974,235.83707,-89.64533,-84.86431,-69.10396,-11.953552
Toyota,RAV 4 Plug-In Hybrid,1.0,2650.0,4,SUV,Mainstream,Normal,Automatic,1,0,0,0,0,0,64995.0,56494.49,8500.51171875,8500.51171875,13.08,108.53138,-2406.0063,2098.2952,7.1221633,1.5257305,65.033485,-2.3795836,59.07606,145.3776,2694.1191,137.6063,421.24057,-313.35782,-80.34268,-127.67917,2808.1616
Honda,Fit,11.0,277126.0,4,Hatchback,Mainstream,Normal,Automatic,0,0,0,0,0,0,6000.0,7830.5356,-1830.53564453125,1830.53564453125,-30.51,108.53138,-1572.0872,350.91867,5.6357484,-34.40524,10.528884,-0.046684906,-24.82092,36.859665,-465.23456,-43.483223,607.4439,168.53682,152.74925,-28.068928,-726.9424
Lexus,RX,17.0,268000.0,4,SUV,Luxury,Normal,Automatic,1,0,0,0,0,0,13000.0,9582.228,3417.7724609375,3417.7724609375,26.29,108.53138,821.25507,536.6712,17.617186,-34.878006,-6.7424994,-0.046684906,-10.937411,-635.8742,595.5417,64.133,138.67982,304.91504,107.56593,7.154869,2013.5864
Nissan,Rogue,4.0,34058.0,4,SUV,Mainstream,Normal,Automatic,0,0,0,0,0,0,29998.0,25055.594,4942.40625,4942.40625,16.48,108.53138,382.04123,-66.66362,-0.53268236,-28.7585,-25.09766,-1.3531109,6.114313,30.225122,272.30472,-1.3237036,-346.68082,-54.470734,24.181969,105.17996,403.6978
Hyundai,Kona,9.0,123281.0,4,SUV,Economy,Normal,Automatic,0,0,0,0,0,0,18495.0,14869.242,3625.7578125,3625.7578125,19.6,108.53138,-102.57206,-1.1006435,4.29985,-31.195145,-3.433957,-0.07644282,5.9317455,34.5674,-115.45439,10.816749,-33.68834,141.0657,187.48164,-64.540634,140.63284
Jeep,Cherokee,11.0,151851.0,4,SUV,Mainstream,Normal,Automatic,0,0,0,0,0,0,18888.0,11274.581,7613.4189453125,7613.4189453125,40.31,108.53138,926.55634,29.876411,-6.8668838,-27.22072,17.98408,-0.046684906,5.5850887,34.704082,135.80031,8.673683,-93.586586,-1.245081,-2.5034032,-59.93914,1076.303
Kia,Forte 5,6.0,72641.0,4,Sedan,Economy,Normal,Automatic,0,0,0,0,0,0,19999.0,18284.482,1714.517578125,1714.517578125,8.57,108.53138,91.667595,-216.77798,-5.950142,-11.693865,0.01562972,-1.3531109,8.312098,71.93508,286.99286,12.991902,-98.93467,28.180864,186.33069,-23.87816,436.37012
Hyundai,Kona,4.0,49542.0,4,SUV,Economy,Normal,Automatic,0,0,0,0,0,0,27995.0,27184.22,810.779296875,810.779296875,2.9,108.53138,-418.1995,422.4287,-7.3984523,-29.802076,-25.912249,-1.3531109,4.240453,38.52222,89.28155,1.5336585,19.329277,195.34799,149.9219,-24.171612,522.3002
Volkswagen,Tiguan,5.0,27627.0,4,SUV,Mainstream,Normal,Automatic,0,0,0,0,0,0,27942.0,26773.252,1168.748046875,1168.748046875,4.18,108.53138,37.800873,30.532965,8.582672,-34.80193,12.2962675,-2.1009824,7.380231,24.574333,289.7791,-21.273111,-120.63573,-281.1799,41.510666,-72.300964,28.6959
Hyundai,Elantra,5.0,66244.0,4,Sedan,Economy,Normal,Automatic,0,0,0,0,0,0,18000.0,20588.422,-2588.421875,2588.421875,-14.38,108.53138,-472.79776,0.0846111,-7.834887,-22.08958,-1.9308498,-1.3531109,6.404557,38.62124,52.18164,12.272772,-87.06545,2.3191833,190.66962,-31.725443,-213.71207
Honda,Civic Sedan,10.0,95000.0,4,Sedan,Mainstream,Normal,Automatic,0,0,0,0,0,0,16990.0,16784.352,205.6484375,205.6484375,1.21,108.53138,593.2344,280.463,12.4619465,-17.708971,-4.66698,-0.10462831,6.0958567,31.770247,-224.90009,-4.0507007,271.99405,-56.403896,-6.392718,-30.619953,959.703
Acura,MDX,7.0,134985.0,6,SUV,Luxury,1std,Automatic,0,0,0,0,0,0,30990.0,30918.482,71.517578125,71.517578125,0.23,108.53138,40.908924,-162.49887,4.0319276,-18.385056,7.6616044,-0.107849136,36.265755,53.47923,-267.85086,7.064143,-173.89644,36.821316,-10.125855,353.54285,15.442177
Kia,Seltos,3.0,53337.0,4,SUV,Economy,Normal,Automatic,0,0,0,0,0,0,24309.0,29188.672,-4879.671875,4879.671875,-20.07,108.53138,1400.9805,-1787.1226,8.730349,-20.61063,-10.57809,-1.9797503,5.7424154,84.71872,424.4243,0.7770963,32.87056,77.10498,169.83253,-58.792267,434.6295
Audi,Q3,6.0,78910.0,4,SUV,Luxury,Normal,Automatic,0,1,0,0,0,0,25999.0,27065.709,-1066.708984375,1066.708984375,-4.1,108.53138,1012.2048,-391.4465,-252.58305,-16.513708,-1.06712,-1.3531109,6.8505197,50.370975,-264.7644,-37.18533,-436.3771,-39.730034,11.364447,-101.992455,-353.69073
Mazda,CX-5,9.0,163287.0,4,SUV,Mainstream,Normal,Automatic,0,0,1,1,0,1,17488.0,15951.308,1536.6923828125,1536.6923828125,8.79,108.53138,-247.60199,195.80232,14.817917,569.3702,-146.3953,-7.7890787,-180.08089,33.569386,-306.93503,-0.74027044,28.86823,418.32837,-57.1176,37.888855,460.51648
GMC,Sierra 1500,6.0,168000.0,8,Pickup Truck,Near-luxury,Normal,Automatic,0,0,0,0,0,0,43000.0,34906.49,8093.51171875,8093.51171875,18.82,108.53138,1512.8655,-1901.2238,-13.238473,-67.06049,8.859078,0.37524447,15.568207,33.653008,1526.9486,35.304035,192.41357,-882.96045,101.02908,-471.9651,199.09949
Subaru,Impreza,3.0,1700.0,4,Sedan,Mainstream,Normal,Automatic,0,0,0,0,0,0,24990.0,29951.4,-4961.400390625,4961.400390625,-19.85,108.53138,-2068.6746,1113.1652,-34.248714,-14.658554,37.652245,-1.9753644,22.374557,27.163212,-480.9024,64.63534,150.38484,-611.0838,-66.06422,-83.74283,-1837.4436
Toyota,Highlander,6.0,71977.0,4,SUV,Mainstream,Normal,Automatic,0,0,0,0,0,0,41734.0,31835.549,9898.451171875,9898.451171875,23.72,108.53138,258.59927,-429.32285,7.5327296,-20.506231,-15.426574,-1.3531109,6.90444,-15.36263,-34.390564,20.666697,182.21242,-25.346062,-24.222162,-50.818474,-32.30169
Toyota,Corolla Sedan,5.0,53700.0,4,Sedan,Mainstream,Normal,Automatic,0,0,0,0,0,0,22500.0,26837.777,-4337.77734375,4337.77734375,-19.28,108.53138,-1170.0747,-294.761,6.438005,-16.259758,-15.630125,-1.3531109,7.329166,-9.784139,-193.1532,19.30283,-218.52989,0.47839355,25.652884,-16.734764,-1768.5481
Ford,Explorer,10.0,127000.0,6,SUV,Mainstream,Normal,Automatic,0,0,0,0,0,0,22995.0,17977.44,5017.560546875,5017.560546875,21.82,108.53138,20.017792,226.35394,10.867159,-25.112873,4.049176,-0.12710159,9.593327,36.097137,-263.8526,7.709958,-154.11528,-125.84576,-39.40885,-128.75104,-313.99362
Honda,CR-V,9.0,124075.0,4,SUV,Mainstream,Normal,Automatic,0,0,0,0,0,0,23500.0,19579.088,3920.912109375,3920.912109375,16.68,108.53138,717.9255,-122.69446,8.451745,-21.25283,-3.890699,-0.07644282,4.9434414,32.71183,-245.25214,-1.5059265,1.693728,159.14748,-18.933874,-36.312405,583.4863
Toyota,Camry,2.0,22000.0,4,Sedan,Mainstream,Normal,Automatic,1,0,0,0,0,0,32500.0,37470.785,-4970.78515625,4970.78515625,-15.29,108.53138,466.64685,-432.4962,11.870319,-3.5874693,5.9175367,-2.3839693,20.529919,-15.873738,373.28094,-12.828175,-976.9147,-322.76044,39.786255,-73.53259,-813.814
Audi,A7,14.0,220000.0,6,Sedan,Luxury,Normal,Automatic,0,0,0,0,0,0,12000.0,15461.162,-3461.162109375,3461.162109375,-28.84,108.53138,326.89877,2.6991658,6.909722,-30.535805,17.797434,-0.08202924,-7.59246,36.10033,-936.8704,-51.568558,465.94977,-23.702732,-159.31404,-42.125843,-286.90533
Toyota,Camry,1.0,12905.0,4,Sedan,Mainstream,Normal,Automatic,1,0,0,0,0,0,46860.0,43558.562,3301.4375,3301.4375,7.05,108.53138,-450.49893,711.7901,24.30048,11.69971,37.22996,-2.3839693,59.331314,181.97673,1951.4814,1.1402345,-667.0192,-90.44382,222.72404,-88.83621,2011.023
Hyundai,Santa Fe Sport,10.0,199000.0,4,SUV,Economy,Normal,Automatic,0,0,0,0,0,0,10800.0,9844.421,955.5791015625,955.5791015625,8.85,108.53138,105.90355,167.97878,3.4260287,-31.82539,7.596839,-0.04037352,-8.768508,29.589767,-219.84296,2.0054126,-89.307976,137.14738,179.39314,-106.086136,285.70093
Ford,Expedition,6.0,94506.0,6,SUV,Mainstream,1std,Automatic,0,0,0,0,0,0,42900.0,44648.85,-1748.8515625,1748.8515625,-4.08,108.53138,-60.14191,-303.07947,2.7100925,-18.657616,5.980319,-0.114038125,39.35189,53.072823,911.1632,10.562357,-219.85765,-95.28468,-83.079796,1572.7529,1923.9098
Buick,Envision,4.0,61803.0,4,SUV,Near-luxury,Normal,Automatic,0,0,0,0,0,0,34000.0,28191.336,5808.6640625,5808.6640625,17.08,108.53138,792.6734,147.87424,6.7758417,-33.96031,-30.089495,-1.3531109,4.281659,37.174534,-143.09099,0.674737,55.545155,66.72115,145.64983,-46.812714,1110.5952
BMW,X5,7.0,80737.0,6,SUV,Luxury,Normal,Automatic,0,0,0,0,0,0,39900.0,41255.87,-1355.87109375,1355.87109375,-3.4,108.53138,1072.4037,211.9088,0.4814374,-19.344805,-44.671707,-1.3884553,39.568207,57.891987,-175.70634,3.0200686,-314.61365,575.8345,77.74144,-220.51183,1371.1447
Mercedes-Benz,GLC,9.0,77994.0,4,SUV,Luxury,Normal,Automatic,0,0,0,0,0,0,23900.0,24264.395,-364.39453125,364.39453125,-1.52,108.53138,2116.7805,1145.8904,24.787273,-22.107819,-3.307794,-1.3531109,18.42104,239.67397,933.4139,24.323969,-193.13046,-201.48256,29.163576,-131.16954,4088.4353
Toyota,RAV 4,3.0,77270.0,4,SUV,Mainstream,Normal,Automatic,0,0,0,0,0,0,30915.0,35621.742,-4706.7421875,4706.7421875,-15.22,108.53138,1918.7782,625.35223,8.098982,-20.209538,-51.17655,-1.9797503,4.933426,-15.239707,59.05057,34.562904,243.15195,-3.050453,-107.00791,-144.92151,2658.8743
Mitsubishi,Outlander PHEV,7.0,69776.0,4,SUV,Economy,1std,Automatic,1,0,0,0,0,0,29998.0,28994.996,1003.00390625,1003.00390625,3.34,108.53138,-666.4287,-368.10925,-13.70511,-16.287302,-2.9563417,-1.3424909,31.6152,-1240.8147,-1195.9391,4.244545,-149.8544,-78.16778,166.01302,221.91225,-3201.2886
Honda,CR-V,7.0,141000.0,4,SUV,Mainstream,Normal,Automatic,0,0,0,0,0,0,23000.0,21950.639,1049.361328125,1049.361328125,4.56,108.53138,42.68291,-101.513535,-1.5702804,-19.977848,-2.835942,-0.31175137,4.580696,32.381702,-96.0947,-9.002351,4.3228054,71.74301,-12.472947,-32.890545,-12.427406
Nissan,Kicks,4.0,52834.0,4,SUV,Mainstream,Normal,Automatic,0,0,0,0,0,0,21998.0,24884.746,-2886.74609375,2886.74609375,-13.12,108.53138,1609.7067,-1158.0912,18.333467,-26.48865,-25.601274,-1.3531109,4.0199375,37.195095,566.0642,4.071042,-231.35246,-182.53432,-10.903718,75.32244,786.9195
Toyota,4-Runner,6.0,89699.0,6,SUV,Mainstream,Normal,Automatic,0,1,0,0,0,0,48998.0,41871.062,7126.9375,7126.9375,14.55,108.53138,-1034.4573,-259.32028,9.6688175,-10.355457,-2.0182827,-1.385542,13.38653,-14.118609,1074.4689,23.508831,559.20807,1333.3646,-30.65839,-19.505478,1750.3176
Volkswagen,Jetta,8.0,152082.0,4,Sedan,Mainstream,Normal,Automatic,0,0,0,0,0,0,12734.0,14267.333,-1533.3330078125,1533.3330078125,-12.04,108.53138,885.06586,-455.7399,8.035346,-17.919607,24.694786,-0.20366487,6.075219,33.28141,274.81592,16.215015,-38.59695,-165.23068,-33.174313,-13.646218,632.2036
Volvo,XC40,7.0,87167.0,4,SUV,Luxury,Normal,Automatic,0,0,0,0,0,0,15500.0,32258.553,-16758.552734375,16758.552734375,-108.12,108.53138,-413.39328,-311.96786,7.036335,-66.75027,-3.6282892,-1.3407565,7.1781464,16.436586,-561.825,-10.243566,155.91962,27.923197,-210.18504,-170.49716,-1426.806
Mazda,Mazda3,13.0,143881.0,4,Sedan,Mainstream,Normal,Automatic,0,0,0,0,0,0,12995.0,10305.22,2689.7802734375,2689.7802734375,20.7,108.53138,-506.3972,9.693355,10.188918,-29.25053,7.4880567,-0.6538531,6.1908503,32.891006,-289.82733,9.307987,-11.802633,168.98322,50.605087,6.7187157,-427.33295
Toyota,RAV 4,8.0,4444444.0,4,SUV,Mainstream,Normal,Automatic,1,0,0,0,0,0,16000.0,15676.3955,323.6044921875,323.6044921875,2.02,108.53138,-4058.2935,-319.7485,11.672138,-23.662285,-2.3509626,-0.035928816,-20.207596,149.30978,1203.9266,14.367519,386.51624,90.23176,1577.4606,8.903252,-873.37946
Dodge,Challenger,11.0,150000.0,8,Coupe,Mainstream,Normal,Automatic,0,0,0,0,0,0,27000.0,21093.674,5906.326171875,5906.326171875,21.88,108.53138,-2764.8772,4571.39,-26.350595,-85.565865,-10.480161,0.08774719,25.735123,68.41109,2092.7441,44.123985,-748.14404,1946.3029,-116.420265,-303.57425,4801.914
Volkswagen,Tiguan,4.0,83995.0,4,SUV,Mainstream,Normal,Automatic,0,0,0,0,0,0,27114.0,25966.48,1147.51953125,1147.51953125,4.23,108.53138,-164.07379,-148.98047,6.022439,-19.984976,-17.24917,-2.0980692,4.1555967,29.956934,67.686935,13.08318,95.82535,-227.52599,-94.41311,-128.30809,-477.3719
Volkswagen,Taos,4.0,90536.0,4,SUV,Mainstream,Normal,Automatic,0,0,0,0,0,0,23052.0,25779.363,-2727.36328125,2727.36328125,-11.83,108.53138,-1170.9628,-72.156876,6.004588,-29.120977,-17.199009,-2.0980692,4.2290144,25.237017,202.65442,14.27692,90.17092,-185.8538,13.020803,-60.985184,-1074.2515
GMC,Sierra 1500,6.0,136542.0,8,Pickup Truck,Near-luxury,Normal,Automatic,0,1,0,1,0,0,38984.0,37743.773,1240.2265625,1240.2265625,3.18,108.53138,2130.9558,-1889.8212,30.671164,-68.32304,125.17083,-0.30930898,14.24053,39.104446,1022.60315,35.895115,19.681816,-792.76556,126.61031,-348.4508,553.7947
Ford,Escape,9.0,126000.0,4,SUV,Mainstream,Normal,Automatic,0,0,0,0,0,0,12500.0,15274.754,-2774.75390625,2774.75390625,-22.2,108.53138,-127.32453,44.020195,15.627716,-24.084835,-1.8162155,-0.07644282,6.039469,33.18333,100.91259,7.7582703,-109.296524,239.32059,-18.801165,-123.91963,150.07419
Kia,Sorento,12.0,214000.0,4,SUV,Economy,Normal,Automatic,0,0,0,0,0,0,11000.0,7763.146,3236.85400390625,3236.85400390625,29.43,108.53138,-1235.1163,-65.70225,3.7187319,-34.272392,9.78157,-0.046684906,-10.801906,53.054127,237.03653,12.088572,-27.722874,239.54573,153.5521,-64.03105,-620.3847
Chevrolet,Silverado 1500,14.0,150835.0,8,Pickup Truck,Economy,Normal,Automatic,0,0,0,0,0,0,17500.0,16671.045,828.955078125,828.955078125,4.74,108.53138,-648.3176,1385.5956,-73.7106,-78.33042,59.570107,0.3644884,37.37584,27.275509,-564.9833,14.733714,-306.24606,188.42627,111.45686,-397.33203,-135.59021
Toyota,Highlander Hybrid,12.0,207000.0,4,SUV,Mainstream,Normal,Automatic,1,0,0,0,0,0,12550.0,17171.594,-4621.59375,4621.59375,-36.83,108.53138,-1266.9207,-230.22072,15.637108,-37.124874,-1.3942642,-0.046684906,-12.138679,-207.00746,161.3632,18.282751,118.655464,13.4368,17.591108,-42.754795,-1344.1104
Lexus,RX,18.0,151500.0,4,SUV,Luxury,Normal,Automatic,0,0,0,0,0,1,12500.0,14743.528,-2243.5283203125,2243.5283203125,-17.95,108.53138,1702.7648,-6361.1196,15.5459795,-34.963573,4.6377506,-0.046684906,-4432.0864,76.08739,360.8357,60.245182,48.343006,195.48813,-176.7898,31.675945,-8400.852
Ford,Econoline,15.0,123000.0,6,Van,Mainstream,Normal,Automatic,0,0,0,0,0,0,12000.0,14722.554,-2722.5537109375,2722.5537109375,-22.69,108.53138,-1143.3586,523.00305,9.009373,-42.612156,4.417564,-0.14884785,49.537247,30.517534,75.53495,22.673517,593.651,-274.68192,43.028297,-108.18421,-109.08193
Honda,HR-V,4.0,50777.0,4,SUV,Mainstream,Normal,Automatic,0,0,0,0,0,0,31295.0,32164.586,-869.5859375,869.5859375,-2.78,108.53138,-352.83884,-126.75771,-2.0966094,-19.711224,-26.786327,-1.3531109,3.279763,36.88659,12.640012,-10.200785,113.54567,197.89418,-9.630269,-15.042359,-91.63958
Audi,SQ5,5.0,76085.0,6,SUV,Luxury,Normal,Automatic,0,0,0,0,0,0,38995.0,43476.246,-4481.24609375,4481.24609375,-11.49,108.53138,951.3762,-356.92044,17.759481,-20.74371,4.1206365,-1.3884553,12.456017,40.512325,-626.88513,-38.19381,-28.884699,211.56293,83.188774,-154.16422,202.32733
Toyota,Highlander,13.0,81380.0,4,SUV,Mainstream,Normal,Automatic,0,0,0,0,0,0,22000.0,18710.248,3289.751953125,3289.751953125,14.95,108.53138,257.15604,27.892572,21.277155,-33.00039,-17.00511,-1.3872583,6.482025,-13.864387,-249.6649,15.268695,278.1841,-137.64948,42.048447,-135.09578,169.17313
Ford,Mustang,6.0,109000.0,8,Coupe,Mainstream,3std,Manual,0,0,0,0,0,0,39900.0,44403.13,-4503.12890625,4503.12890625,-11.29,108.53138,-4061.9553,-1845.6846,-8.659666,-27.584526,-7.4263716,0.060097374,34.06865,79.426735,64.94702,-2245.5002,-4386.7705,-1340.0292,-2354.144,3234.1934,-12756.527
RAM,1500,5.0,90000.0,8,Pickup Truck,Mainstream,Normal,Automatic,0,0,0,0,0,0,45500.0,45373.902,126.09765625,126.09765625,0.28,108.53138,-1262.961,871.57086,-5.147824,-68.16471,-0.7743514,-1.1942823,26.909758,33.556103,1278.5177,37.15781,118.830765,-468.44278,132.29652,-235.12527,565.56067
Dodge,Journey,15.0,57000.0,4,SUV,Mainstream,Normal,Automatic,0,0,0,0,0,0,11500.0,10456.826,1043.173828125,1043.173828125,9.07,108.53138,6175.033,4555.946,30.05873,-125.33314,-22.837631,-1.3901715,12.727415,44.441154,7068.166,-16.441072,187.71468,-616.2454,109.951866,-54.649017,17455.672
Dodge,Charger,5.0,120000.0,6,Sedan,Mainstream,Normal,Automatic,0,0,0,0,0,0,31000.0,33513.99,-2513.98828125,2513.98828125,-8.11,108.53138,-1052.9833,-745.2108,0.003298347,-40.067726,-2.7305543,-0.111787155,17.676598,38.764507,-337.4499,26.5344,389.56216,1011.60144,-47.535355,-20.47811,-653.8937
Toyota,Highlander,11.0,220000.0,4,SUV,Mainstream,Normal,Automatic,0,0,0,0,0,0,23500.0,16121.514,7378.486328125,7378.486328125,31.4,108.53138,712.583,-1314.0079,17.58204,-36.856747,-3.92918,-0.046684906,-44.95588,-5.7823615,-232.22981,17.561407,21.307775,0.83989525,13.403746,-60.904747,-806.90405
Acura,RDX,3.0,37704.0,4,SUV,Luxury,Normal,Automatic,0,0,0,0,0,0,46495.0,46346.207,148.79296875,148.79296875,0.32,108.53138,832.8492,-122.53639,8.297434,-23.116575,-31.979244,-1.9797503,6.66376,39.404995,-135.57852,-3.3558793,32.891346,-122.74972,-169.98915,-55.989075,361.36377
Acura,MDX,3.0,41754.0,6,SUV,Luxury,1std,Automatic,0,0,0,0,0,0,59995.0,54463.805,5531.1953125,5531.1953125,9.22,108.53138,-2858.706,571.0715,4.766955,-16.751465,-16.919182,-2.0044746,33.720478,39.336338,-743.08563,5.0162697,123.44879,-23.914892,-307.53622,436.4226,-2646.6033
Nissan,Pathfinder,4.0,79655.0,6,SUV,Mainstream,2std,Automatic,0,0,0,0,0,0,36995.0,37433.297,-438.296875,438.296875,-1.18,108.53138,577.44556,-160.2547,51.73885,-21.024418,-2.3554728,-1.3884553,17.074615,-149.95358,81.92213,27.820356,109.97206,123.66185,-155.90204,554.88324,1162.1714
Mazda,MX-5 Miata,5.0,22000.0,4,Convertible,Mainstream,Normal,Manual,0,0,0,0,0,0,32900.0,30921.922,1978.078125,1978.078125,6.01,108.53138,1514.9604,-447.03613,8.159372,-47.729057,-4.038917,-1.9558649,18.011267,25.97939,-50.777775,1005.74524,-793.5174,349.38928,45.904694,31.09246,1762.7185
Toyota,RAV 4,2.0,24325.0,4,SUV,Mainstream,Normal,Automatic,0,0,0,0,0,0,43250.0,41791.984,1458.015625,1458.015625,3.37,108.53138,-918.30865,-781.95654,10.915544,-5.4818783,2.8415837,-2.3839693,11.150873,-69.677765,115.46789,-16.54728,169.01656,-174.0554,51.520916,-185.5195,-1684.4862
Dodge,Grand Caravan,11.0,162000.0,6,Minivan,Mainstream,Normal,Automatic,0,0,0,0,0,0,9950.0,9878.823,71.1767578125,71.1767578125,0.72,108.53138,-765.3884,462.33847,9.024815,-51.864536,8.049344,-0.08202924,9.667017,37.515785,721.87585,24.418777,-253.48218,-105.09001,-22.07222,-46.501503,136.94052
Toyota,Yaris,11.0,13500.0,4,Hatchback,Mainstream,Normal,Automatic,0,0,0,0,0,0,16500.0,18084.736,-1584.736328125,1584.736328125,-9.6,108.53138,6825.386,868.7121,41.03226,-149.78564,-36.396267,-1.3901715,18.158237,-169.27681,-758.7148,-168.00766,2727.3618,589.2643,1847.4254,-13.603379,11728.696
Ford,Explorer,14.0,225000.0,6,SUV,Mainstream,Normal,Automatic,0,0,0,0,0,0,12000.0,6999.269,5000.73095703125,5000.73095703125,41.67,108.53138,112.44536,490.74954,11.3312235,-36.14311,19.191832,-0.08202924,-9.089748,36.120922,-64.54917,19.10678,-96.243126,-536.5363,7.808031,-126.15103,-63.50953
Audi,Q5,14.0,156520.0,4,SUV,Luxury,Normal,Automatic,0,0,0,0,0,0,5500.0,8825.693,-3325.693359375,3325.693359375,-60.47,108.53138,29.298855,-29.460844,40.622322,-35.739758,20.683178,-0.046684906,6.5839195,47.03878,-257.9841,-64.447365,-88.58054,171.89407,-130.08382,-70.94983,-252.64044
BMW,M5,14.0,159200.0,8,Sedan,Luxury,2std,Automatic,0,0,0,0,0,0,25800.0,37567.49,-11767.48828125,11767.48828125,-45.61,108.53138,700.9025,588.70874,116.67513,-60.579136,-14.486834,0.08774719,65.76625,-140.81276,-101.04477,38.690662,-2154.3074,1309.423,-171.71277,-207.91943,77.92249
Ford,F-150,3.0,96368.0,6,Pickup Truck,Mainstream,Normal,Automatic,0,0,0,0,0,0,75285.0,54047.95,21237.05078125,21237.05078125,28.21,108.53138,-1267.0237,-923.7368,-14.301054,-31.532732,-13.486711,-0.71083343,5.3449807,30.749249,292.8711,6.3801694,-955.7556,78.514084,-92.72317,-142.30757,-2919.1873
Ford,Escape Hybrid,5.0,97781.0,4,SUV,Mainstream,Normal,Automatic,1,0,0,0,0,0,25990.0,23794.19,2195.810546875,2195.810546875,8.45,108.53138,-726.5785,-61.67714,6.3676248,-24.548756,-3.6064851,-0.07644282,5.360518,-506.21793,611.04407,7.2337337,-66.90921,216.69781,-30.79416,-103.41181,-568.5853
Ford,Mustang Convertible,14.0,99000.0,8,Coupe,Mainstream,Normal,Automatic,0,0,0,0,0,0,27500.0,17502.898,9997.1015625,9997.1015625,36.35,108.53138,-1798.1682,2494.1465,-19.599897,-85.72769,25.971798,0.020928558,29.77423,73.12454,-99.14161,44.650772,-303.80414,-225.50327,-76.17296,-374.53754,-206.43524
Toyota,Corolla Sedan,5.0,44141.0,4,Sedan,Mainstream,Normal,Automatic,0,0,0,1,0,0,23898.0,27610.982,-3712.982421875,3712.982421875,-15.54,108.53138,-907.20795,84.37136,21.702408,-28.618984,201.0495,-0.8732941,7.329166,-7.1393995,195.90717,17.50712,-216.82959,164.36742,-3.256342,10.612129,-352.5479
Toyota,Sienna,13.0,172792.0,4,Minivan,Mainstream,Normal,Automatic,0,0,0,0,0,0,11500.0,16318.79,-4818.7900390625,4818.7900390625,-41.9,108.53138,15.436591,17.170656,14.448577,-38.634647,-21.860067,-0.046684906,6.7785487,15.694324,-233.24467,25.891481,367.25687,17.480019,25.78566,-41.106075,279.58194
Nissan,350Z,20.0,109000.0,6,Coupe,Mainstream,Normal,Manual,0,0,0,0,0,0,17000.0,16911.926,88.07421875,88.07421875,0.52,108.53138,-3247.4465,2659.8257,10.063395,-50.43825,-6.796292,-0.14443351,364.01422,83.0173,4660.586,-3037.8335,2557.7693,296.2898,-48.297474,-61.833393,4287.307
Chevrolet,Express 2500,4.0,88390.0,6,Van,Economy,Normal,Automatic,0,0,0,0,0,0,34592.0,39688.176,-5096.17578125,5096.17578125,-14.73,108.53138,-1936.552,377.4974,-50.404945,-40.87014,-1.1224535,-1.385542,78.92194,21.480839,-669.5597,8.0675955,-173.32426,95.164795,381.8601,-99.37841,-1901.0731
Toyota,RAV 4 Hybrid,4.0,52033.0,4,SUV,Mainstream,Normal,Automatic,1,0,0,0,0,0,41999.0,43217.117,-1218.1171875,1218.1171875,-2.9,108.53138,1940.6136,-1582.3369,20.071522,-23.755697,-40.26799,-1.3531109,4.2846026,-341.6312,260.5514,10.533349,132.80548,-212.7641,-13.148335,-26.188057,235.946
Hyundai,Elantra,3.0,37146.0,4,Sedan,Economy,Normal,Automatic,0,0,0,0,0,0,21995.0,24210.697,-2215.697265625,2215.697265625,-10.07,108.53138,426.1782,-100.90567,-6.2427278,-81.79773,-32.654297,-1.9797503,6.608654,39.331524,-619.5135,-2.7550786,-40.764454,-241.63297,162.52441,-22.45274,-407.52478
Ford,Explorer,10.0,149000.0,6,SUV,Mainstream,Normal,Automatic,0,0,0,0,0,0,15700.0,16863.908,-1163.908203125,1163.908203125,-7.41,108.53138,-1226.4304,636.07153,10.303457,-25.366356,15.297593,-0.07571785,9.546192,34.84183,-278.86566,7.1330585,-157.44112,-166.53618,-20.809383,-146.4596,-1200.2593
Nissan,Sentra,13.0,152000.0,4,Sedan,Mainstream,Normal,Automatic,0,0,0,0,0,0,5200.0,7271.298,-2071.2978515625,2071.2978515625,-39.83,108.53138,98.32198,196.27495,13.286931,-33.132393,16.469238,-0.046684906,6.1592274,33.297783,237.2144,14.627036,-196.09175,-107.989395,33.053608,-14.518711,405.45764
Kia,Soul,7.0,173000.0,4,Hatchback,Economy,Normal,Automatic,0,0,0,0,0,0,9995.0,10094.424,-99.423828125,99.423828125,-0.99,108.53138,-214.10258,-43.650394,-14.422834,-23.500042,11.683863,-0.035928816,7.4521894,57.445168,281.0363,-34.400864,217.86188,223.1693,114.86561,-39.33472,652.5983
Mercedes-Benz,C-Class Sedan,16.0,180000.0,4,Sedan,Luxury,Normal,Automatic,0,0,0,0,0,0,8000.0,6953.817,1046.18310546875,1046.18310546875,13.08,108.53138,674.483,-673.3418,14.429862,-28.763445,12.148849,-0.046684906,21.563429,203.43462,660.9193,52.009525,413.7211,-28.583263,-117.93965,-59.75412,1252.812
Dodge,Grand Caravan,8.0,99545.0,6,Minivan,Mainstream,Normal,Automatic,0,0,0,0,0,0,15000.0,21056.969,-6056.96875,6056.96875,-40.38,108.53138,-538.1007,52.78354,4.1520104,-38.878044,-6.4473543,-0.111787155,12.398365,39.78864,431.88535,24.579416,-126.48893,302.421,-40.00721,-39.900913,186.60474
Hyundai,Sonata,12.0,175000.0,4,Sedan,Economy,Normal,Automatic,0,0,0,0,0,0,6900.0,7078.8633,-178.86328125,178.86328125,-2.59,108.53138,20.0905,110.35082,2.2341785,-37.084587,10.972896,-0.046684906,6.525601,32.390293,-158.96092,17.091461,-38.68936,30.59576,156.48636,-35.806267,224.68143
RAM,1500,11.0,200600.0,8,Pickup Truck,Mainstream,Normal,Automatic,0,0,0,0,0,0,15800.0,17327.459,-1527.458984375,1527.458984375,-9.67,108.53138,907.4402,1225.5887,11.197291,-76.958176,71.88357,0.3644884,16.168188,28.737154,-576.866,9.140864,645.73456,388.202,30.158491,-252.87616,2536.4463
Ford,Edge,4.0,71293.0,4,SUV,Mainstream,Normal,Automatic,0,0,0,0,0,0,27995.0,27648.693,346.306640625,346.306640625,1.24,108.53138,463.00256,-57.68375,6.003858,-20.542803,-24.913065,-1.3531109,4.2597885,27.972288,954.2107,1.2274239,81.19972,146.88129,-49.090607,-166.31462,1473.3911
Subaru,BRZ,4.0,38000.0,4,Coupe,Mainstream,Normal,Manual,0,0,0,0,0,0,28500.0,34521.066,-6021.06640625,6021.06640625,-21.13,108.53138,225.3295,-1483.6729,-0.6746181,-23.41117,-30.131618,-1.3486966,5.0670886,48.15497,-603.7571,-550.1681,-1677.0608,268.3737,-822.2161,-73.88923,-4610.8735
Toyota,Corolla Sedan,5.0,82296.0,4,Sedan,Mainstream,Normal,Automatic,0,0,0,0,0,0,23954.0,25764.312,-1810.3125,1810.3125,-7.56,108.53138,167.07643,-594.44336,5.4693475,-13.628452,-17.791512,-1.3501977,7.366981,-13.836057,-431.39532,29.513964,-263.58795,-101.86639,-79.585815,-99.543015,-1299.0698
Chevrolet,Malibu,11.0,213000.0,4,Sedan,Economy,Normal,Automatic,0,0,0,0,0,0,8000.0,6282.3833,1717.61669921875,1717.61669921875,21.47,108.53138,-790.8722,-180.3993,-1.3002537,-32.55602,16.136856,-0.046684906,-1.6168255,21.574842,-278.44778,14.30847,-60.91387,96.82029,178.14642,-140.14278,-1050.7773
Honda,Civic,13.0,208000.0,4,Sedan,Mainstream,Normal,Automatic,0,0,0,0,0,0,8500.0,9136.038,-636.0380859375,636.0380859375,-7.48,108.53138,-1012.5895,-17.168344,6.4853535,-27.438627,10.301713,-0.046684906,-12.571044,26.922308,-243.48105,9.130596,17.602999,82.06649,22.53233,-11.073885,-1040.7957
Hyundai,Elantra,11.0,140000.0,4,Sedan,Economy,Normal,Automatic,0,0,0,0,0,0,6000.0,10251.598,-4251.59765625,4251.59765625,-70.86,108.53138,-57.66633,-607.98364,2.0374527,-36.544903,-2.9378238,-0.34881204,6.393794,33.369392,-172.16708,10.261123,-58.638073,-5.316494,187.82167,-49.366135,-642.55444
Hyundai,ACCENT,15.0,85000.0,4,Hatchback,Economy,Normal,Automatic,0,0,0,0,0,0,6500.0,6303.5444,196.45556640625,196.45556640625,3.02,108.53138,163.15518,547.6979,1.6669488,-39.028297,-3.8228343,-1.3872583,6.4355626,38.480705,-212.29065,-4.3498282,-140.93964,177.38524,60.707855,-148.10175,554.14044
Nissan,Rogue,2.0,5043.0,4,SUV,Mainstream,Normal,Automatic,0,0,0,0,0,1,36972.0,33887.49,3084.51171875,3084.51171875,8.34,108.53138,-4076.1272,1133.2726,-7.730751,-136.31631,52.352314,-2.3795836,-523.8212,30.747343,-441.35815,133.5778,-71.07704,-127.753654,-2.9129696,-56.479584,-3987.4753
Nissan,Titan,14.0,173744.0,8,Pickup Truck,Mainstream,Normal,Automatic,0,0,0,0,0,0,17989.0,15202.93,2786.0703125,2786.0703125,15.49,108.53138,457.37543,1474.0712,-25.855173,-80.53349,63.80233,0.3644884,27.767965,33.515884,-766.9283,25.312775,-970.5767,-1065.0095,83.91433,-202.74292,-836.9904
Nissan,Rogue,1.0,12926.0,4,SUV,Mainstream,Normal,Automatic,0,0,0,0,0,1,41972.0,38033.04,3938.9609375,3938.9609375,9.38,108.53138,78.95994,-406.72665,15.629012,3.4282515,29.857271,-2.3839693,-1214.8452,61.91581,1260.4425,-17.649967,-188.74193,191.84946,240.6684,51.538635,212.47281
Nissan,Rogue,2.0,16334.0,4,SUV,Mainstream,Normal,Automatic,0,0,0,0,0,1,36972.0,31296.082,5675.91796875,5675.91796875,15.35,108.53138,1152.2058,-1596.2915,13.710837,-13.607087,7.141274,-2.3839693,-410.85718,24.22469,-21.766205,-21.386915,-367.6121,216.36256,86.51998,79.42583,-745.7826
Nissan,Kicks Play,2.0,14935.0,4,SUV,Mainstream,Normal,Automatic,0,0,0,0,0,1,23972.0,31007.377,-7035.376953125,7035.376953125,-29.35,108.53138,945.9653,-1529.5801,13.776537,-10.734027,6.429384,-2.3839693,-410.85718,33.591488,13.816563,-17.642176,-287.95883,266.90488,189.89027,79.40298,-600.8474
Nissan,Kicks,7.0,21841.0,4,SUV,Mainstream,Normal,Automatic,0,0,0,0,0,0,17999.0,19559.748,-1560.748046875,1560.748046875,-8.67,108.53138,-1559.3284,-1775.4425,8.649187,-43.114975,-3.6890929,-1.3531109,12.453946,26.202002,-81.70871,-32.02938,-506.0732,-53.478424,60.05802,62.016285,-3778.3071
Mazda,Mazda3,18.0,74500.0,4,Sedan,Mainstream,Normal,Automatic,0,0,0,0,0,0,6990.0,8734.077,-1744.0771484375,1744.0771484375,-24.95,108.53138,-1307.3239,-3181.6245,15.953723,-41.360123,-2.7442245,-1.9973398,116.476524,35.26506,-203.24196,63.58526,-69.785934,144.23804,174.31602,-7.4736547,-4157.186
Ford,Econoline,11.0,175186.0,6,Van,Mainstream,Normal,Automatic,0,0,0,0,0,0,24995.0,16329.879,8665.12109375,8665.12109375,34.67,108.53138,-354.75256,94.242004,8.917441,-43.65169,20.399641,-0.08202924,46.723133,28.320004,116.04999,10.291502,420.9693,-387.40207,-19.698158,-120.92456,-72.0667
Volkswagen,Jetta,2.0,23347.0,4,Sedan,Mainstream,Normal,Automatic,0,0,0,0,0,0,29888.0,28901.334,986.666015625,986.666015625,3.3,108.53138,1506.349,-908.82935,5.5596004,-1.5728947,17.627907,-3.131841,19.787569,36.314568,58.765373,-24.466822,630.1856,-555.3737,53.566097,-117.730064,825.5826
Acura,RDX,5.0,40216.0,4,SUV,Luxury,Normal,Automatic,0,0,0,0,0,0,39995.0,39770.605,224.39453125,224.39453125,0.56,108.53138,1257.1948,-787.3496,9.385053,-22.869066,1.0116448,-1.3531109,6.4833555,37.189476,-170.68787,0.6133115,-19.758932,68.314835,-127.54844,-31.358547,327.79828
Honda,Odyssey,11.0,126669.0,6,Minivan,Mainstream,1std,Automatic,0,0,1,0,0,0,14999.0,17919.008,-2920.0078125,2920.0078125,-19.47,108.53138,383.37686,-119.88351,3.975701,747.9643,-7.0843945,-6.888407,41.61792,53.32012,-436.7456,-10.046787,193.65134,-249.91469,-49.678658,573.61816,1225.8136
Honda,Odyssey,9.0,133400.0,6,Minivan,Mainstream,1std,Automatic,0,0,0,0,0,0,31880.0,22946.475,8933.525390625,8933.525390625,28.02,108.53138,-0.61074543,461.41455,3.2686448,-21.700281,-8.13139,-0.107849136,34.63424,52.133663,-397.31723,1.4214076,141.85063,-139.32869,-56.765194,580.2028,759.4959
Audi,Q3,7.0,111138.0,4,SUV,Luxury,Normal,Automatic,0,0,0,0,0,0,21995.0,23768.643,-1773.642578125,1773.642578125,-8.06,108.53138,153.76752,11.790496,20.66654,-22.7776,-3.4173398,-0.07644282,7.2151637,47.393764,-36.517838,-69.44472,-298.0163,117.044624,-74.63936,-64.55824,-103.03837
Dodge,Grand Caravan,11.0,93000.0,6,Minivan,Mainstream,Normal,Automatic,0,1,0,1,0,1,13777.0,14247.808,-470.8076171875,470.8076171875,-3.42,108.53138,-363.8777,268.37558,-125.79163,-63.57704,58.98999,-0.5139373,-346.2903,43.192345,1018.6311,27.630543,10.40063,-332.2085,-42.024956,29.790865,291.25833
Audi,S5,12.0,195122.0,6,Coupe,Luxury,Normal,Automatic,0,0,0,0,0,0,15888.0,18159.256,-2271.255859375,2271.255859375,-14.3,108.53138,-2578.9546,17.695347,22.67505,-33.380753,7.9365997,-0.08202924,-29.510672,78.56314,159.8732,-28.30288,-447.08893,-2067.14,238.24622,-161.29279,-4712.2324
Dodge,Charger,4.0,35200.0,6,Sedan,Mainstream,Normal,Automatic,0,0,0,0,0,0,58450.0,48269.06,10180.94140625,10180.94140625,17.42,108.53138,1002.66986,-1009.00745,0.83626074,-56.663746,-24.399443,-1.3884553,12.444845,34.21493,56.019382,13.844237,520.50684,1393.2532,-9.178839,41.11438,2082.7974
Acura,TLX,12.0,113280.0,4,Sedan,Luxury,Normal,Automatic,0,1,0,0,0,0,15450.0,15914.556,-464.5556640625,464.5556640625,-3.01,108.53138,553.8432,-127.323875,-187.59895,-29.369295,1.6458192,-0.113503516,8.153986,32.79911,-118.49961,9.82038,-3.175538,-108.197655,-98.82911,0.780838,42.467155
Hyundai,Sonata,12.0,148025.0,4,Sedan,Economy,Normal,Automatic,0,0,0,0,0,0,7999.0,8903.267,-904.2666015625,904.2666015625,-11.3,108.53138,-334.56116,-30.987503,2.259623,-36.467587,8.76101,-0.046684906,6.4073563,33.369392,-206.21362,11.70228,-41.72233,-25.74397,164.22644,-41.888298,-382.37372
Chevrolet,Silverado 1500,10.0,210222.0,8,Pickup Truck,Economy,Normal,Automatic,0,0,0,0,0,0,26999.0,18140.824,8858.17578125,8858.17578125,32.81,108.53138,-866.5554,1642.0751,-73.562195,-65.83069,22.330883,0.3707998,19.410278,22.669495,-190.39719,7.264325,409.3259,-371.52106,181.88028,-441.58105,404.41077
Mercedes-Benz,M-Class,14.0,75453.0,6,SUV,Luxury,Normal,Automatic,0,0,0,0,0,0,17595.0,24516.002,-6921.001953125,6921.001953125,-39.34,108.53138,592.1121,-745.3255,19.296837,-51.453617,3.9184678,-1.4255159,23.423876,342.54224,1500.7666,30.043772,-201.49539,434.10495,-50.205074,-148.6955,1856.1398
Volvo,XC90,9.0,98000.0,4,SUV,Luxury,Normal,Automatic,0,1,0,0,0,0,25850.0,23832.43,2017.5703125,2017.5703125,7.8,108.53138,-29.904757,106.84191,-187.99457,-67.95146,-2.183775,-0.06700164,7.1702576,18.662575,-647.51434,11.619942,-32.582462,55.931114,-106.72807,-150.2753,-916.4446
Ford,Ranger,16.0,147399.0,4,Pickup Truck,Mainstream,Normal,Automatic,0,0,0,0,0,1,15888.0,12129.732,3758.267578125,3758.267578125,23.65,108.53138,622.67957,-1186.3483,8.928733,-35.185677,28.611668,0.23005636,-227.81023,25.244339,399.7139,38.195522,-181.94543,211.97087,85.88404,-119.951546,-221.2511
Honda,Accord Sedan,13.0,164951.0,4,Sedan,Mainstream,Normal,Automatic,0,0,0,0,0,0,12995.0,10379.824,2615.17578125,2615.17578125,20.12,108.53138,144.80328,88.798996,6.554533,-27.109484,11.027507,-0.046684906,5.246411,30.534729,-233.00592,5.551253,14.422947,32.17729,25.108402,-5.859475,206.73517
Ford,Escape,17.0,146732.0,4,SUV,Mainstream,Normal,Automatic,0,0,0,0,0,1,8888.0,5143.077,3744.9228515625,3744.9228515625,42.13,108.53138,41.88444,-909.1293,5.4082685,-45.999287,6.6173286,-0.046684906,-188.91515,33.06992,112.22142,66.73577,-137.5199,253.86142,85.47318,-116.185745,-683.9928
Ford,Edge,14.0,143590.0,4,SUV,Mainstream,Normal,Automatic,0,0,0,0,0,1,10888.0,6706.1436,4181.8564453125,4181.8564453125,38.41,108.53138,-1016.23804,326.68985,15.219116,-35.247276,6.9872403,-0.046684906,-194.59856,31.73822,118.042725,21.63797,-69.02594,241.56921,49.13177,-86.610825,-482.21985
Toyota,Tundra,18.0,193367.0,6,Pickup Truck,Mainstream,Normal,Automatic,0,0,0,0,0,1,17888.0,20284.281,-2396.28125,2396.28125,-13.4,108.53138,755.8395,-7336.41,5.2600255,-43.586002,22.57964,0.194712,-4021.2573,-17.377207,-113.02162,67.75202,-2419.1309,312.57132,24.259748,-62.01883,-12715.8125
Ford,Ranger,16.0,204190.0,4,Pickup Truck,Mainstream,Normal,Automatic,0,0,0,0,0,0,13888.0,6860.075,7027.9248046875,7027.9248046875,50.6,108.53138,1809.9622,-1715.8398,8.360114,-35.56049,20.428583,0.23005636,3.237676,21.3806,1213.7246,21.554493,-802.0925,198.26451,36.959785,-171.38477,717.7563
Hyundai,ACCENT,11.0,155000.0,4,Hatchback,Economy,Normal,Automatic,0,0,0,0,0,0,6000.0,7960.7563,-1960.75634765625,1960.75634765625,-32.68,108.53138,-20.185017,-420.8358,17.200922,-43.030952,22.388842,-0.046684906,6.067543,35.07024,-107.80876,-30.218388,134.56422,78.32351,106.06514,-53.753235,-167.66699
Honda,Accord Sedan,10.0,130000.0,4,Sedan,Mainstream,Normal,Automatic,0,0,0,0,0,0,19500.0,15722.779,3777.220703125,3777.220703125,19.37,108.53138,593.45215,-76.972664,7.028287,-15.912105,-5.486586,-0.09175725,5.2012634,31.797766,-244.51805,-3.8803158,-18.316643,55.415085,-14.271213,-11.556028,410.42056
Kia,Optima,9.0,180000.0,4,Sedan,Economy,Normal,Automatic,0,0,0,0,0,0,12000.0,9005.688,2994.3115234375,2994.3115234375,24.95,108.53138,-151.70845,325.58725,2.3035269,-19.206036,11.615406,-0.035928816,7.772827,55.700676,188.10829,19.413483,-86.05975,142.96753,174.27553,-39.68756,739.5782
Chevrolet,Trax,10.0,123265.0,4,SUV,Economy,Normal,Automatic,0,0,0,0,0,0,12999.0,13127.161,-128.1611328125,128.1611328125,-0.99,108.53138,-828.42896,375.28174,-0.49519828,-25.264097,0.0913714,-0.09175725,16.465391,27.373865,-300.707,1.000905,-39.2346,140.57092,185.04303,-134.31775,-474.1808
Chevrolet,Traverse,4.0,52930.0,6,SUV,Economy,Normal,Automatic,0,0,0,0,0,0,38499.0,43993.97,-5494.96875,5494.96875,-14.27,108.53138,2203.2021,-904.90216,-35.88588,-24.072073,-3.719034,-1.3884553,14.8021,32.86465,331.52075,-9.212703,-35.545853,880.78174,175.43237,-86.24193,2646.1672
Honda,Accord,19.0,186252.0,4,Sedan,Mainstream,Normal,Automatic,0,0,0,0,0,0,7400.0,6066.0356,1333.96435546875,1333.96435546875,18.03,108.53138,2207.7207,-4160.7866,6.607183,-27.589523,11.583644,-0.046684906,384.86505,28.749409,-35.956703,64.95517,210.41208,113.67136,31.660221,-11.275667,-1066.8988
Mazda,Mazda6,12.0,245000.0,4,Sedan,Mainstream,Normal,Manual,0,0,0,0,0,0,8500.0,7816.634,683.3662109375,683.3662109375,8.04,108.53138,-1462.1959,-766.6776,16.707808,-43.820244,9.160561,-0.64943874,-16.948195,41.326504,-144.74263,-553.19354,-47.15674,365.94586,83.859375,26.478642,-2383.3743
Toyota,4-Runner,17.0,224468.0,6,SUV,Mainstream,Normal,Automatic,0,0,0,0,0,0,18500.0,15154.895,3345.10546875,3345.10546875,18.08,108.53138,1260.1764,-1061.0061,11.916654,-30.794655,15.870964,-0.08202924,-8.510066,-10.110494,1362.5093,72.50104,420.17722,1146.6581,26.74977,-56.375565,3258.212
Chevrolet,Traverse,3.0,46440.0,6,SUV,Economy,Normal,Automatic,0,0,0,0,0,0,45999.0,46665.043,-666.04296875,666.04296875,-1.45,108.53138,19.984833,-154.01866,-48.230938,-22.175777,-5.998268,-2.0150945,14.82339,53.865486,-40.590073,-9.923596,25.398096,68.337036,145.80826,-99.797806,53.998283
Chevrolet,Colorado,3.0,31645.0,4,Pickup Truck,Economy,Normal,Automatic,0,0,0,0,0,0,49999.0,44188.88,5810.12109375,5810.12109375,11.62,108.53138,228.04419,-289.41757,-34.38889,-31.210222,-10.261213,-1.9582669,17.995897,32.053505,259.2951,-22.135849,-170.74304,59.938354,180.27388,-114.34973,211.66751
Chevrolet,Silverado 1500,4.0,69175.0,8,Pickup Truck,Economy,Normal,Automatic,0,0,0,0,0,0,48999.0,49228.96,-229.9609375,229.9609375,-0.47,108.53138,-775.69617,-335.71228,-92.509384,-66.485466,-21.548271,-1.1956736,30.387564,23.634808,264.7764,30.909792,-99.66141,-843.48517,205.47394,-332.05466,-1904.6346
Subaru,WRX,8.0,59000.0,4,Sedan,Mainstream,1std,Manual,0,0,0,0,0,0,24650.0,27537.824,-2887.82421875,2887.82421875,-11.72,108.53138,1099.0009,-497.1014,22.952513,-15.831599,-2.9946544,-1.3380766,35.1272,55.98597,-569.85,375.44696,-500.94302,48.62162,48.899326,100.38896,306.89603
Dodge,Grand Caravan,10.0,126500.0,6,Minivan,Mainstream,Normal,Automatic,0,0,0,0,0,0,11700.0,15137.948,-3437.9482421875,3437.9482421875,-29.38,108.53138,-861.66864,630.34436,9.719971,-40.291317,-6.5800285,-0.12710159,8.744245,39.717308,549.095,22.024506,-159.9558,256.40338,-36.26881,-43.004612,476.6838
Buick,Enclave,11.0,165000.0,6,SUV,Near-luxury,2std,Automatic,0,0,0,0,0,0,15000.0,12612.617,2387.3828125,2387.3828125,15.92,108.53138,760.7237,-300.604,137.48436,-42.38423,1.6849436,-0.08202924,22.579548,-147.18086,-194.71095,9.614857,175.64272,-485.1722,115.08792,125.19392,286.40906
GMC,Savana Cargo Van,7.0,105000.0,6,Van,Near-luxury,Normal,Automatic,0,0,0,0,0,0,24490.0,31783.135,-7293.134765625,7293.134765625,-29.78,108.53138,134.95644,207.48122,2.8845513,-50.73069,-13.622995,-0.111787155,73.348404,38.25924,164.62962,2.993865,60.90484,159.87384,63.366493,-183.87927,768.88513
Mitsubishi,Eclipse,16.0,72000.0,4,Coupe,Economy,Normal,Manual,0,0,0,0,0,0,9000.0,15094.18,-6094.1796875,6094.1796875,-67.71,108.53138,1160.3392,-948.01587,-6.559899,-63.85158,-15.284246,-1.3857572,6.6287403,126.3785,-795.86914,-928.6292,532.96686,213.79803,235.85355,-156.32649,-531.42596
Chevrolet,Equinox,1.0,4059.0,4,SUV,Economy,Normal,Automatic,0,0,0,0,0,0,42999.0,38386.152,4612.84765625,4612.84765625,10.73,108.53138,604.925,-562.7909,7.011662,5.2667456,51.90983,-2.3795836,60.8528,55.656567,818.19556,96.63092,6.7059865,-108.44119,817.4858,-275.19946,1684.361
Chevrolet,Equinox,4.0,51075.0,4,SUV,Economy,Normal,Automatic,0,0,0,0,0,0,28999.0,26699.908,2299.091796875,2299.091796875,7.93,108.53138,-666.95636,-14.460074,-10.755753,-23.42,-24.930208,-1.3531109,14.857158,31.50856,176.11823,-10.767438,24.807865,195.11755,165.0534,-94.5249,-131.1737
Subaru,BRZ,10.0,135678.0,4,Coupe,Mainstream,Normal,Automatic,0,0,0,0,0,0,16990.0,17274.559,-284.55859375,284.55859375,-1.67,108.53138,-411.0317,920.8268,6.7301087,-15.49768,-15.308246,-0.09175725,6.77722,81.128746,-220.68713,11.378388,-210.98903,569.9688,-215.35995,-118.687096,497.68878
Mercedes-Benz,C-Class Sedan,11.0,82987.0,4,Sedan,Luxury,Normal,Automatic,0,0,0,0,0,0,23999.0,19413.164,4585.8359375,4585.8359375,19.11,108.53138,1007.66644,-367.27133,22.23862,-23.377247,-3.0077317,-1.3872583,21.232895,214.21703,1407.331,8.670927,131.73587,-412.5707,-115.15853,-95.94403,1902.9073
Honda,Odyssey,12.0,230509.0,6,Minivan,Mainstream,1std,Automatic,0,0,0,0,0,0,16995.0,12931.511,4063.4892578125,4063.4892578125,23.91,108.53138,-457.9792,-108.20834,3.630108,-32.91161,8.976506,-0.07809122,12.116127,53.459118,-404.55362,-1.8649402,-105.811905,-583.3515,-32.680134,594.8619,-945.8644
Subaru,Outback,6.0,146175.0,4,SUV,Mainstream,1std,Automatic,0,0,0,0,0,0,24995.0,23403.604,1591.396484375,1591.396484375,6.37,108.53138,350.84012,-79.306854,4.2198467,-28.321718,5.2533264,-0.031990796,31.764915,52.88961,-254.23006,30.821335,-175.73062,-95.56253,-55.76578,420.97604,316.34702
Volkswagen,Tiguan,6.0,65514.0,4,SUV,Mainstream,Normal,Automatic,0,0,0,0,0,0,25585.0,23533.658,2051.341796875,2051.341796875,8.02,108.53138,-349.91687,-24.243464,7.474576,-21.330027,7.1599126,-2.1009824,6.0982285,38.68852,207.56297,11.610566,84.082146,-171.12,-10.458101,-65.89696,-173.8581
Mercedes-Benz,GLE,5.0,71400.0,6,SUV,Luxury,Normal,Automatic,0,0,0,0,0,0,46995.0,57925.934,-10930.93359375,10930.93359375,-23.26,108.53138,115.498245,-1210.3612,5.05224,-22.08282,4.1138062,-1.3884553,20.87232,387.5864,423.82477,13.05209,-240.72725,966.6187,-16.057875,-83.26065,471.27182
Volkswagen,Jetta Sedan,12.0,150000.0,4,Sedan,Mainstream,Normal,Automatic,0,0,0,0,0,0,11000.0,9192.978,1807.0224609375,1807.0224609375,16.43,108.53138,-787.3815,173.16426,14.122943,-29.37939,18.23357,-0.21442096,6.2570696,33.360264,213.28926,12.789411,-1.7105687,-274.03207,57.409145,-35.350044,-490.9107
Ford,Edge,8.0,171650.0,4,SUV,Mainstream,Normal,Automatic,0,0,0,0,0,0,11999.0,13498.481,-1499.4814453125,1499.4814453125,-12.5,108.53138,-137.26115,-505.7322,9.069892,-23.557001,11.347893,-0.035928816,6.0333567,31.907835,72.85902,8.747116,-126.29407,282.64343,-36.269577,-94.753716,-392.76373
Ford,Expedition,5.0,111500.0,6,SUV,Mainstream,1std,Automatic,0,0,0,0,0,0,49200.0,48120.42,1079.578125,1079.578125,2.19,108.53138,-1944.1731,-388.00296,2.6965156,-20.104538,6.108245,-0.107849136,38.81871,54.693344,783.2665,11.307052,-144.8405,-62.80899,-83.45593,1248.4451,-389.6272
Dodge,Journey,13.0,159000.0,4,SUV,Mainstream,Normal,Automatic,0,0,0,0,0,0,8300.0,7590.6753,709.32470703125,709.32470703125,8.55,108.53138,-1615.3625,898.57855,15.046453,-49.11048,-10.38742,-0.046684906,5.805968,34.663223,370.11282,22.747597,94.18583,-443.77142,27.556116,-53.794712,-595.24536
BMW,3 Series,22.0,130000.0,4,Sedan,Luxury,Normal,Manual,0,0,0,0,0,0,9500.0,17109.56,-7609.560546875,7609.560546875,-80.1,108.53138,-745.47644,325.0783,16.25036,-43.552437,-73.00792,-0.10908919,117.36322,42.276474,-347.2668,-582.52734,208.72792,-30.108444,-486.6574,-122.21251,-1612.6907
BMW,X5,12.0,95000.0,6,SUV,Luxury,Normal,Automatic,0,0,0,0,0,0,24900.0,25726.662,-826.662109375,826.662109375,-3.32,108.53138,708.1601,-525.009,14.179205,-37.288204,-71.34979,-0.16171892,39.469105,47.511158,-489.8448,7.0199747,-299.45203,185.32605,-132.71361,-157.32858,-602.9508
Jeep,Grand Cherokee,4.0,84750.0,6,SUV,Mainstream,Normal,Automatic,0,0,0,0,0,0,34475.0,39177.156,-4702.15625,4702.15625,-13.64,108.53138,-19.306135,-667.87396,-44.92241,-16.938683,-5.34854,-1.385542,4.1005473,33.344685,-1061.5358,13.07077,87.45433,139.4861,-135.1081,-110.28895,-1676.7202
Jeep,Grand Cherokee,7.0,38655.0,6,SUV,Mainstream,Normal,Automatic,0,0,0,0,0,0,32999.0,36638.074,-3639.07421875,3639.07421875,-11.03,108.53138,-69.781586,-313.24847,-31.073748,-21.30835,3.6077437,-1.3884553,12.818965,41.92619,-1226.554,-7.213962,-93.752045,369.15326,14.639939,4.610699,-1209.0325
Toyota,RAV 4 Hybrid,3.0,20521.0,4,SUV,Mainstream,Normal,Automatic,1,1,0,0,0,0,45498.0,44105.2,1392.80078125,1392.80078125,3.06,108.53138,1269.6256,536.02606,-224.36739,-22.507677,-34.25423,-1.9797503,19.764511,-121.93254,1634.0542,-18.551641,650.42676,-158.88867,-13.761537,-52.540443,3569.6445
Mazda,CX-3,11.0,90378.0,4,SUV,Mainstream,Normal,Automatic,0,0,0,0,0,0,13488.0,16259.308,-2771.3076171875,2771.3076171875,-20.55,108.53138,-335.56976,-604.63837,16.985622,-37.143566,-3.0656579,-1.9944266,6.389062,32.265408,-190.55663,10.4286175,-27.431118,189.21451,82.15936,-25.633595,-780.0593
Hyundai,Elantra,3.0,48297.0,4,Sedan,Economy,Normal,Automatic,0,0,0,0,0,0,23587.0,23485.916,101.083984375,101.083984375,0.43,108.53138,144.01051,-467.59454,-7.830027,-26.77811,-12.702445,-1.9797503,4.9349356,47.952065,-114.13153,1.7546562,-459.11774,103.95094,137.56557,-25.779514,-567.2136
Honda,Civic Sedan,3.0,135147.0,4,Sedan,Mainstream,Normal,Automatic,0,0,0,0,0,0,28888.0,21782.146,7105.853515625,7105.853515625,24.6,108.53138,755.56793,325.8091,-3.4823918,-19.400072,-22.714626,-0.68410134,3.322356,32.529617,-175.28668,1.8848805,80.78487,238.03265,-32.474873,67.47305,1359.8933
Audi,S7,11.0,127000.0,6,Sedan,Luxury,Normal,Automatic,0,1,0,0,0,0,27777.0,21709.793,6067.20703125,6067.20703125,21.84,108.53138,1812.4148,-1174.4254,-208.51585,-29.163042,5.156873,-0.14884785,15.789348,36.1098,-363.21323,-27.690369,426.9061,366.71204,-139.67442,-8.058643,820.7304
Ford,Focus,9.0,153797.0,4,Hatchback,Mainstream,Normal,Automatic,0,0,0,0,0,0,10888.0,10617.052,270.9482421875,270.9482421875,2.49,108.53138,-1861.8004,404.929,30.431099,-26.198841,23.81092,-0.035928816,6.324501,27.3707,252.65784,-26.324263,479.16428,245.78964,142.1451,-112.78608,-305.99097
Ford,Focus,12.0,189000.0,4,Hatchback,Mainstream,Normal,Manual,0,0,0,0,0,0,5500.0,7977.367,-2477.3671875,2477.3671875,-45.04,108.53138,-582.3629,-199.9799,15.417776,-50.603664,13.206785,-0.04227057,2.7956398,23.94632,443.48294,-134.78525,699.8791,297.44302,163.12863,-99.68037,700.37726
Kia,Niro,8.0,154100.0,4,SUV,Economy,Normal,Automatic,1,0,0,0,0,0,15500.0,16487.232,-987.232421875,987.232421875,-6.37,108.53138,293.1902,-332.0501,16.419235,-22.03057,13.76029,-0.035928816,6.3567786,-836.8034,60.91702,9.157282,80.17893,242.50128,171.0877,-37.852314,-226.67227
RAM,1500,11.0,192000.0,8,Pickup Truck,Mainstream,Normal,Automatic,0,0,0,0,0,0,13850.0,18171.838,-4321.837890625,4321.837890625,-31.2,108.53138,1144.7115,1262.8292,18.705149,-76.958176,77.72415,0.3644884,15.685708,31.804247,301.14578,20.541145,689.784,-11.543156,21.59714,-240.01657,3364.906
Nissan,Altima,11.0,277000.0,4,Sedan,Mainstream,Normal,Automatic,0,0,0,0,0,0,6500.0,4383.667,2116.3330078125,2116.3330078125,32.56,108.53138,-1347.083,403.30978,15.146776,-33.042614,11.283099,-0.046684906,-23.754492,36.035915,76.23206,19.144459,-253.72386,-45.284252,8.620861,-22.037506,-1046.6681
RAM,1500,7.0,127740.0,8,Pickup Truck,Mainstream,Normal,Automatic,0,0,0,0,0,0,42987.0,36109.87,6877.12890625,6877.12890625,16.0,108.53138,876.56757,-625.7286,6.6225343,-52.201603,-0.15111487,0.07947254,23.890265,34.761898,631.52734,27.160713,195.61958,-803.326,-25.881468,-227.72081,169.75119
RAM,1500 Classic,4.0,30064.0,8,Pickup Truck,Mainstream,Normal,Automatic,0,0,0,0,0,0,35999.0,57512.043,-21513.04296875,21513.04296875,-59.76,108.53138,-1530.3939,283.04865,37.643375,-74.59878,-22.684103,-1.1956736,20.974035,29.213766,427.3576,16.132797,-252.8274,-1017.0536,23.43438,-152.70538,-2105.1228
Nissan,Armada,12.0,154000.0,8,SUV,Mainstream,3std,Automatic,0,0,0,0,0,0,15995.0,13469.437,2525.5634765625,2525.5634765625,15.79,108.53138,1447.7709,-755.3948,10.871083,-231.03271,59.061657,0.08774719,40.107697,41.010387,-5905.609,18.401451,720.50806,-646.09045,-1306.5009,1611.769,-4786.509
Toyota,Highlander,6.0,82129.0,4,SUV,Mainstream,Normal,Automatic,0,0,0,0,0,0,36270.0,31375.97,4894.029296875,4894.029296875,13.49,108.53138,438.21454,-545.6548,7.1440783,-19.90087,-16.95795,-1.3501977,7.005706,-13.786872,-66.87805,19.432817,185.66869,-55.59221,-85.094635,-127.51829,-166.73666
Volkswagen,Tiguan,6.0,78714.0,4,SUV,Mainstream,Normal,Automatic,0,0,0,0,0,0,27888.0,23126.56,4761.439453125,4761.439453125,17.07,108.53138,396.24496,-190.56027,7.616116,-17.87467,5.8964205,-2.1009824,6.1628094,38.18452,139.49042,25.314081,69.531456,-244.6858,-81.45834,-144.76651,115.5256
Subaru,Outback,9.0,209857.0,4,SUV,Mainstream,1std,Automatic,0,0,0,0,0,0,12650.0,14966.568,-2316.568359375,2316.568359375,-18.31,108.53138,-1944.0427,350.5586,16.732645,-20.922176,9.000276,-0.031990796,13.213032,46.846535,-622.9299,32.552925,-181.58586,70.616806,-79.82842,369.92508,-1831.3639
Ford,Escape,16.0,78017.0,4,SUV,Mainstream,Normal,Automatic,0,0,0,0,0,0,11995.0,8215.056,3779.9443359375,3779.9443359375,31.51,108.53138,1621.6866,-1901.9896,21.21691,-36.83888,-2.8124337,-1.3901715,6.344519,36.116524,1092.5531,50.388786,-131.08284,88.69967,100.95722,-627.4699,424.9109
Mercedes-Benz,E-Class,13.0,65768.0,6,Sedan,Luxury,Normal,Automatic,0,0,0,0,0,0,25888.0,29393.996,-3505.99609375,3505.99609375,-13.54,108.53138,-1782.5488,-800.1702,27.057049,-99.61268,3.9309523,-1.4255159,31.769669,317.55118,1492.4602,6.113148,391.61612,785.5296,-236.51709,-71.22128,173.06384
Dodge,Grand Caravan,10.0,118052.0,6,Minivan,Mainstream,Normal,Automatic,0,0,0,0,0,0,15950.0,16605.963,-655.962890625,655.962890625,-4.11,108.53138,-1159.2092,685.83124,10.685223,-41.10115,-6.967928,-0.12710159,12.448716,39.717308,572.001,22.046087,-149.03114,283.29135,-46.313957,-44.350555,287.4512
Toyota,Tacoma,2.0,16365.0,4,Pickup Truck,Mainstream,Normal,Automatic,0,0,0,0,0,0,50995.0,56401.97,-5406.96875,5406.96875,-10.6,108.53138,1134.2848,-1215.7744,-0.5355637,-8.743751,2.785719,-2.3624861,21.452713,-208.9355,-252.02669,-5.643025,-941.5674,591.53125,81.01167,-71.23325,-767.22455
GMC,Terrain,5.0,69679.0,4,SUV,Near-luxury,Normal,Automatic,0,0,0,0,0,0,24831.0,28484.252,-3653.251953125,3653.251953125,-14.71,108.53138,-508.86557,-556.1144,8.904441,-64.50892,-26.317427,-1.3531109,5.112182,39.427734,466.3663,11.648092,24.78671,59.252914,91.1492,-247.72786,-589.7084
BMW,4 Series Coupe,4.0,101138.0,4,Coupe,Luxury,Normal,Automatic,0,0,0,0,0,0,38999.0,39266.44,-267.44140625,267.44140625,-0.69,108.53138,-879.8943,-539.8367,-8.939953,-22.545942,-103.58683,-0.07644282,32.818398,76.41174,-778.53613,24.570679,-436.38852,504.0965,380.51215,-194.28983,-1837.1534
Kia,Forte,12.0,75112.0,4,Sedan,Economy,Normal,Automatic,0,0,0,0,0,0,11950.0,9702.8,2247.2001953125,2247.2001953125,18.81,108.53138,234.46169,53.516506,8.727297,-41.06989,-0.44341126,-1.3901715,7.798046,71.85755,69.65362,22.264479,-271.74554,-84.44469,93.040054,-137.38577,133.37112
Nissan,Kicks Play,2.0,3593.0,4,SUV,Mainstream,Normal,Automatic,0,0,0,0,0,0,22980.0,34618.402,-11638.40234375,11638.40234375,-50.65,108.53138,-1914.1504,1659.5935,-7.7259035,-30.18956,52.933334,-2.3795836,19.067408,32.020584,-530.02185,136.19662,-104.61214,-291.69623,-6.837488,-118.68237,-997.9525
Toyota,RAV 4 Hybrid,6.0,65356.0,4,SUV,Mainstream,Normal,Automatic,1,0,0,0,0,0,37999.0,36906.184,1092.81640625,1092.81640625,2.88,108.53138,-712.2238,-213.9271,8.045984,-22.46862,-9.687137,-1.3531109,6.2650466,-369.66483,442.97144,18.958275,222.34163,19.339642,94.28981,-45.814354,-454.39575
Toyota,RAV 4,10.0,125346.0,4,SUV,Mainstream,Normal,Automatic,0,0,0,0,0,0,20999.0,21864.336,-865.3359375,865.3359375,-4.12,108.53138,1.7141341,-225.51605,16.194925,-25.8039,-16.774908,-0.09175725,6.1870756,-17.313286,-273.9167,15.340956,44.061096,65.06418,-16.745138,-61.772373,-380.84036
Honda,Civic Sedan,11.0,148290.0,4,Sedan,Mainstream,Normal,Automatic,0,0,0,0,0,0,14499.0,13860.702,638.2978515625,638.2978515625,4.4,108.53138,43.398537,-477.6488,6.3262825,-26.823288,8.574702,-0.046684906,5.405488,31.51381,-198.0658,1.6914767,-51.609684,-33.99762,24.470266,-27.294312,-585.5742
Nissan,Versa,3.0,49205.0,4,Sedan,Mainstream,Normal,Automatic,0,0,0,0,0,0,22500.0,21064.621,1435.37890625,1435.37890625,6.38,108.53138,-633.6025,-293.4407,3.430485,-18.35531,-12.528607,-1.9797503,4.7144213,48.01461,514.0607,4.6265116,-532.7079,25.617477,-28.406263,80.67949,-731.3459
Kia,Seltos,3.0,24731.0,4,SUV,Economy,Normal,Automatic,0,0,0,0,0,0,27590.0,30970.86,-3380.859375,3380.859375,-12.25,108.53138,-269.2557,5.258936,-4.259394,-28.967537,-10.497365,-1.9797503,18.595774,82.09193,408.34515,-26.140171,-71.14862,-20.454224,154.81174,-91.31865,253.6135
Honda,CR-V,3.0,23863.0,4,SUV,Mainstream,Normal,Automatic,0,0,0,0,0,0,37978.0,36292.516,1685.484375,1685.484375,4.44,108.53138,501.78137,101.16262,-3.6767993,-26.94372,-12.285104,-1.9797503,18.395647,32.33924,-859.05664,-74.62705,-22.001884,-1.2485504,32.505585,-80.42949,-287.5332
Volkswagen,Atlas,3.0,52500.0,4,SUV,Mainstream,1std,Automatic,0,0,0,1,0,0,42990.0,41631.016,1358.984375,1358.984375,3.16,108.53138,1638.3378,-1051.7351,25.019066,-19.620283,-26.644428,-1.7068248,33.078346,65.019035,182.81905,5.2251053,-9.705643,-442.90378,-32.070984,800.26984,1273.9125
RAM,ProMaster Cargo Van,10.0,226000.0,6,Van,Mainstream,Normal,Automatic,0,0,0,0,0,0,16500.0,13266.806,3233.1943359375,3233.1943359375,19.6,108.53138,-868.22614,-52.654926,37.688225,-32.145542,11.59048,-0.07571785,26.259083,38.19185,194.5814,8.502187,150.17615,-363.51855,-46.41017,-50.240627,-837.7509
Hyundai,Tucson Hybrid,2.0,23000.0,4,SUV,Economy,Normal,Automatic,1,0,0,0,0,0,45000.0,42469.67,2530.328125,2530.328125,5.62,108.53138,87.78343,-775.92413,-3.481673,-60.861034,-2.2941756,-2.3839693,17.720224,-533.483,-1117.9343,-26.060007,-148.40814,-59.176983,106.03708,-86.48138,-2496.4167
Jeep,Grand Cherokee L,3.0,79906.0,6,SUV,Mainstream,Normal,Automatic,0,0,0,0,0,0,42888.0,43461.49,-573.48828125,573.48828125,-1.34,108.53138,-397.6579,-809.5369,-46.29914,-15.21722,-14.762565,-2.0150945,4.1085067,43.729843,-1183.5753,25.102514,88.99756,103.638466,-134.78285,-151.82558,-2381.5645
Ford,Escape,4.0,31021.0,4,SUV,Mainstream,Normal,Automatic,0,0,0,0,0,0,25872.0,31061.494,-5189.494140625,5189.494140625,-20.06,108.53138,935.7332,362.91858,7.746316,-32.408573,-24.89949,-1.3531109,6.417616,28.38598,1394.402,-20.345749,-60.561363,110.74031,22.489685,-96.517395,2741.2795
RAM,1500,10.0,198638.0,8,Pickup Truck,Mainstream,Normal,Automatic,0,0,0,0,0,0,13900.0,18662.912,-4762.912109375,4762.912109375,-34.27,108.53138,35.92873,863.4875,11.789849,-66.501656,20.313261,0.3707998,16.254126,29.82868,-518.44763,2.2928567,259.7708,-239.16635,-27.970684,-302.19382,194.28781
Toyota,Yaris Sedan,9.0,84037.0,4,Hatchback,Mainstream,Normal,Automatic,0,0,0,0,0,0,15292.0,17449.918,-2157.91796875,2157.91796875,-14.11,108.53138,-541.4532,411.59988,15.898987,-23.873114,-17.61119,-1.3501977,7.4234858,-13.316712,-534.6534,11.046465,-74.2227,-2.6452913,130.35217,-111.336914,-635.61035
Ford,Transit Connect,7.0,118648.0,6,Van,Mainstream,Normal,Automatic,0,0,0,1,0,0,24495.0,27880.404,-3385.404296875,3385.404296875,-13.82,108.53138,-119.30107,161.86562,10.289194,-42.389587,-109.60731,-0.4895299,49.910717,34.082043,24.469446,1.0707872,590.6066,-143.4218,-54.79866,-73.76706,437.0508
Hyundai,Tucson,3.0,53449.0,4,SUV,Economy,Normal,Automatic,0,0,0,0,0,0,28197.0,28766.164,-569.1640625,569.1640625,-2.02,108.53138,1818.638,-1746.6885,7.238006,-33.18859,-12.559641,-1.9797503,4.3133354,47.616566,209.51373,0.84613156,23.309782,22.64793,172.81383,-60.161068,560.8911
Subaru,Outback,12.0,135400.0,4,SUV,Mainstream,1std,Automatic,0,0,0,0,0,0,17500.0,14983.016,2516.984375,2516.984375,14.38,108.53138,-642.64716,168.98186,16.873804,-28.798435,-2.2248385,-0.1095655,38.844288,51.48041,-375.4661,26.423666,-93.78835,-40.70436,21.297146,496.5971,-254.7091
Subaru,Crosstrek,8.0,122894.0,4,SUV,Mainstream,Normal,Manual,0,0,0,0,0,0,15995.0,20364.637,-4369.63671875,4369.63671875,-27.32,108.53138,931.42645,-290.01816,14.250806,-23.193514,-4.147598,-0.07202849,5.0271983,35.52646,596.22614,-175.85542,7.815808,296.48376,-24.202255,25.107994,1502.9071
Hyundai,Santa Fe,6.0,82098.0,4,SUV,Economy,Normal,Automatic,0,0,0,0,0,0,22498.0,21270.672,1227.328125,1227.328125,5.46,108.53138,685.1889,-323.6745,-6.4621387,-25.683477,-3.612213,-1.3501977,6.349782,38.22467,6.0062823,11.115357,28.721725,4.875675,136.40218,-131.95845,532.675
Honda,CR-V,9.0,153411.0,4,SUV,Mainstream,Normal,Automatic,0,0,0,0,0,0,16488.0,18224.172,-1736.171875,1736.171875,-10.53,108.53138,492.9456,96.83369,7.833582,-22.123316,12.043421,-0.035928816,4.578785,32.33805,-178.09671,-1.9731883,-2.0892196,160.70276,-35.517117,-38.706852,637.26495
Nissan,Kicks,3.0,36110.0,4,SUV,Mainstream,Normal,Automatic,0,0,0,0,0,0,22495.0,26193.582,-3698.58203125,3698.58203125,-16.44,108.53138,603.32794,-272.53268,6.0054774,-28.243328,-27.463158,-1.9797503,5.7665377,40.662483,148.48141,-0.36634353,-261.9153,-59.405106,28.95805,57.777405,347.605
Nissan,Pathfinder,5.0,134326.0,6,SUV,Mainstream,2std,Automatic,0,0,0,0,0,0,26998.0,27594.238,-596.23828125,596.23828125,-2.21,108.53138,-459.5679,-406.3947,49.0482,-24.491179,4.2876177,-0.111787155,21.477055,-145.72421,408.62747,13.35743,103.07509,111.320366,-54.316784,-294.6015,-565.4835
Nissan,Qashqai,7.0,112641.0,4,SUV,Mainstream,Normal,Automatic,0,0,0,0,0,0,13992.0,16994.117,-3002.1171875,3002.1171875,-21.46,108.53138,-66.98087,61.323177,6.2005687,-27.551216,-3.2435021,-0.07644282,6.396017,34.53944,201.41245,5.1315346,-261.1251,6.843155,-20.804335,4.358427,54.95469
Toyota,Corolla Sedan,4.0,105000.0,4,Sedan,Mainstream,Normal,Automatic,1,0,0,0,0,0,24450.0,28206.045,-3756.044921875,3756.044921875,-15.36,108.53138,-759.1433,-336.3807,4.9142356,-24.26592,-38.91737,-0.07644282,5.3689938,-166.37267,-9.279377,29.734715,-94.444565,13.010025,-54.70518,2.5460289,-1319.4802
Nissan,Kicks,9.0,98798.0,4,SUV,Mainstream,Normal,Automatic,0,0,0,0,0,0,13988.0,13989.36,-1.3603515625,1.3603515625,-0.01,108.53138,-222.30081,442.47314,20.435762,-30.533487,-3.2749426,-0.07644282,6.260684,34.52522,133.02838,12.131416,-241.59534,62.241257,-18.723959,-17.505672,285.61655
Audi,Q5,3.0,67507.0,4,SUV,Luxury,Normal,Automatic,0,0,0,0,0,0,38995.0,39968.848,-973.84765625,973.84765625,-2.5,108.53138,-670.3153,-92.4813,19.2228,-22.011616,-12.143442,-1.9797503,4.8209023,41.085346,-631.2854,-53.690357,111.64466,78.54051,-74.40123,-82.14382,-1276.6066
Lexus,ES,13.0,256901.0,4,Sedan,Luxury,Normal,Automatic,0,0,0,0,0,0,18990.0,12420.563,6569.4365234375,6569.4365234375,34.59,108.53138,-96.84656,-922.80597,16.194378,-29.406637,-2.243658,-0.046684906,-16.12674,89.73507,533.4846,16.083694,-80.415436,193.89236,-5.916931,12.944506,-182.9425
Hyundai,Tucson,4.0,21500.0,4,SUV,Economy,Normal,Automatic,0,0,0,0,0,0,30642.0,28617.318,2024.681640625,2024.681640625,6.61,108.53138,-3580.4712,661.577,-3.196467,-99.1282,-25.507334,-1.3531109,17.816467,21.893381,-3015.454,-27.924744,-174.84987,-54.46559,168.80992,-51.989033,-6055.712
Jeep,Grand Cherokee,15.0,316000.0,6,SUV,Mainstream,Normal,Automatic,0,0,0,0,0,0,8000.0,6193.3203,1806.6796875,1806.6796875,22.58,108.53138,-2818.2024,3143.743,-10.4902,-28.033949,16.037958,-0.08202924,-10.077633,31.225115,18.951847,21.357056,170.21117,-232.41084,105.219795,-50.513,465.46722
Ford,E-450,8.0,78556.0,6,Van,Mainstream,Normal,Automatic,0,0,0,0,0,0,39800.0,29890.271,9909.728515625,9909.728515625,24.9,108.53138,2332.14,-342.39297,4.797634,-25.833527,4.661715,-1.3884553,48.42993,39.315002,1368.8088,14.421205,363.93628,-178.14987,244.32062,-463.95624,3517.6414
Ford,Transit Passenger Van,8.0,106588.0,6,Van,Mainstream,Normal,Automatic,0,0,0,0,0,0,40980.0,27230.559,13749.44140625,13749.44140625,33.55,108.53138,-121.19259,-188.30318,4.0395546,-30.779991,4.513899,-0.111787155,49.9051,30.620367,36.568825,7.9033976,603.614,-89.71173,-28.941288,-87.68887,298.96707
Mercedes-Benz,S-Class,8.0,63440.0,6,Sedan,Luxury,3std,Automatic,0,0,0,0,0,0,63000.0,67065.36,-4065.359375,4065.359375,-6.45,108.53138,-2750.514,-1995.4957,10.760617,15.800026,6.407415,-1.3884553,44.481255,325.9929,2271.2349,9.631885,296.69373,486.2019,701.802,1338.2957,868.4348
Hyundai,Santa Fe XL,8.0,169582.0,4,SUV,Economy,Normal,Automatic,0,0,0,0,0,0,17682.0,13486.599,4195.4013671875,4195.4013671875,23.73,108.53138,484.78912,-551.56335,-2.452129,-30.700115,8.058634,-0.035928816,5.67026,33.29193,-118.59691,11.012207,-59.018036,182.96042,180.69444,-56.687996,195.95393
Nissan,Kicks Play,2.0,34830.0,4,SUV,Mainstream,Normal,Automatic,0,0,0,0,0,0,22995.0,30002.014,-7007.013671875,7007.013671875,-30.47,108.53138,500.45212,-781.2304,4.6493764,-4.1367745,-14.371108,-2.3839693,6.14741,45.701946,306.77194,-2.5120509,-328.9003,-108.978096,45.008587,63.37782,-161.87213
Mitsubishi,Eclipse Cross,5.0,50235.0,4,Coupe,Economy,Normal,Automatic,0,0,0,0,0,0,20989.0,23868.041,-2879.041015625,2879.041015625,-13.72,108.53138,-881.5165,-748.4676,-26.572323,-22.421646,-11.760645,-1.3531109,7.3003407,116.25406,-389.55423,13.344121,156.9865,308.91324,563.8208,-120.26822,-926.7639
Honda,Civic Sedan,8.0,105187.0,4,Sedan,Mainstream,Normal,Automatic,0,0,0,0,0,0,17998.0,20273.2,-2275.19921875,2275.19921875,-12.64,108.53138,432.79742,-283.3437,1.4603206,-14.620623,-4.146406,-0.07644282,6.3123484,31.80873,-199.95773,-1.2754893,-9.283869,22.97641,-18.647203,-3.13558,69.39958
Ford,F-250 Super Duty,13.0,229000.0,8,Pickup Truck,Mainstream,1std,Automatic,0,0,0,0,0,0,23900.0,24132.297,-232.296875,232.296875,-0.97,108.53138,-2767.3213,1459.7462,-4.130018,-62.309185,64.17125,0.36842644,32.26259,52.956863,1800.699,20.327648,1027.4531,1211.3035,-60.862186,3730.3745,6613.5713
Jeep,Grand Cherokee,15.0,316000.0,6,SUV,Mainstream,Normal,Automatic,0,0,0,0,0,0,8000.0,6193.3203,1806.6796875,1806.6796875,22.58,108.53138,-2818.2024,3143.743,-10.4902,-28.033949,16.037958,-0.08202924,-10.077633,31.225115,18.951847,21.357056,170.21117,-232.41084,105.219795,-50.513,465.46722
Toyota,Tacoma,4.0,86392.0,4,Pickup Truck,Mainstream,Normal,Automatic,0,0,0,0,0,0,44997.0,46089.68,-1092.6796875,1092.6796875,-2.43,108.53138,-1077.6038,222.10902,-6.0438476,-34.219204,-42.919895,-1.3287143,5.3875,-23.004454,-228.02245,14.725089,-177.18669,156.8588,125.03479,-79.865204,-1037.5476
Toyota,Corolla Sedan,5.0,118000.0,4,Sedan,Mainstream,Normal,Automatic,0,0,0,0,0,0,20950.0,23927.928,-2977.927734375,2977.927734375,-14.21,108.53138,60.308247,-588.69006,5.118563,-20.107038,-17.60591,-0.07644282,7.5738177,-17.386068,-336.15295,29.520678,-111.03176,16.20327,-35.287445,-24.509724,-923.59143
Hyundai,Elantra,3.0,35000.0,4,Sedan,Economy,Normal,Automatic,0,0,0,0,0,0,24850.0,24485.125,364.875,364.875,1.47,108.53138,-0.7619258,-98.32375,-6.283772,-81.79889,-26.921062,-1.9797503,7.029311,39.68562,-364.00064,-4.987511,140.21997,-130.61441,165.73456,-11.98405,-266.45493
Toyota,Venza,6.0,91000.0,4,SUV,Mainstream,Normal,Automatic,1,0,0,0,0,0,32950.0,34802.473,-1852.47265625,1852.47265625,-5.62,108.53138,986.0028,-441.95563,7.0783215,-24.213415,-11.692908,-1.3501977,6.43973,-321.3874,534.7289,19.007662,-230.10208,-114.37926,-2.660837,-37.022854,477.0242
Mercedes-Benz,GLE,9.0,113277.0,6,SUV,Luxury,Normal,Automatic,0,0,0,0,0,0,45900.0,30194.314,15705.685546875,15705.685546875,34.22,108.53138,-323.29688,350.26373,17.173891,-26.806227,2.9130793,-0.111787155,24.0916,340.93314,798.76685,9.86655,-282.40002,787.6448,68.856735,-79.71036,1796.7164
Mercedes-Benz,GLE,9.0,56384.0,6,SUV,Luxury,Normal,Automatic,0,0,0,0,0,0,31995.0,42384.33,-10389.328125,10389.328125,-32.47,108.53138,490.55176,1055.2511,28.948837,-24.87614,3.9081895,-1.3884553,23.819326,350.09323,1196.0022,-4.6928306,-192.4464,813.8857,-101.19162,-85.41752,3660.979
Mercedes-Benz,GLE,4.0,101000.0,6,SUV,Luxury,Normal,Automatic,0,0,0,0,0,0,45888.0,57188.81,-11300.80859375,11300.80859375,-24.63,108.53138,-1586.2601,-451.1094,3.9175014,-30.576927,-5.471113,-0.111787155,13.274161,377.63977,943.1167,11.960884,-86.368195,1242.8605,48.5967,-65.27585,524.72394
Mercedes-Benz,GLE,3.0,75000.0,6,SUV,Luxury,Normal,Automatic,0,0,0,0,0,0,67888.0,66384.625,1503.375,1503.375,2.21,108.53138,1158.3301,697.65314,4.1311884,-20.490726,-6.3451896,-2.0150945,13.505219,440.54306,2511.587,26.209684,114.91533,1167.2676,155.9522,-188.21129,6181.563
Mercedes-Benz,GLE,4.0,98000.0,6,SUV,Luxury,Normal,Automatic,0,0,0,0,0,0,54888.0,58231.28,-3343.28125,3343.28125,-6.09,108.53138,-1172.5332,147.88228,3.9175014,-30.576927,-5.471113,-0.111787155,13.14074,377.63977,1201.7694,11.960884,-51.945797,1255.3125,48.5967,-67.51068,1840.6017
Mercedes-Benz,GLE,3.0,65000.0,6,SUV,Luxury,Normal,Automatic,0,0,0,0,0,0,79888.0,68090.57,11797.4296875,11797.4296875,14.77,108.53138,-1353.6388,902.1484,4.0933056,-22.619637,-6.115071,-2.0150945,13.505219,445.3883,1928.9106,11.469876,130.57935,1186.7845,-268.09375,-123.95523,2954.9736
Mercedes-Benz,GLE,3.0,76000.0,6,SUV,Luxury,Normal,Automatic,0,0,0,0,0,0,59888.0,66384.625,-6496.625,6496.625,-10.85,108.53138,1158.7023,697.78375,4.1507244,-20.490726,-6.3451896,-2.0150945,13.505219,440.54306,2511.587,26.209684,115.433334,1166.4884,156.4702,-188.99034,6181.563
Mercedes-Benz,GLE,5.0,54000.0,6,SUV,Luxury,Normal,Automatic,0,0,0,0,0,0,49888.0,58473.02,-8585.01953125,8585.01953125,-17.21,108.53138,-2420.498,-1012.64764,5.2547607,-24.108767,3.7631433,-1.3884553,20.935772,395.11722,-417.74945,1.0029427,-250.22159,1045.7458,-84.43242,-50.272453,-2680.968
Mercedes-Benz,GLE,5.0,60000.0,6,SUV,Luxury,Normal,Automatic,0,0,0,0,0,0,59888.0,59306.19,581.80859375,581.80859375,0.97,108.53138,-135.94612,-1039.2659,5.280697,-24.164328,3.7631433,-1.3884553,21.02385,395.11722,229.79689,-5.231378,-225.55743,1016.6005,-150.50461,-50.89814,147.15726
Mercedes-Benz,GLE,6.0,87375.0,6,SUV,Luxury,Normal,Automatic,0,0,0,0,0,0,46012.0,51111.855,-5099.85546875,5099.85546875,-11.08,108.53138,-1285.2504,-974.51324,4.814688,-25.24827,2.6630547,-1.385542,21.553082,304.825,374.3673,-2.2130141,-104.91731,928.65454,-131.6293,-79.406555,-859.1547
Mercedes-Benz,GLE,4.0,75000.0,6,SUV,Luxury,Normal,Automatic,0,0,0,0,0,0,66888.0,61784.953,5103.046875,5103.046875,7.63,108.53138,864.5444,217.54282,4.536109,-22.40197,-4.0936465,-1.3884553,12.938441,378.58746,1825.5487,26.971815,-41.752487,1170.5759,156.48782,-125.634094,4570.994
Mercedes-Benz,GLE,5.0,66000.0,6,SUV,Luxury,Normal,Automatic,0,0,0,0,0,0,48888.0,56872.92,-7984.921875,7984.921875,-16.33,108.53138,-923.7679,-983.4449,5.2068195,-24.212214,4.17934,-1.3884553,20.87232,389.6095,351.1643,11.510059,-224.11597,1001.17206,-34.47972,-64.844604,-364.008
Mercedes-Benz,GLE,5.0,47281.0,6,SUV,Luxury,Normal,Automatic,1,0,0,0,0,0,66000.0,64561.258,1438.7421875,1438.7421875,2.18,108.53138,-1429.6335,-1364.2494,5.867804,-23.94606,-6.951383,-1.3884553,-4.912994,-5156.808,-3135.5908,0.76568365,-405.6411,-356.23904,-60.03943,-20.943031,-11851.179
Mercedes-Benz,GLE,3.0,82311.0,6,SUV,Luxury,Normal,Automatic,0,0,0,0,0,0,72888.0,64693.65,8194.3515625,8194.3515625,11.24,108.53138,1429.1447,960.8826,3.5283527,-19.882685,-15.190421,-1.9932005,13.634101,442.1188,2738.1465,11.564172,109.74621,1153.5625,159.92566,-153.3004,6940.418
Mercedes-Benz,GLE,9.0,85709.0,6,SUV,Luxury,Normal,Automatic,0,0,0,0,0,0,41999.0,33307.816,8691.18359375,8691.18359375,20.69,108.53138,218.54694,554.2213,19.042412,-23.374271,2.7274776,-1.385542,23.958178,305.548,1354.4213,-3.329546,-202.10536,720.7488,37.35138,-109.08273,3005.8196
Mercedes-Benz,GLE,9.0,113000.0,6,SUV,Luxury,Normal,Automatic,0,0,0,0,0,0,29995.0,30194.314,-199.314453125,199.314453125,-0.66,108.53138,-944.85297,532.743,17.173891,-26.806227,2.9130793,-0.111787155,24.0916,340.93314,785.55206,9.86655,-254.47505,783.66675,-5.2850122,-86.95899,1286.9814
Mercedes-Benz,GLE,1.0,53862.0,6,SUV,Luxury,Normal,Automatic,0,1,0,0,0,0,69995.0,73736.42,-3741.421875,3741.421875,-5.35,108.53138,-1958.6396,-2309.4023,-586.4025,20.224371,-21.398987,-2.4193137,51.490326,477.8322,-894.95386,2.9396377,2.2465858,1983.4838,-69.50358,-114.155594,-3310.1277
Mercedes-Benz,GLE,7.0,91347.0,6,SUV,Luxury,Normal,Automatic,0,0,0,0,0,0,40995.0,44327.633,-3332.6328125,3332.6328125,-8.13,108.53138,933.708,9.666104,4.9197416,-23.511497,2.8090782,-1.385542,23.960089,343.57434,1486.2717,2.9459267,-397.49606,1070.6272,-8.906877,-73.640236,3482.0735
Mercedes-Benz,GLE,5.0,96000.0,6,SUV,Luxury,Normal,Automatic,0,0,0,0,0,0,46900.0,53737.895,-6837.89453125,6837.89453125,-14.58,108.53138,-651.0333,-1215.9219,4.6381717,-26.56813,2.7680323,-0.12465823,21.074625,385.9553,166.0594,11.550283,-343.67947,1012.6376,-6.2653947,-72.308846,-602.68677
Mercedes-Benz,GLE,3.0,56604.0,6,SUV,Luxury,Normal,Automatic,0,0,0,0,0,0,82900.0,69660.48,13239.5234375,13239.5234375,15.97,108.53138,-579.85114,515.2685,4.131893,-22.572647,-6.480292,-2.0150945,13.656749,449.33194,1891.9349,-2.732127,155.20284,1242.636,-65.241646,-110.22359,3591.5776
Mercedes-Benz,GLE,9.0,99998.0,6,SUV,Luxury,Normal,Automatic,0,0,0,0,0,0,27990.0,31349.725,-3359.724609375,3359.724609375,-12.0,108.53138,-584.25696,716.83124,19.160849,-27.055157,2.9130793,-0.111787155,23.958178,338.72418,1130.5605,9.86655,-254.2422,819.3077,-5.742837,-95.50656,2202.9382
Mercedes-Benz,GLE,2.0,42012.0,6,SUV,Luxury,Normal,Automatic,0,0,0,0,0,0,84284.0,69463.2,14820.796875,14820.796875,17.58,108.53138,91.91553,-31.704605,4.3791027,0.9437561,-7.686036,-2.4193137,13.528883,433.69968,3045.1777,0.8118186,0.5909009,1915.1572,-13.916434,-99.70231,5459.307
Mercedes-Benz,GLE,9.0,26000.0,6,SUV,Luxury,Normal,Automatic,0,0,0,0,0,0,37995.0,43386.266,-5391.265625,5391.265625,-14.19,108.53138,779.73425,-111.87045,37.650322,-51.82482,2.3797362,-1.3884553,32.543114,307.60712,2761.8167,-25.038895,-212.07475,2007.8748,-76.86127,-62.198143,5496.8804
Mercedes-Benz,GLE,1.0,41692.0,6,SUV,Luxury,Normal,Automatic,1,0,0,0,0,0,76999.0,79999.19,-3000.1875,3000.1875,-3.9,108.53138,-1555.203,-2188.754,10.322039,12.755091,-19.049109,-2.4193137,25.647545,-4560.9434,-2473.4854,0.000317242,58.52888,832.4903,-326.70776,-123.35578,-10201.643
Mercedes-Benz,GLE,5.0,84836.0,6,SUV,Luxury,Normal,Automatic,0,0,0,0,0,0,50020.0,55307.02,-5287.01953125,5287.01953125,-10.57,108.53138,640.4212,-1370.2511,4.507648,-21.573406,2.5824316,-1.385542,21.001205,388.92752,820.20416,11.693218,-248.73979,723.358,67.575424,-139.10219,1007.7501
Mercedes-Benz,GLE,5.0,69016.0,6,SUV,Luxury,Normal,Automatic,0,1,0,0,0,0,49995.0,57138.05,-7143.05078125,7143.05078125,-14.29,108.53138,-1054.0797,-974.1434,-62.31496,-23.033081,6.391011,-1.3884553,20.86634,389.58075,148.28917,16.169434,-324.3549,999.2949,-76.854485,-19.295351,-846.3411
Mercedes-Benz,GLE,4.0,70648.0,6,SUV,Luxury,Normal,Automatic,0,0,0,0,0,0,69888.0,62779.395,7108.60546875,7108.60546875,10.17,108.53138,-74.67661,49.820812,4.2595243,-24.644281,-4.0936465,-1.3884553,12.938441,378.58746,1431.7018,13.554218,-36.607925,1191.3273,20.527632,-85.02907,2984.8086
Mercedes-Benz,GLE,11.0,95750.0,6,SUV,Luxury,Normal,Automatic,0,0,0,0,0,0,22988.0,27734.566,-4746.56640625,4746.56640625,-20.65,108.53138,267.45712,-873.8599,18.675608,-39.35663,3.4316437,-0.16171892,24.126463,340.94794,1089.1007,8.576517,-273.7709,637.9737,-44.403103,-108.9232,1158.3455
Mercedes-Benz,GLE,10.0,116620.0,6,SUV,Luxury,Normal,Automatic,0,0,0,0,0,0,24990.0,29383.963,-4393.962890625,4393.962890625,-17.58,108.53138,-1134.0353,388.5357,17.209545,-27.165358,2.409781,-0.12710159,24.008532,340.9426,764.9667,7.3336596,-254.4366,748.16705,-12.0716715,-85.7693,888.4997
Mercedes-Benz,GLE,3.0,29435.0,6,SUV,Luxury,Normal,Automatic,0,0,0,0,0,0,81988.0,70882.07,11105.9296875,11105.9296875,13.55,108.53138,2721.6943,641.1503,5.478628,-27.836958,-5.5520635,-2.0150945,15.962843,390.6581,4491.6284,-54.93026,-106.03365,2869.345,-86.77357,-146.53235,10814.775
Mercedes-Benz,GLE,3.0,106266.0,6,SUV,Luxury,Normal,Automatic,0,0,0,0,0,0,49998.0,63376.188,-13378.1875,13378.1875,-26.76,108.53138,-341.36444,144.66814,1.3127087,-28.78049,-15.118375,-0.71944565,13.8409395,437.86877,2282.1277,11.296243,131.02371,1255.9492,48.03962,-72.21515,3976.4604
Mercedes-Benz,GLE,9.0,89997.0,6,SUV,Luxury,Normal,Automatic,0,0,0,0,0,0,23880.0,32748.7,-8868.69921875,8868.69921875,-37.14,108.53138,-1729.7814,436.87796,19.158768,-27.408157,2.7776384,-1.385542,23.958178,325.37515,693.6247,11.32822,-50.02411,731.3678,-133.5254,-88.52205,322.35303
Mercedes-Benz,GLE,11.0,155000.0,6,SUV,Luxury,Normal,Automatic,0,0,0,0,0,0,23995.0,21168.926,2826.07421875,2826.07421875,11.78,108.53138,-913.75085,-479.4037,29.811037,-38.436646,26.693893,-0.08202924,20.508282,272.9123,509.4297,8.644971,-201.18068,420.08273,-46.128754,-89.09858,-371.46704
Mercedes-Benz,GLE,7.0,56437.0,6,SUV,Luxury,Normal,Automatic,0,0,0,0,0,0,41980.0,50167.402,-8187.40234375,8187.40234375,-19.5,108.53138,-108.331955,188.7132,5.529056,-21.746773,3.9396303,-1.3884553,23.821238,350.1678,1326.2822,-11.758182,-215.12544,914.7601,-101.37909,-57.752357,2404.2622
Mercedes-Benz,GLE,10.0,108000.0,6,SUV,Luxury,Normal,Automatic,0,0,0,0,0,0,23995.0,29923.32,-5928.3203125,5928.3203125,-24.71,108.53138,-1046.9325,505.6001,17.173891,-27.528522,2.409781,-0.12710159,24.008532,340.9426,850.2116,7.0872784,-255.26974,771.59033,-6.8669825,-88.53659,1202.2941
Mercedes-Benz,GLE,3.0,64722.0,6,SUV,Luxury,Normal,Automatic,0,0,0,0,0,0,77900.0,68090.57,9809.4296875,9809.4296875,12.59,108.53138,-1353.6388,902.1484,4.0933056,-22.619637,-6.115071,-2.0150945,13.505219,445.3883,1928.9106,11.469876,130.57935,1186.7845,-268.09375,-123.95523,2954.9736
Mercedes-Benz,GLE,1.0,4750.0,6,SUV,Luxury,Normal,Automatic,0,0,0,0,0,0,84785.0,96658.39,-11873.390625,11873.390625,-14.0,108.53138,-444.29926,-1425.7241,-6.2288694,7.8855457,64.44619,-2.3960774,84.62293,-114.68954,2160.1282,118.67514,259.44415,1600.7542,-62.998497,-237.35292,2110.798
Mercedes-Benz,GLE,5.0,18017.0,6,SUV,Luxury,Normal,Automatic,1,0,0,0,0,0,64000.0,70098.19,-6098.1875,6098.1875,-9.53,108.53138,-1386.6609,-1821.0062,8.370507,-51.204983,-7.056563,-1.3884553,7.0427127,-2716.0205,-3109.438,-26.13445,-585.1501,-650.10913,-6.8000016,-53.338844,-10290.364
Mercedes-Benz,GLE,10.0,162362.0,6,SUV,Luxury,Normal,Automatic,0,0,0,0,0,0,18300.0,22529.605,-4229.60546875,4229.60546875,-23.11,108.53138,-1297.603,398.99066,10.8821945,-26.482243,14.255836,-0.07571785,20.051455,271.95728,615.1392,8.64333,-310.54816,279.3105,2.343864,-89.76624,5.630333
Mercedes-Benz,GLE,5.0,125000.0,6,SUV,Luxury,Normal,Automatic,0,0,0,0,0,0,59999.0,51231.99,8767.01171875,8767.01171875,14.61,108.53138,264.2416,-1613.2639,1.9134858,-26.236021,3.155932,-0.111787155,17.503572,385.98282,782.48456,11.797333,-328.756,918.9634,-6.465571,-64.15225,455.58835
Mercedes-Benz,GLE,6.0,97000.0,6,SUV,Luxury,Normal,Automatic,0,1,0,0,0,0,45000.0,48607.53,-3607.53125,3607.53125,-8.02,108.53138,-990.7313,-931.6184,-44.880455,-23.704643,4.139011,-0.12465823,21.547102,341.03317,327.60977,15.455795,-298.22833,989.28394,-60.733627,-38.20975,-580.63104
Mercedes-Benz,GLE,9.0,84600.0,6,SUV,Luxury,Normal,Automatic,0,0,0,0,0,0,42900.0,33307.816,9592.18359375,9592.18359375,22.36,108.53138,1036.9392,425.37753,19.31195,-22.161312,2.7274776,-1.385542,23.884758,344.1125,1733.5952,9.726469,-203.75539,720.954,39.05828,-113.87456,4123.042
Mercedes-Benz,GLE,4.0,41147.0,6,SUV,Luxury,Normal,Automatic,0,0,0,0,0,0,64888.0,65495.21,-607.2109375,607.2109375,-0.94,108.53138,2270.4087,-732.17,5.046891,-24.87224,-4.496093,-1.3884553,13.001893,378.5151,3309.8264,0.41936424,-107.021614,2742.013,-53.916534,-24.876457,7879.0215
Mercedes-Benz,GLE,5.0,56733.0,6,SUV,Luxury,Normal,Automatic,0,0,0,0,0,0,57899.0,59372.055,-1473.0546875,1473.0546875,-2.54,108.53138,-733.0101,-1311.2677,5.245406,-24.165226,3.7631433,-1.3884553,21.02385,395.11722,233.8438,-2.6972153,-215.41682,1045.5286,-98.745155,-51.09581,-624.73346
Mercedes-Benz,GLE,3.0,12885.0,6,SUV,Luxury,Normal,Automatic,0,0,0,0,0,1,80430.0,81198.77,-768.7734375,768.7734375,-0.96,108.53138,-3437.4446,1413.9537,-4.6987834,-27.029213,31.96711,-2.0150945,-610.48224,292.68106,1018.9551,-19.220978,0.99674845,1620.7435,-543.55676,-66.482124,-223.10101
Mercedes-Benz,GLE,6.0,98234.0,6,SUV,Luxury,Normal,Automatic,0,0,0,0,0,0,69998.0,49730.824,20267.17578125,20267.17578125,28.95,108.53138,-864.4356,-982.7609,4.816767,-24.895271,2.7984955,-0.111787155,21.553082,341.0328,417.49127,10.796421,-281.90753,991.58777,-1.5826669,-83.7217,-340.80756
Mercedes-Benz,GLE,6.0,89021.0,6,SUV,Luxury,Normal,Automatic,1,0,0,0,0,0,48495.0,55312.492,-6817.4921875,6817.4921875,-14.06,108.53138,-1946.4213,-620.7265,4.7667813,-25.081263,-5.260541,-1.385542,-4.2956853,-3258.5095,-2842.4978,12.091701,-149.66095,404.3014,-119.604774,-63.23448,-8506.986
Mercedes-Benz,GLE,6.0,67537.0,6,SUV,Luxury,Normal,Automatic,0,0,0,0,0,0,42888.0,52106.266,-9218.265625,9218.265625,-21.49,108.53138,-522.63043,-673.0322,5.0073786,-23.138985,4.209803,-1.3884553,21.350779,344.71268,614.35803,10.7562,-228.04292,1007.7456,-32.581795,-79.16014,556.6969
Mercedes-Benz,GLE,6.0,82388.0,6,SUV,Luxury,Normal,Automatic,1,0,0,0,0,0,72000.0,56130.973,15869.02734375,15869.02734375,22.04,108.53138,30.790804,-753.7396,4.784632,-20.23722,-5.310702,-1.385542,-4.369103,-3667.5842,-2126.5662,10.897959,-292.83685,408.73755,79.23387,-89.3684,-6318.4214
Mercedes-Benz,GLE,6.0,53831.0,6,SUV,Luxury,Normal,Automatic,1,0,0,0,0,0,52990.0,60241.246,-7251.24609375,7251.24609375,-13.68,108.53138,-2621.7595,-289.14612,5.3854494,-22.89887,-6.1125503,-1.3884553,-4.4345345,-3778.9546,-3421.7075,0.08268945,-289.19193,496.0276,-72.47147,-53.384903,-9951.425
Mercedes-Benz,GLE,3.0,44880.0,6,SUV,Luxury,Normal,Automatic,0,0,0,0,0,0,78900.0,71365.125,7534.875,7534.875,9.55,108.53138,-683.36707,875.41833,4.85456,-22.954288,-6.7380157,-2.0150945,13.568671,452.24442,3070.0476,0.7250918,32.3946,1991.3617,-54.02845,-100.76218,5679.2812
Mercedes-Benz,GLE,4.0,40127.0,6,SUV,Luxury,Normal,Automatic,0,0,0,0,0,1,82367.0,65841.73,16525.2734375,16525.2734375,20.06,108.53138,4276.056,-789.58716,5.0358324,-25.212187,-4.496093,-1.3884553,-292.20203,335.71924,2788.5317,0.5743835,-41.974384,3270.508,-77.009605,12.070606,9565.156
Mercedes-Benz,GLE,5.0,99051.0,6,SUV,Luxury,Normal,Automatic,0,0,0,0,0,0,51995.0,53733.582,-1738.58203125,1738.58203125,-3.34,108.53138,-1347.5652,-1387.7532,4.6381717,-26.579626,2.7680323,-0.111787155,21.074625,385.9553,99.5567,11.550283,-293.28473,1035.2606,-3.4805856,-72.589905,-1462.0297
Mercedes-Benz,GLE,9.0,97330.0,6,SUV,Luxury,Normal,Automatic,0,0,0,0,0,0,29973.0,32691.443,-2718.443359375,2718.443359375,-9.07,108.53138,-656.07623,425.37503,19.160849,-27.043663,2.9130793,-0.12465823,23.958178,340.9056,1165.9684,9.86655,-224.76355,807.0394,-8.527642,-95.63559,1891.5472
Mercedes-Benz,GLE,5.0,96552.0,6,SUV,Luxury,Normal,Automatic,0,0,0,0,0,0,78998.0,53737.895,25260.10546875,25260.10546875,31.98,108.53138,-651.0333,-1215.9219,4.6381717,-26.56813,2.7680323,-0.12465823,21.074625,385.9553,166.0594,11.550283,-343.67947,1012.6376,-6.2653947,-72.308846,-602.68677
Mercedes-Benz,GLE,7.0,92090.0,6,SUV,Luxury,Normal,Automatic,0,0,0,0,0,0,39970.0,43582.62,-3612.62109375,3612.62109375,-9.04,108.53138,933.708,9.666104,4.9197416,-23.511497,2.8090782,-1.385542,23.960089,343.57434,1486.2717,2.9459267,-397.49606,1070.6272,-8.906877,-73.640236,3482.0735
Mercedes-Benz,GLE,11.0,116000.0,6,SUV,Luxury,Normal,Automatic,0,0,0,0,0,0,26999.0,26298.314,700.685546875,700.685546875,2.6,108.53138,-514.47974,-616.8951,16.7243,-39.119762,3.4316437,-0.14884785,24.259886,340.97546,686.40625,8.8188305,-271.0053,675.5713,-55.41325,-85.93217,281.72498
Mercedes-Benz,GLE,9.0,127631.0,6,SUV,Luxury,Normal,Automatic,0,1,0,0,0,0,24688.0,28826.883,-4138.8828125,4138.8828125,-16.76,108.53138,39.121353,71.19831,-56.1406,-24.074066,4.641494,-0.111787155,20.381145,340.9335,1050.5137,14.749565,-283.3758,713.56616,-65.163704,-43.271244,1891.4993
Mercedes-Benz,GLE,3.0,63828.0,6,SUV,Luxury,Normal,Automatic,0,0,0,0,0,0,79855.0,69200.23,10654.7734375,10654.7734375,13.34,108.53138,-850.955,912.5303,4.0933056,-22.619637,-6.115071,-2.0150945,13.558215,444.63263,1881.2593,11.293223,191.54855,1150.8652,214.01529,-121.77875,3928.844
Mercedes-Benz,GLE,3.0,35535.0,6,SUV,Luxury,Normal,Automatic,0,1,0,0,0,0,74995.0,70279.82,4715.1796875,4715.1796875,6.29,108.53138,2112.1929,653.2996,-41.06137,-22.41433,-20.653353,-2.0150945,15.65707,400.1083,4048.3545,-3.4374614,-126.48964,2853.839,-123.70468,-48.57639,9803.63
Mercedes-Benz,GLE,4.0,34175.0,6,SUV,Luxury,Normal,Automatic,0,1,0,0,0,0,64995.0,65069.29,-74.2890625,74.2890625,-0.11,108.53138,1895.3766,681.391,43.284195,-24.311102,-3.1569939,-1.3884553,15.090291,338.15283,3210.3909,-0.81700957,-235.72899,2881.7903,-123.169044,36.037033,8821.473
Mercedes-Benz,GLE,5.0,78839.0,6,SUV,Luxury,Normal,Automatic,0,0,0,0,0,0,45999.0,56975.08,-10976.078125,10976.078125,-23.86,108.53138,604.2831,-1254.2953,5.3483577,-20.756863,2.9158504,-1.3884553,20.936901,389.13113,817.83826,25.21357,-247.98009,941.73474,104.99062,-118.058945,1378.4442
Mercedes-Benz,GLE,3.0,66589.0,6,SUV,Luxury,Normal,Automatic,0,0,0,0,0,0,77900.0,66680.41,11219.59375,11219.59375,14.4,108.53138,-638.27515,877.6431,3.7152715,-22.619637,-6.064095,-2.0150945,13.505219,442.56616,2009.7352,11.469876,130.57935,1220.1702,1.5600342,-123.95523,4026.5466
Mercedes-Benz,GLE,9.0,129502.0,6,SUV,Luxury,Normal,Automatic,0,0,0,0,0,0,22985.0,29274.396,-6289.396484375,6289.396484375,-27.36,108.53138,-43.702408,123.599594,11.439045,-25.253199,2.0934722,-0.111787155,20.387125,340.93314,1073.3263,10.101897,-263.4353,703.5625,-8.727826,-82.80914,1969.9349
Mercedes-Benz,GLE,11.0,136128.0,6,SUV,Luxury,Normal,Automatic,0,0,0,0,0,0,23999.0,23853.89,145.109375,145.109375,0.6,108.53138,-289.12872,-823.56323,10.9903965,-37.566162,1.6088545,-0.14884785,20.508282,272.96924,430.20386,8.616542,-286.69516,448.36423,-82.70589,-88.71515,-306.7303
Mercedes-Benz,GLE,10.0,199986.0,6,SUV,Luxury,Normal,Automatic,0,0,0,0,0,0,22988.0,18664.621,4323.37890625,4323.37890625,18.81,108.53138,-647.13025,347.9386,9.3043165,-25.850636,13.530042,-0.07571785,5.9513764,267.14172,738.2036,-2.7976327,-317.83923,213.48488,-0.34901083,-101.328316,608.71515
Mercedes-Benz,GLE,6.0,91503.0,6,SUV,Luxury,Normal,Automatic,0,0,0,0,0,0,69888.0,50374.258,19513.7421875,19513.7421875,27.92,108.53138,838.7071,-981.83075,4.814688,-24.883776,2.6630547,-1.385542,21.553082,343.62695,729.9471,10.80559,-450.4808,1172.5582,-4.559217,-77.685486,1692.3817
Mercedes-Benz,GLE,4.0,68871.0,6,SUV,Luxury,Normal,Automatic,0,0,0,0,0,0,69880.0,63058.81,6821.19140625,6821.19140625,9.76,108.53138,-1109.8414,288.4157,4.554897,-24.53088,-4.0281124,-1.3884553,12.938441,380.61057,1213.9154,11.927696,-72.665695,1221.0732,16.08708,-61.457718,1984.142
Mercedes-Benz,GLE,11.0,208123.0,6,SUV,Luxury,Normal,Automatic,0,1,0,0,0,0,23888.0,16285.698,7602.3017578125,7602.3017578125,31.82,108.53138,-1568.6871,-609.7929,-47.736412,-37.586647,15.571451,-0.08202924,1.9145806,268.32852,757.8295,17.045803,-343.1683,76.3921,-88.42116,-55.21546,-1505.0767
Mercedes-Benz,GLE,5.0,129853.0,6,SUV,Luxury,Normal,Automatic,0,0,0,0,0,0,58880.0,51400.93,7479.0703125,7479.0703125,12.7,108.53138,-586.163,-1653.3363,1.9134858,-26.236021,1.9484258,-0.111787155,17.503572,385.98282,-120.7902,11.797333,-328.5034,907.40393,-6.465571,-63.04072,-1349.5659
Mercedes-Benz,GLE,7.0,73982.0,6,SUV,Luxury,Normal,Automatic,1,0,0,0,0,0,45995.0,53070.41,-7075.41015625,7075.41015625,-15.38,108.53138,-1032.6919,498.5162,5.2783384,-19.467787,-3.6333017,-1.3884553,-2.090981,-3636.7634,-1569.5012,3.8641636,-243.67654,298.52844,-2.7611554,-49.790634,-5647.047
Mercedes-Benz,GLE,7.0,71640.0,6,SUV,Luxury,Normal,Automatic,0,0,0,0,0,0,37880.0,47250.97,-9370.96875,9370.96875,-24.74,108.53138,524.3242,143.27182,5.335888,-19.637316,4.290293,-1.3884553,23.757786,342.6113,1465.618,4.0305552,-206.50972,822.3141,-18.691824,-91.74158,3106.1165
Mercedes-Benz,GLE,5.0,56000.0,6,SUV,Luxury,Normal,Automatic,1,0,0,0,0,0,66900.0,63486.16,3413.83984375,3413.83984375,5.1,108.53138,-1387.3448,-1425.7665,5.1974974,-23.998219,-6.1430144,-1.3884553,-4.912994,-4075.436,-3225.2356,-2.9030323,-269.59747,520.9194,-88.68213,-39.61228,-9916.374
Mercedes-Benz,GLE,4.0,58500.0,6,SUV,Luxury,Normal,Automatic,1,0,0,0,0,0,65882.0,70873.19,-4991.1875,4991.1875,-7.58,108.53138,-1870.279,168.36668,4.4047847,-24.310032,-14.350465,-1.3884553,-12.758798,-3894.6816,-2271.0825,-1.1699854,-103.29554,736.4165,-85.89343,-36.242035,-7297.733
Mercedes-Benz,GLE,4.0,28000.0,6,SUV,Luxury,Normal,Automatic,1,0,0,0,0,0,85000.0,70997.016,14002.984375,14002.984375,16.47,108.53138,5957.739,1031.0358,5.7515197,-50.718773,-13.943205,-1.3884553,-10.4527,-3056.4722,2486.7551,-14.74707,-473.48343,1195.7798,250.40466,-52.439186,7362.352
Mercedes-Benz,GLE,11.0,125627.0,6,SUV,Luxury,Normal,Automatic,0,0,0,0,0,0,25900.0,24355.484,1544.515625,1544.515625,5.96,108.53138,1250.8578,-940.62317,10.953802,-37.566162,3.8195424,-0.14884785,20.555416,340.97546,1886.3969,8.807799,-280.9739,627.80676,-53.55833,-85.833916,2860.0005
Mercedes-Benz,GLE,8.0,53621.0,6,SUV,Luxury,Normal,Automatic,0,0,0,0,0,0,35980.0,48500.223,-12520.22265625,12520.22265625,-34.8,108.53138,3922.5425,880.4166,36.972622,-21.570255,3.9254644,-1.3884553,23.819326,350.20154,-411.40192,-0.95324594,-284.8651,1034.9388,-72.61767,-54.538467,5514.0127
Mercedes-Benz,GLE,10.0,99900.0,6,SUV,Luxury,Normal,Automatic,0,0,0,0,0,0,23888.0,29720.645,-5832.64453125,5832.64453125,-24.42,108.53138,-811.7461,587.892,19.160849,-27.413715,2.409781,-0.12710159,23.875109,338.73364,1154.6864,7.0872784,-255.25336,789.9301,-12.520799,-99.34975,1825.896
Mercedes-Benz,GLE,3.0,33375.0,6,SUV,Luxury,Normal,Automatic,0,0,1,0,0,0,75995.0,70845.664,5149.3359375,5149.3359375,6.78,108.53138,2202.6995,411.69995,10.858148,532.43005,-6.8199196,-8.758592,15.528901,392.84598,3441.529,-16.83478,-3.0894752,2792.496,36.281574,-83.90752,9825.489
Mercedes-Benz,GLE,4.0,66587.0,6,SUV,Luxury,Normal,Automatic,0,0,0,0,0,0,79900.0,62080.832,17819.16796875,17819.16796875,22.3,108.53138,-995.8021,333.79324,4.0360694,-24.53088,-4.0281124,-1.3884553,12.938441,380.61057,1379.7128,11.927696,-17.542223,1257.9946,2.0956712,-61.457718,2386.891
Mercedes-Benz,GLE,3.0,65974.0,6,SUV,Luxury,Normal,Automatic,0,0,0,0,0,0,74500.0,66762.01,7737.9921875,7737.9921875,10.39,108.53138,-711.5165,902.1798,4.0933056,-22.619637,-6.064095,-2.0150945,13.505219,442.56616,1929.5076,11.469876,130.57935,1188.4874,1.5600342,-123.95523,3866.3096
Mercedes-Benz,GLE,5.0,78000.0,6,SUV,Luxury,Normal,Automatic,0,0,0,0,0,0,51888.0,56975.08,-5087.078125,5087.078125,-9.8,108.53138,1156.1284,-1305.9574,5.3483577,-21.136847,2.9158504,-1.3884553,20.87232,387.5864,774.29376,26.561214,-233.04037,951.3647,105.21104,-103.80585,1873.4845
Mercedes-Benz,GLE,5.0,72981.0,6,SUV,Luxury,Normal,Automatic,0,0,0,0,0,0,45898.0,57925.934,-12027.93359375,12027.93359375,-26.21,108.53138,-90.251625,-1213.5038,5.0425954,-22.080297,4.1138062,-1.3884553,20.87232,387.5864,448.16107,13.05209,-226.0422,967.8588,-9.887766,-59.63012,332.43427
Mercedes-Benz,GLE,5.0,61696.0,6,SUV,Luxury,Normal,Automatic,0,0,0,0,0,0,78995.0,59160.77,19834.23046875,19834.23046875,25.11,108.53138,65.21507,-990.3373,5.3260775,-24.212214,4.128364,-1.3884553,20.925316,395.11722,118.82281,-0.3326966,-227.55905,1014.8922,-149.88138,-56.02603,283.22125
Mercedes-Benz,GLE,8.0,117238.0,6,SUV,Luxury,Normal,Automatic,0,1,0,0,0,1,41998.0,35183.05,6814.94921875,6814.94921875,16.23,108.53138,-166.38126,-522.04895,-37.229248,-22.08715,4.2708697,-0.111787155,-569.7832,298.04993,556.0564,14.443259,-181.58768,709.88214,-67.19698,8.001698,132.80942
Mercedes-Benz,GLE,4.0,46914.0,6,SUV,Luxury,Normal,Automatic,0,0,0,0,0,0,71800.0,67448.43,4351.5703125,4351.5703125,6.06,108.53138,548.10394,353.80722,5.175359,-24.43036,-4.702034,-1.3884553,13.001893,562.0108,2671.7527,1.354985,-106.997025,2011.0322,-54.352665,-27.159592,6055.74
Mercedes-Benz,GLE,4.0,62954.0,6,SUV,Luxury,Normal,Automatic,1,0,0,0,0,0,58552.0,69878.97,-11326.96875,11326.96875,-19.35,108.53138,-274.82257,276.29886,4.485453,-24.363873,-13.985245,-1.3884553,-12.857331,-3894.6816,-2335.9697,8.3784685,-78.91954,710.9916,46.061348,-42.46469,-5524.7056
Mercedes-Benz,GLE,10.0,97000.0,6,SUV,Luxury,Normal,Automatic,0,0,0,0,0,0,22900.0,31360.824,-8460.82421875,8460.82421875,-36.95,108.53138,-914.10144,265.89877,19.160849,-27.402222,2.409781,-0.13997266,23.875109,340.91507,1185.4108,7.0872784,-225.10313,777.6591,-15.305604,-100.617935,1448.2777
Mercedes-Benz,GLE,5.0,41667.0,6,SUV,Luxury,Normal,Automatic,0,0,0,0,0,0,84495.0,52973.99,31521.01171875,31521.01171875,37.31,108.53138,-2401.0002,-1221.4298,5.9705873,-24.53378,-57.84466,-1.3884553,20.935772,368.3514,1413.1445,0.76000285,-155.30742,1543.064,-336.2126,-28.601322,-765.5606
Mercedes-Benz,GLE,5.0,61233.0,6,SUV,Luxury,Normal,Automatic,0,0,0,0,0,0,56998.0,59160.77,-2162.76953125,2162.76953125,-3.79,108.53138,59.83374,-1006.041,5.3260775,-24.164328,4.128364,-1.3884553,20.925316,395.11722,133.39883,-5.273565,-225.23595,1017.84686,-154.01416,-51.06039,277.92996
Mercedes-Benz,GLE,5.0,23601.0,6,SUV,Luxury,Normal,Automatic,0,0,0,0,0,0,57950.0,61757.074,-3807.07421875,3807.07421875,-6.57,108.53138,4093.0693,-631.60114,7.1172385,-50.846317,3.4455864,-1.3884553,35.503147,305.09732,3104.4004,-24.833645,-702.9101,2682.3823,-84.23984,-67.780785,8775.945
Mercedes-Benz,GLE,5.0,72451.0,6,SUV,Luxury,Normal,Automatic,0,0,0,0,0,0,57900.0,57925.934,-25.93359375,25.93359375,-0.04,108.53138,-88.41375,-1213.5038,5.0425954,-22.08282,4.1138062,-1.3884553,20.87232,387.5864,446.31372,13.05209,-226.0422,967.8588,-9.887766,-59.618057,332.43445
Mercedes-Benz,GLE,5.0,106863.0,6,SUV,Luxury,Normal,Automatic,0,0,0,0,1,0,40985.0,55503.94,-14518.94140625,14518.94140625,-35.43,108.53138,-1345.448,-2439.0925,2.4382958,-35.768665,-0.6398128,-19.474148,21.208044,385.98282,263.09528,11.565059,-341.76935,1010.3386,-3.1158013,-67.394745,-2449.5435
Mercedes-Benz,GLE,6.0,101463.0,6,SUV,Luxury,Normal,Automatic,0,0,0,0,0,0,46888.0,47802.266,-914.265625,914.265625,-1.95,108.53138,-356.29337,-785.42834,4.816767,-24.895271,2.7984955,-0.111787155,21.686504,341.0328,551.52496,10.796421,-304.91586,914.1892,-1.4283204,-82.26893,400.0347
Mercedes-Benz,GLE,11.0,90850.0,6,SUV,Luxury,Normal,Automatic,0,0,0,1,0,0,21500.0,27848.836,-6348.8359375,6348.8359375,-29.53,108.53138,1677.7844,-921.0257,28.362663,-51.290848,-66.18891,-0.91726154,24.126463,341.60178,1364.2845,8.496715,-570.26227,797.4348,-154.50069,-86.75741,2499.6802
Mercedes-Benz,GLE,7.0,75115.0,6,SUV,Luxury,Normal,Automatic,0,0,0,0,0,0,42898.0,46256.527,-3358.52734375,3358.52734375,-7.83,108.53138,1457.2239,267.9805,5.6124697,-19.632616,4.290293,-1.3884553,23.757786,342.6113,1833.67,17.539667,-214.10861,804.08246,101.67287,-134.51001,4597.332
Mercedes-Benz,GLE,3.0,41396.0,6,SUV,Luxury,Normal,Automatic,1,0,0,0,0,0,60500.0,75943.39,-15443.390625,15443.390625,-25.53,108.53138,-2139.9495,165.50626,4.8615294,-22.787285,-30.186195,-2.0150945,-12.280097,-4302.5156,-838.48584,0.55869997,66.61766,106.64087,-368.65747,-92.8665,-7357.028
Mercedes-Benz,GLE,5.0,61942.0,6,SUV,Luxury,Normal,Automatic,1,0,0,0,0,0,72000.0,64252.246,7747.75390625,7747.75390625,10.76,108.53138,-662.55585,-1108.7682,5.2781706,-24.045206,-5.7777934,-1.3884553,-4.923449,-4075.436,-3404.8574,-0.49908844,-282.27866,490.28314,-139.81833,-44.542503,-9150.799
Mercedes-Benz,GLE,11.0,129000.0,6,SUV,Luxury,Normal,Automatic,0,1,0,0,0,0,24988.0,23375.016,1612.984375,1612.984375,6.46,108.53138,488.6445,-988.6832,-50.10409,-36.387028,3.9525506,-0.14884785,20.549437,340.97583,995.8254,13.455467,-300.78604,617.11383,-109.99421,-45.184498,1057.7604
Mercedes-Benz,GLE,5.0,107180.0,6,SUV,Luxury,Normal,Automatic,0,0,0,0,0,0,61988.0,53141.28,8846.71875,8846.71875,14.27,108.53138,-1209.1412,-2390.761,2.6512055,-26.694433,2.7680323,-0.111787155,21.208044,385.98282,260.98248,11.550283,-320.30917,1008.4932,-3.1158013,-64.15163,-2212.1174
Mercedes-Benz,GLE,6.0,46281.0,6,SUV,Luxury,Normal,Automatic,0,0,0,0,0,0,67900.0,57663.695,10236.3046875,10236.3046875,15.08,108.53138,1008.3139,-1008.0963,6.0943055,-23.06636,2.9852352,-1.3884553,21.41423,371.2881,1677.5137,0.17821327,-276.47736,1522.739,-68.20454,-44.585575,3297.2395
Mercedes-Benz,GLE,6.0,40958.0,6,SUV,Luxury,Normal,Automatic,0,0,0,0,0,0,51900.0,56623.453,-4723.453125,4723.453125,-9.1,108.53138,3100.9302,-1340.3898,5.965837,-23.512064,3.1911774,-1.3884553,21.41423,341.5486,2220.7917,-0.75740874,-268.5543,2236.869,-67.7684,-42.562263,6294.3096
Mercedes-Benz,GLE,3.0,42360.0,6,SUV,Luxury,Normal,Automatic,0,0,0,0,0,0,62500.0,69233.98,-6733.9765625,6733.9765625,-10.77,108.53138,-420.95517,1007.041,4.909436,-22.954288,-19.827034,-2.0150945,13.568671,428.64706,3548.18,0.7250918,2.0925868,1991.5383,-11.735458,-99.626076,6528.121
Mercedes-Benz,GLE,6.0,65728.0,6,SUV,Luxury,Normal,Automatic,0,0,0,0,0,0,49973.0,52187.86,-2214.859375,2214.859375,-4.43,108.53138,-671.2741,-682.6428,5.385417,-23.138985,4.209803,-1.3884553,21.350779,344.71268,602.73914,10.7562,-220.12642,976.063,-32.581795,-79.16014,363.43558
Mercedes-Benz,GLE,7.0,99930.0,6,SUV,Luxury,Normal,Automatic,0,0,0,0,0,0,45888.0,42507.234,3380.765625,3380.765625,7.37,108.53138,-827.7761,205.65608,4.9218206,-23.522995,2.944519,-0.111787155,23.960089,338.79877,1179.4467,2.936759,-253.81427,899.22107,-5.930327,-79.960075,1575.3015
Mercedes-Benz,GLE,3.0,70000.0,6,SUV,Luxury,Normal,Automatic,1,1,0,1,0,0,57888.0,71409.9,-13521.8984375,13521.8984375,-23.36,108.53138,-252.39677,-68.77352,-78.04092,-23.949263,176.64917,-1.5352778,-12.349527,-4423.8545,-2055.2017,16.025309,3.6371374,593.7143,-32.668133,-77.70929,-6127.9214
Mercedes-Benz,GLE,9.0,153251.0,6,SUV,Luxury,Normal,Automatic,0,0,0,0,0,0,21500.0,25943.168,-4443.16796875,4443.16796875,-20.67,108.53138,-846.6523,374.3417,10.875343,-26.123684,19.05373,-0.07127315,20.33999,272.86993,518.23804,9.939066,-286.36182,526.0955,19.653725,-88.72241,632.007
Mercedes-Benz,GLE,3.0,27857.0,6,SUV,Luxury,Normal,Automatic,1,0,0,0,0,0,79988.0,77189.266,2798.734375,2798.734375,3.5,108.53138,2866.2073,-158.36975,5.2498846,-27.465488,-15.868208,-2.0150945,-10.630182,-3641.61,714.21985,-22.643538,-159.5619,1384.2449,-26.581554,-138.86469,874.8427
Mercedes-Benz,GLE,9.0,136510.0,6,SUV,Luxury,Normal,Automatic,0,0,0,0,0,0,24880.0,28582.555,-3702.5546875,3702.5546875,-14.88,108.53138,-487.6879,249.99525,11.475641,-25.253199,1.0902902,-0.111787155,20.33999,272.92688,484.6221,9.910638,-269.22076,534.68256,-37.87538,-86.8019,786.62384
Mercedes-Benz,GLE,2.0,34611.0,6,SUV,Luxury,Normal,Automatic,0,0,0,0,0,0,72495.0,75429.664,-2934.6640625,2934.6640625,-4.05,108.53138,2241.3213,-455.699,-3.4084764,0.44648054,6.393766,-2.4193137,15.6232605,405.07974,2919.36,-5.8807273,-70.32503,2713.027,-70.17261,-96.0119,7705.866
Mercedes-Benz,GLE,11.0,134510.0,6,SUV,Luxury,Normal,Automatic,0,0,0,0,0,0,23480.0,23853.89,-373.890625,373.890625,-1.59,108.53138,-744.72284,-782.9615,10.9903965,-37.566162,1.9771423,-0.14884785,20.508282,272.96924,427.536,8.796521,-284.36322,447.18442,-82.70589,-88.71515,-722.69006
Mercedes-Benz,GLE,11.0,220321.0,6,SUV,Luxury,Normal,Automatic,0,0,0,0,0,0,20000.0,15862.98,4137.01953125,4137.01953125,20.69,108.53138,-234.60686,-821.366,11.596764,-37.99985,15.544607,-0.08202924,-9.822315,274.25232,794.0145,9.725669,-318.61383,97.66824,-84.935936,-89.031944,-285.1253
Mercedes-Benz,GLE,5.0,93167.0,6,SUV,Luxury,Normal,Automatic,0,0,0,0,0,0,65200.0,53737.895,11462.10546875,11462.10546875,17.58,108.53138,-753.72736,-1271.8436,4.6360917,-26.56813,2.6096442,-0.12465823,21.074625,386.18387,476.05612,11.559452,-384.5301,955.0265,-6.4571395,-66.49425,-544.0676
Mercedes-Benz,GLE,4.0,77593.0,6,SUV,Luxury,Normal,Automatic,0,0,0,0,0,0,49882.0,61828.54,-11946.5390625,11946.5390625,-23.95,108.53138,686.96466,50.446896,4.555645,-22.417282,-5.291604,-1.3884553,12.938441,378.58746,1783.8645,26.971815,-28.230316,963.44965,157.39204,-156.34897,3960.0264
Mercedes-Benz,GLE,6.0,34800.0,6,SUV,Luxury,Normal,Automatic,1,0,1,0,0,0,55998.0,61215.566,-5217.56640625,5217.56640625,-9.32,108.53138,1289.8234,-1189.1039,6.5515676,500.44135,-24.640024,-8.131953,-6.1282525,-3295.6133,-588.66516,-15.675095,-347.50922,679.2414,-82.61391,14.960073,-2958.5317
Mercedes-Benz,GLE,5.0,127660.0,6,SUV,Luxury,Normal,Automatic,0,1,0,0,0,0,44995.0,50397.08,-5402.078125,5402.078125,-12.01,108.53138,-637.6576,-1619.7301,8.306619,-25.056889,4.4964466,-0.111787155,17.497593,385.9832,-106.47871,16.445002,-360.70184,916.48914,-61.700428,-23.50283,-1377.191
Mercedes-Benz,GLE,5.0,79642.0,6,SUV,Luxury,Normal,Automatic,1,0,0,0,0,0,51950.0,62569.867,-10619.8671875,10619.8671875,-20.44,108.53138,-174.66862,-1265.7393,4.6060348,-21.492851,-5.117747,-1.3884553,-4.888511,-3964.5916,-2726.7292,24.985872,-297.40134,417.42944,112.193245,-99.48714,-7893.758
Mercedes-Benz,GLE,3.0,64387.0,6,SUV,Luxury,Normal,Automatic,0,0,0,0,0,0,74972.0,69155.6,5816.3984375,5816.3984375,7.76,108.53138,-1718.4252,912.73596,4.0933056,-22.619637,-6.115071,-2.0150945,13.505219,445.79526,1924.8274,11.293223,191.65115,1150.8766,-290.01785,-121.83175,2602.285
Mercedes-Benz,GLE,6.0,83249.0,6,SUV,Luxury,Normal,Automatic,0,0,0,0,0,0,43898.0,50655.934,-6757.93359375,6757.93359375,-15.39,108.53138,607.27686,-1009.2902,4.832537,-20.404228,2.6128938,-1.385542,21.479662,344.2397,1063.2987,11.064351,-245.54362,932.95013,69.47335,-106.67441,1782.4615
Mercedes-Benz,GLE,8.0,98403.0,6,SUV,Luxury,Normal,Automatic,0,0,0,0,0,0,41995.0,37524.363,4470.63671875,4470.63671875,10.65,108.53138,-332.02115,-436.4799,8.159224,-23.399658,2.9303532,-0.111787155,23.958178,341.01392,1215.39,9.86655,-228.69456,813.4711,-5.969073,-79.91141,1416.7332
Mercedes-Benz,GLE,6.0,111000.0,6,SUV,Luxury,Normal,Automatic,0,0,0,0,0,0,42988.0,47595.086,-4607.0859375,4607.0859375,-10.72,108.53138,-1167.7428,-847.0396,2.829801,-24.646341,2.7984955,-0.111787155,21.686504,341.06033,144.2887,10.796421,-304.0581,966.8247,-1.2178826,-75.28496,-821.28534
Mercedes-Benz,GLE,11.0,103184.0,6,SUV,Luxury,Normal,Automatic,0,0,0,0,0,0,48888.0,24523.248,24364.751953125,24364.751953125,49.84,108.53138,428.57837,-362.52097,18.675608,-39.368126,3.4316437,-0.14884785,24.259886,340.94794,1225.8148,8.572453,-272.78125,640.853,-17.24048,-95.87229,2011.7332
Mercedes-Benz,GLE,3.0,32935.0,6,SUV,Luxury,Normal,Automatic,0,0,0,0,0,0,65999.0,71576.32,-5577.3203125,5577.3203125,-8.45,108.53138,2182.8057,600.0197,5.5906525,-25.039932,-6.207528,-2.0150945,15.663048,392.80127,3482.4255,-8.661387,-64.75938,2882.0078,45.400024,-97.481766,9511.08
Mercedes-Benz,GLE,3.0,65770.0,6,SUV,Luxury,Normal,Automatic,0,0,0,0,0,0,80995.0,66762.01,14232.9921875,14232.9921875,17.57,108.53138,-711.5165,902.1798,4.0933056,-22.619637,-6.064095,-2.0150945,13.505219,442.56616,1929.5076,11.469876,130.57935,1188.4874,1.5600342,-123.95523,3866.3096
Mercedes-Benz,GLE,4.0,51626.0,6,SUV,Luxury,Normal,Automatic,0,0,0,0,0,0,66888.0,66619.96,268.0390625,268.0390625,0.4,108.53138,-638.171,-136.60675,3.914324,-24.43036,-4.5799155,-1.3884553,13.001893,387.37634,1526.2052,1.4826536,-87.064125,1008.2768,-49.06758,-43.3126,2064.1677
Mercedes-Benz,GLE,10.0,105702.0,6,SUV,Luxury,Normal,Automatic,0,0,0,0,0,0,25900.0,30675.916,-4775.916015625,4775.916015625,-18.44,108.53138,-395.53156,622.81177,19.160849,-27.528522,2.409781,-0.12710159,24.008532,340.9426,1434.8933,7.0872784,-255.26974,772.04376,-6.8669825,-91.78881,2554.7766
Mercedes-Benz,GLE,3.0,27124.0,6,SUV,Luxury,Normal,Automatic,1,0,0,0,0,0,67998.0,77086.37,-9088.3671875,9088.3671875,-13.37,108.53138,2860.002,-158.36996,5.2498846,-27.465488,-15.868208,-2.0150945,-10.630182,-3642.059,720.26624,-22.643538,-159.67265,1384.9774,-26.581554,-138.87883,874.84247
Mercedes-Benz,GLE,7.0,78902.0,6,SUV,Luxury,Normal,Automatic,0,0,0,0,0,0,44300.0,46344.742,-2044.7421875,2044.7421875,-4.62,108.53138,1044.007,130.23648,5.6320076,-18.311354,3.0923371,-1.3884553,23.822367,344.15604,1842.45,16.192026,-220.13257,798.07635,102.35668,-123.54799,4055.1724
Mercedes-Benz,GLE,7.0,79484.0,6,SUV,Luxury,Normal,Automatic,0,0,0,0,0,0,39999.0,46344.742,-6345.7421875,6345.7421875,-15.86,108.53138,867.0112,237.09433,4.9375925,-19.214348,2.9823375,-1.3884553,23.84572,344.18707,1810.4814,16.130722,-222.57825,798.39185,99.79879,-123.5022,3946.7092
Mercedes-Benz,GLE,6.0,69999.0,6,SUV,Luxury,Normal,Automatic,0,0,0,0,0,0,51190.0,53240.87,-2050.87109375,2050.87109375,-4.01,108.53138,477.29535,-940.4011,5.258092,-23.247206,4.209803,-1.3884553,21.350779,342.6639,702.267,12.382722,-244.12004,960.5268,-16.944986,-102.612015,1305.772
Mercedes-Benz,GLE,5.0,82697.0,6,SUV,Luxury,Normal,Automatic,1,0,0,0,0,0,66990.0,60824.617,6165.3828125,6165.3828125,9.2,108.53138,-262.26962,-1362.2236,4.6060348,-21.310452,-5.341166,-1.385542,-4.8475633,-3964.5916,-2711.4763,11.651821,-297.85602,433.20044,77.335945,-76.08352,-8072.061
Mercedes-Benz,GLE,4.0,137868.0,6,SUV,Luxury,Normal,Automatic,0,0,0,0,0,0,73495.0,55986.418,17508.58203125,17508.58203125,23.82,108.53138,-2378.7341,-204.98157,1.2726344,-30.23332,-9.869152,-0.34709567,11.826585,309.6611,232.91954,12.016676,-129.1459,508.60025,-3.0025167,-48.35825,-1619.8442
Mercedes-Benz,GLE,7.0,108000.0,6,SUV,Luxury,Normal,Automatic,0,0,0,0,0,0,43999.0,42709.9,1289.1015625,1289.1015625,2.93,108.53138,-1025.8718,160.45517,2.9348543,-23.637802,2.944519,-0.111787155,24.093512,341.00772,867.34033,2.936759,-253.93613,866.6081,-5.5655465,-71.239716,996.4895
Mercedes-Benz,GLE,5.0,64242.0,6,SUV,Luxury,Normal,Automatic,0,0,0,0,0,0,72888.0,59566.434,13321.56640625,13321.56640625,18.28,108.53138,-1930.6748,-972.8886,5.2068195,-24.212214,4.128364,-1.3884553,20.87232,392.8386,346.4843,11.333408,-163.04414,963.5614,-326.05765,-62.721115,-1628.0302
Mercedes-Benz,GLE,8.0,155000.0,6,SUV,Luxury,Normal,Automatic,0,0,0,0,0,0,38000.0,30214.23,7785.76953125,7785.76953125,20.49,108.53138,-1016.5045,-337.5486,23.944845,-23.92654,24.843994,-0.07127315,20.33999,272.97824,625.0506,9.939066,-167.65782,500.0503,16.353378,-76.27308,-19.950035
Mercedes-Benz,GLE,6.0,63599.0,6,SUV,Luxury,Normal,Automatic,0,0,0,0,0,0,80888.0,54586.02,26301.98046875,26301.98046875,32.52,108.53138,-811.1429,-672.72375,5.385417,-23.138985,4.1588273,-1.3884553,21.403774,346.77914,555.35406,10.579547,-159.15721,938.4409,179.87344,-76.983665,425.97144
Mercedes-Benz,GLE,6.0,51000.0,6,SUV,Luxury,Normal,Automatic,1,0,0,0,0,0,53000.0,62035.32,-9035.3203125,9035.3203125,-17.05,108.53138,-1774.6462,-850.50024,4.7699304,-22.903172,-6.2272677,-1.3884553,-4.4345345,-4084.4075,-2406.5283,0.13948995,-323.77097,-44.4476,-60.041245,-49.795303,-9515.648
Mercedes-Benz,GLE,5.0,48000.0,6,SUV,Luxury,Normal,Automatic,0,0,0,0,0,0,54800.0,60115.59,-5315.58984375,5315.58984375,-9.7,108.53138,-3306.7925,-1008.01715,5.8934865,-24.113068,2.954772,-1.3884553,20.935772,1191.5923,179.03479,1.0597441,-397.06454,717.2847,-581.64905,-30.356678,-3122.0952
Mercedes-Benz,GLE,9.0,139366.0,6,SUV,Luxury,Normal,Automatic,0,0,0,0,0,0,21998.0,28582.555,-6584.5546875,6584.5546875,-29.93,108.53138,-1971.9652,162.72186,10.926437,-25.253199,-1.6081953,-0.34709567,20.33999,272.92688,470.71262,9.7827015,-270.52448,377.7959,-40.85597,-112.9122,-989.7285
Mercedes-Benz,GLE,3.0,24985.0,6,SUV,Luxury,Normal,Automatic,0,0,0,0,0,1,77611.0,71325.336,6285.6640625,6285.6640625,8.1,108.53138,1665.0363,613.1073,3.816775,-27.747477,-6.3995695,-2.0150945,-561.45514,328.519,3350.93,-25.654097,-199.40906,3302.3967,-77.988075,-94.128876,8377.539
Mercedes-Benz,GLE,9.0,181000.0,6,SUV,Luxury,Normal,Automatic,0,0,0,0,0,0,40000.0,22075.553,17924.447265625,17924.447265625,44.81,108.53138,-1196.7998,501.76135,10.849898,-26.123684,14.403222,-0.07127315,20.425402,271.94778,609.9553,11.3108425,-310.18973,251.57617,12.994225,-89.353165,191.21796
Mercedes-Benz,GLE,10.0,155000.0,6,SUV,Luxury,Normal,Automatic,0,0,0,0,0,0,27400.0,23649.059,3750.94140625,3750.94140625,13.69,108.53138,-1641.7396,417.59552,29.949343,-26.482243,24.67933,-0.07571785,20.256924,272.87943,578.17224,7.1597967,-184.61194,491.47617,-2.7871833,-89.64151,5.361931
Mercedes-Benz,GLE,4.0,51625.0,6,SUV,Luxury,Normal,Automatic,0,1,0,0,0,0,56995.0,65551.08,-8556.078125,8556.078125,-15.01,108.53138,-751.08234,-69.87549,-33.480236,-23.251228,-3.6756258,-1.3884553,12.995914,387.3476,1431.5833,5.617749,-132.17859,1005.72015,-105.74922,2.2366467,1833.3516
Mercedes-Benz,GLE,4.0,77000.0,6,SUV,Luxury,Normal,Automatic,0,0,0,0,0,0,53999.0,61828.54,-7829.5390625,7829.5390625,-14.5,108.53138,1232.5109,-17.110249,4.555645,-22.417282,-5.291604,-1.3884553,12.938441,378.58746,1863.569,26.971815,-31.42411,963.4496,157.39204,-156.32513,4514.55
Mercedes-Benz,GLE,8.0,170000.0,6,SUV,Luxury,Normal,Automatic,0,0,0,0,0,0,55000.0,29022.824,25977.17578125,25977.17578125,47.23,108.53138,-812.76013,-309.97562,4.877687,-23.92654,14.420495,-0.07127315,20.410332,272.0561,666.9517,11.4226,-285.14117,262.1356,21.484426,-76.397804,-125.9822
Mercedes-Benz,GLE,8.0,78000.0,6,SUV,Luxury,Normal,Automatic,0,0,0,0,0,0,52500.0,40020.137,12479.86328125,12479.86328125,23.77,108.53138,2089.3162,-442.13528,8.86941,-18.568003,3.0781703,-1.3884553,23.755875,342.64505,1833.0186,24.469463,-192.39812,717.03656,102.538345,-109.52588,4489.243
Mercedes-Benz,GLE,3.0,51056.0,6,SUV,Luxury,Normal,Automatic,1,0,0,0,0,0,77990.0,76686.06,1303.9375,1303.9375,1.67,108.53138,-2360.2578,-769.92834,3.5456188,-22.366577,-16.954174,-2.0150945,-12.280097,-5043.8794,-2487.4329,0.858439,-35.284233,177.02995,-39.54021,-95.28194,-10595.255
Mercedes-Benz,GLE,9.0,123000.0,6,SUV,Luxury,Normal,Automatic,0,0,0,0,0,0,24500.0,29869.762,-5369.76171875,5369.76171875,-21.92,108.53138,-1109.9141,40.484688,11.629675,-25.220394,2.9279022,-0.111787155,23.381102,340.93314,735.15656,11.157052,-252.72128,739.0168,-7.866189,-83.73004,533.65454
Mercedes-Benz,GLE,11.0,115874.0,6,SUV,Luxury,Normal,Automatic,0,0,0,0,0,0,23888.0,26189.873,-2301.873046875,2301.873046875,-9.64,108.53138,252.90211,-697.9261,16.7243,-39.119762,3.4316437,-0.14884785,24.259886,340.97546,733.6129,8.8188305,-302.07462,675.343,21.445055,-81.62361,1065.1519
Mercedes-Benz,GLE,5.0,48000.0,6,SUV,Luxury,Normal,Automatic,0,1,0,1,0,0,54900.0,58743.184,-3843.18359375,3843.18359375,-7.0,108.53138,-3312.5906,-1023.94867,-121.44302,-34.868153,-146.59512,-0.9086385,20.929792,1187.6973,53.627934,5.2358756,-448.81943,620.51733,-650.4152,17.13371,-3725.9153
Mercedes-Benz,GLE,11.0,115898.0,6,SUV,Luxury,Normal,Automatic,0,0,1,0,1,0,27790.0,27684.744,105.255859375,105.255859375,0.38,108.53138,-405.11313,-280.50616,17.425451,1115.7256,-2.7518816,202.00458,24.125736,341.02017,796.54517,-1.2507777,-295.0891,675.6442,12.981349,-69.69522,2239.5977
Mercedes-Benz,GLE,4.0,64012.0,6,SUV,Luxury,Normal,Automatic,0,0,0,0,0,0,61980.0,64864.477,-2884.4765625,2884.4765625,-4.65,108.53138,-2106.1887,338.6469,4.414105,-24.53088,-4.079089,-1.3884553,12.938441,383.83966,1355.2837,11.751043,43.529583,1188.7013,-289.48224,-59.33423,962.6326
Mercedes-Benz,GLE,4.0,89015.0,6,SUV,Luxury,Normal,Automatic,0,1,0,0,0,0,51990.0,58247.727,-6257.7265625,6257.7265625,-12.04,108.53138,-2417.3428,188.72955,-27.28349,-29.750793,-4.728659,-1.385542,13.134762,362.07397,720.7462,18.081926,64.68575,1171.9,-135.6284,-19.140182,12.623756
Mercedes-Benz,GLE,3.0,35700.0,6,SUV,Luxury,Normal,Automatic,1,0,0,0,0,0,79990.0,76679.54,3310.4609375,3310.4609375,4.14,108.53138,2260.3086,-108.717125,4.610671,-23.426455,-31.916807,-2.0150945,-10.18572,-4011.5588,576.5439,-6.1338453,-132.51143,1155.9579,-58.24327,-87.102325,-365.85855
Mercedes-Benz,GLE,9.0,127060.0,6,SUV,Luxury,Normal,Automatic,0,0,0,0,0,0,43900.0,29337.826,14562.173828125,14562.173828125,33.17,108.53138,-37.728935,118.199394,11.439045,-25.253199,3.300978,-0.111787155,20.387125,340.93314,1073.4498,10.101897,-263.4995,714.106,-8.727826,-82.80914,1982.3185
Mercedes-Benz,GLE,3.0,72802.0,6,SUV,Luxury,Normal,Automatic,0,0,0,0,0,1,73885.0,67604.2,6280.796875,6280.796875,8.5,108.53138,29.370872,796.64154,3.840114,-20.607885,-6.3451896,-2.0150945,-297.31097,397.55112,1977.5591,12.38366,177.88855,1294.685,30.221151,-85.36954,4417.0234
Mercedes-Benz,GLE,3.0,16344.0,6,SUV,Luxury,Normal,Automatic,0,0,0,0,0,0,73995.0,79575.95,-5580.953125,5580.953125,-7.54,108.53138,-803.39575,-338.42856,2.1823237,-27.916203,0.555755,-2.0150945,28.99537,348.64807,672.8633,-23.480576,-156.93437,1212.2374,-87.92894,-136.21638,797.6977
Mercedes-Benz,GLE,10.0,103000.0,6,SUV,Luxury,Normal,Automatic,0,0,0,0,0,0,37900.0,28391.658,9508.341796875,9508.341796875,25.09,108.53138,-265.85178,568.037,19.160849,-27.413715,2.409781,-0.12710159,24.008532,340.91507,1304.4683,7.0872784,-256.25372,717.2404,-7.0774164,-95.520546,2439.6145
Mercedes-Benz,GLE,6.0,89472.0,6,SUV,Luxury,Normal,Automatic,1,0,0,0,0,0,46450.0,55330.434,-8880.43359375,8880.43359375,-19.12,108.53138,-1946.4213,-620.7265,4.7667813,-25.081263,-5.260541,-1.385542,-4.2956853,-3258.5095,-2842.4978,12.091701,-149.66095,404.3014,-119.604774,-63.23448,-8506.986
Mercedes-Benz,GLE,4.0,62556.0,6,SUV,Luxury,Normal,Automatic,0,0,0,0,0,1,66665.0,64689.363,1975.63671875,1975.63671875,2.96,108.53138,541.48096,525.8764,4.5285153,-24.645864,-4.079089,-1.3884553,-286.86407,344.38443,1054.7117,8.227961,54.31647,1282.5413,24.461866,-17.993885,3614.0898
Mercedes-Benz,GLE,1.0,23266.0,6,SUV,Luxury,Normal,Automatic,0,0,0,1,0,0,82997.0,79722.79,3274.2109375,3274.2109375,3.94,108.53138,2489.1345,-1759.0715,-6.0376344,8.969383,-180.58084,-1.9394966,65.38897,383.09695,1221.0222,-25.53064,-327.29022,3676.513,-27.859152,-208.22598,5416.12
Mercedes-Benz,GLE,6.0,89696.0,6,SUV,Luxury,Normal,Automatic,0,0,0,0,0,0,46000.0,49972.676,-3972.67578125,3972.67578125,-8.64,108.53138,-1838.0796,-835.5705,4.814688,-25.24827,2.6630547,-1.385542,21.553082,325.50235,80.10415,12.258093,-102.58108,928.9121,-129.36525,-79.824905,-1527.7162
Mercedes-Benz,GLE,3.0,62830.0,6,SUV,Luxury,Normal,Automatic,0,0,0,0,0,0,72500.0,68984.27,3515.7265625,3515.7265625,4.85,108.53138,822.35675,762.70685,4.21256,-22.619637,-6.115071,-2.0150945,13.558215,449.33194,1787.1772,8.087041,127.80581,1197.7753,35.462677,-116.44574,5169.8105
Mercedes-Benz,GLE,11.0,142686.0,6,SUV,Luxury,Normal,Automatic,0,0,0,0,0,0,24490.0,22364.684,2125.31640625,2125.31640625,8.68,108.53138,-1451.1814,-653.71277,10.736267,-37.566162,3.3091197,-0.38415638,20.508282,272.96924,472.48398,8.488606,-287.86588,275.61517,-85.686485,-114.825455,-1458.5802
Mercedes-Benz,GLE,3.0,92216.0,6,SUV,Luxury,Normal,Automatic,0,0,0,0,1,0,52975.0,63644.727,-10669.7265625,10669.7265625,-20.14,108.53138,1397.7357,1237.36,3.5105028,-37.728413,-10.82138,339.01688,13.707519,440.4354,2553.8435,11.416454,-66.0603,1424.0323,44.80201,-110.36399,7349.418
Mercedes-Benz,GLE,8.0,141000.0,6,SUV,Luxury,Normal,Automatic,0,0,0,0,0,0,45999.0,31672.451,14326.548828125,14326.548828125,31.15,108.53138,-1203.4797,-192.01903,4.870065,-23.056055,4.1601906,-0.34709567,20.33999,273.0352,587.44464,9.7827015,-253.7983,320.38748,-41.082203,-100.46289,-485.6936
Mercedes-Benz,GLE,8.0,114000.0,6,SUV,Luxury,Normal,Automatic,0,0,0,0,0,0,27775.0,35027.23,-7252.23046875,7252.23046875,-26.11,108.53138,97.378914,-510.89087,6.172257,-23.150732,2.9303532,-0.111787155,24.0916,341.04144,870.95447,9.86655,-240.57547,792.7071,68.630516,-66.99013,1480.5856
Mercedes-Benz,GLE,6.0,100000.0,6,SUV,Luxury,Normal,Automatic,0,0,0,0,0,0,39977.0,48336.39,-8359.390625,8359.390625,-20.91,108.53138,-982.88074,-845.9434,4.816767,-24.895271,2.7984955,-0.111787155,21.553082,338.85138,402.982,10.796421,-303.82822,1001.15216,-1.5826669,-84.005325,-351.76593
Mercedes-Benz,GLE,6.0,89346.0,6,SUV,Luxury,Normal,Automatic,1,0,0,0,0,0,45960.0,55312.492,-9352.4921875,9352.4921875,-20.35,108.53138,-1946.4213,-620.7265,4.7667813,-25.081263,-5.260541,-1.385542,-4.2956853,-3258.5095,-2842.4978,12.091701,-149.66095,404.3014,-119.604774,-63.23448,-8506.986
Mercedes-Benz,GLE,7.0,97711.0,6,SUV,Luxury,Normal,Automatic,1,0,0,0,0,0,43998.0,51055.383,-7057.3828125,7057.3828125,-16.04,108.53138,-1239.8704,211.56606,4.9069414,-23.355988,-4.979076,-0.111787155,-1.8886812,-3591.8535,-2013.0273,2.7703674,-272.66824,364.30145,3.8302321,-63.086018,-6514.935
Mercedes-Benz,GLE,5.0,74742.0,6,SUV,Luxury,Normal,Automatic,0,0,1,0,0,0,49800.0,56969.195,-7169.1953125,7169.1953125,-14.4,108.53138,-1065.0231,-992.50397,5.743745,456.25372,1.107856,-8.131953,20.738173,387.63113,614.1689,3.6834824,-184.47568,937.2599,-18.35147,-50.078712,216.55322
Mercedes-Benz,GLE,7.0,79450.0,6,SUV,Luxury,Normal,Automatic,0,0,0,0,0,0,46888.0,46344.742,543.2578125,543.2578125,1.16,108.53138,994.2726,169.75684,5.6320076,-18.311354,3.0923371,-1.3884553,23.84572,344.15604,1854.9235,16.148098,-220.13257,798.4046,99.79879,-123.55744,4055.172
Mercedes-Benz,GLE,9.0,101500.0,6,SUV,Luxury,Normal,Automatic,0,0,1,0,0,0,27490.0,30095.81,-2605.810546875,2605.810546875,-9.48,108.53138,-217.1751,721.435,19.862,574.26904,-0.09287056,-6.855284,23.95745,340.95032,1310.9274,0.4867231,-203.912,713.5391,-14.052196,-81.850876,3290.02
Mercedes-Benz,GLE,6.0,69205.0,6,SUV,Luxury,Normal,Automatic,0,0,0,0,0,0,46998.0,53520.277,-6522.27734375,6522.27734375,-13.88,108.53138,-1764.8103,-735.53796,5.331565,-23.110758,4.209803,-1.3884553,21.350779,344.71268,-247.18108,10.7562,-282.32037,943.079,-18.590395,-79.16014,-1714.1283
Mercedes-Benz,GLE,3.0,82300.0,6,SUV,Luxury,Normal,Automatic,0,0,0,0,0,0,56980.0,64693.65,-7713.6484375,7713.6484375,-13.54,108.53138,1429.1447,960.8826,3.5283527,-19.882685,-15.190421,-1.9932005,13.634101,442.1188,2738.1465,11.564172,109.74621,1153.5625,159.92566,-153.3004,6940.418
Mercedes-Benz,GLE,3.0,40714.0,6,SUV,Luxury,Normal,Automatic,1,0,0,1,0,0,75998.0,75761.31,236.6875,236.6875,0.31,108.53138,1911.0371,-1468.3799,12.422143,-25.606665,268.6349,-1.5352778,-12.280097,-4089.9048,-256.90594,-0.28464934,-60.21841,919.59503,-49.15519,-84.22752,-2828.278
Ford,F-250 Super Duty,6.0,164319.0,8,Pickup Truck,Mainstream,1std,Automatic,0,0,0,0,0,0,36987.0,49075.504,-12088.50390625,12088.50390625,-32.68,108.53138,-715.1234,123.02237,-16.398304,-41.831833,34.624916,0.37918252,71.47412,42.824738,952.4385,43.338707,1077.013,234.89316,-174.51666,2839.9111,4580.581
Chevrolet,Spark,9.0,175000.0,4,Hatchback,Economy,Normal,Automatic,0,0,0,0,0,1,7845.0,7954.2847,-109.28466796875,109.28466796875,-1.39,108.53138,-566.83344,900.8134,-6.9939637,-27.167328,15.03249,-0.035928816,-412.6706,25.785074,-293.47394,-36.202637,239.38841,230.82721,115.57308,-109.97952,182.59372
Acura,RDX,6.0,63138.0,4,SUV,Luxury,Normal,Automatic,0,1,0,0,0,0,34999.0,33507.52,1491.48046875,1491.48046875,4.26,108.53138,978.9527,-56.023376,-93.059135,-20.038116,4.221434,-1.3531109,6.945384,42.26912,-258.341,12.296346,32.96604,-19.172482,199.51505,-29.555754,908.1545
Ford,F-150,1.0,901.0,6,Pickup Truck,Mainstream,Normal,Automatic,0,0,0,0,0,0,70319.0,79850.2,-9531.203125,9531.203125,-13.55,108.53138,5246.7964,-630.0837,-35.405415,7.4787235,66.848755,-2.3745942,61.740208,118.660164,-457.33234,92.5639,2161.3994,-599.2818,-62.61092,-215.6636,5861.2666
Ford,Explorer,1.0,2615.0,6,SUV,Mainstream,Normal,Automatic,0,0,0,0,0,0,62568.0,78879.305,-16311.3046875,16311.3046875,-26.07,108.53138,-4171.7993,-442.1148,-32.84742,9.241391,65.478424,-2.3960774,62.620937,72.562675,-2789.5457,104.25911,-138.5486,-1352.3014,-64.79674,-217.87143,-8789.527
Ford,Bronco Sport,1.0,509.0,4,SUV,Mainstream,Normal,Automatic,0,0,0,0,0,0,46987.0,52838.4,-5851.3984375,5851.3984375,-12.45,108.53138,1508.094,-553.3698,19.091011,6.056945,52.252243,-2.3795836,56.147266,107.31549,307.3319,99.64839,-353.39404,969.4134,6.825783,-296.84412,2034.7202
Ford,Explorer,2.0,11871.0,6,SUV,Mainstream,Normal,Automatic,0,0,0,0,0,0,61995.0,63800.27,-1805.26953125,1805.26953125,-2.91,108.53138,-1080.9502,379.08026,-9.636736,1.5056919,44.855774,-2.4193137,23.87949,40.02348,649.23395,-31.504711,-171.58862,-553.15967,218.773,-144.0444,-527.42053
Ford,F-150,3.0,49204.0,6,Pickup Truck,Mainstream,Normal,Automatic,0,1,0,1,0,1,56594.0,54061.562,2532.4375,2532.4375,4.47,108.53138,-736.16016,439.96793,399.97205,-25.793211,15.794297,-1.5248333,-185.57983,61.348854,1168.0203,-9.704794,108.49457,-338.38007,-109.01996,-86.157555,809.809
Ford,Escape,6.0,130045.0,4,SUV,Mainstream,Normal,Automatic,0,0,0,0,0,0,16988.0,19548.873,-2560.873046875,2560.873046875,-15.07,108.53138,239.887,-428.55157,6.124559,-22.687803,-3.001553,-0.07644282,5.771925,33.3032,88.4761,6.829442,-49.370495,237.28543,-29.874762,-95.89504,96.751335
Mitsubishi,RVR,14.0,158000.0,4,SUV,Economy,Normal,Automatic,0,0,0,0,0,0,10000.0,8484.886,1515.1142578125,1515.1142578125,15.15,108.53138,20.365976,-96.16987,-6.9419913,-35.839764,6.843545,-0.046684906,5.887521,79.06613,-651.87366,21.602541,2.3260078,112.12917,127.21769,-59.305527,-366.20758
Honda,Odyssey,5.0,68258.0,6,Minivan,Mainstream,1std,Automatic,0,0,0,0,0,0,39836.0,39513.42,322.578125,322.578125,0.81,108.53138,-4.789969,-204.15256,-5.2155976,-19.629639,-5.599709,-1.3778353,37.506992,57.939823,-342.68115,4.417856,223.51692,7.4569016,-63.11901,475.2883,268.09268
Mercedes-Benz,E-Class,9.0,85061.0,6,Sedan,Luxury,Normal,Automatic,0,0,0,0,0,0,62900.0,31948.697,30951.302734375,30951.302734375,49.21,108.53138,1143.7528,738.06885,17.814987,-9.589614,2.717463,-1.385542,32.49452,316.8028,2269.5923,9.894299,591.96906,786.637,30.40213,-129.83948,5907.864
Chevrolet,Camaro,7.0,38336.0,6,Coupe,Economy,Normal,Automatic,0,0,0,0,0,0,53900.0,53274.68,625.3203125,625.3203125,1.16,108.53138,1463.372,539.60736,-58.049915,-23.877764,-2.5943701,-1.3884553,23.495075,55.371765,139.24323,8.175977,1085.7083,190.89392,231.17822,-131.15742,3628.5093
Ford,Escape,13.0,175000.0,4,SUV,Mainstream,Normal,Automatic,0,0,0,0,0,0,6999.0,7081.551,-82.55078125,82.55078125,-1.18,108.53138,-771.4018,276.35977,15.121663,-35.602234,12.945415,-0.046684906,6.2201147,31.929747,150.35791,8.838834,-89.414,215.69139,21.929419,-122.076065,-170.61514
Hyundai,Venue,3.0,81425.0,4,SUV,Economy,Normal,Automatic,0,0,0,0,0,0,20995.0,26085.268,-5090.267578125,5090.267578125,-24.25,108.53138,521.2982,146.6798,-7.7663207,-30.555721,-21.046354,-1.9578562,4.337822,40.40345,-157.1827,11.442273,95.5895,1.6580572,156.67361,-136.01042,732.0948
Hyundai,Kona,3.0,79486.0,4,SUV,Economy,Normal,Automatic,0,0,0,0,0,0,24995.0,26511.586,-1516.5859375,1516.5859375,-6.07,108.53138,-113.460915,-226.24605,-7.7663207,-30.745499,-21.046354,-1.9797503,4.337822,40.40345,-183.49037,24.39838,78.33963,-34.225536,137.78635,-160.04544,-385.20926
Volkswagen,Taos,3.0,86686.0,4,SUV,Mainstream,Normal,Automatic,0,0,0,0,0,0,22995.0,27886.3,-4891.30078125,4891.30078125,-21.27,108.53138,-685.4071,103.33527,5.5919156,-28.592499,-11.7154045,-2.7057278,4.301899,35.453384,195.60425,-1.1185504,178.75992,-163.13899,11.074395,-69.77692,-319.8028
Kia,Seltos,2.0,70156.0,4,SUV,Economy,Normal,Automatic,0,0,0,0,0,0,26995.0,29778.123,-2783.123046875,2783.123046875,-10.31,108.53138,315.2294,-869.7623,-6.474502,0.4137697,1.9168218,-2.3839693,5.639177,99.86222,205.75511,12.992188,85.95014,208.09608,165.2294,-96.39935,234.59549
Ford,Transit Passenger Van,11.0,182133.0,6,Van,Mainstream,Normal,Automatic,0,0,0,0,0,0,32888.0,16019.097,16868.9033203125,16868.9033203125,51.29,108.53138,-109.00698,68.386185,8.917441,-43.020092,20.476046,-0.08202924,46.54546,26.110498,102.74882,10.157568,426.28574,-385.30286,-31.395275,-120.84816,128.50375
Mazda,Mazda3,13.0,112500.0,4,Sedan,Mainstream,Normal,Automatic,0,0,0,0,0,1,13845.0,10807.964,3037.0361328125,3037.0361328125,21.94,108.53138,-477.09186,431.26923,15.761598,-30.587517,-3.7172835,-0.7206717,-222.31963,32.07407,-223.9924,7.7318416,86.32194,227.58617,40.074654,54.355057,45.276566
Kia,Sportage,5.0,45383.0,4,SUV,Economy,Normal,Automatic,0,0,0,0,0,0,25988.0,25834.268,153.732421875,153.732421875,0.59,108.53138,-823.1728,26.902338,-3.8424003,-21.29028,-1.288785,-1.3531109,7.234974,74.07091,112.490395,0.84573126,6.541751,278.00348,143.15561,-23.317787,-116.48852
Kia,Forte,11.0,144500.0,4,Sedan,Economy,Normal,Automatic,0,0,0,0,0,0,9988.0,9331.263,656.7373046875,656.7373046875,6.58,108.53138,5.781128,-499.99753,2.1898952,-29.370125,9.294699,-0.046684906,7.822874,56.722122,223.06464,10.192086,-105.75127,59.54181,186.00891,-46.802086,-12.818222
Chevrolet,Cruze,13.0,57900.0,4,Sedan,Economy,Normal,Automatic,0,0,0,0,0,0,12500.0,12708.715,-208.71484375,208.71484375,-1.67,108.53138,820.6256,729.49945,14.319375,-101.20816,0.266252,-1.3901715,17.129993,36.13378,-581.93085,-47.479206,109.4882,-4.7431726,126.132286,-91.23355,1134.1412
Toyota,RAV 4,8.0,9999999.0,4,SUV,Mainstream,Normal,Automatic,1,0,0,0,0,0,16000.0,15676.3955,323.6044921875,323.6044921875,2.02,108.53138,-4058.2935,-319.7485,11.672138,-23.662285,-2.3509626,-0.035928816,-20.207596,149.30978,1203.9266,14.367519,386.51624,90.23176,1577.4606,8.903252,-873.37946
Toyota,Camry Hybrid,9.0,286000.0,4,Sedan,Mainstream,Normal,Automatic,1,0,0,0,0,0,11000.0,13605.282,-2605.2822265625,2605.2822265625,-23.68,108.53138,-2451.408,538.148,16.201443,-19.654665,-1.2664633,-0.035928816,-18.042467,-166.82501,13.013232,31.761131,-211.66435,-20.89111,102.7278,-21.945183,-2101.3499
Hyundai,Elantra,9.0,80000.0,4,Sedan,Economy,Normal,Automatic,0,0,0,0,0,0,15700.0,13422.006,2277.994140625,2277.994140625,14.51,108.53138,933.65826,1157.0098,8.46116,-20.727205,-3.2960455,-1.3531109,7.052866,37.31526,-389.0755,23.442905,-144.2916,-105.94271,133.80515,-126.907455,1617.683
Buick,Enclave,11.0,194000.0,6,SUV,Near-luxury,2std,Automatic,0,0,0,0,0,0,11000.0,11731.827,-731.8271484375,731.8271484375,-6.65,108.53138,-514.79376,-514.9832,137.37695,-41.752625,1.3878092,-0.08202924,4.6863866,-150.87207,-183.92781,7.9161863,172.70895,-527.63495,103.84604,242.99174,-1154.6011
Toyota,Camry Hybrid,9.0,286000.0,4,Sedan,Mainstream,Normal,Automatic,1,0,0,0,0,0,12000.0,13605.282,-1605.2822265625,1605.2822265625,-13.38,108.53138,-2451.408,538.148,16.201443,-19.654665,-1.2664633,-0.035928816,-18.042467,-166.82501,13.013232,31.761131,-211.66435,-20.89111,102.7278,-21.945183,-2101.3499
Honda,Pilot,5.0,58531.0,6,SUV,Mainstream,2std,Automatic,0,0,0,0,0,0,32995.0,44152.836,-11157.8359375,11157.8359375,-33.82,108.53138,-172.06714,-470.3,61.39992,-15.381632,5.5444884,-1.3884553,24.097559,-138.13936,-866.47284,-13.603485,664.5033,-111.92932,64.89294,-370.9897,-1231.3024
Lexus,RX,9.0,66400.0,4,SUV,Luxury,Normal,Automatic,0,0,0,0,0,0,33000.0,29494.303,3505.697265625,3505.697265625,10.62,108.53138,497.26813,943.99347,30.887686,-23.378195,-15.084314,-1.3531109,3.212561,81.14955,401.11105,9.23987,59.729645,168.92758,-100.41207,-27.734901,2136.0884
RAM,ProMaster Cargo Van,2.0,26596.0,6,Van,Mainstream,Normal,Automatic,0,0,0,0,0,0,45999.0,53806.96,-7807.9609375,7807.9609375,-16.97,108.53138,4736.87,-2091.32,63.294933,-7.3281393,7.113689,-2.4193137,41.208767,38.585075,325.14868,-21.083681,5202.103,584.77045,249.00156,-73.78787,9160.688
Hyundai,Kona,6.0,67836.0,4,SUV,Economy,Normal,Automatic,0,0,0,0,0,0,15406.0,22092.172,-6686.171875,6686.171875,-43.4,108.53138,106.18474,59.533794,-5.7591486,-28.418228,-2.015303,-1.3531109,6.2208986,38.697647,80.396255,10.807206,39.860504,63.572906,181.96228,-65.76515,592.45667
Hyundai,Santa Fe Hybrid,6.0,50836.0,4,SUV,Economy,Normal,Automatic,1,0,0,0,0,0,30406.0,29649.322,756.677734375,756.677734375,2.49,108.53138,-291.05637,-126.83878,-6.5036497,-28.274893,-5.9228535,-1.3531109,5.644957,-757.7701,302.0715,0.1904946,16.872179,298.37024,161.77325,-37.832233,-362.098
Hyundai,Palisade,2.0,39960.0,6,SUV,Economy,1std,Automatic,0,0,0,0,0,0,49595.0,52104.168,-2509.16796875,2509.16796875,-5.06,108.53138,2882.975,-2549.8752,-24.74635,-27.951805,-2.1689076,-2.4086936,33.259605,63.04041,-1602.5917,5.9301586,-16.871048,593.3664,111.92879,388.71323,-38.868675
RAM,1500,5.0,59000.0,8,Pickup Truck,Mainstream,Normal,Automatic,1,0,0,0,0,0,37950.0,51224.71,-13274.7109375,13274.7109375,-34.98,108.53138,-2415.2,-38.56446,42.8343,-64.17631,-2.9523668,-1.1956736,23.96367,-727.59973,445.6586,18.209267,-325.38324,-1039.1707,48.41436,-185.74762,-4112.379
Honda,Civic,11.0,98000.0,4,Sedan,Mainstream,Normal,Automatic,0,1,0,0,1,0,16995.0,16036.875,958.125,958.125,5.64,108.53138,195.8715,-554.502,-58.22181,-35.959675,-38.78632,-14.007367,6.34124,31.803495,-116.99533,-9.8810835,-37.745544,-90.852936,-16.010166,-13.685169,-644.0998
Ford,F-150,5.0,69822.0,6,Pickup Truck,Mainstream,Normal,Automatic,0,0,0,0,0,0,43998.0,45860.16,-1862.16015625,1862.16015625,-4.23,108.53138,732.5146,-112.42589,-16.908611,-26.903849,6.6648765,-1.3669719,13.082874,39.155865,1385.678,1.1068518,122.43986,-84.59956,-36.98678,-190.01932,1939.9633
Ford,F-150,11.0,255000.0,6,Pickup Truck,Mainstream,Normal,Automatic,0,0,0,0,0,0,12000.0,14532.322,-2532.322265625,2532.322265625,-21.1,108.53138,901.48615,263.636,4.755487,-36.526623,46.631844,0.194712,26.546314,29.69496,907.65497,0.9708236,1150.5065,-283.9229,31.598251,-170.25072,2981.5068
Volvo,XC60,7.0,74000.0,4,SUV,Luxury,Normal,Automatic,1,0,0,0,0,0,32000.0,34675.152,-2675.15234375,2675.15234375,-8.36,108.53138,-309.06555,-42.279243,7.3949294,-68.3312,-3.54115,-1.3436698,6.346151,-461.00235,-352.75897,3.7198024,2.1051962,11.850363,-76.96931,-156.76097,-1332.1046
Chevrolet,Silverado 1500,14.0,173413.0,8,Pickup Truck,Economy,Normal,Automatic,0,0,0,0,0,0,11500.0,14719.74,-3219.740234375,3219.740234375,-28.0,108.53138,-160.8872,993.3063,-73.694916,-79.374275,68.59387,0.3644884,38.64298,26.327534,-392.56064,17.553114,-694.60693,131.30536,148.3861,-399.68958,-267.8025
Mazda,CX-50,4.0,103000.0,4,SUV,Mainstream,Normal,Automatic,0,0,0,0,0,0,28450.0,27632.408,817.591796875,817.591796875,2.87,108.53138,-559.51965,-190.51585,2.073413,-28.639118,-26.681318,-0.6836111,4.2211676,26.606186,-148.8581,12.631512,85.08848,249.96265,-60.83268,-8.644878,-535.2604
Ford,Escape,15.0,108333.0,4,SUV,Mainstream,Normal,Automatic,0,0,0,0,0,0,9995.0,7790.534,2204.4658203125,2204.4658203125,22.06,108.53138,-1004.1926,1074.075,20.536406,-36.843082,-2.5445,-0.113503516,7.513296,33.188824,195.5331,22.239716,-34.788162,180.46742,30.653257,-127.88501,466.37146
Chevrolet,Silverado 1500,13.0,133810.0,8,Pickup Truck,Economy,Normal,Automatic,0,0,0,0,0,0,16495.0,18823.053,-2328.052734375,2328.052734375,-14.11,108.53138,-528.7681,1021.1374,-73.4346,-78.31238,37.51212,0.04241183,37.170483,27.312366,-520.8422,11.048539,-256.95148,9.339035,162.62198,-366.68323,-410.27637
Volkswagen,Tiguan,9.0,170814.0,4,SUV,Mainstream,Normal,Automatic,0,0,0,0,0,0,14995.0,12752.563,2242.4365234375,2242.4365234375,14.95,108.53138,-175.37517,223.94344,15.415694,-25.01023,18.007225,-0.20366487,5.5199714,33.262356,163.29071,12.153122,-56.995094,90.07567,-36.498714,-53.234962,322.88174
Jeep,Wrangler,11.0,113018.0,6,SUV,Mainstream,Normal,Automatic,0,0,0,0,0,0,18950.0,18153.791,796.208984375,796.208984375,4.2,108.53138,64.64232,230.7838,-6.902026,-26.067545,3.636083,-0.14884785,12.97362,38.004208,231.80055,9.050758,-105.27463,51.55537,-27.678913,-59.6256,525.2805
Hyundai,Sonata,2.0,39000.0,4,Sedan,Economy,Normal,Automatic,0,0,0,0,0,0,29450.0,25728.305,3721.6953125,3721.6953125,12.64,108.53138,-392.47208,-1278.9813,-5.482268,-31.106602,-0.2819068,-2.3839693,5.151522,44.963554,-755.6564,-1.466436,-36.92354,-142.10666,135.69783,-24.84908,-2377.3662
Lexus,NX,5.0,107000.0,4,SUV,Luxury,Normal,Automatic,0,0,0,0,0,0,36450.0,39028.992,-2578.9921875,2578.9921875,-7.08,108.53138,-606.23224,-550.76843,6.744327,-24.481058,-16.50392,-0.07644282,2.984209,81.95532,320.28854,11.616599,39.40897,147.24278,-67.973335,6.57983,-540.68335
Hyundai,Sonata,3.0,52000.0,4,Sedan,Economy,Normal,Automatic,0,0,0,0,0,0,27450.0,23530.035,3919.96484375,3919.96484375,14.28,108.53138,2587.464,-1601.3798,4.259375,-25.782135,-12.56531,-1.9797503,4.9349356,46.65563,294.04407,1.7546562,-181.84193,-272.08368,168.22621,-31.219305,1089.0186
RAM,1500 Classic,8.0,106984.0,8,Pickup Truck,Mainstream,Normal,Automatic,0,0,0,0,0,0,25900.0,33489.17,-7589.171875,7589.171875,-29.3,108.53138,347.23965,-397.62775,-5.1818805,-62.854393,-0.55317986,0.07947254,27.569334,34.795643,396.98087,33.907528,-59.23264,-672.99384,-26.675455,-229.97833,-505.99353
Mazda,CX-5,4.0,63908.0,4,SUV,Mainstream,Normal,Automatic,0,0,0,0,0,0,28900.0,30929.252,-2029.251953125,2029.251953125,-7.02,108.53138,-1058.5156,77.45123,2.5700152,-22.593067,-25.2893,-1.9602792,3.9660623,32.001446,-260.04584,12.421672,169.7088,220.59818,-117.95406,-6.834429,-865.94385
Mazda,CX-5,3.0,40095.0,4,SUV,Mainstream,Normal,Automatic,0,0,0,1,0,0,35555.0,34489.816,1065.18359375,1065.18359375,3.0,108.53138,1980.088,-1298.6761,10.79541,-25.105448,195.95064,-2.1071017,4.305771,42.36966,-583.10785,1.1526469,32.31391,28.96402,32.053757,0.42097378,527.9495
Mazda,Mazda3,15.0,237000.0,4,Sedan,Mainstream,Normal,Automatic,0,0,0,0,0,0,6000.0,5110.7085,889.29150390625,889.29150390625,14.82,108.53138,-237.14021,413.6529,12.363764,-29.491432,11.406713,-0.6538531,0.31842744,42.085754,-271.62564,31.174965,136.85773,256.47186,80.75537,17.337729,572.0455
Acura,RDX,6.0,114000.0,4,SUV,Luxury,Normal,Automatic,0,0,0,0,0,0,29850.0,29979.459,-129.458984375,129.458984375,-0.43,108.53138,784.6325,-198.176,8.479006,-22.724613,0.6494287,-0.07644282,7.234085,33.79979,32.710567,11.383072,-15.430335,62.149666,3.5301404,-64.352425,752.33984
Toyota,Camry,3.0,82000.0,4,Sedan,Mainstream,Normal,Automatic,0,0,0,0,0,0,27450.0,26013.2,1436.80078125,1436.80078125,5.23,108.53138,371.83804,-176.20909,5.980475,-12.235952,-52.24102,-1.9578562,5.8339105,-14.623336,-319.6645,29.38469,-314.74307,-80.31724,-101.07702,-103.96926,-655.46985
Mazda,CX-5,4.0,98000.0,4,SUV,Mainstream,Normal,Automatic,0,0,0,0,0,0,27850.0,28493.64,-643.640625,643.640625,-2.31,108.53138,-559.00867,19.513674,2.073413,-28.639118,-26.681318,-0.6836111,4.0877514,26.606186,-125.92633,12.631512,101.89978,325.79858,-60.657288,-11.0361595,-211.49014
Buick,Enclave,11.0,194000.0,6,SUV,Near-luxury,2std,Automatic,0,0,0,0,0,0,11000.0,11731.827,-731.8271484375,731.8271484375,-6.65,108.53138,-514.79376,-514.9832,137.37695,-41.752625,1.3878092,-0.08202924,4.6863866,-150.87207,-183.92781,7.9161863,172.70895,-527.63495,103.84604,242.99174,-1154.6011
Ford,Escape Hybrid,6.0,35197.0,4,SUV,Mainstream,Normal,Automatic,1,0,1,1,0,0,23990.0,26376.822,-2386.822265625,2386.822265625,-9.95,108.53138,796.0037,-483.28287,22.892023,505.63037,156.84456,-7.616792,4.31265,-537.34924,1087.9009,-27.53431,-80.39911,160.71228,-0.8926506,-55.57484,1650.178
Mercedes-Benz,GLA,6.0,109000.0,4,SUV,Luxury,Normal,Automatic,0,0,0,0,0,0,30850.0,32243.0,-1393.0,1393.0,-4.52,108.53138,-799.616,-787.83636,7.4271507,-23.989971,-3.4334419,-0.07644282,16.351673,238.16707,-706.99567,10.650928,-287.35944,-230.88315,-48.53561,-79.95409,-2587.5518
Volkswagen,Jetta,5.0,99000.0,4,Sedan,Mainstream,Normal,Automatic,0,0,0,0,0,0,22450.0,21407.174,1042.826171875,1042.826171875,4.65,108.53138,-610.54456,-124.69725,5.3583417,-19.07837,5.833058,-0.24417888,6.4565706,34.467434,543.23346,12.809536,14.294841,-211.22214,-25.709063,-26.11236,-286.62338
Volkswagen,Jetta GLI,3.0,79000.0,4,Sedan,Mainstream,Normal,Automatic,0,0,0,0,0,0,27850.0,23024.516,4825.484375,4825.484375,17.33,108.53138,-442.46436,-486.11902,4.870897,-11.336822,-11.3794565,-2.7276218,4.836748,39.264328,-16.222364,25.677214,-168.80658,-344.60153,-80.91432,-146.62189,-1528.0133
BMW,X4,8.0,155783.0,4,SUV,Luxury,Normal,Automatic,0,0,0,0,0,0,32999.0,20336.174,12662.826171875,12662.826171875,38.37,108.53138,335.86935,-471.68228,37.43147,-23.569921,-49.48438,-0.035928816,32.42556,43.473354,-712.6543,9.917645,-110.196815,69.74364,-30.820572,-132.81775,-893.8695
Mazda,CX-5,5.0,65000.0,4,SUV,Mainstream,Normal,Automatic,0,0,0,0,0,0,29999.0,29031.014,967.986328125,967.986328125,3.23,108.53138,-814.3095,-163.10175,3.3627267,-22.274399,-2.0967438,-1.9602792,5.4784985,41.756073,-155.48457,12.180688,64.25063,254.83774,97.102615,-12.4464655,-584.17346
Audi,A3 Sedan,9.0,227000.0,4,Sedan,Luxury,Normal,Automatic,0,0,0,0,0,0,8777.0,13272.461,-4495.4609375,4495.4609375,-51.22,108.53138,912.6749,-496.52396,24.50307,-18.30165,9.335354,-0.035928816,-45.329224,42.07751,-476.9704,-24.904394,-199.1956,418.46765,-5.619097,-52.209595,196.50009
Nissan,Altima,14.0,158000.0,4,Sedan,Mainstream,Normal,Automatic,0,0,0,1,0,1,5990.0,6882.6973,-892.697265625,892.697265625,-14.9,108.53138,-410.63483,384.25354,16.006203,-45.021465,-266.242,-0.44364306,-199.97992,33.064907,365.37292,29.17141,-153.1853,22.50581,28.842106,37.823807,-49.93508
Ford,Escape,10.0,158537.0,4,SUV,Mainstream,Normal,Automatic,0,0,0,0,0,0,11499.0,12114.085,-615.0849609375,615.0849609375,-5.35,108.53138,-785.20465,348.50247,15.064014,-25.313879,11.183231,-0.04037352,5.6744747,31.897459,109.15835,8.345367,-131.65628,243.21832,-29.494596,-126.70685,-216.84155
Subaru,Crosstrek,3.0,48589.0,4,SUV,Mainstream,Normal,Automatic,0,0,0,0,0,0,30900.0,32653.775,-1753.775390625,1753.775390625,-5.68,108.53138,-1003.3844,-61.226677,5.3458476,-15.127709,-15.438283,-1.9797503,4.1906614,49.384727,-209.93103,32.03633,114.865875,191.64313,-32.050537,-35.88418,-869.0245
Mazda,CX-30,6.0,49287.0,4,SUV,Mainstream,Normal,Automatic,0,0,0,0,0,0,23747.0,27036.695,-3289.6953125,3289.6953125,-13.85,108.53138,-29.527414,149.59767,2.9265494,-21.132364,-3.2398713,-1.9602792,6.0204115,45.100624,-8.573049,0.9765112,26.381235,407.62756,-25.046452,13.635811,671.31836
Audi,Q5,6.0,46082.0,4,SUV,Luxury,Normal,Automatic,1,0,0,0,0,0,49100.0,33314.965,15785.03515625,15785.03515625,32.15,108.53138,-348.25952,-339.45676,21.59815,-20.908562,-6.6165075,-1.3531109,6.2159758,-680.81476,-509.7239,-64.78683,-0.9044993,351.01068,-114.79151,-33.82881,-1634.0887
Mercedes-Benz,A-Class Sedan,7.0,105000.0,4,Hatchback,Luxury,Normal,Automatic,0,0,0,0,0,0,21850.0,25567.104,-3717.103515625,3717.103515625,-17.01,108.53138,-88.78232,493.23798,1.0800459,-24.09704,-3.2722366,-0.07644282,19.094543,238.86826,780.8775,-17.926151,161.96637,-181.00159,-111.6174,-64.17042,1312.7124
Honda,CR-V,9.0,104100.0,4,SUV,Mainstream,Normal,Automatic,0,0,0,0,0,0,21444.0,19668.982,1775.017578125,1775.017578125,8.28,108.53138,56.53739,595.0304,13.830942,-23.054792,-4.2785983,-0.07644282,5.6539307,32.71183,-191.2642,-1.6803778,10.700219,118.9023,-20.256868,-42.759117,658.52795
Honda,Civic Sedan,5.0,178997.0,4,Sedan,Mainstream,Normal,Automatic,0,0,0,0,0,0,21999.0,19223.572,2775.427734375,2775.427734375,12.62,108.53138,-408.54764,-642.74274,-3.3242164,-16.682198,8.769229,-0.035928816,4.784907,31.352581,-120.78955,9.312904,13.110023,128.41225,-42.7777,-3.2422285,-933.869
Nissan,Rogue,7.0,90306.0,4,SUV,Mainstream,Normal,Automatic,0,0,0,0,0,0,18731.0,18880.648,-149.6484375,149.6484375,-0.8,108.53138,-522.16125,-87.99953,6.0334735,-28.15314,-3.378943,-1.3501977,6.262595,32.673485,226.56442,6.5932083,-209.32837,-31.155495,53.167072,2.8415694,-440.85992
Ford,Fiesta Hatchback,12.0,83270.0,4,Hatchback,Mainstream,Normal,Manual,0,0,0,0,0,0,8931.0,14363.724,-5432.7236328125,5432.7236328125,-60.83,108.53138,-1225.997,-153.68588,19.530231,-47.253143,-2.8156269,-1.382844,5.700132,37.442104,1191.7421,38.723576,244.3472,110.05853,225.44978,-591.21826,-40.82775
Ford,Bronco,6.0,72251.0,4,SUV,Mainstream,Normal,Automatic,0,0,0,0,0,0,32895.0,23583.775,9311.224609375,9311.224609375,28.31,108.53138,644.5734,-236.89449,6.965521,-19.145735,-0.8361708,-1.3531109,6.4918327,36.230896,974.27905,0.06296037,56.702343,144.1004,-24.562658,-155.69696,1539.4489
Ford,Escape,9.0,223800.0,4,SUV,Mainstream,Normal,Automatic,0,0,1,0,0,0,5999.0,10110.925,-4111.9248046875,4111.9248046875,-68.54,108.53138,34.785683,-12.903942,17.854292,513.2667,7.8943415,-6.7794266,-45.46067,42.142822,305.8293,-9.10417,-147.8426,297.1946,-17.479599,-114.606476,973.32227
Jeep,Wrangler,5.0,52244.0,6,SUV,Mainstream,Normal,Manual,0,0,0,0,0,0,29888.0,42649.508,-12761.5078125,12761.5078125,-42.7,108.53138,1735.3273,-2165.1863,-42.85452,-35.669777,3.781459,-1.384041,11.242348,47.81742,-2575.8574,-10.372631,-32.11415,712.8722,-6.4736753,1.1247616,-2249.2153
Ford,Bronco,1.0,499.0,4,SUV,Mainstream,Normal,Automatic,0,0,0,0,0,0,63800.0,52838.4,10961.6015625,10961.6015625,17.18,108.53138,1508.094,-553.3698,19.091011,6.056945,52.252243,-2.3795836,56.147266,107.31549,307.3319,99.64839,-353.39404,969.4134,6.825783,-296.84412,2034.7202
Nissan,Altima,3.0,75000.0,4,Sedan,Mainstream,Normal,Automatic,0,0,0,0,0,0,24950.0,19085.707,5864.29296875,5864.29296875,23.5,108.53138,416.7807,-456.06888,4.015345,-16.25751,-12.13578,-1.9797503,4.6509705,37.852093,202.91722,29.243608,-332.6013,-149.11357,-96.8408,-51.797203,-312.80347
Ford,F-150,1.0,499.0,6,Pickup Truck,Mainstream,Normal,Automatic,0,0,0,0,0,0,70395.0,80338.64,-9943.640625,9943.640625,-14.13,108.53138,1102.6289,-689.64777,-30.026897,7.4787235,66.848755,-2.3745942,62.39569,119.521385,-422.81284,92.5639,787.0694,-167.35373,-11.670344,-274.1139,749.038
Ford,F-150,1.0,499.0,6,Pickup Truck,Mainstream,Normal,Automatic,0,0,0,0,0,0,81485.0,80338.64,1146.359375,1146.359375,1.41,108.53138,1102.6289,-689.64777,-30.026897,7.4787235,66.848755,-2.3745942,62.39569,119.521385,-422.81284,92.5639,787.0694,-167.35373,-11.670344,-274.1139,749.038
Ford,F-150,1.0,499.0,6,Pickup Truck,Mainstream,Normal,Automatic,0,0,0,0,0,0,70395.0,80338.64,-9943.640625,9943.640625,-14.13,108.53138,1102.6289,-689.64777,-30.026897,7.4787235,66.848755,-2.3745942,62.39569,119.521385,-422.81284,92.5639,787.0694,-167.35373,-11.670344,-274.1139,749.038
Ford,F-150,1.0,499.0,6,Pickup Truck,Mainstream,Normal,Automatic,0,0,0,0,0,0,67535.0,80338.64,-12803.640625,12803.640625,-18.96,108.53138,1102.6289,-689.64777,-30.026897,7.4787235,66.848755,-2.3745942,62.39569,119.521385,-422.81284,92.5639,787.0694,-167.35373,-11.670344,-274.1139,749.038
Ford,Bronco,1.0,499.0,4,SUV,Mainstream,Normal,Automatic,0,0,0,0,0,0,76520.0,52838.4,23681.6015625,23681.6015625,30.95,108.53138,1508.094,-553.3698,19.091011,6.056945,52.252243,-2.3795836,56.147266,107.31549,307.3319,99.64839,-353.39404,969.4134,6.825783,-296.84412,2034.7202
Ford,F-150,1.0,499.0,6,Pickup Truck,Mainstream,Normal,Automatic,0,0,0,0,0,0,70395.0,80338.64,-9943.640625,9943.640625,-14.13,108.53138,1102.6289,-689.64777,-30.026897,7.4787235,66.848755,-2.3745942,62.39569,119.521385,-422.81284,92.5639,787.0694,-167.35373,-11.670344,-274.1139,749.038
Ford,Bronco,1.0,499.0,4,SUV,Mainstream,Normal,Automatic,0,0,0,0,0,0,63900.0,52838.4,11061.6015625,11061.6015625,17.31,108.53138,1508.094,-553.3698,19.091011,6.056945,52.252243,-2.3795836,56.147266,107.31549,307.3319,99.64839,-353.39404,969.4134,6.825783,-296.84412,2034.7202
Ford,F-150,1.0,499.0,6,Pickup Truck,Mainstream,Normal,Automatic,0,0,0,0,0,0,82105.0,80338.64,1766.359375,1766.359375,2.15,108.53138,1102.6289,-689.64777,-30.026897,7.4787235,66.848755,-2.3745942,62.39569,119.521385,-422.81284,92.5639,787.0694,-167.35373,-11.670344,-274.1139,749.038
Ford,F-150,1.0,499.0,6,Pickup Truck,Mainstream,Normal,Automatic,0,0,0,0,0,0,70395.0,80338.64,-9943.640625,9943.640625,-14.13,108.53138,1102.6289,-689.64777,-30.026897,7.4787235,66.848755,-2.3745942,62.39569,119.521385,-422.81284,92.5639,787.0694,-167.35373,-11.670344,-274.1139,749.038
Ford,Ranger,1.0,499.0,4,Pickup Truck,Mainstream,Normal,Automatic,0,0,0,0,0,0,50995.0,51090.215,-95.21484375,95.21484375,-0.19,108.53138,1844.1082,-490.2104,-3.6328578,4.5686707,53.500996,-2.3581002,57.28562,113.45594,364.41275,99.501495,-69.26834,844.2705,-7.1673155,-285.14456,2631.854
Ford,Bronco,1.0,499.0,4,SUV,Mainstream,Normal,Automatic,0,0,0,0,0,0,63800.0,52838.4,10961.6015625,10961.6015625,17.18,108.53138,1508.094,-553.3698,19.091011,6.056945,52.252243,-2.3795836,56.147266,107.31549,307.3319,99.64839,-353.39404,969.4134,6.825783,-296.84412,2034.7202
Ford,Bronco,1.0,499.0,4,SUV,Mainstream,Normal,Automatic,0,0,0,0,0,0,63950.0,52838.4,11111.6015625,11111.6015625,17.38,108.53138,1508.094,-553.3698,19.091011,6.056945,52.252243,-2.3795836,56.147266,107.31549,307.3319,99.64839,-353.39404,969.4134,6.825783,-296.84412,2034.7202
Hyundai,Santa Fe,4.0,109000.0,4,SUV,Economy,Normal,Automatic,0,0,0,0,0,0,27450.0,23020.92,4429.080078125,4429.080078125,16.14,108.53138,-624.5878,2.9299588,-7.2121563,-35.607258,-26.681318,-0.07644282,4.512726,27.112095,85.68202,12.011889,59.014046,88.903824,224.006,-44.064316,-125.52535
Nissan,Kicks,3.0,54000.0,4,SUV,Mainstream,Normal,Automatic,0,0,0,0,0,0,21950.0,25664.799,-3714.798828125,3714.798828125,-16.92,108.53138,-895.37396,-283.5893,5.23087,-25.960907,-12.385802,-1.9797503,4.092819,47.63249,499.60516,3.353499,-93.42029,2.7975159,1.2119097,55.2366,-585.0178
Ford,Bronco Sport,1.0,499.0,4,SUV,Mainstream,Normal,Automatic,0,0,0,0,0,0,42265.0,52838.4,-10573.3984375,10573.3984375,-25.02,108.53138,1508.094,-553.3698,19.091011,6.056945,52.252243,-2.3795836,56.147266,107.31549,307.3319,99.64839,-353.39404,969.4134,6.825783,-296.84412,2034.7202
Ford,F-150,1.0,499.0,6,Pickup Truck,Mainstream,Normal,Automatic,0,0,0,0,0,0,79160.0,80338.64,-1178.640625,1178.640625,-1.49,108.53138,1102.6289,-689.64777,-30.026897,7.4787235,66.848755,-2.3745942,62.39569,119.521385,-422.81284,92.5639,787.0694,-167.35373,-11.670344,-274.1139,749.038
Ford,F-150,1.0,499.0,6,Pickup Truck,Mainstream,Normal,Automatic,0,0,0,0,0,0,70395.0,80338.64,-9943.640625,9943.640625,-14.13,108.53138,1102.6289,-689.64777,-30.026897,7.4787235,66.848755,-2.3745942,62.39569,119.521385,-422.81284,92.5639,787.0694,-167.35373,-11.670344,-274.1139,749.038
Ford,F-150,1.0,499.0,6,Pickup Truck,Mainstream,Normal,Automatic,0,0,0,0,0,0,77135.0,80338.64,-3203.640625,3203.640625,-4.15,108.53138,1102.6289,-689.64777,-30.026897,7.4787235,66.848755,-2.3745942,62.39569,119.521385,-422.81284,92.5639,787.0694,-167.35373,-11.670344,-274.1139,749.038
Ford,Explorer,1.0,499.0,6,SUV,Mainstream,Normal,Automatic,0,0,0,0,0,0,59745.0,70398.38,-10653.3828125,10653.3828125,-17.83,108.53138,407.53418,-1360.9745,-8.183636,9.241391,65.724915,-2.3960774,61.28454,113.380936,-2119.123,92.69774,-594.39453,-1133.561,2.3227596,-292.60794,-4650.523
Ford,F-150,1.0,499.0,6,Pickup Truck,Mainstream,Normal,Automatic,0,0,0,0,0,0,70395.0,80338.64,-9943.640625,9943.640625,-14.13,108.53138,1102.6289,-689.64777,-30.026897,7.4787235,66.848755,-2.3745942,62.39569,119.521385,-422.81284,92.5639,787.0694,-167.35373,-11.670344,-274.1139,749.038
Ford,Bronco Sport,1.0,499.0,4,SUV,Mainstream,Normal,Automatic,0,0,0,0,0,0,42265.0,52838.4,-10573.3984375,10573.3984375,-25.02,108.53138,1508.094,-553.3698,19.091011,6.056945,52.252243,-2.3795836,56.147266,107.31549,307.3319,99.64839,-353.39404,969.4134,6.825783,-296.84412,2034.7202
Ford,F-150,1.0,499.0,6,Pickup Truck,Mainstream,Normal,Automatic,0,0,0,0,0,0,70395.0,80338.64,-9943.640625,9943.640625,-14.13,108.53138,1102.6289,-689.64777,-30.026897,7.4787235,66.848755,-2.3745942,62.39569,119.521385,-422.81284,92.5639,787.0694,-167.35373,-11.670344,-274.1139,749.038
Ford,F-150,1.0,499.0,6,Pickup Truck,Mainstream,Normal,Automatic,0,0,0,0,0,0,70395.0,80338.64,-9943.640625,9943.640625,-14.13,108.53138,1102.6289,-689.64777,-30.026897,7.4787235,66.848755,-2.3745942,62.39569,119.521385,-422.81284,92.5639,787.0694,-167.35373,-11.670344,-274.1139,749.038
Ford,F-150,1.0,499.0,6,Pickup Truck,Mainstream,Normal,Automatic,0,0,0,0,0,0,82405.0,80338.64,2066.359375,2066.359375,2.51,108.53138,1102.6289,-689.64777,-30.026897,7.4787235,66.848755,-2.3745942,62.39569,119.521385,-422.81284,92.5639,787.0694,-167.35373,-11.670344,-274.1139,749.038
Ford,F-150,1.0,499.0,6,Pickup Truck,Mainstream,Normal,Automatic,0,0,0,0,0,0,70395.0,80338.64,-9943.640625,9943.640625,-14.13,108.53138,1102.6289,-689.64777,-30.026897,7.4787235,66.848755,-2.3745942,62.39569,119.521385,-422.81284,92.5639,787.0694,-167.35373,-11.670344,-274.1139,749.038
Ford,F-150,1.0,499.0,6,Pickup Truck,Mainstream,Normal,Automatic,0,0,0,0,0,0,70395.0,80338.64,-9943.640625,9943.640625,-14.13,108.53138,1102.6289,-689.64777,-30.026897,7.4787235,66.848755,-2.3745942,62.39569,119.521385,-422.81284,92.5639,787.0694,-167.35373,-11.670344,-274.1139,749.038
Ford,F-150,1.0,499.0,6,Pickup Truck,Mainstream,Normal,Automatic,0,0,0,0,0,0,84155.0,80338.64,3816.359375,3816.359375,4.53,108.53138,1102.6289,-689.64777,-30.026897,7.4787235,66.848755,-2.3745942,62.39569,119.521385,-422.81284,92.5639,787.0694,-167.35373,-11.670344,-274.1139,749.038
Ford,F-150,1.0,499.0,6,Pickup Truck,Mainstream,Normal,Automatic,0,0,0,0,0,0,78910.0,80338.64,-1428.640625,1428.640625,-1.81,108.53138,1102.6289,-689.64777,-30.026897,7.4787235,66.848755,-2.3745942,62.39569,119.521385,-422.81284,92.5639,787.0694,-167.35373,-11.670344,-274.1139,749.038
Ford,F-150,1.0,499.0,6,Pickup Truck,Mainstream,Normal,Automatic,0,0,0,0,0,0,70395.0,80338.64,-9943.640625,9943.640625,-14.13,108.53138,1102.6289,-689.64777,-30.026897,7.4787235,66.848755,-2.3745942,62.39569,119.521385,-422.81284,92.5639,787.0694,-167.35373,-11.670344,-274.1139,749.038
Mazda,CX-9,4.0,85000.0,4,SUV,Mainstream,Normal,Automatic,0,0,0,0,0,0,32450.0,29357.164,3092.8359375,3092.8359375,9.53,108.53138,624.8107,-259.05072,1.942892,-19.952063,-26.763186,-1.957366,4.0143337,29.25305,-218.7702,12.774447,105.47919,410.79132,-94.65218,-104.82642,571.62524
Honda,Civic Sedan,3.0,68000.0,4,Sedan,Mainstream,Normal,Automatic,0,0,0,0,0,0,26950.0,27727.14,-777.140625,777.140625,-2.88,108.53138,-233.81047,-69.70201,-2.4255352,-11.988046,-13.04561,-1.9797503,3.910794,38.034275,-75.25737,0.6134513,-66.30276,-33.664345,-30.021612,-29.662476,-416.77008
Ford,F-150,1.0,499.0,6,Pickup Truck,Mainstream,Normal,Automatic,0,0,0,0,0,0,70395.0,80338.64,-9943.640625,9943.640625,-14.13,108.53138,1102.6289,-689.64777,-30.026897,7.4787235,66.848755,-2.3745942,62.39569,119.521385,-422.81284,92.5639,787.0694,-167.35373,-11.670344,-274.1139,749.038
Ford,F-150,1.0,499.0,6,Pickup Truck,Mainstream,Normal,Automatic,0,0,0,0,0,0,73095.0,80338.64,-7243.640625,7243.640625,-9.91,108.53138,1102.6289,-689.64777,-30.026897,7.4787235,66.848755,-2.3745942,62.39569,119.521385,-422.81284,92.5639,787.0694,-167.35373,-11.670344,-274.1139,749.038
Ford,F-150,1.0,499.0,6,Pickup Truck,Mainstream,Normal,Automatic,0,0,0,0,0,0,70395.0,80338.64,-9943.640625,9943.640625,-14.13,108.53138,1102.6289,-689.64777,-30.026897,7.4787235,66.848755,-2.3745942,62.39569,119.521385,-422.81284,92.5639,787.0694,-167.35373,-11.670344,-274.1139,749.038
Ford,F-150,1.0,499.0,6,Pickup Truck,Mainstream,Normal,Automatic,0,0,0,0,0,0,70395.0,80338.64,-9943.640625,9943.640625,-14.13,108.53138,1102.6289,-689.64777,-30.026897,7.4787235,66.848755,-2.3745942,62.39569,119.521385,-422.81284,92.5639,787.0694,-167.35373,-11.670344,-274.1139,749.038
Ford,F-150,1.0,499.0,6,Pickup Truck,Mainstream,Normal,Automatic,0,0,0,0,0,0,70395.0,80338.64,-9943.640625,9943.640625,-14.13,108.53138,1102.6289,-689.64777,-30.026897,7.4787235,66.848755,-2.3745942,62.39569,119.521385,-422.81284,92.5639,787.0694,-167.35373,-11.670344,-274.1139,749.038
Ford,F-150,1.0,499.0,6,Pickup Truck,Mainstream,Normal,Automatic,0,0,0,0,0,0,70395.0,80338.64,-9943.640625,9943.640625,-14.13,108.53138,1102.6289,-689.64777,-30.026897,7.4787235,66.848755,-2.3745942,62.39569,119.521385,-422.81284,92.5639,787.0694,-167.35373,-11.670344,-274.1139,749.038
Ford,F-150,1.0,499.0,6,Pickup Truck,Mainstream,Normal,Automatic,0,0,0,0,0,0,70395.0,80338.64,-9943.640625,9943.640625,-14.13,108.53138,1102.6289,-689.64777,-30.026897,7.4787235,66.848755,-2.3745942,62.39569,119.521385,-422.81284,92.5639,787.0694,-167.35373,-11.670344,-274.1139,749.038
Ford,Bronco Sport,1.0,499.0,4,SUV,Mainstream,Normal,Automatic,0,0,0,0,0,0,42265.0,52838.4,-10573.3984375,10573.3984375,-25.02,108.53138,1508.094,-553.3698,19.091011,6.056945,52.252243,-2.3795836,56.147266,107.31549,307.3319,99.64839,-353.39404,969.4134,6.825783,-296.84412,2034.7202
Mazda,CX-5,4.0,98000.0,4,SUV,Mainstream,Normal,Automatic,0,0,0,0,0,0,28950.0,28493.64,456.359375,456.359375,1.58,108.53138,-559.00867,19.513674,2.073413,-28.639118,-26.681318,-0.6836111,4.0877514,26.606186,-125.92633,12.631512,101.89978,325.79858,-60.657288,-11.0361595,-211.49014
Ford,Bronco Sport,1.0,499.0,4,SUV,Mainstream,Normal,Automatic,0,0,0,0,0,0,50085.0,52838.4,-2753.3984375,2753.3984375,-5.5,108.53138,1508.094,-553.3698,19.091011,6.056945,52.252243,-2.3795836,56.147266,107.31549,307.3319,99.64839,-353.39404,969.4134,6.825783,-296.84412,2034.7202
Ford,F-150,1.0,499.0,6,Pickup Truck,Mainstream,Normal,Automatic,0,0,0,0,0,0,70395.0,80338.64,-9943.640625,9943.640625,-14.13,108.53138,1102.6289,-689.64777,-30.026897,7.4787235,66.848755,-2.3745942,62.39569,119.521385,-422.81284,92.5639,787.0694,-167.35373,-11.670344,-274.1139,749.038
Ford,F-150,1.0,499.0,6,Pickup Truck,Mainstream,Normal,Automatic,0,0,0,0,0,0,70395.0,80338.64,-9943.640625,9943.640625,-14.13,108.53138,1102.6289,-689.64777,-30.026897,7.4787235,66.848755,-2.3745942,62.39569,119.521385,-422.81284,92.5639,787.0694,-167.35373,-11.670344,-274.1139,749.038
Ford,F-150,1.0,499.0,6,Pickup Truck,Mainstream,Normal,Automatic,0,0,0,0,0,0,70395.0,80338.64,-9943.640625,9943.640625,-14.13,108.53138,1102.6289,-689.64777,-30.026897,7.4787235,66.848755,-2.3745942,62.39569,119.521385,-422.81284,92.5639,787.0694,-167.35373,-11.670344,-274.1139,749.038
Ford,F-150,1.0,499.0,6,Pickup Truck,Mainstream,Normal,Automatic,0,0,0,0,0,0,82285.0,80338.64,1946.359375,1946.359375,2.37,108.53138,1102.6289,-689.64777,-30.026897,7.4787235,66.848755,-2.3745942,62.39569,119.521385,-422.81284,92.5639,787.0694,-167.35373,-11.670344,-274.1139,749.038
Ford,F-150,1.0,499.0,6,Pickup Truck,Mainstream,Normal,Automatic,0,0,0,0,0,0,70395.0,80338.64,-9943.640625,9943.640625,-14.13,108.53138,1102.6289,-689.64777,-30.026897,7.4787235,66.848755,-2.3745942,62.39569,119.521385,-422.81284,92.5639,787.0694,-167.35373,-11.670344,-274.1139,749.038
Ford,F-150,1.0,499.0,6,Pickup Truck,Mainstream,Normal,Automatic,0,0,0,0,0,0,70395.0,80338.64,-9943.640625,9943.640625,-14.13,108.53138,1102.6289,-689.64777,-30.026897,7.4787235,66.848755,-2.3745942,62.39569,119.521385,-422.81284,92.5639,787.0694,-167.35373,-11.670344,-274.1139,749.038
Ford,F-150,1.0,499.0,6,Pickup Truck,Mainstream,Normal,Automatic,0,0,0,0,0,0,70395.0,80338.64,-9943.640625,9943.640625,-14.13,108.53138,1102.6289,-689.64777,-30.026897,7.4787235,66.848755,-2.3745942,62.39569,119.521385,-422.81284,92.5639,787.0694,-167.35373,-11.670344,-274.1139,749.038
Ford,Bronco,1.0,499.0,4,SUV,Mainstream,Normal,Automatic,0,0,0,0,0,0,63800.0,52838.4,10961.6015625,10961.6015625,17.18,108.53138,1508.094,-553.3698,19.091011,6.056945,52.252243,-2.3795836,56.147266,107.31549,307.3319,99.64839,-353.39404,969.4134,6.825783,-296.84412,2034.7202
Ford,F-150,1.0,499.0,6,Pickup Truck,Mainstream,Normal,Automatic,0,0,0,0,0,0,70395.0,80338.64,-9943.640625,9943.640625,-14.13,108.53138,1102.6289,-689.64777,-30.026897,7.4787235,66.848755,-2.3745942,62.39569,119.521385,-422.81284,92.5639,787.0694,-167.35373,-11.670344,-274.1139,749.038
Ford,F-150,1.0,499.0,6,Pickup Truck,Mainstream,Normal,Automatic,0,0,0,0,0,0,70395.0,80338.64,-9943.640625,9943.640625,-14.13,108.53138,1102.6289,-689.64777,-30.026897,7.4787235,66.848755,-2.3745942,62.39569,119.521385,-422.81284,92.5639,787.0694,-167.35373,-11.670344,-274.1139,749.038
Ford,Bronco,1.0,499.0,4,SUV,Mainstream,Normal,Automatic,0,0,0,0,0,0,63900.0,52838.4,11061.6015625,11061.6015625,17.31,108.53138,1508.094,-553.3698,19.091011,6.056945,52.252243,-2.3795836,56.147266,107.31549,307.3319,99.64839,-353.39404,969.4134,6.825783,-296.84412,2034.7202
Ford,Bronco,1.0,499.0,4,SUV,Mainstream,Normal,Automatic,0,0,0,0,0,0,62980.0,52838.4,10141.6015625,10141.6015625,16.1,108.53138,1508.094,-553.3698,19.091011,6.056945,52.252243,-2.3795836,56.147266,107.31549,307.3319,99.64839,-353.39404,969.4134,6.825783,-296.84412,2034.7202
Ford,Ranger,1.0,499.0,4,Pickup Truck,Mainstream,Normal,Automatic,0,0,0,0,0,0,46365.0,51090.215,-4725.21484375,4725.21484375,-10.19,108.53138,1844.1082,-490.2104,-3.6328578,4.5686707,53.500996,-2.3581002,57.28562,113.45594,364.41275,99.501495,-69.26834,844.2705,-7.1673155,-285.14456,2631.854
Ford,Bronco,1.0,499.0,4,SUV,Mainstream,Normal,Automatic,0,0,0,0,0,0,63900.0,52838.4,11061.6015625,11061.6015625,17.31,108.53138,1508.094,-553.3698,19.091011,6.056945,52.252243,-2.3795836,56.147266,107.31549,307.3319,99.64839,-353.39404,969.4134,6.825783,-296.84412,2034.7202
Ford,Bronco,1.0,499.0,4,SUV,Mainstream,Normal,Automatic,0,0,0,0,0,0,74765.0,52838.4,21926.6015625,21926.6015625,29.33,108.53138,1508.094,-553.3698,19.091011,6.056945,52.252243,-2.3795836,56.147266,107.31549,307.3319,99.64839,-353.39404,969.4134,6.825783,-296.84412,2034.7202
Ford,F-150,1.0,499.0,6,Pickup Truck,Mainstream,Normal,Automatic,0,0,0,0,0,0,70395.0,80338.64,-9943.640625,9943.640625,-14.13,108.53138,1102.6289,-689.64777,-30.026897,7.4787235,66.848755,-2.3745942,62.39569,119.521385,-422.81284,92.5639,787.0694,-167.35373,-11.670344,-274.1139,749.038
Ford,Bronco,1.0,499.0,4,SUV,Mainstream,Normal,Automatic,0,0,0,0,0,0,62985.0,52838.4,10146.6015625,10146.6015625,16.11,108.53138,1508.094,-553.3698,19.091011,6.056945,52.252243,-2.3795836,56.147266,107.31549,307.3319,99.64839,-353.39404,969.4134,6.825783,-296.84412,2034.7202
BMW,X1,9.0,179582.0,4,SUV,Luxury,Normal,Automatic,0,0,0,0,0,0,10999.0,16303.706,-5304.7060546875,5304.7060546875,-48.23,108.53138,241.19502,248.59862,13.283319,-24.96824,-59.925144,-0.035928816,32.543804,42.136917,-676.2828,11.425384,-174.83896,132.80733,-34.179714,-144.24889,-283.9579
Acura,MDX,15.0,215000.0,6,SUV,Luxury,1std,Automatic,0,0,0,0,0,0,7300.0,8160.4556,-860.45556640625,860.45556640625,-11.79,108.53138,-690.7768,1242.7435,13.028954,-32.129654,23.958376,-0.07809122,24.389853,48.769028,-407.3132,25.541553,-87.70359,-311.0938,-88.046364,611.9686,481.7898
Ford,Bronco Sport,3.0,30641.0,4,SUV,Mainstream,Normal,Automatic,0,0,0,0,0,0,31995.0,32861.93,-866.9296875,866.9296875,-2.71,108.53138,3321.1345,88.66145,7.381224,-27.735626,-11.240616,-1.9797503,6.4904985,38.82337,3052.7861,-22.246292,-11.113641,103.130554,26.713024,-153.99875,6525.3374
Ford,Escape,3.0,41909.0,4,SUV,Mainstream,Normal,Automatic,0,0,0,0,0,0,25516.0,32408.186,-6892.185546875,6892.185546875,-27.01,108.53138,-1621.6421,487.62604,6.7252603,-22.473196,-25.515587,-1.9797503,4.396122,-4.3798127,931.5823,-12.451417,120.8594,326.63528,148.04057,-166.99438,278.96008
Ford,Mustang Fastback,7.0,108981.0,8,Coupe,Mainstream,Normal,Manual,0,0,0,0,0,0,35516.0,39671.504,-4155.50390625,4155.50390625,-11.7,108.53138,-1551.0446,688.11096,-30.265532,-74.7322,-9.543843,0.060097374,19.534111,72.9963,-161.28865,-1880.767,-1155.8062,-2905.1113,-243.06087,-312.8036,-7435.191
Ford,F-150,5.0,55982.0,6,Pickup Truck,Mainstream,Normal,Automatic,0,0,0,0,0,0,57995.0,46604.125,11390.875,11390.875,19.64,108.53138,-200.81804,-50.469833,-16.742695,-25.701498,6.2486806,-1.3669719,13.146326,46.71726,1446.9772,-14.766375,-213.9018,104.03253,3.785195,-156.54419,1049.1271
Acura,MDX,7.0,107000.0,6,SUV,Luxury,1std,Automatic,0,0,0,0,0,0,31950.0,32958.75,-1008.75,1008.75,-3.16,108.53138,-48.339535,-48.60726,4.7330546,-18.843466,9.116106,-0.107849136,40.006977,54.73453,-324.82385,7.028416,-175.47603,128.90858,21.220842,382.1448,140.22668
Honda,Pilot,11.0,219000.0,6,SUV,Mainstream,2std,Automatic,0,0,0,0,0,0,15750.0,14857.031,892.96875,892.96875,5.67,108.53138,465.23993,-529.025,66.73498,-29.1033,17.69642,-0.08202924,-9.217529,-153.86339,-750.8072,-2.5372012,249.36813,-541.164,-23.825668,-389.05154,-1521.1061
BMW,5 Series,6.0,80000.0,4,Sedan,Luxury,Normal,Automatic,0,0,0,0,0,0,46888.0,33860.36,13027.640625,13027.640625,27.78,108.53138,914.3272,-56.105686,3.5843823,-11.151419,-45.068367,-1.3531109,33.82942,48.02911,12.249228,25.37923,229.10332,-114.36641,26.21649,-160.3505,1012.8541
Toyota,Corolla Sedan,18.0,283000.0,4,Sedan,Mainstream,Normal,Manual,0,0,0,0,0,0,6600.0,4951.177,1648.8232421875,1648.8232421875,24.98,108.53138,-572.2458,-826.02484,20.82125,-46.72771,-7.6372886,-0.04227057,112.46662,-14.789191,-1432.6799,-2391.455,-187.77237,15.367798,102.92738,-27.712553,-5146.9727
Volkswagen,Tiguan,3.0,94727.0,4,SUV,Mainstream,Normal,Automatic,0,0,0,0,0,0,22888.0,26725.23,-3837.23046875,3837.23046875,-16.77,108.53138,218.41637,2.4464133,5.601749,-28.228004,-11.738352,-1.4448438,4.301899,35.758736,4.175541,11.900054,65.29288,-161.12056,-54.092804,-82.41031,117.39013
Acura,MDX,11.0,151136.0,6,SUV,Luxury,1std,Automatic,0,0,0,0,0,0,16998.0,18439.303,-1441.302734375,1441.302734375,-8.48,108.53138,1459.6816,-321.8481,12.765997,-30.989408,30.11532,-0.07809122,43.244064,53.39005,-509.31696,11.447174,-238.72417,89.49817,-15.992401,619.89734,1311.622
Toyota,C-HR,5.0,89000.0,4,SUV,Mainstream,Normal,Automatic,0,0,0,0,0,0,22950.0,32500.143,-9550.142578125,9550.142578125,-41.61,108.53138,-1111.7266,-399.65506,6.9476337,-26.429268,-16.938253,-1.3501977,6.6006603,-18.466156,11.463087,21.380419,184.67644,-26.886482,44.432083,-54.97789,-1272.3982
Ford,Bronco Sport,4.0,72930.0,4,SUV,Mainstream,Normal,Automatic,0,0,0,0,0,0,25888.0,27648.693,-1760.693359375,1760.693359375,-6.8,108.53138,272.07913,-36.82551,5.9942155,-20.54028,-24.913065,-1.3531109,4.2597885,27.972288,981.3823,1.2274239,95.88474,148.23468,-54.876083,-147.55363,1359.5043
Jeep,Grand Wagoneer,4.0,82088.0,6,SUV,Mainstream,2std,Automatic,0,0,0,0,0,0,71989.0,65014.363,6974.63671875,6974.63671875,9.69,108.53138,796.5962,-804.44434,67.16659,-12.167757,-2.5551214,-1.385542,17.185787,-149.4488,-1138.1135,12.537573,366.52582,-223.95023,-162.76411,799.79504,-326.4911
Subaru,WRX,9.0,94000.0,4,Sedan,Mainstream,1std,Automatic,0,1,0,0,0,0,19899.0,20159.863,-260.86328125,260.86328125,-1.31,108.53138,-342.28436,678.6923,47.088104,-13.634531,-2.1887121,-0.07869379,33.402267,50.80422,-390.3376,31.16688,-32.809834,-174.64828,-66.389595,625.49347,552.80707
BMW,X3,9.0,148650.0,4,SUV,Luxury,Normal,Automatic,0,0,0,0,0,0,29900.0,18798.139,11101.861328125,11101.861328125,37.13,108.53138,-492.74304,211.85472,13.3087635,-24.351238,-62.179478,-0.035928816,32.42556,43.116005,-717.0807,9.709639,-150.48386,89.961266,-54.103127,-156.04294,-1148.1129
Subaru,Outback,10.0,193370.0,4,SUV,Mainstream,1std,Automatic,0,0,0,0,0,0,13599.0,14265.305,-666.3046875,666.3046875,-4.9,108.53138,-1867.5042,506.5603,16.675476,-18.90813,9.28155,-0.0364355,13.9673,46.77727,-599.84875,24.495625,-175.35695,209.78584,-74.68403,530.4146,-1269.849
Ford,Edge,9.0,141867.0,4,SUV,Mainstream,Normal,Automatic,0,0,0,0,0,0,12799.0,14483.6,-1684.599609375,1684.599609375,-13.16,108.53138,-1288.158,272.8049,15.063244,-24.084835,-2.7275498,-0.31175137,5.9923353,32.8665,80.726074,7.2330265,-97.829735,242.99371,-10.841533,-133.07094,-790.8131
Nissan,Rogue,9.0,198016.0,4,SUV,Mainstream,Normal,Automatic,0,0,0,0,0,0,9999.0,9004.004,994.99609375,994.99609375,9.95,108.53138,315.47488,228.85115,14.318906,-28.9704,7.8870153,-0.035928816,-8.943734,29.565628,48.685753,6.6367736,-301.72733,44.288387,-34.651287,-69.9642,359.947
Honda,CR-V,13.0,99956.0,4,SUV,Mainstream,Normal,Automatic,0,0,0,0,0,0,16500.0,14599.156,1900.84375,1900.84375,11.52,108.53138,-152.39429,296.14505,13.328413,-33.701717,-4.6620193,-0.113503516,5.702362,30.54523,-163.66536,-3.927272,67.98119,109.96733,38.29662,-46.523243,265.5102
Chevrolet,Silverado 1500,10.0,197743.0,8,Pickup Truck,Economy,Normal,Automatic,0,0,0,0,0,0,20999.0,18169.98,2829.01953125,2829.01953125,13.47,108.53138,524.32513,1614.2043,-73.619354,-67.2913,28.027142,0.3707998,27.839907,22.640327,-274.08945,-2.6460924,251.12584,-173.49002,181.88028,-478.8559,1688.953
Ford,Escape,10.0,160496.0,4,SUV,Mainstream,Normal,Automatic,0,0,0,0,0,0,9999.0,11599.29,-1600.2900390625,1600.2900390625,-16.0,108.53138,-779.47034,339.27042,15.064014,-25.313879,11.183231,-0.04037352,5.6744747,31.896872,108.66063,8.531128,-138.06662,248.46027,-29.735441,-127.03604,-222.39029
Chevrolet,Equinox,7.0,178291.0,4,SUV,Economy,Normal,Automatic,0,0,0,0,0,0,11999.0,13471.17,-1472.169921875,1472.169921875,-12.27,108.53138,-326.91245,455.7396,-10.936187,-24.533838,13.007126,-0.035928816,16.30395,26.05517,-11.485493,-3.503668,-79.31204,165.57176,183.23048,-153.69435,358.0255
Honda,Odyssey,9.0,196145.0,6,Minivan,Mainstream,1std,Automatic,0,0,0,0,0,0,20599.0,18350.459,2248.541015625,2248.541015625,10.92,108.53138,-1491.988,587.6788,2.5677938,-21.655958,8.1196785,-0.06733513,16.80125,47.463398,-417.17273,0.31307477,64.46224,-334.53326,-91.25037,684.06506,-836.6649
Jeep,Compass,10.0,159335.0,4,SUV,Mainstream,Normal,Automatic,0,0,0,0,0,0,9999.0,12344.857,-2345.857421875,2345.857421875,-23.46,108.53138,-773.85767,963.6937,-6.728578,-17.218557,8.091584,-0.04037352,5.1610904,33.749657,478.0401,8.456275,-58.498226,149.84055,-29.890965,-59.421898,809.9081
Kia,Forte,7.0,77269.0,4,Sedan,Economy,Normal,Automatic,0,0,0,0,0,0,15500.0,17479.309,-1979.30859375,1979.30859375,-12.77,108.53138,1400.4895,65.81073,-5.5443106,-11.826516,-1.1730555,-1.3531109,8.399625,71.80191,129.91447,17.782932,-124.41944,28.243216,126.01831,-103.76985,1708.9056
Honda,HR-V,9.0,136435.0,4,SUV,Mainstream,Normal,Automatic,0,0,0,0,0,0,16999.0,19543.168,-2544.16796875,2544.16796875,-14.97,108.53138,959.86224,77.641205,8.433875,-21.25283,-5.920007,-0.07644282,4.578785,32.394993,-176.82912,-1.9032356,15.051817,156.01743,-10.238459,-36.792736,1109.499
Hyundai,Sonata,6.0,134240.0,4,Sedan,Economy,Normal,Automatic,0,0,0,0,0,0,13999.0,14819.391,-820.390625,820.390625,-5.86,108.53138,412.33032,-112.82378,-8.383012,-24.421824,-4.7661943,-0.07644282,6.1435957,33.446907,21.599073,13.078938,-17.705708,33.833652,204.43517,-31.836403,633.38556
Nissan,Kicks,8.0,159004.0,4,SUV,Mainstream,Normal,Automatic,0,0,0,0,0,0,12999.0,12120.174,878.826171875,878.826171875,6.76,108.53138,522.8473,-683.0811,8.433893,-28.203691,8.201427,-0.035928816,5.14632,33.277855,181.109,12.757832,-266.01974,72.255554,-37.433353,-22.21932,-84.432594
Mercedes-Benz,B-Class,16.0,144920.0,4,Hatchback,Luxury,Normal,Automatic,0,0,0,0,0,0,5999.0,5951.5596,47.4404296875,47.4404296875,0.79,108.53138,-348.22296,-1161.2886,10.102065,-38.15821,7.376798,-0.046684906,18.37674,232.45705,-64.44815,-0.6350741,147.9545,-47.04238,-280.25134,-78.31068,-1493.6055
Dodge,Grand Caravan,10.0,153982.0,6,Minivan,Mainstream,Normal,Automatic,0,0,0,0,0,0,12599.0,13502.286,-903.2861328125,903.2861328125,-7.17,108.53138,-1935.4573,1073.2698,28.23029,-41.1618,17.206484,-0.07571785,8.697112,38.405056,572.79144,21.557241,-226.6831,208.87518,-43.644295,-48.0802,-217.53851
Toyota,Corolla Sedan,12.0,189851.0,4,Sedan,Mainstream,Normal,Automatic,0,0,0,0,0,0,11999.0,10295.43,1703.5703125,1703.5703125,14.2,108.53138,1014.6528,-203.61646,14.192735,-30.726612,-3.3086534,-0.046684906,12.793244,-19.994272,-530.74963,33.824787,-163.77863,-60.258575,14.498642,-28.86484,157.14926
Nissan,Sentra,9.0,157168.0,4,Sedan,Mainstream,Normal,Automatic,0,0,0,0,0,0,8999.0,10459.927,-1460.9267578125,1460.9267578125,-16.23,108.53138,190.7855,104.89039,13.203838,-23.979786,10.203941,-0.035928816,5.8047376,32.333862,126.44519,21.136627,-272.06723,-39.18135,-21.172232,-16.54415,240.35483
Honda,Fit,11.0,258770.0,4,Hatchback,Mainstream,Normal,Automatic,0,0,0,0,0,0,7999.0,7811.026,187.97412109375,187.97412109375,2.35,108.53138,-289.88818,-1295.2687,5.6357484,-33.907753,10.444148,-0.046684906,-15.018479,43.410088,-320.2113,-43.394657,595.329,185.12639,197.6915,-28.068928,-879.6364
RAM,1500,12.0,272454.0,8,Pickup Truck,Mainstream,Normal,Automatic,0,0,0,0,0,0,11910.0,13111.876,-1201.8759765625,1201.8759765625,-10.09,108.53138,-2136.183,2505.6265,17.598595,-73.33557,51.25245,0.3644884,-17.290665,37.163445,-543.731,18.303272,392.54135,-9.265852,36.022835,-232.93983,154.65823
Jeep,Compass,2.0,25151.0,4,SUV,Mainstream,Normal,Automatic,0,0,0,0,0,0,29288.0,34022.46,-4734.4609375,4734.4609375,-16.17,108.53138,-437.04147,-463.5616,-42.400936,-4.012562,0.20971972,-2.3839693,17.004229,39.32681,-485.69278,-24.950666,-83.18939,-88.74315,51.956654,-91.67633,-1506.6241
Subaru,Crosstrek,6.0,81811.0,4,SUV,Mainstream,Normal,Automatic,0,1,0,0,0,0,21999.0,24902.271,-2903.271484375,2903.271484375,-13.2,108.53138,528.1311,-206.01491,-56.01866,-10.9457655,-4.6691995,-1.3501977,6.1801853,39.271515,71.6124,14.410577,63.366413,-51.193058,-102.037025,-57.68238,341.59238
Ford,Transit Connect,7.0,95000.0,6,Van,Mainstream,Normal,Automatic,0,0,0,0,0,0,22450.0,30886.049,-8436.048828125,8436.048828125,-37.58,108.53138,-138.2936,122.44208,0.8774145,-30.77702,4.5280647,-0.12465823,49.777294,30.55911,186.5982,0.91269803,575.891,-30.764324,-25.951847,-113.22119,740.9846
Ford,Transit Connect,8.0,104000.0,6,Van,Mainstream,Normal,Automatic,0,0,0,0,0,0,21450.0,26622.023,-5172.0234375,5172.0234375,-24.11,108.53138,1012.2929,-323.10043,4.087449,-30.665184,4.513899,-0.111787155,49.9051,30.592852,-114.616844,7.9033976,726.4876,-301.49155,-28.52042,-93.79822,1052.0103
Hyundai,Tucson Hybrid,4.0,78546.0,4,SUV,Economy,Normal,Automatic,1,0,1,0,0,0,34999.0,30618.93,4380.0703125,4380.0703125,12.51,108.53138,427.08676,296.24796,-6.085787,533.00934,-28.508278,-8.096608,3.4034615,-378.36847,171.85046,17.517006,109.515274,-28.154444,150.7301,-95.37622,1273.302
Volvo,XC40,5.0,57948.0,4,SUV,Luxury,Normal,Automatic,0,0,0,0,0,0,34888.0,41146.6,-6258.6015625,6258.6015625,-17.94,108.53138,236.01117,-578.15857,7.366984,-35.809998,-2.5374732,-1.3436698,6.561389,29.042376,-317.33597,-1.1469762,48.806587,71.99307,-155.62141,-161.0444,-744.6854
Volvo,XC60,4.0,32927.0,4,SUV,Luxury,Normal,Automatic,0,0,0,0,0,0,43888.0,47862.242,-3974.2421875,3974.2421875,-9.06,108.53138,449.31674,110.59011,8.133624,-43.99472,-25.457272,-1.3436698,7.0022516,13.223982,-642.61926,-7.9945445,-68.49576,-9.699005,-50.613068,-122.53616,-275.95535
Audi,Q5,7.0,126500.0,4,SUV,Luxury,Normal,Automatic,0,0,0,0,0,0,20888.0,22461.81,-1573.810546875,1573.810546875,-7.53,108.53138,999.8245,-484.28568,19.910381,-22.722763,-3.0294406,-0.07644282,6.1871514,47.393764,-79.57703,-41.61949,-306.99225,155.47098,-77.98912,-63.458622,257.56726
Toyota,Corolla Cross Hybrid,3.0,67902.0,4,Sedan,Mainstream,Normal,Automatic,1,0,1,1,0,0,36888.0,33222.64,3665.359375,3665.359375,9.94,108.53138,-561.43,-99.41962,19.556854,319.1159,323.06805,-8.243432,5.049574,-388.59845,270.26855,18.201595,-419.25558,-60.67398,-44.136894,-4.819571,-522.7856
Nissan,Sentra,3.0,42574.0,4,Sedan,Mainstream,Normal,Automatic,0,0,1,0,0,0,20198.0,20571.54,-373.5390625,373.5390625,-1.85,108.53138,-1304.3335,148.31512,5.566233,351.12753,-26.230019,-8.723248,4.670745,18.196182,444.18405,-5.0093975,-566.4573,-5.1955414,-0.58600426,85.55831,-750.3854
Nissan,Murano,11.0,146150.0,6,SUV,Mainstream,1std,Automatic,0,0,0,0,0,0,12600.0,11328.854,1271.146484375,1271.146484375,10.09,108.53138,529.84766,-89.642654,7.212492,-44.94264,15.516326,-0.07809122,42.318474,54.461292,-187.7351,13.0790205,-503.00037,111.10688,-32.73879,-1.8885498,22.047325
Nissan,Kicks,3.0,15796.0,4,SUV,Mainstream,Normal,Automatic,0,0,1,0,0,0,23288.0,26083.871,-2795.87109375,2795.87109375,-12.01,108.53138,3519.7332,-1160.4545,20.289291,728.90454,-6.674038,-8.723248,17.524385,29.789627,85.99353,-29.505095,-220.41658,208.012,57.876823,22.509638,3373.3909
Acura,RDX,13.0,229288.0,4,SUV,Luxury,Normal,Automatic,0,0,0,0,0,0,6888.0,10335.206,-3447.2060546875,3447.2060546875,-50.05,108.53138,529.3669,-842.94244,19.111092,-35.089832,13.006406,-0.046684906,-44.354855,42.63705,-145.4379,8.631775,-69.57776,244.35321,-107.26995,-71.64456,-350.72623
BMW,X3,8.0,87523.0,4,SUV,Luxury,Normal,Automatic,0,0,0,0,0,0,23995.0,27267.617,-3272.6171875,3272.6171875,-13.64,108.53138,202.51936,-459.64874,8.688345,-23.396036,-71.5334,-1.3501977,33.367283,42.110046,-435.38806,11.523841,60.809162,-32.445576,-205.57732,-132.45465,-894.24457
Ford,Edge,5.0,183401.0,4,SUV,Mainstream,Normal,Automatic,0,0,0,0,0,0,13995.0,17938.947,-3943.947265625,3943.947265625,-28.18,108.53138,-1012.58325,-642.03394,5.275213,-24.598166,10.952628,-0.035928816,4.9264317,30.538103,194.72067,8.041855,-66.552986,331.55856,-45.57917,-96.89668,-1193.7352
Volkswagen,Jetta,5.0,74954.0,4,Sedan,Mainstream,Normal,Automatic,0,0,0,0,0,0,22488.0,22482.281,5.71875,5.71875,0.03,108.53138,-1067.2798,-102.907455,5.762764,-12.867296,7.1788325,-2.1009824,6.281884,36.58903,257.2988,14.32256,-83.54272,-305.6145,-18.507864,-31.365017,-1188.2203
Nissan,Rogue,3.0,17906.0,4,SUV,Mainstream,Normal,Automatic,0,0,1,1,0,0,24998.0,26001.732,-1003.732421875,1003.732421875,-4.02,108.53138,91.729904,-713.61316,25.254147,740.6598,125.53722,-8.243432,20.183355,25.986006,-66.73211,-31.906887,-377.14426,157.49792,102.98215,23.5716,224.29362
RAM,1500,7.0,97580.0,8,Pickup Truck,Mainstream,Normal,Automatic,0,0,0,0,0,0,41989.0,38874.656,3114.34375,3114.34375,7.42,108.53138,347.84894,559.1721,-8.532567,-62.85143,-0.5390142,0.066601455,27.44153,34.734383,1498.07,26.907652,76.7992,-1001.5846,-23.641176,-238.17342,1344.2495
Volkswagen,Jetta,8.0,118569.0,4,Sedan,Mainstream,Normal,Automatic,0,0,0,0,0,0,17495.0,15731.07,1763.9296875,1763.9296875,10.08,108.53138,875.08484,-506.60193,8.700573,-17.059568,5.8586264,-0.24417888,7.150366,33.655186,301.78375,10.991423,-20.066385,-188.1041,-26.690668,-11.269736,581.7195
Audi,S7,5.0,106000.0,6,Sedan,Luxury,Normal,Automatic,0,0,0,0,0,0,58888.0,43892.484,14995.515625,14995.515625,25.46,108.53138,-425.96863,-580.5342,15.711549,-19.942114,2.76485,-0.111787155,18.771143,36.934586,-52.21481,-59.848724,487.84308,649.134,-30.31337,-32.57008,118.18675
Mercedes-Benz,GLC,3.0,50000.0,4,SUV,Luxury,Normal,Automatic,0,0,0,0,0,0,48888.0,50267.633,-1379.6328125,1379.6328125,-2.82,108.53138,6.9836683,-530.5093,8.211975,-23.259975,-12.681188,-1.9797503,18.410582,347.85703,681.8775,0.87933946,-10.974096,-148.52281,-13.62766,-112.485504,318.71118
Mercedes-Benz,GLA,4.0,49000.0,4,SUV,Luxury,Normal,Automatic,0,0,0,0,0,0,34888.0,45484.254,-10596.25390625,10596.25390625,-30.37,108.53138,-567.453,8.745806,8.493579,-23.773987,-25.919079,-1.3531109,14.035497,285.849,448.3355,1.337162,-123.93105,-118.714935,-9.473153,-37.044456,-32.3348
Audi,Q7,1.0,4000.0,6,SUV,Luxury,Normal,Automatic,0,0,1,0,0,0,79888.0,83412.56,-3524.5625,3524.5625,-4.41,108.53138,-1107.5691,1097.5913,18.55128,-761.537,63.775394,-28.67566,62.87906,42.56103,1559.3135,57.52704,180.68318,180.58147,-89.14615,-170.86276,1214.2039
Audi,Q7,1.0,5000.0,6,SUV,Luxury,Normal,Automatic,0,0,1,0,0,0,79888.0,81926.36,-2038.359375,2038.359375,-2.55,108.53138,-1775.1125,1004.7693,18.55128,-607.68506,63.19437,-28.67566,62.432735,42.19827,1590.5333,57.36281,190.18901,238.01027,-89.14615,-170.86276,704.2904
Mercedes-Benz,GLS,3.0,60000.0,6,SUV,Luxury,1std,Automatic,0,0,0,0,0,0,78888.0,85270.1,-6382.1015625,6382.1015625,-8.09,108.53138,-93.29008,973.84546,5.3518305,-17.56906,-4.391577,-2.0044746,41.12476,464.862,2144.0813,-1.4185244,65.61792,1050.4297,-81.1259,975.2923,5629.3374
BMW,X3,4.0,61000.0,4,SUV,Luxury,Normal,Automatic,0,0,0,0,0,0,38888.0,41381.11,-2493.109375,2493.109375,-6.41,108.53138,3080.3152,104.56406,4.654198,-22.632055,-74.28582,-1.3531109,31.08848,47.773148,1660.2213,-4.2799854,-26.382591,56.257248,-198.07896,-117.83877,4648.553
BMW,X6,2.0,58000.0,6,SUV,Luxury,Normal,Automatic,0,0,0,0,0,0,79888.0,78015.46,1872.5390625,1872.5390625,2.34,108.53138,-167.74126,-1070.6454,-3.0631635,2.6154478,-87.79483,-2.4193137,31.113457,71.76596,-1236.0076,-0.8853523,-252.25287,604.1337,-86.94461,-138.32904,-2227.923
Mercedes-Benz,CLS-Class,4.0,40000.0,6,Sedan,Luxury,Normal,Automatic,0,0,0,0,0,0,57888.0,64206.79,-6318.7890625,6318.7890625,-10.92,108.53138,4043.5017,-1310.6903,3.6900065,-13.06305,-4.5061073,-1.3884553,21.871737,351.63452,3219.2822,1.1841134,449.11383,3414.654,-73.7723,4.3980064,10214.441
Audi,Q5,4.0,48000.0,4,SUV,Luxury,Normal,Automatic,0,0,0,0,0,0,35888.0,37351.746,-1463.74609375,1463.74609375,-4.08,108.53138,-2709.4292,-211.62642,20.681757,-22.439575,-25.912249,-1.3531109,4.8114724,676.5036,-512.24567,-63.346176,-91.95209,274.90063,-628.03754,-29.91905,-3210.832
BMW,X7,3.0,57000.0,6,SUV,Luxury,1std,Automatic,0,0,0,0,0,0,79888.0,83612.5,-3724.5,3724.5,-4.66,108.53138,-771.0943,-245.60666,-1.571233,-16.375381,-92.17368,-2.0044746,52.49594,82.814255,-1211.2036,1.6049706,-291.0989,497.77206,-51.43947,669.6925,-1269.6566
BMW,X5,3.0,74000.0,6,SUV,Luxury,Normal,Automatic,0,0,1,0,0,0,67888.0,65953.73,1934.2734375,1934.2734375,2.85,108.53138,-2889.1448,-2.6805336,0.08995948,407.46817,-80.92535,-8.758592,30.867567,58.54009,-2498.6938,3.782446,-206.612,550.4772,11.187226,-132.81836,-4648.69
BMW,3 Series,2.0,34000.0,4,Sedan,Luxury,Normal,Automatic,0,0,0,0,0,0,49888.0,53564.527,-3676.52734375,3676.52734375,-7.37,108.53138,341.74393,-142.89827,-6.783092,3.3646686,-70.314514,-2.3839693,28.89045,54.688328,-431.1014,-6.0772505,2626.9128,-214.31763,-226.98566,-55.168697,2008.1012
BMW,3 Series,2.0,33000.0,4,Sedan,Luxury,Normal,Automatic,0,0,0,0,0,0,49888.0,53545.562,-3657.5625,3657.5625,-7.33,108.53138,913.34094,-504.65167,0.96690184,0.0437001,-70.314514,-2.3839693,33.84799,54.21155,-421.99332,-8.313946,944.14606,-230.5391,-64.01105,-56.933014,695.9479
BMW,3 Series,2.0,29000.0,4,Sedan,Luxury,Normal,Automatic,0,0,0,0,0,0,49888.0,53656.875,-3768.875,3768.875,-7.55,108.53138,142.60556,-393.3627,0.85487753,-1.711043,-69.65905,-2.3839693,34.021038,48.31418,-508.60208,-54.582836,723.5994,-237.77539,-196.18462,-111.32886,-517.6641
Mercedes-Benz,GLC,3.0,26000.0,4,SUV,Luxury,Normal,Automatic,0,0,0,0,0,0,55888.0,52369.223,3518.77734375,3518.77734375,6.3,108.53138,-1125.2798,131.71204,8.49643,-31.598846,-12.485748,-1.9797503,31.263906,161.30737,-130.25461,-26.122105,-7.5262146,-1022.6836,-143.07484,-157.47359,-2217.168
Mercedes-Benz,C-Class Sedan,4.0,76000.0,4,Sedan,Luxury,Normal,Automatic,0,0,0,0,0,0,40888.0,39339.863,1548.13671875,1548.13671875,3.79,108.53138,1082.1027,-108.16216,7.7840075,-9.43705,-25.195774,-1.3531109,17.268253,248.64066,1096.7555,27.13743,134.18378,-424.75986,79.79995,-104.71335,2128.5823
Audi,Q7,5.0,95000.0,6,SUV,Luxury,Normal,Automatic,0,0,1,0,0,0,42888.0,41053.0,1835.0,1835.0,4.28,108.53138,297.29538,-340.75168,17.763374,530.72955,-0.23108757,-6.8681555,12.524165,51.196102,-357.3626,-62.39409,-318.6759,186.93161,-36.560223,-62.055935,20.071884
Audi,Q8,4.0,71000.0,6,SUV,Luxury,1std,Automatic,0,0,0,0,0,0,46888.0,53998.25,-7110.25,7110.25,-15.16,108.53138,373.62183,-451.32254,17.258354,-16.053602,-1.9981016,-1.3778353,30.894144,51.36401,-860.19507,-47.48241,2.9888487,58.108147,63.08235,434.04886,-238.53171
BMW,X5,3.0,64000.0,6,SUV,Luxury,Normal,Automatic,0,0,1,0,0,0,65888.0,69205.53,-3317.53125,3317.53125,-5.04,108.53138,-1018.6538,147.00778,0.3383034,463.90668,-80.69524,-8.758592,30.867567,63.792213,-176.56384,2.3751125,-129.44731,510.01968,-320.58826,-135.5216,-543.3899
Volkswagen,Jetta Sedan,11.0,156301.0,4,Sedan,Mainstream,Normal,Automatic,0,0,0,0,0,0,9999.0,9748.0,251.0,251.0,2.51,108.53138,9.700125,-371.98373,43.77899,-30.3272,32.317665,-0.21442096,6.2435074,33.303318,242.04039,15.030202,-124.03888,-266.5049,-0.7715726,-28.978535,-331.87372
Chevrolet,Silverado 1500,9.0,119500.0,8,Pickup Truck,Economy,Normal,Automatic,0,0,0,0,0,0,24999.0,26469.91,-1470.91015625,1470.91015625,-5.88,108.53138,-447.40775,1208.1627,-73.10494,-54.23339,3.6320438,0.07947254,39.144936,27.586847,-156.35915,29.9686,49.91954,-874.3166,191.99805,-387.516,-333.91412
BMW,4 Series Cabrio,7.0,42000.0,4,Coupe,Luxury,Normal,Automatic,0,0,0,0,0,0,38500.0,42195.082,-3695.08203125,3695.08203125,-9.6,108.53138,-4418.049,-280.21985,-8.482065,-21.952225,-132.1452,-1.3531109,34.677536,28.902634,-2269.2642,4.208461,-282.2484,388.41187,66.84167,-158.24252,-6940.3823
Subaru,Crosstrek,3.0,18200.0,4,SUV,Mainstream,Normal,Automatic,0,0,0,0,0,0,31995.0,33333.633,-1338.6328125,1338.6328125,-4.18,108.53138,4.572953,-574.7089,13.315777,-23.182869,-11.227375,-1.9797503,21.468237,24.106699,-369.38428,3.1478393,-67.888855,227.95969,115.990906,-51.974552,-581.25305
Chevrolet,Silverado 1500,9.0,157500.0,8,Pickup Truck,Economy,Normal,Automatic,0,0,0,0,0,0,23999.0,24339.646,-340.646484375,340.646484375,-1.42,108.53138,198.23625,1447.832,-73.541,-55.386665,31.457369,0.37524447,35.240093,26.322632,-146.71907,29.788548,212.3282,-555.16656,166.02673,-425.56744,999.75775
Ford,F-150,5.0,69371.0,6,Pickup Truck,Mainstream,Normal,Automatic,0,0,0,0,0,0,50470.0,46860.367,3609.6328125,3609.6328125,7.15,108.53138,-342.42145,117.04553,-16.835138,-26.7674,6.6648765,-1.3669719,13.082874,41.178944,1491.3202,-0.5196707,180.3424,-98.06947,-36.282177,-166.64142,1269.2626
Nissan,Rogue,7.0,134920.0,4,SUV,Mainstream,Normal,Automatic,0,0,0,0,0,0,15999.0,15866.431,132.5693359375,132.5693359375,0.83,108.53138,291.6317,-251.78448,5.6356072,-27.45654,-4.698003,-0.07644282,5.3208704,34.22261,183.09938,4.72625,-255.01566,28.554298,-10.746046,4.240908,116.18586
Volkswagen,Tiguan,9.0,161844.0,4,SUV,Mainstream,Normal,Automatic,0,0,1,0,0,0,17998.0,12909.595,5088.4052734375,5088.4052734375,28.27,108.53138,-133.77914,248.33974,16.116848,533.4093,15.296743,-6.9471626,5.2004848,33.307068,164.68805,2.8001957,-44.874294,76.069466,-45.05289,-41.307674,931.7981
Volkswagen,Tiguan,10.0,169281.0,4,SUV,Mainstream,Normal,Automatic,0,0,0,0,0,0,10995.0,11243.924,-248.923828125,248.923828125,-2.26,108.53138,-211.65012,316.3994,15.415694,-25.368788,17.859838,-0.20810957,5.4369006,33.27184,171.03253,9.37385,-57.734745,85.9117,-29.189472,-54.154083,384.9278
Mercedes-Benz,CLA,12.0,122621.0,4,Sedan,Luxury,Normal,Automatic,0,0,0,1,0,0,20895.0,17570.662,3324.337890625,3324.337890625,15.91,108.53138,-1004.57733,-455.84515,24.228205,-39.749294,52.07324,-0.46572188,21.520622,208.9403,272.7467,8.7020445,299.88776,-201.60744,-174.982,-48.637062,-929.23376
Lexus,ES,20.0,282000.0,4,Sedan,Luxury,Normal,Automatic,0,0,0,0,0,0,6900.0,6608.647,291.35302734375,291.35302734375,4.22,108.53138,-1080.6011,3148.1426,16.279324,-29.501858,-1.6791923,-0.046684906,80.643906,82.4982,-94.39734,35.919415,-84.28474,126.56398,-25.40924,-22.87563,2259.7832
Mazda,Mazda3,10.0,115000.0,4,Sedan,Mainstream,Normal,Manual,0,0,0,0,0,0,14900.0,15363.892,-463.8916015625,463.8916015625,-3.11,108.53138,81.678116,237.75435,20.722017,-34.273167,-3.9781337,-0.6945112,6.279279,33.038,-137.84692,-398.72882,-45.61528,220.87569,-96.507645,37.71063,28.94497
Honda,Odyssey,9.0,154900.0,6,Minivan,Mainstream,1std,Automatic,0,0,0,0,0,0,22599.0,21382.578,1216.421875,1216.421875,5.38,108.53138,-686.3771,500.81155,21.74235,-22.287561,16.744656,-0.06733513,34.63424,52.076717,-382.20615,1.1238139,53.919384,-169.04498,-80.947685,567.2865,15.939766
Toyota,RAV 4 Hybrid,2.0,85405.0,4,SUV,Mainstream,Normal,Automatic,1,0,0,0,0,0,35900.0,41336.598,-5436.59765625,5436.59765625,-15.14,108.53138,1164.4832,-188.80635,6.6387253,4.4715605,-17.884348,-2.362075,4.3555145,-204.9606,559.71277,19.721956,215.73318,424.17706,-73.147415,-137.86084,1882.8036
Ford,E-Series Cutaway,2.0,34314.0,6,Van,Mainstream,Normal,Automatic,0,0,0,0,0,0,68800.0,53511.973,15288.02734375,15288.02734375,22.22,108.53138,1705.8275,-1712.9441,-7.343202,-4.1675105,7.204121,-2.4193137,42.603024,49.638687,709.4301,-18.220608,634.9204,140.81291,243.2073,-135.70108,1761.3796
Honda,Civic,10.0,108000.0,4,Sedan,Mainstream,Normal,Automatic,0,0,0,0,0,0,20800.0,16157.159,4642.8408203125,4642.8408203125,22.32,108.53138,-145.99736,628.34314,12.626966,-17.828878,-4.66698,-0.09175725,6.2292786,31.797766,-197.28938,-4.0547667,-11.51004,19.864277,-15.539741,-15.802164,394.6117
BMW,4 Series Coupe,11.0,110086.0,4,Coupe,Luxury,Normal,Manual,0,0,0,0,0,0,24995.0,25130.645,-135.64453125,135.64453125,-0.54,108.53138,280.4935,42.584427,12.304443,-48.85272,-79.905655,-0.10908919,33.978645,89.131325,-839.3183,-648.8577,-4.1531506,425.39456,20.76849,-205.33867,-813.34863
Acura,RDX,3.0,26585.0,4,SUV,Luxury,Normal,Automatic,0,1,0,1,0,0,49599.0,47757.316,1841.68359375,1841.68359375,3.71,108.53138,321.3785,114.33585,-272.93604,-23.340263,118.29614,-1.4999335,6.681834,27.54173,35.479214,-23.012415,-121.01465,-137.82089,-190.30406,-51.74031,-89.42394
Kia,Stinger,4.0,32181.0,4,Sedan,Economy,Normal,Automatic,0,0,0,0,0,0,40988.0,23761.342,17226.658203125,17226.658203125,42.03,108.53138,307.5908,284.0745,-3.5385575,-23.997477,-23.35152,-1.3531109,8.426029,72.252594,347.20343,-7.5530233,-188.61018,-109.3335,287.95706,30.27692,1088.5754
Nissan,Frontier,13.0,174000.0,6,Pickup Truck,Mainstream,1std,Automatic,0,0,0,0,0,0,15999.0,12487.91,3511.08984375,3511.08984375,21.95,108.53138,37.66803,584.38666,4.610281,-34.906883,37.3786,0.19865006,43.759834,51.960846,21.578054,12.717909,-39.9708,-173.79312,-113.63189,329.12692,869.6144
Hyundai,Palisade,4.0,68161.0,6,SUV,Economy,1std,Automatic,0,1,0,0,0,0,38493.0,40697.895,-2204.89453125,2204.89453125,-5.73,108.53138,-257.2675,167.4912,377.78107,-24.313831,-2.4885876,-1.3778353,30.455915,50.798557,-282.13226,83.495865,-34.06559,287.62625,539.65955,457.02313,1501.2172
Lexus,RX,8.0,145426.0,4,SUV,Luxury,Normal,Automatic,0,0,1,0,0,0,29990.0,28583.973,1406.02734375,1406.02734375,4.69,108.53138,501.0575,-426.4232,0.26781493,515.2268,-11.389877,-6.7794266,2.3389878,82.17514,198.96667,-0.101269595,-52.752834,127.62636,-103.89567,-18.906174,915.9422
Mercedes-Benz,Sprinter,3.0,73478.0,4,Van,Luxury,Normal,Automatic,0,0,0,0,0,0,43999.0,52306.836,-8307.8359375,8307.8359375,-18.88,108.53138,395.91653,1362.0692,7.212249,-28.954044,-11.491872,-1.9797503,74.50003,338.69455,1042.3973,12.6335125,772.04095,-264.3277,-482.9645,-109.01021,3215.2678
Mercedes-Benz,Sprinter,3.0,74773.0,4,Van,Luxury,Normal,Automatic,0,0,0,0,0,0,43999.0,51707.246,-7708.24609375,7708.24609375,-17.52,108.53138,-144.09792,1419.7443,7.212249,-28.951874,-11.491872,-1.9797503,74.50003,338.69455,1166.8326,12.64473,770.10657,-278.4136,-482.9645,-111.98021,2838.387
Audi,A4 Sedan,6.0,97000.0,4,Sedan,Luxury,Normal,Automatic,0,0,0,0,0,0,27450.0,25966.766,1483.234375,1483.234375,5.4,108.53138,160.75055,-379.85577,19.03246,-17.207092,-3.311694,-0.08931388,7.6563306,33.255096,74.9155,-60.729794,-44.398384,30.811455,-82.20642,-51.977394,-204.82309
GMC,Sierra 1500,3.0,38814.0,8,Pickup Truck,Near-luxury,Normal,Automatic,0,0,0,0,0,0,51490.0,59690.465,-8200.46484375,8200.46484375,-15.93,108.53138,-1058.1002,-152.22337,-27.998535,-75.99411,-14.713882,-1.443263,9.614786,41.20897,353.16476,20.927485,-363.094,-936.2766,93.48924,-592.92316,-2595.8303
Acura,MDX,3.0,82589.0,6,SUV,Luxury,1std,Automatic,0,1,0,1,0,0,47399.0,47100.305,298.6953125,298.6953125,0.63,108.53138,1337.4445,263.3506,7.2738795,-15.061106,161.56651,-1.5027636,31.283558,65.215324,-681.8038,18.979658,-42.954754,-8.606003,59.484947,953.1776,2256.3796
Subaru,Crosstrek,3.0,13353.0,4,SUV,Mainstream,Normal,Automatic,0,0,0,0,0,0,32688.0,34354.125,-1666.125,1666.125,-5.1,108.53138,1119.5668,-1681.2169,10.356993,-19.848051,15.880353,-1.9797503,18.809267,30.524502,-195.73035,10.713433,91.67271,249.70204,288.2742,-43.835667,1.4210281
Volkswagen,Golf Wagon,14.0,230000.0,4,Hatchback,Mainstream,Normal,Automatic,0,0,0,0,0,0,6700.0,6684.0024,15.99755859375,15.99755859375,0.24,108.53138,123.76531,-158.89748,13.525246,-36.688465,21.556555,-0.21442096,-32.681404,45.219643,6.6608963,-30.722307,693.28815,169.07173,185.75653,-33.626232,1074.5452
Jeep,Wrangler,3.0,54759.0,6,SUV,Mainstream,Normal,Automatic,0,0,1,0,0,0,61980.0,46778.895,15201.10546875,15201.10546875,24.53,108.53138,-751.7964,-971.80695,-37.466385,422.2312,-6.888245,-8.758592,4.0403447,50.64337,-804.1046,-11.451919,149.8853,184.26817,-34.752174,-38.88241,-1746.308
Ford,F-150,14.0,165450.0,6,Pickup Truck,Mainstream,Normal,Automatic,0,0,0,0,0,0,10900.0,14900.778,-4000.7783203125,4000.7783203125,-36.7,108.53138,187.95732,387.14084,4.216844,-37.26524,35.775227,0.194712,10.965218,27.395937,301.6054,18.158876,-262.46118,-324.4401,12.637732,-153.87523,316.5377
Volkswagen,Golf SportWagen,10.0,247500.0,4,Hatchback,Mainstream,Normal,Automatic,0,0,1,0,0,0,7999.0,10810.836,-2811.8359375,2811.8359375,-35.15,108.53138,-1826.5219,-432.8365,14.050468,551.11707,16.33341,-6.9516077,-13.003123,45.268345,16.290789,-55.34126,551.8153,142.29453,195.19579,-25.96352,-719.72095
Volkswagen,Tiguan,2.0,11012.0,4,SUV,Mainstream,Normal,Automatic,0,0,0,0,0,0,37888.0,35499.71,2388.2890625,2388.2890625,6.3,108.53138,-116.00169,361.50027,16.11296,-6.914063,49.95513,-3.131841,18.48266,33.7355,628.3801,-3.7902484,1.2939897,-195.67276,218.74759,-127.3182,983.9108
Audi,S5 Sportback,9.0,117074.0,6,Coupe,Luxury,Normal,Automatic,0,0,0,0,0,0,28888.0,26380.422,2507.578125,2507.578125,8.68,108.53138,293.30887,383.6902,35.44733,-23.964975,-6.073022,-0.111787155,13.288833,84.446365,615.4007,-24.447315,241.00847,-1565.4734,321.6211,-149.31148,327.36115
BMW,M3,14.0,85000.0,6,Sedan,Luxury,1std,Automatic,0,0,0,0,0,0,38900.0,31643.244,7256.755859375,7256.755859375,18.65,108.53138,1416.5308,238.27267,13.375839,-20.492527,-64.0299,-1.4119827,70.65598,69.402306,312.78998,19.295547,1310.551,991.2376,-148.46658,2203.3342,6519.576
Honda,CR-V,4.0,58116.0,4,SUV,Mainstream,Normal,Automatic,0,0,0,0,0,0,36888.0,31958.16,4929.83984375,4929.83984375,13.36,108.53138,152.15453,-247.85915,-1.5502404,-19.757902,-26.67161,-1.3531109,3.3678417,35.354195,-174.32129,-12.687028,174.1397,90.96872,-1.6383177,-19.62394,59.053776
Nissan,Altima,3.0,65000.0,4,Sedan,Mainstream,Normal,Automatic,0,0,0,0,0,0,25950.0,20380.854,5569.146484375,5569.146484375,21.46,108.53138,-756.42,-226.78539,3.977463,-18.441366,-11.905662,-1.9797503,4.6509705,42.697296,299.81744,14.503794,-291.7261,-117.58251,83.4398,53.552467,-813.67017
Mazda,CX-5,4.0,96000.0,4,SUV,Mainstream,Normal,Automatic,0,0,0,0,0,0,28950.0,28497.953,452.046875,452.046875,1.56,108.53138,-228.77097,-56.443516,2.073413,-28.627623,-26.681318,-0.6964821,4.0877514,26.606186,-146.97957,12.631512,40.997772,314.46136,-59.500393,-10.985037,-49.29548
Nissan,Altima,4.0,95000.0,4,Sedan,Mainstream,Normal,Automatic,0,0,0,0,0,0,22850.0,18512.268,4337.732421875,4337.732421875,18.98,108.53138,491.15506,-64.89024,3.8016593,-27.813047,-26.392565,-0.08931388,4.793294,26.146366,276.2972,15.123674,53.019543,-147.72865,-49.61639,25.196514,687.5345
Acura,RDX,2.0,20853.0,4,SUV,Luxury,Normal,Automatic,0,0,0,0,0,0,48995.0,47801.902,1193.09765625,1193.09765625,2.44,108.53138,544.0151,-53.918816,17.825865,-5.055133,2.1872225,-2.3839693,19.147655,26.245737,281.40936,-27.191736,-53.368546,-73.39532,-113.56452,-99.62108,570.86316
Toyota,C-HR,6.0,49407.0,4,SUV,Mainstream,Normal,Automatic,0,0,0,0,0,0,23495.0,32447.76,-8952.759765625,8952.759765625,-38.1,108.53138,-194.46623,27.979979,7.4791183,-22.566826,-18.12557,-1.3531109,6.9678926,-8.364689,73.90872,9.278493,159.40984,151.74406,-25.012856,-30.548529,244.8617
Acura,TLX,6.0,110586.0,4,Sedan,Luxury,Normal,Automatic,0,0,0,0,0,0,26499.0,28268.89,-1769.890625,1769.890625,-6.68,108.53138,-68.040955,-225.75438,7.110011,-17.03232,0.7643459,-0.07644282,7.896199,32.876247,-66.024124,11.787958,-39.510754,-30.14164,-76.10449,-42.38407,-396.10303
Honda,Odyssey,13.0,1220000.0,6,Minivan,Mainstream,1std,Automatic,0,1,0,0,0,0,18995.0,10317.324,8677.67578125,8677.67578125,45.68,108.53138,-4233.6304,1469.7451,67.677216,-31.922804,-18.678263,-0.07809122,9.9119835,46.68952,-633.9715,-6.9862523,-1113.8616,-352.9474,11.731043,621.2675,-4056.5227
Mitsubishi,Eclipse Cross,5.0,112702.0,4,Coupe,Economy,Normal,Automatic,0,0,0,0,0,0,18990.0,21593.465,-2603.46484375,2603.46484375,-13.71,108.53138,-1478.7843,-650.394,-27.37577,-21.457188,-12.641041,-0.07644282,7.572605,125.7333,-475.36478,23.581884,-271.4396,645.06104,568.8766,-129.94441,-1588.121
Jeep,Grand Cherokee L,3.0,34395.0,6,SUV,Mainstream,Normal,Automatic,0,0,0,0,0,0,58998.0,48471.543,10526.45703125,10526.45703125,17.84,108.53138,343.5304,-270.22586,-46.702026,-21.101246,-5.8928256,-2.0150945,6.1783986,45.01477,-1065.9724,-4.8827524,-20.342512,445.69424,-12.834935,-27.939339,-528.95984
Volkswagen,Atlas Cross Sport,5.0,62216.0,4,SUV,Mainstream,1std,Automatic,0,0,0,0,0,0,28900.0,34162.47,-5262.46875,5262.46875,-18.21,108.53138,381.8851,-212.89763,7.9317822,-17.35584,9.167191,-1.5600022,34.560444,60.285236,-42.49584,7.4471903,-7.1024966,-292.10562,19.31828,591.04626,646.65546
Hyundai,Venue,3.0,5500.0,4,SUV,Economy,Normal,Automatic,0,0,0,0,0,0,24898.0,32317.713,-7419.712890625,7419.712890625,-29.8,108.53138,2240.4294,2045.1392,-10.458458,-80.39731,36.36805,-1.9753644,19.357794,14.376341,-604.9139,119.84463,741.7809,169.11081,1082.3716,-200.32925,5679.236
Mazda,Mazda3 Sport,4.0,30891.0,4,Sedan,Mainstream,Normal,Automatic,0,0,0,0,0,0,23499.0,27607.617,-4108.6171875,4108.6171875,-17.48,108.53138,242.30544,166.48817,2.7888956,-23.604752,-25.241592,-1.9602792,6.8045464,27.534506,-104.27546,-7.0349655,-221.47571,13.635155,26.728819,74.10042,285.32462
Acura,RDX,9.0,203187.0,4,SUV,Luxury,Normal,Automatic,0,0,0,0,0,0,16495.0,16836.855,-341.85546875,341.85546875,-2.07,108.53138,819.5332,223.23906,15.367845,-24.248114,11.391609,-0.035928816,-8.100597,27.568409,-248.01984,0.10689044,-83.892265,127.246155,-34.108234,-90.51543,844.06396
Hyundai,Tucson,6.0,112910.0,4,SUV,Economy,Normal,Automatic,0,0,0,0,0,0,19495.0,19309.582,185.41796875,185.41796875,0.95,108.53138,-187.36217,-79.03891,-6.3128934,-29.925592,-3.4266112,-0.07644282,6.5566206,34.68727,66.82733,10.847427,-16.774443,81.62128,195.34538,-57.462982,124.03663
Kia,Soul,7.0,210575.0,4,Hatchback,Economy,Normal,Automatic,0,0,0,0,0,1,9950.0,7184.5815,2765.41845703125,2765.41845703125,27.79,108.53138,-697.2972,7.646261,-14.464563,-25.025677,10.958069,-0.035928816,-86.643814,53.621952,266.00958,-36.96946,542.5823,308.54276,145.62338,-11.680519,571.3985
Hyundai,Santa Fe,14.0,131889.0,4,SUV,Economy,Normal,Automatic,0,0,0,0,0,1,9950.0,8935.243,1014.7568359375,1014.7568359375,10.2,108.53138,161.38449,-335.3666,3.4143891,-42.49766,-5.243666,-0.113503516,-190.60414,33.122314,-104.51741,16.015797,41.148598,157.58159,176.10042,-17.220121,1.7358322
Volkswagen,Tiguan,9.0,172775.0,4,SUV,Mainstream,Normal,Automatic,0,0,0,0,0,0,13950.0,12518.421,1431.5791015625,1431.5791015625,10.26,108.53138,-146.7343,228.49217,15.419227,-25.01023,18.007225,-0.20366487,5.5199714,33.262356,163.29071,12.1753,-58.031532,84.49842,-34.344616,-53.740997,351.1314
Kia,Forte,13.0,60161.0,4,Sedan,Economy,Normal,Automatic,0,0,0,0,0,1,10950.0,11005.16,-55.16015625,55.16015625,-0.5,108.53138,-494.63428,-160.94272,17.719742,-99.61734,-0.7406231,-1.3901715,-234.09889,78.28028,-148.85468,-6.634937,-82.62305,114.163704,158.69794,2.5278292,-749.6158
Subaru,Forester,12.0,189534.0,4,SUV,Mainstream,Normal,Manual,0,0,0,0,0,1,8950.0,10586.9795,-1636.9794921875,1636.9794921875,-18.29,108.53138,686.4676,52.943756,20.644417,-34.918007,6.0148435,-0.04227057,-276.74527,31.265146,-98.314995,-264.11496,-13.200719,213.5481,11.500056,48.140186,491.7192
Honda,Civic Sedan,13.0,199293.0,4,Sedan,Mainstream,Normal,Automatic,0,0,0,0,0,0,9950.0,9136.038,813.9619140625,813.9619140625,8.18,108.53138,537.89294,-59.03636,4.976656,-26.47788,10.301713,-0.046684906,-8.936263,25.71916,-278.83362,-5.901452,7.3439574,26.495802,22.53233,-17.22691,347.33478
Jeep,Compass,7.0,174438.0,4,SUV,Mainstream,Normal,Automatic,0,0,0,0,0,1,13950.0,14544.07,-594.0703125,594.0703125,-4.26,108.53138,248.32173,82.50774,-18.455261,-21.619911,8.270411,-0.035928816,-188.74628,32.608635,-93.38956,2.6814556,-33.65424,199.62555,-32.234253,-13.790939,280.62057
Toyota,Tacoma,18.0,324108.0,4,Pickup Truck,Mainstream,Normal,Automatic,0,0,0,0,0,0,6950.0,15244.428,-8294.427734375,8294.427734375,-119.34,108.53138,-472.74557,-2897.7905,12.150029,-44.20355,3.0471668,0.23005636,100.93116,-13.216027,-739.90546,71.27048,-2826.5842,-38.007698,135.86853,-94.186775,-6694.6113
Hyundai,Santa Fe Sport,9.0,155000.0,4,SUV,Economy,Normal,Automatic,0,0,0,0,0,0,12495.0,13704.851,-1209.8505859375,1209.8505859375,-9.68,108.53138,-374.28516,239.26433,23.053385,-32.098434,18.464863,-0.035928816,5.567087,34.193626,-143.87288,9.39271,53.519382,141.0632,171.08984,-67.640236,186.20717
Jeep,Cherokee,8.0,181387.0,4,SUV,Mainstream,Normal,Automatic,0,0,0,0,0,1,12950.0,12967.258,-17.2578125,17.2578125,-0.13,108.53138,524.6432,-205.63063,-15.091629,-21.496574,8.256245,-0.035928816,-188.7329,32.64238,-11.563099,9.504134,-18.093256,234.25534,-33.03334,-14.021946,410.1334
Kia,Forte,13.0,203500.0,4,Sedan,Economy,Normal,Automatic,0,0,1,0,0,0,5500.0,4497.638,1002.36181640625,1002.36181640625,18.22,108.53138,-255.6425,331.1822,1.5421914,680.028,9.793932,-6.790183,-6.642857,50.864895,178.2924,-4.4053907,-118.929596,45.13302,146.56332,-32.599823,1126.9209
Mazda,Mazda5,13.0,100000.0,4,Minivan,Mainstream,Normal,Automatic,0,0,0,0,0,0,11995.0,10166.153,1828.8466796875,1828.8466796875,15.25,108.53138,-356.2223,321.0655,15.821441,-37.855553,-23.124552,-0.7206717,6.6731396,32.809742,-251.52583,7.966463,262.75885,297.57724,42.252472,-12.146617,413.86072
Lexus,NX,10.0,111316.0,4,SUV,Luxury,Normal,Automatic,0,0,0,0,0,0,23495.0,25359.41,-1864.41015625,1864.41015625,-7.94,108.53138,-187.05252,615.14795,21.681328,-25.646915,-16.998924,-0.09175725,3.4652088,81.10458,385.96933,6.773271,-7.9760647,176.99115,-71.92016,-11.838106,1078.1396
Acura,RDX,6.0,63505.0,4,SUV,Luxury,Normal,Automatic,0,0,0,0,0,0,32495.0,34014.402,-1519.40234375,1519.40234375,-4.68,108.53138,991.3647,-112.8826,9.001895,-21.217253,2.00976,-1.3531109,6.9513617,42.29785,-258.34085,10.442159,67.14877,45.765884,225.52823,-71.67831,1043.57
Audi,Q5,8.0,97741.0,4,SUV,Luxury,Normal,Automatic,0,0,0,0,0,0,22995.0,22311.64,683.359375,683.359375,2.97,108.53138,606.8793,-732.70703,23.637497,-22.903193,-3.4315052,-0.07644282,7.0798326,47.39999,-164.4545,-62.635826,-256.5931,190.35318,-75.042885,-73.91135,-407.87476
Mazda,Mazda3,11.0,57659.0,4,Sedan,Mainstream,Normal,Automatic,0,0,0,0,0,0,15522.0,15198.213,323.787109375,323.787109375,2.09,108.53138,1461.3992,185.28639,25.406698,-100.719345,-1.8201896,-1.9973398,6.3108377,42.88897,-412.452,-32.845066,-15.896555,110.1855,88.09182,-2.3910475,1459.9791
Audi,SQ5,9.0,74570.0,6,SUV,Luxury,Normal,Automatic,0,0,0,0,0,0,28922.0,30311.322,-1389.322265625,1389.322265625,-4.8,108.53138,856.57666,691.1996,31.821754,-22.136177,4.2656827,-1.3884553,13.02009,39.644806,-528.3824,-54.354717,13.734696,87.80074,-34.340847,-85.90115,1120.0918
Volkswagen,Atlas,8.0,65000.0,4,SUV,Mainstream,1std,Automatic,0,0,0,0,0,0,22999.0,29149.2,-6150.19921875,6150.19921875,-26.74,108.53138,-531.0873,-853.1545,20.535192,-16.295895,9.192759,-1.5600022,32.607204,57.62003,-39.6581,12.77774,-36.423916,-280.34192,72.612015,476.8059,-967.8395
Toyota,Corolla Sedan,13.0,198000.0,4,Sedan,Mainstream,Normal,Automatic,0,0,0,0,0,0,9995.0,9176.055,818.9453125,818.9453125,8.19,108.53138,6.3069606,-202.35558,14.098685,-30.726612,-2.6511276,-0.046684906,-7.021791,-20.607744,-445.34103,27.54615,-39.944744,-75.61214,23.059998,-65.789246,-710.5535
Toyota,Corolla Sedan,13.0,232000.0,4,Sedan,Mainstream,Normal,Automatic,0,0,0,0,0,0,9995.0,8941.175,1053.8251953125,1053.8251953125,10.54,108.53138,269.48172,-722.57074,16.307304,-30.921417,-3.0797887,-0.046684906,-43.550533,-6.7058797,-418.0707,33.461872,-48.33046,55.06881,18.862549,-28.210773,-799.7734
Kia,Rio,11.0,170890.0,4,Sedan,Economy,Normal,Automatic,0,0,0,0,0,1,7496.0,7724.7114,-228.71142578125,228.71142578125,-3.05,108.53138,341.5829,-238.23024,2.192669,-30.10211,13.482588,-0.046684906,-236.68443,54.61936,221.15656,16.502924,-79.21197,175.03607,179.48473,2.9628894,531.2766
Audi,Q5,11.0,115000.0,4,SUV,Luxury,Normal,Automatic,0,0,0,0,0,0,15900.0,14749.249,1150.7509765625,1150.7509765625,7.24,108.53138,1806.672,-620.55426,34.336113,-36.52907,-2.930217,-0.113503516,7.38154,47.449417,65.61971,-36.033295,-368.96964,130.95435,-49.39895,-73.39097,1013.02466
Volkswagen,Jetta,8.0,73000.0,4,Sedan,Mainstream,Normal,Automatic,0,0,0,0,0,0,14988.0,18249.648,-3261.6484375,3261.6484375,-21.76,108.53138,484.60437,-505.843,9.440011,-11.794948,7.204402,-2.1009824,6.8422604,35.749268,63.916126,11.839278,-92.29159,-288.41022,-9.743199,-20.581472,-202.6383
Volkswagen,Tiguan,5.0,72000.0,4,SUV,Mainstream,Normal,Automatic,0,0,0,0,0,0,26988.0,24840.707,2147.29296875,2147.29296875,7.96,108.53138,-114.88086,-278.1238,7.1317577,-20.273867,7.063915,-2.1009824,5.619766,37.380127,144.58006,13.906455,72.355415,-208.32321,-22.71334,-59.468937,-309.31616
Mercedes-Benz,GLC,5.0,81000.0,4,SUV,Luxury,Normal,Automatic,0,0,0,1,0,0,33988.0,37928.055,-3940.0546875,3940.0546875,-11.59,108.53138,660.23535,-1199.7775,18.940441,-32.75531,32.172447,-0.8732941,15.625418,284.3514,-88.26366,11.545288,-240.55061,-273.0027,30.329605,-116.10553,-789.5972
Mercedes-Benz,CLA,9.0,130000.0,4,Sedan,Luxury,Normal,Automatic,0,0,0,0,0,0,16888.0,21243.188,-4355.1875,4355.1875,-25.79,108.53138,300.23013,383.73935,14.85097,-13.35124,-4.160301,-0.07644282,21.021246,210.8382,824.16125,10.267513,309.16055,-203.97865,-61.548992,-60.10373,1839.5812
Audi,A5 Coupe,9.0,134000.0,6,Coupe,Luxury,Normal,Automatic,0,0,0,0,0,0,20988.0,25527.19,-4539.189453125,4539.189453125,-21.63,108.53138,-169.58958,372.51523,29.713428,-22.69458,-7.527524,-0.111787155,9.537229,83.191055,565.2636,-24.661396,179.08679,-1653.3452,288.39008,-152.00401,-393.70532
Mercedes-Benz,A-Class Sedan,5.0,51000.0,4,Hatchback,Luxury,Normal,Automatic,0,1,0,0,0,0,28988.0,33613.26,-4625.26171875,4625.26171875,-15.96,108.53138,-955.9032,-1279.6805,4.684529,-23.521078,-0.21990636,-1.3531109,15.930826,294.4935,19.68824,-18.975872,-104.846436,-63.89028,-183.78802,1.4173546,-2187.4324
Mercedes-Benz,B-Class,9.0,56000.0,4,Hatchback,Luxury,Normal,Automatic,0,0,0,0,0,0,15988.0,22562.375,-6574.375,6574.375,-41.12,108.53138,56.858345,1391.9512,26.402811,-25.450193,-2.3085666,-1.3531109,18.816658,247.97357,497.2564,-25.645903,-308.82056,-130.1907,-194.69379,-79.71834,1579.6089
Nissan,Rogue,4.0,38000.0,4,SUV,Mainstream,Normal,Automatic,0,0,0,0,0,0,23988.0,24694.05,-706.05078125,706.05078125,-2.94,108.53138,-363.6179,-388.34613,6.3350635,-28.365463,-25.45887,-1.3531109,4.276313,30.358717,-251.06221,1.6440734,-303.9301,-88.12782,27.341316,82.83811,-1188.9365
Audi,Q5,8.0,89000.0,4,SUV,Luxury,Normal,Automatic,0,0,0,0,0,0,19988.0,22491.371,-2503.37109375,2503.37109375,-12.52,108.53138,1.3235425,-638.0026,23.635416,-23.25619,-3.566946,-1.3501977,7.0798326,45.419865,-174.2813,-61.174156,-76.29995,117.186584,-198.52377,-68.22699,-941.5055
Honda,CR-V,5.0,54000.0,4,SUV,Mainstream,Normal,Automatic,0,0,0,0,0,0,26988.0,28817.559,-1829.55859375,1829.55859375,-6.78,108.53138,-764.83887,-185.86049,-0.7772708,-19.389627,-3.4808671,-1.3531109,4.8452015,43.095085,151.46883,-10.680496,108.335365,88.80601,20.919727,-22.219505,-482.59857
Volkswagen,Taos,3.0,89000.0,4,SUV,Mainstream,Normal,Automatic,0,0,0,0,0,0,21988.0,26850.326,-4862.326171875,4862.326171875,-22.11,108.53138,-1119.271,-85.62794,5.599669,-28.592499,-11.7154045,-2.7057278,4.301899,33.772003,221.83694,13.352557,175.37485,-162.86714,18.077192,-70.195274,-900.1286
Volvo,XC40,3.0,20950.0,4,SUV,Luxury,Normal,Automatic,0,0,0,0,0,0,43880.0,48956.656,-5076.65625,5076.65625,-11.57,108.53138,562.5944,1530.5365,8.108821,-41.651516,-11.191625,-1.9100059,19.177399,16.293861,489.91562,-27.58559,-33.824802,-51.442535,-111.76981,-206.27394,2249.508
Ford,Escape,13.0,148030.0,4,SUV,Mainstream,Normal,Automatic,0,1,1,0,0,0,6888.0,9213.389,-2325.388671875,2325.388671875,-33.76,108.53138,-1367.201,508.03754,-144.6545,784.25214,8.049895,-6.790183,6.1245317,32.953953,124.45717,-0.91497254,-119.748055,63.733093,17.675224,-87.78723,-73.28106
Hyundai,Elantra,9.0,83300.0,4,Sedan,Economy,Normal,Automatic,0,0,0,0,0,1,13495.0,13000.744,494.255859375,494.255859375,3.66,108.53138,748.9817,977.933,8.456311,-20.842188,-3.519465,-1.3501977,-214.42636,36.18755,-266.19232,9.761801,-109.82375,3.6164236,162.71579,-68.351135,1371.6786
Ford,Mustang Fastback,6.0,23386.0,8,Coupe,Mainstream,Normal,Automatic,0,0,0,0,0,0,47990.0,50435.203,-2445.203125,2445.203125,-5.1,108.53138,1480.26,-2591.6804,-33.33921,-72.0123,-9.967926,-1.2171569,35.850662,47.32101,424.74762,50.410603,-410.16553,-1299.525,-1063.7249,-340.6358,-3675.1467
Mazda,CX-5,9.0,131594.0,4,SUV,Mainstream,Normal,Automatic,0,0,0,0,0,0,18499.0,18209.773,289.2265625,289.2265625,1.56,108.53138,281.5999,-70.025505,12.03929,-24.294088,-4.903281,-0.6836111,5.2755337,33.772186,-263.78845,10.188714,-38.87784,351.07852,-9.7443905,-15.757795,374.41058
Honda,Accord Sedan,9.0,172224.0,4,Sedan,Mainstream,Normal,Automatic,0,0,0,0,0,0,14995.0,15206.732,-211.732421875,211.732421875,-1.41,108.53138,74.881454,218.56996,6.474971,-16.424032,9.41271,-0.035928816,5.3403726,30.492367,-238.01952,7.8203273,-54.782013,73.348465,-32.07615,-12.491784,181.0426
Acura,MDX,17.0,180922.0,6,SUV,Luxury,1std,Automatic,0,0,0,0,0,0,6995.0,8041.677,-1046.6767578125,1046.6767578125,-14.96,108.53138,716.42413,-798.28674,13.065836,-31.48848,23.108679,-0.07809122,43.386833,52.431046,-398.37875,70.31105,-125.35621,-300.61176,-53.09502,672.9444,-7.091728
GMC,Canyon,6.0,114700.0,4,Pickup Truck,Near-luxury,Normal,Automatic,0,0,1,0,0,0,32998.0,33160.125,-162.125,162.125,-0.49,108.53138,1229.1321,-641.0235,3.171579,993.1683,-20.577023,-6.798457,6.7636876,34.526592,1082.8195,2.6123984,-49.970398,79.3107,435.8401,-229.12753,3028.3794
Mercedes-Benz,Sprinter Cargo Van,7.0,143100.0,4,Van,Luxury,Normal,Automatic,0,0,1,0,0,0,26998.0,33448.668,-6450.66796875,6450.66796875,-23.89,108.53138,-715.44885,309.9353,5.753753,915.5604,-4.7583823,-7.0552487,54.481945,232.34627,33.31354,-6.3674555,825.9738,-71.68798,-105.73233,-57.4778,1517.3684
Toyota,C-HR,5.0,107260.0,4,SUV,Mainstream,Normal,Automatic,0,0,0,0,0,0,20995.0,31754.47,-10759.470703125,10759.470703125,-51.25,108.53138,-1004.60596,-577.9805,7.11473,-26.191076,-16.802813,-0.07644282,6.7340813,-16.462542,-132.22699,19.918743,79.25468,18.712738,-29.499453,-51.224747,-1614.8041
Audi,A5 Sportback,6.0,60750.0,6,Coupe,Luxury,Normal,Automatic,0,0,0,0,0,0,30998.0,41129.47,-10131.46875,10131.46875,-32.68,108.53138,241.99979,-312.57175,21.296436,-22.280273,-4.8272743,-1.3884553,12.924195,71.15817,-563.44995,-59.850075,415.0389,-143.21527,274.96255,-130.86244,-92.534065
Ford,Edge,7.0,95020.0,4,SUV,Mainstream,Normal,Automatic,0,0,0,0,0,0,21998.0,20856.498,1141.501953125,1141.501953125,5.19,108.53138,-66.29877,-141.3866,6.6611676,-23.141958,-2.1726747,-0.08931388,6.935972,33.142517,229.7333,0.5432093,-158.91022,141.5628,-19.593992,-125.76512,-10.248268
Volkswagen,Taos,5.0,49093.0,4,SUV,Mainstream,Normal,Automatic,0,1,0,0,0,0,21500.0,25268.086,-3768.0859375,3768.0859375,-17.53,108.53138,-852.5611,191.29555,-64.50734,-21.124973,9.673623,-2.1009824,5.6772404,46.255836,327.5812,3.2440193,-22.273272,-104.5703,-44.46253,-23.23384,-442.57544
Volvo,V90 Cross Country,9.0,122171.0,4,Wagon,Luxury,Normal,Automatic,0,0,0,0,0,0,24899.0,23441.035,1457.96484375,1457.96484375,5.86,108.53138,-55.545734,84.12792,15.168577,-95.621605,0.13228725,-5.712369,6.5918217,29.932505,-627.31946,11.249326,618.50085,115.1435,-86.79051,-166.13225,-47.743736
Mercedes-Benz,G-Class,11.0,96180.0,8,SUV,Luxury,3std,Automatic,0,0,0,0,0,0,72888.0,59202.492,13685.5078125,13685.5078125,18.78,108.53138,1778.5181,1600.6598,-0.81690556,-38.070583,36.69891,0.008057488,51.70825,248.9819,4233.575,16.829462,2733.8713,4075.665,279.25766,9869.354,24994.771
Toyota,Highlander,10.0,151401.0,4,SUV,Mainstream,Normal,Automatic,0,0,0,0,0,0,23995.0,20145.834,3849.166015625,3849.166015625,16.04,108.53138,469.84488,163.57814,15.631223,-26.057383,2.5611734,-0.04037352,6.139941,-17.68706,-380.8516,14.806967,40.78253,-17.692604,-25.959795,-63.281094,290.3064
Audi,A3 Sedan,9.0,81493.0,4,Sedan,Luxury,Normal,Automatic,0,1,0,0,0,0,23888.0,17502.908,6385.091796875,6385.091796875,26.73,108.53138,1696.7065,698.28314,-340.01837,-12.278043,-1.955531,-1.3501977,7.6178985,36.805405,-389.36743,-56.487667,-62.99069,-126.52929,-28.907766,-76.67269,1451.3866
Honda,CR-V Hybrid,2.0,131295.0,4,SUV,Mainstream,Normal,Automatic,1,0,0,0,0,0,36995.0,31751.096,5243.904296875,5243.904296875,14.17,108.53138,2027.5817,158.86948,0.086493745,-1.1736107,-12.480374,-1.0883203,0.98110104,-510.9728,-15.423653,-0.2347579,111.54005,581.11053,-24.125353,35.4741,2458.676
Mazda,CX-30,5.0,175500.0,4,SUV,Mainstream,Normal,Automatic,0,0,0,0,0,0,18609.0,20687.926,-2078.92578125,2078.92578125,-11.17,108.53138,-579.1327,-634.2361,1.6867892,-25.15582,7.5869617,-0.6430971,4.8195367,33.65331,-126.034546,13.455089,-15.617771,413.93237,-44.407925,-8.363731,-849.92615
Hyundai,Santa Fe,4.0,18811.0,4,SUV,Economy,Normal,Automatic,0,0,0,0,0,0,35900.0,28091.172,7808.828125,7808.828125,21.75,108.53138,1703.4474,-412.76587,-2.0755026,-79.42884,-23.092888,-1.3531109,17.652727,21.92626,-351.61652,-26.339525,-213.08408,32.234505,127.56754,-47.12509,854.4783
Audi,Q5,7.0,133000.0,4,SUV,Luxury,Normal,Automatic,0,0,0,0,0,0,23850.0,22601.742,1248.2578125,1248.2578125,5.23,108.53138,690.1391,-458.4236,19.922817,-23.005968,-4.8718405,-0.07644282,6.140017,47.076935,-64.48487,-41.811993,-303.6337,161.71135,-95.74395,-69.029755,-27.56054
Volkswagen,Taos,5.0,64000.0,4,SUV,Mainstream,Normal,Automatic,0,0,0,0,0,0,22488.0,25777.361,-3289.361328125,3289.361328125,-14.63,108.53138,-1331.0625,-52.139362,7.2959814,-22.40326,7.0784717,-2.1009824,5.619766,42.63229,210.90901,12.187774,139.10826,-219.89151,109.42411,-67.87761,-1052.688
Honda,CR-V Hybrid,2.0,40000.0,4,SUV,Mainstream,Normal,Automatic,1,0,0,0,0,0,43888.0,43541.92,346.078125,346.078125,0.79,108.53138,1862.6573,-2110.903,-1.5610367,4.4003224,-5.19962,-2.3839693,1.8893601,-653.7565,-925.5736,-30.441795,105.82522,-122.00551,49.364742,-33.685947,-1752.8425
Volkswagen,Taos,5.0,65800.0,4,SUV,Mainstream,Normal,Automatic,0,0,0,0,0,0,22488.0,25214.54,-2726.5390625,2726.5390625,-12.12,108.53138,-731.428,-64.564735,7.2959814,-22.40326,7.1294484,-2.1009824,5.619766,39.403206,215.57858,12.364427,78.03637,-180.87366,-9.154751,-70.00109,-606.56726
Lexus,TX,3.0,37538.0,4,SUV,Luxury,Normal,Automatic,0,0,0,0,0,0,60888.0,50758.38,10129.62109375,10129.62109375,16.64,108.53138,1132.7388,-6.1813917,6.7413487,-22.761694,-45.838425,-1.9797503,2.8923423,83.65289,559.46075,-3.8762164,87.49664,-50.798016,-167.74397,38.738895,1721.0735
Honda,Civic Sedan,2.0,27840.0,4,Sedan,Mainstream,Normal,Automatic,1,0,0,0,0,0,34888.0,36595.164,-1707.1640625,1707.1640625,-4.89,108.53138,-38.50249,-832.38354,-7.009623,2.1766627,-3.7778664,-2.3839693,3.77775,-476.46347,-1044.632,-71.21286,-55.476063,-192.55225,41.160873,-53.452995,-2622.2004
Mazda,CX-5,2.0,10095.0,4,SUV,Mainstream,Normal,Automatic,0,0,0,0,0,0,48045.0,37428.98,10616.01953125,10616.01953125,22.1,108.53138,-833.4112,980.65515,4.2159195,-5.6909194,33.706863,-2.9911377,18.341394,33.462296,-242.66522,1.2018145,150.70036,223.17075,124.53766,-27.241343,566.5238
Mazda,CX-5,4.0,30734.0,4,SUV,Mainstream,Normal,Automatic,0,0,0,0,0,0,33499.0,32455.67,1043.330078125,1043.330078125,3.11,108.53138,359.84088,215.6828,4.1578884,-32.029022,-25.290285,-1.9602792,6.0708876,28.325636,-84.577065,-7.439853,-53.845512,202.74817,22.796589,47.675915,790.6881
Mazda,CX-9,4.0,64000.0,4,SUV,Mainstream,Normal,Automatic,0,0,0,0,0,0,35599.0,30983.908,4615.091796875,4615.091796875,12.96,108.53138,-1223.381,77.16655,2.5700152,-22.593067,-25.2893,-1.9602792,3.9130666,33.164078,-170.42941,12.421672,170.36261,220.6095,81.10909,-6.8874226,-740.6927
Kia,Sorento,4.0,72037.0,4,SUV,Economy,Normal,Automatic,0,0,0,0,0,0,28995.0,25540.496,3454.50390625,3454.50390625,11.91,108.53138,-97.77619,-20.403065,-5.552456,-19.118994,-23.322313,-1.3531109,5.606083,61.83981,288.81384,13.44466,90.26666,103.2184,214.29584,-45.10691,673.3836
Toyota,Highlander,6.0,123000.0,4,SUV,Mainstream,Normal,Automatic,0,0,0,0,0,0,32950.0,29149.584,3800.416015625,3800.416015625,11.53,108.53138,90.68038,-209.76302,6.746233,-24.015505,-16.757526,-0.07644282,6.502054,-17.202896,-116.26935,20.403215,82.15752,41.998363,-29.846428,-52.527084,-109.439095
Hyundai,Tucson,8.0,126000.0,4,SUV,Economy,Normal,Automatic,0,0,0,0,0,0,15450.0,16014.744,-564.744140625,564.744140625,-3.66,108.53138,1154.3004,-833.1235,-1.895279,-29.82963,-3.043606,-0.07644282,5.6142216,34.58785,-122.14982,9.761594,-39.019867,150.47202,192.40352,-52.903625,573.6293
RAM,1500,7.0,60240.0,8,Pickup Truck,Mainstream,Normal,Automatic,0,0,0,0,0,0,37995.0,39312.836,-1317.8359375,1317.8359375,-3.47,108.53138,-1018.73444,-680.4125,39.53067,-60.872097,0.45609578,-1.1956736,27.424555,44.5611,-1310.4955,9.93941,-21.430677,-688.32715,46.069035,-190.43312,-3695.3887
GMC,Savana Cargo Van,9.0,181427.0,6,Van,Near-luxury,Normal,Automatic,0,0,0,0,0,0,23970.0,21138.027,2831.97265625,2831.97265625,11.81,108.53138,1102.398,-1507.8124,11.184849,-44.41306,-1.7166514,-0.07127315,72.73419,35.950256,930.79144,11.223488,0.803597,-137.45815,117.91106,-199.69505,500.3617
Hyundai,Tucson,8.0,98430.0,4,SUV,Economy,Normal,Automatic,0,0,0,0,0,0,18470.0,18522.271,-52.271484375,52.271484375,-0.28,108.53138,167.78429,-475.7571,-1.3225758,-30.17323,-3.4315052,-0.07644282,6.508815,34.56033,-79.09443,9.537237,-20.776234,135.55084,190.50114,-62.571587,-20.229088
Nissan,Rogue,3.0,26945.0,4,SUV,Mainstream,Normal,Automatic,0,0,0,0,0,0,29989.0,26555.139,3433.861328125,3433.861328125,11.45,108.53138,208.94347,-221.58568,6.5510736,-39.16192,-11.457575,-1.9797503,5.789833,28.515715,319.3179,-19.79786,-316.76352,-136.06158,31.43591,15.198508,-22.524086
Nissan,Rogue,3.0,25640.0,4,SUV,Mainstream,Normal,Automatic,0,0,0,0,0,0,29989.0,26555.139,3433.861328125,3433.861328125,11.45,108.53138,65.0386,-201.64244,5.074904,-39.16192,-12.305081,-1.9797503,16.946177,34.17947,498.3847,-22.66929,-365.36414,-138.90265,36.49759,13.77357,-3.5988617
Acura,MDX,2.0,21095.0,6,SUV,Luxury,1std,Automatic,0,0,0,0,0,0,61995.0,61006.695,988.3046875,988.3046875,1.59,108.53138,634.12445,-214.45996,24.284073,4.34632,0.48874027,-2.4086936,59.967495,43.296337,-3.093464,-27.5605,-246.2213,411.1537,-45.314606,370.92462,1118.0586
Volkswagen,Tiguan,5.0,106986.0,4,SUV,Mainstream,Normal,Automatic,0,0,0,0,0,0,25295.0,23215.117,2079.8828125,2079.8828125,8.22,108.53138,-512.1483,-161.12714,6.679442,-24.885479,5.71814,-0.24417888,5.9278708,35.418484,686.3077,12.404648,27.155144,-148.39633,-29.293974,-46.350445,-34.303154
Volvo,XC60,4.0,37271.0,4,SUV,Luxury,Normal,Automatic,0,0,0,0,0,0,50999.0,47551.484,3447.515625,3447.515625,6.76,108.53138,750.93134,62.287506,7.24259,-35.14819,-45.93964,-1.3436698,6.5815926,13.977388,-668.4254,-2.9674656,-26.859806,-104.69578,-167.02318,-141.54147,-244.39276
Audi,SQ5,7.0,105346.0,6,SUV,Luxury,Normal,Automatic,0,0,0,0,0,0,28799.0,33122.02,-4323.01953125,4323.01953125,-15.01,108.53138,164.03833,53.26575,17.345871,-23.810816,2.9513502,-0.111787155,13.357721,50.38597,-277.10904,-69.29923,-256.17966,246.97662,-27.34768,-63.157707,-60.16291
Audi,Q5,9.0,93883.0,4,SUV,Luxury,Normal,Automatic,0,0,0,0,0,0,20995.0,18296.508,2698.4921875,2698.4921875,12.85,108.53138,-26.770739,401.07202,7.496906,-25.748373,-3.6071687,-0.08931388,7.0798326,47.379543,-161.59627,-62.626656,-286.2319,148.94586,-78.005806,-79.98598,-4.1566925
Mercedes-Benz,CLA,4.0,92597.0,4,Sedan,Luxury,Normal,Automatic,0,0,0,0,0,0,29495.0,37172.965,-7677.96484375,7677.96484375,-26.03,108.53138,821.0251,-189.32173,7.143785,-19.31647,-26.604937,-1.3501977,17.470554,250.15474,711.5272,12.135668,329.2785,-497.85638,-31.868196,-39.626404,1451.3224
Kia,Seltos,5.0,58084.0,4,SUV,Economy,Normal,Automatic,0,1,0,0,0,0,22961.0,23898.242,-937.2421875,937.2421875,-4.08,108.53138,-363.4966,-547.7367,79.79872,-19.691551,1.7312582,-1.3531109,7.317074,77.82872,80.500656,0.41960517,6.1290107,52.541412,311.25674,-3.7380228,-209.96127
Jeep,Grand Cherokee,4.0,39096.0,6,SUV,Mainstream,Normal,Automatic,0,0,0,0,0,0,39800.0,43587.58,-3787.578125,3787.578125,-9.52,108.53138,-2.5493975,-316.40295,-42.620636,-22.604986,-4.2180557,-1.3884553,4.3191047,34.76323,-1132.2556,-0.6399107,-28.046629,433.58563,-5.247486,-9.342139,-984.1168
Nissan,Rogue,12.0,166200.0,4,SUV,Mainstream,Normal,Automatic,0,1,0,0,0,0,10000.0,7556.8394,2443.16064453125,2443.16064453125,24.43,108.53138,-36.750088,174.66806,-109.8843,-37.536953,9.122743,-0.046684906,5.598002,33.299553,286.46,12.305744,-297.3947,-63.208656,1.9762683,-13.692669,73.44769
Ford,F-150,11.0,202964.0,6,Pickup Truck,Mainstream,Normal,Automatic,0,0,0,0,0,0,17999.0,16117.868,1881.1318359375,1881.1318359375,10.45,108.53138,2543.648,1083.8323,3.330184,-36.739838,46.77881,0.194712,-0.65437794,23.38328,1681.194,-9.776051,805.95685,-339.7091,-28.274466,-179.21945,5702.477
Nissan,Sentra,10.0,207609.0,4,Sedan,Mainstream,Normal,Automatic,0,0,1,0,0,0,7999.0,6424.6143,1574.3857421875,1574.3857421875,19.68,108.53138,-1236.6681,197.07262,13.842661,489.94208,6.6202793,-6.7838717,-12.786866,28.775036,174.0742,12.754326,-419.09366,-35.390045,-34.435066,-19.832966,-733.37787
Subaru,Impreza,7.0,74015.0,4,Sedan,Mainstream,Normal,Automatic,0,1,0,0,0,0,21921.0,22378.979,-457.978515625,457.978515625,-2.09,108.53138,-403.3392,244.79059,-56.508003,-4.268775,-2.3658953,-1.3531109,6.841896,36.771496,149.8558,7.331253,-142.19406,-129.83978,-30.841406,51.830315,-164.75748
Nissan,Pathfinder,10.0,173613.0,6,SUV,Mainstream,2std,Automatic,0,0,1,0,0,0,13999.0,10069.267,3929.7333984375,3929.7333984375,28.07,108.53138,20.499327,459.38797,58.640736,474.80127,14.488398,-6.819216,21.98964,-148.36925,722.7141,-1.1041547,39.937004,-113.64199,-76.29993,-108.98944,1465.7657
Acura,TLX,8.0,110249.0,4,Sedan,Luxury,Normal,Automatic,0,0,0,0,0,0,21950.0,23994.455,-2044.455078125,2044.455078125,-9.31,108.53138,460.58963,-378.49582,10.866791,-17.013288,0.7594517,-0.07644282,7.978112,32.776825,-106.93258,10.477768,-48.434055,-3.7388992,-80.4909,-38.76218,-41.96421
Mercedes-Benz,SL-Class,22.0,151125.0,6,Convertible,Luxury,3std,Automatic,0,0,0,0,0,0,20000.0,16943.389,3056.611328125,3056.611328125,15.28,108.53138,667.3233,-1342.1859,5.0241246,-13.02326,28.046467,-0.08202924,122.02047,279.9679,-572.3177,17.199425,-2168.117,508.80264,125.47931,2803.2637,569.93274
Mazda,CX-5,4.0,55285.0,4,SUV,Mainstream,Normal,Automatic,0,1,0,1,1,0,29900.0,32600.482,-2700.482421875,2700.482421875,-9.03,108.53138,-656.36584,140.35022,-80.91707,-32.955093,302.77255,123.17117,3.9705389,39.18006,-12.269751,-0.2573811,31.930126,214.5886,-29.9604,34.212997,185.98215
Mazda,CX-30,3.0,50000.0,4,SUV,Mainstream,Normal,Automatic,0,1,0,1,0,0,25900.0,32697.102,-6797.1015625,6797.1015625,-26.24,108.53138,-74.30411,-164.02287,-67.13036,-23.259466,149.46089,-2.1071017,4.043419,50.52039,-230.92159,1.2015768,43.15243,317.5872,-56.925224,24.478765,80.30535
Acura,MDX,2.0,37891.0,6,SUV,Luxury,1std,Automatic,0,0,0,0,0,0,61900.0,57988.234,3911.765625,3911.765625,6.32,108.53138,1353.9219,-703.05133,4.050238,6.712913,-16.105564,-2.4086936,35.353657,61.560352,-290.16235,0.6648785,-9.8330765,265.94418,-62.809505,422.3664,1174.7352
Kia,Sportage,10.0,153641.0,4,SUV,Economy,Normal,Automatic,0,0,0,0,0,0,12950.0,12362.879,587.12109375,587.12109375,4.53,108.53138,-4.4520245,301.0575,3.6979642,-23.890059,14.098728,-0.04037352,6.913103,57.555832,221.82808,6.544399,-46.143215,225.1741,175.25189,-65.99399,980.1333
Nissan,Murano,11.0,181155.0,6,SUV,Mainstream,1std,Automatic,0,1,0,0,0,1,11999.0,8640.093,3358.9072265625,3358.9072265625,27.99,108.53138,274.24686,-37.305687,-33.70679,-33.654182,17.514618,-0.07809122,-946.139,49.88184,-165.34375,16.708256,-427.5085,155.95709,-125.83703,-971.8162,-2118.549
Jeep,Cherokee,13.0,196834.0,4,SUV,Mainstream,Normal,Automatic,0,0,0,0,0,0,6999.0,6596.419,402.5810546875,402.5810546875,5.75,108.53138,-1802.8453,436.25357,-6.764978,-26.875313,9.556634,-0.046684906,-12.201502,30.090742,270.88055,7.2406397,-21.111652,317.4958,9.619675,-63.06143,-743.23804
Lexus,RX,5.0,90413.0,4,SUV,Luxury,Normal,Automatic,0,0,0,0,0,0,39000.0,40000.996,-1000.99609375,1000.99609375,-2.57,108.53138,-971.0043,-365.22617,6.577231,-24.71925,-16.639364,-1.3501977,2.8507879,80.089386,343.64706,13.078269,228.77003,96.53023,-191.81898,5.951357,-684.73254
Ford,Escape,4.0,65217.0,4,SUV,Mainstream,Normal,Automatic,0,0,0,0,0,0,21970.0,28678.613,-6708.61328125,6708.61328125,-30.54,108.53138,-553.6126,204.79253,6.158439,-22.667019,-24.898506,-1.3531109,4.2597885,32.817486,1071.261,-0.3075707,101.60339,165.91727,68.71976,-153.2042,1008.01794
Honda,Pilot,4.0,106736.0,6,SUV,Mainstream,2std,Automatic,0,0,0,0,0,0,44999.0,43701.348,1297.65234375,1297.65234375,2.88,108.53138,-687.35547,-358.1429,60.645744,-21.218685,-3.6879482,-0.111787155,16.32026,-154.60468,-717.52344,0.30073315,388.53088,-183.36494,-120.25781,-467.51486,-2139.4534
Volkswagen,Atlas,8.0,127247.0,4,SUV,Mainstream,1std,Automatic,0,0,0,0,0,0,22950.0,24706.992,-1756.9921875,1756.9921875,-7.66,108.53138,773.2628,-1021.0261,10.589346,-17.708578,9.325311,-0.15315987,31.897657,51.46135,65.71329,13.3147745,-120.615715,-225.53241,-53.621624,182.90724,-191.65442
Ford,F-150,16.0,132800.0,6,Pickup Truck,Mainstream,Normal,Automatic,0,0,0,0,0,0,14999.0,16865.572,-1866.572265625,1866.572265625,-12.44,108.53138,961.0658,-1902.3745,3.9281046,-36.382286,3.204742,-0.12736456,10.8741665,28.343912,323.88956,37.397293,-460.61923,-294.9174,105.62461,-153.87029,-1265.4314
Mercedes-Benz,E-Class,5.0,108316.0,6,Sedan,Luxury,Normal,Automatic,0,1,0,0,0,0,41995.0,50834.03,-8839.03125,8839.03125,-21.05,108.53138,-1689.5128,-739.0481,17.13052,-15.19529,4.098534,-0.111787155,29.815533,358.77408,797.02936,16.502483,1087.0837,1315.7114,-64.88172,9.038887,1234.9662
Audi,Q5,4.0,131790.0,4,SUV,Luxury,Normal,Automatic,0,0,0,0,0,0,26995.0,30212.045,-3217.044921875,3217.044921875,-11.92,108.53138,1421.1284,574.41034,18.993803,-28.565584,-27.296051,-0.07644282,4.187198,39.63493,-267.6438,-32.40733,-304.53372,276.59915,-74.52811,-37.9102,1670.5242
GMC,Sierra 1500,9.0,95110.0,8,Pickup Truck,Near-luxury,Normal,Automatic,0,0,0,0,0,1,36995.0,30969.271,6025.728515625,6025.728515625,16.29,108.53138,975.62305,487.72678,2.269915,-71.45383,-18.08271,0.066601455,-480.98572,32.885223,459.55112,30.52281,-147.32562,-445.2349,87.56221,-413.38483,608.2715
BMW,X5,10.0,151890.0,6,SUV,Luxury,Normal,Automatic,0,0,0,0,0,0,19495.0,22382.004,-2887.00390625,2887.00390625,-14.81,108.53138,1512.3116,69.40675,8.548206,-25.379276,-51.692287,-0.07571785,35.586018,46.19355,-861.21906,7.655458,-361.15988,351.17447,-24.706982,-144.28159,670.8928
Mercedes-Benz,SLK-Class,17.0,83391.0,6,Convertible,Luxury,Normal,Automatic,0,0,0,0,0,0,20995.0,26618.646,-5623.646484375,5623.646484375,-26.79,108.53138,1362.0372,-1723.4086,17.4913,-36.143806,1.9613287,-1.4226027,22.925087,343.90967,562.8446,60.245003,-922.18054,467.3816,-296.81732,-104.042755,-136.68845
Mercedes-Benz,CLS-Class,6.0,66901.0,6,Sedan,Luxury,Normal,Automatic,0,0,0,0,0,0,51995.0,50905.79,1089.2109375,1089.2109375,2.09,108.53138,-776.1497,-150.20766,3.6567037,-11.109396,4.1997895,-1.3884553,29.964243,317.63605,1450.1328,11.049026,854.03033,1274.1681,-41.134266,-48.027405,3025.3518
Toyota,Corolla Cross,4.0,48282.0,4,Sedan,Mainstream,Normal,Automatic,0,0,0,0,0,0,29999.0,28371.385,1627.615234375,1627.615234375,5.43,108.53138,329.96683,-329.70508,6.533894,-16.576778,-44.903122,-1.3531109,5.7637277,-12.025857,-289.29578,20.027016,-629.23285,117.366554,-32.06043,6.6894455,-760.2742
Honda,CR-V,3.0,32178.0,4,SUV,Mainstream,Normal,Automatic,0,0,0,0,0,0,33998.0,35098.49,-1100.48828125,1100.48828125,-3.24,108.53138,-246.30655,54.005226,-2.8359976,-24.95387,-13.303961,-1.9797503,5.4470234,39.151608,-847.3569,-57.098488,164.32268,35.815926,-92.887856,-25.538475,-904.98804
Audi,Q5,5.0,105200.0,4,SUV,Luxury,Normal,Automatic,0,1,0,0,0,0,26985.0,28366.098,-1381.09765625,1381.09765625,-5.12,108.53138,-547.446,-633.5103,-230.31372,-23.524506,-2.1165612,-0.07644282,6.6431994,48.26765,-323.13788,-54.497486,-298.1214,57.93115,-98.21843,-22.863625,-2012.453
GMC,Sierra 1500,10.0,158510.0,8,Pickup Truck,Near-luxury,Normal,Automatic,0,1,0,0,0,1,23995.0,21585.588,2409.412109375,2409.412109375,10.04,108.53138,1303.1807,-1223.1044,186.2963,-71.8232,20.15068,0.3707998,-407.2927,31.6624,907.4495,5.915422,224.41649,-528.1189,52.649734,-305.49963,304.7846
Mazda,Mazda6,11.0,135920.0,4,Sedan,Mainstream,Normal,Automatic,0,0,0,0,0,0,14495.0,12743.406,1751.59375,1751.59375,12.08,108.53138,825.51074,-764.73584,10.221647,-29.327854,-4.6380887,-0.7206717,6.177288,32.891006,-264.79688,10.7331085,-44.58548,159.45036,20.09025,7.7100697,72.51105
GMC,Sierra 1500 Limited,5.0,127171.0,8,Pickup Truck,Near-luxury,Normal,Automatic,0,0,0,0,0,0,32500.0,45234.69,-12734.69140625,12734.69140625,-39.18,108.53138,1058.9302,-2874.638,-19.928225,-93.70591,-17.758528,0.07947254,13.852397,35.65816,1177.9335,35.074375,39.469906,-1261.5848,101.84675,-456.51453,-2152.7537
Honda,Accord Sedan,11.0,160305.0,4,Sedan,Mainstream,Normal,Automatic,0,0,0,0,0,0,16499.0,12475.027,4023.97265625,4023.97265625,24.39,108.53138,782.3515,-493.34824,6.3262825,-27.44029,11.279891,-0.046684906,5.2328486,30.534729,-195.8153,6.8484387,-75.559395,10.248005,-7.0973263,-12.701321,149.34453
Volkswagen,Tiguan,5.0,100312.0,4,SUV,Mainstream,Normal,Automatic,0,1,0,0,0,0,22495.0,22593.48,-98.48046875,98.48046875,-0.44,108.53138,-774.5387,-158.17635,-59.884987,-23.591532,7.05865,-0.24417888,5.788471,33.209908,571.62964,14.258837,-4.408145,-151.66068,-49.845722,-21.757496,-503.63092
Honda,Civic Sedan,9.0,150021.0,4,Sedan,Mainstream,Normal,Automatic,0,0,0,0,0,0,16888.0,16737.201,150.798828125,150.798828125,0.89,108.53138,-601.5284,138.19269,6.464588,-15.807029,7.1583767,-0.035928816,5.2372007,31.471458,-236.62442,2.641185,-27.997328,31.515003,-7.9564824,-25.87294,-584.6106
Volvo,XC60 Recharge,5.0,127384.0,4,SUV,Luxury,Normal,Automatic,1,0,0,0,0,0,31999.0,36087.914,-4088.9140625,4088.9140625,-12.78,108.53138,541.43085,-781.20605,6.1721687,-59.936172,-4.5387607,-0.06700164,5.087872,-414.2316,-151.38884,11.873122,-8.403801,120.59859,-70.49171,-155.2357,-851.8057
Ford,F-250 Super Duty,5.0,165328.0,8,Pickup Truck,Mainstream,1std,Automatic,0,0,0,0,0,0,39999.0,54160.59,-14161.58984375,14161.58984375,-35.4,108.53138,-1746.554,-404.56396,-23.343302,-46.462505,34.09293,0.37918252,72.26506,44.41775,1046.3312,44.092567,1102.4425,-50.322323,-173.21333,2841.2983,2849.3918
Acura,MDX,17.0,123353.0,6,SUV,Luxury,1std,Automatic,0,0,0,0,0,0,10495.0,9548.605,946.39453125,946.39453125,9.02,108.53138,56.552006,-1945.501,12.968646,-30.58519,10.035331,-0.14490983,46.342533,54.665436,-361.55307,64.52719,-138.65349,-155.75822,-228.4695,751.0211,-1756.022
Honda,HR-V,5.0,35438.0,4,SUV,Mainstream,Normal,Automatic,0,0,0,0,0,0,25499.0,30322.398,-4823.3984375,4823.3984375,-18.92,108.53138,212.61868,11.479326,-0.18702789,-20.352926,-19.116362,-1.3531109,6.939579,37.78665,-390.5647,-41.140373,-7.2971125,70.06871,30.7061,29.944069,28.062881
Honda,Pilot,8.0,116148.0,6,SUV,Mainstream,2std,Automatic,0,0,0,0,0,0,26999.0,27612.203,-613.203125,613.203125,-2.27,108.53138,632.4445,-720.9746,65.10867,-15.208941,4.9007845,-0.111787155,24.818209,-147.90096,-775.2498,-1.9774545,329.87933,-235.1561,-83.90139,-504.3521,-1319.1503
Volkswagen,Jetta,8.0,187825.0,4,Sedan,Mainstream,Normal,Automatic,0,0,0,0,0,1,10990.0,9764.581,1225.4189453125,1225.4189453125,11.15,108.53138,1503.8527,-327.37775,8.005054,-17.325441,20.120695,-0.20366487,-216.507,29.49313,236.81961,18.74694,-35.40164,97.7822,-29.619324,23.0793,1419.9962
Subaru,Forester,15.0,147873.0,4,SUV,Mainstream,Normal,Automatic,0,0,0,0,0,1,7990.0,8824.73,-834.73046875,834.73046875,-10.45,108.53138,-443.54593,886.54785,16.317924,-28.23719,7.053196,-0.046684906,-189.62743,34.19789,-102.26434,7.1456327,-28.585253,154.82986,49.714966,10.234965,482.2668
Honda,Civic Sedan,6.0,229522.0,4,Sedan,Mainstream,Normal,Automatic,0,0,0,0,0,1,14990.0,13190.445,1799.5546875,1799.5546875,12.01,108.53138,2405.3208,578.6945,6.442337,-12.4116745,8.709086,-0.035928816,96.02719,90.960945,-125.42737,7.229623,7.7114363,440.6682,-55.859447,23.591621,3580.1528
Lexus,RX,12.0,210568.0,4,SUV,Luxury,Normal,Automatic,0,0,0,0,0,1,15990.0,17309.852,-1319.8515625,1319.8515625,-8.25,108.53138,-295.62366,-76.39743,15.398706,-35.69685,-4.8195343,-0.046684906,-70.243416,72.20603,835.59296,10.327748,24.920214,287.7135,-129.16101,34.748417,777.45044
Nissan,Pathfinder,3.0,40833.0,6,SUV,Mainstream,2std,Automatic,0,0,0,0,0,0,43999.0,44849.484,-850.484375,850.484375,-1.93,108.53138,915.99493,-889.45197,53.04038,-22.12917,1.756469,-2.0150945,17.07142,-140.57202,529.8608,2.8485138,96.114426,397.6963,-17.083363,199.50659,1251.1696
Mazda,CX-50,3.0,41757.0,4,SUV,Mainstream,Normal,Automatic,0,1,0,1,0,0,35999.0,33454.375,2544.625,2544.625,7.07,108.53138,-1951.7413,426.47247,-83.437996,-23.680174,202.82938,-2.1071017,4.043419,-2.4316304,-350.80383,0.9320477,70.38291,343.02316,127.38451,26.56392,-1104.0387
Mazda,CX-30,4.0,36794.0,4,SUV,Mainstream,Normal,Automatic,0,0,0,1,0,0,27999.0,32427.11,-4428.109375,4428.109375,-15.82,108.53138,3197.0637,507.03998,11.107422,-26.11363,2053.3232,-1.4804624,5.6502314,31.884695,-235.74916,-2.2709184,-28.510586,178.48993,19.053549,36.52407,5854.5435
Mazda,MX-5 Miata RF,6.0,16230.0,4,Convertible,Mainstream,Normal,Manual,0,0,0,1,0,0,34499.0,30968.973,3530.02734375,3530.02734375,10.23,108.53138,3978.6064,-733.42444,29.356201,-58.257042,8.557087,-1.4760481,12.358757,17.08625,-48.289955,813.7236,-708.0064,667.46826,46.244553,63.905933,4196.385
Toyota,Corolla Sedan,3.0,11834.0,4,Sedan,Mainstream,Normal,Automatic,0,0,0,0,0,0,27965.0,30856.98,-2891.98046875,2891.98046875,-10.34,108.53138,-2693.4631,384.93417,19.7902,-19.542776,-15.196748,-1.9797503,21.660448,-168.2719,-80.26083,1.3071532,-1001.08435,39.443695,271.9512,-56.767143,-3188.9482
Toyota,Camry Hybrid,6.0,64630.0,4,Sedan,Mainstream,Normal,Automatic,1,0,0,0,0,0,33776.0,30392.248,3383.751953125,3383.751953125,10.02,108.53138,-1038.2489,-191.83646,6.549847,-15.122967,-10.490232,-1.3531109,7.104783,-370.57104,120.24251,28.108908,-117.0445,-46.339222,110.577705,-14.340191,-1424.2316
Lexus,ES,11.0,107000.0,4,Sedan,Luxury,Normal,Automatic,0,0,0,0,0,0,28600.0,22457.174,6142.826171875,6142.826171875,21.48,108.53138,514.64905,-127.174034,19.843342,-31.220526,-15.862143,-0.113503516,4.3749857,80.21394,174.38068,8.741376,-166.32356,20.05108,-84.67721,8.001921,513.4168
Mazda,CX-90 MHEV,3.0,82000.0,6,SUV,Mainstream,1std,Automatic,0,0,0,0,0,0,34988.0,38997.37,-4009.37109375,4009.37109375,-11.46,108.53138,1106.349,-383.19763,-33.517612,-13.496246,-13.094877,-7.982901,29.166101,47.808613,-1989.2743,15.267658,36.68324,-669.246,-173.29695,567.00586,-1372.2948
Hyundai,Tucson,2.0,13000.0,4,SUV,Economy,Normal,Automatic,0,0,0,0,0,0,32888.0,34230.25,-1342.25,1342.25,-4.08,108.53138,-769.55743,-762.12933,3.4883897,-37.99386,30.992306,-2.3839693,18.260843,36.09529,-598.15814,-21.25525,115.01716,238.23926,542.22595,-72.25818,-1170.8855
Honda,Civic Sedan,9.0,159000.0,4,Sedan,Mainstream,Normal,Automatic,0,1,0,0,0,0,13888.0,16201.906,-2313.90625,2313.90625,-16.66,108.53138,214.32968,72.86572,-1.4831945,-14.937745,-23.864592,-0.035928816,5.058583,30.493332,-111.57084,-0.06997895,-46.480003,0.12891197,-54.132343,1.5859671,180.41895
Nissan,Rogue,10.0,114267.0,4,SUV,Mainstream,Normal,Automatic,0,0,0,0,0,0,13995.0,11987.948,2007.0517578125,2007.0517578125,14.34,108.53138,352.87225,254.26143,20.63643,-30.643684,-3.7782412,-0.09175725,6.311035,34.56222,179.54916,9.598526,-287.57687,52.965134,-96.53894,15.157083,615.8151
GMC,Sierra 1500,8.0,38969.0,8,Pickup Truck,Near-luxury,Normal,Automatic,0,0,0,0,0,0,39995.0,50097.277,-10102.27734375,10102.27734375,-25.26,108.53138,-2258.827,-2910.0183,7.8542905,-66.96867,-23.699835,-1.1956736,18.053541,37.988476,-1242.9117,19.22421,-699.7958,-404.03357,88.2134,-418.86887,-7746.454
BMW,X3,4.0,31057.0,4,SUV,Luxury,Normal,Automatic,0,0,0,0,0,0,46995.0,44501.65,2493.3515625,2493.3515625,5.31,108.53138,-327.7475,294.57504,3.927713,-32.421494,-91.739494,-1.3531109,33.1933,39.36737,-1367.73,-7.89216,-357.12637,-26.855743,-161.78976,-74.05938,-1969.1202
BMW,X1,2.0,5284.0,4,SUV,Luxury,Normal,Automatic,0,0,0,0,0,0,49995.0,64901.215,-14906.21484375,14906.21484375,-29.82,108.53138,-3428.2048,1135.2769,-10.744062,-114.28813,-126.900154,-2.3795836,46.121555,36.579746,-1058.1182,133.89226,-32.95592,-231.40086,-237.80559,-296.28326,-4078.6785
Audi,Q7,8.0,111889.0,6,SUV,Luxury,Normal,Automatic,0,0,0,0,0,0,23500.0,27721.23,-4221.23046875,4221.23046875,-17.96,108.53138,1054.3466,-645.68646,20.458311,-23.323746,2.9371843,-0.111787155,13.35581,50.419716,-410.70197,-62.49033,-239.35526,138.21576,-27.386425,-60.136494,-80.92773
Audi,SQ8,5.0,57882.0,6,SUV,Luxury,3std,Automatic,0,0,0,0,0,0,77995.0,82847.66,-4852.65625,4852.65625,-6.22,108.53138,-5183.9146,-3192.0442,16.869654,85.800415,5.8967185,-1.3884553,25.608185,51.100754,-845.379,-65.04321,3310.0166,-241.83737,11.598697,1565.9099,-4348.2744
BMW,X1,11.0,101553.0,4,SUV,Luxury,Normal,Automatic,0,0,0,0,0,0,13995.0,17431.273,-3436.2734375,3436.2734375,-24.55,108.53138,1146.752,-281.95316,18.957045,-36.87744,-70.89668,-0.113503516,33.275585,43.447674,-593.5124,9.382808,-183.65582,-39.326305,-83.55853,-152.75024,-82.297615
Honda,Civic Sedan,3.0,22817.0,4,Sedan,Mainstream,Normal,Automatic,0,0,0,0,0,0,27888.0,29339.26,-1451.259765625,1451.259765625,-5.2,108.53138,1918.9481,-339.73898,-5.08196,-17.421211,-12.128476,-1.9797503,18.989336,31.278418,-976.56274,-74.106384,804.1461,-239.97746,46.78879,-72.201035,1189.4843
Nissan,Rogue Plug-In Hybrid,1.0,1758.0,4,SUV,Mainstream,2std,Automatic,0,0,0,0,0,0,60893.0,46454.99,14438.01171875,14438.01171875,23.71,108.53138,-2007.1276,172.2409,38.046078,-11.17575,47.8192,-2.3795836,85.15257,-119.199684,-977.60645,79.09724,-465.7421,-338.26407,-115.61426,1140.0134,-2366.209
BMW,X3,4.0,10452.0,4,SUV,Luxury,Normal,Automatic,0,0,0,0,0,0,62995.0,45835.7,17159.30078125,17159.30078125,27.24,108.53138,-1218.561,1208.3323,6.021479,-35.66483,-168.10464,-1.3531109,44.770794,23.491327,-223.27666,5.8721304,-195.40698,-16.439507,-536.78564,-134.61029,-1133.1832
BMW,X3,4.0,27079.0,4,SUV,Luxury,Normal,Automatic,0,0,0,0,0,0,43995.0,45216.703,-1221.703125,1221.703125,-2.78,108.53138,-312.24686,206.57373,3.6788878,-35.077232,-91.739494,-1.3531109,32.795944,25.895466,-1087.6635,-21.486254,-404.99677,-72.604935,-162.74393,-124.4198,-1936.8564
Toyota,Corolla Sedan,6.0,97009.0,4,Sedan,Mainstream,Normal,Automatic,0,0,0,0,0,0,22488.0,23727.885,-1239.884765625,1239.884765625,-5.51,108.53138,-495.68143,-365.6142,5.63217,-18.750738,-17.575445,-0.08931388,7.9188576,-18.15393,-513.0134,28.492168,-91.316216,5.2197037,-24.844162,-35.959785,-1425.2042
Honda,CR-V,4.0,69868.0,4,SUV,Mainstream,Normal,Automatic,0,0,0,0,0,0,32998.0,31119.018,1878.982421875,1878.982421875,5.69,108.53138,554.0714,-136.38857,-1.1993189,-19.925144,-26.255413,-1.3531109,3.2163131,26.534723,-169.29948,2.387614,148.1657,55.64546,-44.6968,-53.082436,446.35236
Honda,Odyssey,5.0,52033.0,6,Minivan,Mainstream,1std,Automatic,0,0,0,0,0,0,38998.0,41461.91,-2463.91015625,2463.91015625,-6.32,108.53138,4125.8154,-1976.1672,6.8292036,-19.52619,-6.1364956,-1.3778353,40.034763,62.489513,-51.589195,-6.5783086,125.060524,1098.3562,-16.98968,448.58664,3937.3386
BMW,5 Series,7.0,66120.0,4,Sedan,Luxury,Normal,Automatic,0,0,0,0,0,0,30999.0,33529.324,-2530.32421875,2530.32421875,-8.16,108.53138,279.63556,217.88759,3.8592908,-14.008209,-43.68561,-1.3531109,33.82901,48.367363,141.11745,3.0189404,233.57411,-13.43602,-113.43471,-72.529175,811.3738
Dodge,Challenger,6.0,74017.0,8,Coupe,Mainstream,Normal,Automatic,0,0,0,0,0,0,37990.0,43596.1,-5606.1015625,5606.1015625,-14.76,108.53138,-1630.205,-1427.9128,-39.160934,-70.41995,-29.821035,-1.2171569,26.481724,70.37065,-620.16705,60.71456,-1570.5653,-583.8058,-931.62146,-275.13342,-6913.931
Honda,Civic Sedan,5.0,88900.0,4,Sedan,Mainstream,Normal,Automatic,0,0,0,0,0,0,24490.0,25239.404,-749.404296875,749.404296875,-3.06,108.53138,-938.1565,-251.74254,-2.2190027,-14.811606,-4.496502,-1.3501977,5.618552,30.640854,-124.1208,2.25024,-44.354908,-49.16392,161.13593,-5.7779465,-1128.0171
Volkswagen,Jetta,2.0,28487.0,4,Sedan,Mainstream,Normal,Automatic,0,0,0,0,0,0,27490.0,28329.527,-839.52734375,839.52734375,-3.05,108.53138,1508.4191,-538.5905,5.018307,-1.6503257,17.156578,-3.131841,7.0399003,37.779423,-160.63692,-14.612542,-363.8471,-439.85986,-96.38546,-102.43442,-37.204277
Dodge,Grand Caravan,10.0,163423.0,6,Minivan,Mainstream,Normal,Automatic,0,0,1,0,0,0,13495.0,12353.514,1141.486328125,1141.486328125,8.46,108.53138,-1572.9778,1064.658,9.864271,845.06146,4.0725174,-6.819216,8.447966,37.527626,824.7158,14.533226,-147.1553,88.749954,-51.65999,-34.825233,1192.7246
Nissan,Sentra,9.0,144550.0,4,Sedan,Mainstream,Normal,Automatic,0,0,1,0,0,0,9995.0,10998.909,-1003.9091796875,1003.9091796875,-10.04,108.53138,-309.26514,253.1643,13.904219,428.22507,3.7874758,-6.7794266,5.9337006,33.35709,146.02693,4.0471992,-403.90933,-86.04792,-16.545279,-19.495136,154.93513
Audi,A4 Sedan,8.0,151100.0,4,Sedan,Luxury,Normal,Automatic,0,0,0,0,0,0,15995.0,17532.248,-1537.248046875,1537.248046875,-9.61,108.53138,1961.1293,-675.67456,16.40944,-17.160616,17.956354,-0.035928816,6.7965236,32.809406,-338.626,-29.619867,-156.66579,31.741127,-31.684038,-41.052933,884.8538
Audi,A4 Sedan,9.0,57200.0,4,Sedan,Luxury,Normal,Automatic,0,1,0,0,0,0,23888.0,22790.152,1097.84765625,1097.84765625,4.6,108.53138,-313.5307,202.4798,-413.94608,-14.99287,-0.12707962,-1.3531109,7.681495,31.82466,-1840.9462,-64.28956,-247.82034,127.84312,-194.57181,-12.417679,-2625.6348
Ford,F-150,5.0,81072.0,6,Pickup Truck,Mainstream,Normal,Automatic,0,0,0,0,0,0,44900.0,43499.582,1400.41796875,1400.41796875,3.12,108.53138,-19.990044,181.88014,-11.189949,-24.060877,5.291386,-1.3669719,13.170809,40.593586,1111.6628,-0.2591498,136.55296,-122.75986,-99.699715,-517.11,801.2466
Toyota,RAV 4,3.0,69600.0,4,SUV,Mainstream,Normal,Automatic,0,0,0,0,0,0,31888.0,36722.5,-4834.5,4834.5,-15.16,108.53138,-875.6716,137.21475,12.307141,-22.300089,-31.940203,-1.9797503,4.933426,-13.216628,-29.417149,19.823097,214.53625,-14.954136,-38.768585,-69.77923,-600.68134
Toyota,C-HR,9.0,53834.0,4,SUV,Mainstream,Normal,Automatic,0,0,0,0,0,0,21495.0,25418.422,-3923.421875,3923.421875,-18.25,108.53138,-828.43774,559.81055,34.593704,-25.015114,-14.683723,-1.3531109,7.053506,-9.827609,-190.11751,7.6802273,164.58022,46.210308,31.972157,-69.21594,-178.21872
Audi,Q3,3.0,17278.0,4,SUV,Luxury,Normal,Automatic,0,0,0,0,0,0,37495.0,47699.984,-10204.984375,10204.984375,-27.22,108.53138,1309.1228,-1433.0068,29.729483,-29.979315,-8.606455,-1.9797503,21.1661,13.935523,87.14804,-89.315186,-611.8451,243.88837,-172.52014,-95.88978,-629.62085
Audi,A5 Sportback,6.0,105573.0,6,Coupe,Luxury,Normal,Automatic,0,0,0,0,0,0,29999.0,35960.57,-5961.5703125,5961.5703125,-19.87,108.53138,-739.9846,-694.5131,20.685694,-21.45172,-6.187605,-0.111787155,13.206919,84.573555,794.906,-50.194176,-194.10135,-1519.5745,620.27386,-142.28186,-1726.2231
Nissan,Rogue,3.0,37251.0,4,SUV,Mainstream,Normal,Automatic,0,0,0,0,0,0,31989.0,26193.582,5795.41796875,5795.41796875,18.12,108.53138,1022.9708,-288.84808,6.0054774,-28.243328,-32.595375,-1.9797503,5.7665377,40.308388,234.61984,-0.36634353,-249.04216,-168.93501,32.368576,53.548042,734.109
Mazda,Mazda3,14.0,216200.0,4,Sedan,Mainstream,Normal,Automatic,0,0,0,0,0,0,6299.0,5861.469,437.53076171875,437.53076171875,6.95,108.53138,-196.1364,548.4494,10.212307,-30.287426,11.553676,-0.6538531,-33.512955,28.262619,-303.0884,31.477966,102.113556,243.4237,48.655735,16.828503,585.82983
Kia,Optima,13.0,150000.0,4,Sedan,Economy,Normal,Automatic,0,0,0,0,0,0,7000.0,7367.9546,-367.95458984375,367.95458984375,-5.26,108.53138,-1059.2565,133.20654,2.4120655,-29.039318,10.525017,-0.046684906,7.8364353,56.722122,213.22748,11.633244,1.1865251,57.9149,119.044075,-46.8571,-412.95984
Dodge,Challenger,4.0,19422.0,8,Coupe,Mainstream,Normal,Automatic,0,0,0,0,0,0,74950.0,67772.125,7177.875,7177.875,9.58,108.53138,2181.9543,-1569.7954,-41.922802,-98.4363,-46.39569,-1.2171569,33.2853,39.257355,-2321.6135,70.9226,1410.3914,-1393.0392,-1107.5138,-247.09674,-2982.6882
Dodge,Grand Caravan,7.0,143373.0,6,Minivan,Mainstream,Normal,Automatic,0,1,0,0,0,0,19985.0,21509.678,-1524.677734375,1524.677734375,-7.63,108.53138,-1443.8418,594.66296,37.166714,-37.47863,-5.1765056,-0.34709567,8.779817,38.527485,169.64691,21.706133,-114.533455,329.0411,-79.169586,-27.901243,-400.38586
RAM,1500,10.0,172820.0,8,Pickup Truck,Mainstream,Normal,Automatic,0,0,0,1,0,1,26995.0,20144.363,6850.63671875,6850.63671875,25.38,108.53138,624.3942,634.93396,22.696716,-79.0733,-456.4927,-0.2344953,-720.0878,32.899834,814.5174,1.7280313,16.489227,-783.5761,-42.703938,-190.12456,-16.102104
Volvo,S60,11.0,182730.0,4,Sedan,Luxury,Normal,Automatic,0,0,0,0,0,1,12995.0,13775.467,-780.466796875,780.466796875,-6.01,108.53138,1003.4632,-567.29504,14.025633,-85.15655,11.929227,-0.03724374,-219.81096,13.200649,-633.0369,16.370153,-68.93971,104.43335,-83.24125,-116.51153,-502.07562
Hyundai,Kona Electric,2.0,23290.0,4,SUV,Economy,Normal,Automatic,0,1,0,0,0,0,37995.0,33534.867,4460.1328125,4460.1328125,11.74,108.53138,-119.45794,-584.1422,71.52268,-47.893482,-5.7126417,-2.3839693,18.66203,37.22019,-1209.6808,-25.634584,-203.21718,-199.96773,243.91487,-50.44746,-1968.6869
Hyundai,Kona Electric,3.0,16840.0,4,SUV,Economy,Normal,Automatic,0,0,0,0,0,0,31995.0,31433.959,561.041015625,561.041015625,1.75,108.53138,726.9021,-1090.4602,5.4987693,-79.242485,-8.606455,-1.9797503,18.177404,20.074194,-438.05756,-24.488787,-61.504486,261.28668,189.20741,-88.66237,-463.32416
Kia,Rio 5-door,9.0,31778.0,4,Sedan,Economy,Normal,Automatic,0,0,0,0,0,0,13999.0,17153.494,-3154.494140625,3154.494140625,-22.53,108.53138,-959.82556,-439.1454,33.87061,-29.055923,-1.195854,-1.3531109,6.8978977,81.14858,120.418594,-8.63901,-160.485,98.787285,159.51132,31.52239,-959.01184
Ford,F-150,6.0,149805.0,6,Pickup Truck,Mainstream,Normal,Automatic,0,0,0,0,0,0,31500.0,32631.494,-1131.494140625,1131.494140625,-3.59,108.53138,-847.51025,395.30798,-5.277639,-23.856144,25.952063,0.20546809,10.305986,28.465588,172.69992,6.4580903,336.7895,-85.841835,-37.665043,-146.8678,-62.302757
Audi,Q7,5.0,92152.0,6,SUV,Luxury,Normal,Automatic,0,0,0,0,0,0,34786.0,41129.742,-6343.7421875,6343.7421875,-18.24,108.53138,1103.6433,-488.22238,17.060144,-25.23371,2.6394227,-1.385542,12.658316,53.74553,-354.71112,-60.226154,-403.67456,433.3443,-28.254906,-58.68174,311.2322
Mercedes-Benz,CLS-Class,7.0,98782.0,6,Sedan,Luxury,Normal,Automatic,0,0,0,0,0,0,44990.0,42594.375,2395.625,2395.625,5.32,108.53138,-878.5169,268.18735,3.5711496,-13.202982,2.9345055,-0.111787155,32.573555,313.77115,1672.2628,3.2295842,669.2723,1189.0172,-11.330109,-51.318443,3308.8708
Toyota,RAV 4,8.0,117255.0,4,SUV,Mainstream,Normal,Automatic,0,0,0,0,0,0,28999.0,25383.45,3615.55078125,3615.55078125,12.47,108.53138,411.18536,-753.9409,10.827626,-24.142263,-16.642233,-0.07644282,7.2981586,-17.302319,-179.91714,18.141813,61.510395,56.446068,-29.884792,-48.7004,-396.66577
Jeep,Grand Wagoneer,5.0,109296.0,6,SUV,Mainstream,2std,Automatic,0,0,0,0,0,0,55995.0,58607.375,-2612.375,2612.375,-4.67,108.53138,-639.90027,-352.97052,88.88359,-15.453755,5.76589,-0.111787155,25.326506,-143.9641,-119.845955,11.85904,330.66718,-133.93211,-71.4586,64.86268,-841.7409
Toyota,Corolla Sedan,4.0,61446.0,4,Sedan,Mainstream,Normal,Automatic,1,0,0,0,0,0,26595.0,33300.023,-6705.0234375,6705.0234375,-25.21,108.53138,183.3336,-100.33449,5.8940034,-16.462408,-37.01535,-1.3531109,5.113883,-334.82327,-229.74608,16.627567,-270.9381,0.809227,43.65214,0.1592598,-626.5518
Audi,Q5,6.0,122411.0,4,SUV,Luxury,Normal,Automatic,0,0,0,0,0,0,24993.0,24449.834,543.166015625,543.166015625,2.17,108.53138,702.0493,-387.85425,20.000942,-22.567911,-3.4266112,-0.07644282,6.417148,47.52693,-104.8764,-32.324142,-277.2961,146.38135,-72.77983,-68.55732,61.14807
Toyota,Corolla Cross,4.0,84501.0,4,Sedan,Mainstream,Normal,Automatic,0,0,0,0,0,0,27595.0,26068.91,1526.08984375,1526.08984375,5.53,108.53138,-100.84224,-342.64404,4.9448876,-13.9403515,-44.214108,-1.3501977,5.8015447,-18.632257,-465.13464,30.16904,-307.30414,-89.159035,-85.34393,-88.33877,-1407.4568
Toyota,RAV 4,3.0,51875.0,4,SUV,Mainstream,Normal,Automatic,0,0,0,0,0,0,37595.0,37989.63,-394.62890625,394.62890625,-1.05,108.53138,-181.92178,-269.87985,11.847667,-22.23708,-34.986275,-1.9797503,4.996874,-8.352414,74.36572,9.982193,235.39996,94.53367,7.430797,-55.97097,-28.23983
Toyota,RAV 4,5.0,73023.0,4,SUV,Mainstream,Normal,Automatic,0,0,0,0,0,0,28900.0,33347.383,-4447.3828125,4447.3828125,-15.39,108.53138,-29.13111,-502.01947,7.354135,-21.57694,-15.457038,-1.3531109,6.4259768,-14.622277,-96.60048,21.420557,176.14677,-35.09964,-22.91882,-46.11073,-465.01074
Toyota,RAV 4,4.0,77522.0,4,SUV,Mainstream,Normal,Automatic,0,0,0,0,0,0,28700.0,34761.89,-6061.890625,6061.890625,-21.12,108.53138,546.2809,-240.41505,7.0633936,-21.91393,-43.149635,-1.3531109,4.8605423,-19.418478,-173.17899,35.584763,225.92043,8.464354,-112.0643,-128.52972,196.68253
