fuel_type,Year,Make,Model,MoreInformation,Engine_Description,Body Type,Cylinders,Confidence,Notes
Gas,2022,Lincoln,Corsair,,,SUV,4,Medium,
Gas/Electric Hybrid,2026,Jeep,Cherokee,,,SUV,4,Medium,
Gas,2026,Hyundai,Tucson,,,SUV,4,Medium,
Gas,2024,Mazda,CX-5,,,SUV,4,Medium,
Gas,2021,Ford,F-150,,,Pickup Truck,6,Medium,
Gas,2024,Land,Rover,Defender,,SUV,4,High,
Gas,2022,Honda,Passport,,,SUV,6,Medium,
Gas,2023,Kia,Seltos,,,SUV,4,Medium,
Gas,2023,Genesis,GV70,,3.5T,SUV,6,High,
Gas,2022,Audi,S5,Sportback,Quattro,Hatchback,6,High,
Gas,2019,Mazda,Mazda3,,,Sedan,4,Medium,
Gas,2020,Subaru,Outback,,,SUV,4,Medium,
Gas/Electric Hybrid,2020,Land,Rover,Defender,,SUV,4,High,
Gas/Electric Hybrid,2025,Toyota,Prius,,"Hybrid, AWD-e",Hatchback,4,High,
Electric,2022,BMW,X5,,,SUV,Electric,Medium,
Gas,2025,Subaru,WRX,,,Sedan,4,Medium,
Gas,2020,Infiniti,QX60,,,SUV,6,Medium,
Gas,2021,Ford,Bronco,Sport,,SUV,4,High,
Gas,2017,Honda,Civic,Sedan,,Sedan,4,High,
Gas,2023,Nissan,Versa,,,Sedan,4,Medium,
Gas,2015,Mercedes-Benz,GLA,,"AMG, 45, 45 AMG",SUV,4,High,
Gas,2011,Land,Rover,Range Rover Sport,,SUV,6,High,
Gas,2024,Volkswagen,Taos,,4MOTION,SUV,4,High,
Gas,2022,Volkswagen,Tiguan,,,SUV,4,Medium,
Gas,2025,Kia,Carnival,,,Minivan,4,Medium,
Gas,2014,Porsche,Panamera,,,Sedan,6,Medium,
Gas,2025,Volkswagen,Atlas,,"TSI, 4MOTION",SUV,4,High,
Gas,2025,Toyota,4-Runner,,,SUV,6,Medium,
Gas,2023,Buick,Envision,,,SUV,4,Medium,
Gas,2024,Toyota,RAV,4,,SUV,4,High,
Gas,2023,Mercedes-Benz,GLC,,,SUV,4,Medium,
Gas,2019,Land,Rover,Range Rover Evoque,,SUV,4,High,
Gas/Electric Hybrid,2022,Audi,Q8,,,SUV,6,Medium,
Gas,2021,Honda,Pilot,,,SUV,6,Medium,
Gas,2023,BMW,X1,,xDrive,SUV,4,High,
Gas,2021,BMW,8,Series Gran Coupe,xDrive,Sedan,8,High,
Gas,2019,Audi,A5,Coupe,,Coupe,6,High,
Gas,2022,Hyundai,Elantra,,,Sedan,4,Medium,
Gas,2025,BMW,M4,,"xDrive, Competition, M4",Coupe,6,High,
Gas,2022,Honda,Civic,Sedan,,Sedan,4,High,
Gas/Electric Hybrid,2023,Toyota,RAV,4 Hybrid,,SUV,4,High,
Gas,2025,Kia,Telluride,,,SUV,6,Medium,
Gas/Electric Hybrid,2022,Audi,A5,Sportback,,Hatchback,6,High,
Gas,2019,Volkswagen,Tiguan,,,SUV,4,Medium,
Gas/Electric Hybrid,2021,Toyota,RAV,4 Hybrid,Hybrid,SUV,4,High,
Gas,2024,Toyota,Tacoma,,,Pickup Truck,4,Medium,
Gas,2025,BMW,3,Series,xDrive,Sedan,4,High,
Gas,2018,BMW,5,Series,"xDrive, M550i",Sedan,8,High,
Gas,2024,Volkswagen,Tiguan,,"4MOTION, R",SUV,4,High,
Gas,2017,Volkswagen,Tiguan,,,SUV,4,Medium,
Gas,2023,Ford,Escape,,,SUV,4,Medium,
Gas,2014,Volkswagen,Tiguan,,,SUV,4,Medium,
Gas,2025,Hyundai,Palisade,,,SUV,6,Medium,
Gas,2024,Volkswagen,Tiguan,,R,SUV,4,High,
Gas,2023,BMW,X5,,,SUV,6,Medium,
Gas/Electric Hybrid,2024,Honda,CR-V,Hybrid,,SUV,4,High,
Gas/Electric Hybrid,2020,Honda,Insight,,,Sedan,4,Medium,
Gas,2019,Audi,A5,Sportback,"Quattro, TFSI, 45",Hatchback,4,High,
Electric,2024,Ford,Mustang,Mach-E,,SUV,Electric,High,
Gas/Electric Hybrid,2020,Land,Rover,Range Rover Evoque,,SUV,4,High,
Gas,2022,Acura,RDX,,,SUV,4,Medium,
Gas,2023,Toyota,Corolla,Cross,,Sedan,4,High,
Gas,2018,Honda,CR-V,,,SUV,4,Medium,
Gas,2018,Audi,A3,Sedan,,Sedan,4,High,
Gas,2024,MINI,5,Door,"Cooper, Cooper S",Hatchback,4,High,
Gas,2022,Volkswagen,Taos,,,SUV,4,Medium,
Gas,2024,Audi,Q5,,Quattro,SUV,4,High,
Gas,2011,Honda,CR-V,,,SUV,4,Medium,
Gas,2019,Acura,RDX,,,SUV,4,Medium,
Gas,2020,Honda,CR-V,,,SUV,4,Medium,
Gas,2026,Jeep,Wrangler,,,SUV,6,Medium,
Gas,2016,Porsche,Macan,,,SUV,4,Medium,
Electric,2023,Tesla,Model,Y,,Sedan,Electric,High,known BEV-only model
Gas,2013,BMW,X6,,,SUV,6,Medium,
Gas,2018,Audi,Q7,,,SUV,6,Medium,
Gas,2018,Land,Rover,Discovery Sport,,SUV,6,High,
Gas,2021,Hyundai,Santa,Fe,,SUV,4,High,
Gas/Electric Hybrid,2022,Toyota,Tundra,Hybrid,Hybrid,Pickup Truck,6,High,
Gas,2018,Volkswagen,Tiguan,,,SUV,4,Medium,
Gas,2022,Acura,ILX,,,Sedan,4,Medium,
Gas,2021,Ford,Bronco,,,SUV,4,Medium,
Gas/Electric Hybrid,2024,Toyota,RAV,4 Hybrid,Hybrid,SUV,4,High,
Gas,2024,Jeep,Grand,Cherokee L,,SUV,6,High,
Gas,2018,Audi,S5,Sportback,,Hatchback,6,High,
Gas,2023,Lexus,NX,,250,SUV,4,High,
Gas,2017,Lexus,IS,,F,Sedan,4,High,
Gas,2021,Honda,CR-V,,,SUV,4,Medium,
Gas,2025,Volkswagen,Golf,R,,Hatchback,4,High,
Gas,2024,Honda,CR-V,,,SUV,4,Medium,
Gas,2025,RAM,1500,,,Pickup Truck,8,Medium,
Gas,2018,Hyundai,Santa,Fe Sport,,SUV,4,High,
Gas,2023,Honda,CR-V,,,SUV,4,Medium,
Gas,2020,Toyota,Camry,,,Sedan,4,Medium,
Gas,2019,RAM,1500,,,Pickup Truck,8,Medium,
Gas,2019,Mazda,Mazda3,Sport,,Sedan,4,High,
Gas,2023,Honda,CR-V,Hybrid,,SUV,4,High,
Gas,2016,Mazda,Mazda3,,,Sedan,4,Medium,
Gas,2022,Hyundai,Santa,Fe,,SUV,4,High,
Gas,2021,Jeep,Wrangler,,,SUV,6,Medium,
Gas,2019,Acura,MDX,,SH-AWD,SUV,6,High,
Gas,2020,Land,Rover,Range Rover Velar,,SUV,4,High,
Gas,2022,BMW,X1,,,SUV,4,Medium,
Gas,2022,Mazda,CX-30,,Turbo,SUV,4,High,
Gas,2018,Infiniti,QX60,,AWD,SUV,6,High,
Gas,2024,Jeep,Compass,,,SUV,4,Medium,
Gas/Electric Hybrid,2025,Mercedes-Benz,GLC,,"AMG, 43",SUV,6,High,
Gas,2025,Audi,Q7,,,SUV,6,Medium,
Gas,2022,Subaru,BRZ,,,Coupe,4,Medium,
Gas,2023,Jeep,Wrangler,,,SUV,6,Medium,
Gas,2021,Hyundai,Elantra,,"N Line, N",Sedan,4,High,
Gas,2021,Nissan,Rogue,,,SUV,4,Medium,
Gas,2024,Chevrolet,Silverado,1500,,Pickup Truck,8,High,
Gas,2017,Mercedes-Benz,E-Class,,"4MATIC, 300",Sedan,4,High,
Gas,2025,Honda,CR-V,,,SUV,4,Medium,
Gas,2023,Infiniti,QX50,,AWD,SUV,4,High,
Gas,2024,Honda,Civic,Sedan,,Sedan,4,High,
Gas,2023,Toyota,Corolla,Sedan,,Sedan,4,High,
Gas,2021,Toyota,Corolla,Sedan,,Sedan,4,High,
Gas,2023,Mazda,CX-9,,,SUV,4,Medium,
Gas,2023,Land,Rover,Range Rover Sport,,SUV,6,High,
Gas,2022,Lincoln,Nautilus,,,SUV,4,Medium,
Gas/Electric Hybrid,2019,Toyota,RAV,4 Hybrid,Hybrid,SUV,4,High,
Gas,2026,Land,Rover,Range Rover Velar,,SUV,4,High,
Gas,2017,Mazda,CX-5,,,SUV,4,Medium,
Gas,2024,Nissan,Pathfinder,,,SUV,6,Medium,
Gas,2018,Mercedes-Benz,E-Class,,400,Sedan,6,High,
Gas,2019,Honda,HR-V,,,SUV,4,Medium,
Gas,2022,Volkswagen,Golf,GTI,,Hatchback,4,High,
Gas,2019,BMW,X2,,,SUV,4,Medium,
Gas,2018,Subaru,WRX,,,Sedan,4,Medium,
Gas,2023,Subaru,BRZ,,,Coupe,4,Medium,
Gas,2023,Land,Rover,Range Rover Evoque,,SUV,4,High,
Gas/Electric Hybrid,2020,Lexus,UX,,"250, 250h, F",SUV,4,High,
Gas,2023,Mazda,CX-50,,,SUV,4,Medium,
Gas,2019,Honda,CR-V,,,SUV,4,Medium,
Gas,2012,Mazda,Mazda3,,,Sedan,4,Medium,
Gas,2020,Mazda,CX-30,,,SUV,4,Medium,
Gas,2019,Lexus,IS,,"300, F",Sedan,4,High,
Gas,2023,RAM,1500,,,Pickup Truck,8,Medium,
Gas,2017,Nissan,Frontier,,,Pickup Truck,6,Medium,
Gas/Electric Hybrid,2024,Toyota,Prius,,"Hybrid, AWD-e",Hatchback,4,High,
Gas,2012,Chevrolet,Colorado,,,Pickup Truck,4,Medium,
Gas,2019,Mazda,CX-5,,,SUV,4,Medium,
Gas,2016,Toyota,RAV,4,,SUV,4,High,
Electric,2023,Hyundai,Kona,Electric,,SUV,Electric,High,
Gas,2022,BMW,X5,,M50,SUV,6,High,
Gas,2016,Mazda,CX-5,,,SUV,4,Medium,
Gas,2026,Toyota,4-Runner,,,SUV,6,Medium,
Gas/Electric Hybrid,2017,Toyota,Prius,,"Hybrid, Prime",Hatchback,4,High,
Gas,2022,Mazda,CX-30,,,SUV,4,Medium,
Gas,2022,Hyundai,Tucson,,"N Line, N",SUV,4,High,
Gas,2020,Honda,HR-V,,,SUV,4,Medium,
Gas,2024,Mazda,Mazda3,,,Sedan,4,Medium,
Gas,2021,Toyota,Highlander,,,SUV,6,Medium,
Gas,2023,Hyundai,Elantra,,"N Line, N",Sedan,4,High,
Gas,2018,Kia,Sorento,,,SUV,4,Medium,
Gas,2016,Honda,CR-V,,,SUV,4,Medium,
Gas,2021,GMC,Yukon,,,SUV,8,Medium,
Gas,2015,Mazda,Mazda3,,,Sedan,4,Medium,
Gas,2023,MINI,Countryman,,,SUV,4,Medium,
Gas,2020,Mercedes-Benz,GLC,,"AMG, 300",SUV,4,High,
Gas,2023,Hyundai,Elantra,,,Sedan,4,Medium,
Gas,2021,Toyota,RAV,4,,SUV,4,High,
Gas/Electric Hybrid,2021,Toyota,RAV,4,,SUV,4,High,
Gas,2018,Porsche,Macan,,,SUV,4,Medium,
Gas/Electric Hybrid,2021,Toyota,Sienna,,,Minivan,4,Medium,
Gas,2019,Mercedes-Benz,C-Class,Coupe,"4MATIC, AMG, 300",Coupe,4,High,
Gas,2023,BMW,4,Series,,Coupe,4,High,
Gas,2023,Chevrolet,Blazer,,,SUV,4,Medium,
Gas,2023,Volkswagen,Tiguan,,R,SUV,4,High,
Gas,2023,Mazda,Mazda3,Sport,,Sedan,4,High,
Gas,2023,Land,Rover,Range Rover Velar,,SUV,4,High,
Gas,2024,Lexus,TX,,,SUV,4,Medium,
Gas,2019,Chevrolet,Silverado,1500,,Pickup Truck,8,High,
Gas,2018,Mazda,Mazda3,,,Sedan,4,Medium,
Gas/Electric Hybrid,2023,Hyundai,Tucson,Hybrid,,SUV,4,High,
Gas,2015,Honda,Civic,Sedan,,Sedan,4,High,
Gas,2025,BMW,X2,,,SUV,4,Medium,
Gas,2013,Honda,Civic,Sedan,,Sedan,4,High,
Gas,2025,Kia,K4,,"Turbo, GT",Sedan,4,High,
Gas,2022,Toyota,Camry,,,Sedan,4,Medium,
Gas,2025,Audi,Q3,,"TFSI, 45",SUV,4,High,
Electric,2022,Jeep,Wrangler,Unlimited,4xe,SUV,4,High,4xe plug-in hybrid uses 2.0L turbo I4
Gas,2019,BMW,3,Series,,Sedan,4,High,
Gas,2023,RAM,1500,,HEMI,Pickup Truck,8,High,
Gas/Electric Hybrid,2022,Mercedes-Benz,GLC,,"4MATIC, 300",SUV,4,High,
Gas,2022,RAM,1500,,HEMI,Pickup Truck,8,High,
Gas,2021,Hyundai,Palisade,,,SUV,6,Medium,
Gas,2022,Ford,F-150,,,Pickup Truck,6,Medium,
Gas,2015,Honda,CR-V,,,SUV,4,Medium,
Gas,2025,Mazda,CX-70,MHEV,,SUV,6,High,
Gas,2024,BMW,X5,,,SUV,6,Medium,
Gas,2019,Acura,RDX,,SH-AWD,SUV,4,High,
Gas,2017,Volvo,XC90,,T6,SUV,4,High,
Gas,2026,Ford,F-150,,,Pickup Truck,6,Medium,
Gas,2019,Toyota,RAV,4,,SUV,4,High,
Gas,2022,Honda,CR-V,,,SUV,4,Medium,
Gas,2022,Genesis,GV70,,2.5T,SUV,4,High,
Gas/Electric Hybrid,2017,Volvo,XC90,Hybrid,T8,SUV,4,High,
Gas,2018,Toyota,Camry,,,Sedan,4,Medium,
Gas,2023,Nissan,Z,,,Coupe,6,Medium,
Gas,2023,Nissan,Rogue,,,SUV,4,Medium,
Gas,2024,Acura,RDX,,,SUV,4,Medium,
Gas,2017,Audi,Q5,,,SUV,4,Medium,
Gas,2020,Ford,Escape,,,SUV,4,Medium,
Gas,2016,Volkswagen,Tiguan,,4MOTION,SUV,4,High,
Gas,2020,Mitsubishi,Eclipse,Cross,,Coupe,4,High,
Gas,2020,Ford,F-150,,,Pickup Truck,6,Medium,
Gas,2015,Acura,TLX,,,Sedan,4,Medium,
Gas,2022,Lexus,NX,,,SUV,4,Medium,
Gas,2024,Volkswagen,Jetta,,,Sedan,4,Medium,
Gas,2023,Volkswagen,Tiguan,,4MOTION,SUV,4,High,
Gas,2016,BMW,4,Series,xDrive,Coupe,4,High,
Gas,2025,Kia,K4,,,Sedan,4,Medium,
Gas,2019,Audi,A5,Coupe,"Quattro, TFSI, 45",Coupe,4,High,
Gas,2017,Audi,SQ5,,Quattro,SUV,6,High,
Gas,2023,Acura,MDX,,SH-AWD,SUV,6,High,
Gas,2018,Honda,Pilot,,,SUV,6,Medium,
Gas,2020,Hyundai,Tucson,,,SUV,4,Medium,
Gas,2015,BMW,X4,,,SUV,4,Medium,
Gas,2017,Toyota,4-Runner,,,SUV,6,Medium,
Gas,2022,Audi,Q5,,"Quattro, TFSI, 40",SUV,4,High,
Gas,2018,BMW,3,Series,xDrive,Sedan,4,High,
Gas,2020,BMW,X6,,,SUV,6,Medium,
Gas,2022,Acura,RDX,,SH-AWD,SUV,4,High,
Gas,2022,Hyundai,Venue,,,SUV,4,Medium,
Gas,2023,Toyota,RAV,4,,SUV,4,High,
Gas,2017,Toyota,RAV,4,,SUV,4,High,
Gas,2024,Nissan,Sentra,,,Sedan,4,Medium,
Gas,2024,Buick,Envista,,,SUV,4,Medium,
Gas,2022,Mercedes-Benz,GLE,,"AMG, 53",SUV,6,High,
Gas,2019,Hyundai,Tucson,,,SUV,4,Medium,
Gas/Electric Hybrid,2024,Toyota,RAV,4,,SUV,4,High,
Gas,2023,Kia,Sportage,,,SUV,4,Medium,
Gas,2025,Audi,Q7,,55,SUV,6,High,
Gas,2018,Jeep,Cherokee,,,SUV,4,Medium,
Gas,2013,Dodge,Grand,Caravan,,Minivan,6,High,
Gas,2010,Toyota,RAV,4,,SUV,4,High,
Gas/Electric Hybrid,2025,Toyota,RAV,4 Hybrid,,SUV,4,High,
Gas,2022,Volvo,XC90,,T6,SUV,4,High,
Gas,2025,Dodge,Durango,,,SUV,6,Medium,
Gas,2024,Volkswagen,Taos,,,SUV,4,Medium,
Gas,2018,Acura,RDX,,,SUV,6,Medium,
Gas,2017,Mercedes-Benz,E-Class,,"4MATIC, 400",Sedan,6,High,
Gas/Electric Hybrid,2020,Toyota,Highlander,Hybrid,Hybrid,SUV,4,High,
Gas,2023,Hyundai,Venue,,,SUV,4,Medium,
Gas,2012,Acura,MDX,,,SUV,6,Medium,
Gas,2017,Chevrolet,Silverado,1500,,Pickup Truck,8,High,
Gas,2012,Land,Rover,Range Rover Sport,,SUV,6,High,
Gas,2019,Ford,Explorer,,,SUV,6,Medium,
Gas,2017,Audi,A3,,Quattro,Sedan,4,High,
Gas,2022,Volkswagen,Atlas,,,SUV,4,Medium,
Gas,2022,Land,Rover,Range Rover Velar,,SUV,4,High,
Gas,2023,Chevrolet,Silverado,1500,V8,Pickup Truck,8,High,
Gas/Electric Hybrid,2018,Toyota,Prius,,,Hatchback,4,Medium,
Electric,2022,Kia,Sorento,Plug-In Hybrid,,SUV,Electric,High,
Electric,2021,Toyota,RAV,4,,SUV,Electric,High,
Gas,2017,Ford,Explorer,,,SUV,6,Medium,
Gas,2019,Mazda,CX-9,,,SUV,4,Medium,
Gas,2018,Mazda,CX-3,,,SUV,4,Medium,
Gas,2020,Mazda,CX-5,,,SUV,4,Medium,
Gas,2017,Honda,CR-V,,,SUV,4,Medium,
Gas,2021,Toyota,Corolla,Sedan,Hybrid,Sedan,4,High,
Gas,2025,BMW,2,Series,xDrive,Coupe,4,High,
Gas/Electric Hybrid,2021,Toyota,Prius,,,Hatchback,4,Medium,
Electric,2021,Tesla,Model,3,,Sedan,Electric,High,known BEV-only model
Electric,2022,Ford,Mustang,Mach-E,,SUV,Electric,High,
Gas/Electric Hybrid,2025,Honda,CR-V,Hybrid,,SUV,4,High,
Gas,2024,Hyundai,Palisade,,,SUV,6,Medium,
Gas,2023,Volkswagen,Tiguan,,"4MOTION, R",SUV,4,High,
Gas,2022,Audi,Q3,,"Quattro, 40",SUV,4,High,
Gas,2019,Infiniti,QX80,,"AWD, Luxe",SUV,8,High,
Gas,2021,BMW,X3,,"xDrive, 30i",SUV,4,High,
Gas,2022,Honda,Pilot,,,SUV,6,Medium,
Gas,2024,Subaru,Crosstrek,,,SUV,4,Medium,
Gas,2017,GMC,Acadia,,,SUV,4,Medium,
Gas,2018,Jeep,Wrangler,JK,,SUV,6,High,
Gas,2021,Jeep,Grand,Cherokee,,SUV,6,High,
Gas,2017,BMW,X3,,,SUV,4,Medium,
Gas,2021,Mercedes-Benz,GLE,,"4MATIC, 350",SUV,4,High,
Gas,2015,Toyota,4-Runner,,,SUV,6,Medium,
Gas,2023,Ford,Bronco,Sport,,SUV,4,High,
Gas/Electric Hybrid,2025,Hyundai,Elantra,Hybrid,Hybrid,Sedan,4,High,
Gas,2023,Audi,A3,Sedan,,Sedan,4,High,
Gas,2018,BMW,X1,,,SUV,4,Medium,
Gas,2021,Acura,RDX,,,SUV,4,Medium,
Gas,2020,Nissan,Armada,,,SUV,8,Medium,
Gas,2017,BMW,X5,,,SUV,6,Medium,
Gas,2019,Mercedes-Benz,C-Class,Sedan,"AMG, 300",Sedan,4,High,
Gas,2025,Honda,Civic,Type R,,Sedan,4,High,
Gas,2022,Kia,Seltos,,,SUV,4,Medium,
Gas,2025,Mercedes-Benz,GLC,,"AMG, 300",SUV,4,High,
Gas,2025,Kia,Sorento,Hybrid,,SUV,4,High,
Gas,2022,BMW,X5,,40i,SUV,6,High,
Gas,2023,Hyundai,Santa,Fe,,SUV,4,High,
Gas,2023,Audi,Q5,,"Quattro, TFSI, 45",SUV,4,High,
Gas,2018,RAM,1500,,,Pickup Truck,8,Medium,
Gas,2012,Porsche,Cayenne,,,SUV,6,Medium,
Gas,2024,Mercedes-Benz,GLE,,,SUV,6,Medium,
Gas,2020,Mercedes-Benz,C-Class,Wagon,"4MATIC, AMG, 300",Wagon,4,High,
Gas,2018,Toyota,Sienna,,,Minivan,6,Medium,
Gas,2022,Hyundai,Palisade,,,SUV,6,Medium,
Gas,2023,Volvo,XC60,,B6,SUV,4,High,
Gas,2023,Toyota,Highlander,,,SUV,6,Medium,
Gas,2020,BMW,3,Series,,Sedan,4,High,
Gas,2018,Honda,Civic,Sedan,,Sedan,4,High,
Gas,2024,Mitsubishi,Eclipse,Cross,,Coupe,4,High,
Gas,2024,Volkswagen,Atlas,,,SUV,4,Medium,
Gas,2017,Acura,MDX,,,SUV,6,Medium,
Gas,2022,Audi,Q3,,"Quattro, TFSI, 45",SUV,4,High,
Gas/Electric Hybrid,2024,Toyota,Sienna,,,Minivan,4,Medium,
Gas,2016,Toyota,Tundra,,,Pickup Truck,6,Medium,
Electric,2021,Ford,Mustang,Mach-E,,SUV,Electric,High,
Gas,2016,Land,Rover,Range Rover Sport,,SUV,6,High,
Gas/Electric Hybrid,2023,Honda,CR-V,Hybrid,,SUV,4,High,
Gas,2018,Mazda,CX-5,,,SUV,4,Medium,
Gas,2021,Chevrolet,Corvette,,,Coupe,8,Medium,
Gas,2022,Toyota,Corolla,Sedan,,Sedan,4,High,
Gas,2024,Mercedes-Benz,GLE,,350,SUV,4,High,
Gas,2019,Mercedes-Benz,C-Class,Coupe,"AMG, 300",Coupe,4,High,
Gas,2018,Audi,S5,Coupe,,Coupe,6,High,
Gas,2020,Ford,Transit,Cargo Van,,Van,6,High,
Gas,2026,Volvo,XC90,,B6,SUV,4,High,
Gas,2012,Honda,Civic,Sedan,,Sedan,4,High,
Gas,2022,Audi,A4,Sedan,,Sedan,4,High,
Gas/Electric Hybrid,2021,BMW,X5,,40i,SUV,6,High,
Gas,2020,Porsche,Macan,,,SUV,4,Medium,
Gas,2018,Toyota,RAV,4,,SUV,4,High,
Gas,2013,Ford,Taurus,,,Sedan,4,Medium,
Gas,2020,Mercedes-Benz,GLE,,"4MATIC, 350",SUV,4,High,
Gas,2020,Porsche,Cayman,718 GT4,GT4,Coupe,6,High,
Gas,2022,Kia,Carnival,,,Minivan,4,Medium,
Gas,2021,Dodge,Challenger,,SRT Hellcat,Coupe,8,High,
Gas,2016,Mercedes-Benz,CLA,,4MATIC,Sedan,4,High,
Gas,2019,Volkswagen,Jetta,,R,Sedan,4,High,
Gas,2022,Mazda,CX-5,,,SUV,4,Medium,
Gas,2020,Mercedes-Benz,GLE,,"AMG, 350",SUV,4,High,
Gas,2019,Audi,Q5,,,SUV,4,Medium,
Gas,2021,Mercedes-Benz,GLE,,"4MATIC, AMG, 53",SUV,6,High,
Gas,2020,Mercedes-Benz,GLE,,450,SUV,6,High,
Gas,2023,Hyundai,Santa,Cruz,,Pickup Truck,4,High,
Electric,2025,Tesla,Model,Y,,Sedan,Electric,High,known BEV-only model
Gas,2022,Mercedes-Benz,E-Class,,"AMG, 450",Sedan,6,High,
Gas,2017,Mercedes-Benz,GLC,,"AMG, 43",SUV,6,High,
Gas,2018,BMW,X3,,30i,SUV,4,High,
Gas,2022,Nissan,Rogue,,,SUV,4,Medium,
Gas,2022,Acura,TLX,,,Sedan,4,Medium,
Gas,2024,Infiniti,QX60,,,SUV,6,Medium,
Gas,2023,Jeep,Grand,Cherokee,,SUV,6,High,
Gas,2017,Toyota,Highlander,,,SUV,6,Medium,
Gas,2024,Mercedes-Benz,C-Class,Sedan,"AMG, 63",Sedan,8,High,
Gas,2023,Toyota,Camry,,,Sedan,4,Medium,
Gas,2023,Audi,S5,Sportback,,Hatchback,6,High,
Electric,2024,MINI,3,Door,,Hatchback,Electric,High,
Gas,2024,Audi,Q7,,,SUV,6,Medium,
Gas/Electric Hybrid,2016,Volvo,XC90,Hybrid,T8,SUV,4,High,
Gas/Electric Hybrid,2020,Lexus,UX,,,SUV,4,Medium,
Gas,2018,MINI,5,Door,Cooper,Hatchback,4,High,
Gas,2017,Mercedes-Benz,GLC,,AMG,SUV,4,High,
Gas,2022,Mercedes-Benz,GLE,,350,SUV,4,High,
Gas,2019,Mercedes-Benz,C-Class,Sedan,300,Sedan,4,High,
Gas,2013,Nissan,Altima,,,Sedan,4,Medium,
Gas,2024,Dodge,Durango,,,SUV,6,Medium,
Gas/Electric Hybrid,2023,Lexus,NX,,,SUV,4,Medium,
Gas,2016,Volvo,XC90,,T6,SUV,4,High,
Gas,2013,Ford,Fusion,,,Sedan,4,Medium,
Gas,2024,Dodge,Durango,,SRT Hellcat,SUV,8,High,
Gas,2017,BMW,5,Series,xDrive,Sedan,4,High,
Gas/Electric Hybrid,2023,Honda,Accord,Hybrid,,Sedan,4,High,
Gas,2019,BMW,3,Series,xDrive,Sedan,4,High,
Gas,2019,Mitsubishi,Outlander,,,SUV,4,Medium,
Gas,2023,Lexus,RX,,,SUV,4,Medium,
Gas,2023,Mercedes-Benz,GLC,,"4MATIC, 300",SUV,4,High,
Gas,2023,Audi,Q3,,"Quattro, TFSI, 45",SUV,4,High,
Gas,2025,BMW,X5,,,SUV,6,Medium,
Gas,2025,Hyundai,Elantra,,,Sedan,4,Medium,
Gas,2021,Porsche,Cayenne,,,SUV,6,Medium,
Gas,2025,GMC,Sierra,1500,,Pickup Truck,8,High,
Gas,2016,GMC,Sierra,1500,,Pickup Truck,8,High,
Gas,2023,Mazda,MX-5,Miata RF,,Convertible,4,High,
Gas,2023,GMC,Sierra,1500,,Pickup Truck,8,High,
Gas,2015,Subaru,Forester,,,SUV,4,Medium,
Gas,2022,Hyundai,Kona,,,SUV,4,Medium,
Gas/Electric Hybrid,2023,Ford,F-150,,,Pickup Truck,6,Medium,
Gas,2016,Hyundai,Sonata,,,Sedan,4,Medium,
Gas,2024,Lexus,NX,,,SUV,4,Medium,
Gas,2022,Mercedes-Benz,GLB,,AMG,SUV,4,High,
Gas,2023,Lexus,LX,,,SUV,6,Medium,
Gas/Electric Hybrid,2021,Toyota,RAV,4 Hybrid,,SUV,4,High,
Gas,2025,Toyota,RAV,4,,SUV,4,High,
Gas,2020,Kia,Forte,5,,Sedan,4,High,
Gas,2024,Chevrolet,Tahoe,,,SUV,8,Medium,
Gas,2024,Volvo,XC60,Recharge,"T8, Recharge",SUV,4,High,
Gas/Electric Hybrid,2024,Lexus,UX,,F,SUV,4,High,
Gas,2022,Toyota,Tundra,,,Pickup Truck,6,Medium,
Gas,2021,Hyundai,Elantra,,,Sedan,4,Medium,
Gas/Electric Hybrid,2022,MINI,Countryman,,"Cooper, Cooper SE",SUV,4,High,
Gas,2024,RAM,3500,,,Pickup Truck,8,Medium,
Gas,2023,Hyundai,Palisade,,,SUV,6,Medium,
Gas/Electric Hybrid,2022,Lexus,NX,,,SUV,4,Medium,
Gas,2020,BMW,4,Series,xDrive,Coupe,4,High,
Gas,2023,Mercedes-Benz,GLC,,300,SUV,4,High,
Gas,2020,Chevrolet,Tahoe,,,SUV,8,Medium,
Gas/Electric Hybrid,2022,BMW,X5,,40i,SUV,6,High,
Gas,2023,BMW,8,Series Gran Coupe,xDrive,Sedan,8,High,
Gas,2023,Tesla,Model,3,,Sedan,Electric,High,known BEV-only model
Gas,2023,Honda,Civic,Sedan,,Sedan,4,High,
Gas,2022,Infiniti,QX50,,"AWD, Luxe",SUV,4,High,
Gas/Electric Hybrid,2021,Toyota,Highlander,Hybrid,Hybrid,SUV,4,High,
Gas/Electric Hybrid,2020,Porsche,Cayenne,,,SUV,6,Medium,
Gas,2019,Mercedes-Benz,CLS-Class,,"4MATIC, AMG, 53",Sedan,6,High,
Gas,2022,Subaru,Ascent,,,SUV,4,Medium,
Gas,2020,Volkswagen,Golf,Standard Model,,Hatchback,4,High,
Gas,2018,Chevrolet,Cruze,,,Sedan,4,Medium,
Gas/Electric Hybrid,2026,Hyundai,Santa,Fe Hybrid,,SUV,4,High,
Gas,2021,Volkswagen,Jetta,,,Sedan,4,Medium,
Gas,2023,BMW,X4,,30i,SUV,4,High,
Gas,2024,Mercedes-Benz,CLA,,,Sedan,4,Medium,
Gas,2025,MINI,Countryman,,,SUV,4,Medium,
Gas,2019,Honda,Civic,Sedan,,Sedan,4,High,
Gas,2024,GMC,Canyon,,,Pickup Truck,4,Medium,
Gas,2019,Kia,Sorento,,,SUV,4,Medium,
Gas,2021,Mercedes-Benz,GLS,,580,SUV,8,High,
Gas,2022,Hyundai,Santa,Cruz,,Pickup Truck,4,High,
Gas,2023,Toyota,RAV,4 Hybrid,Hybrid,SUV,4,High,
Gas,2017,Audi,A7,,,Sedan,6,Medium,
Gas,2013,Honda,Civic,Coupe,,Coupe,4,High,
Gas,2022,Toyota,RAV,4,,SUV,4,High,
Gas,2021,Ford,Explorer,,,SUV,4,Medium,
Gas,2024,Jeep,Wrangler,,,SUV,6,Medium,
Gas,2024,Nissan,Rogue,,,SUV,4,Medium,
Gas,2020,Audi,Q3,,Quattro,SUV,4,High,
Gas,2023,Nissan,Pathfinder,,,SUV,6,Medium,
Gas,2025,Genesis,GV70,,2.5T,SUV,4,High,
Gas,2022,Acura,MDX,,SH-AWD,SUV,6,High,
Gas,2023,Mazda,CX-30,,,SUV,4,Medium,
Gas,2019,Toyota,Highlander,,,SUV,6,Medium,
Gas,2021,BMW,X4,,40i,SUV,6,High,
Gas/Electric Hybrid,2025,Lexus,UX,,,SUV,4,Medium,
Gas,2023,Volkswagen,Taos,,,SUV,4,Medium,
Gas,2024,Honda,Pilot,,,SUV,6,Medium,
Gas,2010,Toyota,Camry,,,Sedan,4,Medium,
Gas,2020,Acura,RDX,,,SUV,4,Medium,
Gas,2021,Jeep,Gladiator,,,Pickup Truck,6,Medium,
Gas,2020,GMC,Terrain,,,SUV,4,Medium,
Gas,2024,Nissan,Z,,,Coupe,6,Medium,
Gas,2015,Ford,Focus,,,Hatchback,4,Medium,
Gas,2018,Mercedes-Benz,GLC,,"4MATIC, AMG, 43",SUV,6,High,
Gas,2024,GMC,Terrain,,,SUV,4,Medium,
Gas/Electric Hybrid,2024,BMW,X6,,40i,SUV,6,High,
Gas,2022,Volkswagen,Tiguan,,R,SUV,4,High,
Gas/Electric Hybrid,2023,Lexus,NX,,"350, 350h",SUV,4,High,
Gas,2023,Mercedes-Benz,GLB,,4MATIC,SUV,4,High,
Gas,2025,Genesis,GV70,,,SUV,4,Medium,
Gas/Electric Hybrid,2021,Mercedes-Benz,GLE,,"4MATIC, AMG, 53",SUV,6,High,
Gas,2021,Volkswagen,Tiguan,,,SUV,4,Medium,
Gas,2018,Volkswagen,Tiguan,,4MOTION,SUV,4,High,
Gas,2022,Kia,Forte,,"Turbo, GT",Sedan,4,High,
Gas,2008,Honda,CR-V,,,SUV,4,Medium,
Gas,2019,Toyota,Corolla,Hatchback 5-Door,,Hatchback,4,High,
Gas,2022,Dodge,Charger,,,Sedan,6,Medium,
Gas,2018,BMW,4,Series Gran Coupe,xDrive,Sedan,4,High,
Gas,2025,Jeep,Wrangler,,,SUV,6,Medium,
Gas,2017,Land,Rover,Range Rover Sport,,SUV,6,High,
Gas,2023,Mercedes-Benz,CLA,,"4MATIC, AMG, 45",Sedan,4,High,
Gas,2022,Land,Rover,Range Rover Sport,,SUV,6,High,
Gas,2015,Audi,A4,,Quattro,Sedan,4,High,
Gas,2009,Acura,TL,,,Sedan,4,Medium,
Gas,2017,Chrysler,Pacifica,,,Minivan,6,Medium,
Gas,2026,RAM,1500,,,Pickup Truck,8,Medium,
Gas,2023,Honda,HR-V,,,SUV,4,Medium,
Gas/Electric Hybrid,2016,Audi,Q5,,,SUV,4,Medium,
Gas,2019,Mercedes-Benz,SLC,,300,Convertible,4,High,
Gas,2024,Honda,HR-V,,,SUV,4,Medium,
Gas,2023,Hyundai,Sonata,,,Sedan,4,Medium,
Gas,2025,Nissan,Rogue,,,SUV,4,Medium,
Gas,2024,BMW,X3,,30i,SUV,4,High,
Gas,2010,Toyota,Corolla,Sedan,,Sedan,4,High,
Gas,2015,Lexus,RX,,350,SUV,4,High,
Gas,2025,Honda,Pilot,,,SUV,6,Medium,
Gas/Electric Hybrid,2025,BMW,X3,,xDrive,SUV,4,High,
Gas,2015,BMW,4,Series,xDrive,Coupe,4,High,
Gas/Electric Hybrid,2026,Hyundai,Palisade,Hybrid,,SUV,6,High,
Gas,2022,Audi,Q5,,,SUV,4,Medium,
Gas/Electric Hybrid,2022,Toyota,Venza,,,SUV,4,Medium,
Gas,2019,Mazda,CX-3,,,SUV,4,Medium,
Gas,2022,Ford,Expedition,,,SUV,6,Medium,
Gas,2025,Toyota,Sienna,,,Minivan,4,Medium,
Gas,2023,Chevrolet,Silverado,1500,,Pickup Truck,8,High,
Gas,2013,Hyundai,Santa,Fe,,SUV,4,High,
Gas,2014,Lexus,IS,,250,Sedan,4,High,
Gas,2019,Acura,ILX,,,Sedan,4,Medium,
Electric,2024,Lincoln,Corsair,,,SUV,Electric,Medium,
Gas,2024,Audi,SQ5,,,SUV,6,Medium,
Gas/Electric Hybrid,2021,Audi,Q5,,Quattro,SUV,4,High,
Gas,2024,Lexus,IS,,"300, F",Sedan,4,High,
Gas,2021,BMW,X6,,40i,SUV,6,High,
Gas,2024,Mazda,Mazda3,Sport,Turbo,Sedan,4,High,
Gas,2023,BMW,X1,,,SUV,4,Medium,
Gas,2024,Volkswagen,Atlas,,"TSI, 4MOTION",SUV,4,High,
Gas/Electric Hybrid,2010,Toyota,Prius,,Hybrid,Hatchback,4,High,
Gas,2022,GMC,Terrain,,,SUV,4,Medium,
Gas,2016,Porsche,Cayenne,,GTS,SUV,6,High,
Gas,2015,Land,Rover,Range Rover Sport,,SUV,6,High,
Gas,2024,Hyundai,Elantra,,"N Line, N",Sedan,4,High,
Gas,2023,Subaru,Ascent,,,SUV,4,Medium,
Gas/Electric Hybrid,2019,Lexus,UX,,"250, 250h",SUV,4,High,
Gas,2024,Hyundai,Santa,Fe,,SUV,4,High,
Gas,2022,Audi,Q5,Sportback,45,SUV,4,High,
Gas,2023,Acura,MDX,,"SH-AWD, Type S",SUV,6,High,
Gas,2024,Dodge,Durango,,HEMI,SUV,8,High,
Gas,2020,Mercedes-Benz,GLC,,"4MATIC, 300",SUV,4,High,
Electric,2024,Chevrolet,Blazer,EV,,SUV,Electric,High,
Gas,2016,BMW,M2,,,Coupe,6,Medium,
Gas,2018,Chevrolet,Traverse,,,SUV,6,Medium,
Gas,2025,Volkswagen,Atlas,,,SUV,4,Medium,
Gas,2025,RAM,2500,,,Pickup Truck,8,Medium,
Gas/Electric Hybrid,2024,Honda,Accord,Hybrid,,Sedan,4,High,
Gas,2023,Mercedes-Benz,CLA,,4MATIC,Sedan,4,High,
Gas,2022,Chevrolet,Silverado,1500,,Pickup Truck,8,High,
Gas,2020,Honda,Passport,,,SUV,6,Medium,
Gas,2021,Jeep,Wrangler,Unlimited,,SUV,6,High,
Gas,2019,RAM,1500,,HEMI,Pickup Truck,8,High,
Gas/Electric Hybrid,2022,Mercedes-Benz,AMG,GT,"AMG, 53",Coupe,6,High,
Gas,2016,Toyota,Venza,,,SUV,4,Medium,
Gas/Electric Hybrid,2021,Jeep,Wrangler,Unlimited,,SUV,6,High,
Gas,2016,Honda,Accord,Coupe,,Coupe,4,High,
Gas,2025,Volkswagen,Jetta,,,Sedan,4,Medium,
Gas,2023,GMC,Canyon,,,Pickup Truck,4,Medium,
Gas,2016,Volkswagen,Golf,Standard Model,TSI,Hatchback,4,High,
Gas,2022,Mitsubishi,Outlander,,,SUV,4,Medium,
Gas,2013,BMW,3,Series,xDrive,Sedan,4,High,
Gas,2022,Ford,Mustang,Fastback,EcoBoost,Coupe,4,High,
Gas,2024,Ford,F-150,,EcoBoost,Pickup Truck,6,High,
Gas,2026,Honda,Passport,,,SUV,6,Medium,
Gas,2018,Ford,F-150,,,Pickup Truck,6,Medium,
Gas,2025,Nissan,Kicks,,,SUV,4,Medium,
Gas,2020,Honda,Civic,Sedan,,Sedan,4,High,
Gas,2022,Chevrolet,Traverse,,,SUV,6,Medium,
Gas,2016,Honda,Accord,Sedan,,Sedan,4,High,
Gas,2017,Toyota,Yaris,,,Hatchback,4,Medium,
Gas,2023,Nissan,Qashqai,,,SUV,4,Medium,
Gas,2024,Mercedes-Benz,GLE,,AMG,SUV,6,High,
Gas,2025,Mazda,CX-50,,,SUV,4,Medium,
Gas,2018,Mercedes-Benz,E-Class,,4MATIC,Sedan,4,High,
Gas,2024,RAM,1500,,,Pickup Truck,8,Medium,
Gas,2021,Dodge,Durango,,,SUV,6,Medium,
Gas,2015,Toyota,Camry,,,Sedan,4,Medium,
Gas,2020,Nissan,Sentra,,,Sedan,4,Medium,
Gas,2023,Mazda,Mazda3,Sport,Turbo,Sedan,4,High,
Gas,2024,Nissan,Kicks,,,SUV,4,Medium,
Gas,2014,Audi,Q7,,Quattro,SUV,6,High,
Gas,2017,Ford,F-150,,,Pickup Truck,6,Medium,
Gas,2021,Hyundai,Sonata,,,Sedan,4,Medium,
Gas,2021,Mazda,CX-9,,,SUV,4,Medium,
Gas,2019,Porsche,Macan,,,SUV,4,Medium,
Gas,2019,Toyota,Camry,,,Sedan,4,Medium,
Gas,2014,Acura,RDX,,,SUV,6,Medium,
Gas,2018,Mercedes-Benz,CLA,,"4MATIC, AMG",Sedan,4,High,
Gas,2012,Toyota,Camry,,,Sedan,4,Medium,
Gas,2024,Land,Rover,Range Rover Velar,,SUV,4,High,
Gas,2023,Audi,A5,Sportback,Quattro,Hatchback,6,High,
Gas/Electric Hybrid,2025,Honda,Civic,Sedan,,Sedan,4,High,
Gas,2022,Ford,Explorer,,,SUV,4,Medium,
Gas/Electric Hybrid,2024,Lexus,NX,,,SUV,4,Medium,
Gas,2024,Kia,Seltos,,,SUV,4,Medium,
Gas,2017,Infiniti,Q60,,3.0t,Sedan,6,High,
Gas/Electric Hybrid,2019,RAM,1500,,,Pickup Truck,8,Medium,
Gas,2021,Volkswagen,Atlas,,4MOTION,SUV,4,High,
Gas,2021,Hyundai,Tucson,,,SUV,4,Medium,
Gas/Electric Hybrid,2021,Jeep,Wrangler,Unlimited,4xe,SUV,4,High,4xe plug-in hybrid uses 2.0L turbo I4
Gas,2024,Lexus,NX,,F,SUV,4,High,
Gas,2017,Ford,Expedition,,,SUV,6,Medium,
Gas,2022,GMC,Canyon,,,Pickup Truck,4,Medium,
Gas,2015,Toyota,RAV,4,,SUV,4,High,
Gas,2020,Lincoln,Navigator,L,,SUV,6,High,
Gas,2019,Dodge,Charger,,"HEMI, V8",Sedan,8,High,
Gas,2020,RAM,1500,,HEMI,Pickup Truck,8,High,
Gas,2025,Hyundai,Santa,Cruz,,Pickup Truck,4,High,
Gas,2017,Subaru,Forester,,,SUV,4,Medium,
Gas,2020,Lexus,NX,,,SUV,4,Medium,
Gas,2014,Audi,Q5,,,SUV,4,Medium,
Gas,2018,Nissan,Rogue,,,SUV,4,Medium,
Gas,2021,Audi,A7,,,Sedan,6,Medium,
Electric,2020,MINI,3,Door,"Cooper, Cooper SE",Hatchback,Electric,High,
Gas,2017,Honda,Civic,Coupe,,Coupe,4,High,
Electric,2022,Hyundai,IONIQ,5,,SUV,Electric,High,
Gas,2024,Volkswagen,Atlas,Cross Sport,"TSI, 4MOTION",SUV,4,High,
Gas,2025,Audi,Q5,,Quattro,SUV,4,High,
Gas,2019,BMW,X3,,30i,SUV,4,High,
Gas,2016,Land,Rover,Discovery Sport,,SUV,6,High,
Gas,2026,Kia,Sportage,,,SUV,4,Medium,
Gas,2013,Mercedes-Benz,C-Class,Sedan,"4MATIC, 300",Sedan,4,High,
Gas,2018,Volkswagen,Golf,SportWagen,,Wagon,4,High,
Gas,2020,Cadillac,CT5,,,Sedan,4,Medium,
Gas,2016,Acura,MDX,,,SUV,6,Medium,
Gas,2022,Cadillac,XT5,,,SUV,4,Medium,
Gas,2023,Hyundai,Sonata,,"N Line, N",Sedan,4,High,
Gas,2022,Mercedes-Benz,CLA,,"4MATIC, AMG",Sedan,4,High,
Gas,2017,Hyundai,Sonata,,,Sedan,4,Medium,
Gas,2024,Kia,Forte,,,Sedan,4,Medium,
Gas,2022,Ford,Edge,,,SUV,4,Medium,
Gas,2020,Chevrolet,Silverado,1500,,Pickup Truck,8,High,
Gas,2017,RAM,1500,,,Pickup Truck,8,Medium,
Gas,2022,Ford,Bronco,,,SUV,4,Medium,
Gas,2021,RAM,2500,,,Pickup Truck,8,Medium,
Gas,2024,BMW,X5,,"xDrive, M60",SUV,6,High,
Gas/Electric Hybrid,2022,BMW,3,Series,,Sedan,4,High,
Gas,2024,Ford,Escape,,,SUV,4,Medium,
Gas,2020,BMW,5,Series,,Sedan,4,High,
Gas,2016,Jeep,Wrangler,,,SUV,6,Medium,
Gas,2023,Mercedes-Benz,GLE,,4MATIC,SUV,6,High,
Gas,2024,Chevrolet,Traverse,,,SUV,6,Medium,
Gas,2023,BMW,X5,,40i,SUV,6,High,
Gas,2019,Ford,F-150,,,Pickup Truck,6,Medium,
Gas,2023,Porsche,Macan,,,SUV,4,Medium,
Gas,2020,Nissan,Kicks,,,SUV,4,Medium,
Gas/Electric Hybrid,2013,Lexus,CT,,F,Hatchback,4,High,
Gas,2019,Audi,SQ5,,"Quattro, TFSI",SUV,6,High,
Gas,2017,Land,Rover,Discovery Sport,,SUV,6,High,
Gas,2019,Ford,Flex,,,SUV,6,Medium,
Gas,2018,Mercedes-Benz,GLE,,400,SUV,6,High,
Gas,2022,Nissan,Pathfinder,,,SUV,6,Medium,
Gas,2024,Ford,Bronco,,,SUV,4,Medium,
Gas,2024,Subaru,Legacy,,,Sedan,4,Medium,
Gas,2021,Kia,Forte,,GT,Sedan,4,High,
Gas,2019,GMC,Sierra,1500,,Pickup Truck,8,High,
Gas,2022,Audi,Q3,,,SUV,4,Medium,
Gas,2024,Subaru,Outback,,,SUV,4,Medium,
Gas,2018,Jeep,Grand,Cherokee,,SUV,6,High,
Gas,2013,Jeep,Wrangler,,,SUV,6,Medium,
Gas,2023,Subaru,Forester,,,SUV,4,Medium,
Gas,2021,Mazda,CX-5,,,SUV,4,Medium,
Gas,2016,Infiniti,Q50,,"3.0t, AWD",Sedan,6,High,
Gas,2016,Lexus,RX,,,SUV,4,Medium,
Gas,2021,Volkswagen,Golf,GTI,,Hatchback,4,High,
Gas,2017,Porsche,Cayenne,,,SUV,6,Medium,
Gas,2015,Cadillac,Escalade,,,SUV,8,Medium,
Gas,2021,Ford,Edge,,,SUV,4,Medium,
Gas,2022,Audi,A5,Sportback,45,Hatchback,4,High,
Gas,2024,Ford,F-150,,,Pickup Truck,6,Medium,
Electric,2022,Tesla,Model,Y,,Sedan,Electric,High,known BEV-only model
Gas,2017,Porsche,Macan,,GTS,SUV,4,High,
Gas,2024,Hyundai,Elantra,,,Sedan,4,Medium,
Gas,2019,Chrysler,Pacifica,,,Minivan,6,Medium,
Gas,2024,Kia,Sportage,,,SUV,4,Medium,
Gas,2021,RAM,1500,Classic,HEMI,Pickup Truck,8,High,
Gas,2019,Audi,SQ5,,Quattro,SUV,6,High,
Gas,2024,Chevrolet,Trailblazer,,,SUV,4,Medium,
Gas,2024,Subaru,Forester,,,SUV,4,Medium,
Electric,2023,Ford,Mustang,Mach-E,,SUV,Electric,High,
Gas,2016,Audi,S5,,,Coupe,6,Medium,
Gas,2023,RAM,1500,Classic,,Pickup Truck,8,High,
Gas,2022,BMW,X6,,40i,SUV,6,High,
Gas,2025,Mercedes-Benz,CLA,,4MATIC,Sedan,4,High,
Gas,2021,BMW,2,Series Gran Coupe,,Sedan,4,High,
Gas,2016,Subaru,Crosstrek,,,SUV,4,Medium,
Gas,2024,Mercedes-Benz,GLE,,4MATIC,SUV,6,High,
Gas,2020,BMW,2,Series Gran Coupe,,Sedan,4,High,
Gas,2020,Mercedes-Benz,E-Class,,"AMG, 450",Sedan,6,High,
Gas,2025,Subaru,Crosstrek,,,SUV,4,Medium,
Gas/Electric Hybrid,2025,Mitsubishi,Outlander,Plug-In Hybrid,,SUV,4,High,
Gas,2019,Mercedes-Benz,C-Class,Sedan,AMG,Sedan,4,High,
Gas,2023,Audi,A4,Sedan,,Sedan,4,High,
Gas,2025,Audi,A5,,Quattro,Coupe,6,High,
Gas,2019,Audi,A4,Sedan,,Sedan,4,High,
Gas,2025,BMW,2,Series,,Coupe,4,High,
Gas,2018,Subaru,Outback,,,SUV,4,Medium,
Gas,2023,Audi,Q7,,Quattro,SUV,6,High,
Gas,2026,Volkswagen,Tiguan,,R,SUV,4,High,
Gas,2022,Audi,Q5,,45,SUV,4,High,
Gas/Electric Hybrid,2022,Ford,F-150,,,Pickup Truck,6,Medium,
Gas,2021,Mercedes-Benz,GLE,,"AMG, 350",SUV,4,High,
Gas,2022,Porsche,Cayenne,,,SUV,6,Medium,
Gas,2018,Volkswagen,Golf,R,,Hatchback,4,High,
Gas,2019,Infiniti,Q50,,"3.0t, AWD, Luxe",Sedan,6,High,
Gas,2024,Buick,Envision,,,SUV,4,Medium,
Gas,2023,Hyundai,Kona,,"N Line, N",SUV,4,High,
Gas,2024,Mazda,CX-30,,,SUV,4,Medium,
Gas,2024,Mitsubishi,RVR,,,SUV,4,Medium,
Gas/Electric Hybrid,2021,Land,Rover,Range Rover Velar,,SUV,4,High,
Gas,2021,Toyota,Sienna,,,Minivan,4,Medium,
Gas,2022,Mercedes-Benz,GLC,,300,SUV,4,High,
Gas,2022,Dodge,Durango,,,SUV,6,Medium,
Gas,2017,Subaru,Outback,,,SUV,4,Medium,
Gas,2019,Hyundai,Santa,Fe,,SUV,4,High,
Gas,2018,Nissan,Pathfinder,,,SUV,6,Medium,
Gas,2024,Volkswagen,Atlas,Cross Sport,,SUV,4,High,
Gas/Electric Hybrid,2022,Audi,Q7,,Quattro,SUV,6,High,
Gas,2020,Lexus,ES,,F,Sedan,4,High,
Gas,2025,Mitsubishi,Outlander,,,SUV,4,Medium,
Gas,2026,Mitsubishi,Eclipse,Cross,,Coupe,4,High,
Gas,2018,Mercedes-Benz,E-Class,,"4MATIC, AMG, 400",Sedan,6,High,
Gas,2025,Lexus,NX,,250,SUV,4,High,
Gas,2022,Volvo,XC90,,,SUV,4,Medium,
Gas,2024,Porsche,Macan,,,SUV,4,Medium,
Gas,2019,Volkswagen,Atlas,,,SUV,4,Medium,
Gas,2023,Land,Rover,Defender,,SUV,4,High,
Gas,2025,Toyota,Corolla,Cross,,Sedan,4,High,
Gas,2018,Lexus,IS,,300,Sedan,4,High,
Gas,2022,Volkswagen,Jetta,GLI,,Sedan,4,High,
Gas,2020,Kia,Forte,,,Sedan,4,Medium,
Gas,2016,RAM,1500,,,Pickup Truck,8,Medium,
Gas,2022,Acura,TLX,,"SH-AWD, Turbo, Type S",Sedan,6,High,
Gas,2021,Chevrolet,Silverado,1500,,Pickup Truck,8,High,
Gas,2022,Infiniti,Q50,,,Sedan,6,Medium,
Gas,2020,Honda,Civic,Type R,,Sedan,4,High,
Gas,2023,Volkswagen,Atlas,,,SUV,4,Medium,
Gas,2023,Volkswagen,Tiguan,,,SUV,4,Medium,
Gas,2016,Audi,A3,,Quattro,Sedan,4,High,
Gas,2018,Acura,MDX,,,SUV,6,Medium,
Gas,2022,Subaru,Outback,,,SUV,4,Medium,
Gas,2022,Chevrolet,Silverado,2500 HD,,Pickup Truck,8,High,
Gas,2020,Mercedes-Benz,C-Class,Sedan,"AMG, 43",Sedan,6,High,
Gas,2018,Jeep,Wrangler,Unlimited,,SUV,6,High,
Gas,2018,Land,Rover,Range Rover Velar,,SUV,4,High,
Gas,2023,Subaru,Outback,,,SUV,4,Medium,
Gas/Electric Hybrid,2025,Toyota,Sienna,,Hybrid,Minivan,4,High,
Gas,2019,BMW,X5,,40i,SUV,6,High,
Gas/Electric Hybrid,2022,Toyota,RAV,4 Hybrid,,SUV,4,High,
Gas,2024,Chevrolet,Trax,,,SUV,4,Medium,
Electric,2023,Hyundai,Santa,Fe Plug-In Hybrid,,SUV,Electric,High,
Gas/Electric Hybrid,2024,Toyota,Prius,,,Hatchback,4,Medium,
Gas,2024,Kia,Sorento,,,SUV,4,Medium,
Gas,2019,Volkswagen,Arteon,,4MOTION,Sedan,4,High,
Gas,2023,Mazda,CX-50,,Turbo,SUV,4,High,
Gas,2017,Audi,A4,,Quattro,Sedan,4,High,
Gas,2022,Genesis,GV70,,,SUV,4,Medium,
Gas,2025,Honda,Odyssey,,,Minivan,6,Medium,
Gas,2021,Ford,Transit,Cargo Van,,Van,6,High,
Gas,2022,RAM,ProMaster,Cargo Van,,Van,6,High,
Gas,2021,Kia,Seltos,,,SUV,4,Medium,
Gas,2022,Hyundai,Elantra,N,N,Sedan,4,High,
Gas,2021,Honda,Civic,Sedan,,Sedan,4,High,
Gas,2017,GMC,Sierra,1500,,Pickup Truck,8,High,
Gas,2014,Honda,Odyssey,,,Minivan,6,Medium,
Gas,2022,Chrysler,Pacifica,,,Minivan,6,Medium,
Gas,2017,Honda,Odyssey,,,Minivan,6,Medium,
Gas,2023,BMW,X6,,40i,SUV,6,High,
Gas/Electric Hybrid,2023,Toyota,RAV,4,,SUV,4,High,
Gas,2018,Mercedes-Benz,CLA,,4MATIC,Sedan,4,High,
Gas,2019,Ford,Edge,,,SUV,4,Medium,
Gas,2019,BMW,X7,,,SUV,6,Medium,
Gas,2023,Toyota,Tacoma,,,Pickup Truck,4,Medium,
Gas/Electric Hybrid,2024,Toyota,RAV,4 Hybrid,,SUV,4,High,
Gas,2016,Honda,Civic,Sedan,,Sedan,4,High,
Gas,2011,Volkswagen,Jetta,Sedan,,Sedan,4,High,
Gas/Electric Hybrid,2022,Hyundai,Santa,Fe Hybrid,,SUV,4,High,
Gas,2025,Honda,Civic,Sedan,,Sedan,4,High,
Gas/Electric Hybrid,2025,Toyota,Camry,,,Sedan,4,Medium,
Gas,2026,Honda,Civic,Sedan,,Sedan,4,High,
Gas,2022,Jeep,Grand,Cherokee,,SUV,6,High,
Gas/Electric Hybrid,2026,Honda,CR-V,Hybrid,,SUV,4,High,
Gas,2022,Mercedes-Benz,GLB,,,SUV,4,Medium,
Gas,2021,Acura,TLX,,SH-AWD,Sedan,4,High,
Gas,2022,RAM,1500,,,Pickup Truck,8,Medium,
Gas,2026,Volkswagen,Atlas,,4MOTION,SUV,4,High,
Gas,2025,Honda,Ridgeline,,,Pickup Truck,6,Medium,
Gas/Electric Hybrid,2019,Audi,A8,Long,,Sedan,6,High,
Gas,2011,Chevrolet,Silverado,1500,,Pickup Truck,8,High,
Gas,2023,Lincoln,Corsair,,,SUV,4,Medium,
Gas,2022,Mercedes-Benz,GLC,,"4MATIC, 300",SUV,4,High,
Gas,2021,RAM,1500,Classic,,Pickup Truck,8,High,
Gas,2024,Honda,Odyssey,,,Minivan,6,Medium,
Gas,2025,Ford,Escape,,,SUV,4,Medium,
Gas,2017,BMW,2,Series,M240i,Coupe,6,High,
Gas,2022,Infiniti,Q50,,"AWD, Pure",Sedan,6,High,
Gas,2025,Audi,S5,Sportback,,Hatchback,6,High,
Gas,2025,Audi,SQ5,,,SUV,6,Medium,
Gas,2021,Mazda,Mazda3,Sport,,Sedan,4,High,
Gas,2017,Mercedes-Benz,GLC,,"4MATIC, 300",SUV,4,High,
Gas,2019,Audi,SQ5,,,SUV,6,Medium,
Gas,2019,Volkswagen,Golf,R,,Hatchback,4,High,
Gas,2015,BMW,X1,,,SUV,4,Medium,
Gas,2021,Infiniti,QX50,,"AWD, Pure",SUV,4,High,
Gas,2023,Lincoln,Aviator,,,SUV,6,Medium,
Gas,2016,Mercedes-Benz,GLC,,300,SUV,4,High,
Gas,2023,Ford,Maverick,,,Pickup Truck,4,Medium,
Gas,2018,Porsche,Macan,,Turbo,SUV,4,High,
Gas,2023,Hyundai,Elantra,N,Turbo,Sedan,4,High,
Gas,2021,Kia,Forte,,,Sedan,4,Medium,
Gas/Electric Hybrid,2025,Jeep,Wrangler,4xe,4xe,SUV,4,High,4xe plug-in hybrid uses 2.0L turbo I4
Gas,2024,Chrysler,Pacifica,,,Minivan,6,Medium,
Gas,2023,BMW,2,Series,"xDrive, M240i",Coupe,6,High,
Gas,2025,Audi,Q5,,,SUV,4,Medium,
Gas/Electric Hybrid,2023,Kia,Sportage,Hybrid,,SUV,4,High,
Gas,2022,Buick,Envision,,,SUV,4,Medium,
Gas,2026,Chevrolet,Trax,,,SUV,4,Medium,
Gas,2022,Subaru,Crosstrek,,,SUV,4,Medium,
Gas,2016,Audi,A3,,,Sedan,4,Medium,
Gas,2017,Mazda,CX-9,,,SUV,4,Medium,
Gas,2015,Chevrolet,Silverado,1500,,Pickup Truck,8,High,
Gas,2020,Lexus,ES,,350,Sedan,4,High,
Gas,2025,Mazda,CX-5,,,SUV,4,Medium,
Electric,2023,Chevrolet,Bolt,EUV,,Hatchback,Electric,High,known BEV-only model
Gas,2015,Audi,Q7,,,SUV,6,Medium,
Gas,2024,Acura,MDX,,,SUV,6,Medium,
Gas,2022,RAM,1500,Classic,,Pickup Truck,8,High,
Gas,2026,Mazda,CX-5,,,SUV,4,Medium,
Gas/Electric Hybrid,2023,Lexus,RX,,"500, 500h, F",SUV,4,High,
Gas,2023,Lexus,RX,,350,SUV,4,High,
Gas,2015,Mercedes-Benz,C-Class,Sedan,"4MATIC, 300",Sedan,4,High,
Gas,2022,Infiniti,Q60,,"AWD, Luxe",Sedan,6,High,
Gas/Electric Hybrid,2022,Kia,Sorento,Hybrid,,SUV,4,High,
Gas,2023,GMC,Terrain,,,SUV,4,Medium,
Gas,2013,Mercedes-Benz,C-Class,Sedan,"4MATIC, 63, 350",Sedan,8,High,
Gas,2021,Buick,Envision,,,SUV,4,Medium,
Gas,2018,Infiniti,Q60,,"3.0t, AWD, Luxe",Sedan,6,High,
Gas,2025,Ford,Bronco,Sport,,SUV,4,High,
Gas,2026,GMC,Sierra,1500,,Pickup Truck,8,High,
Gas,2017,Dodge,Challenger,,,Coupe,6,Medium,
Gas,2026,Hyundai,Elantra,,,Sedan,4,Medium,
Gas,2023,Audi,A5,Sportback,45,Hatchback,4,High,
Gas,2024,Genesis,GV70,,3.5T,SUV,6,High,
Gas,2026,Genesis,GV70,,3.5T,SUV,6,High,
Gas,2021,Porsche,Macan,,GTS,SUV,4,High,
Gas,2016,Mazda,CX-3,,,SUV,4,Medium,
Gas,2024,RAM,2500,,HEMI,Pickup Truck,8,High,
Gas,2019,Nissan,Rogue,,,SUV,4,Medium,
Gas,2020,Chevrolet,Equinox,,,SUV,4,Medium,
Gas,2020,Lincoln,Aviator,,,SUV,6,Medium,
Gas,2026,Buick,Envista,,,SUV,4,Medium,
Gas,2020,Hyundai,Palisade,,,SUV,6,Medium,
Gas,2018,Chrysler,Pacifica,,,Minivan,6,Medium,
Gas,2022,Cadillac,XT4,,,SUV,4,Medium,
Gas,2026,Nissan,Kicks,,,SUV,4,Medium,
Gas/Electric Hybrid,2024,Toyota,Venza,,Hybrid,SUV,4,High,
Gas,2018,Volkswagen,Passat,,,Sedan,4,Medium,
Gas,2018,Ford,Edge,,,SUV,4,Medium,
Gas,2016,Mercedes-Benz,E-Class,,"4MATIC, 400",Sedan,6,High,
Gas,2008,Toyota,Highlander,,,SUV,6,Medium,
Gas,2024,Lexus,IS,,F,Sedan,4,High,
Gas,2022,Toyota,Corolla,Cross,,Sedan,4,High,
Gas,2026,Volkswagen,Atlas,,,SUV,4,Medium,
Gas,2025,Jeep,Grand,Cherokee,,SUV,6,High,
Gas,2021,Acura,TLX,,,Sedan,4,Medium,
Gas,2026,Volkswagen,Taos,,4MOTION,SUV,4,High,
Gas,2025,Toyota,Grand,Highlander,,SUV,4,High,
Gas,2023,Toyota,Tundra,,,Pickup Truck,6,Medium,
Gas/Electric Hybrid,2024,Hyundai,Tucson,Hybrid,,SUV,4,High,
Gas/Electric Hybrid,2021,Toyota,Venza,,,SUV,4,Medium,
Gas,2019,Honda,Accord,Sedan,,Sedan,4,High,
Gas,2022,Land,Rover,Discovery Sport,,SUV,6,High,
Gas,2019,Chevrolet,Equinox,,,SUV,4,Medium,
Gas,2025,Audi,Q3,,"Quattro, TFSI, 45",SUV,4,High,
Gas,2026,Ford,Explorer,,,SUV,4,Medium,
Gas,2026,RAM,2500,,HEMI,Pickup Truck,8,High,
Gas,2023,Ford,F-150,,,Pickup Truck,6,Medium,
Gas,2020,Jeep,Wrangler,Unlimited,,SUV,6,High,
Gas/Electric Hybrid,2024,Ford,Escape,PHEV,,SUV,4,High,
Gas,2020,Lincoln,Corsair,,,SUV,4,Medium,
Gas,2019,Jeep,Wrangler,Unlimited,,SUV,6,High,
Gas,2020,BMW,X5,,M50,SUV,6,High,
Gas,2024,Hyundai,Kona,,,SUV,4,Medium,
Gas,2022,Mercedes-Benz,GLC,,4MATIC,SUV,4,High,
Gas,2021,Mercedes-Benz,GLB,,4MATIC,SUV,4,High,
Gas/Electric Hybrid,2024,Hyundai,Tucson,Plug-In Hybrid,,SUV,4,High,
Gas,2025,Ford,Explorer,,,SUV,4,Medium,
Gas/Electric Hybrid,2025,Ford,Maverick,,Hybrid,Pickup Truck,4,High,
Gas,2018,Mercedes-Benz,GLC,,,SUV,4,Medium,
Gas,2018,Nissan,Sentra,,,Sedan,4,Medium,
Gas,2022,Lincoln,Aviator,,,SUV,6,Medium,
Gas,2026,Jeep,Compass,,,SUV,4,Medium,
Gas/Electric Hybrid,2023,Toyota,Corolla,Sedan,,Sedan,4,High,
Gas,2017,Cadillac,Escalade,ESV,,SUV,8,High,
Gas,2019,Dodge,Durango,,,SUV,6,Medium,
Gas/Electric Hybrid,2023,Lexus,UX,,"250, 250h",SUV,4,High,
Gas/Electric Hybrid,2018,Jeep,Wrangler,Unlimited,,SUV,6,High,
Gas,2020,Ford,Explorer,,,SUV,4,Medium,
Gas,2019,Lincoln,MKC,,,SUV,4,Medium,
Gas/Electric Hybrid,2026,Hyundai,Elantra,Hybrid,,Sedan,4,High,
Gas,2018,GMC,Yukon,,,SUV,8,Medium,
Gas,2026,Ford,Bronco,Sport,,SUV,4,High,
Gas/Electric Hybrid,2023,Mercedes-Benz,C-Class,Sedan,"4MATIC, AMG, 43",Sedan,6,High,
Gas,2024,Mitsubishi,Outlander,,,SUV,4,Medium,
Gas,2023,Audi,SQ5,,,SUV,6,Medium,
Gas,2014,GMC,Sierra,1500,,Pickup Truck,8,High,
Gas,2017,Honda,Accord,Sedan,,Sedan,4,High,
Gas,2015,Audi,A5,,Quattro,Coupe,6,High,
Gas,2014,Ford,Explorer,,,SUV,6,Medium,
Gas,2026,Mazda,CX-30,,,SUV,4,Medium,
Gas,2017,Mercedes-Benz,CLA,,4MATIC,Sedan,4,High,
Gas,2026,Volkswagen,Atlas,Cross Sport,,SUV,4,High,
Gas,2016,Chevrolet,Silverado,1500,V8,Pickup Truck,8,High,
Gas,2023,Ford,Transit,Cargo Van,,Van,6,High,
Gas,2011,Toyota,4-Runner,,,SUV,6,Medium,
Gas,2013,Audi,A4,,,Sedan,4,Medium,
Gas,2018,Honda,Odyssey,,,Minivan,6,Medium,
Gas,2013,Honda,Accord,Sedan,,Sedan,4,High,
Gas,2026,Lexus,NX,,350,SUV,4,High,
Gas,2015,Ford,Explorer,,,SUV,6,Medium,
Gas,2022,Ford,Bronco,Sport,,SUV,4,High,
Gas,2021,Volkswagen,Atlas,,"4MOTION, R",SUV,4,High,
Gas,2018,Hyundai,Santa,Fe XL,,SUV,4,High,
Gas,2022,Jeep,Cherokee,,,SUV,4,Medium,
Gas,2020,Nissan,Rogue,,,SUV,4,Medium,
Gas,2021,RAM,1500,,,Pickup Truck,8,Medium,
Gas,2017,Dodge,Charger,,HEMI,Sedan,8,High,
Gas,2022,Ford,Maverick,,,Pickup Truck,4,Medium,
Gas,2017,Jeep,Wrangler,,,SUV,6,Medium,
Gas,2025,Chevrolet,Silverado,1500,,Pickup Truck,8,High,
Gas,2025,Chevrolet,Equinox,,,SUV,4,Medium,
Gas,2026,Volkswagen,Tiguan,,4MOTION,SUV,4,High,
Gas,2023,Genesis,GV70,,,SUV,4,Medium,
Gas,2026,Volkswagen,Taos,,,SUV,4,Medium,
Gas,2021,Chevrolet,Tahoe,,,SUV,8,Medium,
Gas,2026,Volkswagen,Atlas,,TSI,SUV,4,High,
Gas,2023,Chevrolet,Trailblazer,,,SUV,4,Medium,
Gas/Electric Hybrid,2024,Hyundai,Tucson,Hybrid,"N Line, N",SUV,4,High,
Gas,2024,Toyota,Tundra,,,Pickup Truck,6,Medium,
Gas,2026,Volkswagen,Atlas,Cross Sport,4MOTION,SUV,4,High,
Gas,2026,Kia,K4,,,Sedan,4,Medium,
Gas/Electric Hybrid,2025,Mazda,CX-90,PHEV,,SUV,6,High,
Gas,2024,GMC,Sierra,1500,,Pickup Truck,8,High,
Gas,2025,GMC,Acadia,,,SUV,4,Medium,
Gas,2026,Ford,Transit,Cargo Van,,Van,6,High,
Gas,2021,Lincoln,Navigator,,,SUV,6,Medium,
Gas,2024,Ford,Bronco,Sport,,SUV,4,High,
Gas,2021,Lexus,IS,,"300, F",Sedan,4,High,
Gas,2026,Chevrolet,Silverado,1500,,Pickup Truck,8,High,
Gas,2007,Lexus,IS,,250,Sedan,4,High,
Gas,2026,RAM,1500,,HEMI,Pickup Truck,8,High,
Gas,2026,Nissan,Rogue,,,SUV,4,Medium,
Gas,2026,Hyundai,Kona,,"N Line, N",SUV,4,High,
Gas/Electric Hybrid,2026,Ford,F-150,,"PowerBoost Hybrid, Hybrid",Pickup Truck,6,High,
Gas,2021,GMC,Canyon,,,Pickup Truck,4,Medium,
Gas,2016,Mercedes-Benz,C-Class,Sedan,"4MATIC, AMG, 450",Sedan,6,High,
Gas,2026,Kia,Seltos,,,SUV,4,Medium,
Gas,2014,Ford,F-150,,,Pickup Truck,6,Medium,
Gas,2026,Volkswagen,Atlas,,"TSI, 4MOTION",SUV,4,High,
Gas,2025,Hyundai,Elantra,,"N Line, N",Sedan,4,High,
Gas,2025,Chevrolet,Trailblazer,,,SUV,4,Medium,
Gas,2021,Hyundai,Kona,,,SUV,4,Medium,
Gas,2025,Chevrolet,Tahoe,,,SUV,8,Medium,
Gas,2026,GMC,Canyon,,,Pickup Truck,4,Medium,
Gas,2026,Mazda,CX-30,,Turbo,SUV,4,High,
Gas,2020,Honda,Accord,Sedan,,Sedan,4,High,
Gas,2025,GMC,Savana,Cargo Van,,Van,6,High,
Gas,2017,Toyota,Sienna,,,Minivan,6,Medium,
Gas,2026,BMW,X1,,,SUV,4,Medium,
Gas,2023,Ford,Edge,,,SUV,4,Medium,
Gas/Electric Hybrid,2024,Ford,Escape,,,SUV,4,Medium,
Gas,2020,Ford,Ranger,,,Pickup Truck,4,Medium,
Gas,2024,Ford,Expedition,,,SUV,6,Medium,
Gas,2026,Jeep,Cherokee,,,SUV,4,Medium,
Gas,2023,Nissan,Murano,,,SUV,6,Medium,
Gas,2011,RAM,1500,,,Pickup Truck,8,Medium,
Gas,2026,Chrysler,Pacifica,,,Minivan,6,Medium,
Gas/Electric Hybrid,2026,Hyundai,Tucson,Hybrid,,SUV,4,High,
Gas,2026,Mercedes-Benz,GLA,,,SUV,4,Medium,
Gas/Electric Hybrid,2026,Honda,Accord,,,Sedan,4,Medium,
Gas,2019,BMW,4,Series,xDrive,Coupe,4,High,
Gas,2024,Volkswagen,Golf,R,,Hatchback,4,High,
Gas,2020,Volkswagen,Jetta,,,Sedan,4,Medium,
Gas,2020,Mercedes-Benz,GLB,,,SUV,4,Medium,
Gas,2021,GMC,Sierra,1500,,Pickup Truck,8,High,
Gas/Electric Hybrid,2024,Lincoln,Nautilus,,,SUV,4,Medium,
Gas/Electric Hybrid,2023,Jeep,Wrangler,,,SUV,6,Medium,
Gas,2026,Ford,Ranger,,EcoBoost,Pickup Truck,4,High,
Gas,2020,Mazda,CX-9,,,SUV,4,Medium,
Gas,2024,Mazda,CX-90,MHEV,,SUV,6,High,
Gas,2020,Hyundai,Kona,,,SUV,4,Medium,
Gas,2020,Chevrolet,Traverse,,,SUV,6,Medium,
Gas,2026,Buick,Envision,,,SUV,4,Medium,
Gas,2024,Nissan,Armada,,,SUV,8,Medium,
Gas,2026,Chevrolet,Traverse,,,SUV,6,Medium,
Gas,2016,GMC,Terrain,,,SUV,4,Medium,
Gas,2024,Lincoln,Corsair,,,SUV,4,Medium,
Gas,2020,Chevrolet,Suburban,,,SUV,8,Medium,
Gas/Electric Hybrid,2021,BMW,5,Series,xDrive,Sedan,4,High,
Gas,2026,Lexus,RX,,350,SUV,4,High,
Gas/Electric Hybrid,2025,Toyota,4-Runner,Hybrid,Hybrid,SUV,6,High,
Gas/Electric Hybrid,2024,Ford,Maverick,,,Pickup Truck,4,Medium,
Gas,2019,RAM,1500,Classic,HEMI,Pickup Truck,8,High,
Gas,2024,Chevrolet,Malibu,,,Sedan,4,Medium,
Gas,2020,Land,Rover,Range Rover Evoque,,SUV,4,High,
Gas,2013,Ford,F-150,,,Pickup Truck,6,Medium,
Gas,2019,Toyota,Tundra,,,Pickup Truck,6,Medium,
Gas,2023,Hyundai,Elantra,N,,Sedan,4,High,
Gas,2026,Volkswagen,Jetta,,,Sedan,4,Medium,
Gas/Electric Hybrid,2026,Lexus,RX,,"350, 350h, F",SUV,4,High,
Gas,2017,GMC,Yukon,,,SUV,8,Medium,
Gas,2026,BMW,X3,,xDrive,SUV,4,High,
Gas,2024,Dodge,Durango,,"HEMI, V8",SUV,8,High,
Gas,2026,Chevrolet,Silverado,2500 HD,,Pickup Truck,8,High,
Gas,2019,Mercedes-Benz,GLA,,,SUV,4,Medium,
Gas,2017,Honda,Pilot,,,SUV,6,Medium,
Gas,2027,Chrysler,Pacifica,,,Minivan,6,Medium,
Gas,2023,Mitsubishi,Outlander,Plug-In Hybrid,,SUV,4,High,
Gas,2023,Chrysler,300,,,Sedan,6,Medium,
Gas,2020,Toyota,Sienna,,,Minivan,6,Medium,
Gas,2018,Toyota,Tundra,,,Pickup Truck,6,Medium,
Gas,2020,Ford,Expedition,,,SUV,6,Medium,
Gas,2018,Volkswagen,Golf,SportWagen,4MOTION,Wagon,4,High,
Gas,2009,Honda,Civic,Sedan,,Sedan,4,High,
Gas,2019,Jeep,Grand,Cherokee,,SUV,6,High,
Gas,2025,Honda,Passport,,,SUV,6,Medium,
Gas,2017,Honda,Accord,Coupe,,Coupe,4,High,
Gas,2022,Infiniti,Q60,,,Sedan,6,Medium,
Gas,2020,Volkswagen,Tiguan,,,SUV,4,Medium,
Gas,2019,RAM,1500,Classic,,Pickup Truck,8,High,
Gas,2025,Mazda,CX-90,MHEV,,SUV,6,High,
Gas,2025,Toyota,Tacoma,,,Pickup Truck,4,Medium,
Gas,2022,Honda,Odyssey,,,Minivan,6,Medium,
Gas,2023,Ford,Bronco,,,SUV,4,Medium,
Gas,2019,Ford,Ranger,,,Pickup Truck,4,Medium,
Gas,2019,Mercedes-Benz,A-Class,Hatchback,,Hatchback,4,High,
Gas,2022,Chevrolet,Silverado,1500 LTD,,Pickup Truck,8,High,
Gas,2022,Toyota,Tacoma,,,Pickup Truck,4,Medium,
Gas,2025,Hyundai,Elantra,N,,Sedan,4,High,
Gas,2022,Mercedes-Benz,GLE,,,SUV,6,Medium,
Gas,2025,Jeep,Compass,,,SUV,4,Medium,
Gas,2018,Ford,Explorer,,,SUV,6,Medium,
Gas,2023,GMC,Yukon,XL,,SUV,8,High,
Gas,2025,GMC,Yukon,XL,,SUV,8,High,
Gas,2019,GMC,Sierra,1500 Limited,,Pickup Truck,8,High,
Gas,2008,Audi,A4,,,Sedan,4,Medium,
Gas/Electric Hybrid,2023,Ford,Escape,,,SUV,4,Medium,
Gas,2024,Chevrolet,Silverado,1500,Turbo,Pickup Truck,8,High,
Gas,2021,Toyota,Tacoma,,,Pickup Truck,4,Medium,
Gas,2025,Ford,F-150,,,Pickup Truck,6,Medium,
Gas,2026,Ford,F-250,Super Duty,,Pickup Truck,8,High,
Gas,2025,Infiniti,QX50,,,SUV,4,Medium,
Gas/Electric Hybrid,2026,Kia,Sportage,Hybrid,,SUV,4,High,
Gas,2019,Infiniti,QX50,,,SUV,4,Medium,
Gas,2023,Chrysler,Pacifica,,,Minivan,6,Medium,
Gas,2018,GMC,Sierra,1500,,Pickup Truck,8,High,
Gas,2024,Volkswagen,Tiguan,,,SUV,4,Medium,
Gas,2020,Lexus,NX,,300,SUV,4,High,
Gas,2011,Toyota,Sienna,,,Minivan,6,Medium,
Gas,2021,BMW,X5,M,Competition,SUV,6,High,
Gas,2023,Hyundai,Sonata,,Turbo,Sedan,4,High,
Gas,2020,Jeep,Grand,Cherokee,,SUV,6,High,
Gas,2025,Chevrolet,Traverse,,,SUV,6,Medium,
Gas,2016,Infiniti,QX60,,,SUV,6,Medium,
Gas,2017,Dodge,Journey,,,SUV,4,Medium,
Gas,2023,Chevrolet,Colorado,,,Pickup Truck,4,Medium,
Gas,2021,Kia,Rio,5-door,,Sedan,4,High,
Gas,2023,Ford,Explorer,,,SUV,4,Medium,
Gas,2022,Chrysler,Grand,Caravan,,Minivan,6,High,
Gas,2020,Mercedes-Benz,E-Class,,350,Sedan,4,High,
Gas,2017,GMC,Terrain,,,SUV,4,Medium,
Gas/Electric Hybrid,2023,Mitsubishi,Outlander,Plug-In Hybrid,,SUV,4,High,
Gas/Electric Hybrid,2021,Audi,Q5,,"Quattro, TFSI, 45",SUV,4,High,
Gas,2020,Mercedes-Benz,C-Class,Sedan,,Sedan,4,High,
Gas,2017,Ford,Escape,,,SUV,4,Medium,
Gas,2024,Toyota,Corolla,Cross,,Sedan,4,High,
Gas,2023,Lincoln,Nautilus,,,SUV,4,Medium,
Gas/Electric Hybrid,2026,Kia,Sorento,Plug-In Hybrid,,SUV,4,High,
Gas,2015,Mercedes-Benz,C-Class,Coupe,"4MATIC, 350",Coupe,4,High,
Electric,2022,Tesla,Model,3,,Sedan,Electric,High,known BEV-only model
Gas,2023,Toyota,4-Runner,,,SUV,6,Medium,
Gas,2026,Buick,Encore,GX,,SUV,4,High,
Gas,2025,Hyundai,Sonata,,,Sedan,4,Medium,
Gas,2016,Volkswagen,Tiguan,,,SUV,4,Medium,
Gas,2017,Mercedes-Benz,CLA,,,Sedan,4,Medium,
Gas,2022,Volkswagen,Atlas,Cross Sport,,SUV,4,High,
Gas,2023,Chevrolet,Corvette,,,Coupe,8,Medium,
Gas,2026,Kia,Carnival,,,Minivan,4,Medium,
Gas,2025,Toyota,Corolla,Sedan,,Sedan,4,High,
Gas,2018,Chevrolet,Silverado,1500,,Pickup Truck,8,High,
Electric,2024,Tesla,Model,Y,,Sedan,Electric,High,known BEV-only model
Gas,2025,Acura,Integra,,,Hatchback,4,Medium,
Gas/Electric Hybrid,2023,Toyota,RAV,4 Hybrid,Hybrid,SUV,4,High,
Gas,2025,Buick,Enclave,,,SUV,6,Medium,
Gas,2020,Jeep,Wrangler,,,SUV,6,Medium,
Gas/Electric Hybrid,2025,Ford,Maverick,,,Pickup Truck,4,Medium,
Gas,2019,Chevrolet,Silverado,1500 LD,,Pickup Truck,8,High,
Gas,2026,Land,Rover,Range Rover Evoque,,SUV,4,High,
Gas,2023,Honda,Pilot,,,SUV,6,Medium,
Gas,2025,Ford,Maverick,,,Pickup Truck,4,Medium,
Gas,2019,Chevrolet,Blazer,,,SUV,4,Medium,
Gas,2024,Genesis,GV70,,,SUV,4,Medium,
Gas,2024,Toyota,Prius,,,Hatchback,4,Medium,
Gas,2021,Jeep,Grand,Cherokee L,,SUV,6,High,
Gas,2025,Audi,Q3,,"Quattro, TFSI, 40",SUV,4,High,
Gas,2015,Jeep,Wrangler,,,SUV,6,Medium,
Gas,2015,Jeep,Wrangler,Unlimited,,SUV,6,High,
Gas,2023,GMC,Acadia,,,SUV,4,Medium,
Gas,2023,Kia,Telluride,,,SUV,6,Medium,
Gas/Electric Hybrid,2025,Jeep,Grand,Cherokee 4xe,4xe,SUV,4,High,4xe plug-in hybrid uses 2.0L turbo I4
Gas,2024,Lincoln,Nautilus,,,SUV,4,Medium,
Gas,2021,BMW,4,Series,,Coupe,4,High,
Gas,2016,Nissan,Pathfinder,,,SUV,6,Medium,
Gas,2019,Nissan,Frontier,,,Pickup Truck,6,Medium,
Gas,2023,Mazda,CX-30,,Turbo,SUV,4,High,
Gas,2024,Hyundai,Venue,,,SUV,4,Medium,
Gas,2024,Ford,Mustang,Fastback,,Coupe,8,High,
Gas,2024,Toyota,Corolla,Sedan,,Sedan,4,High,
Gas,2017,Hyundai,Santa,Fe Sport,,SUV,4,High,
Gas,2024,Volkswagen,Golf,GTI,,Hatchback,4,High,
Gas,2024,Lexus,IS,,,Sedan,4,Medium,
Gas,2020,Toyota,C-HR,,,SUV,4,Medium,
Gas,2023,Lexus,NX,,,SUV,4,Medium,
Gas/Electric Hybrid,2022,Ford,F-150,,Hybrid,Pickup Truck,6,High,
Gas,2025,Subaru,Forester,,,SUV,4,Medium,
Gas/Electric Hybrid,2023,Hyundai,Santa,Fe Hybrid,,SUV,4,High,
Gas,2014,Hyundai,ACCENT,,,Hatchback,4,Medium,
Gas,2023,Audi,Q3,,,SUV,4,Medium,
Gas,2024,Ford,F-250,Super Duty,,Pickup Truck,8,High,
Gas,2022,GMC,Sierra,1500 Limited,,Pickup Truck,8,High,
Gas,2024,Ford,Transit,Cargo Van,,Van,6,High,
Gas,2016,Acura,RDX,,,SUV,6,Medium,
Gas,2024,Jeep,Grand,Cherokee,,SUV,6,High,
Gas,2026,Nissan,Sentra,,,Sedan,4,Medium,
Gas,2026,Honda,CR-V,,,SUV,4,Medium,
Gas,2026,Jeep,Grand,Cherokee,,SUV,6,High,
Gas/Electric Hybrid,2026,Ford,Maverick,,Hybrid,Pickup Truck,4,High,
Gas,2025,Ford,Ranger,,,Pickup Truck,4,Medium,
Electric,2025,GMC,Sierra,EV,,Pickup Truck,Electric,High,
Gas,2026,RAM,3500,,,Pickup Truck,8,Medium,
Gas,2026,Ford,Ranger,,,Pickup Truck,4,Medium,
Gas,2026,Ford,Bronco,Sport,EcoBoost,SUV,4,High,
Gas,2026,Ford,Explorer,,EcoBoost,SUV,4,High,
Gas,2026,Hyundai,Venue,,,SUV,4,Medium,
Gas,2026,Ford,Mustang,Fastback,,Coupe,8,High,
Gas/Electric Hybrid,2024,Ford,Escape,PHEV,Hybrid,SUV,4,High,
Gas/Electric Hybrid,2026,Ford,F-150,,,Pickup Truck,6,Medium,
Gas,2026,Volvo,XC40,,,SUV,4,Medium,
Gas,2026,Ford,Maverick,,,Pickup Truck,4,Medium,
Gas,2026,Ford,Bronco,,,SUV,4,Medium,
Gas,2026,GMC,Savana,Cargo Van,,Van,6,High,
Gas,2026,Hyundai,Kona,,,SUV,4,Medium,
Electric,2026,Kia,EV9,,GT,Sedan,Electric,High,known BEV-only model
Gas,2026,Volkswagen,Tiguan,,"4MOTION, R",SUV,4,High,
Electric,2027,Chevrolet,Bolt,,,Hatchback,Electric,Medium,known BEV-only model
Gas,2026,Chevrolet,Silverado,1500,V8,Pickup Truck,8,High,
Gas,2026,Chevrolet,Equinox,,,SUV,4,Medium,
Gas,2026,Buick,Enclave,,,SUV,6,Medium,
Gas/Electric Hybrid,2026,Mercedes-Benz,GLA,,,SUV,4,Medium,
Gas,2026,Dodge,Durango,,,SUV,6,Medium,
Gas,2026,Dodge,Charger,,,Sedan,6,Medium,
Electric,2026,Kia,Niro,EV,,SUV,Electric,High,
Gas,2026,Chevrolet,Trailblazer,,,SUV,4,Medium,
Gas,2026,GMC,Acadia,,,SUV,4,Medium,
Electric,2026,Subaru,Uncharted,,,SUV,Electric,Medium,known BEV-only model
Gas/Electric Hybrid,2025,Hyundai,Tucson,Plug-In Hybrid,,SUV,4,High,
Gas,2026,GMC,Yukon,,,SUV,8,Medium,
Gas,2026,GMC,Terrain,,,SUV,4,Medium,
Gas,2026,Mazda,CX-70,,,SUV,6,Medium,
Electric,2024,GMC,HUMMER,EV SUV,,SUV,Electric,High,known BEV-only model
Gas,2026,Mitsubishi,RVR,,,SUV,4,Medium,
Gas,2026,Ford,F-350,Super Duty,,Pickup Truck,8,High,
Gas,2023,Mercedes-Benz,CLA,,"AMG, 45, 45 AMG",Sedan,4,High,
Gas,2025,Kia,Sorento,,,SUV,4,Medium,
Gas,2018,Hyundai,Elantra,,,Sedan,4,Medium,
Gas,2020,Lexus,RX,,F,SUV,4,High,
Gas/Electric Hybrid,2022,Hyundai,Elantra,Hybrid,Hybrid,Sedan,4,High,
Gas,2021,Audi,Q7,,,SUV,6,Medium,
Gas,2025,RAM,ProMaster,Cargo Van,,Van,6,High,
Gas,2025,Ford,Transit,Cargo Van,,Van,6,High,
Gas,2019,Mazda,Mazda6,,,Sedan,4,Medium,
Gas,2018,Volkswagen,Golf,Standard Model,TSI,Hatchback,4,High,
Gas,2019,Toyota,Corolla,Sedan,,Sedan,4,High,
Gas,2019,Volkswagen,Golf,Standard Model,,Hatchback,4,High,
Gas,2025,GMC,Yukon,,,SUV,8,Medium,
Gas,2016,Nissan,Frontier,,,Pickup Truck,6,Medium,
Gas,2023,Audi,S5,Sportback,"Quattro, TFSI",Hatchback,6,High,
Gas,2018,Audi,A5,Coupe,"Quattro, TFSI",Coupe,6,High,
Gas,2021,Dodge,Charger,,,Sedan,6,Medium,
Gas,2013,Honda,Pilot,,,SUV,6,Medium,
Gas,2013,Honda,CR-V,,,SUV,4,Medium,
Gas/Electric Hybrid,2022,Hyundai,Tucson,Hybrid,,SUV,4,High,
Gas/Electric Hybrid,2026,Hyundai,Tucson,Hybrid,"N Line, N",SUV,4,High,
Electric,2027,Kia,,,,SUV,Electric,Low,model unspecified; likely a next-gen Kia EV
Gas,2015,GMC,Acadia,,,SUV,4,Medium,
Gas,2025,Mazda,Mazda3,,,Sedan,4,Medium,
Gas,2016,Mercedes-Benz,E-Class,,,Sedan,6,Medium,
Gas,2018,Mazda,Mazda3,Sport,,Sedan,4,High,
Gas,2013,Toyota,RAV,4,,SUV,4,High,
Gas,2021,BMW,X3,,,SUV,4,Medium,
Electric,2024,GMC,HUMMER,EV Pickup,,Pickup Truck,Electric,High,known BEV-only model
Gas,2012,Honda,Fit,,,Hatchback,4,Medium,
Gas,2017,Honda,Ridgeline,,,Pickup Truck,6,Medium,
Gas,2016,Honda,Odyssey,,,Minivan,6,Medium,
Gas,2022,Volkswagen,Atlas,Cross Sport,4MOTION,SUV,4,High,
Gas,2016,Hyundai,Tucson,,,SUV,4,Medium,
Gas,2019,Hyundai,Elantra,GT,"N Line, N",Sedan,4,High,
Gas/Electric Hybrid,2020,Toyota,Corolla,Sedan,Hybrid,Sedan,4,High,
Gas,2026,GMC,Sierra,2500HD,,Pickup Truck,8,High,
Gas,2018,Mercedes-Benz,C-Class,Coupe,"4MATIC, AMG, 43",Coupe,6,High,
Gas,2022,Toyota,Highlander,,,SUV,6,Medium,
Gas,2018,Ford,Police,Interceptor Utility,,SUV,6,High,
Gas,2015,Toyota,Yaris,,,Hatchback,4,Medium,
Gas,2020,Audi,A6,Sedan,"TFSI, 45",Sedan,4,High,
Gas,2015,Honda,Pilot,,,SUV,6,Medium,
Electric,2022,Hyundai,Kona,Electric,,SUV,Electric,High,
Gas,2020,Toyota,RAV,4,,SUV,4,High,
Gas,2026,Chevrolet,Silverado,3500 HD,,Pickup Truck,8,High,
Gas,2018,Mercedes-Benz,S-Class,,4MATIC,Sedan,6,High,
Gas,2018,Chevrolet,Malibu,,,Sedan,4,Medium,
Gas,2015,BMW,3,Series,xDrive,Sedan,4,High,
Gas,2012,Chevrolet,Silverado,2500 HD,,Pickup Truck,8,High,
Gas,2016,Nissan,Sentra,,,Sedan,4,Medium,
Electric,2020,Chevrolet,Bolt,EV,,Hatchback,Electric,High,known BEV-only model
Gas,2015,BMW,4,Series Gran Coupe,xDrive,Sedan,4,High,
Gas,2016,Jeep,Compass,,,SUV,4,Medium,
Gas,2014,Toyota,Tundra,,,Pickup Truck,6,Medium,
Gas,2016,Toyota,4-Runner,,,SUV,6,Medium,
Gas,2020,Dodge,Challenger,,"HEMI, V8",Coupe,8,High,
Gas,2019,Acura,TLX,,,Sedan,4,Medium,
Gas,2025,Mercedes-Benz,GLC,,"4MATIC, 300",SUV,4,High,
Gas,2018,Subaru,Forester,,,SUV,4,Medium,
Gas,2016,BMW,4,Series,,Coupe,4,High,
Gas,2018,Audi,SQ5,,,SUV,6,Medium,
Gas,2014,Hyundai,Santa,Fe Sport,,SUV,4,High,
Gas,2018,Volkswagen,Passat,,R,Sedan,4,High,
Gas,2009,Mercedes-Benz,E-Class,,4MATIC,Sedan,6,High,
Gas,2015,GMC,Sierra,1500,,Pickup Truck,8,High,
Gas,2019,Honda,Odyssey,,,Minivan,6,Medium,
Gas,2007,Honda,Fit,,,Hatchback,4,Medium,
Gas,2007,Honda,Civic,Coupe,,Coupe,4,High,
Gas,2019,Audi,S5,Coupe,Quattro,Coupe,6,High,
Gas,2018,Subaru,Crosstrek,,,SUV,4,Medium,
Gas,2020,Chevrolet,Camaro,,,Coupe,6,Medium,
Gas,2016,Mercedes-Benz,C-Class,Sedan,,Sedan,4,High,
Gas,2019,Volkswagen,Golf,GTI,,Hatchback,4,High,
Gas,2020,Ford,Edge,,,SUV,4,Medium,
Gas/Electric Hybrid,2023,Toyota,Tundra,Hybrid,Hybrid,Pickup Truck,6,High,
Gas,2013,Hyundai,Elantra,,,Sedan,4,Medium,
Gas,2009,Audi,Q7,,Quattro,SUV,6,High,
Gas,2021,Honda,HR-V,,,SUV,4,Medium,
Gas/Electric Hybrid,2023,Toyota,Venza,,,SUV,4,Medium,
Gas,2016,BMW,X3,,,SUV,4,Medium,
Gas,2017,Honda,HR-V,,,SUV,4,Medium,
Gas,2019,BMW,5,Series,xDrive,Sedan,4,High,
Gas,2015,Kia,Soul,,,Hatchback,4,Medium,
Gas,2017,Volkswagen,Golf,Standard Model,TSI,Hatchback,4,High,
Gas,2016,Toyota,Highlander,,,SUV,6,Medium,
Gas,2016,Toyota,Corolla,Sedan,,Sedan,4,High,
Gas,2019,Mercedes-Benz,E-Class,,"4MATIC, AMG, 450",Sedan,6,High,
Gas,2010,Volkswagen,Golf,Standard Model,,Hatchback,4,High,
Gas,2023,BMW,8,Series Gran Coupe,,Sedan,8,High,
Gas,2017,Mercedes-Benz,S-Class,,"4MATIC, AMG",Sedan,6,High,
Gas/Electric Hybrid,2017,Ford,Fusion,Hybrid,Hybrid,Sedan,4,High,
Gas,2015,BMW,M4,,,Coupe,6,Medium,
Gas,2016,Honda,HR-V,,,SUV,4,Medium,
Gas,2015,Audi,Q3,,Quattro,SUV,4,High,
Gas,2021,Porsche,Macan,,,SUV,4,Medium,
Gas,2025,Chevrolet,Express,2500,,Van,6,High,
Gas/Electric Hybrid,2024,Ford,F-150,,Hybrid,Pickup Truck,6,High,
Gas,2015,Subaru,Outback,,,SUV,4,Medium,
Gas,2015,Jeep,Grand,Cherokee,,SUV,6,High,
Gas,2020,Volkswagen,Tiguan,,4MOTION,SUV,4,High,
Gas,2021,Mazda,Mazda3,,,Sedan,4,Medium,
Gas,2020,Toyota,Highlander,,,SUV,6,Medium,
Gas,2024,Audi,S5,Sportback,"Quattro, TFSI",Hatchback,6,High,
Gas,2016,BMW,3,Series Gran Turismo,xDrive,Hatchback,4,High,
Gas,2018,Mercedes-Benz,GLC,,"4MATIC, 300",SUV,4,High,
Gas,2018,Mercedes-Benz,E-Class,,"AMG, 400",Sedan,6,High,
Gas,2020,Nissan,Qashqai,,,SUV,4,Medium,
Gas,2012,Toyota,Tundra,,,Pickup Truck,6,Medium,
Gas,2019,Mercedes-Benz,E-Class,,,Sedan,4,Medium,
Gas/Electric Hybrid,2022,Volvo,XC60,,B6,SUV,4,High,
Gas,2011,Mercedes-Benz,C-Class,Sedan,"4MATIC, 350",Sedan,4,High,
Gas/Electric Hybrid,2022,Audi,Q7,,,SUV,6,Medium,
Gas,2021,BMW,4,Series,xDrive,Coupe,4,High,
Gas,2022,MINI,Countryman,,,SUV,4,Medium,
Gas,2009,BMW,3,Series,,Sedan,4,High,
Gas,2013,Volkswagen,Golf,Standard Model,,Hatchback,4,High,
Gas,2022,BMW,3,Series,"xDrive, M340i",Sedan,6,High,
Gas,2018,Audi,A5,Coupe,,Coupe,6,High,
Gas,2021,Kia,Sorento,,,SUV,4,Medium,
Gas,2021,BMW,7,Series,xDrive,Sedan,6,High,
Gas,2016,Audi,Q5,,,SUV,4,Medium,
Gas,2014,Honda,Civic,Sedan,,Sedan,4,High,
Gas,2018,Honda,Accord,Sedan,,Sedan,4,High,
Gas,2019,Volvo,XC90,,,SUV,4,Medium,
Gas/Electric Hybrid,2024,Lexus,NX,,"350, 350h",SUV,4,High,
Gas,2012,Volvo,XC60,,,SUV,5,Medium,
Gas,2014,Infiniti,Q50,,AWD,Sedan,6,High,
Gas,2021,Volkswagen,Atlas,,R,SUV,4,High,
Gas,2017,BMW,3,Series,xDrive,Sedan,4,High,
Gas,2014,Ford,Escape,,,SUV,4,Medium,
Gas,2016,BMW,X1,,,SUV,4,Medium,
Gas/Electric Hybrid,2022,Porsche,Cayenne,,,SUV,6,Medium,
Gas,2024,Volkswagen,Atlas,,4MOTION,SUV,4,High,
Gas,2014,Jeep,Wrangler,Unlimited,,SUV,6,High,
Gas/Electric Hybrid,2024,Toyota,Highlander,Hybrid,Hybrid,SUV,4,High,
Gas,2024,Volkswagen,Atlas,,TSI,SUV,4,High,
Gas,2019,Nissan,Qashqai,,,SUV,4,Medium,
Gas,2025,Audi,Q3,,,SUV,4,Medium,
Gas,2014,Mercedes-Benz,E-Class,,,Sedan,6,Medium,
Gas,2020,Acura,MDX,,SH-AWD,SUV,6,High,
Gas,2026,Jeep,Grand,Wagoneer,,SUV,6,High,
Gas/Electric Hybrid,2025,Toyota,Highlander,Hybrid,Hybrid,SUV,4,High,
Gas,2023,Mercedes-Benz,CLA,,"4MATIC, AMG",Sedan,4,High,
Gas,2021,Subaru,Forester,,,SUV,4,Medium,
Gas,2021,BMW,X4,,30i,SUV,4,High,
Gas,2014,BMW,3,Series,,Sedan,4,High,
Gas,2013,Toyota,Corolla,Sedan,,Sedan,4,High,
Gas,2016,Chevrolet,Colorado,,,Pickup Truck,4,Medium,
Gas,2006,Toyota,RAV,4,,SUV,4,High,
Gas,2017,Mercedes-Benz,C-Class,Sedan,"4MATIC, 300",Sedan,4,High,
Gas,2023,Audi,A6,Sedan,"Quattro, TFSI, 55",Sedan,6,High,
Gas,2018,Dodge,Charger,,,Sedan,6,Medium,
Gas,2015,Mercedes-Benz,S-Class,,4MATIC,Sedan,6,High,
Gas,2020,Porsche,Macan,,GTS,SUV,4,High,
Gas,2016,Ford,Escape,,,SUV,4,Medium,
Gas,2024,Mercedes-Benz,GLS,,"4MATIC, 580",SUV,8,High,
Gas,2023,Kia,Forte,,GT,Sedan,4,High,
Gas,2023,Volkswagen,Atlas,,4MOTION,SUV,4,High,
Gas,2016,Dodge,Grand,Caravan,,Minivan,6,High,
Gas,2020,Hyundai,Sonata,,,Sedan,4,Medium,
Gas,2016,Honda,Civic,Coupe,,Coupe,4,High,
Gas,2017,Mazda,Mazda6,,,Sedan,4,Medium,
Gas,2020,Toyota,Corolla,Sedan,,Sedan,4,High,
Gas,2011,Mazda,Mazda2,,,Sedan,4,Medium,
Gas,2015,Mercedes-Benz,C-Class,Sedan,300,Sedan,4,High,
Gas,2023,Kia,Carnival,,,Minivan,4,Medium,
Gas,2019,BMW,X4,,40i,SUV,6,High,
Gas,2015,Honda,Accord,Sedan,,Sedan,4,High,
Gas,2017,Volkswagen,Jetta,Sedan,TSI,Sedan,4,High,
Gas,2021,Toyota,C-HR,,,SUV,4,Medium,
Gas,2010,Toyota,HiAce,,,Van,4,Medium,
Gas,2018,Ford,Escape,,,SUV,4,Medium,
Gas,2017,BMW,3,Series,,Sedan,4,High,
Gas,2018,Toyota,Corolla,iM,,Sedan,4,High,
Gas,2018,Toyota,Corolla,Sedan,,Sedan,4,High,
Gas,2022,Audi,Q5,Sportback,Quattro,SUV,4,High,
Gas,2017,Acura,TLX,,SH-AWD,Sedan,4,High,
Gas,2008,Toyota,Camry,,,Sedan,4,Medium,
Gas/Electric Hybrid,2018,Chevrolet,Malibu,Hybrid,,Sedan,4,High,
Gas,2019,Mercedes-Benz,CLA,,,Sedan,4,Medium,
Gas,2015,Volvo,XC60,,T6,SUV,6,High,
Gas,2015,Mercedes-Benz,CLS-Class,,"4MATIC, AMG, 63, 63 AMG",Sedan,8,High,
Gas,2024,Infiniti,QX60,,Luxe,SUV,6,High,
Gas,2023,Nissan,Armada,,,SUV,8,Medium,
Gas,2013,Infiniti,G,Convertible,,Convertible,6,High,
Gas,2014,Mazda,CX-5,,,SUV,4,Medium,
Gas,2022,Genesis,GV70,,3.5T,SUV,6,High,
Gas,2019,Dodge,Charger,,,Sedan,6,Medium,
Gas,2008,Mercedes-Benz,E-Class,,4MATIC,Sedan,6,High,
Gas,2026,Acura,MDX,,SH-AWD,SUV,6,High,
Gas,2011,Acura,MDX,,,SUV,6,Medium,
Gas,2018,Audi,Q3,,TFSI,SUV,4,High,
Gas,2021,Nissan,Altima,,,Sedan,4,Medium,
Electric,2023,Tesla,Model,3,,Sedan,Electric,High,known BEV-only model
Gas,2022,Land,Rover,Range Rover Evoque,,SUV,4,High,
Gas,2020,Mitsubishi,Outlander,,,SUV,4,Medium,
Gas,2015,Hyundai,Tucson,,,SUV,4,Medium,
Gas,2020,Mercedes-Benz,C-Class,Sedan,"4MATIC, 300",Sedan,4,High,
Gas,2020,Jeep,Compass,,,SUV,4,Medium,
Gas,2025,Dodge,Durango,,SRT Hellcat,SUV,8,High,
Gas,2016,Toyota,Camry,,,Sedan,4,Medium,
Gas,2020,Porsche,Cayenne,,,SUV,6,Medium,
Gas,2016,Lexus,IS,,"350, F",Sedan,4,High,
Gas,2025,Acura,ADX,,,SUV,4,Medium,
Gas,2019,Cadillac,Escalade,,,SUV,8,Medium,
Gas,2016,Acura,MDX,,SH-AWD,SUV,6,High,
Gas,2016,BMW,X4,,,SUV,4,Medium,
Gas,2019,Dodge,Grand,Caravan,,Minivan,6,High,
Gas,2015,Infiniti,Q50,,,Sedan,6,Medium,
Gas,2017,Lexus,NX,,,SUV,4,Medium,
Gas,2024,Honda,Civic,Hatchback,,Hatchback,4,High,
Gas,2010,BMW,3,Series,,Sedan,4,High,
Gas,2016,Ford,Edge,,,SUV,4,Medium,
Gas,2022,Hyundai,Sonata,,,Sedan,4,Medium,
Gas,2015,BMW,4,Series,,Coupe,4,High,
Gas,2018,Kia,Forte,,,Sedan,4,Medium,
Gas,2022,Lexus,RX,,F,SUV,4,High,
Gas,2017,Toyota,Tundra,,,Pickup Truck,6,Medium,
Gas,2019,Nissan,Pathfinder,,,SUV,6,Medium,
Gas,2012,Acura,RDX,,,SUV,4,Medium,
Gas,2023,Volkswagen,Jetta,GLI,,Sedan,4,High,
Gas,2024,Chevrolet,Silverado,1500,V8,Pickup Truck,8,High,
Gas,2017,BMW,4,Series Gran Coupe,xDrive,Sedan,4,High,
Gas,2026,Chevrolet,Express,2500,,Van,6,High,
Gas,2026,Hyundai,Palisade,,,SUV,6,Medium,
Gas,2015,Toyota,Highlander,,,SUV,6,Medium,
Gas,2022,Volkswagen,Tiguan,,"4MOTION, R",SUV,4,High,
Gas,2014,Honda,CR-V,,,SUV,4,Medium,
Gas,2018,Mercedes-Benz,C-Class,Sedan,"4MATIC, 300",Sedan,4,High,
Gas,2018,Mercedes-Benz,GLA,,"4MATIC, AMG",SUV,4,High,
Gas,2021,Volkswagen,Tiguan,,4MOTION,SUV,4,High,
Gas,2020,Audi,Q3,,,SUV,4,Medium,
Gas,2019,Mercedes-Benz,GLC,,"4MATIC, 300",SUV,4,High,
Gas,2016,Chevrolet,Tahoe,,,SUV,8,Medium,
Gas,2020,Mercedes-Benz,S-Class,,4MATIC,Sedan,6,High,
Gas,2011,Ford,Fusion,,,Sedan,4,Medium,
Gas,2020,Land,Rover,Discovery Sport,,SUV,6,High,
Gas,2016,Chevrolet,Equinox,,,SUV,4,Medium,
Gas,2014,Mercedes-Benz,C-Class,Sedan,"4MATIC, 300",Sedan,4,High,
Gas,2025,Toyota,Corolla,Hatchback 5-Door,,Hatchback,4,High,
Gas,2023,Volkswagen,Jetta,,,Sedan,4,Medium,
Gas/Electric Hybrid,2021,Mercedes-Benz,GLE,,"4MATIC, 450",SUV,6,High,
Electric,2024,Cadillac,Lyriq,,,SUV,Electric,Medium,known BEV-only model
Gas,2025,GMC,Canyon,,,Pickup Truck,4,Medium,
Gas,2021,Honda,Civic,Hatchback,,Hatchback,4,High,
Gas,2021,Ford,Mustang,Fastback,EcoBoost,Coupe,4,High,
Gas,2020,Audi,Q5,,"Quattro, TFSI, 45",SUV,4,High,
Gas,2018,Porsche,Cayenne,,,SUV,6,Medium,
Gas,2019,Porsche,Cayenne,,,SUV,6,Medium,
Gas,2021,Kia,Sportage,,,SUV,4,Medium,
Gas,2018,Audi,A4,Sedan,Quattro,Sedan,4,High,
Gas,2012,Lexus,IS,Convertible,,Convertible,4,High,
Gas,2023,BMW,3,Series,xDrive,Sedan,4,High,
Gas,2018,Hyundai,Elantra,GT,,Sedan,4,High,
Gas,2017,Lexus,RC,,,Coupe,6,Medium,
Gas,2020,Land,Rover,Range Rover,,SUV,6,High,
Gas,2019,Honda,Civic,Hatchback,,Hatchback,4,High,
Gas,2021,Volkswagen,Atlas,Cross Sport,,SUV,4,High,
Gas,2020,Hyundai,Elantra,,,Sedan,4,Medium,
Gas,2014,Honda,Accord,Sedan,,Sedan,4,High,
Gas,2015,Mercedes-Benz,CLA,,"4MATIC, AMG, 45, 45 AMG",Sedan,4,High,
Gas,2020,Honda,Odyssey,,,Minivan,6,Medium,
Gas,2009,Porsche,Cayenne,,,SUV,6,Medium,
Gas,2018,Audi,Q7,,Quattro,SUV,6,High,
Gas/Electric Hybrid,2024,Kia,Niro,,Hybrid,SUV,4,High,
Gas,2017,Land,Rover,Range Rover Evoque,,SUV,4,High,
Gas,2021,Mercedes-Benz,CLA,,"4MATIC, AMG",Sedan,4,High,
Gas,2020,Jeep,Cherokee,,,SUV,4,Medium,
Gas,2019,Infiniti,Q50,,"3.0t, AWD",Sedan,6,High,
Gas,2014,Lexus,IS,,,Sedan,4,Medium,
Gas,2026,Land,Rover,Discovery Sport,,SUV,6,High,
Gas,2025,Hyundai,Kona,,,SUV,4,Medium,
Gas/Electric Hybrid,2024,Honda,CR-V,Hybrid,Hybrid,SUV,4,High,
Gas,2017,Audi,Q3,,,SUV,4,Medium,
Gas,2025,Acura,MDX,,,SUV,6,Medium,
Gas,2026,RAM,2500,,,Pickup Truck,8,Medium,
Gas,2022,Audi,SQ5,,,SUV,6,Medium,
Gas,2018,Audi,Q5,,"Quattro, TFSI",SUV,4,High,
Gas,2016,BMW,2,Series,xDrive,Coupe,4,High,
Gas,2025,Chevrolet,Colorado,,,Pickup Truck,4,Medium,
Gas,2010,Honda,Civic,Sedan,,Sedan,4,High,
Gas,2020,Mercedes-Benz,CLA,,"4MATIC, AMG",Sedan,4,High,
Gas,2023,Dodge,Charger,,,Sedan,6,Medium,
Electric,2018,Toyota,Prius,,,Hatchback,Electric,Medium,
Gas,2022,Lexus,NX,,F,SUV,4,High,
Gas,2026,Jeep,Gladiator,,,Pickup Truck,6,Medium,
Electric,2026,Subaru,Trailseeker,,,SUV,Electric,Medium,known BEV-only model
Gas,2023,Acura,RDX,,,SUV,4,Medium,
Gas,2017,Hyundai,Tucson,,,SUV,4,Medium,
Gas,2021,Mercedes-Benz,GLB,,,SUV,4,Medium,
Gas,2021,Volkswagen,Golf,Standard Model,,Hatchback,4,High,
Gas,2019,Audi,Q5,,Quattro,SUV,4,High,
Gas,2021,Mitsubishi,RVR,,,SUV,4,Medium,
Gas/Electric Hybrid,2022,Volvo,XC60,Recharge,,SUV,4,High,
Gas,2017,Audi,A5,,,Coupe,6,Medium,
Gas,2017,Subaru,Impreza,,,Sedan,4,Medium,
Gas,2009,Ford,Ranger,,,Pickup Truck,4,Medium,
Gas,2022,Ford,Escape,,,SUV,4,Medium,
Gas,2015,Mitsubishi,Lancer,,,Sedan,4,Medium,
Gas/Electric Hybrid,2022,Jeep,Grand,Cherokee 4xe,,SUV,4,High,4xe plug-in hybrid uses 2.0L turbo I4
Electric,2022,Tesla,Model,Y,Dual Motor,Sedan,Electric,High,known BEV-only model
Gas/Electric Hybrid,2025,Honda,CR-V,Hybrid,Hybrid,SUV,4,High,
Gas/Electric Hybrid,2018,GMC,Sierra,1500,,Pickup Truck,8,High,
Gas/Electric Hybrid,2022,Hyundai,Sonata,Hybrid,,Sedan,4,High,
Gas,2016,Cadillac,Escalade,ESV,,SUV,8,High,
Gas,2023,Lexus,RC,,300,Coupe,6,High,
Gas,2015,Nissan,Murano,,,SUV,6,Medium,
Gas,2013,Mercedes-Benz,E-Class,,4MATIC,Sedan,6,High,
Gas,2017,Lexus,NX,,F,SUV,4,High,
Gas,2025,Nissan,Kicks,Play,,SUV,4,High,
Gas,2017,Chrysler,300,,,Sedan,6,Medium,
Gas,2021,Honda,Accord,Sedan,,Sedan,4,High,
Gas,2024,Volkswagen,Tiguan,,4MOTION,SUV,4,High,
Gas/Electric Hybrid,2025,Toyota,Camry,,Hybrid,Sedan,4,High,
Gas,2018,Mercedes-Benz,S-Class,,"4MATIC, 63",Sedan,8,High,
Gas,2020,Dodge,Challenger,,,Coupe,6,Medium,
Gas/Electric Hybrid,2023,Toyota,Camry,Hybrid,Hybrid,Sedan,4,High,
Gas/Electric Hybrid,2023,Volvo,XC60,Recharge,,SUV,4,High,
Gas,2025,Buick,Envista,,,SUV,4,Medium,
Gas,2022,Volkswagen,Tiguan,,4MOTION,SUV,4,High,
Gas,2020,Volkswagen,Atlas,Cross Sport,"TSI, 4MOTION",SUV,4,High,
Gas,2019,Toyota,C-HR,,,SUV,4,Medium,
Gas,2019,Volkswagen,Jetta,,TSI,Sedan,4,High,
Gas,2020,BMW,3,Series,M340i,Sedan,6,High,
Gas,2022,Mercedes-Benz,GLE,,450,SUV,6,High,
Gas,2022,Toyota,GR,Supra,,Coupe,6,High,
Gas/Electric Hybrid,2023,Lexus,RX,,F,SUV,4,High,
Gas,2020,BMW,3,Series,xDrive,Sedan,4,High,
Gas,2024,Toyota,Camry,,,Sedan,4,Medium,
Electric,2019,Kia,Niro,EV,,SUV,Electric,High,
Gas,2020,Toyota,Tacoma,,,Pickup Truck,4,Medium,
Gas,2026,Lexus,NX,,,SUV,4,Medium,
Gas,2021,Lexus,ES,,,Sedan,4,Medium,
Gas,2022,Volkswagen,Atlas,,4MOTION,SUV,4,High,
Gas,2021,Volvo,XC90,,T6,SUV,4,High,
Gas/Electric Hybrid,2019,Mercedes-Benz,E-Class,,"4MATIC, AMG, 53",Sedan,6,High,
Gas/Electric Hybrid,2025,Lexus,RX,,,SUV,4,Medium,
Gas,2022,Hyundai,Tucson,,,SUV,4,Medium,
Gas,2018,Mercedes-Benz,E-Class,,"4MATIC, 400",Sedan,6,High,
Gas,2015,BMW,X5,,xDrive,SUV,6,High,
Gas/Electric Hybrid,2023,Volvo,XC90,Recharge,T8,SUV,4,High,
Gas,2017,Toyota,Corolla,iM,,Sedan,4,High,
Gas,2015,Lincoln,MKC,,,SUV,4,Medium,
Gas,2019,Mitsubishi,RVR,,,SUV,4,Medium,
Gas,2017,Buick,Enclave,,,SUV,6,Medium,
Gas,2024,Ford,Mustang,Fastback,EcoBoost,Coupe,4,High,
Electric,2020,Tesla,Model,3,,Sedan,Electric,High,known BEV-only model
Gas,2019,Subaru,Crosstrek,,,SUV,4,Medium,
Gas,2007,Lexus,IS,,,Sedan,4,Medium,
Gas,2020,Hyundai,Santa,Fe,,SUV,4,High,
Gas,2014,Acura,MDX,,,SUV,6,Medium,
Gas,2017,Honda,Civic,Hatchback,,Hatchback,4,High,
Gas,2023,Jeep,Cherokee,,,SUV,4,Medium,
Gas,2018,Volkswagen,Atlas,,,SUV,4,Medium,
Gas,2023,Mercedes-Benz,C-Class,Sedan,"4MATIC, 300",Sedan,4,High,
Gas,2016,Kia,Sorento,,,SUV,4,Medium,
Gas,2017,Mercedes-Benz,C-Class,Sedan,300,Sedan,4,High,
Gas,2024,GMC,Sierra,2500HD,,Pickup Truck,8,High,
Gas,2022,Mitsubishi,Eclipse,Cross,,Coupe,4,High,
Gas,2023,Jeep,Grand,Cherokee L,,SUV,6,High,
Gas,2018,Acura,TLX,,,Sedan,4,Medium,
Gas,2016,Mercedes-Benz,C-Class,Sedan,"AMG, 300",Sedan,4,High,
Electric,2022,Volvo,XC40,Recharge Pure Electric,,SUV,Electric,High,
Gas,2014,Honda,Ridgeline,,,Pickup Truck,6,Medium,
Gas/Electric Hybrid,2024,Hyundai,Santa,Fe Hybrid,,SUV,4,High,
Gas/Electric Hybrid,2026,Lexus,RX,,,SUV,4,Medium,
Gas/Electric Hybrid,2016,Toyota,Prius,,,Hatchback,4,Medium,
Gas,2021,Infiniti,QX80,,Luxe,SUV,8,High,
Gas,2011,Toyota,RAV,4,,SUV,4,High,
Gas/Electric Hybrid,2021,Lexus,UX,,,SUV,4,Medium,
Gas,2018,Nissan,Frontier,,,Pickup Truck,6,Medium,
Gas,2023,Honda,Odyssey,,,Minivan,6,Medium,
Gas,2020,Mercedes-Benz,GLC,,"AMG, 43",SUV,6,High,
Gas,2023,Honda,Ridgeline,,,Pickup Truck,6,Medium,
Electric,2021,Tesla,Model,Y,,Sedan,Electric,High,known BEV-only model
Gas,2023,Lexus,IS,,,Sedan,4,Medium,
Gas,2016,Hyundai,Elantra,,,Sedan,4,Medium,
Gas/Electric Hybrid,2025,Toyota,Crown,Signia,,SUV,4,High,
Electric,2017,BMW,X5,,,SUV,Electric,Medium,
Gas,2018,Hyundai,Sonata,,,Sedan,4,Medium,
Gas,2022,Audi,Q7,,,SUV,6,Medium,
Gas,2013,Mercedes-Benz,C-Class,Sedan,4MATIC,Sedan,6,High,
Electric,2020,Tesla,Model,Y,,Sedan,Electric,High,known BEV-only model
Gas,2019,Honda,Civic,Coupe,,Coupe,4,High,
Gas,2018,Subaru,Impreza,,,Sedan,4,Medium,
Gas,2021,Volvo,XC40,,,SUV,4,Medium,
Gas,2018,BMW,X5,M,,SUV,6,High,
Gas,2021,Audi,Q5,Sportback,"Quattro, 45",SUV,4,High,
Gas,2017,Kia,Sorento,,,SUV,4,Medium,
Gas,2023,Subaru,WRX,,,Sedan,4,Medium,
Gas,2016,Volvo,XC60,,T5,SUV,5,High,
Gas/Electric Hybrid,2023,Toyota,Sienna,,,Minivan,4,Medium,
Gas,2019,Ford,Mustang,Fastback,EcoBoost,Coupe,4,High,
Gas,2025,Audi,A5,,,Coupe,6,Medium,
Gas/Electric Hybrid,2017,Toyota,RAV,4 Hybrid,,SUV,4,High,
Gas,2018,MINI,3,Door,,Hatchback,4,High,
Gas,2022,Lexus,IS,,"300, F",Sedan,4,High,
Gas,2022,Mercedes-Benz,GLE,,"4MATIC, 450",SUV,6,High,
Gas,2023,Nissan,Altima,,,Sedan,4,Medium,
Gas,2021,Audi,A5,Sportback,Quattro,Hatchback,6,High,
Gas,2020,Jeep,Gladiator,,,Pickup Truck,6,Medium,
Gas,2016,Jeep,Wrangler,Unlimited,,SUV,6,High,
Gas,2020,Infiniti,QX80,,Luxe,SUV,8,High,
Gas,2022,Mercedes-Benz,GLC,,"AMG, 43",SUV,6,High,
Gas,2023,Kia,K5,,GT,Sedan,4,High,
Gas,2022,Audi,Q7,,Quattro,SUV,6,High,
Gas,2025,Porsche,Macan,,,SUV,4,Medium,
Gas,2019,Buick,Enclave,,,SUV,6,Medium,
Gas,2011,Ford,Explorer,,,SUV,6,Medium,
Gas,2021,Subaru,Impreza,,,Sedan,4,Medium,
Gas,2020,Kia,Sorento,,,SUV,4,Medium,
Gas,2014,BMW,X6,,,SUV,6,Medium,
Gas,2014,Toyota,RAV,4,,SUV,4,High,
Gas,2022,Mercedes-Benz,GLS,,"AMG, 450",SUV,6,High,
Gas/Electric Hybrid,2020,Mercedes-Benz,GLS,,"4MATIC, 450",SUV,6,High,
Gas,2021,BMW,X3,,40i,SUV,6,High,
Gas,2019,Volkswagen,Atlas,,4MOTION,SUV,4,High,
Gas,2017,Mercedes-Benz,E-Class,,400,Sedan,6,High,
Gas/Electric Hybrid,2022,Toyota,Sienna,,,Minivan,4,Medium,
Gas,2011,Infiniti,QX56,,,SUV,8,Medium,
Gas,2025,Ford,F-250,Super Duty,,Pickup Truck,8,High,
Gas,2022,Mercedes-Benz,A-Class,Sedan,4MATIC,Sedan,4,High,
Gas,2014,Volkswagen,Tiguan,,4MOTION,SUV,4,High,
Gas/Electric Hybrid,2022,BMW,X5,,xDrive,SUV,6,High,
Gas,2023,Genesis,GV70,,2.5T,SUV,4,High,
Gas,2021,Subaru,Crosstrek,,,SUV,4,Medium,
Gas,2018,Audi,Q7,,"Quattro, TFSI",SUV,6,High,
Gas,2021,BMW,X5,,40i,SUV,6,High,
Gas,2015,Buick,Enclave,,,SUV,6,Medium,
Gas,2019,Volvo,XC60,,T6,SUV,4,High,
Gas,2014,Toyota,Sienna,,,Minivan,6,Medium,
Gas,2022,Kia,Sportage,,,SUV,4,Medium,
Gas,2015,Mazda,CX-5,,,SUV,4,Medium,
Gas,2024,Subaru,WRX,,,Sedan,4,Medium,
Gas,2019,Jeep,Wrangler,,,SUV,6,Medium,
Gas,2023,Audi,S5,Sportback,Quattro,Hatchback,6,High,
Gas,2020,Mercedes-Benz,GLC,,"4MATIC, AMG, 43",SUV,6,High,
Gas,2021,MINI,Countryman,,,SUV,4,Medium,
Gas,2017,Mercedes-Benz,GLC,,"AMG, 43, 43 AMG",SUV,6,High,
Gas,2018,Audi,A6,Sedan,"Quattro, TFSI",Sedan,6,High,
Gas,2019,Chevrolet,Traverse,,,SUV,6,Medium,
Gas,2017,Toyota,Corolla,Sedan,,Sedan,4,High,
Gas,2014,Jeep,Cherokee,,,SUV,4,Medium,
Gas,2015,Ford,F-150,,,Pickup Truck,6,Medium,
Gas/Electric Hybrid,2023,Jeep,Grand,Cherokee 4xe,,SUV,4,High,4xe plug-in hybrid uses 2.0L turbo I4
Gas,2021,Lexus,RX,,350,SUV,4,High,
Gas,2017,RAM,ProMaster,Cargo Van,,Van,6,High,
Gas,2024,Chrysler,Grand,Caravan,,Minivan,6,High,
Gas,2022,BMW,X3,,,SUV,4,Medium,
Gas,2010,Volkswagen,Passat,CC,,Sedan,4,High,
Gas,2025,Chevrolet,Trax,,,SUV,4,Medium,
Gas,2016,Volkswagen,Tiguan,,R,SUV,4,High,
Gas,2020,GMC,Sierra,1500,,Pickup Truck,8,High,
Gas,2018,Mazda,CX-9,,,SUV,4,Medium,
Gas,2025,Audi,SQ5,,Quattro,SUV,6,High,
Gas,2023,Nissan,Frontier,,,Pickup Truck,6,Medium,
Gas,2015,Land,Rover,Range Rover Evoque,,SUV,4,High,
Gas/Electric Hybrid,2020,Kia,Niro,,,SUV,4,Medium,
Electric,2020,Land,Rover,Range Rover Velar,,SUV,Electric,High,
Gas,2021,Audi,S7,,,Sedan,6,Medium,
Gas,2007,Toyota,HiAce,,,Van,4,Medium,
Gas,2025,Volkswagen,Jetta,GLI,,Sedan,4,High,
Gas,2015,Ford,Fusion,,,Sedan,4,Medium,
Gas,2018,BMW,5,Series,,Sedan,4,High,
Gas,2013,Kia,Rio,,,Sedan,4,Medium,
Gas/Electric Hybrid,2022,Mercedes-Benz,GLE,,"AMG, 63",SUV,8,High,
Gas/Electric Hybrid,2018,Chrysler,Pacifica,Hybrid,,Minivan,6,High,
Gas,2017,Kia,Sportage,,,SUV,4,Medium,
Gas,2015,Nissan,Sentra,,,Sedan,4,Medium,
Gas,2017,Volkswagen,Golf,GTI,,Hatchback,4,High,
Gas,2012,Mercedes-Benz,C-Class,Sedan,"4MATIC, 300",Sedan,4,High,
Gas,2017,Hyundai,Santa,Fe XL,,SUV,4,High,
Gas,2015,Audi,Q5,,,SUV,4,Medium,
Electric,2019,Chevrolet,Bolt,EV,,Hatchback,Electric,High,known BEV-only model
Gas,2019,Volkswagen,Tiguan,,4MOTION,SUV,4,High,
Gas,2016,Jeep,Cherokee,,,SUV,4,Medium,
Electric,2024,Porsche,Macan,,,SUV,Electric,Medium,
Gas,2017,Ford,Focus,,,Hatchback,4,Medium,
Gas,2016,Chevrolet,Corvette,Z51,,Coupe,8,High,
Gas,2012,Lexus,RX,,,SUV,4,Medium,
Electric,2025,Porsche,Cayenne,,,SUV,Electric,Medium,
Gas,2020,Nissan,Murano,,,SUV,6,Medium,
Gas,2021,Chevrolet,Malibu,,,Sedan,4,Medium,
Gas/Electric Hybrid,2019,Mitsubishi,Outlander,Plug-In Hybrid,,SUV,4,High,
Gas,2012,Nissan,Altima,,,Sedan,4,Medium,
Gas,2023,Porsche,Cayenne,,,SUV,6,Medium,
Gas,2024,Audi,S5,Coupe,"Quattro, TFSI",Coupe,6,High,
Gas,2016,Dodge,Charger,,V8,Sedan,8,High,
Gas,2025,Honda,Accord,Sedan,,Sedan,4,High,
Gas,2015,Toyota,Sienna,,,Minivan,6,Medium,
Gas,2015,BMW,5,Series,xDrive,Sedan,4,High,
Gas,2012,Toyota,Highlander,,,SUV,6,Medium,
Gas,2026,Honda,HR-V,,,SUV,4,Medium,
Gas,2021,Audi,Q3,,45,SUV,4,High,
Gas,2015,Mazda,CX-9,,,SUV,4,Medium,
Gas/Electric Hybrid,2024,Toyota,Tundra,Hybrid,Hybrid,Pickup Truck,6,High,
Gas,2021,Cadillac,Escalade,ESV,,SUV,8,High,
Gas,2009,Toyota,Tundra,,,Pickup Truck,6,Medium,
Gas,2024,Kia,Carnival,,,Minivan,4,Medium,
Gas,2024,Honda,Ridgeline,,,Pickup Truck,6,Medium,
Gas,2025,Lexus,IS,,300,Sedan,4,High,
Gas,2023,Volkswagen,Golf,GTI,,Hatchback,4,High,
Gas/Electric Hybrid,2025,Honda,Civic,Hatchback,,Hatchback,4,High,
Gas,2017,Nissan,Pathfinder,,,SUV,6,Medium,
Gas,2023,Cadillac,Escalade,,,SUV,8,Medium,
Gas/Electric Hybrid,2021,Mercedes-Benz,GLS,,"4MATIC, AMG, 63",SUV,8,High,
Gas,2022,Kia,Forte,,,Sedan,4,Medium,
Gas/Electric Hybrid,2024,Toyota,Camry,Hybrid,,Sedan,4,High,
Gas,2018,Land,Rover,Range Rover Sport,,SUV,6,High,
Gas,2017,BMW,4,Series,xDrive,Coupe,4,High,
Gas,2023,Lexus,RC,,,Coupe,6,Medium,
Electric,2018,Kia,Soul,EV,,Hatchback,Electric,High,
Gas,2025,Audi,Q5,,"Quattro, TFSI",SUV,4,High,
Gas,2024,BMW,4,Series,xDrive,Coupe,4,High,
Gas,2019,Audi,Q3,,,SUV,4,Medium,
Gas,2021,BMW,3,Series,,Sedan,4,High,
Gas,2025,Mazda,Mazda3,Sport,,Sedan,4,High,
Gas,2018,Lexus,NX,,"300, F",SUV,4,High,
Gas,2020,BMW,X4,,30i,SUV,4,High,
Gas/Electric Hybrid,2024,Lexus,TX,,"500, 500h, F",SUV,4,High,
Gas,2024,Lexus,NX,,250,SUV,4,High,
Gas,2025,Land,Rover,Range Rover Velar,,SUV,4,High,
Electric,2022,Volvo,XC60,Recharge,T8,SUV,4,High,
Gas,2016,Chevrolet,Silverado,1500,,Pickup Truck,8,High,
Gas/Electric Hybrid,2020,Land,Rover,Range Rover Sport,,SUV,6,High,
Gas,2017,Audi,A4,,,Sedan,4,Medium,
Gas,2015,BMW,4,Series Gran Coupe,,Sedan,4,High,
Gas/Electric Hybrid,2021,Lincoln,Corsair,,,SUV,4,Medium,
Gas,2021,Audi,S5,Sportback,"Quattro, TFSI",Hatchback,6,High,
Gas,2017,BMW,X4,,,SUV,4,Medium,
Gas,2021,Infiniti,Q50,,"AWD, Luxe",Sedan,6,High,
Gas,2018,Mercedes-Benz,C-Class,Coupe,"AMG, 63",Coupe,8,High,
Gas,2026,Mazda,CX-90,MHEV,,SUV,6,High,
Gas/Electric Hybrid,2025,Mazda,CX-70,PHEV,,SUV,6,High,
Gas,2026,Lincoln,Aviator,,,SUV,6,Medium,
Gas,2026,Mazda,Mazda3,,,Sedan,4,Medium,
Gas,2025,Mazda,CX-30,,,SUV,4,Medium,
Gas,2026,Volvo,XC60,,B5,SUV,4,High,
Gas,2026,Lincoln,Navigator,,,SUV,6,Medium,
Electric,2026,Volvo,XC90,Plug-in Hybrid,T8,SUV,4,High,
Gas,2026,Nissan,Sentra,,Nismo,Sedan,4,High,
Gas/Electric Hybrid,2026,RAM,1500,,HEMI,Pickup Truck,8,High,
Electric,2026,Volvo,EX30,,,SUV,Electric,Medium,known BEV-only model
Gas,2026,Acura,ADX,,,SUV,4,Medium,
Gas,2026,Nissan,Armada,,,SUV,8,Medium,
Gas/Electric Hybrid,2026,RAM,1500,,,Pickup Truck,8,Medium,
Gas,2026,Ford,F-150,,EcoBoost,Pickup Truck,6,High,
Gas/Electric Hybrid,2026,Ford,F-150,,Hybrid,Pickup Truck,6,High,
Gas,2026,Ford,Expedition,,,SUV,6,Medium,
Gas,2026,Mercedes-Benz,GLC,,4MATIC,SUV,4,High,
Electric,2026,Kia,EV9,,,Sedan,Electric,Medium,known BEV-only model
Gas/Electric Hybrid,2026,Honda,Civic,Sedan,,Sedan,4,High,
Gas,2026,Mitsubishi,Outlander,,,SUV,4,Medium,
Gas/Electric Hybrid,2026,Kia,Sorento,,,SUV,4,Medium,
Gas,2026,Chrysler,Grand,Caravan,,Minivan,6,High,
Gas/Electric Hybrid,2026,Honda,CR-V,Hybrid,Hybrid,SUV,4,High,
Gas/Electric Hybrid,2026,Mazda,CX-90,MHEV,,SUV,6,High,
Gas,2026,Acura,MDX,,,SUV,6,Medium,
Gas/Electric Hybrid,2026,Honda,Prelude,,Hybrid,Coupe,4,High,
Gas,2026,Acura,Integra,,,Hatchback,4,Medium,
Gas,2026,Acura,RDX,,,SUV,4,Medium,
Electric,2026,GMC,Sierra,EV,,Pickup Truck,Electric,High,
Gas,2026,GMC,Yukon,XL,,SUV,8,High,
Gas,2026,Honda,Pilot,,,SUV,6,Medium,
Gas,2026,Hyundai,Sonata,,,Sedan,4,Medium,
Gas,2026,Honda,Accord,,,Sedan,4,Medium,
Gas,2027,Honda,HR-V,,,SUV,4,Medium,
Electric,2026,Kia,EV4,,,Sedan,Electric,Medium,known BEV-only model
Gas,2026,Ford,Mustang,Fastback,EcoBoost,Coupe,4,High,
Gas,2025,Lincoln,Nautilus,,,SUV,4,Medium,
Gas/Electric Hybrid,2025,Hyundai,Tucson,Hybrid,"N Line, N",SUV,4,High,
Electric,2025,Jeep,Wagoneer,S,,SUV,Electric,High,
Gas,2026,Dodge,Durango,,"HEMI, V8",SUV,8,High,
Gas,2026,Lincoln,Nautilus,,,SUV,4,Medium,
Gas,2026,Acura,MDX,,"SH-AWD, Type S",SUV,6,High,
Gas,2026,Acura,Integra,,Type S,Hatchback,6,High,
Gas,2026,Acura,MDX,,Type S,SUV,6,High,
Gas,2024,Acura,MDX,,SH-AWD,SUV,6,High,
Gas,2025,Acura,MDX,,SH-AWD,SUV,6,High,
Gas,2025,Acura,RDX,,,SUV,4,Medium,
Gas,2017,Acura,RDX,,,SUV,6,Medium,
Gas,2023,Acura,MDX,,,SUV,6,Medium,
Gas,2020,Acura,MDX,,,SUV,6,Medium,
Gas,2022,Acura,TLX,,SH-AWD,Sedan,4,High,
Gas,2022,Acura,MDX,,,SUV,6,Medium,
Gas,2020,Acura,RDX,,SH-AWD,SUV,4,High,
Gas,2019,Acura,TLX,,SH-AWD,Sedan,4,High,
Gas,2024,Acura,MDX,,Type S,SUV,6,High,
Gas,2015,Acura,MDX,,SH-AWD,SUV,6,High,
Gas,2017,Acura,MDX,,SH-AWD,SUV,6,High,
Gas,2023,Acura,RDX,,SH-AWD,SUV,4,High,
Gas,2014,Acura,MDX,,SH-AWD,SUV,6,High,
Gas,2015,Acura,RDX,,,SUV,6,Medium,
Gas,2014,Acura,TL,,SH-AWD,Sedan,4,High,
Gas,2024,Acura,RDX,,SH-AWD,SUV,4,High,
Electric,2024,Acura,ZDX,,Type S,SUV,6,High,known BEV-only model
Gas,2013,Acura,RDX,,,SUV,6,Medium,
Gas,2024,Acura,MDX,,"SH-AWD, Turbo, Type S",SUV,6,High,
Electric,2024,Acura,ZDX,,,SUV,Electric,Medium,known BEV-only model
Gas,2024,Acura,Integra,,,Hatchback,4,Medium,
Gas,2023,Acura,RDX,,Turbo,SUV,4,High,
Gas,2024,Acura,ZDX,,,SUV,Electric,Medium,known BEV-only model
Gas,2018,Acura,TLX,,SH-AWD,Sedan,4,High,
Gas,2019,Acura,MDX,,,SUV,6,Medium,
Gas,2025,Acura,RDX,,SH-AWD,SUV,4,High,
Gas,2020,Acura,TLX,,,Sedan,4,Medium,
Gas,2020,Acura,TLX,,SH-AWD,Sedan,4,High,
Gas,2024,Acura,TLX,,SH-AWD,Sedan,4,High,
Gas,2024,Acura,TLX,,,Sedan,4,Medium,
Gas,2025,Acura,TLX,,SH-AWD,Sedan,4,High,
Gas,2024,Acura,MDX,,"SH-AWD, Type S",SUV,6,High,
Gas,2008,Acura,TL,,,Sedan,4,Medium,
Gas,2023,Acura,Integra,,,Hatchback,4,Medium,
Gas,2015,Acura,TLX,,SH-AWD,Sedan,4,High,
Gas,2013,Acura,TL,,,Sedan,4,Medium,
Gas,2011,Acura,RDX,,,SUV,4,Medium,
Gas,2022,Acura,TLX,,"SH-AWD, Type S",Sedan,6,High,
Gas,2016,Acura,TLX,,SH-AWD,Sedan,4,High,
Gas,2017,Acura,ILX,,,Sedan,4,Medium,
Gas,2014,Acura,RLX,,,Sedan,6,Medium,
Gas,2014,Acura,TL,,,Sedan,4,Medium,
Gas,2018,Acura,MDX,,SH-AWD,SUV,6,High,
Gas,2025,Acura,Integra,,Type S,Hatchback,6,High,
Gas,2015,Acura,RLX,,,Sedan,6,Medium,
Gas,2011,Acura,RDX,,SH-AWD,SUV,4,High,
Gas,2009,Acura,MDX,,,SUV,6,Medium,
Gas,2024,Acura,Integra,,Type S,Hatchback,6,High,
Gas,2025,Acura,ADX,,Turbo,SUV,4,High,
Gas,2008,Acura,TL,,Type S,Sedan,6,High,
Gas,2018,Acura,ILX,,,Sedan,4,Medium,
Gas,2011,Acura,TSX,,,Sedan,4,Medium,
Gas,2023,Acura,TLX,,,Sedan,4,Medium,
Gas,2016,Acura,ILX,,,Sedan,4,Medium,
Gas,2021,Acura,RDX,,SH-AWD,SUV,4,High,
Gas,2022,Acura,MDX,,"SH-AWD, Type S",SUV,6,High,
Gas,2010,Acura,RDX,,SH-AWD,SUV,4,High,
Gas,2023,Acura,MDX,,Type S,SUV,6,High,
Gas,2013,Acura,ILX,,,Sedan,4,Medium,
Gas,2023,Acura,TLX,,SH-AWD,Sedan,4,High,
Gas,2012,Acura,MDX,,SH-AWD,SUV,6,High,
Gas,2014,Acura,ILX,,,Sedan,4,Medium,
Gas,2012,Acura,TL,,,Sedan,4,Medium,
Gas,2020,Acura,ILX,,,Sedan,4,Medium,
Gas,2019,Audi,A4,Allroad Quattro,Quattro,Sedan,4,High,
Gas,2019,Audi,A5,Sportback,,Hatchback,6,High,
Gas/Electric Hybrid,2024,Audi,Q5,Sportback,,SUV,4,High,
Gas/Electric Hybrid,2018,Audi,A3,,,Sedan,4,Medium,
Gas,2020,Audi,A4,Sedan,,Sedan,4,High,
Gas/Electric Hybrid,2022,Audi,Q5,,,SUV,4,Medium,
Gas/Electric Hybrid,2023,Audi,Q5,,,SUV,4,Medium,
Gas/Electric Hybrid,2021,Audi,Q7,,,SUV,6,Medium,
Gas,2022,Audi,SQ5,Sportback,,SUV,6,High,
Gas,2022,Audi,S5,Sportback,,Hatchback,6,High,
Gas,2018,Audi,Q5,,,SUV,4,Medium,
Gas/Electric Hybrid,2022,Audi,Q5,Sportback,,SUV,4,High,
Gas,2023,Audi,A5,Sportback,,Hatchback,6,High,
Gas,2019,Audi,S4,Sedan,,Sedan,6,High,
Gas,2023,Audi,Q3,,45,SUV,4,High,
Electric,2022,Audi,A7,,,Sedan,Electric,Medium,
Gas/Electric Hybrid,2022,Audi,A5,Coupe,,Coupe,6,High,
Gas/Electric Hybrid,2017,Audi,A3,,,Sedan,4,Medium,
Gas,2019,Audi,A3,Sedan,Quattro,Sedan,4,High,
Gas,2024,Audi,A4,Sedan,45,Sedan,4,High,
Gas/Electric Hybrid,2025,Audi,S7,,TFSI,Sedan,6,High,
Gas,2023,Audi,A4,Sedan,45,Sedan,4,High,
Gas,2021,Audi,SQ5,,,SUV,6,Medium,
Gas,2025,Audi,S5,,S5,Coupe,6,High,
Gas,2023,Audi,Q5,,45,SUV,4,High,
Gas,2025,Audi,Q7,,"Quattro, TFSI, 55",SUV,6,High,
Gas,2024,Audi,Q5,,45,SUV,4,High,
Electric,2022,Audi,RS,e-tron GT,Quattro,Sedan,Electric,High,
Gas,2025,Audi,A4,Sedan,"Quattro, TFSI, 45",Sedan,4,High,
Gas,2025,Audi,Q8,,,SUV,6,Medium,
Gas,2021,Audi,Q3,,,SUV,4,Medium,
Gas,2021,Audi,RS7,,"Quattro, TFSI",Sedan,6,High,
Gas,2018,Audi,Q3,,"Quattro, TFSI",SUV,4,High,
Gas,2024,Audi,SQ5,,Quattro,SUV,6,High,
Gas,2022,Audi,S5,Coupe,,Coupe,6,High,
Electric,2024,Audi,Q8,e-tron Sportback,Quattro,SUV,Electric,High,
Gas,2023,Audi,Q5,,40,SUV,4,High,
Gas,2020,Audi,Q5,,,SUV,4,Medium,
Gas,2023,Audi,Q5,,,SUV,4,Medium,
Gas,2025,Audi,A5,,"Quattro, TFSI",Coupe,6,High,
Gas,2025,Audi,RS5,Coupe,Quattro,Coupe,6,High,
Gas,2024,Audi,Q5,Sportback,,SUV,4,High,
Gas,2022,Audi,Q3,,Quattro,SUV,4,High,
Gas,2025,Audi,A5,Sportback,,Hatchback,6,High,
Gas,2018,Audi,Q3,,Quattro,SUV,4,High,
Gas/Electric Hybrid,2022,Audi,Q7,,"Quattro, TFSI, 55",SUV,6,High,
Gas,2023,Audi,Q7,,,SUV,6,Medium,
Gas,2021,Audi,Q3,,Quattro,SUV,4,High,
Gas,2017,Audi,A6,Sedan,Quattro,Sedan,6,High,
Gas,2018,Audi,Q5,,Quattro,SUV,4,High,
Gas,2019,Audi,A6,Sedan,,Sedan,6,High,
Gas,2018,Audi,Q5,,TFSI,SUV,4,High,
Gas,2021,Audi,Q5,,,SUV,4,Medium,
Gas,2022,Audi,Q3,,45,SUV,4,High,
Gas,2024,Audi,Q3,,"Quattro, TFSI, 45",SUV,4,High,
Gas,2021,Audi,S5,Sportback,,Hatchback,6,High,
Gas,2024,Audi,SQ5,,"Quattro, TFSI",SUV,6,High,
Gas,2025,Audi,RS3,,"Quattro, TFSI",Sedan,5,High,
Gas,2018,Audi,RS3,Sedan,,Sedan,5,High,
Gas,2010,Audi,S5,,,Coupe,6,Medium,
Gas,2019,Audi,A5,Sportback,Quattro,Hatchback,6,High,
Gas,2021,Audi,RS5,Coupe,,Coupe,6,High,
Gas,2017,Audi,Q7,,,SUV,6,Medium,
Gas,2018,Audi,A5,Sportback,Quattro,Hatchback,6,High,
Gas/Electric Hybrid,2019,Audi,A7,,"Quattro, TFSI, 55",Sedan,6,High,
Gas,2024,Audi,A3,Sedan,Quattro,Sedan,4,High,
Gas,2017,Audi,Q3,,Quattro,SUV,4,High,
Gas,2018,Audi,A8,Long,,Sedan,6,High,
Gas,2017,Audi,A3,,,Sedan,4,Medium,
Gas,2024,Audi,A5,Sportback,,Hatchback,6,High,
Gas,2015,Audi,A3,,"Quattro, TFSI",Sedan,4,High,
Gas,2023,Audi,Q5,Sportback,"Quattro, 45",SUV,4,High,
Gas,2021,Audi,Q5,Sportback,"Quattro, TFSI, 45",SUV,4,High,
Gas/Electric Hybrid,2025,Audi,A5,Sportback,,Hatchback,6,High,
Gas,2019,Audi,Q5,,"Quattro, TFSI, 45",SUV,4,High,
Gas,2019,Audi,A5,Coupe,Quattro,Coupe,6,High,
Gas,2024,Audi,Q3,,"Quattro, TFSI, 40",SUV,4,High,
Gas,2013,Audi,Q7,,Quattro,SUV,6,High,
Gas,2022,Audi,Q5,,"Quattro, TFSI, 45",SUV,4,High,
Gas,2016,Audi,SQ5,,,SUV,6,Medium,
Gas,2019,Audi,Q7,,Quattro,SUV,6,High,
Gas/Electric Hybrid,2024,Audi,A4,Sedan,Quattro,Sedan,4,High,
Gas/Electric Hybrid,2021,Audi,A5,Sportback,,Hatchback,6,High,
Gas,2022,Audi,A3,Sedan,,Sedan,4,High,
Gas,2024,Audi,Q3,,,SUV,4,Medium,
Electric,2025,Audi,A6,e-tron,Quattro,Sedan,Electric,High,
Gas,2023,Audi,SQ5,,TFSI,SUV,6,High,
Gas,2022,Audi,Q5,,"Quattro, 45",SUV,4,High,
Electric,2024,Audi,Q8,e-tron Sportback,,SUV,Electric,High,
Gas/Electric Hybrid,2022,Audi,Q5,,"TFSI, 45",SUV,4,High,
Gas,2013,Audi,S5,,,Coupe,6,Medium,
Gas,2019,Audi,A6,Sedan,Quattro,Sedan,6,High,
Gas,2018,Audi,S5,Cabriolet,,Convertible,6,High,
Gas/Electric Hybrid,2024,Audi,Q7,,,SUV,6,Medium,
Gas,2021,Audi,SQ5,,"Quattro, TFSI",SUV,6,High,
Gas,2018,Audi,A4,Sedan,,Sedan,4,High,
Gas,2023,Audi,RS5,Sportback,RS5,Sedan,6,High,
Gas,2022,Audi,S5,Sportback,TFSI,Hatchback,6,High,
Gas,2019,Audi,A3,Sedan,45,Sedan,4,High,
Gas,2010,Audi,R8,,,Coupe,10,Medium,
Gas,2022,Audi,Q7,,"Quattro, 55",SUV,6,High,
Gas,2021,Audi,Q5,,"Quattro, TFSI, 45",SUV,4,High,
Gas,2014,Audi,RS5,,,Sedan,6,Medium,
Gas,2017,Audi,Q5,,Quattro,SUV,4,High,
Gas,2018,Audi,S3,Sedan,,Sedan,4,High,
Gas,2019,Audi,A3,Sedan,,Sedan,4,High,
Gas,2013,Audi,A7,,,Sedan,6,Medium,
Gas,2019,Audi,Q5,,45,SUV,4,High,
Gas,2023,Audi,SQ5,,Quattro,SUV,6,High,
Gas,2023,Audi,Q7,,"Quattro, TFSI, 45",SUV,4,High,
Gas,2022,Audi,Q3,,"TFSI, 40",SUV,4,High,
Gas,2021,Audi,S5,Sportback,Quattro,Hatchback,6,High,
Gas,2022,Audi,A3,Sedan,"TFSI, 40",Sedan,4,High,
Gas,2018,Audi,S5,Cabriolet,Quattro,Convertible,6,High,
Gas,2012,Audi,A4,,Quattro,Sedan,4,High,
Gas,2024,Audi,Q3,,"Quattro, 45",SUV,4,High,
Gas,2018,Audi,A6,Sedan,,Sedan,6,High,
Gas/Electric Hybrid,2023,Audi,RS6,Avant,,Wagon,6,High,
Gas,2022,Audi,SQ5,,Quattro,SUV,6,High,
Gas,2020,Audi,S5,Coupe,Quattro,Coupe,6,High,
Gas/Electric Hybrid,2023,Audi,A6,Sedan,,Sedan,6,High,
Gas/Electric Hybrid,2023,Audi,A3,Sedan,,Sedan,4,High,
Gas,2018,Audi,S4,Sedan,"Quattro, TFSI",Sedan,6,High,
Gas,2023,Audi,A4,Sedan,"Quattro, TFSI, 45",Sedan,4,High,
Gas,2018,Audi,S5,Sportback,TFSI,Hatchback,6,High,
Gas,2020,Audi,SQ5,,Quattro,SUV,6,High,
Gas,2015,Audi,R8,,,Coupe,10,Medium,
Gas,2012,Audi,A4,,,Sedan,4,Medium,
Gas,2020,Audi,A3,Sedan,"Quattro, TFSI, 45",Sedan,4,High,
Gas,2019,Audi,Q3,,"Quattro, TFSI",SUV,4,High,
Gas,2020,Audi,Q3,,45,SUV,4,High,
Gas,2021,Audi,Q5,Sportback,,SUV,4,High,
Gas,2016,Audi,A7,,Quattro,Sedan,6,High,
Gas,2023,Audi,A5,Sportback,"Quattro, 45",Hatchback,4,High,
Gas,2023,Audi,A4,Sedan,"Quattro, 45",Sedan,4,High,
Gas/Electric Hybrid,2020,Audi,Q5,,55,SUV,6,High,
Gas/Electric Hybrid,2022,Audi,Q8,,Quattro,SUV,6,High,
Gas,2020,Audi,A4,Sedan,"Quattro, TFSI",Sedan,4,High,
Gas,2016,Audi,Q5,,Quattro,SUV,4,High,
Gas,2025,Audi,Q3,,"Quattro, 45",SUV,4,High,
Gas,2024,Audi,S5,Sportback,,Hatchback,6,High,
Gas,2022,Audi,Q5,,Quattro,SUV,4,High,
Gas,2024,Audi,S7,,TFSI,Sedan,6,High,
Gas,2015,Audi,A3,,,Sedan,4,Medium,
Gas,2023,Audi,Q5,,"Quattro, TFSI, 40",SUV,4,High,
Gas,2025,Audi,A3,Sedan,"Quattro, 40",Sedan,4,High,
Gas,2023,Audi,Q8,,55,SUV,6,High,
Gas,2018,Audi,TTS,Coupe,,Coupe,4,High,
Gas/Electric Hybrid,2022,Audi,Q5,,"Quattro, TFSI, 45",SUV,4,High,
Gas,2018,Audi,S5,Sportback,"Quattro, TFSI",Hatchback,6,High,
Gas/Electric Hybrid,2022,Audi,Q7,,"TFSI, 55",SUV,6,High,
Gas,2023,Audi,Q8,,,SUV,6,Medium,
Gas,2018,Audi,A3,Sedan,Quattro,Sedan,4,High,
Gas,2022,Audi,A3,Sedan,"Quattro, TFSI, 40",Sedan,4,High,
Gas,2024,Audi,S4,Sedan,,Sedan,6,High,
Gas/Electric Hybrid,2021,Audi,S6,Sedan,,Sedan,6,High,
Gas,2023,Audi,Q5,,"Quattro, 45",SUV,4,High,
Gas,2021,Audi,Q5,,Quattro,SUV,4,High,
Gas,2014,Audi,R8,,,Coupe,10,Medium,
Gas,2023,Audi,Q5,,"Quattro, 40",SUV,4,High,
Gas,2020,Audi,TT,RS Coupe,"Quattro, TFSI",Coupe,4,High,
Gas,2023,Audi,Q3,,"Quattro, 45",SUV,4,High,
Gas,2019,Audi,Q8,,Quattro,SUV,6,High,
Gas,2022,Audi,A5,Sportback,"TFSI, 45",Hatchback,4,High,
Gas,2021,Audi,Q3,,"Quattro, TFSI, 45",SUV,4,High,
Gas,2022,Audi,SQ5,,"Quattro, TFSI",SUV,6,High,
Gas,2010,Audi,S5,,Quattro,Coupe,6,High,
Gas,2019,Audi,Q7,,"Quattro, TFSI",SUV,6,High,
Gas,2011,Audi,Q5,,,SUV,4,Medium,
Gas,2023,Audi,TTS,Coupe,,Coupe,4,High,
Gas,2025,Audi,SQ5,Sportback,"Quattro, TFSI",SUV,6,High,
Gas,2019,Audi,RS3,Sedan,"Quattro, RS3",Sedan,5,High,
Gas,2011,Audi,R8,,,Coupe,10,Medium,
Gas/Electric Hybrid,2021,Audi,Q7,,"Quattro, TFSI, 55",SUV,6,High,
Gas,2018,Audi,A4,Sedan,"Quattro, TFSI",Sedan,4,High,
Gas,2022,Audi,A4,Sedan,"Quattro, 45",Sedan,4,High,
Gas,2023,Audi,A3,Sedan,40,Sedan,4,High,
Gas,2021,Audi,A5,Sportback,,Hatchback,6,High,
Gas,2018,Audi,S5,Coupe,Quattro,Coupe,6,High,
Gas,2016,Audi,SQ5,,Quattro,SUV,6,High,
Gas,2010,Audi,A5,,,Coupe,6,Medium,
Gas,2025,Audi,S3,Sedan,"Quattro, TFSI",Sedan,4,High,
Gas,2023,Audi,Q3,,Quattro,SUV,4,High,
Gas,2020,Audi,Q5,,45,SUV,4,High,
Gas,2023,Audi,A3,Sedan,Quattro,Sedan,4,High,
Gas,2019,Audi,A4,Allroad Quattro,,Sedan,4,High,
Gas,2020,Audi,S5,Sportback,,Hatchback,6,High,
Gas,2022,Audi,RS5,Coupe,RS5,Coupe,6,High,
Gas/Electric Hybrid,2021,Audi,A4,Allroad Quattro,Quattro,Sedan,4,High,
Gas/Electric Hybrid,2021,Audi,A4,Sedan,,Sedan,4,High,
Gas,2021,Audi,Q7,,Quattro,SUV,6,High,
Gas/Electric Hybrid,2021,Audi,Q8,,55,SUV,6,High,
Gas,2010,Audi,A4,,Quattro,Sedan,4,High,
Gas,2023,Audi,Q5,,Quattro,SUV,4,High,
Gas/Electric Hybrid,2020,Audi,Q8,,"Quattro, TFSI, 55",SUV,6,High,
Gas,2019,Audi,S5,Sportback,,Hatchback,6,High,
Gas,2012,Audi,A8,Long,Quattro,Sedan,6,High,
Gas,2026,Audi,Q5,,"Quattro, TFSI",SUV,4,High,
Gas,2026,Audi,Q3,,"Quattro, TFSI",SUV,4,High,
Electric,2026,Audi,Q4,e-tron,"Quattro, 55",SUV,Electric,High,known BEV-only model
Gas,2026,Audi,SQ5,,,SUV,6,Medium,
Gas,2026,Audi,SQ7,,"Quattro, TFSI",SUV,6,High,
Gas,2026,Audi,SQ5,,"Quattro, TFSI",SUV,6,High,
Gas,2026,Audi,Q7,,"Quattro, TFSI, 55",SUV,6,High,
Gas,2026,Audi,Q8,,"Quattro, TFSI, 55",SUV,6,High,
Gas,2026,Audi,A3,Sedan,"Quattro, TFSI, 40",Sedan,4,High,
Gas,2025,Audi,A5,,TFSI,Coupe,6,High,
Gas,2026,Audi,Q5,,,SUV,4,Medium,
Gas,2026,Audi,Q7,,"Quattro, TFSI, 45",SUV,4,High,
Gas,2026,Audi,S3,Sedan,Quattro,Sedan,4,High,
Gas,2025,Audi,SQ5,,40,SUV,4,High,
Gas,2026,Audi,A6,Sedan,"Quattro, TFSI",Sedan,6,High,
Gas,2026,Audi,S5,,"Quattro, TFSI",Coupe,6,High,
Gas,2026,Audi,A5,,"Quattro, TFSI",Coupe,6,High,
Gas,2025,Audi,S5,,"Quattro, TFSI",Coupe,6,High,
Gas,2026,Audi,Q3,,Quattro,SUV,4,High,
Gas,2025,Audi,Q5,Sportback,"Quattro, TFSI",SUV,4,High,
Gas,2025,Audi,Q5,,TFSI,SUV,4,High,
Gas,2025,Audi,SQ5,,"Quattro, TFSI",SUV,6,High,
Gas,2026,Audi,RS3,,"Quattro, TFSI",Sedan,5,High,
Gas,2026,Audi,S3,Sedan,"Quattro, TFSI",Sedan,4,High,
Electric,2027,Audi,Q6,e-tron,Quattro,SUV,Electric,High,known BEV-only model
Gas,2026,Audi,A3,Sedan,"Quattro, TFSI",Sedan,4,High,
Gas,2026,Audi,RS3,,Quattro,Sedan,5,High,
Electric,2027,Audi,Q6,e-tron,"Quattro, TFSI",SUV,Electric,High,known BEV-only model
Gas,2026,Audi,SQ7,,Quattro,SUV,6,High,
Electric,2027,Audi,Q6,e-tron,,SUV,Electric,High,known BEV-only model
Gas,2026,Audi,A5,,TFSI,Coupe,6,High,
Gas,2026,BMW,X5,,40i,SUV,6,High,
Gas,2026,BMW,X1,,xDrive,SUV,4,High,
Gas,2026,BMW,X3,,"xDrive, M50",SUV,4,High,
Gas/Electric Hybrid,2026,BMW,X5,,,SUV,6,Medium,
Gas,2027,BMW,M4,,,Coupe,6,Medium,
Gas,2026,BMW,X2,,,SUV,4,Medium,
Gas,2026,BMW,2,Series Gran Coupe,xDrive,Sedan,4,High,
Electric,2026,BMW,X5,,,SUV,Electric,Medium,
Electric,2026,BMW,iX,,,SUV,Electric,Medium,known BEV-only model
Gas,2027,BMW,M3,,,Sedan,6,Medium,
Electric,2026,BMW,i4,,,Sedan,Electric,Medium,known BEV-only model
Gas,2026,BMW,X2,,xDrive,SUV,4,High,
Gas,2026,BMW,3,Series,"xDrive, M340i",Sedan,6,High,
Gas,2024,BMW,2,Series Gran Coupe,,Sedan,4,High,
Gas/Electric Hybrid,2026,BMW,X3,,xDrive,SUV,4,High,
Electric,2024,BMW,i4,,,Sedan,Electric,Medium,known BEV-only model
Gas,2026,BMW,Z4,Roadster,40i,Convertible,6,High,
Gas,2026,BMW,X5,,"xDrive, M60",SUV,6,High,
Gas,2026,BMW,3,Series,xDrive,Sedan,4,High,
Gas/Electric Hybrid,2026,BMW,5,Series,xDrive,Sedan,4,High,
Gas,2025,BMW,X5,,40i,SUV,6,High,
Gas,2026,BMW,8,Series Gran Coupe,,Sedan,8,High,
Gas,2027,BMW,M4,,Competition,Coupe,6,High,
Electric,2026,BMW,i4,,"xDrive, M60",Sedan,Electric,High,known BEV-only model
Gas/Electric Hybrid,2026,BMW,4,Series,"xDrive, M440i",Coupe,6,High,
Gas/Electric Hybrid,2026,BMW,X5,,40i,SUV,6,High,
Gas,2026,BMW,X6,,40i,SUV,6,High,
Gas,2026,BMW,2,Series,"xDrive, M240i",Coupe,6,High,
Gas/Electric Hybrid,2026,BMW,X3,,"xDrive, M50",SUV,4,High,
Gas/Electric Hybrid,2025,BMW,X4,,"xDrive, 40i",SUV,6,High,
Gas,2022,BMW,X3,,30i,SUV,4,High,
Gas,2025,BMW,X3,,"xDrive, M50",SUV,4,High,
Gas,2018,BMW,4,Series,xDrive,Coupe,4,High,
Electric,2018,BMW,3,Series,,Sedan,Electric,High,
Gas,2020,BMW,X1,,xDrive,SUV,4,High,
Gas,2018,BMW,4,Series Gran Coupe,,Sedan,4,High,
Gas,2020,BMW,4,Series Gran Coupe,,Sedan,4,High,
Gas,2018,BMW,3,Series,,Sedan,4,High,
Gas,2022,BMW,5,Series,"xDrive, M550i",Sedan,8,High,
Gas,2019,BMW,5,Series,M550i,Sedan,8,High,
Gas/Electric Hybrid,2019,BMW,i8,,,Coupe,3,Medium,
Gas,2021,BMW,X7,,M50,SUV,6,High,
Gas,2023,BMW,5,Series,,Sedan,4,High,
Gas,2023,BMW,X3,,30i,SUV,4,High,
Gas,2020,BMW,5,Series,xDrive,Sedan,4,High,
Gas,2024,BMW,X5,,40i,SUV,6,High,
Gas,2019,BMW,X5,,"xDrive, 40i",SUV,6,High,
Gas,2020,BMW,X3,,30i,SUV,4,High,
Gas,2024,BMW,X6,,40i,SUV,6,High,
Gas,2024,BMW,X6,,xDrive,SUV,6,High,
Gas,2022,BMW,3,Series,xDrive,Sedan,4,High,
Gas,2022,BMW,X4,,30i,SUV,4,High,
Gas,2020,BMW,X6,,"xDrive, M50",SUV,6,High,
Gas/Electric Hybrid,2024,BMW,X5,,,SUV,6,Medium,
Gas,2024,BMW,X3,,xDrive,SUV,4,High,
Gas,2019,BMW,4,Series,,Coupe,4,High,
Gas,2025,BMW,4,Series,xDrive,Coupe,4,High,
Gas,2021,BMW,X3,,30i,SUV,4,High,
Gas/Electric Hybrid,2024,BMW,X3,,,SUV,4,Medium,
Gas,2023,BMW,X3,,,SUV,4,Medium,
Gas/Electric Hybrid,2022,BMW,X5,,,SUV,6,Medium,
Gas,2024,BMW,X4,,30i,SUV,4,High,
Gas,2023,BMW,3,Series,"xDrive, M340i",Sedan,6,High,
Electric,2022,BMW,iX,,,SUV,Electric,Medium,known BEV-only model
Gas,2020,BMW,X3,,,SUV,4,Medium,
Gas/Electric Hybrid,2021,BMW,5,Series,,Sedan,4,High,
Gas/Electric Hybrid,2025,BMW,X5,,M60,SUV,6,High,
Gas,2018,BMW,X5,,,SUV,6,Medium,
Gas,2022,BMW,X7,,40i,SUV,6,High,
Gas,2017,BMW,X1,,xDrive,SUV,4,High,
Gas/Electric Hybrid,2021,BMW,X3,,,SUV,4,Medium,
Gas,2019,BMW,X1,,,SUV,4,Medium,
Gas,2019,BMW,X3,,xDrive,SUV,4,High,
Gas,2021,BMW,X3,,"xDrive, 40i",SUV,6,High,
Gas/Electric Hybrid,2025,BMW,X3,,"xDrive, M50",SUV,4,High,
Gas,2018,BMW,M6,Coupe,,Coupe,8,High,
Gas,2018,BMW,X2,,,SUV,4,Medium,
Gas,2015,BMW,X3,,,SUV,4,Medium,
Gas,2020,BMW,X1,,,SUV,4,Medium,
Gas,2023,BMW,3,Series,M340i,Sedan,6,High,
Gas,2023,BMW,4,Series,"xDrive, M440i",Coupe,6,High,
Gas,2012,BMW,1,Series,,Sedan,4,High,
Gas,2022,BMW,2,Series,"xDrive, M240i",Coupe,6,High,
Gas,2025,BMW,M3,,Competition,Sedan,6,High,
Gas/Electric Hybrid,2025,BMW,X6,,40i,SUV,6,High,
Gas,2022,BMW,5,Series,xDrive,Sedan,4,High,
Gas,2021,BMW,3,Series,xDrive,Sedan,4,High,
Gas,2025,BMW,X3,,,SUV,4,Medium,
Gas,2025,BMW,X6,,40i,SUV,6,High,
Gas,2022,BMW,X3,,xDrive,SUV,4,High,
Gas,2021,BMW,X3,M,Competition,SUV,4,High,
Gas,2019,BMW,X3,,,SUV,4,Medium,
Gas,2022,BMW,2,Series Gran Coupe,,Sedan,4,High,
Gas,2019,BMW,X4,,30i,SUV,4,High,
Gas/Electric Hybrid,2021,BMW,3,Series,xDrive,Sedan,4,High,
Gas,2024,BMW,X3,,,SUV,4,Medium,
Gas,2018,BMW,X6,,,SUV,6,Medium,
Gas,2022,BMW,X6,,,SUV,6,Medium,
Gas,2012,BMW,X1,,xDrive,SUV,4,High,
Gas,2016,BMW,4,Series Gran Coupe,xDrive,Sedan,4,High,
Gas,2021,BMW,X1,,,SUV,4,Medium,
Gas,2023,BMW,X4,,,SUV,4,Medium,
Gas,2016,BMW,X5,,,SUV,6,Medium,
Gas/Electric Hybrid,2021,BMW,X5,,xDrive,SUV,6,High,
Gas/Electric Hybrid,2025,BMW,3,Series,xDrive,Sedan,4,High,
Gas,2022,BMW,X7,,,SUV,6,Medium,
Gas,2020,BMW,M4,,,Coupe,6,Medium,
Gas,2024,BMW,X6,,,SUV,6,Medium,
Gas/Electric Hybrid,2023,BMW,3,Series,xDrive,Sedan,4,High,
Gas,2024,BMW,X1,,,SUV,4,Medium,
Gas/Electric Hybrid,2023,BMW,X3,,,SUV,4,Medium,
Gas,2017,BMW,X4,,40i,SUV,6,High,
Gas,2023,BMW,M5,,Competition,Sedan,8,High,
Gas,2015,BMW,X5,,,SUV,6,Medium,
Gas,2022,BMW,4,Series,xDrive,Coupe,4,High,
Gas,2023,BMW,3,Series,,Sedan,4,High,
Gas,2012,BMW,3,Series,,Sedan,4,High,
Gas,2024,BMW,3,Series,xDrive,Sedan,4,High,
Gas,2021,BMW,5,Series,,Sedan,4,High,
Gas,2024,BMW,4,Series,,Coupe,4,High,
Gas,2024,BMW,3,Series,,Sedan,4,High,
Gas,2020,BMW,X2,,,SUV,4,Medium,
Gas,2009,BMW,X3,,30i,SUV,4,High,
Gas,2016,BMW,3,Series,xDrive,Sedan,4,High,
Gas,2020,BMW,2,Series Gran Coupe,xDrive,Sedan,4,High,
Gas,2007,BMW,3,Series,,Sedan,4,High,
Gas,2014,BMW,3,Series,xDrive,Sedan,4,High,
Gas,2022,BMW,X6,M,Competition,SUV,6,High,
Gas,2020,BMW,8,Series Gran Coupe,xDrive,Sedan,8,High,
Gas,2022,BMW,3,Series,,Sedan,4,High,
Gas,2025,BMW,M4,,"xDrive, Competition",Coupe,6,High,
Gas/Electric Hybrid,2024,BMW,3,Series,M340i,Sedan,6,High,
Gas,2026,BMW,M4,,,Coupe,6,Medium,
Gas,2020,BMW,X6,,40i,SUV,6,High,
Gas,2025,BMW,X5,,"xDrive, M60",SUV,6,High,
Gas,2017,BMW,2,Series,,Coupe,4,High,
Gas,2023,BMW,5,Series,xDrive,Sedan,4,High,
Gas,2020,BMW,M8,,,Coupe,8,Medium,
Gas,2008,BMW,3,Series,,Sedan,4,High,
Gas,2018,BMW,X3,,"xDrive, 30i",SUV,4,High,
Gas,2018,BMW,7,Series,xDrive,Sedan,6,High,
Gas,2016,BMW,X5,,xDrive,SUV,6,High,
Electric,2025,BMW,i5,,"xDrive, M60",Sedan,Electric,High,known BEV-only model
Gas,2018,BMW,X4,,40i,SUV,6,High,
Electric,2024,BMW,i7,,,Sedan,Electric,Medium,known BEV-only model
Gas,2021,BMW,X3,M,,SUV,4,High,
Gas,2023,BMW,X7,,M60,SUV,6,High,
Gas,2020,BMW,3,Series,"xDrive, M340i",Sedan,6,High,
Gas,2025,BMW,2,Series Gran Coupe,xDrive,Sedan,4,High,
Gas,2020,BMW,X7,,40i,SUV,6,High,
Gas,2018,BMW,X4,,,SUV,4,Medium,
Gas,2023,BMW,X5,,M50,SUV,6,High,
Gas,2024,BMW,X6,,"xDrive, M60",SUV,6,High,
Gas,2019,BMW,2,Series,"xDrive, M240i",Coupe,6,High,
Gas,2023,BMW,X4,,40i,SUV,6,High,
Gas,2025,BMW,X1,,,SUV,4,Medium,
Gas,2019,BMW,4,Series Gran Coupe,xDrive,Sedan,4,High,
Electric,2023,BMW,iX,,xDrive,SUV,Electric,High,known BEV-only model
Gas,2019,BMW,X6,,,SUV,6,Medium,
Gas,2020,BMW,M5,,,Sedan,8,Medium,
Gas,2018,BMW,X3,,40i,SUV,6,High,
Gas,2014,BMW,2,Series,,Coupe,4,High,
Gas,2022,BMW,M3,,"xDrive, Competition",Sedan,6,High,
Gas,2022,BMW,8,Series,xDrive,Coupe,8,High,
Gas,2017,BMW,X1,,,SUV,4,Medium,
Gas,2023,BMW,X7,,40i,SUV,6,High,
Gas,2024,BMW,X7,,40i,SUV,6,High,
Gas,2012,BMW,X6,,,SUV,6,Medium,
Gas,2019,BMW,X5,,,SUV,6,Medium,
Gas,2016,BMW,2,Series,,Coupe,4,High,
Gas,2013,BMW,X3,,,SUV,4,Medium,
Gas,2025,BMW,X3,,xDrive,SUV,4,High,
Gas,2017,BMW,X6,,,SUV,6,Medium,
Gas,2012,BMW,X3,,,SUV,4,Medium,
Gas,2016,BMW,M3,,,Sedan,6,Medium,
Gas,2012,BMW,X1,,,SUV,4,Medium,
Gas,2025,BMW,X1,,xDrive,SUV,4,High,
Gas,2018,BMW,M6,Cabrio,Competition,Convertible,8,High,
Gas,2014,BMW,4,Series,xDrive,Coupe,4,High,
Gas,2018,BMW,2,Series,xDrive,Coupe,4,High,
Gas,2024,BMW,X2,,,SUV,4,Medium,
Gas/Electric Hybrid,2024,BMW,X5,,40i,SUV,6,High,
Gas,2017,BMW,X5,,xDrive,SUV,6,High,
Gas,2014,BMW,4,Series,,Coupe,4,High,
Gas,2018,BMW,4,Series,,Coupe,4,High,
Gas,2021,BMW,2,Series Gran Coupe,xDrive,Sedan,4,High,
Gas,2019,BMW,5,Series,"xDrive, M550i",Sedan,8,High,
Gas,2025,BMW,4,Series,,Coupe,4,High,
Gas,2024,BMW,2,Series,"xDrive, M240i",Coupe,6,High,
Gas,2025,BMW,2,Series Gran Coupe,,Sedan,4,High,
Gas,2025,Buick,Envision,,,SUV,4,Medium,
Gas,2026,Buick,Enclave,,Turbo,SUV,6,High,
Gas,2026,Buick,Encore,GX,Turbo,SUV,4,High,
Gas,2026,Buick,Envision,,Turbo,SUV,4,High,
Gas,2025,Buick,Envision,,Turbo,SUV,4,High,
Gas,2026,Buick,Envista,,Turbo,SUV,4,High,
Gas,2017,Buick,Encore,,,SUV,4,Medium,
Gas,2020,Buick,Encore,,,SUV,4,Medium,
Gas,2024,Buick,Encore,GX,,SUV,4,High,
Gas,2019,Buick,Encore,,,SUV,4,Medium,
Gas,2011,Buick,Enclave,,,SUV,6,Medium,
Gas,2022,Buick,Encore,GX,,SUV,4,High,
Gas,2018,Buick,Enclave,,,SUV,6,Medium,
Gas,2023,Buick,Encore,GX,,SUV,4,High,
Gas,2021,Buick,Encore,GX,,SUV,4,High,
Gas,2020,Buick,Encore,GX,,SUV,4,High,
Gas,2024,Buick,Envista,,Turbo,SUV,4,High,
Gas,2013,Buick,Encore,,,SUV,4,Medium,
Gas,2018,Buick,Encore,,,SUV,4,Medium,
Gas,2023,Buick,Enclave,,,SUV,6,Medium,
Gas,2015,Buick,Verano,,,Sedan,4,Medium,
Gas,2016,Buick,Regal,,Turbo,Sedan,4,High,
Gas,2020,Buick,Enclave,,,SUV,6,Medium,
Gas,2025,Buick,Encore,GX,,SUV,4,High,
Gas,2022,Buick,Enclave,,,SUV,6,Medium,
Gas,2021,Buick,Enclave,,,SUV,6,Medium,
Gas,2014,Buick,Enclave,,,SUV,6,Medium,
Gas,2017,Buick,Regal,,,Sedan,4,Medium,
Gas,2022,Buick,Encore,,,SUV,4,Medium,
Gas,2013,Buick,Regal,,Turbo,Sedan,4,High,
Gas,2024,Buick,Enclave,,,SUV,6,Medium,
Gas,2017,Buick,Envision,,,SUV,4,Medium,
Gas,2017,Buick,Lacrosse,,,Sedan,4,Medium,
Gas,2020,Buick,Envision,,,SUV,4,Medium,
Gas,2016,Buick,Enclave,,,SUV,6,Medium,
Gas,2019,Buick,Envision,,,SUV,4,Medium,
Gas,2016,Buick,Envision,,,SUV,4,Medium,
Gas,2014,Buick,Encore,,,SUV,4,Medium,
Gas,2020,Buick,Regal,Sportback,,Sedan,4,High,
Gas,2019,Buick,Regal,Sportback,,Sedan,4,High,
Gas,2024,Buick,Encore,,,SUV,4,Medium,
Gas,2021,Buick,Encore,,,SUV,4,Medium,
Gas,2016,Buick,Encore,,,SUV,4,Medium,
Gas,2016,Buick,Verano,,,Sedan,4,Medium,
Gas/Electric Hybrid,2016,Buick,Lacrosse,,,Sedan,4,Medium,
Gas,2014,Buick,Verano,,,Sedan,4,Medium,
Gas,2009,Buick,Allure,,,Sedan,4,Medium,
Gas,2015,Buick,Encore,,,SUV,4,Medium,
Gas,2013,Buick,Regal,,,Sedan,4,Medium,
Gas,2016,Buick,Lacrosse,,,Sedan,4,Medium,
Gas,2013,Buick,Verano,,,Sedan,4,Medium,
Gas,2013,Buick,Lacrosse,,,Sedan,4,Medium,
Electric,2026,Cadillac,Lyriq,,,SUV,Electric,Medium,known BEV-only model
Electric,2026,Cadillac,Optiq,,,SUV,Electric,Medium,known BEV-only model
Electric,2026,Cadillac,Optiq,,V-Series,SUV,Electric,High,known BEV-only model
Gas,2026,Cadillac,XT5,,,SUV,4,Medium,
Gas,2026,Cadillac,CT5,,,Sedan,4,Medium,
Gas,2025,Cadillac,XT6,,,SUV,6,Medium,
Gas,2025,Cadillac,XT5,,,SUV,4,Medium,
Electric,2025,Cadillac,Lyriq,,,SUV,Electric,Medium,known BEV-only model
Gas,2026,Cadillac,CT4-V,,Blackwing,Sedan,6,High,
Electric,2026,Cadillac,Vistiq,,,SUV,Electric,Medium,known BEV-only model
Gas,2026,Cadillac,CT4-V,,"V-Series, Blackwing",Sedan,6,High,
Gas,2026,Cadillac,CT4,,,Sedan,4,Medium,
Gas,2026,Cadillac,CT4-V,,,Sedan,6,Medium,
Gas,2026,Cadillac,XT5,,V6,SUV,6,High,
Gas,2026,Cadillac,Escalade,,,SUV,8,Medium,
Gas,2026,Cadillac,CT5-V,,V-Series,Sedan,6,High,
Gas,2020,Cadillac,XT5,,,SUV,4,Medium,
Gas,2024,Cadillac,XT5,,,SUV,4,Medium,
Gas,2022,Cadillac,Escalade,,V8,SUV,8,High,
Gas,2024,Cadillac,XT4,,,SUV,4,Medium,
Gas,2020,Cadillac,XT4,,,SUV,4,Medium,
Gas,2018,Cadillac,XT5,,,SUV,4,Medium,
Gas,2019,Cadillac,XT5,,,SUV,4,Medium,
Gas,2022,Cadillac,Escalade,,,SUV,8,Medium,
Gas,2022,Cadillac,Escalade,ESV,,SUV,8,High,
Gas,2017,Cadillac,XT5,,,SUV,4,Medium,
Gas,2021,Cadillac,Escalade,,,SUV,8,Medium,
Gas,2025,Cadillac,XT4,,,SUV,4,Medium,
Gas,2018,Cadillac,XTS,,,Sedan,6,Medium,
Gas,2015,Cadillac,CTS,Sedan,,Sedan,6,High,
Gas,2019,Cadillac,XT4,,,SUV,4,Medium,
Gas,2015,Cadillac,SRX,,,SUV,4,Medium,
Gas,2023,Cadillac,XT4,,,SUV,4,Medium,
Gas,2021,Cadillac,XT5,,,SUV,4,Medium,
Gas,2017,Cadillac,ATS,Coupe,,Coupe,6,High,
Gas,2022,Cadillac,XT6,,,SUV,6,Medium,
Gas,2024,Cadillac,XT5,,V6,SUV,6,High,
Gas,2024,Cadillac,Escalade,ESV,,SUV,8,High,
Gas,2016,Cadillac,Escalade,,,SUV,8,Medium,
Gas,2023,Cadillac,XT5,,,SUV,4,Medium,
Gas,2023,Cadillac,Escalade,,V8,SUV,8,High,
Gas,2023,Cadillac,XT6,,,SUV,6,Medium,
Gas,2023,Cadillac,Escalade,ESV,,SUV,8,High,
Gas,2010,Cadillac,CTS,,,Sedan,6,Medium,
Gas,2018,Cadillac,ATS,Sedan,,Sedan,6,High,
Gas,2020,Cadillac,Escalade,ESV,,SUV,8,High,
Gas,2020,Cadillac,Escalade,,,SUV,8,Medium,
Gas,2013,Cadillac,CTS,Coupe,,Coupe,6,High,
Gas,2017,Cadillac,CT6,,,Sedan,6,Medium,
Gas,2014,Cadillac,CTS,Sedan,,Sedan,6,High,
Gas,2021,Cadillac,XT6,,,SUV,6,Medium,
Gas,2021,Cadillac,CT4,,,Sedan,4,Medium,
Gas,2024,Cadillac,CT5-V,,V-Series,Sedan,6,High,
Gas,2024,Cadillac,XT6,,,SUV,6,Medium,
Gas,2014,Cadillac,XTS,,,Sedan,6,Medium,
Gas,2015,Cadillac,ATS,Coupe,,Coupe,6,High,
Gas,2020,Cadillac,XT6,,,SUV,6,Medium,
Gas,2013,Cadillac,ATS,,,Sedan,6,Medium,
Gas,2022,Cadillac,CT5,,,Sedan,4,Medium,
Gas,2023,Cadillac,CT4,,,Sedan,4,Medium,
Gas,2008,Cadillac,DTS,,,Sedan,8,Medium,
Gas,2020,Cadillac,CT4,,,Sedan,4,Medium,
Gas,2019,Cadillac,CT6,,,Sedan,6,Medium,
Gas,2025,Cadillac,CT5-V,,V-Series,Sedan,6,High,
Gas,2017,Cadillac,XTS,,,Sedan,6,Medium,
Gas,2015,Cadillac,ATS,Sedan,,Sedan,6,High,
Gas,2016,Cadillac,ATS,Sedan,,Sedan,6,High,
Gas,2021,Cadillac,CT5,,"V-Series, V6",Sedan,6,High,
Gas,2021,Cadillac,XT4,,,SUV,4,Medium,
Gas,2023,Cadillac,CT4-V,,"V-Series, Blackwing",Sedan,6,High,
Gas,2010,Cadillac,CTS,Sedan,,Sedan,6,High,
Gas,2015,Cadillac,Escalade,ESV,,SUV,8,High,
Electric,2025,Cadillac,Escalade,IQ,,SUV,Electric,High,
Gas,2021,Cadillac,CT5,,,Sedan,4,Medium,
Gas,2017,Cadillac,Escalade,,,SUV,8,Medium,
Gas,2022,Cadillac,CT4,,,Sedan,4,Medium,
Gas,2014,Cadillac,ATS,,,Sedan,6,Medium,
Gas,2017,Cadillac,ATS,Sedan,,Sedan,6,High,
Gas,2021,Cadillac,Escalade,,V8,SUV,8,High,
Gas,2013,Cadillac,XTS,,,Sedan,6,Medium,
Gas,2019,Cadillac,Escalade,ESV,,SUV,8,High,
Gas,2024,Cadillac,Escalade,,,SUV,8,Medium,
Gas,2018,Cadillac,CTS,Sedan,,Sedan,6,High,
Gas,2007,Cadillac,CTS,,,Sedan,6,Medium,
Gas,2016,Cadillac,CTS,Sedan,,Sedan,6,High,
Gas,2009,Cadillac,CTS,,,Sedan,6,Medium,
Gas,2022,Cadillac,XT5,,V6,SUV,6,High,
Gas,2007,Cadillac,Escalade,,,SUV,8,Medium,
Gas,2023,Cadillac,CT5,,,Sedan,4,Medium,
Gas,2016,Cadillac,XTS,,,Sedan,6,Medium,
Gas,2023,Cadillac,XT5,,V6,SUV,6,High,
Gas,2011,Cadillac,CTS,Sedan,,Sedan,6,High,
Gas,2011,Cadillac,CTS-V,,,Sedan,6,Medium,
Gas,2010,Cadillac,Escalade,,,SUV,8,Medium,
Gas,2010,Cadillac,CTS-V,,,Sedan,6,Medium,
Gas,2014,Cadillac,SRX,,,SUV,4,Medium,
Gas,2005,Cadillac,CTS-V,,,Sedan,6,Medium,
Gas,2010,Cadillac,DTS,,,Sedan,8,Medium,
Gas,2009,Cadillac,DTS,,,Sedan,8,Medium,
Gas,2010,Cadillac,SRX,,,SUV,4,Medium,
Gas,2005,Cadillac,Deville,,,Sedan,8,Medium,
Gas,2018,Cadillac,CTS-V,,,Sedan,6,Medium,
Gas,2007,Cadillac,DTS,,,Sedan,8,Medium,
Gas,2008,Cadillac,XLR,,,Convertible,8,Medium,
Gas,2013,Cadillac,SRX,,,SUV,4,Medium,
Gas,2007,Cadillac,STS,,,Sedan,8,Medium,
Gas,2016,Cadillac,ATS-V,,,Sedan,6,Medium,
Gas,2017,Cadillac,ATS,,,Sedan,6,Medium,
Gas,2005,Cadillac,XLR,,,Convertible,8,Medium,
Gas,2024,Cadillac,CT4-V,,Blackwing,Sedan,6,High,
Gas,2016,Cadillac,SRX,,,SUV,4,Medium,
Electric,2014,Cadillac,ELR,,,Coupe,Electric,Medium,
Gas,2025,Cadillac,XT5,,V6,SUV,6,High,
Gas,2026,Chevrolet,Tahoe,,,SUV,8,Medium,
Gas,2026,Chevrolet,Colorado,,,Pickup Truck,4,Medium,
Gas,2026,Chevrolet,Express,3500,,Van,6,High,
Gas,2026,Chevrolet,Corvette,,,Coupe,8,Medium,
Gas,2026,Chevrolet,Blazer,,,SUV,4,Medium,
Electric,2026,Chevrolet,Blazer,EV,,SUV,Electric,High,
Electric,2026,Chevrolet,Equinox,EV,,SUV,Electric,High,
Gas,2025,Chevrolet,Blazer,,,SUV,4,Medium,
Electric,2026,Chevrolet,Silverado,EV,,Pickup Truck,Electric,High,
Gas,2026,Chevrolet,Trax,,Turbo,SUV,4,High,
Gas,2025,Chevrolet,Corvette,,,Coupe,8,Medium,
Gas,2024,Chevrolet,Corvette,,,Coupe,8,Medium,
Gas,2015,Chevrolet,Spark,,,Hatchback,4,Medium,
Gas,2015,Chevrolet,Cruze,,,Sedan,4,Medium,
Gas,2019,Chevrolet,Trax,,,SUV,4,Medium,
Gas,2021,Chevrolet,Equinox,,,SUV,4,Medium,
Gas,2017,Chevrolet,Cruze,,,Sedan,4,Medium,
Gas,2015,Chevrolet,Trax,,,SUV,4,Medium,
Gas,2019,Chevrolet,Cruze,,,Sedan,4,Medium,
Gas,2015,Chevrolet,Malibu,,,Sedan,4,Medium,
Gas,2025,Chevrolet,Blazer,,V6,SUV,6,High,
Gas,2024,Chevrolet,Blazer,,V6,SUV,6,High,
Gas,2024,Chevrolet,Blazer,,,SUV,4,Medium,
Gas,2022,Chevrolet,Equinox,,,SUV,4,Medium,
Gas,2020,Chevrolet,Corvette,,,Coupe,8,Medium,
Gas,2024,Chevrolet,Colorado,,,Pickup Truck,4,Medium,
Gas,2016,Chevrolet,Trax,,,SUV,4,Medium,
Gas,2025,Chevrolet,Silverado,2500 HD,,Pickup Truck,8,High,
Gas,2017,Chevrolet,Corvette,Z06,,Coupe,8,High,
Gas,2016,Chevrolet,Malibu,,,Sedan,4,Medium,
Gas,2014,Chevrolet,Silverado,2500 HD,V8,Pickup Truck,8,High,
Gas/Electric Hybrid,2019,Chevrolet,Malibu,Hybrid,,Sedan,4,High,
Gas,2017,Chevrolet,Silverado,1500,V8,Pickup Truck,8,High,
Gas,2014,Chevrolet,Camaro,,,Coupe,6,Medium,
Gas,2023,Chevrolet,Camaro,,,Coupe,6,Medium,
Gas,2021,Chevrolet,Colorado,,,Pickup Truck,4,Medium,
Gas,2024,Chevrolet,Equinox,,,SUV,4,Medium,
Gas,2014,Chevrolet,Impala,,,Sedan,6,Medium,
Gas/Electric Hybrid,2009,Chevrolet,Malibu,Hybrid,,Sedan,4,High,
Gas,2017,Chevrolet,Express,2500,,Van,6,High,
Gas,2018,Chevrolet,Equinox,,,SUV,4,Medium,
Gas,2009,Chevrolet,Corvette,,V8,Coupe,8,High,
Gas,2022,Chevrolet,Silverado,1500,V8,Pickup Truck,8,High,
Gas,2013,Chevrolet,Cruze,,,Sedan,4,Medium,
Gas,2023,Chevrolet,Malibu,,,Sedan,4,Medium,
Gas,2019,Chevrolet,Impala,,,Sedan,6,Medium,
Gas,2013,Chevrolet,Cruze,,Turbo,Sedan,4,High,
Gas,2025,Chevrolet,Malibu,,,Sedan,4,Medium,
Gas,2012,Chevrolet,Cruze,,,Sedan,4,Medium,
Gas,2015,Chevrolet,Colorado,,,Pickup Truck,4,Medium,
Gas,2014,Chevrolet,Sonic,,,Hatchback,4,Medium,
Gas,2022,Chevrolet,Camaro,,,Coupe,6,Medium,
Gas,2020,Chevrolet,Trax,,,SUV,4,Medium,
Gas,2013,Chevrolet,Trax,,,SUV,4,Medium,
Gas,2014,Chevrolet,Spark,,,Hatchback,4,Medium,
Gas,2023,Chevrolet,Suburban,,,SUV,8,Medium,
Gas,2021,Chevrolet,Suburban,,,SUV,8,Medium,
Gas,2014,Chevrolet,Trax,,,SUV,4,Medium,
Gas,2017,Chevrolet,Tahoe,,,SUV,8,Medium,
Gas,2016,Chevrolet,Sonic,,,Hatchback,4,Medium,
Gas,2020,Chevrolet,Spark,,,Hatchback,4,Medium,
Gas,2025,Chevrolet,Corvette,,V8,Coupe,8,High,
Gas,2021,Chevrolet,Trailblazer,,,SUV,4,Medium,
Gas,2019,Chevrolet,Tahoe,,,SUV,8,Medium,
Gas,2022,Chevrolet,Trailblazer,,,SUV,4,Medium,
Gas,2024,Chevrolet,Suburban,,,SUV,8,Medium,
Gas,2023,Chevrolet,Equinox,,,SUV,4,Medium,
Gas,2016,Chevrolet,Cruze,Limited,,Sedan,4,High,
Gas,2017,Chevrolet,Trax,,,SUV,4,Medium,
Gas,2014,Chevrolet,Equinox,,,SUV,4,Medium,
Gas,2019,Chevrolet,Spark,,,Hatchback,4,Medium,
Gas,2011,Chevrolet,Silverado,3500,,Pickup Truck,8,High,
Gas,2025,Chevrolet,Express,2500,V6,Van,6,High,
Gas,2024,Chevrolet,Express,2500,V6,Van,6,High,
Gas,2012,Chevrolet,Corvette,Z06,,Coupe,8,High,
Gas,2016,Chevrolet,Traverse,,,SUV,6,Medium,
Gas,2023,Chevrolet,Blazer,,V6,SUV,6,High,
Gas,2019,Chevrolet,Malibu,,,Sedan,4,Medium,
Gas,2024,Chevrolet,Silverado,3500 HD,,Pickup Truck,8,High,
Gas,2022,Chevrolet,Malibu,,,Sedan,4,Medium,
Gas,2025,Chevrolet,Silverado,3500 HD,,Pickup Truck,8,High,
Gas,2021,Chevrolet,Spark,,,Hatchback,4,Medium,
Gas,2023,Chevrolet,Tahoe,,V8,SUV,8,High,
Gas,2009,Chevrolet,Silverado,1500,,Pickup Truck,8,High,
Gas,2011,Chevrolet,Camaro,,,Coupe,6,Medium,
Gas,2012,Chevrolet,Equinox,,,SUV,4,Medium,
Gas,2024,Chevrolet,Silverado,2500 HD,,Pickup Truck,8,High,
Gas,2019,Chevrolet,Camaro,,,Coupe,6,Medium,
Gas,2014,Chevrolet,Camaro,,V8,Coupe,8,High,
Gas,2022,Chevrolet,Silverado,2500 HD,V8,Pickup Truck,8,High,
Gas,2016,Chevrolet,Malibu,Limited,,Sedan,4,High,
Gas,2005,Chevrolet,Corvette,,,Coupe,8,Medium,
Gas,2015,Chevrolet,Corvette,Z06,,Coupe,8,High,
Gas,2018,Chevrolet,Express,2500,,Van,6,High,
Gas,2022,Chevrolet,Corvette,,,Coupe,8,Medium,
Gas,2011,Chevrolet,Silverado,2500,V8,Pickup Truck,8,High,
Gas,2024,Chevrolet,Silverado,2500 HD,V8,Pickup Truck,8,High,
Electric,2024,Chevrolet,Equinox,EV,,SUV,Electric,High,
Gas,2025,Chevrolet,Trailblazer,,Turbo,SUV,4,High,
Gas,2023,Chevrolet,Traverse,,,SUV,6,Medium,
Gas,2022,Chevrolet,Express,2500,,Van,6,High,
Gas,2009,Chevrolet,Express,3500,,Van,6,High,
Gas,2018,Chevrolet,Silverado,1500,V8,Pickup Truck,8,High,
Gas,2024,Chevrolet,Malibu,,Turbo,Sedan,4,High,
Gas,2018,Chevrolet,Suburban,,,SUV,8,Medium,
Gas,2025,Chevrolet,Silverado,1500,V8,Pickup Truck,8,High,
Gas,2016,Chevrolet,Express,2500,V8,Van,8,High,
Gas,2021,Chevrolet,Silverado,2500 HD,,Pickup Truck,8,High,
Gas,2024,Chevrolet,Express,2500,,Van,6,High,
Gas,2017,Chevrolet,Corvette,,,Coupe,8,Medium,
Gas,2014,Chevrolet,Silverado,3500 HD,,Pickup Truck,8,High,
Gas,2014,Chevrolet,Express,3500,V8,Van,8,High,
Gas,2019,Chevrolet,Colorado,,,Pickup Truck,4,Medium,
Gas,2010,Chevrolet,Camaro,,,Coupe,6,Medium,
Gas,2015,Chevrolet,Suburban,,,SUV,8,Medium,
Gas,2022,Chevrolet,Blazer,,,SUV,4,Medium,
Gas,2023,Chevrolet,Silverado,2500 HD,,Pickup Truck,8,High,
Gas,2020,Chevrolet,Express,2500,,Van,6,High,
Gas,2019,Chevrolet,Express,Commercial Cutaway,,Van,6,High,
Gas,2012,Chevrolet,Express,Commercial Cutaway,,Van,6,High,
Gas,2011,Chevrolet,Traverse,,,SUV,6,Medium,
Gas,2014,Chevrolet,Malibu,,,Sedan,4,Medium,
Electric,2017,Chevrolet,Bolt,EV,,Hatchback,Electric,High,known BEV-only model
Gas,2025,Chevrolet,Suburban,,,SUV,8,Medium,
Gas,2020,Chevrolet,Malibu,,,Sedan,4,Medium,
Gas,2015,Chevrolet,Silverado,1500,V6,Pickup Truck,6,High,
Gas/Electric Hybrid,2018,Chevrolet,Volt,,,Hatchback,4,Medium,
Gas,2015,Chevrolet,Corvette,Z51,,Coupe,8,High,
Gas,2015,Chevrolet,Corvette,,,Coupe,8,Medium,
Gas,2018,Chevrolet,Sonic,,,Hatchback,4,Medium,
Gas,2014,Chevrolet,Traverse,,,SUV,6,Medium,
Gas,2022,Chevrolet,Colorado,,,Pickup Truck,4,Medium,
Gas,2023,Chevrolet,Express,2500,,Van,6,High,
Gas,2024,Chevrolet,Camaro,,V8,Coupe,8,High,
Gas,2015,Chevrolet,City,Express Cargo Van,,Van,6,High,
Gas,2021,Chevrolet,Express,2500,,Van,6,High,
Gas,2015,Chevrolet,Equinox,,,SUV,4,Medium,
Gas,2017,Chevrolet,Cruze,,Turbo,Sedan,4,High,
Gas,2025,Chevrolet,Express,Commercial Cutaway,,Van,6,High,
Gas,2016,Chevrolet,Silverado,3500 HD,,Pickup Truck,8,High,
Gas,2007,Chevrolet,Equinox,,,SUV,4,Medium,
Gas,2015,Chevrolet,Corvette,,V8,Coupe,8,High,
Gas,2027,Chrysler,Grand,Caravan,,Minivan,6,High,
Gas/Electric Hybrid,2024,Chrysler,Pacifica,Hybrid,,Minivan,6,High,
Gas,2013,Chrysler,300,,,Sedan,6,Medium,
Gas,2023,Chrysler,Grand,Caravan,,Minivan,6,High,
Gas,2020,Chrysler,Pacifica,,,Minivan,6,Medium,
Gas,2025,Chrysler,Grand,Caravan,,Minivan,6,High,
Gas,2018,Chrysler,300,,,Sedan,6,Medium,
Gas,2016,Chrysler,300,,,Sedan,6,Medium,
Gas,2019,Chrysler,300,,,Sedan,6,Medium,
Gas,2025,Chrysler,Pacifica,,,Minivan,6,Medium,
Gas,2019,Chrysler,300,,V6,Sedan,6,High,
Gas,2012,Chrysler,Town,& Country,,Minivan,6,High,
Gas/Electric Hybrid,2023,Chrysler,Pacifica,Hybrid,,Minivan,6,High,
Electric,2024,Chrysler,Pacifica,Hybrid,,Minivan,Electric,High,
Gas,2014,Chrysler,200,,,Sedan,4,Medium,
Gas,2025,Chrysler,Pacifica,,V6,Minivan,6,High,
Electric,2023,Chrysler,Pacifica,Hybrid,,Minivan,Electric,High,
Gas,2022,Chrysler,300,,,Sedan,6,Medium,
Gas,2013,Chrysler,Town,& Country,,Minivan,6,High,
Gas,2014,Chrysler,Town,& Country,,Minivan,6,High,
Gas,2021,Chrysler,Grand,Caravan,,Minivan,6,High,
Gas,2015,Chrysler,Town,& Country,,Minivan,6,High,
Gas/Electric Hybrid,2020,Chrysler,Pacifica,Hybrid,,Minivan,6,High,
Gas,2011,Chrysler,200,,,Sedan,4,Medium,
Gas,2024,Chrysler,Pacifica,,V6,Minivan,6,High,
Gas/Electric Hybrid,2019,Chrysler,Pacifica,Hybrid,,Minivan,6,High,
Gas,2021,Chrysler,300,,,Sedan,6,Medium,
Gas,2021,Chrysler,Pacifica,,,Minivan,6,Medium,
Gas,2023,Chrysler,Grand,Caravan,V6,Minivan,6,High,
Gas,2008,Chrysler,Sebring,,,Sedan,4,Medium,
Gas/Electric Hybrid,2021,Chrysler,Pacifica,Hybrid,,Minivan,6,High,
Gas/Electric Hybrid,2022,Chrysler,Pacifica,Hybrid,,Minivan,6,High,
Gas,2015,Chrysler,200,,V6,Sedan,6,High,
Gas,2015,Chrysler,200,,,Sedan,4,Medium,
Gas,2011,Chrysler,Town,& Country,,Minivan,6,High,
Gas,2008,Chrysler,300,,,Sedan,6,Medium,
Gas,2013,Chrysler,200,,,Sedan,4,Medium,
Gas,2024,Chrysler,Grand,Caravan,V6,Minivan,6,High,
Gas,2012,Chrysler,200,,,Sedan,4,Medium,
Gas,2014,Chrysler,300,,,Sedan,6,Medium,
Gas,2023,Dodge,Durango,,,SUV,6,Medium,
Gas,2016,Dodge,Journey,,,SUV,4,Medium,
Gas,2018,Dodge,Journey,,,SUV,4,Medium,
Gas,2017,Dodge,Grand,Caravan,,Minivan,6,High,
Gas,2015,Dodge,Journey,,,SUV,4,Medium,
Gas,2015,Dodge,Grand,Caravan,,Minivan,6,High,
Gas,2013,Dodge,Journey,,,SUV,4,Medium,
Gas,2018,Dodge,Grand,Caravan,,Minivan,6,High,
Gas,2023,Dodge,Hornet,,,SUV,4,Medium,
Gas,2018,Dodge,Challenger,,SRT Hellcat,Coupe,8,High,
Gas,2012,Dodge,Journey,,,SUV,4,Medium,
Gas,2014,Dodge,Journey,,,SUV,4,Medium,
Gas,2016,Dodge,Challenger,,SRT Hellcat,Coupe,8,High,
Gas,2018,Dodge,Challenger,,,Coupe,6,Medium,
Gas,2010,Dodge,Grand,Caravan,,Minivan,6,High,
Gas,2021,Dodge,Challenger,,,Coupe,6,Medium,
Gas,2019,Dodge,Challenger,,,Coupe,6,Medium,
Electric,2024,Dodge,Hornet,,,SUV,Electric,Medium,
Gas,2023,Dodge,Challenger,,,Coupe,6,Medium,
Gas,2022,Dodge,Challenger,,,Coupe,6,Medium,
Gas,2017,Dodge,Durango,,,SUV,6,Medium,
Gas,2023,Dodge,Charger,,"HEMI, V8",Sedan,8,High,
Gas,2022,Dodge,Charger,,V8,Sedan,8,High,
Gas,2014,Dodge,Grand,Caravan,,Minivan,6,High,
Gas,2023,Dodge,Charger,,HEMI,Sedan,8,High,
Gas,2024,Dodge,Hornet,,,SUV,4,Medium,
Gas,2013,Dodge,Durango,,,SUV,6,Medium,
Gas,2020,Dodge,Grand,Caravan,,Minivan,6,High,
Gas,2010,Dodge,Caliber,,,Sedan,4,Medium,
Gas,2018,Dodge,Challenger,,"HEMI, V8",Coupe,8,High,
Gas,2015,Dodge,Challenger,,,Coupe,6,Medium,
Gas,2016,Dodge,Charger,,,Sedan,6,Medium,
Gas,2023,Dodge,Challenger,,SRT Hellcat,Coupe,8,High,
Gas,2023,Dodge,Charger,,SRT Hellcat,Sedan,8,High,
Gas,2019,Dodge,Challenger,,SRT Hellcat,Coupe,8,High,
Gas,2017,Dodge,Challenger,,SRT Hellcat,Coupe,8,High,
Gas/Electric Hybrid,2024,Dodge,Hornet,,,SUV,4,Medium,
Gas,2020,Dodge,Durango,,,SUV,6,Medium,
Gas,2023,Dodge,Charger,,"SRT Hellcat, V8",Sedan,8,High,
Electric,2024,Dodge,Charger,Daytona,,Sedan,Electric,High,
Gas,2010,Dodge,Journey,,,SUV,4,Medium,
Gas,2009,Dodge,Caliber,,,Sedan,4,Medium,
Gas,2022,Dodge,Durango,,HEMI,SUV,8,High,
Gas,2011,Dodge,Grand,Caravan,,Minivan,6,High,
Gas,2021,Dodge,Challenger,,HEMI,Coupe,8,High,
Gas/Electric Hybrid,2017,Dodge,Grand,Caravan,,Minivan,6,High,
Gas,2024,Dodge,Durango,,V8,SUV,8,High,
Gas,2023,Dodge,Charger,,V8,Sedan,8,High,
Gas,2015,Dodge,Charger,,,Sedan,6,Medium,
Gas,2025,Dodge,Durango,,HEMI,SUV,8,High,
Gas,2020,Dodge,Challenger,,SRT Hellcat,Coupe,8,High,
Gas,2021,Dodge,Durango,,HEMI,SUV,8,High,
Gas,2020,Dodge,Charger,,,Sedan,6,Medium,
Gas,2025,Dodge,Durango,,"HEMI, V8",SUV,8,High,
Gas,2010,Dodge,Challenger,,"HEMI, V8",Coupe,8,High,
Gas,2016,Dodge,Challenger,,,Coupe,6,Medium,
Gas,2023,Dodge,Challenger,,"HEMI, V8",Coupe,8,High,
Gas,2017,Dodge,Journey,,V6,SUV,6,High,
Gas,2022,Dodge,Charger,,SRT Hellcat,Sedan,8,High,
Gas,2021,Dodge,Charger,,"HEMI, V8",Sedan,8,High,
Gas,2009,Dodge,RAM,2500,HEMI,Pickup Truck,8,High,
Gas,2021,Dodge,Durango,,SRT Hellcat,SUV,8,High,
Gas,2023,Dodge,Durango,,V6,SUV,6,High,
Gas/Electric Hybrid,2025,Dodge,Hornet,,,SUV,4,Medium,
Electric,2025,Dodge,Charger,Daytona,,Sedan,Electric,High,
Gas,2017,Dodge,Durango,,HEMI,SUV,8,High,
Gas,2013,Dodge,Challenger,,,Coupe,6,Medium,
Gas,2017,Dodge,Charger,,,Sedan,6,Medium,
Gas,2019,Dodge,RAM,,,Pickup Truck,8,Medium,
Gas,2025,Dodge,Durango,,V8,SUV,8,High,
Gas,2025,Dodge,Hornet,,,SUV,4,Medium,
Gas,2021,Dodge,Charger,,SRT Hellcat,Sedan,8,High,
Gas,2022,Dodge,Challenger,,SRT Hellcat,Coupe,8,High,
Gas,2018,Dodge,Durango,,,SUV,6,Medium,
Gas,2026,Dodge,Durango,,HEMI,SUV,8,High,
Electric,2025,Dodge,Hornet,,,SUV,Electric,Medium,
Gas,2017,Ford,Mustang,Shelby,,Coupe,8,High,
Gas,2018,Ford,Mustang,Fastback,EcoBoost,Coupe,4,High,
Gas,2025,Ford,Bronco,,,SUV,4,Medium,
Gas,2025,Ford,Expedition,,,SUV,6,Medium,
Gas/Electric Hybrid,2025,Ford,F-150,,,Pickup Truck,6,Medium,
Gas/Electric Hybrid,2025,Ford,Escape,PHEV,,SUV,4,High,
Gas,2015,Ford,Escape,,,SUV,4,Medium,
Gas,2021,Ford,Escape,,,SUV,4,Medium,
Gas/Electric Hybrid,2021,Ford,Escape,Hybrid,,SUV,4,High,
Gas,2025,Ford,Mustang,Convertible,EcoBoost,Convertible,4,High,
Gas/Electric Hybrid,2021,Ford,Escape,Hybrid,Hybrid,SUV,4,High,
Gas,2024,Ford,Explorer,,,SUV,4,Medium,
Gas/Electric Hybrid,2026,Ford,Escape,,,SUV,4,Medium,
Gas,2019,Ford,Escape,,,SUV,4,Medium,
Gas,2023,Ford,F-150,,EcoBoost,Pickup Truck,6,High,
Gas,2021,Ford,Mustang,Fastback,,Coupe,8,High,
Gas,2026,Ford,Escape,,,SUV,4,Medium,
Gas,2022,Ford,EcoSport,,,SUV,4,Medium,
Gas,2024,Ford,F-350,Super Duty,,Pickup Truck,8,High,
Gas,2019,Ford,Expedition,,,SUV,6,Medium,
Gas,2012,Ford,Explorer,,,SUV,6,Medium,
Gas,2013,Ford,Mustang,Coupe,,Coupe,6,High,
Gas,2016,Ford,Mustang,,,Coupe,8,Medium,
Electric,2016,Ford,Focus,Electric,,Hatchback,Electric,High,
Gas,2023,Ford,Ranger,,,Pickup Truck,4,Medium,
Gas,2025,Ford,Mustang,Fastback,EcoBoost,Coupe,4,High,
Gas,2016,Ford,Explorer,,,SUV,6,Medium,
Electric,2025,Ford,Mustang,Mach-E,,SUV,Electric,High,
Gas,2012,Ford,Mustang,Convertible,,Convertible,6,High,
Gas,2015,Ford,Edge,,,SUV,4,Medium,
Gas,2018,Ford,EcoSport,,,SUV,4,Medium,
Gas,2019,Ford,F-250,Super Duty,,Pickup Truck,8,High,
Gas,2024,Ford,Edge,,,SUV,4,Medium,
Gas,2010,Ford,Mustang,Convertible,,Convertible,6,High,
Gas/Electric Hybrid,2023,Ford,Escape,,Hybrid,SUV,4,High,
Gas,2010,Ford,Mustang,Shelby,,Coupe,8,High,
Gas,2012,Ford,Transit,Connect,,Van,6,High,
Gas,2023,Ford,Mustang,Convertible,EcoBoost,Convertible,4,High,
Gas,2024,Ford,Mustang,,EcoBoost,Coupe,4,High,
Gas,2025,Ford,Bronco,Sport,EcoBoost,SUV,4,High,
Gas,2024,Ford,Mustang,Convertible,EcoBoost,Convertible,4,High,
Gas,2016,Ford,Mustang,Fastback,EcoBoost,Coupe,4,High,
Gas,2018,Ford,Fiesta,Hatchback,,Hatchback,4,High,
Gas,2023,Ford,Escape,,EcoBoost,SUV,4,High,
Gas,2017,Ford,Edge,,,SUV,4,Medium,
Gas,2021,Ford,F-150,,EcoBoost,Pickup Truck,6,High,
Gas,2014,Ford,Mustang,Convertible,,Convertible,6,High,
Gas/Electric Hybrid,2025,Ford,Escape,,Hybrid,SUV,4,High,
Gas,2015,Ford,Expedition,,,SUV,6,Medium,
Gas,2011,Ford,F-150,,EcoBoost,Pickup Truck,6,High,
Gas,2022,Ford,F-250,Super Duty,,Pickup Truck,8,High,
Gas,2023,Ford,Mustang,Fastback,,Coupe,8,High,
Gas,2022,Ford,Transit,Passenger Van,,Van,6,High,
Gas,2011,Ford,Ranger,,,Pickup Truck,4,Medium,
Gas,2011,Ford,F-150,,,Pickup Truck,6,Medium,
Gas,2006,Ford,Mustang,Convertible,,Convertible,6,High,
Gas,2021,Ford,EcoSport,,,SUV,4,Medium,
Gas,2020,Ford,EcoSport,,,SUV,4,Medium,
Gas,2010,Ford,Fusion,,,Sedan,4,Medium,
Gas,2013,Ford,Escape,,,SUV,4,Medium,
Gas,2010,Ford,Mustang,Coupe,,Coupe,6,High,
Gas,2015,Ford,Mustang,Fastback,,Coupe,8,High,
Gas,2024,Ford,Escape,PHEV,,SUV,4,High,
Gas,2018,Ford,Mustang,Fastback,,Coupe,8,High,
Gas,2014,Ford,Mustang,Coupe,,Coupe,6,High,
Gas/Electric Hybrid,2024,Ford,F-150,,,Pickup Truck,6,Medium,
Gas,2017,Ford,Mustang,Fastback,,Coupe,8,High,
Gas,2019,Ford,Police,Interceptor Utility,,SUV,6,High,
Gas/Electric Hybrid,2020,Ford,Explorer,,Hybrid,SUV,4,High,
Gas,2010,Ford,Explorer,,,SUV,6,Medium,
Gas,2012,Ford,Escape,,,SUV,4,Medium,
Gas,2025,Ford,Expedition,Max,,SUV,6,High,
Electric,2024,Ford,Escape,PHEV,,SUV,Electric,High,
Gas/Electric Hybrid,2023,Ford,Explorer,,Hybrid,SUV,4,High,
Gas,2012,Ford,E-350,,,Van,6,Medium,
Gas,2024,Ford,Ranger,,,Pickup Truck,4,Medium,
Gas,2022,Ford,Mustang,Fastback,,Coupe,8,High,
Gas/Electric Hybrid,2025,Ford,Escape,,,SUV,4,Medium,
Gas/Electric Hybrid,2022,Ford,Escape,PHEV,Hybrid,SUV,4,High,
Gas,2009,Ford,Fusion,,,Sedan,4,Medium,
Gas,2014,Ford,Transit,Connect,,Van,6,High,
Gas,2020,Ford,Mustang,Shelby,,Coupe,8,High,
Gas,2015,Ford,F-250,Super Duty,,Pickup Truck,8,High,
Gas,2012,Ford,Mustang,Shelby,,Coupe,8,High,
Gas,2016,Ford,Flex,,,SUV,6,Medium,
Gas,2020,Ford,Mustang,Fastback,EcoBoost,Coupe,4,High,
Electric,2026,Ford,Transit,E-Transit Cargo Van,,Van,Electric,High,
Gas/Electric Hybrid,2026,Ford,Maverick,,,Pickup Truck,4,Medium,
Gas,2026,Ford,Maverick,,Hybrid,Pickup Truck,4,High,
Gas,2026,Ford,Mustang,Convertible,,Convertible,8,High,
Electric,2026,Ford,Escape,PHEV,,SUV,Electric,High,
Gas,2026,Ford,F-150,,Hybrid,Pickup Truck,6,High,
Gas,2026,Ford,Bronco,,EcoBoost,SUV,4,High,
Gas,2026,Ford,Mustang,Convertible,EcoBoost,Convertible,4,High,
Gas,2023,GMC,Yukon,,,SUV,8,Medium,
Gas,2018,GMC,Terrain,,,SUV,4,Medium,
Gas,2015,GMC,Yukon,XL,,SUV,8,High,
Gas,2018,GMC,Acadia,,,SUV,4,Medium,
Gas,2022,GMC,Acadia,,,SUV,4,Medium,
Gas,2023,GMC,Sierra,2500HD,,Pickup Truck,8,High,
Gas,2016,GMC,Savana,Cargo Van,,Van,6,High,
Gas,2024,GMC,Yukon,,,SUV,8,Medium,
Gas,2020,GMC,Savana,Cargo Van,,Van,6,High,
Gas,2022,GMC,Yukon,,,SUV,8,Medium,
Gas,2017,GMC,Savana,Cargo Van,,Van,6,High,
Gas,2020,GMC,Canyon,,,Pickup Truck,4,Medium,
Gas,2005,GMC,Safari,,,Van,6,Medium,
Gas,2020,GMC,Sierra,2500HD,,Pickup Truck,8,High,
Gas,2019,GMC,Terrain,,Turbo,SUV,4,High,
Gas,2022,GMC,Sierra,3500HD,,Pickup Truck,8,High,
Gas,2017,GMC,Canyon,,,Pickup Truck,4,Medium,
Gas,2022,GMC,Sierra,1500,,Pickup Truck,8,High,
Gas,2019,GMC,Terrain,,,SUV,4,Medium,
Gas,2021,GMC,Acadia,,,SUV,4,Medium,
Gas,2019,GMC,Savana,Cargo Van,,Van,6,High,
Gas,2019,GMC,Canyon,,,Pickup Truck,4,Medium,
Gas,2024,GMC,Savana,Cargo Van,,Van,6,High,
Gas,2019,GMC,Yukon,,,SUV,8,Medium,
Gas,2014,GMC,Savana,Commercial Cutaway,,Van,6,High,
Gas,2023,GMC,Savana,Cargo Van,,Van,6,High,
Gas,2011,GMC,Sierra,2500HD,,Pickup Truck,8,High,
Gas,2021,GMC,Terrain,,,SUV,4,Medium,
Gas,2018,GMC,Sierra,2500HD,,Pickup Truck,8,High,
Gas,2013,GMC,Acadia,,,SUV,4,Medium,
Gas,2019,GMC,Yukon,XL,,SUV,8,High,
Gas,2021,GMC,Savana,Cargo Van,,Van,6,High,
Gas,2024,GMC,Sierra,3500HD,,Pickup Truck,8,High,
Gas,2024,GMC,Savana,Passenger,,Van,6,High,
Gas,2021,GMC,Sierra,2500HD,,Pickup Truck,8,High,
Gas,2020,GMC,Yukon,,,SUV,8,Medium,
Gas,2024,GMC,Acadia,,,SUV,4,Medium,
Gas,2024,GMC,Savana,Commercial Cutaway,,Van,6,High,
Gas,2024,GMC,Savana,3500,,Van,6,High,
Gas,2021,GMC,Savana,Commercial Cutaway,,Van,6,High,
Gas,2026,GMC,HUMMER,EV SUV,,SUV,Electric,High,known BEV-only model
Gas,2019,GMC,Savana,Commercial Cutaway,,Van,6,High,
Gas,2016,GMC,Sierra,2500HD,,Pickup Truck,8,High,
Gas,2023,GMC,Savana,Commercial Cutaway,,Van,6,High,
Electric,2023,GMC,HUMMER,EV Pickup,,Pickup Truck,Electric,High,known BEV-only model
Gas,2013,GMC,Sierra,1500,,Pickup Truck,8,High,
Gas,2021,GMC,Yukon,XL,,SUV,8,High,
Gas,2014,GMC,Sierra,3500HD,,Pickup Truck,8,High,
Gas,2012,GMC,Terrain,,,SUV,4,Medium,
Gas,2017,GMC,Yukon,XL,,SUV,8,High,
Gas,2026,GMC,Sierra,3500HD,,Pickup Truck,8,High,
Gas,2026,GMC,Terrain,,Turbo,SUV,4,High,
Electric,2026,GMC,HUMMER,EV Pickup,,Pickup Truck,Electric,High,known BEV-only model
Gas,2026,GMC,Savana,,,Van,6,Medium,
Gas,2025,GMC,Sierra,2500HD,,Pickup Truck,8,High,
Gas,2025,GMC,Sierra,3500HD,,Pickup Truck,8,High,
Gas,2025,GMC,Savana,Passenger,,Van,6,High,
Gas,2025,Genesis,GV70,,3.5T,SUV,6,High,
Gas,2021,Genesis,G90,,V8,Sedan,8,High,
Electric,2023,Genesis,GV70,Electrified,,SUV,Electric,High,
Gas,2026,Genesis,GV70,,2.5T,SUV,4,High,
Gas,2024,Genesis,GV70,,2.5T,SUV,4,High,
Electric,2026,Genesis,GV70,,,SUV,Electric,Medium,
Gas,2021,Genesis,G70,,,Sedan,4,Medium,
Gas,2025,Genesis,GV80,,2.5T,SUV,4,High,
Gas,2023,Genesis,G80,,3.5T,Sedan,6,High,
Gas,2025,Genesis,G70,,2.5T,Sedan,4,High,
Gas,2019,Genesis,G70,,,Sedan,4,Medium,
Electric,2023,Genesis,G80,,,Sedan,Electric,Medium,
Gas,2023,Genesis,G70,,,Sedan,4,Medium,
Gas,2020,Genesis,G70,,,Sedan,4,Medium,
Gas,2025,Genesis,GV80,,3.5T,SUV,6,High,
Gas,2022,Genesis,G70,,,Sedan,4,Medium,
Gas,2023,Genesis,GV80,,3.5T,SUV,6,High,
Gas,2026,Genesis,GV70,,,SUV,4,Medium,
Gas,2017,Genesis,G80,,,Sedan,4,Medium,
Gas,2024,Genesis,G70,,2.5T,Sedan,4,High,
Gas,2025,Genesis,G80,,3.5T,Sedan,6,High,
Gas,2021,Genesis,G80,,3.5T,Sedan,6,High,
Gas,2017,Genesis,G90,,,Sedan,8,Medium,
Gas,2026,Genesis,G70,,2.5T,Sedan,4,High,
Gas,2022,Genesis,GV80,,3.5T,SUV,6,High,
Gas,2025,Genesis,G70,,,Sedan,4,Medium,
Gas,2024,Genesis,G70,,,Sedan,4,Medium,
Gas,2026,Genesis,GV80,,3.5T,SUV,6,High,
Gas,2025,Genesis,GV80,Coupe,3.5T,Coupe,6,High,
Gas,2023,Genesis,G80,,,Sedan,4,Medium,
Gas,2026,Genesis,G70,,,Sedan,4,Medium,
Gas,2024,Genesis,GV80,,3.5T,SUV,6,High,
Gas,2018,Genesis,G80,,,Sedan,4,Medium,
Gas,2026,Genesis,GV80,,2.5T,SUV,4,High,
Gas,2023,Genesis,GV60,,,SUV,Electric,Medium,known BEV-only model
Gas,2021,Genesis,GV80,,3.5T,SUV,6,High,
Gas,2021,Genesis,G90,,,Sedan,8,Medium,
Gas,2021,Genesis,GV80,,2.5T,SUV,4,High,
Gas,2021,Genesis,G80,,2.5T,Sedan,4,High,
Gas,2020,Genesis,G90,,,Sedan,8,Medium,
Gas,2023,Genesis,GV80,,,SUV,4,Medium,
Gas,2024,Genesis,GV80,,2.5T,SUV,4,High,
Gas,2022,Genesis,GV80,,2.5T,SUV,4,High,
Gas,2024,Genesis,GV80,,"3.5T, V6",SUV,6,High,
Gas,2026,Genesis,G80,,,Sedan,4,Medium,
Gas,2025,Genesis,G80,,,Sedan,4,Medium,
Gas,2026,Genesis,G80,,2.5T,Sedan,4,High,
Gas,2025,Genesis,G90,,,Sedan,6,Medium,
Gas,2017,Genesis,G90,,V8,Sedan,8,High,
Gas,2026,Genesis,GV80,Coupe,3.5T,Coupe,6,High,
Gas,2019,Genesis,G80,,,Sedan,4,Medium,
Gas,2024,Genesis,G80,,2.5T,Sedan,4,High,
Electric,2024,Genesis,GV60,,,SUV,Electric,Medium,known BEV-only model
Gas,2024,Genesis,G80,,3.5T,Sedan,6,High,
Gas,2020,Genesis,G80,,,Sedan,4,Medium,
Gas,2026,Genesis,GV70,,"3.5T, V6",SUV,6,High,
Gas,2025,Genesis,GV80,,,SUV,4,Medium,
Gas,2021,Genesis,GV80,,,SUV,4,Medium,
Gas,2023,Genesis,G90,,,Sedan,6,Medium,
Gas/Electric Hybrid,2025,Genesis,GV80,Coupe,3.5T,Coupe,6,High,
Gas,2021,Genesis,G80,,,Sedan,4,Medium,
Gas,2015,Honda,Fit,,,Hatchback,4,Medium,
Gas,2020,Honda,Civic,Coupe,,Coupe,4,High,
Gas,2019,Honda,Pilot,,,SUV,6,Medium,
Gas,2023,Honda,Civic,Hatchback,,Hatchback,4,High,
Gas,2023,Honda,Passport,,,SUV,6,Medium,
Gas,2022,Honda,Accord,Sedan,,Sedan,4,High,
Gas,2023,Honda,Accord,Sedan,,Sedan,4,High,
Gas,2024,Honda,Accord,Sedan,,Sedan,4,High,
Gas,2025,Honda,Civic,Sedan,Hybrid,Sedan,4,High,
Gas,2015,Honda,Civic,Coupe,,Coupe,4,High,
Gas/Electric Hybrid,2023,Honda,CR-V,Hybrid,Hybrid,SUV,4,High,
Gas/Electric Hybrid,2023,Honda,Accord,Hybrid,Hybrid,Sedan,4,High,
Gas,2020,Honda,Pilot,,,SUV,6,Medium,
Gas/Electric Hybrid,2018,Honda,Clarity,Plug-In-Hybrid,,Sedan,4,High,
Gas/Electric Hybrid,2024,Honda,Accord,Hybrid,Hybrid,Sedan,4,High,
Gas/Electric Hybrid,2025,Honda,Accord,Hybrid,,Sedan,4,High,
Gas,2018,Honda,Civic,Hatchback,,Hatchback,4,High,
Gas,2024,Honda,CR-V,Hybrid,,SUV,4,High,
Gas,2025,Honda,Civic,Hatchback,,Hatchback,4,High,
Gas,2026,Honda,Odyssey,,,Minivan,6,Medium,
Gas,2012,Honda,CR-V,,,SUV,4,Medium,
Gas,2025,Honda,HR-V,,,SUV,4,Medium,
Gas,2017,Honda,Fit,,,Hatchback,4,Medium,
Gas,2016,Honda,Fit,,,Hatchback,4,Medium,
Gas,2022,Honda,Ridgeline,,,Pickup Truck,6,Medium,
Gas,2011,Honda,Civic,Coupe,,Coupe,4,High,
Gas/Electric Hybrid,2020,Honda,Accord,Hybrid,,Sedan,4,High,
Gas,2022,Honda,HR-V,,,SUV,4,Medium,
Gas,2014,Honda,Accord,Coupe,,Coupe,4,High,
Gas,2013,Honda,Odyssey,,,Minivan,6,Medium,
Gas,2026,Honda,Ridgeline,,,Pickup Truck,6,Medium,
Gas,2026,Honda,Odyssey,,Hybrid,Minivan,6,High,
Gas,2026,Honda,Civic,Hatchback,,Hatchback,4,High,
Gas/Electric Hybrid,2026,Honda,Accord,,Hybrid,Sedan,4,High,
Gas/Electric Hybrid,2026,Honda,Civic,Hatchback,,Hatchback,4,High,
Gas,2010,Hyundai,Elantra,,,Sedan,4,Medium,
Gas,2019,Hyundai,Kona,,,SUV,4,Medium,
Gas,2019,Hyundai,ACCENT,,,Hatchback,4,Medium,
Gas,2013,Hyundai,ACCENT,,,Hatchback,4,Medium,
Gas,2015,Hyundai,Elantra,,,Sedan,4,Medium,
Gas,2017,Hyundai,Elantra,,,Sedan,4,Medium,
Gas,2014,Hyundai,Elantra,,,Sedan,4,Medium,
Gas,2013,Hyundai,Sonata,,,Sedan,4,Medium,
Gas/Electric Hybrid,2023,Hyundai,Elantra,Hybrid,Hybrid,Sedan,4,High,
Gas,2019,Hyundai,Elantra,,,Sedan,4,Medium,
Gas,2023,Hyundai,Tucson,,,SUV,4,Medium,
Gas,2020,Hyundai,Venue,,,SUV,4,Medium,
Gas,2024,Hyundai,Tucson,,,SUV,4,Medium,
Gas,2022,Hyundai,Elantra,N,,Sedan,4,High,
Gas,2023,Hyundai,Kona,,,SUV,4,Medium,
Gas,2017,Hyundai,Elantra,GT,,Sedan,4,High,
Gas,2012,Hyundai,Santa,Fe,,SUV,4,High,
Gas,2015,Hyundai,ACCENT,,,Hatchback,4,Medium,
Gas,2024,Hyundai,Santa,Cruz,,Pickup Truck,4,High,
Gas,2023,Hyundai,Elantra,,N,Sedan,4,High,
Gas,2012,Hyundai,Tucson,,,SUV,4,Medium,
Gas,2025,Hyundai,Tucson,,,SUV,4,Medium,
Electric,2024,Hyundai,Kona,Electric,,SUV,Electric,High,
Gas,2022,Hyundai,Kona,,"N Line, N",SUV,4,High,
Gas,2018,Hyundai,Tucson,,,SUV,4,Medium,
Gas,2025,Hyundai,Kona,,"N Line, N",SUV,4,High,
Gas,2022,Hyundai,Elantra,Hybrid,,Sedan,4,High,
Gas,2025,Hyundai,Santa,Fe,,SUV,4,High,
Gas,2024,Hyundai,Sonata,,,Sedan,4,Medium,
Gas,2016,Hyundai,Elantra,GT,,Sedan,4,High,
Gas/Electric Hybrid,2025,Hyundai,Tucson,Hybrid,,SUV,4,High,
Gas,2015,Hyundai,Sonata,,,Sedan,4,Medium,
Gas,2023,Hyundai,Tucson,Hybrid,,SUV,4,High,
Gas/Electric Hybrid,2023,Hyundai,Tucson,Plug-In Hybrid,,SUV,4,High,
Gas/Electric Hybrid,2014,Hyundai,Sonata,Hybrid,,Sedan,4,High,
Gas,2012,Hyundai,Elantra,,,Sedan,4,Medium,
Gas,2016,Hyundai,Santa,Fe Sport,,SUV,4,High,
Gas/Electric Hybrid,2026,Hyundai,Sonata,Hybrid,,Sedan,4,High,
Gas,2018,Hyundai,Kona,,,SUV,4,Medium,
Gas/Electric Hybrid,2021,Hyundai,Santa,Fe Hybrid,,SUV,4,High,
Gas,2025,Hyundai,Venue,,,SUV,4,Medium,
Gas,2014,Hyundai,Veloster,,,Hatchback,4,Medium,
Gas,2015,Hyundai,Santa,Fe Sport,,SUV,4,High,
Gas,2019,Hyundai,Sonata,,,Sedan,4,Medium,
Gas,2006,Hyundai,ACCENT,,,Hatchback,4,Medium,
Gas,2011,Hyundai,Sonata,,,Sedan,4,Medium,
Gas,2025,Hyundai,Elantra,Hybrid,,Sedan,4,High,
Gas,2015,Hyundai,Santa,Fe XL,,SUV,4,High,
Gas,2011,Hyundai,Santa,Fe,,SUV,4,High,
Gas,2024,Hyundai,Kona,,"N Line, N",SUV,4,High,
Gas,2013,Hyundai,Veloster,,Turbo,Hatchback,4,High,
Gas,2013,Hyundai,Elantra,GT,,Sedan,4,High,
Gas,2021,Hyundai,Sonata,,"N Line, N",Sedan,4,High,
Gas,2011,Hyundai,Tucson,,,SUV,4,Medium,
Gas,2022,Hyundai,Tucson,Hybrid,,SUV,4,High,
Electric,2022,Hyundai,IONIQ,Plug-In-Hybrid,Hybrid,Hatchback,4,High,
Gas,2017,Hyundai,ACCENT,,,Hatchback,4,Medium,
Gas/Electric Hybrid,2025,Hyundai,Elantra,Hybrid,,Sedan,4,High,
Gas,2026,Hyundai,Santa,Fe Hybrid,,SUV,4,High,
Gas,2026,Hyundai,Elantra,,"N Line, N",Sedan,4,High,
Gas,2026,Hyundai,Tucson,Hybrid,,SUV,4,High,
Electric,2026,Hyundai,IONIQ,9,,SUV,Electric,High,
Gas,2026,Hyundai,Palisade,Hybrid,,SUV,6,High,
Electric,2026,Hyundai,IONIQ,5,,SUV,Electric,High,
Gas,2026,Hyundai,Sonata,,"N Line, N",Sedan,4,High,
Gas,2026,Hyundai,Tucson,Hybrid,"N Line, N",SUV,4,High,
Electric,2025,Hyundai,Tucson,Plug-In Hybrid,,SUV,Electric,High,
Gas/Electric Hybrid,2026,Hyundai,Santa,Fe Hybrid,Hybrid,SUV,4,High,
Gas,2026,Hyundai,Elantra,N,,Sedan,4,High,
Gas,2025,Hyundai,Sonata,,"N Line, N",Sedan,4,High,
Electric,2026,Hyundai,Kona,Electric,,SUV,Electric,High,
Gas,2014,Infiniti,Q50,,,Sedan,6,Medium,
Gas,2018,Infiniti,QX60,,,SUV,6,Medium,
Gas,2021,Infiniti,Q50,,AWD,Sedan,6,High,
Gas,2025,Infiniti,QX60,,"AWD, Autograph",SUV,6,High,
Gas,2025,Infiniti,QX60,,"AWD, Luxe",SUV,6,High,
Gas,2023,Infiniti,QX60,,Luxe,SUV,6,High,
Gas,2023,Infiniti,QX50,,"AWD, Pure",SUV,4,High,
Gas,2024,Infiniti,Q50,,"AWD, Luxe",Sedan,6,High,
Gas,2025,Infiniti,QX55,,,SUV,4,Medium,
Gas,2022,Infiniti,QX60,,"AWD, Luxe",SUV,6,High,
Gas,2021,Infiniti,QX50,,"AWD, Sensory",SUV,4,High,
Gas,2025,Infiniti,QX60,,,SUV,6,Medium,
Gas,2026,Infiniti,QX60,,,SUV,6,Medium,
Gas,2024,Infiniti,QX60,,"AWD, Sensory",SUV,6,High,
Gas,2015,Infiniti,QX60,,AWD,SUV,6,High,
Gas,2025,Infiniti,QX50,,Pure,SUV,4,High,
Gas,2026,Infiniti,QX60,,Luxe,SUV,6,High,
Gas,2020,Infiniti,QX60,,AWD,SUV,6,High,
Gas,2013,Infiniti,EX,,AWD,SUV,4,High,
Gas,2025,Infiniti,QX50,,Sensory,SUV,4,High,
Gas,2023,Infiniti,QX60,,"AWD, Luxe",SUV,6,High,
Gas,2024,Infiniti,QX50,,,SUV,4,Medium,
Gas,2017,Infiniti,QX60,,AWD,SUV,6,High,
Gas,2014,Infiniti,QX60,,AWD,SUV,6,High,
Gas,2022,Infiniti,QX60,,,SUV,6,Medium,
Gas,2019,Infiniti,QX50,,"AWD, Sensory",SUV,4,High,
Gas,2026,Infiniti,QX80,,"AWD, Pure",SUV,8,High,
Gas,2016,Infiniti,Q50,,,Sedan,6,Medium,
Gas,2024,Infiniti,QX80,,Luxe,SUV,8,High,
Gas,2023,Infiniti,QX60,,"AWD, Sensory",SUV,6,High,
Gas,2022,Infiniti,QX55,,,SUV,4,Medium,
Gas,2023,Infiniti,Q50,,AWD,Sedan,6,High,
Gas,2025,Infiniti,QX50,,AWD,SUV,4,High,
Gas,2022,Infiniti,QX80,,,SUV,8,Medium,
Gas,2023,Infiniti,QX50,,"AWD, Sensory",SUV,4,High,
Gas,2017,Infiniti,QX60,,,SUV,6,Medium,
Gas,2019,Infiniti,QX60,,"AWD, Pure",SUV,6,High,
Gas,2025,Infiniti,QX80,,"AWD, Autograph",SUV,8,High,
Gas,2019,Infiniti,QX50,,AWD,SUV,4,High,
Gas,2023,Infiniti,QX50,,Sensory,SUV,4,High,
Gas,2025,Infiniti,QX80,,"AWD, Sensory",SUV,8,High,
Gas,2017,Infiniti,Q50,,,Sedan,6,Medium,
Gas,2015,Infiniti,QX70,,AWD,SUV,6,High,
Gas,2020,Infiniti,QX60,,Sensory,SUV,6,High,
Gas,2019,Infiniti,QX60,,Sensory,SUV,6,High,
Gas,2023,Infiniti,QX55,,,SUV,4,Medium,
Gas,2019,Infiniti,QX50,,Luxe,SUV,4,High,
Gas,2022,Infiniti,QX50,,"AWD, Pure",SUV,4,High,
Gas,2023,Infiniti,Q50,,"AWD, Luxe",Sedan,6,High,
Gas,2026,Infiniti,QX80,,"AWD, Luxe",SUV,8,High,
Gas,2014,Infiniti,Q60,,,Sedan,6,Medium,
Gas,2023,Infiniti,QX55,,Sensory,SUV,4,High,
Gas,2023,Infiniti,Q50,,,Sedan,6,Medium,
Gas,2012,Infiniti,G,,,Sedan,6,Medium,
Gas,2022,Infiniti,QX55,,AWD,SUV,4,High,
Gas,2024,Infiniti,QX60,,"AWD, Pure",SUV,6,High,
Gas,2021,Infiniti,QX50,,AWD,SUV,4,High,
Gas,2023,Infiniti,QX60,,"AWD, Pure",SUV,6,High,
Gas,2020,Infiniti,QX60,,Pure,SUV,6,High,
Gas,2021,Infiniti,QX80,,,SUV,8,Medium,
Gas/Electric Hybrid,2012,Infiniti,M,,,Sedan,6,Medium,
Gas,2016,Infiniti,QX60,,AWD,SUV,6,High,
Gas,2026,Infiniti,QX60,,Autograph,SUV,6,High,
Gas,2025,Infiniti,QX80,,,SUV,8,Medium,
Gas,2024,Infiniti,QX80,,AWD,SUV,8,High,
Gas,2014,Infiniti,QX50,,AWD,SUV,4,High,
Gas,2020,Infiniti,QX60,,"AWD, Pure",SUV,6,High,
Gas,2018,Infiniti,QX60,,"AWD, Pure",SUV,6,High,
Gas,2021,Infiniti,QX50,,Luxe,SUV,4,High,
Gas,2017,Infiniti,Q60,,,Sedan,6,Medium,
Gas,2022,Infiniti,QX55,,"AWD, Luxe",SUV,4,High,
Gas,2015,Infiniti,QX50,,AWD,SUV,4,High,
Gas,2017,Infiniti,Q50,,"3.0t, AWD",Sedan,6,High,
Gas,2019,Infiniti,QX50,,"AWD, Luxe",SUV,4,High,
Gas,2017,Infiniti,QX70,,,SUV,6,Medium,
Gas,2021,Infiniti,Q50,,Luxe,Sedan,6,High,
Gas,2026,Infiniti,QX80,,Autograph,SUV,8,High,
Gas,2020,Infiniti,QX50,,AWD,SUV,4,High,
Gas,2019,Infiniti,QX80,,,SUV,8,Medium,
Gas,2024,Infiniti,QX50,,AWD,SUV,4,High,
Gas,2022,Infiniti,QX55,,"AWD, Sensory",SUV,4,High,
Gas,2020,Infiniti,Q50,,Pure,Sedan,6,High,
Gas,2015,Infiniti,QX50,,,SUV,4,Medium,
Gas,2025,Infiniti,QX80,,Sensory,SUV,8,High,
Gas,2023,Infiniti,QX80,,Luxe,SUV,8,High,
Gas,2025,Infiniti,QX60,,"AWD, Pure",SUV,6,High,
Gas,2025,Infiniti,QX55,,Sensory,SUV,4,High,
Gas,2019,Infiniti,QX50,,Sensory,SUV,4,High,
Gas,2022,Infiniti,Q60,,AWD,Sedan,6,High,
Gas,2021,Infiniti,Q60,,"AWD, Luxe",Sedan,6,High,
Gas,2014,Infiniti,QX60,,,SUV,6,Medium,
Gas,2024,Infiniti,QX60,,"AWD, Luxe",SUV,6,High,
Gas,2015,Infiniti,QX60,,,SUV,6,Medium,
Gas,2012,Infiniti,EX,,AWD,SUV,4,High,
Gas,2016,Infiniti,Q50,,3.0t,Sedan,6,High,
Gas,2021,Infiniti,Q50,,,Sedan,6,Medium,
Gas,2016,Infiniti,QX50,,AWD,SUV,4,High,
Gas,2025,Infiniti,QX60,,Luxe,SUV,6,High,
Gas,2023,Infiniti,QX55,,AWD,SUV,4,High,
Gas,2023,Infiniti,QX50,,,SUV,4,Medium,
Gas,2025,Infiniti,QX60,,Pure,SUV,6,High,
Gas,2013,Infiniti,JX35,,,SUV,6,Medium,
Gas,2020,Infiniti,Q50,,"3.0t, Pure",Sedan,6,High,
Gas,2024,Infiniti,QX55,,AWD,SUV,4,High,
Gas,2013,Infiniti,G,,,Sedan,6,Medium,
Gas,2024,Infiniti,QX50,,Pure,SUV,4,High,
Gas,2024,Infiniti,QX60,,AWD,SUV,6,High,
Gas,2017,Infiniti,QX50,,AWD,SUV,4,High,
Gas,2020,Infiniti,QX60,,"AWD, Luxe",SUV,6,High,
Gas,2025,Infiniti,QX80,,Autograph,SUV,8,High,
Gas,2024,Infiniti,QX80,,,SUV,8,Medium,
Gas,2024,Infiniti,QX60,,Sensory,SUV,6,High,
Gas,2018,Infiniti,Q50,,3.0t,Sedan,6,High,
Gas,2016,Infiniti,QX50,,,SUV,4,Medium,
Gas,2023,Infiniti,Q50,,Luxe,Sedan,6,High,
Gas,2021,Infiniti,QX50,,Sensory,SUV,4,High,
Gas,2006,Infiniti,M,,,Sedan,6,Medium,
Gas,2023,Infiniti,QX60,,Pure,SUV,6,High,
Gas,2025,Infiniti,QX60,,Sensory,SUV,6,High,
Gas,2025,Infiniti,QX55,,Luxe,SUV,4,High,
Gas,2023,Infiniti,QX55,,"AWD, Luxe",SUV,4,High,
Gas,2020,Infiniti,QX50,,,SUV,4,Medium,
Gas,2017,Infiniti,QX50,,,SUV,4,Medium,
Gas,2016,Infiniti,QX80,,,SUV,8,Medium,
Gas,2026,Infiniti,QX80,,,SUV,8,Medium,
Gas,2023,Infiniti,QX60,,,SUV,6,Medium,
Gas,2010,Infiniti,EX,,,SUV,4,Medium,
Gas,2020,Infiniti,QX80,,AWD,SUV,8,High,
Gas,2015,Infiniti,Q50,,AWD,Sedan,6,High,
Gas,2023,Infiniti,QX60,,Sensory,SUV,6,High,
Gas,2018,Infiniti,Q70,,"AWD, Luxe",Sedan,6,High,
Gas,2021,Infiniti,QX50,,,SUV,4,Medium,
Gas,2024,Infiniti,QX50,,"AWD, Pure",SUV,4,High,
Gas,2022,Infiniti,QX60,,"AWD, Pure",SUV,6,High,
Gas,2022,Infiniti,QX55,,Sensory,SUV,4,High,
Gas,2023,Infiniti,Q50,,"AWD, Pure",Sedan,6,High,
Gas,2010,Infiniti,FX,,AWD,SUV,6,High,
Gas,2017,Infiniti,Q50,,3.0t,Sedan,6,High,
Gas,2021,Infiniti,QX80,,"AWD, Luxe",SUV,8,High,
Gas,2008,Infiniti,EX,,AWD,SUV,4,High,
Gas,2017,Infiniti,QX30,,,SUV,4,Medium,
Gas,2020,Infiniti,Q50,,AWD,Sedan,6,High,
Gas,2018,Infiniti,Q50,,"AWD, Luxe",Sedan,6,High,
Gas,2018,Infiniti,Q50,,,Sedan,6,Medium,
Gas,2008,Infiniti,EX,,,SUV,4,Medium,
Gas,2020,Infiniti,QX50,,"AWD, Pure",SUV,4,High,
Gas,2010,Infiniti,G,,,Sedan,6,Medium,
Gas,2010,Infiniti,EX,,AWD,SUV,4,High,
Gas,2019,Infiniti,QX80,,Luxe,SUV,8,High,
Gas,2017,Infiniti,QX30,,AWD,SUV,4,High,
Gas,2013,Infiniti,JX35,,AWD,SUV,6,High,
Gas,2010,Infiniti,G,,AWD,Sedan,6,High,
Gas,2024,Infiniti,Q50,,,Sedan,6,Medium,
Gas,2019,Infiniti,QX60,,,SUV,6,Medium,
Gas,2008,Infiniti,G,Sedan,,Sedan,6,High,
Gas,2022,Infiniti,QX80,,Luxe,SUV,8,High,
Gas,2012,Infiniti,G,,AWD,Sedan,6,High,
Gas,2026,Infiniti,QX80,,AWD,SUV,8,High,
Gas,2011,Infiniti,G,,AWD,Sedan,6,High,
Gas,2018,Infiniti,QX30,,,SUV,4,Medium,
Gas/Electric Hybrid,2014,Infiniti,Q50,,AWD,Sedan,6,High,
Gas,2013,Infiniti,M,Sedan,AWD,Sedan,6,High,
Gas,2008,Infiniti,M,,AWD,Sedan,6,High,
Gas,2020,Infiniti,QX60,,"AWD, Sensory",SUV,6,High,
Electric,2014,Infiniti,Q50,,,Sedan,Electric,Medium,
Gas,2019,Infiniti,QX60,,"AWD, Luxe",SUV,6,High,
Gas,2008,Infiniti,M,,,Sedan,6,Medium,
Gas,2009,Infiniti,G,,AWD,Sedan,6,High,
Gas,2008,Infiniti,G,,,Sedan,6,Medium,
Gas,2019,Infiniti,Q50,,3.0t,Sedan,6,High,
Gas,2026,Infiniti,QX60,,"AWD, Luxe",SUV,6,High,
Gas,2026,Infiniti,QX80,,Luxe,SUV,8,High,
Gas,2023,Infiniti,QX55,,Luxe,SUV,4,High,
Gas,2027,Infiniti,QX60,,AWD,SUV,6,High,
Gas,2026,Infiniti,QX60,,AWD,SUV,6,High,
Gas,2018,Jeep,Compass,,,SUV,4,Medium,
Gas,2019,Jeep,Cherokee,,,SUV,4,Medium,
Gas,2007,Jeep,Wrangler,,,SUV,6,Medium,
Gas,2021,Jeep,Compass,,,SUV,4,Medium,
Gas,2021,Jeep,Cherokee,,,SUV,4,Medium,
Gas,2017,Jeep,Wrangler,Unlimited,,SUV,6,High,
Gas/Electric Hybrid,2023,Jeep,Wrangler,4xe,,SUV,4,High,4xe plug-in hybrid uses 2.0L turbo I4
Gas,2013,Jeep,Grand,Cherokee,,SUV,6,High,
Gas,2022,Jeep,Grand,Wagoneer,,SUV,6,High,
Gas,2017,Jeep,Grand,Cherokee,,SUV,6,High,
Gas,2015,Jeep,Cherokee,,,SUV,4,Medium,
Gas,2008,Jeep,Wrangler,,,SUV,6,Medium,
Gas/Electric Hybrid,2023,Jeep,Wrangler,4xe,4xe,SUV,4,High,4xe plug-in hybrid uses 2.0L turbo I4
Gas,2022,Jeep,Grand,Cherokee WK,,SUV,6,High,
Gas,2024,Jeep,Gladiator,,,Pickup Truck,6,Medium,
Gas,2022,Jeep,Grand,Cherokee L,,SUV,6,High,
Gas/Electric Hybrid,2024,Jeep,Wrangler,4xe,,SUV,4,High,4xe plug-in hybrid uses 2.0L turbo I4
Gas,2025,Jeep,Grand,Cherokee L,,SUV,6,High,
Gas/Electric Hybrid,2024,Jeep,Wrangler,4xe,4xe,SUV,4,High,4xe plug-in hybrid uses 2.0L turbo I4
Gas,2009,Jeep,Wrangler,,,SUV,6,Medium,
Gas,2019,Jeep,Compass,,,SUV,4,Medium,
Gas,2014,Jeep,Grand,Cherokee,,SUV,6,High,
Gas,2023,Jeep,Compass,,,SUV,4,Medium,
Gas,2014,Jeep,Patriot,,,SUV,4,Medium,
Electric,2024,Jeep,Wrangler,4xe,4xe,SUV,4,High,4xe plug-in hybrid uses 2.0L turbo I4
Gas,2022,Jeep,Wrangler,Unlimited,,SUV,6,High,
Gas,2023,Jeep,Gladiator,,,Pickup Truck,6,Medium,
Gas,2011,Jeep,Grand,Cherokee,,SUV,6,High,
Gas,2017,Jeep,Cherokee,,,SUV,4,Medium,
Gas,2022,Jeep,Compass,,,SUV,4,Medium,
Gas,2015,Jeep,Renegade,,,SUV,4,Medium,
Electric,2023,Jeep,Wrangler,4xe,,SUV,4,High,4xe plug-in hybrid uses 2.0L turbo I4
Gas,2014,Jeep,Wrangler,,,SUV,6,Medium,
Gas/Electric Hybrid,2022,Jeep,Wrangler,Unlimited,,SUV,6,High,
Gas/Electric Hybrid,2022,Jeep,Grand,Cherokee 4xe,4xe,SUV,4,High,4xe plug-in hybrid uses 2.0L turbo I4
Gas/Electric Hybrid,2022,Jeep,Wagoneer,,,SUV,6,Medium,
Gas,2022,Jeep,Wrangler,,,SUV,6,Medium,
Gas,2022,Jeep,Gladiator,,,Pickup Truck,6,Medium,
Gas,2018,Jeep,Wrangler,JK Unlimited,,SUV,6,High,
Gas,2012,Jeep,Wrangler,,,SUV,6,Medium,
Electric,2021,Jeep,Wrangler,Unlimited,,SUV,Electric,High,
Gas,2019,Jeep,Renegade,,,SUV,4,Medium,
Gas,2012,Jeep,Grand,Cherokee,,SUV,6,High,
Gas,2016,Jeep,Grand,Cherokee,,SUV,6,High,
Gas,2008,Jeep,Grand,Cherokee,,SUV,6,High,
Gas,2005,Jeep,TJ,,,SUV,6,Medium,
Gas,2011,Jeep,Wrangler,,,SUV,6,Medium,
Gas,2016,Jeep,Patriot,,,SUV,4,Medium,
Electric,2024,Jeep,Wrangler,4xe,,SUV,4,High,4xe plug-in hybrid uses 2.0L turbo I4
Electric,2022,Jeep,Grand,Cherokee 4xe,,SUV,4,High,4xe plug-in hybrid uses 2.0L turbo I4
Gas,2025,Jeep,Wagoneer,,,SUV,6,Medium,
Electric,2023,Jeep,Grand,Cherokee 4xe,,SUV,4,High,4xe plug-in hybrid uses 2.0L turbo I4
Gas,2021,Kia,Telluride,,,SUV,6,Medium,
Gas,2016,Kia,Forte,5-Door,,Sedan,4,High,
Electric,2020,Kia,Soul,EV,,Hatchback,Electric,High,
Gas,2014,Kia,Forte,,,Sedan,4,Medium,
Gas,2021,Kia,Soul,,,Hatchback,4,Medium,
Gas,2016,Kia,Rio,,,Sedan,4,Medium,
Gas,2017,Kia,Soul,,,Hatchback,4,Medium,
Gas,2020,Kia,Sportage,,,SUV,4,Medium,
Gas,2022,Kia,Seltos,,Turbo,SUV,4,High,
Gas,2018,Kia,Sportage,,,SUV,4,Medium,
Gas,2022,Kia,Sorento,,,SUV,4,Medium,
Gas/Electric Hybrid,2025,Kia,Sorento,Hybrid,Hybrid,SUV,4,High,
Gas,2025,Kia,Sportage,,,SUV,4,Medium,
Gas,2025,Kia,Seltos,,,SUV,4,Medium,
Gas,2022,Kia,Soul,,,Hatchback,4,Medium,
Gas,2023,Kia,Forte,,,Sedan,4,Medium,
Electric,2025,Kia,Sportage,Hybrid,,SUV,Electric,High,
Electric,2025,Kia,EV9,,GT,Sedan,Electric,High,known BEV-only model
Gas,2023,Kia,Sorento,,,SUV,4,Medium,
Gas,2022,Kia,Rio,5-door,,Sedan,4,High,
Gas/Electric Hybrid,2026,Kia,Sportage,Hybrid,Hybrid,SUV,4,High,
Gas,2014,Kia,Rio,,,Sedan,4,Medium,
Gas,2018,Kia,Soul,,,Hatchback,4,Medium,
Gas/Electric Hybrid,2025,Kia,Sorento,Hybrid,,SUV,4,High,
Gas,2022,Kia,Telluride,,,SUV,6,Medium,
Gas,2024,Kia,Seltos,,Turbo,SUV,4,High,
Gas,2019,Kia,Sedona,,,Minivan,6,Medium,
Gas/Electric Hybrid,2025,Kia,Sorento,Plug-In Hybrid,,SUV,4,High,
Gas,2015,Kia,Sorento,,,SUV,4,Medium,
Electric,2023,Kia,Soul,EV,,Hatchback,Electric,High,
Gas,2024,Kia,Soul,,,Hatchback,4,Medium,
Gas,2020,Kia,Soul,,GT,Hatchback,4,High,
Gas,2025,Kia,Seltos,,Turbo,SUV,4,High,
Gas/Electric Hybrid,2025,Kia,Sportage,Hybrid,,SUV,4,High,
Gas,2021,Kia,Seltos,,Turbo,SUV,4,High,
Gas,2020,Kia,Soul,,,Hatchback,4,Medium,
Gas,2024,Kia,Telluride,,,SUV,6,Medium,
Gas,2015,Kia,Forte,,,Sedan,4,Medium,
Gas,2023,Kia,Soul,,,Hatchback,4,Medium,
Gas,2023,Kia,Rio,5-door,,Sedan,4,High,
Gas,2010,Kia,Sportage,,,SUV,4,Medium,
Gas/Electric Hybrid,2019,Kia,Niro,,Hybrid,SUV,4,High,
Gas/Electric Hybrid,2025,Kia,Niro,,,SUV,4,Medium,
Gas,2017,Kia,Forte,5-Door,,Sedan,4,High,
Gas,2023,Kia,Forte,5,GT,Sedan,4,High,
Electric,2022,Kia,Soul,EV,,Hatchback,Electric,High,
Gas,2017,Kia,Soul,,Turbo,Hatchback,4,High,
Gas,2016,Kia,Forte,Koup,,Sedan,4,High,
Gas,2018,Kia,Niro,,Hybrid,SUV,4,High,
Gas,2021,Kia,Sorento,,Turbo,SUV,4,High,
Gas/Electric Hybrid,2025,Kia,Carnival,Hybrid,Hybrid,Minivan,4,High,
Gas/Electric Hybrid,2026,Kia,Niro,,,SUV,4,Medium,
Gas,2017,Kia,Sorento,,Turbo,SUV,4,High,
Gas,2017,Kia,Forte,,,Sedan,4,Medium,
Gas,2006,Kia,Sportage,,,SUV,4,Medium,
Electric,2025,Kia,Sorento,Plug-In Hybrid,,SUV,Electric,High,
Gas,2010,Kia,Forte,,,Sedan,4,Medium,
Gas,2019,Kia,Stinger,,GT,Sedan,4,High,
Gas,2025,Kia,K4,,GT,Sedan,4,High,
Gas,2017,Kia,Sportage,,Turbo,SUV,4,High,
Gas,2018,Kia,Rio,5-door,,Sedan,4,High,
Gas,2014,Kia,Forte,Koup,,Sedan,4,High,
Gas,2023,Kia,Sorento,,Turbo,SUV,4,High,
Gas/Electric Hybrid,2026,Kia,Sorento,Hybrid,,SUV,4,High,
Gas/Electric Hybrid,2023,Kia,Sportage,Hybrid,Hybrid,SUV,4,High,
Gas,2019,Kia,Forte,,,Sedan,4,Medium,
Gas,2021,Kia,K5,,GT,Sedan,4,High,
Gas,2018,Kia,Optima,,,Sedan,4,Medium,
Gas/Electric Hybrid,2025,Kia,Sportage,Hybrid,Hybrid,SUV,4,High,
Gas,2010,Kia,Rio,,,Sedan,4,Medium,
Gas,2026,Kia,Sorento,Plug-In Hybrid,,SUV,4,High,
Gas,2026,Kia,Sportage,Hybrid,,SUV,4,High,
Gas,2012,Kia,Forte,,,Sedan,4,Medium,
Gas,2016,Kia,Optima,,Turbo,Sedan,4,High,
Gas,2024,Kia,Forte,,GT,Sedan,4,High,
Gas,2017,Kia,Rio,,,Sedan,4,Medium,
Gas,2020,Kia,Rio,,,Sedan,4,Medium,
Gas,2023,Kia,Stinger,,GT,Sedan,4,High,
Electric,2023,Kia,EV6,,GT,Sedan,Electric,High,known BEV-only model
Gas,2008,Kia,Rondo,,,Minivan,4,Medium,
Electric,2023,Kia,Niro,EV,,SUV,Electric,High,
Gas,2023,Kia,Soul,,GT,Hatchback,4,High,
Gas,2012,Kia,Soul,,,Hatchback,4,Medium,
Gas,2025,Kia,Soul,,,Hatchback,4,Medium,
Gas,2019,Kia,Optima,,Turbo,Sedan,4,High,
Gas,2018,Kia,Stinger,,GT,Sedan,4,High,
Gas,2015,Kia,Rondo,,,Minivan,4,Medium,
Gas/Electric Hybrid,2018,Kia,Niro,,Hybrid,SUV,4,High,
Gas,2016,Kia,Forte,,,Sedan,4,Medium,
Electric,2025,Kia,EV6,,,Sedan,Electric,Medium,known BEV-only model
Electric,2026,Kia,EV4,,GT,Sedan,Electric,High,known BEV-only model
Electric,2026,Kia,Sorento,Plug-In Hybrid,,SUV,Electric,High,
Gas,2026,Kia,K4,,"Turbo, GT",Sedan,4,High,
Gas/Electric Hybrid,2026,Kia,Carnival,Hybrid,,Minivan,4,High,
Electric,2026,Kia,Niro,,,SUV,Electric,Medium,
Electric,2026,Kia,Sportage,Hybrid,,SUV,Electric,High,
Electric,2026,Kia,Niro,Plug-In Hybrid,,SUV,Electric,High,
Gas/Electric Hybrid,2026,Kia,Carnival,Hybrid,Hybrid,Minivan,4,High,
Electric,2027,Kia,,,GT,SUV,Electric,Low,model unspecified (GT trim); likely a next-gen Kia EV
Gas,2018,Land,Rover,Range Rover Evoque,,SUV,4,High,
Gas,2021,Land,Rover,Range Rover Sport,,SUV,6,High,
Gas,2023,Land,Rover,Range Rover,,SUV,6,High,
Gas,2019,Land,Rover,Discovery Sport,,SUV,6,High,
Gas,2024,Land,Rover,Range Rover Sport,,SUV,6,High,
Gas/Electric Hybrid,2025,Land,Rover,Range Rover Sport,,SUV,6,High,
Gas,2019,Land,Rover,Range Rover Sport,,SUV,6,High,
Gas,2025,Land,Rover,Range Rover Evoque,,SUV,4,High,
Gas/Electric Hybrid,2022,Land,Rover,Range Rover Sport,,SUV,6,High,
Gas,2021,Land,Rover,Range Rover Evoque,,SUV,4,High,
Electric,2021,Land,Rover,Range Rover Sport,,SUV,Electric,High,
Gas,2021,Land,Rover,Range Rover Velar,,SUV,4,High,
Gas,2022,Land,Rover,Defender,,SUV,4,High,
Gas,2021,Land,Rover,Range Rover,,SUV,6,High,
Gas,2026,Land,Rover,Defender,,SUV,4,High,
Gas,2014,Land,Rover,Range Rover Sport,,SUV,6,High,
Gas,2025,Land,Rover,Defender,,SUV,4,High,
Gas/Electric Hybrid,2022,Land,Rover,Range Rover,,SUV,6,High,
Gas,2025,Land,Rover,Discovery Sport,,SUV,6,High,
Gas,2023,Land,Rover,Discovery Sport,,SUV,6,High,
Gas/Electric Hybrid,2023,Land,Rover,Range Rover Sport,,SUV,6,High,
Gas,2020,Land,Rover,Range Rover Sport,,SUV,6,High,
Gas,2021,Land,Rover,Discovery Sport,,SUV,6,High,
Gas,2025,Land,Rover,Range Rover Sport,,SUV,6,High,
Gas,2022,Land,Rover,Range Rover,,SUV,6,High,
Gas,2015,Land,Rover,Discovery Sport,,SUV,6,High,
Gas,2016,Land,Rover,Range Rover Evoque,,SUV,4,High,
Gas,2019,Land,Rover,Range Rover,,SUV,6,High,
Gas,2024,Land,Rover,Range Rover,,SUV,6,High,
Gas,2025,Land,Rover,Discovery,,SUV,6,High,
Gas,2024,Land,Rover,Range Rover Evoque,,SUV,4,High,
Gas,2020,Land,Rover,Discovery,,SUV,6,High,
Gas,2019,Land,Rover,Range Rover Velar,,SUV,4,High,
Gas,2018,Land,Rover,Discovery,,SUV,6,High,
Gas,2019,Land,Rover,Discovery,,SUV,6,High,
Gas,2017,Land,Rover,Discovery,,SUV,6,High,
Gas,2020,Land,Rover,Defender,,SUV,4,High,
Gas,2024,Land,Rover,Discovery Sport,,SUV,6,High,
Gas,2016,Land,Rover,Range Rover,,SUV,6,High,
Gas,2018,Land,Rover,Range Rover,,SUV,6,High,
Gas,2012,Land,Rover,Range Rover Evoque,,SUV,4,High,
Gas/Electric Hybrid,2025,Land,Rover,Defender,,SUV,4,High,
Gas,2024,Land,Rover,Discovery,,SUV,6,High,
Gas/Electric Hybrid,2023,Land,Rover,Range Rover,,SUV,6,High,
Gas,2026,Land,Rover,Discovery,,SUV,6,High,
Gas,2022,Lexus,IS,,,Sedan,4,Medium,
Gas/Electric Hybrid,2025,Lexus,UX,,"300, 300h",SUV,4,High,
Gas,2018,Lexus,LC,,"500, 500h",Coupe,6,High,
Gas,2022,Lexus,NX,,250,SUV,4,High,
Gas,2021,Lexus,IS,,F,Sedan,4,High,
Gas/Electric Hybrid,2021,Lexus,UX,,250,SUV,4,High,
Gas,2008,Lexus,IS,,,Sedan,4,Medium,
Gas,2019,Lexus,NX,,300,SUV,4,High,
Gas,2018,Lexus,RX,,,SUV,4,Medium,
Gas/Electric Hybrid,2025,Lexus,UX,,"300, 300h, F",SUV,4,High,
Gas,2024,Lexus,IS,,300,Sedan,4,High,
Gas,2016,Lexus,NX,,,SUV,4,Medium,
Gas,2022,Lexus,NX,,350,SUV,4,High,
Gas/Electric Hybrid,2024,Lexus,RX,,,SUV,4,Medium,
Gas/Electric Hybrid,2024,Lexus,UX,,"250, 250h",SUV,4,High,
Gas/Electric Hybrid,2025,Lexus,ES,,,Sedan,4,Medium,
Gas/Electric Hybrid,2022,Lexus,UX,,"250, 250h",SUV,4,High,
Gas/Electric Hybrid,2025,Lexus,NX,,,SUV,4,Medium,
Gas,2022,Lexus,RX,,350,SUV,4,High,
Gas,2025,Lexus,IS,,"300, F",Sedan,4,High,
Gas/Electric Hybrid,2024,Lexus,UX,,"250, 250h, F",SUV,4,High,
Gas,2018,Lexus,GS,,"350, F",Sedan,6,High,
Gas,2019,Lexus,IS,,300,Sedan,4,High,
Gas,2025,Lexus,NX,,350,SUV,4,High,
Gas,2022,Lexus,RX,,,SUV,4,Medium,
Gas,2023,Lexus,NX,,F,SUV,4,High,
Gas/Electric Hybrid,2026,Lexus,RX,,450h,SUV,4,High,
Gas/Electric Hybrid,2020,Lexus,UX,,F,SUV,4,High,
Gas,2024,Lexus,RX,,350,SUV,4,High,
Gas/Electric Hybrid,2023,Lexus,RX,,,SUV,4,Medium,
Gas,2021,Lexus,RX,,,SUV,4,Medium,
Gas,2025,Lexus,ES,,F,Sedan,4,High,
Gas/Electric Hybrid,2010,Lexus,RX,,,SUV,4,Medium,
Gas,2018,Lexus,NX,,300,SUV,4,High,
Gas/Electric Hybrid,2026,Lexus,NX,,"350, 350h",SUV,4,High,
Gas/Electric Hybrid,2024,Lexus,RX,,"350, 350h",SUV,4,High,
Gas/Electric Hybrid,2024,Lexus,RX,,"500, 500h",SUV,4,High,
Gas,2014,Lexus,IS,,"350, F",Sedan,4,High,
Gas,2009,Lexus,IS,,,Sedan,4,Medium,
Gas,2024,Lexus,NX,,350,SUV,4,High,
Gas,2016,Lexus,IS,,,Sedan,4,Medium,
Gas/Electric Hybrid,2025,Lexus,NX,,"350, 350h",SUV,4,High,
Gas,2024,Lexus,GX,,,SUV,6,Medium,
Gas,2022,Lexus,ES,,,Sedan,4,Medium,
Gas,2020,Lexus,IS,,"300, F",Sedan,4,High,
Gas,2015,Lexus,ES,,,Sedan,4,Medium,
Gas,2014,Lexus,LS,,,Sedan,6,Medium,
Gas,2011,Lexus,RX,,,SUV,4,Medium,
Gas,2021,Lexus,NX,,300,SUV,4,High,
Gas/Electric Hybrid,2022,Lexus,NX,,"350, 350h",SUV,4,High,
Gas,2026,Lexus,IS,,350,Sedan,4,High,
Gas,2011,Lexus,ES,,,Sedan,4,Medium,
Gas/Electric Hybrid,2011,Lexus,CT,,,Hatchback,4,Medium,
Gas,2021,Lexus,NX,,F,SUV,4,High,
Gas,2023,Lexus,NX,,"350, F",SUV,4,High,
Gas/Electric Hybrid,2021,Lexus,UX,,F,SUV,4,High,
Gas/Electric Hybrid,2025,Lexus,UX,,F,SUV,4,High,
Gas,2013,Lexus,RX,,F,SUV,4,High,
Gas/Electric Hybrid,2025,Lexus,ES,,"300, 300h",Sedan,4,High,
Gas,2014,Lexus,RX,,,SUV,4,Medium,
Gas,2020,Lexus,NX,,F,SUV,4,High,
Gas,2012,Lexus,IS,,,Sedan,4,Medium,
Gas,2024,Lexus,RC,,300,Coupe,6,High,
Gas,2021,Lexus,IS,,,Sedan,4,Medium,
Gas,2018,Lexus,RX,,350,SUV,4,High,
Electric,2024,Lexus,NX,,,SUV,Electric,Medium,
Gas,2008,Lexus,ES,,,Sedan,4,Medium,
Gas,2015,Lexus,NX,,,SUV,4,Medium,
Gas,2025,Lexus,NX,,,SUV,4,Medium,
Gas/Electric Hybrid,2022,Lexus,NX,,450h,SUV,4,High,
Gas/Electric Hybrid,2022,Lexus,RX,,,SUV,4,Medium,
Gas,2023,Lexus,ES,,,Sedan,4,Medium,
Gas,2026,Lexus,IS,,"350, F",Sedan,4,High,
Electric,2024,Lexus,RX,,450h,SUV,Electric,High,
Gas,2024,Lexus,RX,,"350, F",SUV,4,High,
Gas,2018,Lexus,ES,,,Sedan,4,Medium,
Gas,2026,Lexus,NX,,F,SUV,4,High,
Gas,2019,Lexus,RX,,350,SUV,4,High,
Gas/Electric Hybrid,2023,Lexus,RX,,"350, 350h",SUV,4,High,
Gas,2024,Lexus,RX,,,SUV,4,Medium,
Gas,2023,Lexus,IS,,300,Sedan,4,High,
Gas,2026,Lexus,RX,,"350, F",SUV,4,High,
Gas/Electric Hybrid,2020,Lexus,UX,,"250, 250h",SUV,4,High,
Gas/Electric Hybrid,2024,Lexus,UX,,,SUV,4,Medium,
Gas,2026,Lexus,IS,,,Sedan,4,Medium,
Gas,2023,Lexus,RX,,F,SUV,4,High,
Gas/Electric Hybrid,2024,Lexus,RX,,450h,SUV,4,High,
Gas,2022,Lexus,NX,,"350, F",SUV,4,High,
Gas/Electric Hybrid,2026,Lexus,NX,,F,SUV,4,High,
Gas,2018,Lexus,LS,,500,Sedan,6,High,
Gas,2024,Lexus,RX,,F,SUV,4,High,
Gas/Electric Hybrid,2026,Lexus,UX,,"300, 300h",SUV,4,High,
Gas,2020,Lexus,RX,,,SUV,4,Medium,
Gas,2020,Lexus,RC,,,Coupe,6,Medium,
Gas,2010,Lexus,IS,,250,Sedan,4,High,
Electric,2025,Lexus,RZ,,,SUV,Electric,Medium,
Gas,2024,Lexus,ES,,,Sedan,4,Medium,
Gas,2015,Lexus,CT,,,Hatchback,4,Medium,
Gas,2011,Lexus,IS,,250,Sedan,4,High,
Gas/Electric Hybrid,2018,Lexus,RX,,,SUV,4,Medium,
Gas,2025,Lexus,UX,,"300, 300h",SUV,4,High,
Gas,2021,Lexus,IS,,300,Sedan,4,High,
Gas,2016,Lexus,IS,,300,Sedan,4,High,
Gas,2010,Lexus,RX,,,SUV,4,Medium,
Gas,2018,Lexus,IS,,F,Sedan,4,High,
Gas,2017,Lexus,ES,,350,Sedan,4,High,
Gas,2019,Lexus,ES,,,Sedan,4,Medium,
Electric,2023,Lexus,NX,,F,SUV,Electric,High,
Electric,2023,Lexus,RZ,,,SUV,Electric,Medium,
Gas,2025,Lexus,GX,,,SUV,6,Medium,
Gas,2017,Lexus,IS,,,Sedan,4,Medium,
Gas,2026,Lexus,RX,,"350, 350h, F",SUV,4,High,
Gas/Electric Hybrid,2026,Lexus,NX,,"350, 350h, F",SUV,4,High,
Gas/Electric Hybrid,2024,Lexus,TX,,,SUV,4,Medium,
Gas,2019,Lexus,LX,,,SUV,6,Medium,
Gas,2026,Lexus,NX,,"350, F",SUV,4,High,
Gas,2017,Lexus,RX,,,SUV,4,Medium,
Gas,2025,Lexus,TX,,350,SUV,4,High,
Gas,2015,Lexus,RX,,,SUV,4,Medium,
Gas,2013,Lexus,RX,,,SUV,4,Medium,
Gas,2022,Lexus,IS,,F,Sedan,4,High,
Gas/Electric Hybrid,2025,Lexus,TX,,"500, 500h, F",SUV,4,High,
Gas,2019,Lexus,ES,,350,Sedan,4,High,
Gas/Electric Hybrid,2017,Lexus,RX,,,SUV,4,Medium,
Gas,2020,Lexus,NX,,"300, F",SUV,4,High,
Gas,2017,Lexus,RX,,F,SUV,4,High,
Gas,2021,Lexus,NX,,,SUV,4,Medium,
Gas,2021,Lexus,ES,,250,Sedan,4,High,
Gas/Electric Hybrid,2026,Lexus,RX,,"500, 500h, F",SUV,4,High,
Gas,2019,Lexus,IS,,,Sedan,4,Medium,
Gas/Electric Hybrid,2024,Lexus,RX,,F,SUV,4,High,
Gas,2026,Lexus,TX,,350,SUV,4,High,
Gas,2019,Lexus,RX,,,SUV,4,Medium,
Gas,2022,Lexus,ES,,350,Sedan,4,High,
Gas,2020,Lexus,RX,,350,SUV,4,High,
Gas,2019,Lexus,IS,,F,Sedan,4,High,
Gas/Electric Hybrid,2026,Lexus,RX,,"350, 350h",SUV,4,High,
Gas,2024,Lexus,NX,,"350, F",SUV,4,High,
Gas,2018,Lexus,IS,,,Sedan,4,Medium,
Gas,2019,Lexus,GX,,,SUV,6,Medium,
Gas,2022,Lexus,LX,,F,SUV,6,High,
Gas,2017,Lexus,ES,,,Sedan,4,Medium,
Gas,2016,Lexus,RX,,350,SUV,4,High,
Gas,2020,Lexus,IS,,300,Sedan,4,High,
Gas,2024,Lexus,ES,,350,Sedan,4,High,
Gas,2007,Lexus,ES,,,Sedan,4,Medium,
Gas/Electric Hybrid,2018,Lexus,NX,,,SUV,4,Medium,
Gas,2018,Lexus,IS,,"300, F",Sedan,4,High,
Gas,2014,Lexus,CT,,,Hatchback,4,Medium,
Gas/Electric Hybrid,2025,Lexus,RX,,F,SUV,4,High,
Gas,2023,Lexus,GX,,,SUV,6,Medium,
Gas/Electric Hybrid,2018,Lexus,RX,,450h,SUV,4,High,
Gas/Electric Hybrid,2026,Lexus,TX,,"500, 500h, F",SUV,4,High,
Gas,2024,Lexus,TX,,350,SUV,4,High,
Gas,2008,Lexus,IS,,250,Sedan,4,High,
Gas,2023,Lexus,ES,,350,Sedan,4,High,
Gas,2025,Lexus,ES,,350,Sedan,4,High,
Gas,2015,Lexus,RC,,,Coupe,6,Medium,
Electric,2026,Lexus,RZ,,F,SUV,Electric,High,
Gas/Electric Hybrid,2026,Lexus,UX,,"300, 300h, F",SUV,4,High,
Gas,2025,Lexus,RX,,,SUV,4,Medium,
Gas/Electric Hybrid,2026,Lexus,UX,,,SUV,4,Medium,
Gas/Electric Hybrid,2026,Lexus,NX,,"450h, F",SUV,4,High,
Gas/Electric Hybrid,2026,Lexus,NX,,,SUV,4,Medium,
Electric,2026,Lexus,RZ,,,SUV,Electric,Medium,
Gas,2025,Lexus,IS,,,Sedan,4,Medium,
Gas,2025,Lexus,RX,,350,SUV,4,High,
Gas,2026,Lexus,RX,,,SUV,4,Medium,
Gas,2026,Lexus,TX,,,SUV,4,Medium,
Electric,2026,Lexus,RX,,450h,SUV,Electric,High,
Gas,2026,Lexus,TX,,"350, F",SUV,4,High,
Electric,2025,Lexus,RX,,450h,SUV,Electric,High,
Electric,2026,Lexus,NX,,450h,SUV,Electric,High,
Electric,2026,Lexus,RZ,,350,SUV,Electric,High,
Gas/Electric Hybrid,2026,Lexus,NX,,450h,SUV,4,High,
Electric,2026,Lexus,ES,,500,Sedan,Electric,High,
Gas/Electric Hybrid,2026,Lexus,TX,,,SUV,4,Medium,
Gas,2026,Lexus,UX,,"300, 300h, F",SUV,4,High,
Gas,2026,Lexus,UX,,"300, 300h",SUV,4,High,
Gas,2026,Lexus,RZ,,,SUV,Electric,Medium,
Gas,2026,Lexus,LX,,,SUV,6,Medium,
Gas,2026,Lexus,RX,,450h,SUV,4,High,
Gas,2025,Lexus,TX,,"350, F",SUV,4,High,
Gas,2025,Lincoln,Corsair,,,SUV,4,Medium,
Gas,2024,Lincoln,Navigator,,,SUV,6,Medium,
Gas,2026,Lincoln,Corsair,,,SUV,4,Medium,
Gas/Electric Hybrid,2025,Lincoln,Nautilus,,,SUV,4,Medium,
Gas,2025,Lincoln,Navigator,L,,SUV,6,High,
Gas,2021,Lincoln,Corsair,,,SUV,4,Medium,
Gas,2021,Lincoln,Aviator,,,SUV,6,Medium,
Gas,2025,Lincoln,Aviator,,,SUV,6,Medium,
Gas,2022,Lincoln,Navigator,L,,SUV,6,High,
Gas,2019,Lincoln,Navigator,,,SUV,6,Medium,
Gas/Electric Hybrid,2024,Lincoln,Corsair,,,SUV,4,Medium,
Gas,2015,Lincoln,MKZ,,,Sedan,6,Medium,
Gas,2021,Lincoln,Navigator,L,,SUV,6,High,
Gas,2023,Lincoln,Navigator,,,SUV,6,Medium,
Gas/Electric Hybrid,2023,Lincoln,Corsair,,,SUV,4,Medium,
Gas/Electric Hybrid,2023,Lincoln,Aviator,,,SUV,6,Medium,
Gas,2019,Lincoln,Navigator,L,,SUV,6,High,
Gas,2019,Lincoln,Nautilus,,,SUV,4,Medium,
Gas,2017,Lincoln,MKZ,,,Sedan,6,Medium,
Gas,2016,Lincoln,Navigator,,,SUV,6,Medium,
Gas,2014,Lincoln,MKZ,,,Sedan,6,Medium,
Gas,2026,Lincoln,Navigator,L,,SUV,6,High,
Gas,2018,Lincoln,Navigator,L,,SUV,6,High,
Gas,2015,Lincoln,MKX,,,SUV,4,Medium,
Gas/Electric Hybrid,2022,Lincoln,Corsair,,,SUV,4,Medium,
Gas,2018,Lincoln,MKC,,,SUV,4,Medium,
Gas,2009,Lincoln,MKZ,,,Sedan,6,Medium,
Gas/Electric Hybrid,2025,Lincoln,Corsair,,,SUV,4,Medium,
Gas,2018,Lincoln,MKZ,,,Sedan,6,Medium,
Gas,2017,Lincoln,Continental,,,Sedan,6,Medium,
Gas,2023,Lincoln,Navigator,L,,SUV,6,High,
Gas/Electric Hybrid,2022,Lincoln,Aviator,,,SUV,6,Medium,
Gas,2020,Lincoln,Nautilus,,,SUV,4,Medium,
Gas,2018,Lincoln,MKT,,,SUV,6,Medium,
Gas/Electric Hybrid,2021,Lincoln,Aviator,,,SUV,6,Medium,
Gas,2025,Lincoln,Navigator,,,SUV,6,Medium,
Gas,2022,Lincoln,Navigator,,,SUV,6,Medium,
Gas,2020,Lincoln,Navigator,,,SUV,6,Medium,
Gas,2016,Lincoln,MKX,,,SUV,4,Medium,
Gas,2017,Lincoln,MKX,,,SUV,4,Medium,
Gas,2017,Lincoln,Navigator,L,,SUV,6,High,
Gas,2018,Lincoln,MKX,,,SUV,4,Medium,
Gas,2013,Lincoln,MKX,,,SUV,4,Medium,
Gas,2016,Lincoln,MKC,,,SUV,4,Medium,
Gas,2017,Lincoln,MKC,,,SUV,4,Medium,
Gas,2011,Lincoln,MKS,,,Sedan,8,Medium,
Gas,2014,Lincoln,MKX,,,SUV,4,Medium,
Gas,2013,Lincoln,MKZ,,,Sedan,6,Medium,
Gas,2012,Lincoln,MKX,,,SUV,4,Medium,
Gas,2011,Lincoln,MKX,,,SUV,4,Medium,
Gas,2015,Lincoln,Navigator,,,SUV,6,Medium,
Gas,2011,Lincoln,MKT,,,SUV,6,Medium,
Gas,2014,Lincoln,MKT,,,SUV,6,Medium,
Gas,2021,Lincoln,Nautilus,,,SUV,4,Medium,
Gas/Electric Hybrid,2015,Lincoln,MKZ,,,Sedan,6,Medium,
Gas,2013,Lincoln,Navigator,,,SUV,6,Medium,
Gas,2018,Lincoln,Navigator,,,SUV,6,Medium,
Gas,2016,Lincoln,MKZ,,,Sedan,6,Medium,
Gas,2010,Lincoln,MKZ,,,Sedan,6,Medium,
Gas,2012,Lincoln,MKZ,,,Sedan,6,Medium,
Gas,2011,Lincoln,Town,Car,,Sedan,8,High,
Gas,2024,Lincoln,Aviator,,,SUV,6,Medium,
Gas,2020,Lincoln,Continental,,,Sedan,6,Medium,
Gas,2024,Lincoln,Navigator,L,,SUV,6,High,
Gas,2020,Lincoln,MKZ,,,Sedan,6,Medium,
Gas,2006,Lincoln,Navigator,,,SUV,6,Medium,
Gas,2010,Lincoln,MKT,,,SUV,6,Medium,
Gas/Electric Hybrid,2020,Lincoln,Aviator,,,SUV,6,Medium,
Gas/Electric Hybrid,2026,Lincoln,Nautilus,,,SUV,4,Medium,
Gas/Electric Hybrid,2026,Lincoln,Corsair,,,SUV,4,Medium,
Gas,2026,MINI,Countryman,,"Cooper, Cooper S",SUV,4,High,
Gas,2027,MINI,Countryman,,Cooper,SUV,4,High,
Gas,2026,MINI,3,Door,Cooper,Hatchback,4,High,
Gas,2026,MINI,3,Door,"Cooper, Cooper S",Hatchback,4,High,
Gas,2027,MINI,Countryman,,"Cooper, Cooper S",SUV,4,High,
Gas,2026,MINI,3,Door,JCW,Hatchback,4,High,
Gas,2026,MINI,Convertible,,Cooper,Convertible,4,High,
Gas,2025,MINI,3,Door,Cooper,Hatchback,4,High,
Gas,2027,MINI,Countryman,,"Cooper, Cooper S, JCW",SUV,4,High,
Gas,2026,MINI,Countryman,,Cooper,SUV,4,High,
Gas,2026,MINI,5,Door,Cooper,Hatchback,4,High,
Gas,2025,MINI,5,Door,"Cooper, Cooper S",Hatchback,4,High,
Gas,2025,MINI,3,Door,JCW,Hatchback,4,High,
Electric,2025,MINI,Countryman,,,SUV,Electric,Medium,
Gas,2026,MINI,Convertible,,"Cooper, Cooper S",Convertible,4,High,
Electric,2026,MINI,Countryman,,,SUV,Electric,Medium,
Electric,2027,MINI,Countryman,,,SUV,Electric,Medium,
Gas,2026,MINI,5,Door,"Cooper, Cooper S",Hatchback,4,High,
Gas,2025,MINI,Convertible,,"Cooper, Cooper S",Convertible,4,High,
Gas,2026,MINI,3,Door,"Cooper, Cooper S, JCW",Hatchback,4,High,
Gas,2026,MINI,5,Door,"Cooper, Cooper S, JCW",Hatchback,4,High,
Gas,2012,MINI,Countryman,,,SUV,4,Medium,
Gas,2021,MINI,Countryman,,Cooper,SUV,4,High,
Gas,2018,MINI,Clubman,,"Cooper, Cooper S",Wagon,4,High,
Gas,2019,MINI,Countryman,,"Cooper, Cooper S",SUV,4,High,
Gas,2019,MINI,Countryman,,Cooper,SUV,4,High,
Gas,2018,MINI,3,Door,"Cooper, Cooper S",Hatchback,4,High,
Gas,2024,MINI,Countryman,,,SUV,4,Medium,
Electric,2022,MINI,3,Door,"Cooper, Cooper S",Hatchback,Electric,High,
Gas,2013,MINI,3,Door,,Hatchback,4,High,
Gas,2017,MINI,Clubman,,Cooper,Wagon,4,High,
Gas,2018,MINI,Countryman,,"Cooper, Cooper S",SUV,4,High,
Gas,2014,MINI,3,Door,,Hatchback,4,High,
Gas,2019,MINI,3,Door,Cooper,Hatchback,4,High,
Gas,2018,MINI,3,Door,Cooper,Hatchback,4,High,
Gas,2025,MINI,3,Door,,Hatchback,4,High,
Gas/Electric Hybrid,2019,MINI,Countryman,,"Cooper, Cooper S",SUV,4,High,
Gas,2019,MINI,Countryman,,,SUV,4,Medium,
Gas,2012,MINI,3,Door,,Hatchback,4,High,
Gas,2025,MINI,Countryman,,Cooper,SUV,4,High,
Gas,2020,MINI,3,Door,Cooper,Hatchback,4,High,
Gas,2014,MINI,Countryman,,,SUV,4,Medium,
Gas,2016,MINI,Paceman,,,SUV,4,Medium,
Gas,2025,MINI,Countryman,,JCW,SUV,4,High,
Gas,2023,MINI,3,Door,Cooper,Hatchback,4,High,
Gas,2023,MINI,Countryman,,"Cooper, Cooper S",SUV,4,High,
Gas,2015,MINI,3,Door,,Hatchback,4,High,
Gas,2024,MINI,3,Door,,Hatchback,4,High,
Gas,2016,MINI,3,Door,,Hatchback,4,High,
Gas,2025,MINI,Countryman,,"Cooper, Cooper S",SUV,4,High,
Electric,2023,MINI,3,Door,Cooper,Hatchback,Electric,High,
Gas,2016,MINI,Countryman,,,SUV,4,Medium,
Gas,2016,MINI,3,Door,Cooper,Hatchback,4,High,
Gas,2023,MINI,Convertible,,JCW,Convertible,4,High,
Gas,2020,MINI,3,Door,,Hatchback,4,High,
Gas,2019,MINI,3,Door,"Cooper, Cooper S",Hatchback,4,High,
Gas,2022,MINI,Countryman,,"Cooper, Cooper S",SUV,4,High,
Gas,2017,MINI,Clubman,,,Wagon,4,Medium,
Gas,2025,MINI,3,Door,"Cooper, Cooper S",Hatchback,4,High,
Gas,2024,MINI,3,Door,JCW,Hatchback,4,High,
Gas,2019,MINI,Clubman,,,Wagon,4,Medium,
Gas,2022,MINI,3,Door,Cooper,Hatchback,4,High,
Gas,2013,MINI,Paceman,,,SUV,4,Medium,
Gas,2019,MINI,Convertible,,JCW,Convertible,4,High,
Gas,2020,MINI,5,Door,Cooper,Hatchback,4,High,
Gas,2009,MINI,3,Door,JCW,Hatchback,4,High,
Gas,2023,MINI,3,Door,,Hatchback,4,High,
Gas,2024,MINI,Countryman,,JCW,SUV,4,High,
Gas,2013,MINI,Convertible,,,Convertible,4,Medium,
Electric,2021,MINI,3,Door,Cooper,Hatchback,Electric,High,
Gas,2023,MINI,Convertible,,,Convertible,4,Medium,
Gas,2020,MINI,5,Door,,Hatchback,4,High,
Gas,2011,MINI,Countryman,,,SUV,4,Medium,
Gas,2015,MINI,Countryman,,,SUV,4,Medium,
Gas,2017,MINI,Convertible,,,Convertible,4,Medium,
Gas,2022,MINI,3,Door,,Hatchback,4,High,
Gas,2012,MINI,3,Door,Cooper,Hatchback,4,High,
Gas,2016,MINI,Clubman,,,Wagon,4,Medium,
Gas,2019,MINI,Countryman,,JCW,SUV,4,High,
Gas,2017,MINI,3,Door,,Hatchback,4,High,
Gas,2024,MINI,5,Door,,Hatchback,4,High,
Gas,2021,MINI,3,Door,"Cooper, Cooper S",Hatchback,4,High,
Gas,2010,MINI,3,Door,,Hatchback,4,High,
Gas,2018,MINI,5,Door,,Hatchback,4,High,
Gas,2014,MINI,Paceman,,,SUV,4,Medium,
Gas,2024,MINI,5,Door,Cooper,Hatchback,4,High,
Gas/Electric Hybrid,2022,MINI,Countryman,,"Cooper, Cooper S",SUV,4,High,
Gas,2015,MINI,Convertible,,,Convertible,4,Medium,
Gas,2026,MINI,Countryman,,,SUV,4,Medium,
Gas,2026,MINI,3,Door,,Hatchback,4,High,
Gas,2014,MINI,Convertible,,Cooper,Convertible,4,High,
Gas,2024,MINI,3,Door,Cooper,Hatchback,4,High,
Gas,2023,MINI,5,Door,"Cooper, Cooper S",Hatchback,4,High,
Gas,2020,MINI,Countryman,,"Cooper, Cooper S",SUV,4,High,
Gas,2022,MINI,Clubman,,"Cooper, Cooper S",Wagon,4,High,
Gas,2023,MINI,Convertible,,"Cooper, Cooper S",Convertible,4,High,
Gas,2019,MINI,3,Door,,Hatchback,4,High,
Gas,2013,MINI,3,Door,Cooper,Hatchback,4,High,
Gas,2020,MINI,Clubman,,"Cooper, Cooper S",Wagon,4,High,
Gas,2019,MINI,5,Door,"Cooper, Cooper S",Hatchback,4,High,
Gas,2025,MINI,5,Door,Cooper,Hatchback,4,High,
Gas,2024,MINI,Convertible,,,Convertible,4,Medium,
Gas,2024,MINI,Countryman,,"Cooper, Cooper S",SUV,4,High,
Gas,2024,MINI,Convertible,,"Cooper, Cooper S",Convertible,4,High,
Gas,2012,MINI,Countryman,,Cooper,SUV,4,High,
Gas,2024,MINI,Countryman,,Cooper,SUV,4,High,
Gas,2025,MINI,5,Door,,Hatchback,4,High,
Gas,2023,MINI,Countryman,,Cooper,SUV,4,High,
Gas,2010,MINI,Clubman,,,Wagon,4,Medium,
Gas,2023,MINI,Countryman,,JCW,SUV,4,High,
Gas,2022,MINI,Convertible,,"Cooper, Cooper S",Convertible,4,High,
Gas,2021,MINI,5,Door,Cooper,Hatchback,4,High,
Gas,2023,MINI,5,Door,Cooper,Hatchback,4,High,
Gas,2021,MINI,Clubman,,Cooper,Wagon,4,High,
Gas,2022,MINI,Convertible,,"Cooper, JCW",Convertible,4,High,
Gas,2019,MINI,Convertible,,"Cooper, Cooper S",Convertible,4,High,
Gas,2021,MINI,Clubman,,"Cooper, Cooper S",Wagon,4,High,
Gas,2025,MINI,5,Door,JCW,Hatchback,4,High,
Gas,2015,MINI,5,Door,,Hatchback,4,High,
Gas,2022,MINI,3,Door,"Cooper, JCW",Hatchback,4,High,
Gas/Electric Hybrid,2020,MINI,Countryman,,"Cooper, Cooper S",SUV,4,High,
Gas,2016,MINI,Convertible,,Cooper,Convertible,4,High,
Gas,2023,MINI,3,Door,"Cooper, Cooper S",Hatchback,4,High,
Gas,2020,MINI,Convertible,,Cooper,Convertible,4,High,
Gas,2021,MINI,5,Door,,Hatchback,4,High,
Gas,2019,MINI,Clubman,,"Cooper, Cooper S",Wagon,4,High,
Gas,2024,MINI,3,Door,"Cooper, Cooper S",Hatchback,4,High,
Gas,2015,MINI,3,Door,Cooper,Hatchback,4,High,
Gas,2024,MINI,Convertible,,Cooper,Convertible,4,High,
Electric,2023,MINI,3,Door,"Cooper, Cooper SE",Hatchback,Electric,High,
Gas,2007,MINI,Convertible,,,Convertible,4,Medium,
Gas,2014,MINI,Clubman,,,Wagon,4,Medium,
Gas,2021,MINI,Convertible,,,Convertible,4,Medium,
Electric,2023,MINI,3,Door,,Hatchback,Electric,High,
Gas,2008,MINI,Clubman,,,Wagon,4,Medium,
Gas,2014,MINI,Convertible,,,Convertible,4,Medium,
Gas,2013,MINI,Coupe,,,Hatchback,4,Medium,
Gas,2018,MINI,Countryman,,Cooper,SUV,4,High,
Gas,2018,MINI,Countryman,,,SUV,4,Medium,
Gas,2005,MINI,3,Door,,Hatchback,4,High,
Gas,2012,MINI,Convertible,,Cooper,Convertible,4,High,
Gas,2020,MINI,Countryman,,,SUV,4,Medium,
Gas,2008,MINI,Convertible,,,Convertible,4,Medium,
Gas,2011,MINI,3,Door,,Hatchback,4,High,
Gas,2009,MINI,Clubman,,,Wagon,4,Medium,
Gas,2013,MINI,Countryman,,,SUV,4,Medium,
Gas,2017,MINI,Countryman,,,SUV,4,Medium,
Gas,2017,MINI,Cooper,Hardtop,,Hatchback,4,High,
Gas,2017,MINI,Convertible,,Cooper,Convertible,4,High,
Gas,2015,MINI,Paceman,,,SUV,4,Medium,
Gas,2014,MINI,Countryman,,Cooper,SUV,4,High,
Gas,2017,MINI,Countryman,,"Cooper, Cooper S",SUV,4,High,
Gas,2012,MINI,Convertible,,"Cooper, Cooper S",Convertible,4,High,
Gas,2018,MINI,5,Door,"Cooper, Cooper S",Hatchback,4,High,
Gas,2006,MINI,3,Door,,Hatchback,4,High,
Gas,2009,MINI,Coupe,,,Hatchback,4,Medium,
Gas,2014,MINI,Paceman,,Cooper,SUV,4,High,
Gas,2008,MINI,3,Door,,Hatchback,4,High,
Gas,2022,Mazda,CX-3,,,SUV,4,Medium,
Gas,2014,Mazda,Mazda3,,Skyactiv,Sedan,4,High,
Gas,2010,Mazda,Mazda3,,,Sedan,4,Medium,
Gas,2017,Mazda,CX-3,,Skyactiv,SUV,4,High,
Gas,2016,Mazda,CX-3,,Skyactiv,SUV,4,High,
Gas,2015,Mazda,Mazda3,,Skyactiv,Sedan,4,High,
Gas,2016,Mazda,Mazda3,,Skyactiv,Sedan,4,High,
Gas,2012,Mazda,Mazda3,,Skyactiv,Sedan,4,High,
Gas,2013,Mazda,Mazda3,,,Sedan,4,Medium,
Gas,2021,Mazda,CX-30,,Skyactiv,SUV,4,High,
Gas,2019,Mazda,CX-3,,Skyactiv,SUV,4,High,
Gas,2022,Mazda,CX-9,,,SUV,4,Medium,
Gas,2013,Mazda,Mazda3,,Skyactiv,Sedan,4,High,
Gas,2018,Mazda,Mazda3,,Skyactiv,Sedan,4,High,
Gas,2025,Mazda,CX-30,,Turbo,SUV,4,High,
Gas,2022,Mazda,Mazda3,Sport,,Sedan,4,High,
Gas,2021,Mazda,CX-30,,,SUV,4,Medium,
Gas,2024,Mazda,Mazda3,,Turbo,Sedan,4,High,
Gas,2021,Mazda,CX-30,,Turbo,SUV,4,High,
Gas,2023,Mazda,CX-5,,,SUV,4,Medium,
Gas,2014,Mazda,Mazda6,,,Sedan,4,Medium,
Gas,2025,Mazda,MX-5,Miata RF,,Convertible,4,High,
Gas,2021,Mazda,Mazda3,,Skyactiv,Sedan,4,High,
Gas,2022,Mazda,CX-5,,Turbo,SUV,4,High,
Gas,2023,Mazda,CX-5,,Turbo,SUV,4,High,
Gas,2017,Mazda,Mazda3,,,Sedan,4,Medium,
Gas,2021,Mazda,CX-5,,Turbo,SUV,4,High,
Gas,2024,Mazda,CX-50,,,SUV,4,Medium,
Gas,2014,Mazda,Mazda3,,,Sedan,4,Medium,
Gas,2021,Mazda,CX-3,,,SUV,4,Medium,
Gas,2016,Mazda,CX-5,,Skyactiv,SUV,4,High,
Gas,2020,Mazda,Mazda3,,,Sedan,4,Medium,
Gas,2016,Mazda,CX-9,,,SUV,4,Medium,
Gas,2023,Mazda,Mazda3,,,Sedan,4,Medium,
Gas,2024,Mazda,Mazda3,Sport,,Sedan,4,High,
Gas,2021,Mazda,Mazda6,,,Sedan,4,Medium,
Gas,2017,Mazda,CX-3,,,SUV,4,Medium,
Gas,2019,Mazda,CX-5,,Turbo,SUV,4,High,
Gas,2015,Mazda,CX-5,,Skyactiv,SUV,4,High,
Gas,2022,Mazda,Mazda3,,,Sedan,4,Medium,
Gas/Electric Hybrid,2024,Mazda,CX-90,PHEV,,SUV,6,High,
Gas,2025,Mazda,CX-50,,Turbo,SUV,4,High,
Gas,2019,Mazda,Mazda3,,Skyactiv,Sedan,4,High,
Gas,2022,Mazda,MX-5,Miata Roadster,,Convertible,4,High,
Gas/Electric Hybrid,2025,Mazda,CX-50,Hybrid,,SUV,4,High,
Gas,2018,Mazda,Mazda3,Sport,Skyactiv,Sedan,4,High,
Gas,2021,Mazda,Mazda3,,Turbo,Sedan,4,High,
Gas,2024,Mazda,CX-50,,Turbo,SUV,4,High,
Gas,2025,Mazda,CX-50,Hybrid,,SUV,4,High,
Gas,2011,Mazda,CX-9,,,SUV,4,Medium,
Gas,2018,Mazda,Mazda6,,,Sedan,4,Medium,
Electric,2022,Mazda,MX-30,,,SUV,Electric,Medium,
Gas,2026,Mazda,Mazda3,,Turbo,Sedan,4,High,
Gas/Electric Hybrid,2024,Mazda,CX-90,MHEV,,SUV,6,High,
Gas,2025,Mazda,CX-70,PHEV,,SUV,6,High,
Gas,2020,Mazda,CX-3,,,SUV,4,Medium,
Gas/Electric Hybrid,2026,Mazda,CX-70,,,SUV,6,Medium,
Electric,2026,Mazda,CX-70,,,SUV,Electric,Medium,
Gas/Electric Hybrid,2026,Mazda,CX-90,PHEV,,SUV,6,High,
Electric,2026,Mazda,CX-90,PHEV,,SUV,Electric,High,
Gas,2024,Mazda,CX-30,,Turbo,SUV,4,High,
Gas,2025,Mazda,Mazda3,Sport,Turbo,Sedan,4,High,
Gas,2025,Mazda,MX-5,Miata Roadster,,Convertible,4,High,
Electric,2025,Mazda,CX-70,PHEV,,SUV,Electric,High,
Gas,2026,Mazda,MX-5,Miata,,Convertible,4,High,
Gas,2022,Mercedes-Benz,C-Class,Sedan,,Sedan,4,High,
Gas,2025,Mercedes-Benz,GLC,,"4MATIC, AMG, 43",SUV,6,High,
Gas,2026,Mercedes-Benz,GLC,,,SUV,4,Medium,
Gas,2024,Mercedes-Benz,GLS,,"4MATIC, 450",SUV,6,High,
Gas,2020,Mercedes-Benz,GLC,,"4MATIC, AMG, 300",SUV,4,High,
Gas,2025,Mercedes-Benz,GLB,,,SUV,4,Medium,
Gas,2023,Mercedes-Benz,GLE,,,SUV,6,Medium,
Gas,2024,Mercedes-Benz,GLE,,450,SUV,6,High,
Gas,2023,Mercedes-Benz,CLA,,"AMG, 45",Sedan,4,High,
Gas,2023,Mercedes-Benz,GLC,,"AMG, 43",SUV,6,High,
Gas,2022,Mercedes-Benz,GLC,,,SUV,4,Medium,
Gas,2024,Mercedes-Benz,GLE,,"4MATIC, AMG, 53, 53 AMG",SUV,6,High,
Gas,2020,Mercedes-Benz,E-Class,,"4MATIC, AMG, 63",Sedan,8,High,
Gas,2018,Mercedes-Benz,GLA,,4MATIC,SUV,4,High,
Gas,2011,Mercedes-Benz,E-Class,,,Sedan,6,Medium,
Gas,2022,Mercedes-Benz,CLA,,4MATIC,Sedan,4,High,
Gas,2018,Mercedes-Benz,C-Class,Sedan,"4MATIC, AMG, 43",Sedan,6,High,
Gas,2018,Mercedes-Benz,C-Class,Sedan,"4MATIC, AMG, 300",Sedan,4,High,
Gas,2021,Mercedes-Benz,GLC,,"4MATIC, AMG, 43, 43 AMG",SUV,6,High,
Gas,2016,Mercedes-Benz,E-Class,,"AMG, 400",Sedan,6,High,
Gas,2024,Mercedes-Benz,GLE,,"AMG, 450",SUV,6,High,
Gas,2020,Mercedes-Benz,C-Class,Sedan,4MATIC,Sedan,4,High,
Gas,2019,Mercedes-Benz,GLC,,63,SUV,8,High,
Gas,2021,Mercedes-Benz,S-Class,,"AMG, 580",Sedan,8,High,
Gas/Electric Hybrid,2019,Mercedes-Benz,E-Class,,"AMG, 53",Sedan,6,High,
Gas,2021,Mercedes-Benz,GLC,,AMG,SUV,4,High,
Gas,2021,Mercedes-Benz,GLE,,350,SUV,4,High,
Gas,2021,Mercedes-Benz,GLA,,"4MATIC, AMG",SUV,4,High,
Gas,2022,Mercedes-Benz,E-Class,,"AMG, 53",Sedan,6,High,
Electric,2023,Mercedes-Benz,EQS,,450,SUV,6,High,known BEV-only model
Gas,2023,Mercedes-Benz,GLE,,"AMG, 53",SUV,6,High,
Gas,2025,Mercedes-Benz,GLC,,,SUV,4,Medium,
Gas,2024,Mercedes-Benz,CLA,,AMG,Sedan,4,High,
Gas,2021,Mercedes-Benz,GLC,,,SUV,4,Medium,
Gas,2016,Mercedes-Benz,CLA,,,Sedan,4,Medium,
Gas,2025,Mercedes-Benz,GLE,,AMG,SUV,6,High,
Gas,2012,Mercedes-Benz,C-Class,Sedan,4MATIC,Sedan,6,High,
Gas,2022,Mercedes-Benz,E-Class,,4MATIC,Sedan,4,High,
Gas,2024,Mercedes-Benz,GLE,,"4MATIC, 350",SUV,4,High,
Gas,2021,Mercedes-Benz,C-Class,Sedan,4MATIC,Sedan,4,High,
Gas,2022,Mercedes-Benz,GLC,,"4MATIC, AMG, 300",SUV,4,High,
Electric,2025,Mercedes-Benz,EQE,,500,SUV,8,High,known BEV-only model
Gas,2015,Mercedes-Benz,C-Class,Sedan,400,Sedan,6,High,
Gas,2017,Mercedes-Benz,C-Class,Sedan,"4MATIC, AMG, 300",Sedan,4,High,
Gas,2020,Mercedes-Benz,GLE,,"4MATIC, AMG, 350",SUV,4,High,
Gas,2025,Mercedes-Benz,C-Class,Sedan,"4MATIC, 300",Sedan,4,High,
Gas,2017,Mercedes-Benz,C-Class,Coupe,"4MATIC, AMG, 43",Coupe,6,High,
Gas,2017,Mercedes-Benz,E-Class,,"4MATIC, AMG, 300",Sedan,4,High,
Gas,2025,Mercedes-Benz,GLE,,"4MATIC, AMG",SUV,6,High,
Gas,2017,Mercedes-Benz,C-Class,Convertible,"AMG, 63",Convertible,8,High,
Gas,2018,Mercedes-Benz,C-Class,Coupe,"4MATIC, 300",Coupe,4,High,
Gas,2024,Mercedes-Benz,GLE,,"4MATIC, AMG",SUV,6,High,
Gas,2019,Mercedes-Benz,C-Class,Coupe,"AMG, 43, 43 AMG",Coupe,6,High,
Gas,2022,Mercedes-Benz,A-Class,Hatchback,"4MATIC, AMG",Hatchback,4,High,
Gas/Electric Hybrid,2022,Mercedes-Benz,E-Class,,450,Sedan,6,High,
Gas,2018,Mercedes-Benz,C-Class,Sedan,4MATIC,Sedan,4,High,
Gas,2018,Mercedes-Benz,GLS,,"4MATIC, AMG, 450",SUV,6,High,
Gas,2014,Mercedes-Benz,G-Class,,"AMG, 63, 63 AMG",SUV,8,High,
Gas,2021,Mercedes-Benz,GLS,,"4MATIC, AMG, 450",SUV,6,High,
Gas,2020,Mercedes-Benz,E-Class,,"4MATIC, 450",Sedan,6,High,
Gas,2023,Mercedes-Benz,GLS,,4MATIC,SUV,6,High,
Gas,2024,Mercedes-Benz,GLC,,"4MATIC, AMG, 300",SUV,4,High,
Gas,2020,Mercedes-Benz,C-Class,Sedan,"4MATIC, AMG, 43",Sedan,6,High,
Gas,2024,Mercedes-Benz,GLE,,"4MATIC, AMG, 450",SUV,6,High,
Gas,2016,Mercedes-Benz,C-Class,Sedan,"4MATIC, AMG, 300",Sedan,4,High,
Gas,2018,Mercedes-Benz,C-Class,Convertible,"4MATIC, AMG, 300",Convertible,4,High,
Gas,2022,Mercedes-Benz,GLE,,"4MATIC, 350",SUV,4,High,
Gas,2020,Mercedes-Benz,GLC,,,SUV,4,Medium,
Gas,2022,Mercedes-Benz,GLE,,"4MATIC, AMG, 350",SUV,4,High,
Gas,2020,Mercedes-Benz,GLC,,4MATIC,SUV,4,High,
Electric,2022,Mercedes-Benz,EQS,,"4MATIC, 580",SUV,8,High,known BEV-only model
Gas,2020,Mercedes-Benz,C-Class,Sedan,"AMG, 300",Sedan,4,High,
Gas,2015,Mercedes-Benz,GLA,,"4MATIC, AMG, 45, 45 AMG",SUV,4,High,
Gas,2020,Mercedes-Benz,GLE,,350,SUV,4,High,
Gas,2021,Mercedes-Benz,GLC,,"4MATIC, AMG, 300",SUV,4,High,
Gas,2017,Mercedes-Benz,GLC,,4MATIC,SUV,4,High,
Gas/Electric Hybrid,2024,Mercedes-Benz,GLC,,"4MATIC, 300",SUV,4,High,
Gas,2020,Mercedes-Benz,GLC,,300,SUV,4,High,
Gas,2023,Mercedes-Benz,E-Class,,"4MATIC, AMG, 53",Sedan,6,High,
Gas,2018,Mercedes-Benz,CLA,,,Sedan,4,Medium,
Gas/Electric Hybrid,2022,Mercedes-Benz,GLE,,"4MATIC, 450",SUV,6,High,
Gas,2026,Mercedes-Benz,CLA,,,Sedan,4,Medium,
Gas,2024,Mercedes-Benz,GLE,,"4MATIC, AMG, 350",SUV,4,High,
Gas,2021,Mercedes-Benz,C-Class,Convertible,300,Convertible,4,High,
Electric,2023,Mercedes-Benz,EQB,,,SUV,Electric,Medium,known BEV-only model
Electric,2023,Mercedes-Benz,EQS,,"4MATIC, 450",SUV,6,High,known BEV-only model
Gas/Electric Hybrid,2021,Mercedes-Benz,S-Class,,"4MATIC, AMG, 580",Sedan,8,High,
Gas/Electric Hybrid,2023,Mercedes-Benz,GLE,,"4MATIC, 450",SUV,6,High,
Gas/Electric Hybrid,2024,Mercedes-Benz,GLS,,450,SUV,6,High,
Electric,2023,Mercedes-Benz,EQS,,"AMG, 450",SUV,6,High,known BEV-only model
Gas/Electric Hybrid,2020,Mercedes-Benz,GLS,,450,SUV,6,High,
Gas,2019,Mercedes-Benz,A-Class,Hatchback,4MATIC,Hatchback,4,High,
Gas,2020,Mercedes-Benz,CLA,,,Sedan,4,Medium,
Gas,2016,Mercedes-Benz,C-Class,Sedan,300,Sedan,4,High,
Gas,2019,Mercedes-Benz,C-Class,Sedan,"4MATIC, 300",Sedan,4,High,
Gas,2023,Mercedes-Benz,GLA,,"4MATIC, AMG",SUV,4,High,
Gas,2021,Mercedes-Benz,GLA,,4MATIC,SUV,4,High,
Gas,2023,Mercedes-Benz,E-Class,,,Sedan,4,Medium,
Gas,2024,Mercedes-Benz,GLC,,300,SUV,4,High,
Gas,2013,Mercedes-Benz,SL-Class,,AMG,Convertible,6,High,
Gas/Electric Hybrid,2022,Mercedes-Benz,GLS,,"4MATIC, 450",SUV,6,High,
Gas,2019,Mercedes-Benz,GLS,,"AMG, 450",SUV,6,High,
Gas,2019,Mercedes-Benz,S-Class,,4MATIC,Sedan,6,High,
Gas,2018,Mercedes-Benz,GLC,,300,SUV,4,High,
Gas,2010,Mercedes-Benz,GLK-Class,,"4MATIC, 350",SUV,4,High,
Gas,2021,Mercedes-Benz,GLE,,"4MATIC, AMG",SUV,6,High,
Gas,2015,Mercedes-Benz,CLA,,"4MATIC, AMG",Sedan,4,High,
Gas,2021,Mercedes-Benz,S-Class,,580,Sedan,8,High,
Gas,2025,Mercedes-Benz,GLC,,"4MATIC, AMG, 63",SUV,8,High,
Gas,2022,Mercedes-Benz,C-Class,Convertible,"4MATIC, 300",Convertible,4,High,
Gas,2023,Mercedes-Benz,E-Class,,350,Sedan,4,High,
Gas,2022,Mercedes-Benz,GLA,,AMG,SUV,4,High,
Gas,2019,Mercedes-Benz,GLC,,AMG,SUV,4,High,
Gas,2022,Mercedes-Benz,GLE,,"AMG, 350",SUV,4,High,
Gas,2016,Mercedes-Benz,GLE,,"AMG, 450",SUV,6,High,
Gas,2024,Mercedes-Benz,CLA,,4MATIC,Sedan,4,High,
Gas,2026,Mercedes-Benz,GLC,,"4MATIC, AMG, 300",SUV,4,High,
Gas,2017,Mercedes-Benz,GLE,,400,SUV,6,High,
Gas,2023,Mercedes-Benz,GLE,,"4MATIC, 450",SUV,6,High,
Electric,2024,Mercedes-Benz,EQE,,AMG,SUV,Electric,High,known BEV-only model
Gas,2018,Mercedes-Benz,S-Class,,,Sedan,6,Medium,
Gas,2023,Mercedes-Benz,GLB,,"4MATIC, AMG",SUV,4,High,
Gas,2017,Mercedes-Benz,C-Class,Sedan,AMG,Sedan,4,High,
Gas,2023,Mercedes-Benz,GLS,,"4MATIC, 580",SUV,8,High,
Gas,2021,Mercedes-Benz,GLE,,"4MATIC, AMG, 450",SUV,6,High,
Gas/Electric Hybrid,2024,Mercedes-Benz,CLE,,"4MATIC, 300",Coupe,4,High,
Gas,2023,Mercedes-Benz,E-Class,,4MATIC,Sedan,4,High,
Gas,2022,Mercedes-Benz,S-Class,,"AMG, 500",Sedan,8,High,
Gas,2018,Mercedes-Benz,E-Class,,"AMG, 43",Sedan,6,High,
Gas,2017,Mercedes-Benz,CLA,,"4MATIC, AMG, 45, 45 AMG",Sedan,4,High,
Gas,2021,Mercedes-Benz,GLE,,450,SUV,6,High,
Gas,2023,Mercedes-Benz,C-Class,Coupe,,Coupe,4,High,
Gas,2021,Mercedes-Benz,S-Class,,"4MATIC, 580",Sedan,8,High,
Gas,2021,Mercedes-Benz,C-Class,Coupe,AMG,Coupe,4,High,
Gas,2024,Mercedes-Benz,GLS,,"4MATIC, AMG",SUV,6,High,
Electric,2024,Mercedes-Benz,EQE,,350,SUV,4,High,known BEV-only model
Gas/Electric Hybrid,2023,Mercedes-Benz,C-Class,Sedan,"4MATIC, 300",Sedan,4,High,
Gas,2017,Mercedes-Benz,C-Class,Sedan,"4MATIC, AMG, 43, 43 AMG",Sedan,6,High,
Gas,2020,Mercedes-Benz,C-Class,Sedan,AMG,Sedan,4,High,
Gas,2013,Mercedes-Benz,S-Class,,4MATIC,Sedan,6,High,
Electric,2023,Mercedes-Benz,EQS,,,SUV,Electric,Medium,known BEV-only model
Gas,2021,Mercedes-Benz,C-Class,Sedan,"4MATIC, 300",Sedan,4,High,
Gas,2020,Mercedes-Benz,GLS,,,SUV,6,Medium,
Gas,2022,Mercedes-Benz,CLA,,AMG,Sedan,4,High,
Gas,2024,Mercedes-Benz,GLB,,4MATIC,SUV,4,High,
Gas,2025,Mercedes-Benz,GLE,,450,SUV,6,High,
Gas/Electric Hybrid,2025,Mercedes-Benz,GLC,,AMG,SUV,4,High,
Gas,2017,Mercedes-Benz,GLS,,450,SUV,6,High,
Gas,2018,Mercedes-Benz,GLE,,"4MATIC, AMG, 43",SUV,6,High,
Gas,2014,Mercedes-Benz,CLA,,4MATIC,Sedan,4,High,
Gas,2023,Mercedes-Benz,CLA,,AMG,Sedan,4,High,
Gas,2012,Mercedes-Benz,CL-Class,,4MATIC,Coupe,8,High,
Gas,2017,Mercedes-Benz,CLA,,AMG,Sedan,4,High,
Electric,2023,Mercedes-Benz,EQE,,"AMG, 350",SUV,4,High,known BEV-only model
Gas,2021,Mercedes-Benz,C-Class,Sedan,"4MATIC, AMG, 300",Sedan,4,High,
Gas,2022,Mercedes-Benz,GLA,,,SUV,4,Medium,
Gas,2021,Mercedes-Benz,G-Class,,AMG,SUV,8,High,
Gas,2022,Mercedes-Benz,GLC,,"4MATIC, AMG",SUV,4,High,
Gas,2021,Mercedes-Benz,E-Class,,"4MATIC, AMG, 53",Sedan,6,High,
Gas,2014,Mercedes-Benz,CLA,,,Sedan,4,Medium,
Gas,2024,Mercedes-Benz,C-Class,Sedan,300,Sedan,4,High,
Gas/Electric Hybrid,2024,Mercedes-Benz,GLC,,300,SUV,4,High,
Gas,2019,Mercedes-Benz,GLA,,4MATIC,SUV,4,High,
Gas,2021,Mercedes-Benz,GLA,,AMG,SUV,4,High,
Electric,2023,Mercedes-Benz,EQE,,350,SUV,4,High,known BEV-only model
Gas,2020,Mercedes-Benz,C-Class,Convertible,"4MATIC, AMG, 43",Convertible,6,High,
Gas,2015,Mercedes-Benz,GLA,,,SUV,4,Medium,
Electric,2023,Mercedes-Benz,EQS,,"4MATIC, 580",SUV,8,High,known BEV-only model
Gas,2025,Mercedes-Benz,GLS,,"AMG, 450",SUV,6,High,
Gas,2018,Mercedes-Benz,GLA,,,SUV,4,Medium,
Gas,2020,Mercedes-Benz,C-Class,Convertible,"4MATIC, 300",Convertible,4,High,
Gas,2021,Mercedes-Benz,C-Class,Convertible,4MATIC,Convertible,4,High,
Gas,2024,Mercedes-Benz,GLC,,4MATIC,SUV,4,High,
Gas,2023,Mercedes-Benz,CLA,,,Sedan,4,Medium,
Gas,2017,Mercedes-Benz,C-Class,Sedan,"AMG, 43",Sedan,6,High,
Gas,2022,Mercedes-Benz,GLC,,"4MATIC, AMG, 43",SUV,6,High,
Gas,2023,Mercedes-Benz,GLC,,4MATIC,SUV,4,High,
Gas,2014,Mercedes-Benz,E-Class,,"4MATIC, AMG, 350",Sedan,4,High,
Gas,2018,Mercedes-Benz,CLA,,AMG,Sedan,4,High,
Gas,2017,Mercedes-Benz,GLC,,"AMG, 300",SUV,4,High,
Gas,2009,Mercedes-Benz,SL-Class,,"AMG, 63",Convertible,8,High,
Gas,2019,Mercedes-Benz,Sprinter,2500,,Van,4,High,
Gas,2018,Mercedes-Benz,GLC,,AMG,SUV,4,High,
Gas,2016,Mercedes-Benz,S-Class,,"AMG, 63",Sedan,8,High,
Gas,2018,Mercedes-Benz,C-Class,Coupe,"AMG, 43",Coupe,6,High,
Gas,2019,Mercedes-Benz,S-Class,,AMG,Sedan,6,High,
Gas,2021,Mercedes-Benz,GLS,,450,SUV,6,High,
Gas,2023,Mercedes-Benz,GLE,,"4MATIC, 350",SUV,4,High,
Gas,2023,Mercedes-Benz,C-Class,Sedan,300,Sedan,4,High,
Gas,2017,Mercedes-Benz,C-Class,Coupe,"AMG, 43",Coupe,6,High,
Gas,2026,Mercedes-Benz,GLB,,AMG,SUV,4,High,
Gas,2023,Mercedes-Benz,GLB,,,SUV,4,Medium,
Gas,2018,Mercedes-Benz,B-Class,,4MATIC,Hatchback,4,High,
Gas,2018,Mercedes-Benz,C-Class,Sedan,300,Sedan,4,High,
Gas,2022,Mercedes-Benz,C-Class,Sedan,"4MATIC, 300",Sedan,4,High,
Gas,2019,Mercedes-Benz,C-Class,Coupe,"4MATIC, 300",Coupe,4,High,
Gas/Electric Hybrid,2021,Mercedes-Benz,GLE,,"AMG, 53",SUV,6,High,
Gas,2016,Mercedes-Benz,GLA,,AMG,SUV,4,High,
Gas,2020,Mercedes-Benz,GLS,,"AMG, 450",SUV,6,High,
Gas,2023,Mercedes-Benz,GLC,,"AMG, 300",SUV,4,High,
Gas,2018,Mercedes-Benz,GLS,,450,SUV,6,High,
Gas,2019,Mercedes-Benz,GLC,,300,SUV,4,High,
Gas,2018,Mercedes-Benz,GLE,,63,SUV,8,High,
Gas,2019,Mercedes-Benz,E-Class,,4MATIC,Sedan,4,High,
Gas/Electric Hybrid,2025,Mercedes-Benz,E-Class,,,Sedan,4,Medium,
Gas,2023,Mercedes-Benz,GLC,,"4MATIC, AMG, 43",SUV,6,High,
Gas,2023,Mercedes-Benz,GLC,,"4MATIC, AMG, 300",SUV,4,High,
Gas,2017,Mercedes-Benz,GLS,,"AMG, 450",SUV,6,High,
Gas,2019,Mercedes-Benz,E-Class,,"4MATIC, AMG, 53",Sedan,6,High,
Electric,2024,Mercedes-Benz,EQS,,,SUV,Electric,Medium,known BEV-only model
Gas/Electric Hybrid,2025,Mercedes-Benz,GLC,,,SUV,4,Medium,
Gas,2026,Mercedes-Benz,CLE,,4MATIC,Coupe,4,High,
Electric,2025,Mercedes-Benz,EQB,,,SUV,Electric,Medium,known BEV-only model
Gas/Electric Hybrid,2026,Mercedes-Benz,GLC,,4MATIC,SUV,4,High,
Gas,2026,Mercedes-Benz,GLE,,,SUV,6,Medium,
Gas,2025,Mercedes-Benz,CLE,,4MATIC,Coupe,4,High,
Gas,2026,Mercedes-Benz,GLA,,4MATIC,SUV,4,High,
Gas/Electric Hybrid,2026,Mercedes-Benz,GLC,,,SUV,4,Medium,
Gas/Electric Hybrid,2026,Mercedes-Benz,E-Class,,,Sedan,4,Medium,
Gas,2026,Mercedes-Benz,GLE,,4MATIC,SUV,6,High,
Electric,2026,Mercedes-Benz,EQE,,,SUV,Electric,Medium,known BEV-only model
Gas,2026,Mercedes-Benz,C-Class,Sedan,4MATIC,Sedan,4,High,
Gas,2026,Mercedes-Benz,CLA,,4MATIC,Sedan,4,High,
Gas,2026,Mercedes-Benz,E-Class,,4MATIC,Sedan,4,High,
Gas,2026,Mercedes-Benz,GLB,,,SUV,4,Medium,
Gas,2025,Mercedes-Benz,C-Class,Sedan,4MATIC,Sedan,4,High,
Gas,2026,Mercedes-Benz,GLB,,4MATIC,SUV,4,High,
Electric,2025,Mercedes-Benz,EQB,,4MATIC,SUV,Electric,High,known BEV-only model
Electric,2025,Mercedes-Benz,EQB,,"4MATIC, 300",SUV,4,High,known BEV-only model
Electric,2026,Mercedes-Benz,GLC,,"4MATIC, 350",SUV,4,High,
Gas/Electric Hybrid,2025,Mercedes-Benz,GLE,,,SUV,6,Medium,
Electric,2025,Mercedes-Benz,EQE,,,SUV,Electric,Medium,known BEV-only model
Gas/Electric Hybrid,2026,Mercedes-Benz,GLE,,,SUV,6,Medium,
Gas,2026,Mercedes-Benz,Sprinter,2500 Passenger Van,,Van,4,High,
Electric,2025,Mercedes-Benz,eSprinter,Cargo Van,,Van,Electric,High,known BEV-only model
Electric,2026,Mercedes-Benz,EQE,,4MATIC,SUV,Electric,High,known BEV-only model
Gas/Electric Hybrid,2026,Mercedes-Benz,GLE,,4MATIC,SUV,6,High,
Electric,2025,Mercedes-Benz,EQS,,4MATIC,SUV,Electric,High,known BEV-only model
Gas,2025,Mercedes-Benz,EQB,,4MATIC,SUV,Electric,High,known BEV-only model
Electric,2025,Mercedes-Benz,eSprinter,,,Van,Electric,Medium,known BEV-only model
Gas,2025,Mitsubishi,RVR,,,SUV,4,Medium,
Gas,2026,Mitsubishi,Outlander,Plug-In Hybrid,,SUV,4,High,
Electric,2026,Mitsubishi,Outlander,Plug-In Hybrid,,SUV,Electric,High,
Gas,2025,Mitsubishi,Outlander,Plug-In Hybrid,,SUV,4,High,
Gas,2025,Mitsubishi,Eclipse,Cross,,Coupe,4,High,
Electric,2025,Mitsubishi,Outlander,Plug-In Hybrid,,SUV,Electric,High,
Gas/Electric Hybrid,2026,Mitsubishi,Outlander,Plug-In Hybrid,,SUV,4,High,
Gas,2011,Mitsubishi,RVR,,,SUV,4,Medium,
Gas,2018,Mitsubishi,Eclipse,Cross,,Coupe,4,High,
Gas,2023,Mitsubishi,Eclipse,Cross,,Coupe,4,High,
Gas,2022,Mitsubishi,Mirage,,,Hatchback,3,Medium,
Gas/Electric Hybrid,2018,Mitsubishi,Outlander,Plug-In Hybrid,,SUV,4,High,
Electric,2023,Mitsubishi,Outlander,Plug-In Hybrid,,SUV,Electric,High,
Electric,2020,Mitsubishi,Outlander,Plug-In Hybrid,,SUV,Electric,High,
Gas,2023,Mitsubishi,Outlander,,,SUV,4,Medium,
Gas,2018,Mitsubishi,Outlander,Plug-In Hybrid,,SUV,4,High,
Gas,2020,Mitsubishi,Eclipse,Cross,Turbo,Coupe,4,High,
Gas,2022,Mitsubishi,RVR,,,SUV,4,Medium,
Gas,2020,Mitsubishi,RVR,,,SUV,4,Medium,
Gas,2023,Mitsubishi,RVR,,,SUV,4,Medium,
Electric,2022,Mitsubishi,Outlander,Plug-In Hybrid,,SUV,Electric,High,
Gas,2017,Mitsubishi,RVR,,,SUV,4,Medium,
Gas/Electric Hybrid,2022,Mitsubishi,Outlander,Plug-In Hybrid,,SUV,4,High,
Gas/Electric Hybrid,2024,Mitsubishi,Outlander,Plug-In Hybrid,,SUV,4,High,
Gas,2024,Mitsubishi,Mirage,,,Hatchback,3,Medium,
Gas,2015,Mitsubishi,Lancer,Evolution,,Sedan,4,High,
Gas,2018,Mitsubishi,Outlander,,,SUV,4,Medium,
Gas,2014,Mitsubishi,Lancer,,,Sedan,4,Medium,
Gas,2009,Mitsubishi,Outlander,,,SUV,4,Medium,
Gas,2015,Mitsubishi,Outlander,,,SUV,4,Medium,
Gas,2017,Mitsubishi,Mirage,,,Hatchback,3,Medium,
Gas,2017,Mitsubishi,Outlander,,,SUV,4,Medium,
Gas,2021,Mitsubishi,Mirage,,,Hatchback,3,Medium,
Gas,2017,Mitsubishi,Lancer,,,Sedan,4,Medium,
Gas,2013,Mitsubishi,Lancer,,,Sedan,4,Medium,
Electric,2019,Mitsubishi,Outlander,Plug-In Hybrid,,SUV,Electric,High,
Gas,2015,Mitsubishi,RVR,,,SUV,4,Medium,
Gas,2019,Mitsubishi,Eclipse,Cross,,Coupe,4,High,
Gas/Electric Hybrid,2020,Mitsubishi,Outlander,Plug-In Hybrid,,SUV,4,High,
Electric,2024,Mitsubishi,Outlander,,,SUV,Electric,Medium,
Gas/Electric Hybrid,2024,Mitsubishi,Outlander,,,SUV,4,Medium,
Gas,2011,Mitsubishi,Outlander,,,SUV,4,Medium,
Gas,2022,Mitsubishi,Eclipse,Cross,Turbo,Coupe,4,High,
Gas,2018,Mitsubishi,RVR,,,SUV,4,Medium,
Gas,2017,Mitsubishi,Mirage,G4,,Hatchback,3,High,
Electric,2016,Mitsubishi,I-MiEV,,,Hatchback,Electric,Medium,known BEV-only model
Gas,2014,Mitsubishi,RVR,,,SUV,4,Medium,
Gas,2023,Mitsubishi,Mirage,,,Hatchback,3,Medium,
Gas,2022,Mitsubishi,Outlander,Plug-In Hybrid,,SUV,4,High,
Gas,2018,Mitsubishi,Mirage,,,Hatchback,3,Medium,
Gas,2016,Mitsubishi,Outlander,,,SUV,4,Medium,
Gas,2016,Mitsubishi,RVR,,,SUV,4,Medium,
Gas,2013,Mitsubishi,RVR,,,SUV,4,Medium,
Gas,2009,Mitsubishi,Eclipse,,,Coupe,4,Medium,
Gas,2006,Mitsubishi,Lancer,,,Sedan,4,Medium,
Gas,2012,Mitsubishi,Lancer,Sportback,,Sedan,4,High,
Gas,2018,Mitsubishi,Mirage,G4,,Hatchback,3,High,
Electric,2024,Mitsubishi,Outlander,Plug-In Hybrid,,SUV,Electric,High,
Gas,2015,Mitsubishi,Mirage,,,Hatchback,3,Medium,
Gas,2008,Mitsubishi,Eclipse,,,Coupe,4,Medium,
Electric,2012,Mitsubishi,I-MiEV,,,Hatchback,Electric,Medium,known BEV-only model
Gas,2016,Mitsubishi,Lancer,,,Sedan,4,Medium,
Electric,2014,Mitsubishi,I-MiEV,,,Hatchback,Electric,Medium,known BEV-only model
Gas,2010,Mitsubishi,Lancer,,,Sedan,4,Medium,
Gas,2011,Mitsubishi,Eclipse,,,Coupe,4,Medium,
Gas,2009,Mitsubishi,Galant,,,Sedan,4,Medium,
Gas,2012,Mitsubishi,Lancer,Evolution,,Sedan,4,High,
Gas,2012,Mitsubishi,Lancer,,,Sedan,4,Medium,
Gas,2012,Mitsubishi,RVR,,,SUV,4,Medium,
Gas,2025,Nissan,Altima,,,Sedan,4,Medium,
Gas,2025,Nissan,Sentra,,,Sedan,4,Medium,
Gas,2025,Nissan,Murano,,,SUV,6,Medium,
Gas,2025,Nissan,Versa,,,Sedan,4,Medium,
Electric,2026,Nissan,Leaf,,,Hatchback,Electric,Medium,known BEV-only model
Electric,2024,Nissan,Leaf,,,Hatchback,Electric,Medium,known BEV-only model
Gas/Electric Hybrid,2026,Nissan,Rogue,,,SUV,4,Medium,
Gas,2026,Nissan,Z,,Nismo,Coupe,6,High,
Gas,2026,Nissan,Pathfinder,,,SUV,6,Medium,
Gas,2026,Nissan,Z,,,Coupe,6,Medium,
Gas,2019,Nissan,Kicks,,,SUV,4,Medium,
Gas,2021,Nissan,Kicks,,,SUV,4,Medium,
Gas,2018,Nissan,Qashqai,,,SUV,4,Medium,
Gas,2016,Nissan,Rogue,,,SUV,4,Medium,
Gas,2017,Nissan,Rogue,,,SUV,4,Medium,
Gas,2015,Nissan,Rogue,,,SUV,4,Medium,
Gas,2024,Nissan,Altima,,,Sedan,4,Medium,
Gas,2018,Nissan,Titan,,,Pickup Truck,8,Medium,
Gas,2022,Nissan,Sentra,,,Sedan,4,Medium,
Gas,2021,Nissan,NV200,Cargo Vans,,Van,4,High,
Gas,2025,Nissan,Armada,,,SUV,8,Medium,
Gas,2022,Nissan,Qashqai,,,SUV,4,Medium,
Gas,2017,Nissan,Altima,,,Sedan,4,Medium,
Gas,2017,Nissan,Murano,,,SUV,6,Medium,
Gas,2021,Nissan,Qashqai,,,SUV,4,Medium,
Gas,2017,Nissan,Qashqai,,,SUV,4,Medium,
Gas,2023,Nissan,Kicks,,,SUV,4,Medium,
Electric,2022,Nissan,Leaf,,,Hatchback,Electric,Medium,known BEV-only model
Gas,2021,Nissan,Sentra,,,Sedan,4,Medium,
Gas,2016,Nissan,Murano,,,SUV,6,Medium,
Gas,2019,Nissan,Armada,,,SUV,8,Medium,
Gas,2022,Nissan,Murano,,,SUV,6,Medium,
Gas,2018,Nissan,Murano,,,SUV,6,Medium,
Electric,2021,Nissan,Leaf,,,Hatchback,Electric,Medium,known BEV-only model
Gas,2015,Nissan,Altima,,,Sedan,4,Medium,
Gas,2025,Nissan,Pathfinder,,,SUV,6,Medium,
Gas,2019,Nissan,Sentra,,,Sedan,4,Medium,
Gas,2022,Nissan,Kicks,,,SUV,4,Medium,
Gas,2012,Nissan,Xterra,,,SUV,6,Medium,
Gas,2023,Nissan,Sentra,,,Sedan,4,Medium,
Gas,2022,Nissan,Altima,,,Sedan,4,Medium,
Gas,2021,Nissan,Murano,,,SUV,6,Medium,
Gas,2019,Nissan,Murano,,,SUV,6,Medium,
Gas,2024,Nissan,Versa,,,Sedan,4,Medium,
Electric,2019,Nissan,Leaf,,,Hatchback,Electric,Medium,known BEV-only model
Gas,2021,Nissan,Versa,,,Sedan,4,Medium,
Gas,2010,Nissan,Sentra,,,Sedan,4,Medium,
Gas,2020,Nissan,Titan,,,Pickup Truck,8,Medium,
Gas,2016,Nissan,Altima,,,Sedan,4,Medium,
Gas,2009,Nissan,Versa,,,Sedan,4,Medium,
Electric,2018,Nissan,Leaf,,,Hatchback,Electric,Medium,known BEV-only model
Gas,2014,Nissan,Pathfinder,,,SUV,6,Medium,
Gas,2018,Nissan,Altima,,,Sedan,4,Medium,
Gas,2013,Nissan,Rogue,,,SUV,4,Medium,
Gas,2014,Nissan,Rogue,,,SUV,4,Medium,
Gas,2012,Nissan,Murano,,,SUV,6,Medium,
Gas,2016,Nissan,Maxima,,,Sedan,6,Medium,
Gas,2013,Nissan,Murano,,,SUV,6,Medium,
Gas,2014,Nissan,Sentra,,,Sedan,4,Medium,
Electric,2023,Nissan,Leaf,,,Hatchback,Electric,Medium,known BEV-only model
Electric,2015,Nissan,Leaf,,,Hatchback,Electric,Medium,known BEV-only model
Gas,2017,Porsche,Macan,,,SUV,4,Medium,
Gas,2024,Porsche,Macan,,GTS,SUV,4,High,
Gas,2022,Porsche,Macan,,,SUV,4,Medium,
Electric,2022,Porsche,Cayenne,,,SUV,Electric,Medium,
Gas,2022,Porsche,Cayenne,,GTS,SUV,6,High,
Gas,2024,Porsche,Cayenne,,,SUV,6,Medium,
Electric,2024,Porsche,Macan,,Turbo,SUV,Electric,High,
Gas,2021,Porsche,Macan,,Turbo,SUV,4,High,
Gas,2025,Porsche,Cayenne,,,SUV,6,Medium,
Gas/Electric Hybrid,2016,Porsche,Cayenne,,,SUV,6,Medium,
Gas,2021,Porsche,Cayenne,,GTS,SUV,6,High,
Gas,2018,Porsche,Macan,,GTS,SUV,4,High,
Gas,2014,Porsche,Cayenne,,,SUV,6,Medium,
Gas,2006,Porsche,Cayman,,,Coupe,6,Medium,
Electric,2024,Porsche,Cayenne,,,SUV,Electric,Medium,
Gas/Electric Hybrid,2019,Porsche,Panamera,,,Sedan,6,Medium,
Gas,2026,Porsche,Macan,,GTS,SUV,4,High,
Gas/Electric Hybrid,2018,Porsche,Panamera,,"Turbo, Turbo S",Sedan,6,High,
Electric,2020,Porsche,Taycan,,Turbo,Sedan,Electric,High,known BEV-only model
Gas,2019,Porsche,Cayenne,,Turbo,SUV,6,High,
Gas,2018,Porsche,Boxster,718,GTS,Convertible,4,High,
Gas,2026,Porsche,Cayenne,,,SUV,6,Medium,
Gas,2023,Porsche,Cayenne,,GTS,SUV,6,High,
Gas/Electric Hybrid,2019,Porsche,Cayenne,,,SUV,6,Medium,
Gas,2023,Porsche,Macan,,GTS,SUV,4,High,
Gas,2021,Porsche,Cayman,718,,Coupe,4,High,
Gas,2013,Porsche,911,Carrera 4S Cabriolet,"Carrera, Carrera 4S, 4S",Convertible,6,High,
Gas,2016,Porsche,Cayenne,,,SUV,6,Medium,
Gas,2013,Porsche,Cayenne,,,SUV,6,Medium,
Gas,2019,Porsche,Panamera,,,Sedan,6,Medium,
Gas,2026,Porsche,Macan,,,SUV,4,Medium,
Electric,2019,Porsche,Cayenne,,,SUV,Electric,Medium,
Gas,2015,Porsche,Macan,,,SUV,4,Medium,
Gas/Electric Hybrid,2023,Porsche,Cayenne,,,SUV,6,Medium,
Electric,2021,Porsche,Taycan,,4S,Sedan,Electric,High,known BEV-only model
Gas,2011,Porsche,911,Carrera Cabriolet,Carrera,Convertible,6,High,
Gas,2022,Porsche,Cayman,718,"Carrera, Carrera S",Coupe,4,High,
Gas,2009,Porsche,911,Carrera S Coupe,"Carrera, Carrera S",Coupe,6,High,
Gas,2008,Porsche,Cayman,718,,Coupe,6,High,
Gas,2011,Porsche,Cayenne,,,SUV,6,Medium,
Gas,2022,Porsche,Cayman,718,GTS,Coupe,4,High,
Gas,2011,Porsche,Cayenne,,Turbo,SUV,6,High,
Gas/Electric Hybrid,2018,Porsche,Panamera,,,Sedan,6,Medium,
Electric,2023,Porsche,Cayenne,,,SUV,Electric,Medium,
Electric,2024,Porsche,Taycan,,GTS,Sedan,Electric,High,known BEV-only model
Gas,2025,Porsche,Cayman,718,,Coupe,4,High,
Gas,2025,Porsche,Macan,,GTS,SUV,4,High,
Gas,2018,Porsche,Panamera,,,Sedan,6,Medium,
Gas,2020,Porsche,Panamera,,GTS,Sedan,6,High,
Electric,2020,Porsche,Taycan,,4S,Sedan,Electric,High,known BEV-only model
Electric,2018,Porsche,Panamera,,,Sedan,Electric,Medium,
Gas,2017,Porsche,Cayenne,,GTS,SUV,6,High,
Gas,2018,Porsche,Panamera,,4S,Sedan,6,High,
Gas,2015,Porsche,911,Carrera 4 Cabriolet,Carrera,Convertible,6,High,
Gas,2013,Porsche,911,Carrera 4S Coupe,4S,Coupe,6,High,
Electric,2023,Porsche,Taycan,,4S,Sedan,Electric,High,known BEV-only model
Gas,2013,Porsche,Panamera,,GTS,Sedan,6,High,
Gas,2009,Porsche,911,Carrera Coupe,,Coupe,6,High,
Gas,2011,Porsche,Boxster,,,Convertible,6,Medium,
Gas,2009,Porsche,Cayenne,,"Turbo, Turbo S",SUV,6,High,
Gas/Electric Hybrid,2020,Porsche,Panamera,,,Sedan,6,Medium,
Gas,2009,Porsche,911,Carrera Coupe,Carrera,Coupe,6,High,
Gas,2009,Porsche,Boxster,,,Convertible,6,Medium,
Gas,2016,Porsche,Boxster,,GTS,Convertible,6,High,
Gas,2010,Porsche,Boxster,,,Convertible,6,Medium,
Gas/Electric Hybrid,2019,Porsche,Panamera,,"Turbo, Turbo S",Sedan,6,High,
Gas,2007,Porsche,Boxster,,,Convertible,6,Medium,
Gas,2019,Porsche,Panamera,,4S,Sedan,6,High,
Gas,2017,Porsche,Panamera,,Turbo,Sedan,6,High,
Gas,2008,Porsche,911,Carrera 4S Coupe,"Carrera, Carrera 4S, 4S",Coupe,6,High,
Gas,2013,Porsche,Boxster,,,Convertible,6,Medium,
Gas,2016,Porsche,Panamera,,,Sedan,6,Medium,
Gas,2020,Porsche,Panamera,,,Sedan,6,Medium,
Gas,2017,Porsche,Macan,,Turbo,SUV,4,High,
Gas,2012,Porsche,911,Carrera S Cabriolet,,Convertible,6,High,
Gas,2018,Porsche,Panamera,,Turbo,Sedan,6,High,
Gas,2015,Porsche,Boxster,,,Convertible,6,Medium,
Gas,2013,Porsche,911,Carrera S Cabriolet,"Carrera, Carrera 4S, 4S",Convertible,6,High,
Gas/Electric Hybrid,2017,Porsche,Cayenne,,,SUV,6,Medium,
Electric,2018,Porsche,Panamera,,"Turbo, Turbo S",Sedan,Electric,High,
Gas,2015,Porsche,Cayenne,,,SUV,6,Medium,
Gas,2005,Porsche,Boxster,,,Convertible,6,Medium,
Gas,2008,Porsche,Boxster,,,Convertible,6,Medium,
Gas/Electric Hybrid,2022,RAM,1500,,,Pickup Truck,8,Medium,
Gas,2021,RAM,1500,,HEMI,Pickup Truck,8,High,
Gas,2020,RAM,1500,,,Pickup Truck,8,Medium,
Gas,2025,RAM,2500,,HEMI,Pickup Truck,8,High,
Gas,2018,RAM,ProMaster,City Cargo Van,,Van,6,High,
Gas,2016,RAM,ProMaster,City Wagon,,Van,6,High,
Gas,2025,RAM,3500,,HEMI,Pickup Truck,8,High,
Gas,2015,RAM,ProMaster,City Wagon,,Van,6,High,
Gas,2024,RAM,ProMaster,Cargo Van,,Van,6,High,
Gas,2025,RAM,3500,,,Pickup Truck,8,Medium,
Gas,2022,RAM,1500,Classic,HEMI,Pickup Truck,8,High,
Gas,2017,RAM,1500,,HEMI,Pickup Truck,8,High,
Gas,2022,RAM,ProMaster,City Cargo Van,,Van,6,High,
Gas,2022,RAM,3500,,,Pickup Truck,8,Medium,
Gas,2016,RAM,2500,,,Pickup Truck,8,Medium,
Gas,2011,RAM,1500,,HEMI,Pickup Truck,8,High,
Gas,2012,RAM,2500,,,Pickup Truck,8,Medium,
Gas,2024,RAM,2500,,,Pickup Truck,8,Medium,
Gas,2024,RAM,1500,,HEMI,Pickup Truck,8,High,
Gas,2025,RAM,ProMaster,Window Van,,Van,6,High,
Gas,2021,RAM,ProMaster,Cargo Van,,Van,6,High,
Gas,2017,RAM,2500,,,Pickup Truck,8,Medium,
Gas,2023,RAM,ProMaster,Cargo Van,,Van,6,High,
Gas,2015,RAM,1500,,,Pickup Truck,8,Medium,
Gas,2024,RAM,1500,Classic,,Pickup Truck,8,High,
Gas,2022,RAM,2500,,,Pickup Truck,8,Medium,
Gas/Electric Hybrid,2023,RAM,1500,,,Pickup Truck,8,Medium,
Gas,2020,RAM,1500,Classic,HEMI,Pickup Truck,8,High,
Gas/Electric Hybrid,2020,RAM,1500,,,Pickup Truck,8,Medium,
Gas/Electric Hybrid,2021,RAM,1500,,,Pickup Truck,8,Medium,
Gas/Electric Hybrid,2025,RAM,ProMaster,3500,,Van,6,High,
Gas,2023,RAM,ProMaster,3500,,Van,6,High,
Gas,2025,RAM,ProMaster,3500,,Van,6,High,
Gas,2020,RAM,1500,Classic,,Pickup Truck,8,High,
Gas,2020,RAM,ProMaster,City Cargo Van,,Van,6,High,
Gas,2012,RAM,Cargo,Van,,Van,6,High,
Gas,2020,RAM,ProMaster,Cargo Van,,Van,6,High,
Gas,2024,RAM,1500,Classic,HEMI,Pickup Truck,8,High,
Gas,2023,RAM,1500,Classic,HEMI,Pickup Truck,8,High,
Gas,2014,RAM,Cargo,Van,,Van,6,High,
Gas,2019,RAM,2500,,,Pickup Truck,8,Medium,
Gas,2014,RAM,1500,,,Pickup Truck,8,Medium,
Gas,2017,RAM,3500,,,Pickup Truck,8,Medium,
Gas,2026,RAM,ProMaster,,,Van,6,Medium,
Gas,2022,RAM,2500,,HEMI,Pickup Truck,8,High,
Gas,2011,RAM,2500,,,Pickup Truck,8,Medium,
Gas,2015,RAM,Cargo,Van,,Van,6,High,
Gas,2020,RAM,2500,,,Pickup Truck,8,Medium,
Gas,2018,RAM,ProMaster,Cargo Van,,Van,6,High,
Gas,2012,RAM,1500,,,Pickup Truck,8,Medium,
Gas,2015,RAM,1500,,HEMI,Pickup Truck,8,High,
Gas,2026,RAM,ProMaster,Cargo Van,,Van,6,High,
Gas,2026,Subaru,Crosstrek,,,SUV,4,Medium,
Gas,2026,Subaru,Forester,,,SUV,4,Medium,
Gas,2026,Subaru,Outback,,,SUV,4,Medium,
Gas,2026,Subaru,WRX,,,Sedan,4,Medium,
Gas,2026,Subaru,BRZ,,,Coupe,4,Medium,
Gas,2026,Subaru,Impreza,,,Sedan,4,Medium,
Gas/Electric Hybrid,2026,Subaru,Crosstrek,Hybrid,,SUV,4,High,
Gas,2025,Subaru,Impreza,,,Sedan,4,Medium,
Gas,2026,Subaru,WRX,,Turbo,Sedan,4,High,
Gas/Electric Hybrid,2026,Subaru,Forester,,,SUV,4,Medium,
Gas,2017,Subaru,Crosstrek,,,SUV,4,Medium,
Gas,2019,Subaru,Forester,,,SUV,4,Medium,
Gas,2012,Subaru,Impreza,,,Sedan,4,Medium,
Gas,2020,Subaru,Crosstrek,,,SUV,4,Medium,
Gas,2023,Subaru,Impreza,,,Sedan,4,Medium,
Gas,2014,Subaru,Forester,,,SUV,4,Medium,
Gas,2020,Subaru,Forester,,,SUV,4,Medium,
Gas,2016,Subaru,Forester,,,SUV,4,Medium,
Gas,2024,Subaru,Ascent,,,SUV,4,Medium,
Gas,2025,Subaru,Outback,,,SUV,4,Medium,
Gas,2022,Subaru,Forester,,,SUV,4,Medium,
Gas,2011,Subaru,Forester,,,SUV,4,Medium,
Gas,2013,Subaru,Forester,,,SUV,4,Medium,
Gas,2020,Subaru,WRX,,,Sedan,4,Medium,
Gas,2009,Subaru,Forester,,,SUV,4,Medium,
Gas,2019,Subaru,Outback,,,SUV,4,Medium,
Gas,2015,Subaru,WRX,,,Sedan,4,Medium,
Gas,2018,Subaru,WRX,STI,,Sedan,4,High,
Gas,2019,Subaru,Legacy,,,Sedan,4,Medium,
Gas,2013,Subaru,Impreza,,,Sedan,4,Medium,
Gas,2023,Subaru,Crosstrek,,,SUV,4,Medium,
Gas,2015,Subaru,Legacy,,,Sedan,4,Medium,
Gas,2016,Subaru,Impreza,,,Sedan,4,Medium,
Gas,2019,Subaru,WRX,,,Sedan,4,Medium,
Gas,2019,Subaru,Impreza,,,Sedan,4,Medium,
Gas,2022,Subaru,WRX,,,Sedan,4,Medium,
Gas,2019,Subaru,BRZ,,,Coupe,4,Medium,
Gas,2022,Subaru,Legacy,,,Sedan,4,Medium,
Gas,2021,Subaru,Outback,,,SUV,4,Medium,
Gas,2020,Subaru,Legacy,,,Sedan,4,Medium,
Gas,2022,Subaru,Impreza,,,Sedan,4,Medium,
Gas,2012,Subaru,Legacy,,,Sedan,4,Medium,
Gas,2016,Subaru,WRX,,,Sedan,4,Medium,
Gas,2024,Subaru,Impreza,,,Sedan,4,Medium,
Gas,2013,Subaru,Legacy,,,Sedan,4,Medium,
Gas,2021,Subaru,WRX,,,Sedan,4,Medium,
Gas,2019,Subaru,WRX,STI,,Sedan,4,High,
Electric,2023,Subaru,Solterra,,,SUV,Electric,Medium,known BEV-only model
Gas,2021,Subaru,WRX,STI,,Sedan,4,High,
Gas,2018,Subaru,BRZ,,,Coupe,4,Medium,
Gas,2017,Subaru,WRX,,,Sedan,4,Medium,
Gas,2019,Subaru,Ascent,,,SUV,4,Medium,
Electric,2024,Subaru,Solterra,,,SUV,Electric,Medium,known BEV-only model
Gas,2014,Subaru,Impreza,,,Sedan,4,Medium,
Gas,2025,Subaru,Ascent,,,SUV,4,Medium,
Gas,2016,Subaru,BRZ,,,Coupe,4,Medium,
Gas,2020,Subaru,WRX,STI,,Sedan,4,High,
Gas,2024,Subaru,BRZ,,,Coupe,4,Medium,
Gas,2020,Subaru,Impreza,,,Sedan,4,Medium,
Gas,2017,Subaru,Legacy,,,Sedan,4,Medium,
Gas,2017,Subaru,BRZ,,,Coupe,4,Medium,
Gas,2011,Subaru,Legacy,,,Sedan,4,Medium,
Gas,2023,Subaru,WRX,,Turbo,Sedan,4,High,
Gas,2012,Subaru,Forester,,,SUV,4,Medium,
Gas,2013,Subaru,BRZ,,,Coupe,4,Medium,
Gas,2015,Subaru,Impreza,,,Sedan,4,Medium,
Gas,2020,Subaru,BRZ,,,Coupe,4,Medium,
Gas,2023,Subaru,Legacy,,,Sedan,4,Medium,
Gas,2016,Subaru,Legacy,,,Sedan,4,Medium,
Gas,2020,Subaru,Ascent,,,SUV,4,Medium,
Gas,2011,Subaru,Outback,,,SUV,4,Medium,
Gas,2015,Subaru,XV,Crosstrek,,SUV,4,High,
Gas,2010,Subaru,Legacy,,,Sedan,4,Medium,
Gas,2005,Subaru,Outback,,,SUV,4,Medium,
Gas,2016,Subaru,Outback,,,SUV,4,Medium,
Gas,2011,Subaru,Impreza,,,Sedan,4,Medium,
Electric,2019,Tesla,Model,3,,Sedan,Electric,High,known BEV-only model
Electric,2021,Tesla,Model,S,,Sedan,Electric,High,known BEV-only model
Electric,2024,Tesla,Cybertruck,,,Pickup Truck,Electric,Medium,known BEV-only model
Gas,2018,Tesla,Model,3,,Sedan,Electric,High,known BEV-only model
Electric,2022,Tesla,Model,X,,Sedan,Electric,High,known BEV-only model
Electric,2023,Tesla,Model,S,,Sedan,Electric,High,known BEV-only model
Electric,2018,Tesla,Model,3,Dual Motor,Sedan,Electric,High,known BEV-only model
Electric,2025,Tesla,Model,3,,Sedan,Electric,High,known BEV-only model
Gas,2014,Tesla,Model,S,,Sedan,Electric,High,known BEV-only model
Electric,2021,Tesla,Model,Y,Dual Motor,Sedan,Electric,High,known BEV-only model
Electric,2013,Tesla,Model,S,,Sedan,Electric,High,known BEV-only model
Electric,2016,Tesla,Model,X,,Sedan,Electric,High,known BEV-only model
Electric,2024,Tesla,Model,X,,Sedan,Electric,High,known BEV-only model
Electric,2018,Tesla,Model,S,,Sedan,Electric,High,known BEV-only model
Electric,2019,Tesla,Model,3,Dual Motor,Sedan,Electric,High,known BEV-only model
Electric,2018,Tesla,Model,3,,Sedan,Electric,High,known BEV-only model
Gas,2016,Tesla,Model,X,,Sedan,Electric,High,known BEV-only model
Electric,2023,Tesla,Model,3,Dual Motor,Sedan,Electric,High,known BEV-only model
Electric,2024,Tesla,Model,Y,Dual Motor,Sedan,Electric,High,known BEV-only model
Gas,2023,Tesla,Model,Y,,Sedan,Electric,High,known BEV-only model
Electric,2017,Tesla,Model,X,,Sedan,Electric,High,known BEV-only model
Electric,2021,Tesla,Model,X,,Sedan,Electric,High,known BEV-only model
Electric,2023,Tesla,Model,Y,Dual Motor,Sedan,Electric,High,known BEV-only model
Gas,2022,Tesla,Model,3,,Sedan,Electric,High,known BEV-only model
Electric,2022,Tesla,Model,S,,Sedan,Electric,High,known BEV-only model
Electric,2024,Tesla,Model,3,,Sedan,Electric,High,known BEV-only model
Electric,2016,Tesla,Model,S,Dual Motor,Sedan,Electric,High,known BEV-only model
Electric,2020,Tesla,Model,3,Dual Motor,Sedan,Electric,High,known BEV-only model
Electric,2022,Tesla,Model,3,Dual Motor,Sedan,Electric,High,known BEV-only model
Electric,2018,Tesla,Model,X,,Sedan,Electric,High,known BEV-only model
Electric,2016,Tesla,Model,S,,Sedan,Electric,High,known BEV-only model
Electric,2020,Tesla,Model,S,,Sedan,Electric,High,known BEV-only model
Electric,2017,Tesla,Model,S,,Sedan,Electric,High,known BEV-only model
Electric,2015,Tesla,Model,S,,Sedan,Electric,High,known BEV-only model
Electric,2017,Tesla,Model,S,Dual Motor,Sedan,Electric,High,known BEV-only model
Electric,2019,Tesla,Model,X,,Sedan,Electric,High,known BEV-only model
Electric,2025,Tesla,Model,X,,Sedan,Electric,High,known BEV-only model
Electric,2014,Tesla,Model,S,,Sedan,Electric,High,known BEV-only model
Electric,2017,Tesla,Model,X,Dual Motor,Sedan,Electric,High,known BEV-only model
Electric,2020,Tesla,Model,Y,Dual Motor,Sedan,Electric,High,known BEV-only model
Electric,2026,Tesla,Model,Y,,Sedan,Electric,High,known BEV-only model
Gas,2013,Toyota,Camry,,,Sedan,4,Medium,
Gas,2011,Toyota,Camry,,,Sedan,4,Medium,
Gas,2014,Toyota,Corolla,Sedan,,Sedan,4,High,
Gas,2019,Toyota,Sienna,,,Minivan,6,Medium,
Gas,2013,Toyota,Sienna,,,Minivan,6,Medium,
Gas,2021,Toyota,Camry,,,Sedan,4,Medium,
Gas/Electric Hybrid,2022,Toyota,RAV,4 Hybrid,Hybrid,SUV,4,High,
Gas,2018,Toyota,Tacoma,,,Pickup Truck,4,Medium,
Gas,2022,Toyota,C-HR,,,SUV,4,Medium,
Gas/Electric Hybrid,2026,Toyota,Sienna,,,Minivan,4,Medium,
Gas/Electric Hybrid,2023,Toyota,Corolla,Sedan,Hybrid,Sedan,4,High,
Gas,2010,Toyota,FJ,Cruiser,,SUV,6,High,
Gas/Electric Hybrid,2025,Toyota,RAV,4 Hybrid,Hybrid,SUV,4,High,
Gas/Electric Hybrid,2025,Toyota,Sienna,,,Minivan,4,Medium,
Gas,2018,Toyota,RAV,4 Hybrid,Hybrid,SUV,4,High,
Gas/Electric Hybrid,2025,Toyota,Tundra,Hybrid,Hybrid,Pickup Truck,6,High,
Gas/Electric Hybrid,2024,Toyota,Corolla,Cross Hybrid,Hybrid,Sedan,4,High,
Gas,2020,Toyota,Tundra,,,Pickup Truck,6,Medium,
Gas/Electric Hybrid,2025,Toyota,RAV,4 Plug-In Hybrid,,SUV,4,High,
Gas,2015,Toyota,Tundra,,,Pickup Truck,6,Medium,
Gas/Electric Hybrid,2018,Toyota,RAV,4 Hybrid,Hybrid,SUV,4,High,
Gas,2024,Toyota,4-Runner,,,SUV,6,Medium,
Gas,2025,Toyota,Tundra,,,Pickup Truck,6,Medium,
Gas/Electric Hybrid,2020,Toyota,RAV,4 Hybrid,Hybrid,SUV,4,High,
Gas/Electric Hybrid,2020,Toyota,RAV,4 Hybrid,,SUV,4,High,
Gas/Electric Hybrid,2026,Toyota,RAV,4,,SUV,4,High,
Gas,2018,Toyota,Highlander,,,SUV,6,Medium,
Gas/Electric Hybrid,2023,Toyota,Corolla,Cross Hybrid,Hybrid,Sedan,4,High,
Gas,2022,Toyota,Corolla,Hatchback 5-Door,,Hatchback,4,High,
Gas/Electric Hybrid,2025,Toyota,Corolla,Sedan,Hybrid,Sedan,4,High,
Gas,2020,Toyota,Prius,,Prime,Hatchback,4,High,
Gas/Electric Hybrid,2023,Toyota,Prius,,AWD-e,Hatchback,4,High,
Gas,2026,Toyota,Corolla,Cross,,Sedan,4,High,
Gas,2014,Toyota,Camry,,,Sedan,4,Medium,
Gas/Electric Hybrid,2022,Toyota,Sienna,,Hybrid,Minivan,4,High,
Gas,2025,Toyota,Highlander,,,SUV,6,Medium,
Gas/Electric Hybrid,2019,Toyota,Camry,Hybrid,Hybrid,Sedan,4,High,
Gas/Electric Hybrid,2023,Toyota,Highlander,Hybrid,Hybrid,SUV,4,High,
Gas/Electric Hybrid,2022,Toyota,Highlander,Hybrid,Hybrid,SUV,4,High,
Gas/Electric Hybrid,2026,Toyota,Corolla,Sedan,Hybrid,Sedan,4,High,
Gas,2024,Toyota,Highlander,,,SUV,6,Medium,
Gas,2015,Toyota,Tacoma,,,Pickup Truck,4,Medium,
Gas/Electric Hybrid,2024,Toyota,Venza,,,SUV,4,Medium,
Gas/Electric Hybrid,2024,Toyota,Corolla,Cross Hybrid,,Sedan,4,High,
Gas/Electric Hybrid,2026,Toyota,Camry,,,Sedan,4,Medium,
Gas,2026,Toyota,Sienna,,,Minivan,4,Medium,
Gas,2021,Toyota,4-Runner,,,SUV,6,Medium,
Gas/Electric Hybrid,2026,Toyota,Corolla,Sedan,,Sedan,4,High,
Gas,2017,Toyota,Camry,,,Sedan,4,Medium,
Gas,2015,Toyota,Prius,c,,Hatchback,4,High,
Electric,2024,Toyota,RAV,4,Hybrid,SUV,Electric,High,
Electric,2026,Toyota,Prius,Plug-In Hybrid,,Hatchback,Electric,High,
Gas,2020,Toyota,4-Runner,,,SUV,6,Medium,
Gas/Electric Hybrid,2026,Toyota,Sequoia,,,SUV,6,Medium,
Gas,2023,Toyota,Corolla,Hatchback 5-Door,,Hatchback,4,High,
Gas,2009,Toyota,Corolla,Sedan,,Sedan,4,High,
Gas/Electric Hybrid,2013,Toyota,Prius,,Hybrid,Hatchback,4,High,
Gas,2022,Toyota,4-Runner,,,SUV,6,Medium,
Gas/Electric Hybrid,2025,Toyota,RAV,4 Plug-In Hybrid,Hybrid,SUV,4,High,
Gas/Electric Hybrid,2013,Toyota,Prius,,,Hatchback,4,Medium,
Gas,2018,Toyota,Yaris,Hatchback,,Hatchback,4,High,
Gas/Electric Hybrid,2022,Toyota,Corolla,Sedan,Hybrid,Sedan,4,High,
Gas/Electric Hybrid,2020,Toyota,Camry,Hybrid,Hybrid,Sedan,4,High,
Gas/Electric Hybrid,2023,Toyota,Camry,Hybrid,,Sedan,4,High,
Gas/Electric Hybrid,2025,Toyota,Prius,Plug-In Hybrid,,Hatchback,4,High,
Gas,2015,Toyota,Venza,,,SUV,4,Medium,
Gas,2022,Toyota,Prius,,,Hatchback,4,Medium,
Gas,2026,Toyota,Tundra,,,Pickup Truck,6,Medium,
Gas/Electric Hybrid,2026,Toyota,Prius,Plug-In Hybrid,,Hatchback,4,High,
Gas/Electric Hybrid,2026,Toyota,Tacoma,,Hybrid,Pickup Truck,4,High,
Gas,2026,Toyota,Corolla,Sedan,,Sedan,4,High,
Gas/Electric Hybrid,2026,Toyota,Tundra,Hybrid,Hybrid,Pickup Truck,6,High,
Gas,2026,Toyota,Tacoma,,,Pickup Truck,4,Medium,
Electric,2026,Toyota,bZ,,,SUV,Electric,Medium,known BEV-only model
Gas/Electric Hybrid,2026,Toyota,Prius,,AWD-e,Hatchback,4,High,
Gas/Electric Hybrid,2026,Toyota,Crown,,,Sedan,4,Medium,
Gas,2026,Toyota,Tundra,Hybrid,,Pickup Truck,6,High,
Gas/Electric Hybrid,2026,Toyota,Grand,Highlander Hybrid,,SUV,4,High,
Gas,2026,Toyota,Highlander,Hybrid,,SUV,4,High,
Gas/Electric Hybrid,2026,Toyota,Highlander,Hybrid,,SUV,4,High,
Gas/Electric Hybrid,2026,Toyota,Prius,,,Hatchback,4,Medium,
Gas,2026,Toyota,Corolla,Hatchback 5-Door,,Hatchback,4,High,
Gas/Electric Hybrid,2026,Toyota,Land,Cruiser,,SUV,6,High,
Gas/Electric Hybrid,2026,Toyota,Tundra,Hybrid,,Pickup Truck,6,High,
Electric,2026,Toyota,C-HR,,,SUV,Electric,Medium,
Gas/Electric Hybrid,2026,Toyota,Corolla,Cross Hybrid,,Sedan,4,High,
Gas,2026,Toyota,Prius,,,Hatchback,4,Medium,
Gas/Electric Hybrid,2025,Toyota,Tacoma,,,Pickup Truck,4,Medium,
Gas,2026,Toyota,Land,Cruiser,,SUV,6,High,
Electric,2025,Toyota,bZ4X,,,SUV,Electric,Medium,known BEV-only model
Gas/Electric Hybrid,2026,Toyota,Tacoma,,,Pickup Truck,4,Medium,
Gas/Electric Hybrid,2025,Toyota,Tacoma,,Hybrid,Pickup Truck,4,High,
Gas,2026,Toyota,Highlander,,,SUV,6,Medium,
Gas,2026,Toyota,Tundra,Hybrid,Hybrid,Pickup Truck,6,High,
Gas,2026,Toyota,Crown,,,Sedan,4,Medium,
Electric,2026,Toyota,RAV,4,,SUV,Electric,High,
Gas/Electric Hybrid,2026,Toyota,Prius,,"Hybrid, AWD-e",Hatchback,4,High,
Gas,2013,Volkswagen,Jetta,Sedan,,Sedan,4,High,
Gas,2015,Volkswagen,Jetta,Sedan,,Sedan,4,High,
Gas,2014,Volkswagen,Passat,,,Sedan,4,Medium,
Gas,2015,Volkswagen,Golf,Standard Model,TDI,Hatchback,4,High,
Gas,2017,Volkswagen,Tiguan,,4MOTION,SUV,4,High,
Gas,2017,Volkswagen,Jetta,Sedan,,Sedan,4,High,
Gas,2022,Volkswagen,Golf,R,,Hatchback,4,High,
Gas,2020,Volkswagen,Tiguan,,R,SUV,4,High,
Gas,2023,Volkswagen,Atlas,Cross Sport,,SUV,4,High,
Gas,2020,Volkswagen,Atlas,Cross Sport,,SUV,4,High,
Gas,2025,Volkswagen,Taos,,,SUV,4,Medium,
Gas,2026,Volkswagen,Tiguan,,,SUV,4,Medium,
Gas,2025,Volkswagen,Atlas,Cross Sport,,SUV,4,High,
Gas,2022,Volkswagen,Jetta,,,Sedan,4,Medium,
Gas,2023,Volkswagen,Taos,,R,SUV,4,High,
Gas,2021,Volkswagen,Jetta,,R,Sedan,4,High,
Gas,2018,Volkswagen,Golf,Standard Model,,Hatchback,4,High,
Gas,2025,Volkswagen,Taos,,4MOTION,SUV,4,High,
Gas,2016,Volkswagen,Golf,SportWagen,TSI,Wagon,4,High,
Gas,2025,Volkswagen,Tiguan,,R,SUV,4,High,
Gas,2016,Volkswagen,Passat,,TSI,Sedan,4,High,
Gas,2015,Volkswagen,Golf,Standard Model,TSI,Hatchback,4,High,
Gas,2015,Volkswagen,Golf,GTI,,Hatchback,4,High,
Gas,2014,Volkswagen,Jetta,Sedan,,Sedan,4,High,
Gas,2021,Volkswagen,Tiguan,,"4MOTION, R",SUV,4,High,
Gas,2019,Volkswagen,Jetta,,,Sedan,4,Medium,
Gas,2018,Volkswagen,Atlas,,4MOTION,SUV,4,High,
Gas,2017,Volkswagen,Golf,R,4MOTION,Hatchback,4,High,
Gas,2023,Volkswagen,Taos,,4MOTION,SUV,4,High,
Gas,2019,Volkswagen,Golf,Standard Model,TSI,Hatchback,4,High,
Gas,2019,Volkswagen,Jetta,GLI,,Sedan,4,High,
Gas,2023,Volkswagen,Atlas,Cross Sport,4MOTION,SUV,4,High,
Gas,2022,Volkswagen,Taos,,4MOTION,SUV,4,High,
Gas,2025,Volkswagen,Tiguan,,,SUV,4,Medium,
Gas,2013,Volkswagen,Beetle,Coupe,,Coupe,4,High,
Gas,2009,Volkswagen,Rabbit,,,Hatchback,4,Medium,
Gas,2022,Volkswagen,Taos,,R,SUV,4,High,
Gas,2021,Volkswagen,Jetta,GLI,,Sedan,4,High,
Gas,2016,Volkswagen,Golf,Standard Model,,Hatchback,4,High,
Gas,2015,Volkswagen,Passat,,,Sedan,4,Medium,
Gas,2016,Volkswagen,Passat,,,Sedan,4,Medium,
Gas,2020,Volkswagen,Passat,,,Sedan,4,Medium,
Gas,2024,Volkswagen,Jetta,GLI,,Sedan,4,High,
Gas,2025,Volkswagen,Tiguan,,4MOTION,SUV,4,High,
Gas,2026,Volkswagen,Atlas,,R,SUV,4,High,
Gas,2021,Volkswagen,Passat,,,Sedan,4,Medium,
Gas,2017,Volkswagen,Passat,,,Sedan,4,Medium,
Gas,2015,Volkswagen,Jetta,Sedan,TSI,Sedan,4,High,
Gas,2012,Volkswagen,Passat,,,Sedan,4,Medium,
Gas,2015,Volkswagen,Golf,Standard Model,,Hatchback,4,High,
Gas,2016,Volkswagen,Golf,R,,Hatchback,4,High,
Gas,2018,Volkswagen,Tiguan,,"4MOTION, R",SUV,4,High,
Gas,2018,Volkswagen,Beetle,,,Hatchback,4,Medium,
Gas,2013,Volkswagen,CC,,,Sedan,4,Medium,
Gas,2016,Volkswagen,Jetta,Sedan,TSI,Sedan,4,High,
Gas,2016,Volkswagen,Golf,R,R,Hatchback,4,High,
Gas,2022,Volkswagen,Atlas,,R,SUV,4,High,
Gas,2019,Volkswagen,Atlas,,"4MOTION, R",SUV,4,High,
Gas,2021,Volkswagen,Atlas,,,SUV,4,Medium,
Gas,2008,Volkswagen,Scirocco,,TSI,Hatchback,4,High,
Gas,2026,Volkswagen,Golf,GTI,,Hatchback,4,High,
Gas,2026,Volkswagen,Jetta,GLI,,Sedan,4,High,
Gas,2026,Volkswagen,Golf,R,,Hatchback,4,High,
Electric,2026,Volvo,XC60,Plug-in Hybrid,T8,SUV,4,High,
Gas/Electric Hybrid,2026,Volvo,XC90,,B6,SUV,4,High,
Gas/Electric Hybrid,2026,Volvo,XC60,,B5,SUV,4,High,
Gas/Electric Hybrid,2026,Volvo,XC90,Plug-in Hybrid,,SUV,4,High,
Gas,2026,Volvo,V60,Cross Country,,Wagon,4,High,
Gas,2026,Volvo,XC60,,,SUV,4,Medium,
Gas,2026,Volvo,XC90,,,SUV,4,Medium,
Gas/Electric Hybrid,2026,Volvo,XC60,Plug-in Hybrid,,SUV,4,High,
Gas/Electric Hybrid,2026,Volvo,XC90,Plug-in Hybrid,T8,SUV,4,High,
Gas/Electric Hybrid,2026,Volvo,XC60,Plug-in Hybrid,T8,SUV,4,High,
Electric,2026,Volvo,EX40,,,SUV,Electric,Medium,known BEV-only model
Gas,2026,Volvo,XC40,,B5,SUV,4,High,
Electric,2025,Volvo,EX90,,,SUV,Electric,Medium,known BEV-only model
Gas,2026,Volvo,V60,Cross Country,B5,Wagon,4,High,
Gas,2026,Volvo,XC90,Plug-in Hybrid,T8,SUV,4,High,
Gas/Electric Hybrid,2021,Volvo,XC60,,"T8, Recharge",SUV,4,High,
Gas,2021,Volvo,XC60,,T6,SUV,4,High,
Electric,2024,Volvo,XC40,Recharge Pure Electric,,SUV,Electric,High,
Gas,2024,Volvo,XC40,,,SUV,4,Medium,
Gas,2022,Volvo,XC40,,T5,SUV,4,High,
Electric,2022,Volvo,XC90,Recharge,T8,SUV,4,High,
Gas/Electric Hybrid,2024,Volvo,XC90,Recharge,T8,SUV,4,High,
Electric,2024,Volvo,XC90,Recharge,T8,SUV,4,High,
Electric,2025,Volvo,XC90,Plug-in Hybrid,T8,SUV,4,High,
Electric,2025,Volvo,XC60,Plug-in Hybrid,T8,SUV,4,High,
Gas,2021,Volvo,XC90,,,SUV,4,Medium,
Gas/Electric Hybrid,2024,Volvo,XC60,Recharge,T8,SUV,4,High,
Gas/Electric Hybrid,2022,Volvo,XC90,Recharge,T8,SUV,4,High,
Gas,2020,Volvo,XC90,,T6,SUV,4,High,
Gas/Electric Hybrid,2022,Volvo,XC60,Recharge,T8,SUV,4,High,
Gas,2020,Volvo,XC60,,T6,SUV,4,High,
Gas,2025,Volvo,XC40,,B5,SUV,4,High,
Gas,2020,Volvo,XC60,,,SUV,4,Medium,
Electric,2023,Volvo,C40,Recharge Pure Electric,,SUV,Electric,High,known BEV-only model
Gas,2019,Volvo,XC60,,,SUV,4,Medium,
Gas,2021,Volvo,XC60,,"T8, Recharge",SUV,4,High,
Gas,2024,Volvo,XC90,Recharge,T8,SUV,4,High,
Gas/Electric Hybrid,2021,Volvo,XC90,,T8,SUV,4,High,
Electric,2024,Volvo,S60,Recharge,T8,Sedan,4,High,
Gas,2015,Volvo,S60,,T5,Sedan,5,High,
Gas,2019,Volvo,XC90,,T6,SUV,4,High,
Gas/Electric Hybrid,2022,Volvo,XC60,Recharge,Recharge,SUV,4,High,
Gas,2024,Volvo,XC90,,B6,SUV,4,High,
Gas,2021,Volvo,XC60,,T8,SUV,4,High,
Gas,2022,Volvo,XC60,,B5,SUV,4,High,
Gas,2022,Volvo,XC60,,B6,SUV,4,High,
Gas,2020,Volvo,XC90,,,SUV,4,Medium,
Gas/Electric Hybrid,2022,Volvo,XC60,,,SUV,4,Medium,
Gas/Electric Hybrid,2022,Volvo,XC90,Recharge,"T8, Recharge",SUV,4,High,
Gas,2015,Volvo,XC70,,T6,SUV,6,High,
Gas,2021,Volvo,XC40,,T5,SUV,4,High,
Electric,2022,Volvo,XC60,Recharge,Recharge,SUV,Electric,High,
Gas,2023,Volvo,XC40,,B5,SUV,4,High,
Gas,2017,Volvo,XC60,,T6,SUV,6,High,
Gas,2024,Volvo,XC60,,,SUV,4,Medium,
Electric,2022,Volvo,C40,Recharge Pure Electric,,SUV,Electric,High,known BEV-only model
Gas,2016,Volvo,XC90,,,SUV,4,Medium,
Gas,2019,Volvo,V60,,T6,Wagon,4,High,
Electric,2019,Volvo,XC90,,T8,SUV,4,High,
Gas,2013,Volvo,XC60,,T6,SUV,6,High,
Gas,2022,Volvo,XC90,Recharge,Recharge,SUV,4,High,
Gas,2024,Volvo,XC90,,,SUV,4,Medium,
Gas,2022,Volvo,S60,,,Sedan,4,Medium,
Gas,2007,Volvo,S80,,,Sedan,5,Medium,
Gas/Electric Hybrid,2024,Volvo,XC60,Recharge,,SUV,4,High,
Gas,2009,Volvo,V70,,,Wagon,5,Medium,
Gas,2025,Volvo,XC40,,,SUV,4,Medium,
Gas/Electric Hybrid,2022,Volvo,S60,,B5,Sedan,4,High,
Gas/Electric Hybrid,2020,Volvo,XC60,,T8,SUV,4,High,
Gas/Electric Hybrid,2022,Volvo,XC90,Recharge,Recharge,SUV,4,High,
Gas,2024,Volvo,XC40,,B5,SUV,4,High,
Gas,2019,Volvo,XC40,,T5,SUV,4,High,
Gas,2015,Volvo,XC60,,T5,SUV,5,High,
Gas,2025,Volvo,XC60,,,SUV,4,Medium,
Gas,2008,Volvo,S60,,,Sedan,5,Medium,
Electric,2024,Volvo,XC60,Recharge,T8,SUV,4,High,
Gas,2020,Volvo,XC40,,T5,SUV,4,High,
Gas/Electric Hybrid,2024,Volvo,XC90,Recharge,,SUV,4,High,
Gas,2012,Volvo,C30,,T5,Sedan,5,High,
Gas,2017,Volvo,XC90,,,SUV,4,Medium,
Gas,2018,Volvo,XC60,,,SUV,4,Medium,
Gas/Electric Hybrid,2023,Volvo,XC90,Recharge,,SUV,4,High,
Gas/Electric Hybrid,2025,Volvo,XC60,Plug-in Hybrid,T8,SUV,4,High,
Gas/Electric Hybrid,2023,Volvo,XC60,,,SUV,4,Medium,
Gas,2012,Volvo,S60,,T6,Sedan,6,High,
Gas,2022,Volvo,S90,,B6,Sedan,4,High,
Gas/Electric Hybrid,2026,Volvo,XC90,,,SUV,4,Medium,
Electric,2022,Volvo,S60,Recharge,T8,Sedan,4,High,
Gas,2018,Volvo,V60,,,Wagon,5,Medium,
Gas,2019,Volvo,S60,,,Sedan,4,Medium,
Gas,2024,Volvo,S60,,B5,Sedan,4,High,
Gas,2017,Volvo,V90,Cross Country,T6,Wagon,4,High,
Gas/Electric Hybrid,2025,Volvo,XC90,Plug-in Hybrid,T8,SUV,4,High,
Gas,2015,Volvo,V60,,T6,Wagon,6,High,
Gas,2015,Volvo,V60,,T5,Wagon,5,High,
Gas/Electric Hybrid,2021,Volvo,XC60,,T8,SUV,4,High,
Gas/Electric Hybrid,2024,Volvo,XC40,,B5,SUV,4,High,
Gas,2007,Volvo,V70,,,Wagon,5,Medium,
Gas,2021,Volvo,V60,,,Wagon,4,Medium,
Gas/Electric Hybrid,2021,Volvo,XC90,,,SUV,4,Medium,
Gas,2007,Volvo,C70,,,Sedan,5,Medium,
Gas,2021,Volvo,S60,,T5,Sedan,4,High,
Gas,2025,Volvo,XC90,,,SUV,4,Medium,
Gas,2018,Volvo,XC90,,T6,SUV,4,High,
Gas,2010,Volvo,XC70,,,SUV,5,Medium,
Gas,2022,Volvo,XC60,,,SUV,4,Medium,
Gas,2024,Volvo,S60,,,Sedan,4,Medium,
Gas,2023,Volvo,XC40,,,SUV,4,Medium,
Gas,2023,Volvo,XC60,,,SUV,4,Medium,
Gas,2014,Volvo,S60,,T5,Sedan,5,High,
Gas,2020,Volvo,V60,Cross Country,,Wagon,4,High,
Gas,2018,Volvo,S90,,,Sedan,4,Medium,
Gas,2018,Volvo,S60,,,Sedan,5,Medium,
Gas,2023,Volvo,V60,Cross Country,,Wagon,4,High,
Gas/Electric Hybrid,2021,Volvo,XC60,,,SUV,4,Medium,
Gas,2018,Volvo,XC60,,T5,SUV,4,High,
Gas,2025,Volvo,V60,Cross Country,,Wagon,4,High,
Gas,2019,Volvo,XC40,,,SUV,4,Medium,
Electric,2025,Volvo,EX30,,,SUV,Electric,Medium,known BEV-only model
Electric,2024,Volvo,C40,Recharge Pure Electric,,SUV,Electric,High,known BEV-only model
Gas/Electric Hybrid,2025,Volvo,XC60,Plug-in Hybrid,,SUV,4,High,
Gas,2006,Volvo,S40,,T5,Sedan,5,High,
Gas,2015,Volvo,S60,,T6,Sedan,6,High,
Gas/Electric Hybrid,2023,Volvo,XC40,,,SUV,4,Medium,
Gas,2016,Volvo,XC90,Hybrid,T8,SUV,4,High,
Electric,2024,Volvo,XC60,Recharge,,SUV,Electric,High,
Gas,2023,Volvo,S90,,,Sedan,4,Medium,
Gas,2020,Volvo,V60,Cross Country,T5,Wagon,4,High,
Gas,2023,Volvo,S60,,,Sedan,4,Medium,
Gas/Electric Hybrid,2024,Volvo,V60,Cross Country,,Wagon,4,High,
Electric,2019,Volvo,XC90,,,SUV,Electric,Medium,
Gas,2019,Volvo,V60,,T5,Wagon,4,High,
Gas,2017,Volvo,S90,,T6,Sedan,4,High,
Gas/Electric Hybrid,2024,Volvo,XC40,,,SUV,4,Medium,
Gas,2018,Volvo,XC60,,T6,SUV,4,High,
Gas/Electric Hybrid,2023,Volvo,V60,Cross Country,,Wagon,4,High,
Gas,2022,Volvo,XC40,,,SUV,4,Medium,
Gas/Electric Hybrid,2024,Volvo,S60,,,Sedan,4,Medium,
Gas/Electric Hybrid,2022,Volvo,XC90,Recharge,,SUV,4,High,
Gas,2020,Volvo,XC40,,,SUV,4,Medium,
Gas/Electric Hybrid,2025,Volvo,XC90,Plug-in Hybrid,Recharge,SUV,4,High,
Gas/Electric Hybrid,2020,Volvo,XC90,,T8,SUV,4,High,
Gas,2014,Volvo,XC90,,,SUV,5,Medium,
Gas,2013,Volvo,C30,,T5,Sedan,5,High,
Gas,2016,Volvo,S60,,T5,Sedan,5,High,
Gas/Electric Hybrid,2023,Volvo,V90,Cross Country,,Wagon,4,High,
Gas,2016,Volvo,V60,,T6,Wagon,6,High,
Electric,2025,Volvo,XC90,Plug-in Hybrid,,SUV,Electric,High,
Gas/Electric Hybrid,2024,Volvo,V90,Cross Country,,Wagon,4,High,
Gas,2013,Volvo,XC70,,T6,SUV,6,High,
Gas,2020,BMW,X5,,40i,SUV,6,High,
Gas,2018,Audi,RS5,Coupe,,Coupe,6,High,
Gas,2024,BMW,X3,,"xDrive, 40i",SUV,6,High,
Gas,2023,Mercedes-Benz,GLA,,4MATIC,SUV,4,High,
Gas,2020,Mercedes-Benz,C-Class,Wagon,4MATIC,Wagon,4,High,
Gas,2021,Chevrolet,Camaro,,,Coupe,6,Medium,
Gas,2022,Mercedes-Benz,GLE,,4MATIC,SUV,6,High,
Gas,2008,Subaru,Impreza,,,Sedan,4,Medium,
Gas,2020,Ford,Mustang,Fastback,,Coupe,8,High,
Gas,2022,Mercedes-Benz,GLC,,AMG,SUV,4,High,
Gas,2021,Volkswagen,Golf,Standard Model,TSI,Hatchback,4,High,
Gas,2012,Jeep,Wrangler,Unlimited,,SUV,6,High,
Gas,2011,Honda,Accord,Sedan,,Sedan,4,High,
Gas,2023,Kia,Seltos,,Turbo,SUV,4,High,
Gas,2020,Mercedes-Benz,CLA,,4MATIC,Sedan,4,High,
Gas,2023,Audi,Q8,,"Quattro, 55",SUV,6,High,
Gas,2024,Mercedes-Benz,GLC,,,SUV,4,Medium,
Gas,2014,Scion,tC,,,Coupe,4,Medium,
Gas,2021,Audi,Q7,,55,SUV,6,High,
Gas,2022,BMW,X2,,,SUV,4,Medium,
Gas,2020,Mercedes-Benz,C-Class,Sedan,"4MATIC, AMG, 300",Sedan,4,High,
Gas,2008,Honda,Accord,Sedan,,Sedan,4,High,
Electric,2024,Rivian,R1S,,,SUV,Electric,Medium,known BEV-only model
Gas,2021,Mazda,Mazda3,Sport,Turbo,Sedan,4,High,
Gas,2021,Audi,Q8,,55,SUV,6,High,
Gas,2019,Audi,Q8,,,SUV,6,Medium,
Gas,2022,Mercedes-Benz,E-Class,,350,Sedan,4,High,
Gas/Electric Hybrid,2024,Mercedes-Benz,E-Class,,"4MATIC, 350",Sedan,4,High,
Gas/Electric Hybrid,2023,Lexus,UX,,,SUV,4,Medium,
Gas,2009,Lexus,RX,,,SUV,4,Medium,
Gas,2025,Audi,Q5,Sportback,Quattro,SUV,4,High,
Gas,2011,Mazda,Mazda3,,,Sedan,4,Medium,
Gas/Electric Hybrid,2018,BMW,X5,,,SUV,6,Medium,
Gas,2020,Honda,Civic,Hatchback,,Hatchback,4,High,
Gas,2017,Volvo,XC60,,,SUV,5,Medium,
Gas,2012,Toyota,Corolla,Sedan,,Sedan,4,High,
Gas,2023,Mercedes-Benz,GLE,,AMG,SUV,6,High,
Gas,2024,Audi,A5,Sportback,"Quattro, TFSI, 45",Hatchback,4,High,
Gas,2026,Mercedes-Benz,GLC,,AMG,SUV,4,High,
Gas,2022,Alfa,Romeo,Giulia,,Sedan,4,High,
Gas,2021,Audi,Q5,,"Quattro, 45",SUV,4,High,
Gas,2020,Mercedes-Benz,GLC,,"AMG, 63",SUV,8,High,
Gas,2019,Mercedes-Benz,S-Class,,"4MATIC, AMG, 63",Sedan,8,High,
Gas,2017,Jaguar,F-Pace,,,SUV,4,Medium,
Gas/Electric Hybrid,2023,BMW,5,Series,xDrive,Sedan,4,High,
Gas,2024,Jaguar,F-Pace,,"P250, R-Dynamic S",SUV,4,High,
Gas,2022,Ford,F-150,,EcoBoost,Pickup Truck,6,High,
Gas,2019,Honda,Passport,,,SUV,6,Medium,
Gas,2018,Volkswagen,Golf,GTI,,Hatchback,4,High,
Gas/Electric Hybrid,2023,Toyota,Highlander,Hybrid,,SUV,4,High,
Gas,2021,Toyota,Corolla,Hatchback 5-Door,,Hatchback,4,High,
Gas,2018,Subaru,Legacy,,,Sedan,4,Medium,
Gas,2019,Chevrolet,Corvette,Grand Sport,,Coupe,8,High,
Gas,2018,Ford,Focus,,,Hatchback,4,Medium,
Gas,2021,Subaru,Ascent,,,SUV,4,Medium,
Gas/Electric Hybrid,2022,Hyundai,Elantra,Hybrid,,Sedan,4,High,
Gas,2017,Lexus,IS,,"300, F",Sedan,4,High,
Electric,2025,Porsche,Macan,,,SUV,Electric,Medium,
Gas,2019,Mercedes-Benz,C-Class,Sedan,"AMG, 43",Sedan,6,High,
Gas,2019,Mercedes-Benz,C-Class,Sedan,"4MATIC, AMG, 300",Sedan,4,High,
Gas,2022,BMW,X5,,,SUV,6,Medium,
Gas/Electric Hybrid,2024,Hyundai,Elantra,Hybrid,,Sedan,4,High,
Gas,2017,Mercedes-Benz,E-Class,,300,Sedan,4,High,
Gas,2021,Hyundai,Venue,,,SUV,4,Medium,
Gas/Electric Hybrid,2016,Hyundai,Sonata,Plug-In Hybrid,,Sedan,4,High,
Gas,2020,Mercedes-Benz,G-Class,,,SUV,8,Medium,
Gas/Electric Hybrid,2024,Mercedes-Benz,GLE,,"AMG, 350",SUV,4,High,
Gas,2014,Mercedes-Benz,C-Class,Sedan,"4MATIC, 350",Sedan,4,High,
Gas,2024,Infiniti,QX60,,Autograph,SUV,6,High,
Gas,2016,Mercedes-Benz,C-Class,Sedan,"AMG, 450",Sedan,6,High,
Gas,2006,Toyota,Tacoma,,,Pickup Truck,4,Medium,
Gas,2016,Chevrolet,Corvette,,V8,Coupe,8,High,
Gas,2025,Kia,Soul,,GT,Hatchback,4,High,
Gas,2022,BMW,5,Series,,Sedan,4,High,
Gas,2023,Toyota,RAV,4 Hybrid,,SUV,4,High,
Gas,2016,Audi,Q3,,Quattro,SUV,4,High,
Gas,2019,Volkswagen,Tiguan,,R,SUV,4,High,
Gas,2016,Honda,Pilot,,,SUV,6,Medium,
Gas,2017,Volkswagen,Golf,SportWagen,,Wagon,4,High,
Gas/Electric Hybrid,2025,Toyota,Corolla,Cross Hybrid,Hybrid,Sedan,4,High,
Gas,2025,Mercedes-Benz,GLC,,4MATIC,SUV,4,High,
Gas,2015,Mercedes-Benz,C-Class,Sedan,,Sedan,4,High,
Gas,2016,Mercedes-Benz,GLA,,4MATIC,SUV,4,High,
Gas,2021,Honda,Passport,,,SUV,6,Medium,
Gas,2018,Mercedes-Benz,GLE,,"AMG, 400",SUV,6,High,
Gas,2006,Lexus,SC,,,Convertible,8,Medium,
Gas,2012,Ford,Focus,,,Hatchback,4,Medium,
Gas,2015,Kia,Optima,,,Sedan,4,Medium,
Gas,2014,Toyota,Matrix,,,Hatchback,4,Medium,
Gas,2019,Hyundai,Elantra,GT,,Sedan,4,High,
Gas,2019,Ford,Mustang,Fastback,,Coupe,8,High,
Gas,2018,BMW,M2,,,Coupe,6,Medium,
Gas,2019,Chevrolet,Silverado,2500 HD,V8,Pickup Truck,8,High,
Gas,2021,Toyota,Tundra,,,Pickup Truck,6,Medium,
Gas/Electric Hybrid,2025,Mazda,CX-90,MHEV,,SUV,6,High,
Gas,2025,Audi,Q8,,"Quattro, TFSI, 55",SUV,6,High,
Gas,2006,Ford,Ranger,,,Pickup Truck,4,Medium,
Gas,2017,Nissan,Versa,Note,,Sedan,4,High,
Gas,2016,Volkswagen,Golf,SportWagen,,Wagon,4,High,
Gas,2015,BMW,M3,,,Sedan,6,Medium,
Gas,2012,Chevrolet,Traverse,,,SUV,6,Medium,
Gas,2014,Fiat,500L,,,Hatchback,4,Medium,
Gas,2013,Subaru,XV,Crosstrek,,SUV,4,High,
Gas/Electric Hybrid,2019,BMW,i8,Roadster,,Convertible,3,High,
Gas,2020,BMW,X4,,,SUV,4,Medium,
Gas,2018,Jaguar,F-Type,,,Convertible,6,Medium,
Gas,2025,Ford,F-350,Super Duty,,Pickup Truck,8,High,
Gas,2017,Toyota,Corolla,,,Sedan,4,Medium,
Gas,2012,Kia,Optima,,,Sedan,4,Medium,
Gas,2023,Toyota,Highlander,Hybrid,Hybrid,SUV,4,High,
Gas,2025,GMC,Terrain,,,SUV,4,Medium,
Gas/Electric Hybrid,2023,Toyota,Corolla,Cross Hybrid,,Sedan,4,High,
Gas,2019,Audi,Q5,,"Quattro, 45",SUV,4,High,
Electric,2024,Toyota,RAV,4,,SUV,Electric,High,
Gas/Electric Hybrid,2025,Toyota,Land,Cruiser,,SUV,6,High,
Gas,2016,Volkswagen,Beetle,Coupe,,Coupe,4,High,
Gas,2022,BMW,X4,,xDrive,SUV,4,High,
Gas/Electric Hybrid,2022,Volvo,S60,,,Sedan,4,Medium,
Gas,2023,Audi,A5,Sportback,"Quattro, TFSI, 45",Hatchback,4,High,
Gas/Electric Hybrid,2024,Audi,Q5,,,SUV,4,Medium,
Gas,2012,Audi,Q5,,Quattro,SUV,4,High,
Gas,2023,Audi,A4,Allroad Quattro,"Quattro, TFSI, 45",Sedan,4,High,
Gas,2021,Jaguar,F-Type,,,Convertible,6,Medium,
Gas,2007,Mazda,MX-5,Miata Roadster,,Convertible,4,High,
Gas,2022,Audi,Q5,Sportback,"Quattro, TFSI, 45",SUV,4,High,
Gas,2011,Porsche,Panamera,,,Sedan,6,Medium,
Gas,2019,BMW,X5,,xDrive,SUV,6,High,
Gas,2018,Ford,Mustang,Convertible,,Convertible,8,High,
Gas/Electric Hybrid,2018,Kia,Niro,,,SUV,4,Medium,
Gas,2015,Nissan,Juke,,,SUV,4,Medium,
Gas/Electric Hybrid,2026,Hyundai,Tucson,,,SUV,4,Medium,
Gas,2013,Lexus,ES,,,Sedan,4,Medium,
Electric,2026,Honda,Prologue,,,SUV,Electric,Medium,known BEV-only model
Gas/Electric Hybrid,2020,Mercedes-Benz,GLE,,450,SUV,6,High,
Electric,2023,Nissan,Ariya,,,SUV,Electric,Medium,known BEV-only model
Gas/Electric Hybrid,2022,Toyota,RAV,4,,SUV,4,High,
Gas,2015,Honda,Odyssey,,,Minivan,6,Medium,
Gas/Electric Hybrid,2023,Audi,Q5,,Quattro,SUV,4,High,
Gas,2006,Jaguar,X-Type,,,Sedan,6,Medium,
Gas,2010,Honda,Pilot,,,SUV,6,Medium,
Gas,2012,Cadillac,CTS,Sedan,,Sedan,6,High,
Gas,2008,Audi,Q7,,,SUV,6,Medium,
Gas,2019,Audi,S5,Coupe,,Coupe,6,High,
Gas,2019,Mercedes-Benz,C-Class,Convertible,"4MATIC, AMG, 43",Convertible,6,High,
Gas,2007,Mercedes-Benz,SLK-Class,,AMG,Convertible,6,High,
Gas,2022,Mercedes-Benz,A-Class,Sedan,AMG,Sedan,4,High,
Gas,2024,Volkswagen,Atlas,Cross Sport,TSI,SUV,4,High,
Gas,2013,Mercedes-Benz,250,,,Sedan,4,Medium,
Gas,2019,Chevrolet,Corvette,,,Coupe,8,Medium,
Gas,2013,Hyundai,Genesis,Coupe,,Coupe,6,High,
Gas,2020,Mercedes-Benz,GLA,,,SUV,4,Medium,
Gas,2022,Honda,Civic,,,Sedan,4,Medium,
Gas,2011,Mercedes-Benz,SL,,,Convertible,6,Medium,
Gas,2008,Volkswagen,Rabbit,,,Hatchback,4,Medium,
Gas,2023,Dodge,Challenger,,HEMI,Coupe,8,High,
Gas,2010,Hyundai,Santa,Fe,,SUV,4,High,
Gas/Electric Hybrid,2020,Hyundai,Sonata,Hybrid,,Sedan,4,High,
Gas,2015,Mercedes-Benz,S-Class,,,Sedan,6,Medium,
Gas,2016,Hyundai,ACCENT,,,Hatchback,4,Medium,
Gas,2017,BMW,M4,,,Coupe,6,Medium,
Gas,2018,Jaguar,XE,,,Sedan,4,Medium,
Gas/Electric Hybrid,2020,Audi,Q5,,"TFSI, 55",SUV,6,High,
Gas,2012,Hyundai,Genesis,Coupe,,Coupe,6,High,
Gas,2013,Mercedes-Benz,C-Class,Sedan,"4MATIC, 350",Sedan,4,High,
Gas,2014,Nissan,Versa,Note,,Sedan,4,High,
Gas,2017,Mercedes-Benz,C-Class,,"4MATIC, 300",Sedan,4,High,
Gas,2013,Audi,A5,,,Coupe,6,Medium,
Gas/Electric Hybrid,2023,Mercedes-Benz,GLS,,"4MATIC, 580",SUV,8,High,
Gas/Electric Hybrid,2022,Mercedes-Benz,GLE,,"4MATIC, AMG, 53, 53 AMG",SUV,6,High,
Gas/Electric Hybrid,2023,Mercedes-Benz,GLE,,450,SUV,6,High,
Gas/Electric Hybrid,2022,Mercedes-Benz,GLE,,"4MATIC, 350",SUV,4,High,
Gas/Electric Hybrid,2023,Mercedes-Benz,E-Class,,450,Sedan,6,High,
Gas,2024,Audi,A5,Cabriolet,"Quattro, 45",Convertible,4,High,
Gas,2017,Audi,Q7,,Quattro,SUV,6,High,
Gas,2022,Mercedes-Benz,AMG,GT,"AMG, 53",Coupe,6,High,
Gas/Electric Hybrid,2024,BMW,X7,,,SUV,6,Medium,
Gas,2024,BMW,X7,,,SUV,6,Medium,
Gas,2022,Audi,Q7,,"Quattro, TFSI, 55",SUV,6,High,
Gas/Electric Hybrid,2022,Audi,S7,,,Sedan,6,Medium,
Gas/Electric Hybrid,2025,Audi,Q5,,Quattro,SUV,4,High,
Gas,2012,Toyota,RAV,4,,SUV,4,High,
Gas,2007,Volkswagen,Golf,GTI,GTI,Hatchback,4,High,
Gas,2026,Lexus,GX,,,SUV,6,Medium,
Gas,2007,Infiniti,G,Coupe,,Coupe,6,High,
Gas,2023,Jaguar,F-Type,,P450,Convertible,6,High,
Electric,2024,Jaguar,I-Pace,,,SUV,Electric,Medium,known BEV-only model
Gas,2015,Mazda,Mazda5,,,Minivan,4,Medium,
Gas/Electric Hybrid,2026,Kia,Sportage,,,SUV,4,Medium,
Gas,2010,Land,Rover,LR4,,SUV,6,High,
Gas,2011,BMW,3,Series,,Sedan,4,High,
Gas,2017,Fiat,500X,,,SUV,4,Medium,
Gas,2015,Dodge,Challenger,,SRT Hellcat,Coupe,8,High,
Gas,2018,Chevrolet,Corvette,Z06,,Coupe,8,High,
Gas,2026,Audi,A5,,,Coupe,6,Medium,
Gas,2026,Audi,Q3,,,SUV,4,Medium,
Gas,2025,Chevrolet,Express,,,Van,6,Medium,
Gas,2019,Audi,Q7,,"Quattro, TFSI, 55",SUV,6,High,
Gas,2024,Porsche,Panamera,,,Sedan,6,Medium,
Electric,2026,Ford,Mustang,Mach-E,,SUV,Electric,High,
Gas,2023,Audi,RS5,Coupe,,Coupe,6,High,
Gas,2021,Mercedes-Benz,GLC,,"4MATIC, 300",SUV,4,High,
Gas/Electric Hybrid,2024,Kia,Niro,,,SUV,4,Medium,
Gas/Electric Hybrid,2016,Toyota,Prius,c,,Hatchback,4,High,
Gas/Electric Hybrid,2024,Audi,A3,Sedan,,Sedan,4,High,
Gas/Electric Hybrid,2026,Ford,Police,Interceptor Utility,,SUV,6,High,
Gas,2013,Mercedes-Benz,C-Class,,,Sedan,6,Medium,
Gas,2020,Lexus,RC,,"350, F",Coupe,6,High,
Gas,2013,Toyota,Yaris,,,Hatchback,4,Medium,
Gas,2020,Audi,S5,Coupe,"Quattro, TFSI",Coupe,6,High,
Gas,2010,Lexus,IS,,,Sedan,4,Medium,
Gas/Electric Hybrid,2015,Subaru,XV,Crosstrek,,SUV,4,High,
Gas,2024,Audi,RS,Q8,,Sedan,6,High,
Gas,2022,Volkswagen,Atlas,,"4MOTION, R",SUV,4,High,
Gas,2024,Ford,E-Series,Cutaway,,Van,6,High,
Electric,2024,Chevrolet,Silverado,EV,,Pickup Truck,Electric,High,
Gas,2018,Honda,Ridgeline,,,Pickup Truck,6,Medium,
Gas/Electric Hybrid,2026,Toyota,Camry,,Hybrid,Sedan,4,High,
Gas,2021,Jeep,Renegade,,,SUV,4,Medium,
Gas,2024,Nissan,Murano,,,SUV,6,Medium,
Gas,2014,Kia,Rondo,,,Minivan,4,Medium,
Gas,2017,Subaru,WRX,STI,,Sedan,4,High,
Gas,2006,Chevrolet,Corvette,,,Coupe,8,Medium,
Gas,2023,Alfa,Romeo,Tonale,,SUV,4,High,
Gas,2019,Audi,A4,Sedan,"Quattro, TFSI, 45",Sedan,4,High,
Gas,2013,Kia,Sorento,,,SUV,4,Medium,
Gas,2015,Nissan,Versa,Note,,Sedan,4,High,
Gas,2007,Chevrolet,Corvette,,,Coupe,8,Medium,
Gas,2017,Nissan,Micra,,,Sedan,4,Medium,
Gas,2007,Saturn,SKY,,,Convertible,4,Medium,
Gas,2008,BMW,1,Series,,Sedan,4,High,
Gas/Electric Hybrid,2023,Toyota,RAV,4,Hybrid,SUV,4,High,
Gas,2010,Dodge,Caravan,,,Minivan,6,Medium,
Gas,2018,Audi,TTS,,,Coupe,4,Medium,
Gas,2019,BMW,X6,,xDrive,SUV,6,High,
Gas,2018,Volkswagen,Golf,,TSI,Hatchback,4,High,
Gas/Electric Hybrid,2024,Hyundai,TUCSON,,,SUV,4,Medium,
Gas,2026,Mazda,3,,,Sedan,4,Medium,
Gas,2007,Mercedes-Benz,CLK,,AMG,Coupe,6,High,
Gas,2018,BMW,X5,,xDrive,SUV,6,High,
Gas,2017,Volkswagen,Golf,,TSI,Hatchback,4,High,
Gas,2019,Kia,Optima,,,Sedan,4,Medium,
Gas,2015,Subaru,BRZ,,,Coupe,4,Medium,
Gas,2014,Infiniti,Q60,Coupe,,Coupe,6,High,
Gas,2019,MINI,5,Door,Cooper,Hatchback,4,High,
Gas,2018,Honda,Civic,,,Sedan,4,Medium,
Gas/Electric Hybrid,2021,Audi,RS6,Avant,Quattro,Wagon,6,High,
Gas/Electric Hybrid,2023,Audi,A5,Coupe,,Coupe,6,High,
Electric,2020,Toyota,Prius,,,Hatchback,Electric,Medium,
Gas,2008,Lincoln,Mark,LT,,Sedan,8,High,
Gas,2019,Mercedes-Benz,S-Class,,,Sedan,6,Medium,
Electric,2025,BMW,iX,,,SUV,Electric,Medium,known BEV-only model
Gas,2019,GMC,Savana,Passenger,,Van,6,High,
Gas/Electric Hybrid,2023,Toyota,Crown,,Hybrid,Sedan,4,High,
Gas,2013,Nissan,Maxima,,,Sedan,6,Medium,
Gas/Electric Hybrid,2025,Toyota,RAV,4,Hybrid,SUV,4,High,
Gas,2025,GMC,Savana,,,Van,6,Medium,
Gas,2026,Ford,F,150,,Pickup Truck,6,High,
Gas/Electric Hybrid,2026,Ford,F,150,,Pickup Truck,6,High,
Gas,2008,Saturn,VUE,,,SUV,4,Medium,
Gas/Electric Hybrid,2026,Honda,Civic,,,Sedan,4,Medium,
Gas,2016,Lexus,ES,,,Sedan,4,Medium,
Gas,2016,BMW,X1,,xDrive,SUV,4,High,
Gas,2011,Jeep,Compass,,,SUV,4,Medium,
Gas,2011,Mazda,MX-5,Miata Roadster,,Convertible,4,High,
Gas,2018,Chevrolet,Camaro,,,Coupe,6,Medium,
Gas,2005,Chevrolet,Astro,,,Van,6,Medium,
Gas,2014,Hyundai,Sonata,,,Sedan,4,Medium,
Electric,2018,Mitsubishi,Outlander,Plug-In Hybrid,,SUV,Electric,High,
Gas,2021,Jaguar,F-Pace,,P400,SUV,4,High,
Gas,2016,Porsche,Cayenne,,Turbo,SUV,6,High,
Gas,2019,Nissan,Altima,,,Sedan,4,Medium,
Gas,2015,Kia,Sportage,,,SUV,4,Medium,
Gas,2014,Toyota,Yaris,,,Hatchback,4,Medium,
Gas,2020,Kia,Stinger,,GT,Sedan,4,High,
Gas,2015,Honda,Civic,,,Sedan,4,Medium,
Gas,2011,BMW,5,Series,xDrive,Sedan,4,High,
Gas,2019,Chevrolet,Suburban,,,SUV,8,Medium,
Gas,2018,Chevrolet,Traverse,,V6,SUV,6,High,
Gas,2013,Ford,Fiesta,Hatchback,,Hatchback,4,High,
Gas,2024,BMW,M4,,"xDrive, Competition",Coupe,6,High,
Gas,2023,Audi,TT,,"Quattro, 45",Coupe,4,High,
Gas,2025,Audi,Q5,,"Quattro, TFSI, 45",SUV,4,High,
Gas,2025,Toyota,GR86,,,Coupe,4,Medium,
Gas/Electric Hybrid,2018,MINI,Countryman,,"Cooper, Cooper S",SUV,4,High,
Gas,2012,Audi,R8,,,Coupe,10,Medium,
Gas,2018,MINI,Convertible,,"Cooper, Cooper S",Convertible,4,High,
Gas/Electric Hybrid,2021,Mercedes-Benz,E-Class,,"AMG, 53",Sedan,6,High,
Gas,2017,Ford,Fusion,,,Sedan,4,Medium,
Gas,2008,BMW,Z4,Roadster,,Convertible,4,High,
Gas,2016,BMW,3,Series,,Sedan,4,High,
Gas,2013,BMW,3,Series,,Sedan,4,High,
Gas/Electric Hybrid,2025,Renault,Clio,,,Hatchback,4,Medium,
Gas,2013,Ford,Mustang,,,Coupe,6,Medium,
Gas,2013,Scion,FR-S,,,Coupe,4,Medium,
Gas,2013,Toyota,Tacoma,,,Pickup Truck,4,Medium,
Gas,2012,Hyundai,Genesis,Sedan,,Sedan,6,High,
Gas,2025,Audi,RS5,Coupe,"Quattro, TFSI",Coupe,6,High,
Gas,2023,Mazda,MX-5,Miata,,Convertible,4,High,
Gas/Electric Hybrid,2025,Hyundai,Tucson,Hybrid,Hybrid,SUV,4,High,
Gas,2027,Kia,Seltos,,,SUV,4,Medium,
Gas,2011,Volkswagen,Golf,GTI,,Hatchback,4,High,
Gas/Electric Hybrid,2024,Mercedes-Benz,GLC,,AMG,SUV,4,High,
Gas,2010,Chevrolet,Silverado,1500,,Pickup Truck,8,High,
Gas,2021,Nissan,NV200,,,Van,4,Medium,
Gas/Electric Hybrid,2024,Toyota,Prius,Prime,,Hatchback,4,High,
Gas,2014,Mercedes-Benz,C-Class,,,Sedan,6,Medium,
Electric,2025,Hyundai,IONIQ,5,,SUV,Electric,High,
Gas,2010,Subaru,Impreza,,,Sedan,4,Medium,
Gas,2010,Ford,Edge,,,SUV,4,Medium,
Gas,2014,Chevrolet,Cruze,,,Sedan,4,Medium,
Gas/Electric Hybrid,2021,Audi,Q8,,,SUV,6,Medium,
Gas,2020,BMW,X5,,,SUV,6,Medium,
Gas,2010,Toyota,Matrix,,,Hatchback,4,Medium,
Gas,2013,Audi,S4,,,Sedan,6,Medium,
Gas,2012,Kia,Sorento,,,SUV,4,Medium,
Gas,2014,Volkswagen,Jetta,,,Sedan,4,Medium,
Gas,2012,Volkswagen,Jetta,,,Sedan,4,Medium,
Gas,2012,Hyundai,ACCENT,,,Hatchback,4,Medium,
Gas,2017,Lexus,LX,,,SUV,6,Medium,
Gas,2008,Nissan,Altima,,,Sedan,4,Medium,
Gas,2017,Volkswagen,Golf,,,Hatchback,4,Medium,
Gas,2006,Pontiac,Solstice,,,Sedan,4,Medium,
Gas,2026,Jaguar,F-Pace,,"P250, R-Dynamic S",SUV,4,High,
Gas,2014,Mercedes-Benz,C-Class,Sedan,,Sedan,6,High,
Gas,2023,Mercedes-Benz,Metris,Cargo Van,,Van,4,High,
Gas,2007,Buick,Allure,,,Sedan,4,Medium,
Gas,2018,RAM,1500,,HEMI,Pickup Truck,8,High,
Gas,2009,Porsche,911,Carrera S Cabriolet,"Carrera, Carrera 4S, 4S",Convertible,6,High,
Gas/Electric Hybrid,2020,Audi,Q8,,,SUV,6,Medium,
Gas,2019,Hyundai,Santa,Fe XL,,SUV,4,High,
Electric,2026,GMC,HUMMER,EV SUV,,SUV,Electric,High,known BEV-only model
Electric,2023,BMW,i7,,xDrive,Sedan,Electric,High,known BEV-only model
Gas/Electric Hybrid,2023,Ford,Escape,PHEV,,SUV,4,High,
Gas,2012,Volkswagen,Jetta,Sedan,,Sedan,4,High,
Gas,2016,Toyota,Yaris,,,Hatchback,4,Medium,
Gas,2013,Lexus,LX,,,SUV,6,Medium,
Gas,2019,Ford,E-Series,Cutaway,,Van,6,High,
Gas,2015,Volkswagen,Beetle,Coupe,,Coupe,4,High,
Gas/Electric Hybrid,2025,Audi,Q8,,,SUV,6,Medium,
Gas/Electric Hybrid,2023,Mercedes-Benz,S-Class,,580,Sedan,8,High,
Gas,2018,BMW,X3,,xDrive,SUV,4,High,
Electric,2021,Chevrolet,Bolt,EV,,Hatchback,Electric,High,known BEV-only model
Gas,2014,Mercedes-Benz,E-Class,,4MATIC,Sedan,6,High,
Gas,2009,Hyundai,Santa,Fe,,SUV,4,High,
Gas,2011,Scion,tC,,,Coupe,4,Medium,
Gas,2010,BMW,6,Series,,Coupe,6,High,
Electric,2023,Toyota,bZ4X,,,SUV,Electric,Medium,known BEV-only model
Gas,2015,Infiniti,Q70,,,Sedan,6,Medium,
Gas,2010,Ford,Ranger,,,Pickup Truck,4,Medium,
Gas,2016,Ford,Fiesta,Hatchback,,Hatchback,4,High,
Gas,2018,BMW,X2,,xDrive,SUV,4,High,
Gas,2010,Chevrolet,Equinox,,,SUV,4,Medium,
Gas,2019,Ford,Transit,Cargo Van,,Van,6,High,
Gas,2012,Infiniti,EX,,,SUV,4,Medium,
Electric,2023,Mercedes-Benz,EQE,,4MATIC,SUV,Electric,High,known BEV-only model
Gas,2018,Kia,Sedona,,,Minivan,6,Medium,
Gas,2018,Audi,S7,,,Sedan,6,Medium,
Gas,2022,Toyota,Camry,Hybrid,Hybrid,Sedan,4,High,
Gas,2020,Ford,F-250,Super Duty,,Pickup Truck,8,High,
Gas,2022,GMC,Savana,Cargo Van,,Van,6,High,
Gas/Electric Hybrid,2021,Hyundai,Santa,Fe Hybrid,Hybrid,SUV,4,High,
Gas,2008,Audi,S8,,,Sedan,6,Medium,
Gas,2023,Hyundai,Kona,N,,SUV,4,High,
Gas,2020,Nissan,370Z,Coupe,,Coupe,6,High,
Gas,2011,Kia,Forte,Koup,,Sedan,4,High,
Gas,2014,Audi,S5,,Quattro,Coupe,6,High,
Gas,2016,RAM,3500,,,Pickup Truck,8,Medium,
Gas,2014,Mercedes-Benz,E-Class,,350,Sedan,4,High,
Gas,2014,Kia,Optima,,Turbo,Sedan,4,High,
Gas,2018,Kia,Forte,5,,Sedan,4,High,
Gas,2016,Hyundai,Veloster,,Turbo,Hatchback,4,High,
Gas,2011,Volvo,XC60,,,SUV,5,Medium,
Gas,2015,Nissan,Pathfinder,,,SUV,6,Medium,
Gas,2016,GMC,Acadia,,,SUV,4,Medium,
Gas,2014,Audi,SQ5,,Quattro,SUV,6,High,
Gas,2014,Nissan,Altima,,,Sedan,4,Medium,
Gas,2018,Nissan,Versa,Note,,Sedan,4,High,
Gas,2022,Audi,A4,Sedan,"Quattro, TFSI, 45",Sedan,4,High,
Gas/Electric Hybrid,2015,Lexus,ES,,"300, 300h",Sedan,4,High,
Gas,2008,Toyota,Tacoma,,,Pickup Truck,4,Medium,
Gas,2015,Mercedes-Benz,B-Class,,4MATIC,Hatchback,4,High,
Gas,2014,BMW,X6,M,,SUV,6,High,
Gas,2010,Honda,CR-V,,,SUV,4,Medium,
Gas,2008,Infiniti,FX,,,SUV,6,Medium,
Gas/Electric Hybrid,2019,Toyota,Prius,,Prime,Hatchback,4,High,
Gas,2011,Dodge,Challenger,,,Coupe,6,Medium,
Gas,2013,Hyundai,Tucson,,,SUV,4,Medium,
Gas,2014,Maserati,Ghibli,,,Sedan,6,Medium,
Gas,2006,Acura,TSX,,,Sedan,4,Medium,
Gas/Electric Hybrid,2014,Toyota,Prius,c,,Hatchback,4,High,
Gas/Electric Hybrid,2025,Toyota,Crown,,,Sedan,4,Medium,
Gas,2013,Toyota,Avalon,,,Sedan,6,Medium,
Gas/Electric Hybrid,2015,Toyota,Highlander,Hybrid,,SUV,4,High,
Gas,2006,Subaru,Forester,,,SUV,4,Medium,
Gas,2021,Jaguar,F-Pace,,P250,SUV,4,High,
Gas,2013,Kia,Sportage,,,SUV,4,Medium,
Gas/Electric Hybrid,2023,Mercedes-Benz,E-Class,,,Sedan,4,Medium,
Gas,2018,Honda,Civic,Coupe,,Coupe,4,High,
Gas,2025,Hyundai,Elantra,,"Turbo, N Line, N",Sedan,4,High,
Gas,2010,Chevrolet,Corvette,,,Coupe,8,Medium,
Gas,2020,Ford,Transit,Connect,,Van,6,High,
Gas,2017,Honda,Accord,,,Sedan,4,Medium,
Gas,2016,Audi,A6,,,Sedan,6,Medium,
Gas,2006,Ford,F-150,,,Pickup Truck,6,Medium,
Gas,2023,Hyundai,Kona,N,Turbo,SUV,4,High,
Gas,2018,Mercedes-Benz,E-Class,,"AMG, 63",Sedan,8,High,
Gas,2014,Lexus,IS,,F,Sedan,4,High,
Gas,2017,Alfa,Romeo,Giulia,,Sedan,4,High,
Gas,2005,Nissan,350Z,,,Coupe,6,Medium,
Gas,2006,Porsche,Boxster,,,Convertible,6,Medium,
Gas,2013,Toyota,Tundra,,,Pickup Truck,6,Medium,
Gas,2024,Hyundai,Santa,Cruz,Turbo,Pickup Truck,4,High,
Gas,2011,Mazda,Mazda6,,,Sedan,4,Medium,
Gas,2012,Ford,Fusion,,,Sedan,4,Medium,
Gas,2015,Toyota,Corolla,Sedan,,Sedan,4,High,
Gas,2015,Toyota,Sequoia,,,SUV,6,Medium,
Gas,2016,RAM,1500,,HEMI,Pickup Truck,8,High,
Gas,2018,RAM,2500,,HEMI,Pickup Truck,8,High,
Gas,2010,Acura,TSX,,,Sedan,4,Medium,
Gas,2006,Jeep,TJ,,,SUV,6,Medium,
Gas,2009,BMW,M6,,,Coupe,10,Medium,
Gas,2006,Honda,Civic,Sedan,,Sedan,4,High,
Gas,2011,Nissan,Altima,,,Sedan,4,Medium,
Gas,2016,Chevrolet,Corvette,Z06,,Coupe,8,High,
Gas,2024,Porsche,Cayman,718,GTS,Coupe,4,High,
Gas,2013,Acura,MDX,,,SUV,6,Medium,
Gas,2018,Mercedes-Benz,GLE,,,SUV,6,Medium,
Gas,2021,Volkswagen,Atlas,Cross Sport,4MOTION,SUV,4,High,
Gas/Electric Hybrid,2020,Ford,Escape,Hybrid,,SUV,4,High,
Gas/Electric Hybrid,2017,Toyota,Camry,Hybrid,,Sedan,4,High,
Electric,2022,Audi,e-tron,,"Quattro, 55",SUV,Electric,High,known BEV-only model
Gas,2022,Audi,SQ5,Sportback,Quattro,SUV,6,High,
Gas,2022,Mercedes-Benz,A-Class,Hatchback,,Hatchback,4,High,
Gas,2023,Mercedes-Benz,C-Class,Convertible,,Convertible,4,High,
Gas,2011,BMW,1,Series,,Sedan,4,High,
Gas,2026,Toyota,GR,Corolla,,Hatchback,3,High,
Gas,2010,Ford,Focus,,,Sedan,4,Medium,
Gas,2007,Toyota,Corolla,,,Sedan,4,Medium,
Gas/Electric Hybrid,2026,Honda,CR-V,,,SUV,4,Medium,
Gas,2026,Honda,Civic,,,Sedan,4,Medium,
Gas,2005,Jaguar,XK,,,Coupe,8,Medium,
Gas,2011,Toyota,Corolla,,,Sedan,4,Medium,
Gas,2026,Ford,F,150,EcoBoost,Pickup Truck,6,High,
Gas,2016,Acura,TLX,,,Sedan,4,Medium,
Gas,2016,Nissan,370Z,,,Coupe,6,Medium,
Gas,2019,Honda,Civic,,,Sedan,4,Medium,
Gas,2024,Toyota,Corolla,,,Sedan,4,Medium,
Gas,2017,Ford,Mustang,,,Coupe,8,Medium,
Gas/Electric Hybrid,2024,Toyota,Tundra,,Hybrid,Pickup Truck,6,High,
Gas,2021,Toyota,Corolla,,,Sedan,4,Medium,
Gas/Electric Hybrid,2021,Toyota,Highlander,,Hybrid,SUV,4,High,
Gas/Electric Hybrid,2021,Audi,A5,,"Quattro, TFSI",Coupe,6,High,
Electric,2024,Ford,F,150 Lightning,,Pickup Truck,Electric,High,known BEV-only model
Gas,2012,Toyota,Matrix,,,Hatchback,4,Medium,
Gas,2018,Audi,A4,,,Sedan,4,Medium,
Gas,2022,Kia,Forte,,GT,Sedan,4,High,
Gas,2005,Mercedes-Benz,SL,,,Convertible,6,Medium,
Gas,2019,Acura,RDX,,"SH-AWD, Turbo",SUV,4,High,
Gas,2017,Mercedes-Benz,C-Class,,AMG,Sedan,4,High,
Gas,2022,Toyota,Corolla,,,Sedan,4,Medium,
Gas,2015,Chevrolet,Camaro,,,Coupe,6,Medium,
Gas,2019,Mercedes-Benz,C-Class,,4MATIC,Sedan,4,High,
Gas,2019,Toyota,Corolla,,,Sedan,4,Medium,
Gas,2008,Honda,Accord,,,Sedan,4,Medium,
Gas,2012,Honda,Odyssey,,,Minivan,6,Medium,
Gas/Electric Hybrid,2021,Jeep,Wrangler,,,SUV,6,Medium,
Gas,2014,Nissan,Versa,,,Sedan,4,Medium,
Gas/Electric Hybrid,2025,Honda,CR-V,,,SUV,4,Medium,
Gas,2022,Mazda,3,,,Sedan,4,Medium,
Gas,2017,Volkswagen,Jetta,,,Sedan,4,Medium,
Gas,2016,Ford,F,150,,Pickup Truck,6,High,
Gas,2019,Ford,Mustang,,,Coupe,8,Medium,
Gas,2017,Hyundai,SANTA,FE,,SUV,4,High,
Gas,2014,Lexus,LX,,,SUV,6,Medium,
Electric,2026,Hyundai,KONA,,,SUV,Electric,Medium,
Gas/Electric Hybrid,2018,Toyota,Prius,Prime,,Hatchback,4,High,
Gas/Electric Hybrid,2014,Honda,CR-Z,,,Hatchback,4,Medium,
Gas,2017,Honda,Civic,,,Sedan,4,Medium,
Gas/Electric Hybrid,2012,Ford,Fusion,,Hybrid,Sedan,4,High,
Gas/Electric Hybrid,2024,Honda,Accord,,,Sedan,4,Medium,
Gas,2018,Volkswagen,Golf,,,Hatchback,4,Medium,
Gas,2007,Mazda,3,,,Sedan,4,Medium,
Gas,2020,Mercedes-Benz,C-Class,Wagon,,Wagon,4,High,
Gas,2011,Kia,Sorento,,,SUV,4,Medium,
Gas/Electric Hybrid,2010,Toyota,Camry,,Hybrid,Sedan,4,High,
Gas,2013,Mazda,CX-5,,,SUV,4,Medium,
Gas,2021,Audi,SQ8,,"Quattro, TFSI",SUV,6,High,
Gas/Electric Hybrid,2012,Fisker,Karma,,,Sedan,4,Medium,
Gas/Electric Hybrid,2022,Hyundai,Santa,Fe,Hybrid,SUV,4,High,
Gas,2008,Acura,MDX,,SH-AWD,SUV,6,High,
Gas,2016,Kia,Sedona,,,Minivan,6,Medium,
Gas,2012,Mercedes-Benz,GLK-Class,,"4MATIC, 350",SUV,4,High,
Gas/Electric Hybrid,2018,Chevrolet,Silverado,1500,,Pickup Truck,8,High,
Gas,2008,Ford,Mustang,Coupe,,Coupe,6,High,
Gas,2021,Ford,Ranger,,,Pickup Truck,4,Medium,
Gas,2021,Mercedes-Benz,GLE,,"4MATIC, AMG, 350",SUV,4,High,
Gas,2019,Ford,Mustang,Convertible,,Convertible,8,High,
Gas/Electric Hybrid,2012,Ford,Fusion,Hybrid,Hybrid,Sedan,4,High,
Gas,2007,Mazda,Mazda3,,,Sedan,4,Medium,
Gas/Electric Hybrid,2010,Toyota,Camry,Hybrid,Hybrid,Sedan,4,High,
Gas,2005,Mercedes-Benz,SL-Class,,,Convertible,6,Medium,
Gas,2009,Volkswagen,Jetta,Sedan,,Sedan,4,High,
Gas,2017,Mercedes-Benz,C-Class,Coupe,AMG,Coupe,4,High,
Gas,2019,Mercedes-Benz,C-Class,Sedan,4MATIC,Sedan,4,High,
Gas,2022,Kia,Forte,5,GT,Sedan,4,High,
Gas,2007,Toyota,Corolla,Sedan,,Sedan,4,High,
Gas,2024,Ford,Escape,,EcoBoost,SUV,4,High,
Gas,2014,Ford,Fusion,,,Sedan,4,Medium,
Gas,2005,Jaguar,XK,Convertible,,Convertible,8,High,
Gas,2011,Toyota,Corolla,Sedan,,Sedan,4,High,
Gas/Electric Hybrid,2024,Toyota,Corolla,,,Sedan,4,Medium,
Gas,2015,Chevrolet,Impala,,,Sedan,6,Medium,
Gas,2018,Chevrolet,Trax,,,SUV,4,Medium,
Gas/Electric Hybrid,2022,Volvo,XC90,,T8,SUV,4,High,
Gas,2016,Volkswagen,Golf,,,Hatchback,4,Medium,
Gas,2008,Saturn,SKY,,,Convertible,4,Medium,
Gas,2024,Toyota,Grand,Highlander,,SUV,4,High,
Gas,2016,Mazda,Mazda6,,,Sedan,4,Medium,
Gas,2021,Lexus,NX,,"300, F",SUV,4,High,
Gas,2018,Mercedes-Benz,C-Class,Sedan,,Sedan,4,High,
Gas,2013,Audi,Q5,,,SUV,4,Medium,
Gas,2020,Mercedes-Benz,C-Class,Coupe,"AMG, 43",Coupe,6,High,
Gas,2016,Lexus,RX,,"350, F",SUV,4,High,
Gas/Electric Hybrid,2026,Honda,Civic,Hatchback,Hybrid,Hatchback,4,High,
Gas,2027,BMW,M3,,Competition,Sedan,6,High,
Gas,2017,Audi,S8,,,Sedan,6,Medium,
Gas,2023,BMW,4,Series,xDrive,Coupe,4,High,
Gas/Electric Hybrid,2024,Toyota,Corolla,Sedan,,Sedan,4,High,
Gas,2017,BMW,2,Series,"xDrive, M240i",Coupe,6,High,
Gas/Electric Hybrid,2026,Audi,Q7,,,SUV,6,Medium,
Gas/Electric Hybrid,2022,Hyundai,Tucson,Hybrid,Hybrid,SUV,4,High,
Gas,2007,Toyota,Camry,,,Sedan,4,Medium,
Gas,2011,Land,Rover,Range Rover,,SUV,6,High,
Gas,2019,Audi,Q7,,,SUV,6,Medium,
Gas,2018,Jaguar,XJ,,,Sedan,6,Medium,
Gas,2022,Toyota,Sienna,,,Minivan,4,Medium,
Gas,2018,Mercedes-Benz,GLE,,"AMG, 43",SUV,6,High,
Gas,2011,Mercedes-Benz,E-Class,,"AMG, 350",Sedan,4,High,
Gas,2005,Ford,,,,Unknown,Unknown,Low,no model/trim info provided in source data
Gas/Electric Hybrid,2023,Ford,Maverick,,,Pickup Truck,4,Medium,
Gas,2011,BMW,1,Series M Coupe,,Coupe,6,High,
Gas,2017,Volkswagen,Beetle,Convertible,,Convertible,4,High,
Gas,2021,Tesla,Model,Y,,Sedan,Electric,High,known BEV-only model
Gas,2019,Mercedes-Benz,E-Class,,"AMG, 53",Sedan,6,High,
Gas,2017,Mercedes-Benz,GLC,,300,SUV,4,High,
Electric,2024,Kia,Niro,EV,,SUV,Electric,High,
Gas,2008,Audi,TT,,,Coupe,4,Medium,
Gas,2019,Volkswagen,Atlas,,R,SUV,4,High,
Gas,2014,RAM,1500,,HEMI,Pickup Truck,8,High,
Gas,2016,Ford,Focus,,,Hatchback,4,Medium,
Gas,2015,Ford,Fiesta,Hatchback,,Hatchback,4,High,
Gas,2019,BMW,7,Series,xDrive,Sedan,6,High,
Gas,2009,Chevrolet,Impala,,,Sedan,6,Medium,
Gas,2016,Chevrolet,Cruze,,,Sedan,4,Medium,
Gas,2018,Audi,A3,Cabriolet,"Quattro, TFSI",Convertible,4,High,
Gas,2012,Lexus,ES,,,Sedan,4,Medium,
Gas/Electric Hybrid,2022,Toyota,Venza,,Hybrid,SUV,4,High,
Gas/Electric Hybrid,2024,Toyota,Camry,Hybrid,Hybrid,Sedan,4,High,
Electric,2024,Hyundai,IONIQ,6,,Sedan,Electric,High,
Gas,2021,Chevrolet,Trax,,,SUV,4,Medium,
Gas,2011,BMW,X3,,,SUV,4,Medium,
Gas,2011,Ferrari,California,,,Convertible,8,Medium,
Gas,2010,Toyota,Sienna,,,Minivan,6,Medium,
Gas,2011,Nissan,X-Trail,,,SUV,4,Medium,
Gas,2009,Toyota,Sienna,,,Minivan,6,Medium,
Gas,2008,Toyota,Sienna,,,Minivan,6,Medium,
Gas/Electric Hybrid,2011,Toyota,Prius,,Hybrid,Hatchback,4,High,
Gas,2009,Toyota,Avalon,,,Sedan,6,Medium,
Gas,2019,Maserati,Quattroporte,,,Sedan,6,Medium,
Gas,2018,Mercedes-Benz,GLS,,"4MATIC, 450",SUV,6,High,
Gas,2020,Mercedes-Benz,A-Class,Hatchback,,Hatchback,4,High,
Gas,2019,Mercedes-Benz,GLC,,"AMG, 300",SUV,4,High,
Gas,2013,Volkswagen,Passat,,,Sedan,4,Medium,
Gas/Electric Hybrid,2015,Honda,Accord,Hybrid,,Sedan,4,High,
Gas,2014,Ford,Focus,,,Hatchback,4,Medium,
Gas,2014,Volkswagen,Touareg,,,SUV,6,Medium,
Gas,2019,Mercedes-Benz,CLA,,4MATIC,Sedan,4,High,
Gas,2015,Ford,Mustang,Fastback,EcoBoost,Coupe,4,High,
Gas,2020,Audi,Q8,,,SUV,6,Medium,
Gas,2020,Mazda,Mazda6,,,Sedan,4,Medium,
Gas,2012,Honda,Civic,Coupe,,Coupe,4,High,
Gas,2023,Mercedes-Benz,E-Class,,"4MATIC, AMG, 63",Sedan,8,High,
Gas,2016,Volkswagen,Jetta,Sedan,,Sedan,4,High,
Gas,2017,Chevrolet,Volt,,,Hatchback,4,Medium,
Gas,2005,Ford,Mustang,Coupe,,Coupe,6,High,
Gas,2013,Nissan,Frontier,,,Pickup Truck,6,Medium,
Gas,2013,Mercedes-Benz,B-Class,,,Hatchback,4,Medium,
Gas,2009,Honda,Accord,,,Sedan,4,Medium,
Gas,2015,Mercedes-Benz,SLK-Class,,,Convertible,6,Medium,
Gas,2019,Audi,A5,,,Coupe,6,Medium,
Gas,2009,Honda,Accord,Sedan,,Sedan,4,High,
Electric,2023,Mazda,MX-30,,,SUV,Electric,Medium,
Gas,2021,Honda,Civic,Type R,,Sedan,4,High,
Gas,2017,Audi,S3,,,Sedan,4,Medium,
Gas/Electric Hybrid,2015,Toyota,Prius,c,,Hatchback,4,High,
Gas,2005,Lexus,ES,,,Sedan,4,Medium,
Gas,2010,Hyundai,Tucson,,,SUV,4,Medium,
Gas,2021,Dodge,Charger,,V6,Sedan,6,High,
Gas,2015,Maserati,Ghibli,,,Sedan,6,Medium,
Gas,2011,Mercedes-Benz,E-Class,,350,Sedan,4,High,
Gas,2010,Nissan,Rogue,,,SUV,4,Medium,
Gas,2020,Nissan,NV200,Cargo Vans,,Van,4,High,
Gas,2024,Ford,Maverick,,,Pickup Truck,4,Medium,
Electric,2024,Ford,F-150,Lightning,,Pickup Truck,Electric,High,
Electric,2026,Ford,F-150,,,Pickup Truck,Electric,Medium,
Gas,2023,Kia,K5,,Turbo,Sedan,4,High,
Gas,2022,Toyota,RAV,4 Hybrid,,SUV,4,High,
Gas,2022,Alfa,Romeo,Stelvio,,SUV,4,High,
Gas,2012,Dodge,Charger,,,Sedan,6,Medium,
Gas,2015,Fiat,500,,,Hatchback,4,Medium,
Gas,2016,BMW,X3,,xDrive,SUV,4,High,
Gas,2024,BMW,X3,,"xDrive, 30i",SUV,4,High,
Gas,2021,Audi,RS5,Sportback,,Sedan,6,High,
Gas/Electric Hybrid,2022,Audi,A4,Sedan,"Quattro, TFSI, 45",Sedan,4,High,
Gas/Electric Hybrid,2022,Audi,A3,Sedan,"TFSI, 40",Sedan,4,High,
Gas,2008,Honda,Civic,,,Sedan,4,Medium,
Gas/Electric Hybrid,2022,Audi,A3,Sedan,"Quattro, TFSI, 40",Sedan,4,High,
Gas,2022,Audi,S5,Sportback,"Quattro, TFSI",Hatchback,6,High,
Gas,2016,BMW,4,Series Gran Coupe,,Sedan,4,High,
Gas/Electric Hybrid,2022,Audi,A5,Coupe,"TFSI, 45",Coupe,4,High,
Gas,2019,Audi,A6,,,Sedan,6,Medium,
Gas,2025,RAM,Promaster,,,Van,6,Medium,
Gas,2019,Volkswagen,Golf,,,Hatchback,4,Medium,
Gas,2016,Jeep,Renegade,,,SUV,4,Medium,
Gas/Electric Hybrid,2024,Toyota,Corolla,,Hybrid,Sedan,4,High,
Gas,2015,Mercedes-Benz,E-Class,,400,Sedan,6,High,
Gas,2023,RAM,Promaster,,,Van,6,Medium,
Gas,2024,Audi,Q5,,"Quattro, TFSI, 45",SUV,4,High,
Gas,2024,Chevrolet,Camaro,,,Coupe,6,Medium,
Gas,2013,Volkswagen,Jetta,,,Sedan,4,Medium,
Gas,2020,Chevrolet,Silverado,1500,V8,Pickup Truck,8,High,
Gas,2008,Lincoln,MKX,,,SUV,4,Medium,
Gas/Electric Hybrid,2024,Toyota,Sienna,,Hybrid,Minivan,4,High,
Gas,2024,GMC,Savana,,,Van,6,Medium,
Gas,2014,Toyota,4-Runner,,,SUV,6,Medium,
Gas/Electric Hybrid,2013,Ford,Fusion,Hybrid,Hybrid,Sedan,4,High,
Gas/Electric Hybrid,2024,Audi,A6,,,Sedan,6,Medium,
Gas,2024,Audi,RS5,,Quattro,Sedan,6,High,
Gas,2013,BMW,X1,,,SUV,4,Medium,
Gas,2020,Volkswagen,Atlas,,,SUV,4,Medium,
Gas,2018,Nissan,NV200,,,Van,4,Medium,
Gas,2019,Mercedes-Benz,Sprinter,,,Van,4,Medium,
Gas,2014,Infiniti,QX80,,,SUV,8,Medium,
Gas,2024,Infiniti,QX80,,"AWD, Luxe",SUV,8,High,
Gas,2014,Mazda,3,,,Sedan,4,Medium,
Gas,2020,Mercedes-Benz,GLC,,AMG,SUV,4,High,
Gas,2008,Ford,Mustang,Convertible,,Convertible,6,High,
Gas,2006,Mazda,MX-5,Miata Roadster,,Convertible,4,High,
Gas,2021,Hyundai,Santa,Fe Hybrid,,SUV,4,High,
Gas/Electric Hybrid,2021,Hyundai,IONIQ,Hybrid,,Hatchback,4,High,
Gas/Electric Hybrid,2022,Ford,Escape,Hybrid,Hybrid,SUV,4,High,
Gas,2016,Mercedes-Benz,C-Class,,AMG,Sedan,4,High,
Gas,2022,Mercedes-Benz,E-Class,,,Sedan,4,Medium,
Gas,2010,Honda,Accord,Coupe,,Coupe,4,High,
Gas,2013,Mazda,Mazda6,,,Sedan,4,Medium,
Gas,2008,Dodge,Challenger,,,Coupe,6,Medium,
Gas,2015,Ford,Transit,Connect,,Van,6,High,
Gas,2009,Toyota,Camry,,,Sedan,4,Medium,
Gas,2017,Nissan,Sentra,,,Sedan,4,Medium,
Gas,2026,Chevrolet,Suburban,,,SUV,8,Medium,
Gas,2020,Mercedes-Benz,E-Class,,"4MATIC, AMG, 350",Sedan,4,High,
Electric,2026,Nissan,Ariya,,,SUV,Electric,Medium,known BEV-only model
Gas,2013,Chevrolet,Spark,,,Hatchback,4,Medium,
Gas/Electric Hybrid,2019,Hyundai,IONIQ,,,Hatchback,4,Medium,
Gas,2015,Kia,Rio,,,Sedan,4,Medium,
Gas,2015,Volkswagen,Eos,,,Convertible,4,Medium,
Gas,2018,Jaguar,F-Pace,,,SUV,4,Medium,
Gas,2021,Alfa,Romeo,Giulia,,Sedan,4,High,
Gas/Electric Hybrid,2019,Toyota,RAV,4 Hybrid,,SUV,4,High,
Gas,2023,Maserati,Grecale,,,SUV,6,Medium,
Gas,2021,Mercedes-Benz,GLC,,300,SUV,4,High,
Gas,2018,Nissan,370Z,Roadster,,Convertible,6,High,
Gas,2026,Mercedes-Benz,GLE,,AMG,SUV,6,High,
Gas,2017,Mercedes-Benz,AMG,GT,,Coupe,8,High,
Gas,2015,Volkswagen,Jetta,,,Sedan,4,Medium,
Gas,2017,Mercedes-Benz,CLA,,"AMG, 45",Sedan,4,High,
Gas,2013,Mercedes-Benz,C-Class,,300,Sedan,4,High,
Gas/Electric Hybrid,2024,Hyundai,SANTA,FE,,SUV,4,High,
Gas,2025,Subaru,BRZ,,,Coupe,4,Medium,
Gas,2017,Jeep,Patriot,,,SUV,4,Medium,
Gas,2020,BMW,2,Series,M240i,Coupe,6,High,
Gas,2009,Lexus,ES,,,Sedan,4,Medium,
Gas,2020,Volvo,S60,,T6,Sedan,4,High,
Gas,2007,BMW,7,Series,,Sedan,6,High,
Gas,2005,Chrysler,Crossfire,,,Coupe,6,Medium,
Gas,2018,Ford,Fusion,,,Sedan,4,Medium,
Gas,2017,Lexus,IS,,300,Sedan,4,High,
Gas,2014,Dodge,Durango,,,SUV,6,Medium,
Gas,2011,Hyundai,Genesis,Coupe,,Coupe,6,High,
Gas,2007,Toyota,Yaris,,,Hatchback,4,Medium,
Gas,2012,Mercedes-Benz,C-Class,Coupe,,Coupe,6,High,
Gas,2007,Ford,F-150,,,Pickup Truck,6,Medium,
Gas/Electric Hybrid,2022,Kia,Sorento,Hybrid,Hybrid,SUV,4,High,
Gas,2010,Kia,Rondo,,,Minivan,4,Medium,
Electric,2025,Kia,Sportage,Hybrid,Hybrid,SUV,Electric,High,
Gas,2014,BMW,X1,,,SUV,4,Medium,
Gas,2022,BMW,M3,,M3,Sedan,6,High,
Gas,2012,Audi,Q5,,,SUV,4,Medium,
Gas/Electric Hybrid,2021,Lexus,UX,,"250, 250h",SUV,4,High,
Gas,2011,Jaguar,XF,,,Sedan,4,Medium,
Gas,2007,Honda,Accord,Sedan,,Sedan,4,High,
Gas,2023,Mercedes-Benz,EQE,,,SUV,Electric,Medium,known BEV-only model
Gas,2018,Audi,S5,Sportback,Quattro,Hatchback,6,High,
Gas,2015,Ford,F-350,Super Duty,,Pickup Truck,8,High,
Gas,2017,Mazda,Mazda5,,,Minivan,4,Medium,
Gas,2023,Chevrolet,Tahoe,,,SUV,8,Medium,
Gas,2022,Jeep,Wagoneer,,,SUV,6,Medium,
Gas,2016,Chevrolet,Camaro,,,Coupe,6,Medium,
Gas,2020,Subaru,Outback,,Turbo,SUV,4,High,
Gas,2019,Infiniti,Q60,,3.0t,Sedan,6,High,
Gas,2016,Audi,Q3,,,SUV,4,Medium,
Gas,2014,Audi,A4,,Quattro,Sedan,4,High,
Gas,2026,Ford,F-550,Super Duty,,Pickup Truck,8,High,
Gas,2012,Hyundai,Sonata,,,Sedan,4,Medium,
Gas,2016,Hyundai,Santa,Fe XL,,SUV,4,High,
Gas,2008,Honda,Civic,Sedan,,Sedan,4,High,
Gas,2021,Subaru,Legacy,,,Sedan,4,Medium,
Gas/Electric Hybrid,2023,Audi,A4,Sedan,,Sedan,4,High,
Gas/Electric Hybrid,2025,Toyota,Highlander,Hybrid,,SUV,4,High,
Gas,2014,Ford,Fiesta,Hatchback,,Hatchback,4,High,
Gas,2023,Mercedes-Benz,GLC,,AMG,SUV,4,High,
Gas,2016,Ford,Fusion,,,Sedan,4,Medium,
Gas,2015,Volkswagen,Golf,SportWagen,,Wagon,4,High,
Gas/Electric Hybrid,2027,BMW,5,Series,,Sedan,4,High,
Gas,2021,Volkswagen,Tiguan,,R,SUV,4,High,
Gas,2023,Audi,S3,Sedan,,Sedan,4,High,
Gas,2012,Mercedes-Benz,GLK-Class,,,SUV,6,Medium,
Gas,2016,Toyota,Tacoma,,,Pickup Truck,4,Medium,
Gas,2012,Honda,Ridgeline,,,Pickup Truck,6,Medium,
Gas,2015,Audi,S5,,,Coupe,6,Medium,
Gas/Electric Hybrid,2026,Hyundai,Tucson,Plug-In Hybrid,,SUV,4,High,
Gas/Electric Hybrid,2021,Ford,Explorer,,Hybrid,SUV,4,High,
Gas,2026,Chevrolet,Express,,,Van,6,Medium,
Gas,2016,Scion,FR-S,,,Coupe,4,Medium,
Gas/Electric Hybrid,2020,Ford,Fusion,Energi,,Sedan,4,High,
Gas,2023,Jeep,Grand,Cherokee 4xe,,SUV,4,High,4xe plug-in hybrid uses 2.0L turbo I4
Gas,2024,Jeep,Wagoneer,,,SUV,6,Medium,
Gas,2013,Mercedes-Benz,C-Class,Sedan,300,Sedan,4,High,
Electric,2023,Ford,F-150,Lightning,,Pickup Truck,Electric,High,
Gas,2026,BMW,2,Series,xDrive,Coupe,4,High,
Gas,2016,Kia,Soul,,,Hatchback,4,Medium,
Gas,2022,Mercedes-Benz,GLB,,4MATIC,SUV,4,High,
Gas/Electric Hybrid,2023,BMW,X7,,40i,SUV,6,High,
Electric,2025,BMW,i5,,,Sedan,Electric,Medium,known BEV-only model
Gas/Electric Hybrid,2025,Mercedes-Benz,GLS,,"4MATIC, AMG, 450",SUV,6,High,
Gas,2012,Volkswagen,Golf,Standard Model,,Hatchback,4,High,
Gas,2017,Mercedes-Benz,C-Class,Sedan,4MATIC,Sedan,4,High,
Gas,2011,Toyota,Venza,,,SUV,4,Medium,
Gas,2012,Audi,A7,,Quattro,Sedan,6,High,
Gas,2022,Ford,Mustang,Convertible,,Convertible,8,High,
Gas,2007,Pontiac,Vibe,,,Hatchback,4,Medium,
Gas,2014,Subaru,XV,,,SUV,4,Medium,
Gas,2018,Audi,Q3,,,SUV,4,Medium,
Gas,2012,Dodge,Grand,Caravan,,Minivan,6,High,
Gas,2013,Ford,Explorer,,,SUV,6,Medium,
Gas,2012,Nissan,Versa,,,Sedan,4,Medium,
Gas,2017,Ford,Mustang,Convertible,,Convertible,8,High,
Gas,2012,Volkswagen,Beetle,,,Hatchback,4,Medium,
Gas,2013,Ford,Flex,,,SUV,6,Medium,
Gas,2006,Acura,TL,,,Sedan,4,Medium,
Gas,2009,Chevrolet,Aveo,,,Hatchback,4,Medium,
Gas,2016,Volkswagen,Golf,GTI,,Hatchback,4,High,
Gas,2022,Aston,Martin,DBX,,SUV,8,High,
Gas/Electric Hybrid,2023,Ford,F-150,,Hybrid,Pickup Truck,6,High,
Gas,2017,Mercedes-Benz,C-Class,Convertible,,Convertible,4,High,
Gas,2009,Volkswagen,Eos,,,Convertible,4,Medium,
Gas,2023,Mercedes-Benz,GLA,,,SUV,4,Medium,
Gas,2011,GMC,Acadia,,,SUV,4,Medium,
Gas,2022,Ford,E-450,,,Van,6,Medium,
Gas,2015,Nissan,Micra,,,Sedan,4,Medium,
Gas,2006,MINI,Countryman,,Cooper,SUV,4,High,
Gas,2023,Genesis,G80,,2.5T,Sedan,4,High,
Gas,2024,Mitsubishi,Outlander,Plug-In Hybrid,,SUV,4,High,
Gas,2018,Volkswagen,Golf,GTI,GTI,Hatchback,4,High,
Gas,2013,smart,fortwo,,,Hatchback,3,Medium,
Gas,2015,Honda,Accord,Coupe,,Coupe,4,High,
Gas,2023,Ford,Expedition,,,SUV,6,Medium,
Gas,2013,Jaguar,XJ,,,Sedan,6,Medium,
Gas,2023,Alfa,Romeo,Stelvio,,SUV,4,High,
Gas,2013,Honda,Civic,,,Sedan,4,Medium,
Gas,2011,BMW,5,Series,,Sedan,4,High,
Gas,2010,BMW,X3,,,SUV,4,Medium,
Gas,2010,Volvo,S40,,,Sedan,5,Medium,
Electric,2025,Chevrolet,Equinox,EV,,SUV,Electric,High,
Gas/Electric Hybrid,2011,Lexus,LS,,,Sedan,6,Medium,
Gas/Electric Hybrid,2013,Ford,C-Max,Hybrid,,Hatchback,4,High,
Gas,2010,Dodge,Challenger,,,Coupe,6,Medium,
Gas,2009,Lincoln,Navigator,L,,SUV,6,High,
Gas,2011,Toyota,Matrix,,,Hatchback,4,Medium,
Gas,2013,Mercedes-Benz,C-Class,Sedan,,Sedan,6,High,
Gas,2015,Audi,A6,,,Sedan,6,Medium,
Gas,2009,Chevrolet,Corvette,,,Coupe,8,Medium,
Gas,2018,Nissan,370Z,Coupe,Nismo,Coupe,6,High,
Gas,2025,Toyota,GR,Corolla,,Hatchback,3,High,
Gas,2024,Hyundai,Elantra,N,N,Sedan,4,High,
Gas,2016,Mercedes-Benz,S-Class,,,Sedan,6,Medium,
Gas,2007,Volkswagen,Golf,City,,Hatchback,4,High,
Gas,2014,Honda,Pilot,,,SUV,6,Medium,
Gas,2010,Mercedes-Benz,M-Class,,350,SUV,4,High,
Gas,2009,Toyota,Highlander,,,SUV,6,Medium,
Gas/Electric Hybrid,2010,Toyota,Camry,Hybrid,,Sedan,4,High,
Gas,2017,Mercedes-Benz,C-Class,Convertible,63,Convertible,8,High,
Gas,2011,Nissan,Pathfinder,,,SUV,6,Medium,
Gas,2016,Chrysler,200,,,Sedan,4,Medium,
Gas,2007,Nissan,Altima,,,Sedan,4,Medium,
Gas,2013,Toyota,FJ,Cruiser,,SUV,6,High,
Gas/Electric Hybrid,2024,BMW,X6,M,Competition,SUV,6,High,
Gas,2023,Mercedes-Benz,C-Class,Sedan,,Sedan,4,High,
Gas,2020,Mercedes-Benz,S-Class,,,Sedan,6,Medium,
Gas,2019,Mercedes-Benz,GLC,,,SUV,4,Medium,
Gas,2011,Mazda,CX-7,,,SUV,4,Medium,
Gas,2014,Hyundai,Tucson,,,SUV,4,Medium,
Gas,2014,Chevrolet,Corvette,Stingray,,Coupe,8,High,
Gas,2007,Chevrolet,Malibu,,,Sedan,4,Medium,
Gas,2014,Honda,Fit,,,Hatchback,4,Medium,
Gas,2015,Infiniti,Q60,,,Sedan,6,Medium,
Gas,2020,Jaguar,F-Pace,,,SUV,4,Medium,
Gas,2015,Volkswagen,Tiguan,,4MOTION,SUV,4,High,
Gas,2005,Toyota,Matrix,,,Hatchback,4,Medium,
Gas/Electric Hybrid,2019,Hyundai,IONIQ,Hybrid,,Hatchback,4,High,
Gas,2015,BMW,2,Series,xDrive,Coupe,4,High,
Gas,2017,BMW,6,Series,,Coupe,6,High,
Gas,2010,Hyundai,Genesis,Coupe,,Coupe,6,High,
Gas/Electric Hybrid,2020,Ford,Fusion,Hybrid,,Sedan,4,High,
Gas,2006,BMW,3,Series,,Sedan,4,High,
Gas,2014,BMW,X6,,xDrive,SUV,6,High,
Gas,2017,Mercedes-Benz,GLA,,,SUV,4,Medium,
Gas/Electric Hybrid,2017,Ford,Fusion,Energi,,Sedan,4,High,
Gas,2005,Toyota,Corolla,Sedan,,Sedan,4,High,
Gas,2010,Ford,F-150,,,Pickup Truck,6,Medium,
Gas,2009,Nissan,Rogue,,,SUV,4,Medium,
Gas,2007,Volkswagen,Beetle,Coupe,,Coupe,4,High,
Gas,2007,Pontiac,G6,,,Sedan,4,Medium,
Gas,2011,Toyota,Tacoma,,,Pickup Truck,4,Medium,
Gas,2014,Ford,Edge,,,SUV,4,Medium,
Gas,2012,Mercedes-Benz,E-Class,,350,Sedan,4,High,
Gas,2010,Honda,Civic,Coupe,,Coupe,4,High,
Gas,2010,Mercedes-Benz,M-Class,,4MATIC,SUV,6,High,
Gas,2013,Mercedes-Benz,C-Class,Coupe,"AMG, 63, 63 AMG",Coupe,8,High,
Gas,2012,Volkswagen,Touareg,,,SUV,6,Medium,
Gas,2014,Hyundai,Genesis,Coupe,,Coupe,6,High,
Gas,2009,Toyota,Matrix,,,Hatchback,4,Medium,
Gas/Electric Hybrid,2024,Toyota,Tacoma,,Hybrid,Pickup Truck,4,High,
Gas,2023,Audi,Q7,,"Quattro, 55",SUV,6,High,
Gas,2017,Mercedes-Benz,SL-Class,,,Convertible,6,Medium,
Electric,2026,Tesla,Model,3,,Sedan,Electric,High,known BEV-only model
Gas,2018,BMW,M4,,,Coupe,6,Medium,
Gas,2012,Volkswagen,Golf,Wagon,,Wagon,4,High,
Gas,2023,Audi,RS5,Sportback,Quattro,Sedan,6,High,
Gas,2014,Subaru,XV,Crosstrek,,SUV,4,High,
Gas,2026,Toyota,RAV,4,,SUV,4,High,
Gas,2013,BMW,6,Series Gran Coupe,xDrive,Sedan,6,High,
Gas,2021,BMW,M8,Gran Coupe,Competition,Sedan,8,High,
Gas/Electric Hybrid,2014,Lexus,CT,,,Hatchback,4,Medium,
Gas,2014,Buick,Lacrosse,,,Sedan,4,Medium,
Gas,2014,Mercedes-Benz,E-Class,,"AMG, 63, 63 AMG",Sedan,8,High,
Gas,2020,BMW,X5,,xDrive,SUV,6,High,
Gas,2012,Mitsubishi,Outlander,,,SUV,4,Medium,
Gas,2017,Nissan,Armada,,,SUV,8,Medium,
Gas,2012,Ford,Mustang,Coupe,,Coupe,6,High,
Gas,2005,Honda,CR-V,,,SUV,4,Medium,
Gas,2007,Audi,A6,Sedan,,Sedan,6,High,
Gas,2012,Mercedes-Benz,C-Class,Sedan,,Sedan,6,High,
Gas/Electric Hybrid,2022,BMW,X3,,,SUV,4,Medium,
Gas,2017,Chevrolet,Traverse,,,SUV,6,Medium,
Gas,2016,Chevrolet,Spark,,,Hatchback,4,Medium,
Electric,2025,Cadillac,Optiq,,,SUV,Electric,Medium,known BEV-only model
Gas,2012,Rolls-Royce,Ghost,,V12,Sedan,12,High,
Gas/Electric Hybrid,2025,Honda,Civic,,,Sedan,4,Medium,
Gas,2005,Chevrolet,SSR,,,Convertible,8,Medium,
Gas,2016,Kia,Sorento,,Turbo,SUV,4,High,
Gas,2013,Nissan,Sentra,,,Sedan,4,Medium,
Gas,2012,Porsche,Panamera,,4S,Sedan,6,High,
Gas,2019,Audi,S4,,"Quattro, TFSI",Sedan,6,High,
Electric,2023,Tesla,Model,X,,Sedan,Electric,High,known BEV-only model
Gas,2022,Mercedes-Benz,S-Class,,,Sedan,6,Medium,
Gas,2009,Chevrolet,Corvette,Z06,,Coupe,8,High,
Electric,2023,MINI,Countryman,,,SUV,Electric,Medium,
Gas,2018,Honda,HR-V,,,SUV,4,Medium,
Gas,2023,Ford,Maverick,,Hybrid,Pickup Truck,4,High,
Gas,2012,Mercedes-Benz,E-Class,,,Sedan,6,Medium,
Gas,2005,Volvo,XC70,,,SUV,5,Medium,
Gas,2025,Ford,Escape,PHEV,,SUV,4,High,
Gas/Electric Hybrid,2015,Toyota,Camry,Hybrid,,Sedan,4,High,
Gas,2018,Mazda,MX-5,Miata RF,,Convertible,4,High,
Gas,2005,Chevrolet,Suburban,,,SUV,8,Medium,
Gas,2006,Nissan,350Z,,,Coupe,6,Medium,
Gas,2010,BMW,1,Series,,Sedan,4,High,
Gas/Electric Hybrid,2022,Ford,Maverick,,Hybrid,Pickup Truck,4,High,
Gas/Electric Hybrid,2011,Honda,CR-Z,,Hybrid,Hatchback,4,High,
Gas,2016,Porsche,Cayman,718 GT4,GT4,Coupe,6,High,
Gas,2018,Audi,A5,Sportback,"Quattro, TFSI",Hatchback,6,High,
Gas,2023,Audi,Q8,,Quattro,SUV,6,High,
Gas,2007,Dodge,RAM,1500,,Pickup Truck,8,High,
Gas,2010,Jeep,Wrangler,,,SUV,6,Medium,
Gas,2015,Jaguar,F-Type,,,Convertible,6,Medium,
Gas,2011,Dodge,Journey,,,SUV,4,Medium,
Gas,2011,BMW,3,Series,xDrive,Sedan,4,High,
Gas,2006,Chevrolet,Trailblazer,,,SUV,4,Medium,
Gas,2013,Land,Rover,Range Rover Evoque,,SUV,4,High,
Electric,2022,BMW,3,Series,,Sedan,Electric,High,
Gas,2021,Mercedes-Benz,C-Class,Sedan,AMG,Sedan,4,High,
Gas,2013,Lotus,Evora,,,Coupe,6,Medium,
Gas,2014,Fiat,500,,,Hatchback,4,Medium,
Gas,2016,Audi,TT,,Quattro,Coupe,4,High,
Gas,2018,Volvo,V90,Cross Country,T6,Wagon,4,High,
Gas,2015,Volkswagen,Jetta,GLI,,Sedan,4,High,
Gas,2008,BMW,5,Series,,Sedan,4,High,
Gas,2011,Lotus,Evora,,,Coupe,6,Medium,
Gas,2009,Hyundai,Elantra,Touring,,Sedan,4,High,
Gas,2013,Volvo,XC90,,,SUV,5,Medium,
Gas/Electric Hybrid,2021,Toyota,Corolla,Sedan,Hybrid,Sedan,4,High,
Gas,2016,Nissan,Micra,,,Sedan,4,Medium,
Gas,2026,BMW,2,Series Gran Coupe,,Sedan,4,High,
Gas,2013,Ford,Edge,,,SUV,4,Medium,
Gas,2019,Mazda,CX-9,,Turbo,SUV,4,High,
Gas,2021,Toyota,Avalon,,,Sedan,6,Medium,
Gas,2016,Nissan,370Z,Coupe,,Coupe,6,High,
Gas,2023,Hyundai,Santa,Fe,Turbo,SUV,4,High,
Gas/Electric Hybrid,2015,Hyundai,Sonata,Hybrid,,Sedan,4,High,
Gas,2009,Volvo,C30,,,Sedan,5,Medium,
Gas/Electric Hybrid,2010,Toyota,Prius,,,Hatchback,4,Medium,
Gas,2015,Maserati,Quattroporte,,,Sedan,6,Medium,
Gas,2010,Audi,S4,,,Sedan,6,Medium,
Gas,2018,GMC,Yukon,XL,,SUV,8,High,
Gas,2021,Ford,F-250,Super Duty,,Pickup Truck,8,High,
Gas,2015,Audi,Q5,,Quattro,SUV,4,High,
Gas,2026,Toyota,RAV,4,Hybrid,SUV,4,High,
Gas,2013,Ford,Mustang,Convertible,,Convertible,6,High,
Gas,2012,Audi,A5,,,Coupe,6,Medium,
Gas/Electric Hybrid,2022,Mercedes-Benz,GLS,,450,SUV,6,High,
Gas,2010,Honda,Fit,,,Hatchback,4,Medium,
Gas,2019,Honda,Ridgeline,,,Pickup Truck,6,Medium,
Gas,2019,Honda,Civic,Type R,,Sedan,4,High,
Gas,2010,Mazda,Mazda5,,,Minivan,4,Medium,
Gas,2010,Ford,Mustang,,,Coupe,6,Medium,
Gas,2012,Toyota,Tacoma,,,Pickup Truck,4,Medium,
Gas,2012,Nissan,Rogue,,,SUV,4,Medium,
Gas/Electric Hybrid,2020,Mercedes-Benz,GLE,,"4MATIC, AMG, 450",SUV,6,High,
Gas/Electric Hybrid,2021,Toyota,Venza,,Hybrid,SUV,4,High,
Gas,2016,Honda,Civic,,,Sedan,4,Medium,
Gas,2018,Mercedes-Benz,C-Class,Wagon,,Wagon,4,High,
Gas,2016,Honda,Accord,,,Sedan,4,Medium,
Gas,2011,Honda,Civic,Sedan,,Sedan,4,High,
Gas,2019,Lexus,RC,,300,Coupe,6,High,
Gas,2015,Audi,Q3,,,SUV,4,Medium,
Gas,2020,Chevrolet,Silverado,2500 HD,,Pickup Truck,8,High,
Gas,2013,Volkswagen,Tiguan,,,SUV,4,Medium,
Gas,2016,BMW,X6,,,SUV,6,Medium,
Gas,2023,Toyota,GR86,,,Coupe,4,Medium,
Gas,2014,BMW,X3,,,SUV,4,Medium,
Gas,2012,Audi,A7,,,Sedan,6,Medium,
Gas,2023,Ford,F-550,Super Duty,,Pickup Truck,8,High,
Gas,2013,Toyota,Venza,,,SUV,4,Medium,
Gas,2020,Audi,A3,Sedan,"Quattro, 45",Sedan,4,High,
Gas,2013,MINI,Convertible,,Cooper,Convertible,4,High,
Gas,2018,Subaru,Forester,,Turbo,SUV,4,High,
Gas,2013,BMW,X5,,xDrive,SUV,6,High,
Electric,2025,Polestar,3,,,SUV,Electric,Medium,known BEV-only model
Gas,2013,Toyota,Matrix,,,Hatchback,4,Medium,
Gas/Electric Hybrid,2017,Ford,C-Max,Hybrid,,Hatchback,4,High,
Gas,2006,Honda,Odyssey,,,Minivan,6,Medium,
Gas,2017,Volkswagen,Beetle,Coupe,,Coupe,4,High,
Gas,2005,Ford,F-150,,,Pickup Truck,6,Medium,
Gas/Electric Hybrid,2021,Ford,F-150,,,Pickup Truck,6,Medium,
Gas,2023,Audi,TTS,Coupe,Quattro,Coupe,4,High,
Gas,2013,Jeep,Compass,,,SUV,4,Medium,
Gas/Electric Hybrid,2016,Chevrolet,Malibu,Hybrid,,Sedan,4,High,
Gas,2009,Honda,CR-V,,,SUV,4,Medium,
Gas,2006,Nissan,Frontier,,,Pickup Truck,6,Medium,
Gas,2022,Audi,A5,Cabriolet,"Quattro, 45",Convertible,4,High,
Gas,2023,Audi,A3,Sedan,"TFSI, 40",Sedan,4,High,
Gas,2012,Mitsubishi,Eclipse,,,Coupe,4,Medium,
Gas,2011,Lexus,IS,,,Sedan,4,Medium,
Gas,2008,Mercedes-Benz,CLK-Class,,,Coupe,6,Medium,
Gas,2014,Nissan,Frontier,,,Pickup Truck,6,Medium,
Gas,2016,Nissan,Juke,,,SUV,4,Medium,
Gas,2027,GMC,Terrain,,,SUV,4,Medium,
Gas,2015,Nissan,NV200,,,Van,4,Medium,
Gas,2017,Audi,RS7,,Quattro,Sedan,6,High,
Gas,2012,Jeep,Compass,,,SUV,4,Medium,
Gas,2026,Ford,Transit,Passenger Van,,Van,6,High,
Gas,2014,BMW,X3,,xDrive,SUV,4,High,
Gas,2023,Nissan,Maxima,,,Sedan,6,Medium,
Gas,2022,Ford,F-350,Super Duty,,Pickup Truck,8,High,
Gas,2025,Audi,A3,Sedan,"Quattro, TFSI, 40",Sedan,4,High,
Gas,2014,Subaru,Outback,,,SUV,4,Medium,
Gas,2010,Kia,Soul,,,Hatchback,4,Medium,
Gas,2024,Acura,TLX,,Type S,Sedan,6,High,
Gas,2009,Mitsubishi,Lancer,,,Sedan,4,Medium,
Gas,2018,Kia,Sportage,,Turbo,SUV,4,High,
Gas,2020,Mercedes-Benz,AMG,GT,"AMG, 63",Coupe,8,High,
Gas,2022,Audi,A8,Long,Quattro,Sedan,6,High,
Gas,2014,Audi,A5,,,Coupe,6,Medium,
Gas,2018,Hyundai,ACCENT,,,Hatchback,4,Medium,
Gas,2019,Mercedes-Benz,CLS-Class,,"AMG, 53",Sedan,6,High,
Gas,2018,Toyota,4-Runner,,,SUV,6,Medium,
Gas,2022,Ford,Transit,Connect,,Van,6,High,
Gas,2013,Volkswagen,Beetle,Convertible,,Convertible,4,High,
Gas,2021,Audi,RS5,Coupe,Quattro,Coupe,6,High,
Gas,2019,Nissan,Titan,,,Pickup Truck,8,Medium,
Gas,2017,Chevrolet,Spark,,,Hatchback,4,Medium,
Gas,2019,Infiniti,QX60,,Pure,SUV,6,High,
Gas,2009,Mazda,Mazda6,,,Sedan,4,Medium,
Gas,2017,Jeep,Compass,,,SUV,4,Medium,
Gas/Electric Hybrid,2018,Toyota,RAV,4 Hybrid,,SUV,4,High,
Gas/Electric Hybrid,2019,Honda,Accord,Hybrid,,Sedan,4,High,
Gas,2013,Ford,Econoline,,,Van,6,Medium,
Gas,2018,Audi,A4,Allroad Quattro,,Sedan,4,High,
Gas,2026,Audi,A6,Sedan,,Sedan,6,High,
Gas/Electric Hybrid,2020,Hyundai,IONIQ,Hybrid,,Hatchback,4,High,
Gas,2022,Hyundai,Tucson,Plug-In Hybrid,Hybrid,SUV,4,High,
Gas,2012,Porsche,Cayenne,,Turbo,SUV,6,High,
Electric,2023,Mercedes-Benz,EQS,,"4MATIC, AMG, 580",SUV,8,High,known BEV-only model
Gas,2010,Toyota,Venza,,,SUV,4,Medium,
Gas,2016,smart,fortwo,,,Hatchback,3,Medium,
Gas,2009,Hyundai,Sonata,,,Sedan,4,Medium,
Gas,2010,Chevrolet,Aveo,,,Hatchback,4,Medium,
Gas/Electric Hybrid,2025,Honda,Civic,Sedan,Hybrid,Sedan,4,High,
Gas/Electric Hybrid,2021,Toyota,Highlander,Hybrid,,SUV,4,High,
Gas,2017,Mazda,Mazda3,,Skyactiv,Sedan,4,High,
Gas,2019,Kia,Soul,,,Hatchback,4,Medium,
Gas,2015,Ford,Mustang,Convertible,,Convertible,8,High,
Gas,2017,Nissan,Sentra,NISMO,,Sedan,4,High,
Gas,2020,Audi,Q3,,"Quattro, TFSI, 45",SUV,4,High,
Gas/Electric Hybrid,2026,Toyota,Highlander,Hybrid,Hybrid,SUV,4,High,
Gas/Electric Hybrid,2027,Toyota,Land,Cruiser,,SUV,6,High,
Gas,2011,Chevrolet,Cruze,,,Sedan,4,Medium,
Gas,2017,BMW,4,Series,,Coupe,4,High,
Gas,2013,Lexus,RX,350,F,SUV,4,High,
Gas/Electric Hybrid,2022,Hyundai,TUCSON,,,SUV,4,Medium,
Gas,2012,Audi,S4,,,Sedan,6,Medium,
Gas,2021,Ford,Mustang,,,Coupe,8,Medium,
Gas,2008,Toyota,Avalon,,,Sedan,6,Medium,
Gas,2010,Honda,Civic,,,Sedan,4,Medium,
Gas/Electric Hybrid,2020,Audi,S6,,Quattro,Sedan,6,High,
Gas,2013,Nissan,Pathfinder,,,SUV,6,Medium,
Gas/Electric Hybrid,2026,Toyota,RAV,4,Hybrid,SUV,4,High,
Gas,2025,Ford,Mustang,,EcoBoost,Coupe,4,High,
Gas,2017,Volkswagen,Golf,Standard Model,,Hatchback,4,High,
Gas/Electric Hybrid,2024,Toyota,Corolla,Sedan,Hybrid,Sedan,4,High,
Gas,2027,BMW,X6,,40i,SUV,6,High,
Gas,2027,BMW,4,Series,xDrive,Coupe,4,High,
Gas,2021,BMW,X5,,xDrive,SUV,6,High,
Gas/Electric Hybrid,2024,Toyota,Tundra,,,Pickup Truck,6,Medium,
Gas,2023,Toyota,Sienna,,,Minivan,4,Medium,
Gas,2022,Chevrolet,Spark,,,Hatchback,4,Medium,
Gas,2019,Mercedes-Benz,GLE,,"AMG, 63",SUV,8,High,
Gas,2009,Subaru,Impreza,,,Sedan,4,Medium,
Gas,2019,Bentley,Bentayga,,V8,SUV,8,High,
Electric,2018,Toyota,Prius,Prime,,Hatchback,Electric,High,
Gas,2015,Ford,Econoline,,,Van,6,Medium,
Gas/Electric Hybrid,2026,Honda,Civic,Sedan,Hybrid,Sedan,4,High,
Gas,2019,Maserati,Levante,,V8,SUV,8,High,
Gas,2014,Hyundai,Santa,Fe XL,,SUV,4,High,
Gas,2016,Chevrolet,Impala,,,Sedan,6,Medium,
Gas/Electric Hybrid,2017,Hyundai,Sonata,Hybrid,Hybrid,Sedan,4,High,
Gas,2018,Audi,RS5,Coupe,Quattro,Coupe,6,High,
Gas,2012,Fiat,500,,,Hatchback,4,Medium,
Gas,2020,Chevrolet,Colorado,,,Pickup Truck,4,Medium,
Gas,2020,Volvo,S60,,,Sedan,4,Medium,
Gas,2008,Nissan,Versa,,,Sedan,4,Medium,
Gas,2015,Chevrolet,City,Express,,Van,6,High,
Gas,2018,Mercedes-Benz,B-Class,,,Hatchback,4,Medium,
Gas,2018,Kia,Rio,,,Sedan,4,Medium,
Gas,2018,Ford,F,150,,Pickup Truck,6,High,
Gas,2016,Porsche,911,,,Coupe,6,Medium,
Gas,2016,RAM,Promaster,,,Van,6,Medium,
Gas/Electric Hybrid,2023,Hyundai,TUCSON,,,SUV,4,Medium,
Gas,2018,Honda,Accord,,,Sedan,4,Medium,
Gas,2008,BMW,3,Series,M3,Sedan,4,High,
Gas,2010,Porsche,911,,,Coupe,6,Medium,
Gas/Electric Hybrid,2024,Jeep,Wrangler,,,SUV,6,Medium,
Gas,2021,Audi,SQ5,,Quattro,SUV,6,High,
Gas/Electric Hybrid,2024,RAM,1500,,,Pickup Truck,8,Medium,
Gas,2015,Volkswagen,Golf,,,Hatchback,4,Medium,
Gas,2018,Hyundai,SANTA,FE,,SUV,4,High,
Gas,2013,Ford,Focus,,,Hatchback,4,Medium,
Gas/Electric Hybrid,2022,Hyundai,SANTA,FE,,SUV,4,High,
Gas,2019,Volvo,S60,,T6,Sedan,4,High,
Gas,2006,Volvo,V70,,,Wagon,5,Medium,
Gas,2016,Mercedes-Benz,C-Class,,,Sedan,4,Medium,
Gas/Electric Hybrid,2025,Toyota,Crown,,Hybrid,Sedan,4,High,
Gas/Electric Hybrid,2010,Chevrolet,Malibu,Hybrid,,Sedan,4,High,
Gas/Electric Hybrid,2023,Ford,Maverick,,Hybrid,Pickup Truck,4,High,
Gas,2010,Audi,TT,,,Coupe,4,Medium,
Gas,2017,Chevrolet,Corvette,Grand Sport,,Coupe,8,High,
Gas,2017,Aston,Martin,Vantage,,Coupe,8,High,
Gas,2016,Ford,F-150,,,Pickup Truck,6,Medium,
Gas,2018,Cadillac,Escalade,ESV,,SUV,8,High,
Gas/Electric Hybrid,2025,Volvo,XC40,,B5,SUV,4,High,
Gas,2019,Audi,A4,Sedan,Quattro,Sedan,4,High,
Gas,2006,Saab,2026-09-03 0:00:00,,,Sedan,4,Medium,
Gas,2007,Subaru,Forester,,,SUV,4,Medium,
Gas,2010,Audi,Q5,,,SUV,4,Medium,
Gas,2021,Lexus,RX,,F,SUV,4,High,
Gas,2006,Toyota,Matrix,,,Hatchback,4,Medium,
Gas,2025,Hyundai,Elantra,Hybrid,Hybrid,Sedan,4,High,
Gas,2014,McLaren,12,C,,Coupe,8,High,
Gas,2016,Volkswagen,Jetta,,TSI,Sedan,4,High,
Gas/Electric Hybrid,2014,Ford,Fusion,Hybrid,Hybrid,Sedan,4,High,
Gas/Electric Hybrid,2014,BMW,X3,,,SUV,4,Medium,
Gas,2019,Volkswagen,Beetle,,,Hatchback,4,Medium,
Gas,2009,Honda,Fit,,,Hatchback,4,Medium,
Gas,2013,Kia,Optima,,,Sedan,4,Medium,
Gas,2013,Subaru,Outback,,H4,SUV,4,High,
Gas,2019,Ford,Mustang,Convertible,EcoBoost,Convertible,4,High,
Gas,2015,Alfa,Romeo,4C,,Coupe,4,High,
Electric,2022,Audi,e-tron,GT,,Sedan,Electric,High,known BEV-only model
Gas,2008,Dodge,Grand,Caravan,,Minivan,6,High,
Gas/Electric Hybrid,2024,Toyota,Tundra,Hybrid,,Pickup Truck,6,High,
Electric,2023,Mercedes-Benz,EQE,,AMG,SUV,Electric,High,known BEV-only model
Gas,2015,Ford,Taurus,,,Sedan,4,Medium,
Electric,2023,Hyundai,IONIQ,5,,SUV,Electric,High,
Gas,2021,Honda,Ridgeline,,,Pickup Truck,6,Medium,
Gas,2013,BMW,5,Series Gran Turismo,xDrive,Hatchback,6,High,
Gas,2011,Ford,Focus,,,Sedan,4,Medium,
Gas,2020,Mercedes-Benz,A-Class,Sedan,,Sedan,4,High,
Gas,2011,GMC,Sierra,1500,,Pickup Truck,8,High,
Gas,2011,Cadillac,CTS,Coupe,,Coupe,6,High,
Gas,2014,Kia,Soul,,,Hatchback,4,Medium,
Gas,2006,Kia,Rio,,,Sedan,4,Medium,
Gas,2008,Maserati,GranTurismo,,,Coupe,8,Medium,
Gas,2019,Kia,Rio,5-door,,Sedan,4,High,
Gas,2011,Infiniti,G,,,Sedan,6,Medium,
Gas,2017,Chevrolet,Camaro,,,Coupe,6,Medium,
Gas,2012,Toyota,4-Runner,,,SUV,6,Medium,
Gas,2014,Land,Rover,Range Rover Evoque,,SUV,4,High,
Gas,2016,Ford,Transit,Cargo Van,,Van,6,High,
Gas,2014,Toyota,FJ,Cruiser,,SUV,6,High,
Gas,2009,Infiniti,M,,AWD,Sedan,6,High,
Gas,2011,Ford,Escape,,,SUV,4,Medium,
Gas,2013,RAM,1500,,,Pickup Truck,8,Medium,
Gas,2007,Chevrolet,Silverado,2500 HD,,Pickup Truck,8,High,
Gas,2010,Volkswagen,Eos,,,Convertible,4,Medium,
Gas,2011,Chevrolet,Corvette,,,Coupe,8,Medium,
Gas,2017,Lexus,RX,,350,SUV,4,High,
Gas/Electric Hybrid,2017,Chrysler,Pacifica,Hybrid,,Minivan,6,High,
Gas,2012,Audi,TT,RS Roadster,,Convertible,4,High,
Gas,2024,Audi,Q7,,"TFSI, 45",SUV,4,High,
Gas,2024,Mercedes-Benz,C-Class,Sedan,"4MATIC, 300",Sedan,4,High,
Gas,2021,Lexus,ES,,350,Sedan,4,High,
Gas,2024,Honda,Civic,Type R,,Sedan,4,High,
Gas,2017,Maserati,Levante,,,SUV,6,Medium,
Gas,2006,Toyota,Sienna,,,Minivan,6,Medium,
Gas,2019,Volkswagen,Golf,SportWagen,,Wagon,4,High,
Gas,2023,RAM,,,,Pickup Truck,8,Low,model unspecified; RAM lineup is trucks/vans - assumed 1500 V8 as most common
Gas,2014,Volkswagen,Beetle,Convertible,,Convertible,4,High,
Gas,2020,Mercedes-Benz,S-Class,,"AMG, 63, 63 AMG",Sedan,8,High,
Gas/Electric Hybrid,2011,Honda,CR-Z,,,Hatchback,4,Medium,
Gas,2018,Mercedes-Benz,E-Class,,,Sedan,4,Medium,
Gas,2009,Pontiac,Vibe,,,Hatchback,4,Medium,
Gas/Electric Hybrid,2025,Alfa,Romeo,Tonale,,SUV,4,High,
Gas,2015,BMW,X4,,xDrive,SUV,4,High,
Electric,2021,Toyota,Prius,Prime,,Hatchback,Electric,High,
Gas,2027,Chevrolet,Equinox,,,SUV,4,Medium,
Gas,2027,Chevrolet,Corvette,,,Coupe,8,Medium,
Electric,2023,BMW,X5,,,SUV,Electric,Medium,
Gas,2017,Porsche,718,Boxster,,Convertible,4,High,
Gas/Electric Hybrid,2012,Ford,Fusion,,,Sedan,4,Medium,
Gas,2019,Lexus,NX,,F,SUV,4,High,
Gas,2023,Jeep,Grand,Wagoneer,,SUV,6,High,
Gas,2008,Pontiac,Solstice,,,Sedan,4,Medium,
Gas,2008,Lincoln,MKZ,,,Sedan,6,Medium,
Gas,2019,Ford,Transit,Passenger Van,,Van,6,High,
Gas,2022,Ford,Transit,Cargo Van,,Van,6,High,
Gas,2015,Mercedes-Benz,CLS-Class,,,Sedan,6,Medium,
Gas/Electric Hybrid,2026,Mercedes-Benz,GLS,,AMG,SUV,6,High,
Gas,2019,Hyundai,Veloster,,,Hatchback,4,Medium,
Gas,2013,Audi,Q7,,,SUV,6,Medium,
Gas,2020,Mazda,Mazda3,Sport,,Sedan,4,High,
Gas/Electric Hybrid,2021,Land,Rover,Range Rover Sport,,SUV,6,High,
Gas/Electric Hybrid,2025,BMW,X6,,,SUV,6,Medium,
Gas,2019,Mercedes-Benz,GLE,,"4MATIC, AMG, 43",SUV,6,High,
Gas,2023,Audi,Q5,Sportback,,SUV,4,High,
Gas/Electric Hybrid,2022,Audi,RS6,Avant,,Wagon,6,High,
Gas,2021,BMW,X6,M,Competition,SUV,6,High,
Gas,2021,Mazda,CX-9,,Turbo,SUV,4,High,
Gas,2022,Mercedes-Benz,Metris,Cargo Van,,Van,4,High,
Gas,2019,Mercedes-Benz,Metris,Cargo Van,,Van,4,High,
Gas,2022,Nissan,Maxima,,,Sedan,6,Medium,
Gas,2022,Ford,Ranger,,,Pickup Truck,4,Medium,
Gas,2019,Audi,A3,Sedan,"Quattro, TFSI, 45",Sedan,4,High,
Gas,2014,Audi,S7,,,Sedan,6,Medium,
Gas,2018,Lexus,NX,,,SUV,4,Medium,
Gas,2023,Audi,S5,Cabriolet,Quattro,Convertible,6,High,
Gas,2019,Audi,TT,RS Coupe,Quattro,Coupe,4,High,
Gas,2021,Mercedes-Benz,A-Class,Sedan,AMG,Sedan,4,High,
Gas,2025,Jeep,Grand,Wagoneer,,SUV,6,High,
Gas,2014,GMC,Savana,Cargo Van,,Van,6,High,
Gas,2023,Mercedes-Benz,C-Class,Coupe,"AMG, 43",Coupe,6,High,
Gas,2024,Alfa,Romeo,Stelvio,,SUV,4,High,
Gas,2021,Volvo,XC60,,,SUV,4,Medium,
Gas,2025,Hyundai,Tucson,Hybrid,,SUV,4,High,
Gas,2019,Mercedes-Benz,AMG,GT,,Coupe,8,High,
Gas,2009,Subaru,Legacy,,,Sedan,4,Medium,
Gas,2023,Toyota,GR,Supra,,Coupe,6,High,
Gas,2023,Ford,Transit,Passenger Van,,Van,6,High,
Gas,2026,RAM,ProMaster,2500,,Van,6,High,
Electric,2023,Genesis,GV60,,,SUV,Electric,Medium,known BEV-only model
Gas,2020,BMW,M2,,,Coupe,6,Medium,
Gas,2017,Mercedes-Benz,S-Class,,,Sedan,6,Medium,
Gas,2016,Nissan,Juke,Nismo,,SUV,4,High,
Gas,2006,Lexus,ES,,,Sedan,4,Medium,
Gas,2021,Volkswagen,Atlas,,"TSI, 4MOTION",SUV,4,High,
Gas,2014,Audi,S5,,,Coupe,6,Medium,
Gas,2012,Chevrolet,Cruze,,Turbo,Sedan,4,High,
Gas,2008,BMW,Z4,,,Convertible,4,Medium,
Gas,2007,Pontiac,Solstice,,,Sedan,4,Medium,
Gas,2014,Lexus,GX,,,SUV,6,Medium,
Electric,2023,BMW,i4,,,Sedan,Electric,Medium,known BEV-only model
Gas,2009,Toyota,RAV,4,,SUV,4,High,
Gas,2010,Suzuki,Grand,Vitara,,SUV,6,High,
Gas,2016,Ford,F-350,Super Duty,,Pickup Truck,8,High,
Gas,2020,Dodge,Journey,,,SUV,4,Medium,
Gas,2018,Volkswagen,Atlas,,R,SUV,4,High,
Gas,2021,Audi,Q7,,"Quattro, 55",SUV,6,High,
Gas,2019,BMW,2,Series,xDrive,Coupe,4,High,
Gas,2022,Ford,Transit,,,Van,6,Medium,
Gas,2010,Mitsubishi,Outlander,,,SUV,4,Medium,
Gas,2016,Nissan,Versa,Note,,Sedan,4,High,
Gas/Electric Hybrid,2021,Mercedes-Benz,E-Class,,450,Sedan,6,High,
Gas,2024,Subaru,Outback,,Turbo,SUV,4,High,
Electric,2027,Chevrolet,Bolt,EV,,Hatchback,Electric,High,known BEV-only model
Gas,2009,Volvo,XC90,,,SUV,5,Medium,
Gas,2021,Ford,Expedition,,,SUV,6,Medium,
Gas,2020,Volkswagen,Atlas,Cross Sport,4MOTION,SUV,4,High,
Gas,2006,Dodge,RAM,1500,,Pickup Truck,8,High,
Gas,2019,Mercedes-Benz,GLE,,"4MATIC, AMG, 63",SUV,8,High,
Gas/Electric Hybrid,2015,BMW,i8,,,Coupe,3,Medium,
Gas,2011,Acura,TL,,,Sedan,4,Medium,
Gas,2019,Lexus,LC,,500,Coupe,6,High,
Gas,2021,BMW,X7,,40i,SUV,6,High,
Gas,2026,Lexus,RX,,"350, 350h",SUV,4,High,
Gas,2026,Lexus,NX,,"350, 350h",SUV,4,High,
Gas,2024,Audi,A3,Sedan,"Quattro, TFSI, 40",Sedan,4,High,
Gas,2012,Hyundai,Veloster,,,Hatchback,4,Medium,
Gas/Electric Hybrid,2024,Toyota,Land,Cruiser,,SUV,6,High,
Gas,2013,Toyota,Highlander,Hybrid,Hybrid,SUV,4,High,
Gas,2024,Audi,Q8,,"Quattro, TFSI, 55",SUV,6,High,
Gas,2022,GMC,Yukon,XL,,SUV,8,High,
Gas,2017,Volkswagen,Golf,GTI,GTI,Hatchback,4,High,
Gas,2008,Volkswagen,Beetle,Convertible,,Convertible,4,High,
Gas,2012,Nissan,Juke,,,SUV,4,Medium,
Gas/Electric Hybrid,2015,Toyota,Camry,,,Sedan,4,Medium,
Gas,2018,Mercedes-Benz,GLE,,"4MATIC, 400",SUV,6,High,
Gas,2012,Mercedes-Benz,GLK-Class,,350,SUV,4,High,
Gas,2011,Mercedes-Benz,C-Class,Sedan,"AMG, 350",Sedan,4,High,
Gas,2014,Toyota,Venza,,,SUV,4,Medium,
Gas,2019,Mercedes-Benz,GLE,,,SUV,6,Medium,
Electric,2025,Hyundai,IONIQ,5 N,,SUV,Electric,High,
Gas,2007,HUMMER,H3,,,SUV,6,Medium,
Gas,2012,Mazda,Mazda5,,,Minivan,4,Medium,
Gas,2023,BMW,X3,,xDrive,SUV,4,High,
Gas,2019,Volkswagen,Beetle,Convertible,,Convertible,4,High,
Gas,2020,Mazda,CX-5,,Turbo,SUV,4,High,
Gas,2006,Porsche,Cayenne,,Turbo,SUV,6,High,
Gas,2016,Toyota,Sienna,,,Minivan,6,Medium,
Gas,2023,Lexus,NX,,350,SUV,4,High,
Gas,2024,BMW,8,Series,xDrive,Coupe,8,High,
Gas,2011,smart,fortwo,,,Hatchback,3,Medium,
Gas,2025,Volkswagen,Golf,GTI,,Hatchback,4,High,
Gas,2024,Mazda,MX-5,Miata Roadster,,Convertible,4,High,
Gas,2019,Mercedes-Benz,C-Class,Sedan,"4MATIC, AMG, 43",Sedan,6,High,
Gas,2005,Ford,Explorer,Sport Trac,,Pickup Truck,6,High,
Gas,2020,Audi,S4,Sedan,,Sedan,6,High,
Gas,2014,Dodge,Charger,,,Sedan,6,Medium,
Gas/Electric Hybrid,2024,Ford,Maverick,,Hybrid,Pickup Truck,4,High,
Gas,2019,Mercedes-Benz,C-Class,Coupe,,Coupe,4,High,
Gas,2016,Hyundai,Veloster,,,Hatchback,4,Medium,
Gas,2006,Ford,Mustang,,,Coupe,6,Medium,
Gas,2019,BMW,5,Series,,Sedan,4,High,
Gas,2020,Infiniti,QX80,,,SUV,8,Medium,
Gas,2022,Nissan,Frontier,,,Pickup Truck,6,Medium,
Gas,2018,Toyota,C-HR,,,SUV,4,Medium,
Gas,2005,MINI,3,Door,"Cooper, Cooper S",Hatchback,4,High,
Gas/Electric Hybrid,2012,Ford,Fusion,Hybrid,,Sedan,4,High,
Gas,2008,Mazda,Mazda3,,,Sedan,4,Medium,
Gas,2019,Mercedes-Benz,C-Class,Convertible,"AMG, 43",Convertible,6,High,
Gas,2007,Volkswagen,Beetle,Convertible,,Convertible,4,High,
Gas,2010,Volkswagen,Golf,GTI,,Hatchback,4,High,
Gas,2010,Chevrolet,Traverse,,,SUV,6,Medium,
Gas/Electric Hybrid,2014,Lincoln,MKZ,,,Sedan,6,Medium,
Gas,2026,BMW,M4,,Competition,Coupe,6,High,
Gas,2009,Chevrolet,Silverado,,,Pickup Truck,8,Medium,
Gas/Electric Hybrid,2022,Mercedes-Benz,GLS,,"AMG, 63",SUV,8,High,
Gas,2008,GMC,Envoy,,,SUV,6,Medium,
Gas/Electric Hybrid,2018,Ford,Fusion,Energi,,Sedan,4,High,
Gas,2017,Mercedes-Benz,E-Class,,AMG,Sedan,4,High,
Gas,2008,Toyota,4-Runner,,,SUV,6,Medium,
Gas,2011,Buick,Lacrosse,,,Sedan,4,Medium,
Gas,2013,Audi,TT,,,Coupe,4,Medium,
Gas,2015,Mercedes-Benz,CLA,,AMG,Sedan,4,High,
Gas,2006,Kia,Spectra,,,Sedan,4,Medium,
Gas,2013,Subaru,Outback,,,SUV,4,Medium,
Gas,2017,BMW,2,Series,xDrive,Coupe,4,High,
Gas,2019,Toyota,Tacoma,,,Pickup Truck,4,Medium,
Gas,2010,Audi,A3,,,Sedan,4,Medium,
Gas,2023,Mercedes-Benz,GLS,,,SUV,6,Medium,
Gas,2020,Audi,S5,Sportback,"Quattro, TFSI",Hatchback,6,High,
Gas,2019,BMW,8,Series,,Coupe,8,High,
Gas,2013,Dodge,Dart,,,Sedan,4,Medium,
Gas,2005,Dodge,RAM,,,Pickup Truck,8,Medium,
Gas/Electric Hybrid,2023,Porsche,Panamera,,4S,Sedan,6,High,
Gas/Electric Hybrid,2026,Lexus,RX,,"500, 500h",SUV,4,High,
Electric,2024,BMW,iX,,,SUV,Electric,Medium,known BEV-only model
Gas,2007,Honda,Civic,,,Sedan,4,Medium,
Gas/Electric Hybrid,2022,Mercedes-Benz,C-Class,Sedan,,Sedan,4,High,
Gas,2015,Porsche,Panamera,,GTS,Sedan,6,High,
Gas,2012,Ford,F-150,,,Pickup Truck,6,Medium,
Gas,2021,Mercedes-Benz,GLS,,,SUV,6,Medium,
Electric,2025,Mercedes-Benz,GLC,,,SUV,Electric,Medium,
Gas,2019,Volkswagen,Golf,SportWagen,4MOTION,Wagon,4,High,
Electric,2027,Audi,SQ6,e-tron,Quattro,SUV,Electric,High,known BEV-only model
Electric,2026,Mercedes-Benz,GLC,,,SUV,Electric,Medium,
Gas,2025,Mercedes-Benz,GLA,,,SUV,4,Medium,
Gas/Electric Hybrid,2023,Toyota,RAV,4 Prime,,SUV,4,High,
Gas,2015,Hyundai,Elantra,GT,,Sedan,4,High,
Gas,2024,Audi,A3,Sedan,40,Sedan,4,High,
Gas,2026,Volkswagen,Golf,GTI,GTI,Hatchback,4,High,
Gas,2022,Mazda,Mazda3,,Turbo,Sedan,4,High,
Gas,2013,Bentley,Continental,GT,,Coupe,12,High,
Gas,2009,Maserati,Quattroporte,,,Sedan,6,Medium,
Gas,2018,Porsche,Cayman,,,Coupe,4,Medium,
Gas,2016,Audi,A4,Allroad Quattro,,Sedan,4,High,
Gas,2019,Audi,A7,,"Quattro, TFSI, 55",Sedan,6,High,
Gas,2021,Mercedes-Benz,A-Class,Hatchback,AMG,Hatchback,4,High,
Gas,2021,Lexus,RX,,"350, F",SUV,4,High,
Gas,2009,Land,Rover,LR2,,SUV,6,High,
Gas,2024,BMW,X1,,xDrive,SUV,4,High,
Gas,2017,BMW,X3,,xDrive,SUV,4,High,
Gas,2025,Mercedes-Benz,CLA,,,Sedan,4,Medium,
Gas,2013,Nissan,Juke,,,SUV,4,Medium,
Gas,2017,Alfa,Romeo,4C,,Coupe,4,High,
Gas,2007,Hyundai,Tucson,,,SUV,4,Medium,
Gas,2024,Ford,Ranger,,EcoBoost,Pickup Truck,4,High,
Gas,2010,Honda,Odyssey,,,Minivan,6,Medium,
Gas/Electric Hybrid,2022,Toyota,Corolla,Sedan,,Sedan,4,High,
Gas,2007,Jeep,Compass,,,SUV,4,Medium,
Gas,2013,Nissan,Versa,,,Sedan,4,Medium,
Gas,2023,Audi,S4,Sedan,,Sedan,6,High,
Gas,2021,Mercedes-Benz,E-Class,,"4MATIC, AMG, 53, 53 AMG",Sedan,6,High,
Gas,2013,Jaguar,XF,,,Sedan,4,Medium,
Gas,2018,Volkswagen,Tiguan,,R,SUV,4,High,
Gas,2018,Audi,TT,,Quattro,Coupe,4,High,
Electric,2022,Audi,Q4,e-tron Sportback,,SUV,Electric,High,known BEV-only model
Gas,2011,Kia,Soul,,,Hatchback,4,Medium,
Gas,2011,Mercedes-Benz,CLS-Class,,,Sedan,6,Medium,
Gas,2020,Lexus,ES,,,Sedan,4,Medium,
Gas,2015,GMC,Canyon,,,Pickup Truck,4,Medium,
Gas,2013,Mazda,CX-9,,,SUV,4,Medium,
Gas,2009,Volkswagen,Jetta,Sedan,R,Sedan,4,High,
Gas,2022,Volkswagen,Atlas,Cross Sport,R,SUV,4,High,
Gas,2009,Mercedes-Benz,M-Class,,,SUV,6,Medium,
Gas,2007,Chevrolet,Express,2500,,Van,6,High,
Gas,2017,BMW,4,Series Gran Coupe,,Sedan,4,High,
Gas/Electric Hybrid,2023,Mercedes-Benz,CLS-Class,,450,Sedan,6,High,
Gas/Electric Hybrid,2023,Audi,Q5,Sportback,,SUV,4,High,
Gas/Electric Hybrid,2022,Mercedes-Benz,GLE,,350,SUV,4,High,
Gas/Electric Hybrid,2023,BMW,X7,,"xDrive, M60",SUV,6,High,
Gas,2024,BMW,X5,,M60,SUV,6,High,
Gas,2026,BMW,5,Series,xDrive,Sedan,4,High,
Electric,2025,Nissan,Ariya,,,SUV,Electric,Medium,known BEV-only model
Gas,2007,Acura,MDX,,,SUV,6,Medium,
Gas,2015,Lexus,IS,,,Sedan,4,Medium,
Gas,2025,Lexus,TX,,,SUV,4,Medium,
Gas,2020,BMW,X6,M,Competition,SUV,6,High,
Gas,2014,Dodge,Dart,,,Sedan,4,Medium,
Gas,2024,Audi,Q8,,55,SUV,6,High,
Gas,2024,Audi,Q3,,45,SUV,4,High,
Gas,2018,Lexus,IS,,"350, F",Sedan,4,High,
Gas,2010,Lexus,RX,,350,SUV,4,High,
Gas,2018,Mercedes-Benz,Metris,Cargo Van,,Van,4,High,
Gas,2025,Volkswagen,Atlas,,TSI,SUV,4,High,
Gas,2008,Honda,Odyssey,,,Minivan,6,Medium,
Gas,2017,Mercedes-Benz,CLS-Class,,"AMG, 63",Sedan,8,High,
Gas,2013,Dodge,Charger,,HEMI,Sedan,8,High,
Gas,2011,Mercedes-Benz,SL-Class,,,Convertible,6,Medium,
Gas,2018,Mercedes-Benz,GLE,,"AMG, 63",SUV,8,High,
Gas/Electric Hybrid,2026,Mercedes-Benz,GLC,,300,SUV,4,High,
Gas/Electric Hybrid,2026,Lexus,TX,,"500, 500h",SUV,4,High,
Gas,2025,Chevrolet,Express,Passenger,,Van,6,High,
Gas,2023,Volkswagen,Atlas,,R,SUV,4,High,
Gas,2011,Hyundai,Elantra,Touring,,Sedan,4,High,
Gas,2024,Toyota,GR86,,,Coupe,4,Medium,
Gas,2018,Audi,A5,Sportback,,Hatchback,6,High,
Electric,2023,BMW,iX,,,SUV,Electric,Medium,known BEV-only model
Gas/Electric Hybrid,2024,Mercedes-Benz,GLE,,,SUV,6,Medium,
Gas,2016,Nissan,Titan,XD,,Pickup Truck,8,High,
Gas,2022,Honda,Civic,Hatchback,,Hatchback,4,High,
Gas,2005,Toyota,Camry,,,Sedan,4,Medium,
Gas,2014,Mercedes-Benz,B-Class,,,Hatchback,4,Medium,
Gas,2013,Hyundai,Veloster,,,Hatchback,4,Medium,
Electric,2024,Hyundai,IONIQ,5,,SUV,Electric,High,
Gas,2025,Toyota,GR,Supra,,Coupe,6,High,
Gas/Electric Hybrid,2026,Mitsubishi,Outlander,PHEV,,SUV,4,High,
Gas,2018,Maserati,GranTurismo,,V8,Coupe,8,High,
Gas/Electric Hybrid,2022,Mercedes-Benz,E-Class,,"AMG, 53",Sedan,6,High,
Gas,2018,Chevrolet,Silverado,2500,,Pickup Truck,8,High,
Gas,2015,Mercedes-Benz,GLK-Class,,350,SUV,4,High,
Electric,2024,Lexus,RZ,,,SUV,Electric,Medium,
Gas,2009,Jeep,Wrangler,Unlimited,,SUV,6,High,
Gas,2022,Maserati,Levante,,,SUV,6,Medium,
Gas,2008,Chrysler,Crossfire,,,Coupe,6,Medium,
Gas/Electric Hybrid,2017,Lexus,NX,,,SUV,4,Medium,
Gas,2011,Volkswagen,Touareg,,,SUV,6,Medium,
Gas/Electric Hybrid,2019,Audi,Q8,,"Quattro, TFSI",SUV,6,High,
Gas/Electric Hybrid,2018,Toyota,Prius,,Prime,Hatchback,4,High,
Gas/Electric Hybrid,2023,Land,Rover,Defender,,SUV,4,High,
Gas,2010,Volkswagen,Golf,City,,Hatchback,4,High,
Gas,2009,Audi,Q7,,,SUV,6,Medium,
Gas,2012,Ford,Econoline,,,Van,6,Medium,
Gas/Electric Hybrid,2018,Mitsubishi,Outlander,PHEV,,SUV,4,High,
Gas,2008,Porsche,911,,"Carrera, Carrera 4S, 4S",Coupe,6,High,
Gas/Electric Hybrid,2022,Hyundai,SONATA,,,Sedan,4,Medium,
Gas,2014,Audi,S4,,,Sedan,6,Medium,
Gas/Electric Hybrid,2025,Lexus,RX,,"350, 350h",SUV,4,High,
Gas,2025,Toyota,Corolla,,,Sedan,4,Medium,
Gas/Electric Hybrid,2023,Jeep,Grand,Cherokee 4xe,4xe,SUV,4,High,4xe plug-in hybrid uses 2.0L turbo I4
Gas,2023,Mercedes-Benz,CLA,,45,Sedan,4,High,
Gas,2011,Honda,Pilot,,,SUV,6,Medium,
Gas,2016,Audi,S8,,,Sedan,6,Medium,
Gas,2015,Nissan,Note,,,Sedan,4,Medium,
Gas,2018,Jeep,Wrangler,,,SUV,6,Medium,
Gas,2012,Volkswagen,Golf,R,,Hatchback,4,High,
Gas/Electric Hybrid,2026,Honda,Civic,,Hybrid,Sedan,4,High,
Gas,2015,Hyundai,SANTA,FE,,SUV,4,High,
Gas,2015,Maserati,GranTurismo,,,Coupe,8,Medium,
Gas,2023,Porsche,718,Boxster,,Convertible,4,High,
Gas,2015,Mercedes-Benz,CLS,,400,Sedan,6,High,
Gas/Electric Hybrid,2021,Hyundai,ELANTRA,,,Sedan,4,Medium,
Gas/Electric Hybrid,2015,Toyota,Prius,,,Hatchback,4,Medium,
Gas,2023,Honda,Civic,,,Sedan,4,Medium,
Gas,2012,Nissan,Titan,,,Pickup Truck,8,Medium,
Gas,2015,Chevrolet,Traverse,,,SUV,6,Medium,
Electric,2024,Hyundai,Tucson,Plug-In Hybrid,,SUV,Electric,High,
Gas,2025,Audi,A5,Sportback,"Quattro, TFSI, 45",Hatchback,4,High,
Gas,2012,Subaru,Outback,,,SUV,4,Medium,
Gas,2024,Audi,S8,,"Quattro, TFSI",Sedan,6,High,
Gas,2008,Mercedes-Benz,230,,,Sedan,4,Medium,
Gas,2023,Audi,S4,Sedan,Quattro,Sedan,6,High,
Gas,2005,Scion,xB,,,Hatchback,4,Medium,
Gas,2023,Toyota,Corolla,,,Sedan,4,Medium,
Gas,2026,Nissan,Murano,,,SUV,6,Medium,
Gas,2017,BMW,7,Series,,Sedan,6,High,
Gas,2016,Nissan,Note,,,Sedan,4,Medium,
Gas,2022,Mercedes-Benz,Metris,Passenger Van,,Van,4,High,
Gas,2016,Audi,S5,,S5,Coupe,6,High,
Gas,2013,Mercedes-Benz,GLK-Class,,"4MATIC, AMG, 350",SUV,4,High,
Gas,2015,RAM,ProMaster,Cargo Van,,Van,6,High,
Gas,2025,Mercedes-Benz,GLE,,4MATIC,SUV,6,High,
Gas,2019,Alfa,Romeo,Stelvio,,SUV,4,High,
Gas,2027,Volvo,XC90,,B6,SUV,4,High,
Gas,2026,Mercedes-Benz,GLC,,300,SUV,4,High,
Gas,2024,Mercedes-Benz,CLE,,4MATIC,Coupe,4,High,
Electric,2021,Land,Rover,Range Rover,,SUV,Electric,High,
Gas,2017,Mercedes-Benz,E-Class,,"AMG, 43, 43 AMG",Sedan,6,High,
Gas,2019,Mercedes-Benz,C-Class,Convertible,,Convertible,4,High,
Gas,2010,Acura,CSX,,,Sedan,4,Medium,
Gas,2018,GMC,Canyon,,,Pickup Truck,4,Medium,
Electric,2024,BMW,i5,,M60,Sedan,Electric,High,known BEV-only model
Electric,2022,Polestar,2,,,Sedan,Electric,Medium,known BEV-only model
Gas,2017,Dodge,Durango,,V6,SUV,6,High,
Gas,2008,Acura,RDX,,,SUV,4,Medium,
Gas,2010,Ford,Explorer,Sport Trac,,Pickup Truck,6,High,
Gas,2015,Volkswagen,Tiguan,,,SUV,4,Medium,
Gas,2012,Volkswagen,Tiguan,,,SUV,4,Medium,
Gas,2008,Mercedes-Benz,SL-Class,,AMG,Convertible,6,High,
Gas,2011,Kia,Rio,,,Sedan,4,Medium,
Gas,2014,Land,Rover,Range Rover,,SUV,6,High,
Gas,2015,Mercedes-Benz,CLA,,4MATIC,Sedan,4,High,
Gas,2018,Mercedes-Benz,C-Class,Convertible,"AMG, 43, 43 AMG",Convertible,6,High,
Gas,2016,Hyundai,Genesis,Coupe,,Coupe,6,High,
Gas/Electric Hybrid,2015,Lexus,RX,,450h,SUV,4,High,
Gas,2019,Mercedes-Benz,GLC,,"4MATIC, AMG, 63",SUV,8,High,
Gas,2016,Mercedes-Benz,GLC,,"4MATIC, 300",SUV,4,High,
Gas,2010,Lexus,IS,Convertible,,Convertible,4,High,
Electric,2024,Kia,EV6,,,Sedan,Electric,Medium,known BEV-only model
Gas,2015,Audi,A6,Sedan,,Sedan,6,High,
Gas,2018,Toyota,Prius,Prime,,Hatchback,4,High,
Gas,2019,Ford,Fusion,,,Sedan,4,Medium,
Gas/Electric Hybrid,2021,Land,Rover,Defender,,SUV,4,High,
Gas,2014,BMW,6,Series Gran Coupe,,Sedan,6,High,
Gas,2011,Audi,Q5,,Quattro,SUV,4,High,
Gas,2013,Volkswagen,Golf,Wagon,,Wagon,4,High,
Gas,2012,Nissan,Pathfinder,,,SUV,6,Medium,
Gas,2013,Honda,Accord,,,Sedan,4,Medium,
Gas,2015,Nissan,Xterra,,,SUV,6,Medium,
Gas/Electric Hybrid,2026,Mercedes-Benz,GLE,,"AMG, 350",SUV,4,High,
Gas,2013,Jaguar,XK,,,Coupe,8,Medium,
Gas,2018,Mercedes-Benz,GLS,,AMG,SUV,6,High,
Gas,2011,Rolls-Royce,Ghost,,,Sedan,12,Medium,
Gas,2013,Cadillac,Escalade,ESV,,SUV,8,High,
Gas,2015,Honda,Accord,,,Sedan,4,Medium,
Gas/Electric Hybrid,2024,Hyundai,Elantra,Hybrid,Hybrid,Sedan,4,High,
Gas,2009,BMW,3,Series,xDrive,Sedan,4,High,
Gas,2019,Mercedes-Benz,S-Class,,"4MATIC, AMG",Sedan,6,High,
Gas,2013,Audi,RS5,,,Sedan,6,Medium,
Gas,2007,Acura,CSX,,,Sedan,4,Medium,
Gas/Electric Hybrid,2021,Mercedes-Benz,GLE,,"AMG, 450",SUV,6,High,
Gas,2005,Dodge,RAM,1500,,Pickup Truck,8,High,
Gas,2012,Mercedes-Benz,CLS-Class,,,Sedan,6,Medium,
Gas,2021,Audi,Q5,,45,SUV,4,High,
Electric,2025,Mercedes-Benz,EQB,,AMG,SUV,Electric,High,known BEV-only model
Gas,2014,Chevrolet,Corvette,,,Coupe,8,Medium,
Gas,2008,Cadillac,Escalade,,,SUV,8,Medium,
Gas,2006,Mercedes-Benz,E-Class,,,Sedan,6,Medium,
Gas,2008,Toyota,Corolla,Sedan,,Sedan,4,High,
Electric,2023,Volkswagen,ID.4,,,SUV,Electric,Medium,known BEV-only model
Gas,2010,Volkswagen,Golf,Wagon,,Wagon,4,High,
Gas,2006,Mercedes-Benz,CLK-Class,,350,Coupe,4,High,
Gas,2023,Audi,SQ5,Sportback,"Quattro, TFSI",SUV,6,High,
Gas,2023,Honda,Civic,Type R,,Sedan,4,High,
Gas,2021,Chevrolet,Colorado,,V6,Pickup Truck,6,High,
Gas,2009,Porsche,911,,"Carrera, Carrera 4S, 4S",Coupe,6,High,
Electric,2023,Mercedes-Benz,EQE,,"4MATIC, 350",SUV,4,High,known BEV-only model
Gas,2017,Porsche,911,,Carrera,Coupe,6,High,
Gas,2013,Toyota,Highlander,,,SUV,6,Medium,
Gas,2023,Audi,S3,Sedan,Quattro,Sedan,4,High,
Gas,2019,Chevrolet,Camaro,,V8,Coupe,8,High,
Gas,2009,Kia,Borrego,,,SUV,6,Medium,
Gas,2019,Volkswagen,Golf,Alltrack,,Hatchback,4,High,
Gas,2026,Mazda,CX-90,PHEV,,SUV,6,High,
Gas,2024,Toyota,RAV,4 Prime,,SUV,4,High,
Gas,2012,Mazda,MX-5,Miata Roadster,,Convertible,4,High,
Gas,2008,Nissan,350Z,,,Coupe,6,Medium,
Gas,2016,Scion,iM,,,Hatchback,4,Medium,
Gas,2009,Ford,F-250,Super Duty,,Pickup Truck,8,High,
Gas,2019,Audi,S3,Sedan,"Quattro, TFSI",Sedan,4,High,
Gas,2011,BMW,M3,,,Sedan,8,Medium,
Gas,2010,Jeep,Liberty,,,SUV,6,Medium,
Gas,2010,Mazda,B-Series,,,Pickup Truck,4,Medium,
Gas,2025,Ford,Mustang,Fastback,,Coupe,8,High,
Gas,2022,BMW,8,Series Gran Coupe,,Sedan,8,High,
Gas,2009,Mercedes-Benz,SLK-Class,,,Convertible,6,Medium,
Gas,2007,BMW,6,Series,,Coupe,6,High,
Gas,2022,Mercedes-Benz,CLA,,,Sedan,4,Medium,
Gas,2016,Audi,A7,,,Sedan,6,Medium,
Gas,2008,Toyota,Yaris,,,Hatchback,4,Medium,
Gas,2015,smart,fortwo,,,Hatchback,3,Medium,
Gas,2019,Mercedes-Benz,GLC,,4MATIC,SUV,4,High,
Gas,2020,Audi,A5,Sportback,,Hatchback,6,High,
Gas,2008,HUMMER,H2,,,SUV,8,Medium,
Gas/Electric Hybrid,2019,Audi,Q8,,55,SUV,6,High,
Gas,2015,Kia,Sedona,,,Minivan,6,Medium,
Gas/Electric Hybrid,2025,Honda,Accord,Hybrid,Hybrid,Sedan,4,High,
Gas,2010,Volkswagen,Tiguan,,,SUV,4,Medium,
Gas,2008,Mercedes-Benz,CL-Class,,,Coupe,8,Medium,
Gas,2025,Audi,Q5,Sportback,,SUV,4,High,
Gas,2005,BMW,3,Series,,Sedan,4,High,
Electric,2027,Cadillac,Optiq,,,SUV,Electric,Medium,known BEV-only model
Gas/Electric Hybrid,2026,Toyota,Crown,Signia,,SUV,4,High,
Gas,2019,Toyota,RAV,4 Hybrid,,SUV,4,High,
Gas,2007,Saturn,Aura,,,Sedan,4,Medium,
Gas,2026,Toyota,GR86,,,Coupe,4,Medium,
Gas/Electric Hybrid,2026,Toyota,Grand,Highlander Hybrid,Hybrid,SUV,4,High,
Gas,2021,Mercedes-Benz,GLS,,"4MATIC, 580",SUV,8,High,
Gas,2020,Mercedes-Benz,E-Class,,4MATIC,Sedan,4,High,
Gas,2023,Volvo,XC90,,,SUV,4,Medium,
Gas,2019,Mercedes-Benz,C-Class,Coupe,"4MATIC, 43",Coupe,6,High,
Gas,2026,Toyota,Grand,Highlander,,SUV,4,High,
Gas,2010,Mercedes-Benz,E-Class,,"AMG, 63, 63 AMG",Sedan,8,High,
Gas,2010,Ford,Escape,,,SUV,4,Medium,
Gas/Electric Hybrid,2022,Lexus,UX,,"250, 250h, F",SUV,4,High,
Gas,2015,Audi,S3,,Quattro,Sedan,4,High,
Gas,2009,Toyota,Prius,,Hybrid,Hatchback,4,High,
Gas/Electric Hybrid,2009,Toyota,Prius,,Hybrid,Hatchback,4,High,
Gas,2009,Toyota,Prius,,,Hatchback,4,Medium,
Gas,2020,Maserati,Levante,,,SUV,6,Medium,
Gas,2011,Toyota,Crown,,,Sedan,4,Medium,
Gas,2008,Lexus,GS,,350,Sedan,6,High,
Gas,2011,Daihatsu,Hijet,,,Van,3,Medium,
Gas/Electric Hybrid,2021,Audi,Q5,,"TFSI, 45",SUV,4,High,
Gas,2020,BMW,M8,,Competition,Coupe,8,High,
Gas,2019,Ford,EcoSport,,,SUV,4,Medium,
Gas,2013,Audi,S6,Sedan,"Quattro, S6",Sedan,6,High,
Gas,2017,Chevrolet,Equinox,,,SUV,4,Medium,
Gas,2009,Ford,Escape,,,SUV,4,Medium,
Gas,2009,BMW,1,Series,,Sedan,4,High,
Gas,2011,Mercedes-Benz,GLK-Class,,350,SUV,4,High,
Gas,2005,Acura,RSX,,Type S,Coupe,6,High,
Gas,2009,Toyota,Venza,,,SUV,4,Medium,
Gas,2013,Volkswagen,Touareg,,,SUV,6,Medium,
Gas,2011,Nissan,Rogue,,,SUV,4,Medium,
Electric,2022,Hyundai,Kona,,,SUV,Electric,Medium,
Gas,2007,Honda,Civic,Sedan,,Sedan,4,High,
Gas,2009,Jeep,Compass,,,SUV,4,Medium,
Gas,2022,Mercedes-Benz,E-Class,,450,Sedan,6,High,
Electric,2024,Kia,EV9,,,Sedan,Electric,Medium,known BEV-only model
Gas,2023,Ford,Transit,Connect,,Van,6,High,
Gas,2012,Jaguar,XF,,,Sedan,4,Medium,
Electric,2026,Toyota,bZ,Woodland,,SUV,Electric,High,known BEV-only model
Electric,2027,Kia,EV5,,,SUV,Electric,Medium,known BEV-only model
Electric,2026,Mercedes-Benz,GLE,,4MATIC,SUV,Electric,High,
Gas/Electric Hybrid,2026,BMW,4,Series,xDrive,Coupe,4,High,
Gas,2012,BMW,M3,,,Sedan,8,Medium,
Electric,2025,Mercedes-Benz,EQS,,"4MATIC, 580",SUV,8,High,known BEV-only model
Gas,2025,Ford,Mustang,Convertible,,Convertible,8,High,
Electric,2026,Mitsubishi,Outlander,PHEV,,SUV,Electric,High,
Gas,2019,Porsche,911,Carrera 4 GTS Coupe,GTS,Coupe,6,High,
Gas,2018,BMW,5,Series,xDrive,Sedan,4,High,
Gas,2019,BMW,7,Series,,Sedan,6,High,
Gas,2018,Volkswagen,Tiguan,,"TSI, 4MOTION",SUV,4,High,
Gas,2011,Audi,S5,,,Coupe,6,Medium,
Gas/Electric Hybrid,2021,Hyundai,Sonata,Hybrid,,Sedan,4,High,
Gas/Electric Hybrid,2025,Mazda,CX-70,MHEV,,SUV,6,High,
Gas/Electric Hybrid,2017,Toyota,Camry,,,Sedan,4,Medium,
Gas,2011,Chevrolet,Silverado,2500 HD,,Pickup Truck,8,High,
Gas,2014,Hyundai,Elantra,GT,,Sedan,4,High,
Gas,2017,Volvo,V60,,,Wagon,5,Medium,
Gas,2012,Nissan,Sentra,,,Sedan,4,Medium,
Gas,2023,Toyota,GR,Corolla,,Hatchback,3,High,
Gas,2020,GMC,Sierra,3500HD,,Pickup Truck,8,High,
Gas,2012,Toyota,Sienna,,,Minivan,6,Medium,
Gas,2025,Mercedes-Benz,GLA,,AMG,SUV,4,High,
Gas,2012,Nissan,GT-R,,,Coupe,6,Medium,
Gas,2017,BMW,5,Series,,Sedan,4,High,
Gas,2024,Audi,A5,Sportback,"Quattro, 45",Hatchback,4,High,
Gas,2009,Mercedes-Benz,B-Class,,,Hatchback,4,Medium,
Gas,2024,Mazda,MX-5,Miata RF,,Convertible,4,High,
Gas,2026,Maserati,Grecale,,"V6, Modena",SUV,6,High,
Gas,2026,BMW,M2,,,Coupe,6,Medium,
Gas,2012,Mercedes-Benz,S-Class,,,Sedan,6,Medium,
Gas,2013,Maserati,GranTurismo,,,Coupe,8,Medium,
Gas,2013,Jeep,Wrangler,Unlimited,,SUV,6,High,
Gas,2026,Jeep,Grand,Cherokee L,,SUV,6,High,
Gas,2021,Chevrolet,Camaro,,V6,Coupe,6,High,
Gas,2023,Mercedes-Benz,C-Class,Sedan,AMG,Sedan,4,High,
Gas,2013,Volkswagen,Tiguan,,4MOTION,SUV,4,High,
Gas/Electric Hybrid,2019,RAM,1500,,HEMI,Pickup Truck,8,High,
Gas,2027,Lincoln,Navigator,,,SUV,6,Medium,
Gas/Electric Hybrid,2026,BMW,5,Series Sedan,xDrive,Sedan,4,High,
Gas,2020,Subaru,Legacy,,Turbo,Sedan,4,High,
Gas,2011,Dodge,Charger,,,Sedan,6,Medium,
Gas/Electric Hybrid,2024,Audi,A4,Sedan,,Sedan,4,High,
Gas/Electric Hybrid,2022,RAM,1500,,HEMI,Pickup Truck,8,High,
Gas,2019,Audi,TT,RS,,Coupe,4,High,
Gas,2023,Land,Rover,Discovery,,SUV,6,High,
Gas,2024,Lotus,Emira,,,Coupe,6,Medium,
Gas,2023,Volvo,XC90,,B6,SUV,4,High,
Gas,2010,Audi,A4,,,Sedan,4,Medium,
Gas,2023,BMW,2,Series,xDrive,Coupe,4,High,
Gas,2019,Mazda,MX-5,Miata Roadster,,Convertible,4,High,
Gas,2008,BMW,X5,,,SUV,6,Medium,
Gas,2023,Ford,E-Series,Cutaway,,Van,6,High,
Gas,2022,Mercedes-Benz,C-Class,,"4MATIC, AMG, 300",Sedan,4,High,
Gas,2018,BMW,X1,,xDrive,SUV,4,High,
Gas,2017,Porsche,Cayenne,,Turbo,SUV,6,High,
Gas,2017,Toyota,Tacoma,,,Pickup Truck,4,Medium,
Gas,2016,Mercedes-Benz,S-Class,,AMG,Sedan,6,High,
Gas,2019,Jaguar,F-Pace,,,SUV,4,Medium,
Gas,2022,Chrysler,Pacifica,Hybrid,,Minivan,6,High,
Gas,2022,Lexus,IS,,"350, F",Sedan,4,High,
Gas,2018,Nissan,Micra,,,Sedan,4,Medium,
Gas,2007,Ford,Mustang,Convertible,,Convertible,6,High,
Gas,2024,Audi,A4,Sedan,"Quattro, TFSI, 45",Sedan,4,High,
Gas,2017,Volkswagen,Golf,SportWagen,"TSI, 4MOTION",Wagon,4,High,
Gas,2010,GMC,Acadia,,,SUV,4,Medium,
Gas,2025,Mercedes-Benz,GLE,,"AMG, 350",SUV,4,High,
Gas/Electric Hybrid,2024,Mercedes-Benz,C-Class,Sedan,"4MATIC, 300",Sedan,4,High,
Gas,2015,Jeep,Patriot,,,SUV,4,Medium,
Gas,2019,Mercedes-Benz,E-Class,,"AMG, 450",Sedan,6,High,
Gas,2018,Volvo,XC90,,,SUV,4,Medium,
Gas/Electric Hybrid,2021,Lexus,NX,,,SUV,4,Medium,
Electric,2027,Kia,Sportage,,,SUV,Electric,Medium,
Gas,2011,Audi,A5,,,Coupe,6,Medium,
Electric,2027,Cadillac,Vistiq,,,SUV,Electric,Medium,known BEV-only model
Gas,2013,Mercedes-Benz,E-Class,,,Sedan,6,Medium,
Gas,2023,Jaguar,F-Type,,,Convertible,6,Medium,
Gas,2012,Land,Rover,LR4,,SUV,6,High,
Gas,2023,MINI,Convertible,,Cooper,Convertible,4,High,
Gas,2010,BMW,3,Series,xDrive,Sedan,4,High,
Gas,2017,Volkswagen,Golf,R,,Hatchback,4,High,
Gas,2022,Toyota,GR86,,,Coupe,4,Medium,
Gas/Electric Hybrid,2024,Land,Rover,Range Rover Sport,,SUV,6,High,
Gas,2020,RAM,2500,,HEMI,Pickup Truck,8,High,
Gas,2022,Maserati,Ghibli,,Modena,Sedan,6,High,
Gas,2011,Mercedes-Benz,SL-Class,,AMG,Convertible,6,High,
Gas,2011,Mercedes-Benz,S-Class,,,Sedan,6,Medium,
Gas,2020,Mercedes-Benz,C-Class,Coupe,300,Coupe,4,High,
Electric,2024,Toyota,RAV,4 Prime,,SUV,Electric,High,
Gas,2027,Ford,Expedition,Max,,SUV,6,High,
Gas,2020,Nissan,Pathfinder,,,SUV,6,Medium,
Gas,2016,Chevrolet,Suburban,,,SUV,8,Medium,
Gas,2023,Mercedes-Benz,S-Class,,4MATIC,Sedan,6,High,
Gas,2009,Porsche,Cayman,718,,Coupe,6,High,
Gas,2009,Mercedes-Benz,CLK-Class,,,Coupe,6,Medium,
Gas/Electric Hybrid,2023,Mercedes-Benz,S-Class,,,Sedan,6,Medium,
Gas,2018,Audi,A5,Cabriolet,,Convertible,6,High,
Gas/Electric Hybrid,2015,Lexus,ES,,,Sedan,4,Medium,
