cylinders,fuel_efficiency_l_per_100km,country_of_origin,make_model,fuel_type
4,8.7,United States,2022 Lincoln Corsair,Gas
,,,2026 Jeep Cherokee,Gas/Electric Hybrid
4,8.1,South Korea,2026 Hyundai Tucson,Gas
4,8.7,Japan,2024 Mazda CX-5,Gas
6,10.7,United States,2021 Ford F-150,Gas
6,11.7,United Kingdom,2024 Land Rover Defender,Gas
6,10.7,United States,2022 Honda Passport,Gas
4,8.1,South Korea,2023 Kia Seltos,Gas
4,9.8,South Korea,2023 Genesis GV70,Gas
6,10.2,Germany,2022 Audi S5 Sportback,Gas
4,7.6,Japan,2019 Mazda Mazda3,Gas
4,8.1,Japan,2020 Subaru Outback,Gas
4,8.1,United Kingdom,2020 Land Rover Defender,Gas/Electric Hybrid
4,4.5,Japan,2025 Toyota Prius,Gas/Electric Hybrid
,,United States,2022 BMW X5,Electric
4,9.4,Japan,2025 Subaru WRX,Gas
6,11.2,Japan,2020 Infiniti QX60,Gas
3,8.7,Mexico,2021 Ford Bronco Sport,Gas
4,7.6,Canada,2017 Honda Civic Sedan,Gas
4,7.1,Mexico,2023 Nissan Versa,Gas
4,8.1,Germany,2015 Mercedes-Benz GLA,Gas
8,14.7,United Kingdom,2011 Land Rover Range Rover Sport,Gas
4,8.1,Mexico,2024 Volkswagen Taos,Gas
4,8.1,Germany,2022 Volkswagen Tiguan,Gas
6,10.7,South Korea,2025 Kia Carnival,Gas
6,10.2,Germany,2014 Porsche Panamera,Gas
6,10.7,United States,2025 Volkswagen Atlas,Gas
6,11.2,Japan,2025 Toyota 4-Runner,Gas
4,9.4,China,2023 Buick Envision,Gas
4,8.1,Japan,2024 Toyota RAV 4,Gas
4,9.4,Germany,2023 Mercedes-Benz GLC,Gas
4,9.4,United Kingdom,2019 Land Rover Range Rover Evoque,Gas
6,8.7,Slovakia,2022 Audi Q8,Gas/Electric Hybrid
6,10.7,United States,2021 Honda Pilot,Gas
4,7.6,Germany,2023 BMW X1,Gas
8,10.7,Germany,2021 BMW 8 Series Gran Coupe,Gas
4,8.1,Germany,2019 Audi A5 Coupe,Gas
4,7.1,South Korea,2022 Hyundai Elantra,Gas
6,10.7,Germany,2025 BMW M4,Gas
4,7.6,United States,2022 Honda Civic Sedan,Gas
4,6.1,Japan,2023 Toyota RAV 4 Hybrid,Gas/Electric Hybrid
6,10.7,United States,2025 Kia Telluride,Gas
4,7.6,Germany,2022 Audi A5 Sportback,Gas/Electric Hybrid
4,8.1,Germany,2019 Volkswagen Tiguan,Gas
4,6,Japan,2021 Toyota RAV 4 Hybrid,Gas/Electric Hybrid
6,9.8,United States,2024 Toyota Tacoma,Gas
4,7.1,Germany,2025 BMW 3 Series,Gas
4,8.1,Germany,2018 BMW 5 Series,Gas
4,8.1,Germany,2024 Volkswagen Tiguan,Gas
4,8.1,Germany,2017 Volkswagen Tiguan,Gas
4,8.7,United States,2023 Ford Escape,Gas
4,9.4,Germany,2014 Volkswagen Tiguan,Gas
6,11.2,South Korea,2025 Hyundai Palisade,Gas
6,10.7,United States,2023 BMW X5,Gas
4,6,Canada,2024 Honda CR-V Hybrid,Gas/Electric Hybrid
4,4.7,United States,2020 Honda Insight,Gas/Electric Hybrid
4,8.7,Germany,2019 Audi A5 Sportback,Gas
,,United States,2024 Ford Mustang Mach-E,Electric
3,6.1,United Kingdom,2020 Land Rover Range Rover Evoque,Gas/Electric Hybrid
4,9.4,United States,2022 Acura RDX,Gas
4,8.1,Japan,2023 Toyota Corolla Cross,Gas
4,8.1,United States,2018 Honda CR-V,Gas
4,7.1,Germany,2018 Audi A3 Sedan,Gas
3,7.1,United Kingdom,2024 MINI 5 Door,Gas
4,8.1,Mexico,2022 Volkswagen Taos,Gas
4,8.7,Germany,2024 Audi Q5,Gas
4,8.7,Japan,2011 Honda CR-V,Gas
4,9.4,United States,2019 Acura RDX,Gas
4,8.1,United States,2020 Honda CR-V,Gas
6,11.2,United States,2026 Jeep Wrangler,Gas
4,8.7,Germany,2016 Porsche Macan,Gas
,,United States,2023 Tesla Model Y,Electric
8,12.4,United States,2013 BMW X6,Gas
6,11.2,Germany,2018 Audi Q7,Gas
4,9.4,United Kingdom,2018 Land Rover Discovery Sport,Gas
4,9.4,South Korea,2021 Hyundai Santa Fe,Gas
6,10.7,United States,2022 Toyota Tundra Hybrid,Gas/Electric Hybrid
4,9.4,Germany,2018 Volkswagen Tiguan,Gas
4,8.1,United States,2022 Acura ILX,Gas
4,10.7,United States,2021 Ford Bronco,Gas
4,6,Japan,2024 Toyota RAV 4 Hybrid,Gas/Electric Hybrid
6,11.2,United States,2024 Jeep Grand Cherokee L,Gas
6,10.2,Germany,2018 Audi S5 Sportback,Gas
4,9.4,Japan,2023 Lexus NX,Gas
6,9.8,Japan,2017 Lexus IS,Gas
4,8.1,Canada,2021 Honda CR-V,Gas
4,8.1,Germany,2025 Volkswagen Golf R,Gas
4,8.1,Canada,2024 Honda CR-V,Gas
6,10.7,United States,2025 RAM 1500,Gas
4,9.4,South Korea,2018 Hyundai Santa Fe Sport,Gas
4,8.1,United States,2023 Honda CR-V,Gas
4,8.1,United States,2020 Toyota Camry,Gas
8,11.2,United States,2019 RAM 1500,Gas
4,7.6,Japan,2019 Mazda Mazda3 Sport,Gas
4,6,United States,2023 Honda CR-V Hybrid,Gas
4,7.6,Japan,2016 Mazda Mazda3,Gas
4,9.4,South Korea,2022 Hyundai Santa Fe,Gas
6,11.2,United States,2021 Jeep Wrangler,Gas
6,10.7,Canada,2019 Acura MDX,Gas
4,9.4,United Kingdom,2020 Land Rover Range Rover Velar,Gas
4,7.6,Germany,2022 BMW X1,Gas
4,8.1,Japan,2022 Mazda CX-30,Gas
6,10.7,Japan,2018 Infiniti QX60,Gas
4,8.1,Mexico,2024 Jeep Compass,Gas
4,7.6,Germany,2025 Mercedes-Benz GLC,Gas/Electric Hybrid
6,11.2,Germany,2025 Audi Q7,Gas
4,8.1,Japan,2022 Subaru BRZ,Gas
6,11.7,United States,2023 Jeep Wrangler,Gas
4,7.1,South Korea,2021 Hyundai Elantra,Gas
4,8.1,Japan,2021 Nissan Rogue,Gas
8,11.2,United States,2024 Chevrolet Silverado 1500,Gas
4,8.1,Germany,2017 Mercedes-Benz E-Class,Gas
4,8.1,Canada,2025 Honda CR-V,Gas
4,9.4,Japan,2023 Infiniti QX50,Gas
4,7.1,Canada,2024 Honda Civic Sedan,Gas
4,7.1,Japan,2023 Toyota Corolla Sedan,Gas
4,7.1,Japan,2021 Toyota Corolla Sedan,Gas
6,11.2,Japan,2023 Mazda CX-9,Gas
6,10.7,United Kingdom,2023 Land Rover Range Rover Sport,Gas
4,9.4,Canada,2022 Lincoln Nautilus,Gas
4,6.1,Japan,2019 Toyota RAV 4 Hybrid,Gas/Electric Hybrid
4,9.4,United Kingdom,2026 Land Rover Range Rover Velar,Gas
4,8.1,Japan,2017 Mazda CX-5,Gas
6,11.2,United States,2024 Nissan Pathfinder,Gas
4,8.1,Germany,2018 Mercedes-Benz E-Class,Gas
4,7.6,Mexico,2019 Honda HR-V,Gas
4,8.1,Germany,2022 Volkswagen Golf GTI,Gas
4,7.6,Germany,2019 BMW X2,Gas
4,9.4,Japan,2018 Subaru WRX,Gas
4,8.1,Japan,2023 Subaru BRZ,Gas
4,9.4,United Kingdom,2023 Land Rover Range Rover Evoque,Gas
4,5.8,Japan,2020 Lexus UX,Gas/Electric Hybrid
4,8.7,United States,2023 Mazda CX-50,Gas
4,8.1,Canada,2019 Honda CR-V,Gas
4,8.1,Japan,2012 Mazda Mazda3,Gas
4,8.1,Japan,2020 Mazda CX-30,Gas
6,9.4,Japan,2019 Lexus IS,Gas
8,11.8,United States,2023 RAM 1500,Gas
6,10.7,United States,2017 Nissan Frontier,Gas
4,4.5,Japan,2024 Toyota Prius,Gas/Electric Hybrid
5,10.7,Brazil,2012 Chevrolet Colorado,Gas
4,8.1,Japan,2019 Mazda CX-5,Gas
4,8.7,Japan,2016 Toyota RAV 4,Gas
,,South Korea,2023 Hyundai Kona Electric,Electric
6,10.7,United States,2022 BMW X5,Gas
4,8.1,Japan,2016 Mazda CX-5,Gas
6,11.2,Japan,2026 Toyota 4-Runner,Gas
4,4.5,Japan,2017 Toyota Prius,Gas/Electric Hybrid
4,8.1,South Korea,2022 Hyundai Tucson,Gas
4,7.8,Mexico,2020 Honda HR-V,Gas
4,7.6,Japan,2024 Mazda Mazda3,Gas
6,10.7,United States,2021 Toyota Highlander,Gas
4,7.1,South Korea,2023 Hyundai Elantra,Gas
4,9.4,South Korea,2018 Kia Sorento,Gas
4,8.1,Canada,2016 Honda CR-V,Gas
8,13.1,United States,2021 GMC Yukon,Gas
4,7.6,Japan,2015 Mazda Mazda3,Gas
3,7.6,Netherlands,2023 MINI Countryman,Gas
4,9.4,Germany,2020 Mercedes-Benz GLC,Gas
4,8.1,Japan,2021 Toyota RAV 4,Gas
4,6,Japan,2021 Toyota RAV 4,Gas/Electric Hybrid
4,9.4,Germany,2018 Porsche Macan,Gas
4,6.7,United States,2021 Toyota Sienna,Gas/Electric Hybrid
4,8.7,Germany,2019 Mercedes-Benz C-Class Coupe,Gas
4,8.1,Germany,2023 BMW 4 Series,Gas
4,9.4,Mexico,2023 Chevrolet Blazer,Gas
4,8.1,Germany,2023 Volkswagen Tiguan,Gas
4,8.1,Japan,2023 Mazda Mazda3 Sport,Gas
4,9.8,United Kingdom,2023 Land Rover Range Rover Velar,Gas
6,10.7,United States,2024 Lexus TX,Gas
8,11.2,United States,2019 Chevrolet Silverado 1500,Gas
4,7.6,Japan,2018 Mazda Mazda3,Gas
4,6.3,South Korea,2023 Hyundai Tucson Hybrid,Gas/Electric Hybrid
4,7.6,Canada,2015 Honda Civic Sedan,Gas
4,7.6,Germany,2025 BMW X2,Gas
4,7.6,United States,2013 Honda Civic Sedan,Gas
4,7.1,South Korea,2025 Kia K4,Gas
4,8.1,United States,2022 Toyota Camry,Gas
4,8.1,Germany,2025 Audi Q3,Gas
,,United States,2022 Jeep Wrangler Unlimited,Electric
4,7.1,Germany,2019 BMW 3 Series,Gas
4,8.1,Germany,2022 Mercedes-Benz GLC,Gas/Electric Hybrid
8,11.2,United States,2022 RAM 1500,Gas
6,11.2,South Korea,2021 Hyundai Palisade,Gas
6,10.7,United States,2022 Ford F-150,Gas
4,8.1,United States,2015 Honda CR-V,Gas
6,10.2,Japan,2025 Mazda CX-70 MHEV,Gas
6,10.7,United States,2024 BMW X5,Gas
4,10.7,Sweden,2017 Volvo XC90,Gas
6,10.7,United States,2026 Ford F-150,Gas
4,8.1,Japan,2019 Toyota RAV 4,Gas
4,8.1,Canada,2022 Honda CR-V,Gas
4,9.4,South Korea,2022 Genesis GV70,Gas
4,2.1,Sweden,2017 Volvo XC90 Hybrid,Gas/Electric Hybrid
4,7.8,United States,2018 Toyota Camry,Gas
6,10.7,Japan,2023 Nissan Z,Gas
4,8.1,Japan,2023 Nissan Rogue,Gas
4,9.8,United States,2024 Acura RDX,Gas
4,9.4,Germany,2017 Audi Q5,Gas
4,8.1,United States,2020 Ford Escape,Gas
4,8.1,Germany,2016 Volkswagen Tiguan,Gas
4,9.4,Japan,2020 Mitsubishi Eclipse Cross,Gas
6,10.7,United States,2020 Ford F-150,Gas
4,8.1,United States,2015 Acura TLX,Gas
4,9.4,Japan,2022 Lexus NX,Gas
4,7.1,Mexico,2024 Volkswagen Jetta,Gas
4,8.1,Germany,2016 BMW 4 Series,Gas
6,11.2,Germany,2017 Audi SQ5,Gas
6,10.7,United States,2023 Acura MDX,Gas
6,10.7,United States,2018 Honda Pilot,Gas
4,9.4,South Korea,2020 Hyundai Tucson,Gas
4,8.1,United States,2015 BMW X4,Gas
6,12.4,Japan,2017 Toyota 4-Runner,Gas
4,9.4,Germany,2022 Audi Q5,Gas
4,7.1,Germany,2018 BMW 3 Series,Gas
6,10.7,United States,2020 BMW X6,Gas
4,7.6,India,2022 Hyundai Venue,Gas
4,8.1,Japan,2023 Toyota RAV 4,Gas
4,8.7,Japan,2017 Toyota RAV 4,Gas
4,7.6,Mexico,2024 Nissan Sentra,Gas
3,8.1,South Korea,2024 Buick Envista,Gas
6,10.7,United States,2022 Mercedes-Benz GLE,Gas
4,9.4,South Korea,2019 Hyundai Tucson,Gas
4,6,Japan,2024 Toyota RAV 4,Gas/Electric Hybrid
4,8.1,South Korea,2023 Kia Sportage,Gas
4,9.4,United States,2018 Jeep Cherokee,Gas
6,10.7,Canada,2013 Dodge Grand Caravan,Gas
4,9.4,Japan,2010 Toyota RAV 4,Gas
4,6,Japan,2025 Toyota RAV 4 Hybrid,Gas/Electric Hybrid
4,10.7,Sweden,2022 Volvo XC90,Gas
6,11.2,United States,2025 Dodge Durango,Gas
6,10.2,Japan,2018 Acura RDX,Gas
6,7.6,United States,2020 Toyota Highlander Hybrid,Gas/Electric Hybrid
4,7.6,India,2023 Hyundai Venue,Gas
6,11.2,Canada,2012 Acura MDX,Gas
8,12.4,United States,2017 Chevrolet Silverado 1500,Gas
8,14.7,United Kingdom,2012 Land Rover Range Rover Sport,Gas
6,10.7,United States,2019 Ford Explorer,Gas
4,7.1,Germany,2017 Audi A3,Gas
6,10.7,United States,2022 Volkswagen Atlas,Gas
4,9.4,United Kingdom,2022 Land Rover Range Rover Velar,Gas
8,12.4,United States,2023 Chevrolet Silverado 1500,Gas
4,4.5,Japan,2018 Toyota Prius,Gas/Electric Hybrid
4,2.5,South Korea,2022 Kia Sorento Plug-In Hybrid,Electric
,,Japan,2021 Toyota RAV 4,Electric
6,11.2,United States,2017 Ford Explorer,Gas
4,10.7,Japan,2019 Mazda CX-9,Gas
4,7.8,Japan,2018 Mazda CX-3,Gas
4,8.7,Japan,2020 Mazda CX-5,Gas
4,8.1,Canada,2017 Honda CR-V,Gas
4,7.1,Germany,2025 BMW 2 Series,Gas
4,4.5,Japan,2021 Toyota Prius,Gas/Electric Hybrid
,,United States,2021 Tesla Model 3,Electric
,,United States,2022 Ford Mustang Mach-E,Electric
4,6,United States,2025 Honda CR-V Hybrid,Gas/Electric Hybrid
6,11.2,South Korea,2024 Hyundai Palisade,Gas
4,8.7,Germany,2022 Audi Q3,Gas
8,14.7,Japan,2019 Infiniti QX80,Gas
4,9.4,Germany,2021 BMW X3,Gas
6,10.7,United States,2022 Honda Pilot,Gas
4,7.8,Japan,2024 Subaru Crosstrek,Gas
4,9.4,United States,2017 GMC Acadia,Gas
6,11.8,United States,2018 Jeep Wrangler JK,Gas
6,11.2,United States,2021 Jeep Grand Cherokee,Gas
4,8.1,Germany,2017 BMW X3,Gas
6,10.7,Germany,2021 Mercedes-Benz GLE,Gas
6,12.4,Japan,2015 Toyota 4-Runner,Gas
3,8.7,Mexico,2023 Ford Bronco Sport,Gas
4,4.9,South Korea,2025 Hyundai Elantra Hybrid,Gas/Electric Hybrid
4,7.1,Germany,2023 Audi A3 Sedan,Gas
4,8.1,Germany,2018 BMW X1,Gas
4,9.8,United States,2021 Acura RDX,Gas
8,14.7,Japan,2020 Nissan Armada,Gas
6,10.7,United States,2017 BMW X5,Gas
4,8.1,Germany,2019 Mercedes-Benz C-Class Sedan,Gas
4,8.1,Japan,2025 Honda Civic Type R,Gas
4,8.1,South Korea,2022 Kia Seltos,Gas
4,9.4,Germany,2025 Mercedes-Benz GLC,Gas
4,7.1,South Korea,2025 Kia Sorento Hybrid,Gas
4,9.4,South Korea,2023 Hyundai Santa Fe,Gas
4,8.7,Germany,2023 Audi Q5,Gas
8,12.4,United States,2018 RAM 1500,Gas
6,10.7,Germany,2012 Porsche Cayenne,Gas
6,10.7,Germany,2024 Mercedes-Benz GLE,Gas
4,8.1,Germany,2020 Mercedes-Benz C-Class Wagon,Gas
6,10.7,United States,2018 Toyota Sienna,Gas
6,11.2,South Korea,2022 Hyundai Palisade,Gas
4,9.4,Sweden,2023 Volvo XC60,Gas
4,9.8,United States,2023 Toyota Highlander,Gas
4,7.1,Germany,2020 BMW 3 Series,Gas
4,7.6,Canada,2018 Honda Civic Sedan,Gas
4,9.4,Japan,2024 Mitsubishi Eclipse Cross,Gas
6,10.7,United States,2024 Volkswagen Atlas,Gas
6,10.7,Canada,2017 Acura MDX,Gas
4,7.1,United States,2024 Toyota Sienna,Gas/Electric Hybrid
8,13.1,United States,2016 Toyota Tundra,Gas
,,United States,2021 Ford Mustang Mach-E,Electric
6,11.2,United Kingdom,2016 Land Rover Range Rover Sport,Gas
4,6,United States,2023 Honda CR-V Hybrid,Gas/Electric Hybrid
4,8.1,Japan,2018 Mazda CX-5,Gas
8,10.7,United States,2021 Chevrolet Corvette,Gas
4,7.1,Japan,2022 Toyota Corolla Sedan,Gas
6,10.2,Germany,2018 Audi S5 Coupe,Gas
6,12.4,United States,2020 Ford Transit Cargo Van,Gas
4,10.2,Sweden,2026 Volvo XC90,Gas
4,7.6,United States,2012 Honda Civic Sedan,Gas
4,8.1,Germany,2022 Audi A4 Sedan,Gas
4,2.9,United States,2021 BMW X5,Gas/Electric Hybrid
4,9.4,Germany,2020 Porsche Macan,Gas
4,8.7,Japan,2018 Toyota RAV 4,Gas
6,9.4,United States,2013 Ford Taurus,Gas
6,10.7,Germany,2020 Mercedes-Benz GLE,Gas
6,10.2,Germany,2020 Porsche Cayman 718 GT4,Gas
6,10.7,South Korea,2022 Kia Carnival,Gas
6,10.7,Canada,2021 Dodge Challenger,Gas
4,7.6,Hungary,2016 Mercedes-Benz CLA,Gas
4,7.1,Mexico,2019 Volkswagen Jetta,Gas
4,8.7,Japan,2022 Mazda CX-5,Gas
4,9.4,Germany,2019 Audi Q5,Gas
4,9.4,South Korea,2023 Hyundai Santa Cruz,Gas
,,United States,2025 Tesla Model Y,Electric
4,8.1,Germany,2022 Mercedes-Benz E-Class,Gas
4,9.4,Germany,2017 Mercedes-Benz GLC,Gas
4,8.7,United States,2018 BMW X3,Gas
4,8.1,Japan,2022 Nissan Rogue,Gas
4,8.7,United States,2022 Acura TLX,Gas
6,11.2,Japan,2024 Infiniti QX60,Gas
6,11.2,United States,2023 Jeep Grand Cherokee,Gas
6,10.7,United States,2017 Toyota Highlander,Gas
4,8.1,Germany,2024 Mercedes-Benz C-Class Sedan,Gas
4,8.1,United States,2023 Toyota Camry,Gas
6,10.2,Germany,2023 Audi S5 Sportback,Gas
,,United Kingdom,2024 MINI 3 Door,Electric
6,11.2,Germany,2024 Audi Q7,Gas
4,2.1,Sweden,2016 Volvo XC90 Hybrid,Gas/Electric Hybrid
3,7.1,United Kingdom,2018 MINI 5 Door,Gas
4,8.1,United States,2013 Nissan Altima,Gas
8,13.1,Canada,2024 Dodge Durango,Gas
4,6.5,Japan,2023 Lexus NX,Gas/Electric Hybrid
4,10.7,Sweden,2016 Volvo XC90,Gas
4,8.1,United States,2013 Ford Fusion,Gas
4,7.6,Germany,2017 BMW 5 Series,Gas
4,5.1,United States,2023 Honda Accord Hybrid,Gas/Electric Hybrid
4,9.4,Japan,2019 Mitsubishi Outlander,Gas
4,9.4,Japan,2023 Lexus RX,Gas
4,8.7,Germany,2023 Audi Q3,Gas
6,10.7,United States,2025 BMW X5,Gas
4,7.1,South Korea,2025 Hyundai Elantra,Gas
6,10.7,Germany,2021 Porsche Cayenne,Gas
8,11.8,United States,2025 GMC Sierra 1500,Gas
8,12.4,United States,2016 GMC Sierra 1500,Gas
4,7.8,Japan,2023 Mazda MX-5 Miata RF,Gas
8,12.4,United States,2023 GMC Sierra 1500,Gas
4,8.7,Japan,2015 Subaru Forester,Gas
4,8.1,South Korea,2022 Hyundai Kona,Gas
6,9.4,United States,2023 Ford F-150,Gas/Electric Hybrid
4,8.1,South Korea,2016 Hyundai Sonata,Gas
4,9.4,Japan,2024 Lexus NX,Gas
4,9.4,Mexico,2022 Mercedes-Benz GLB,Gas
8,16.8,Japan,2023 Lexus LX,Gas
4,8.1,Japan,2025 Toyota RAV 4,Gas
4,7.6,South Korea,2020 Kia Forte 5,Gas
8,13.1,United States,2024 Chevrolet Tahoe,Gas
4,8.1,Sweden,2024 Volvo XC60 Recharge,Gas
4,5.6,Japan,2024 Lexus UX,Gas/Electric Hybrid
8,13.1,United States,2022 Toyota Tundra,Gas
3,5.9,Netherlands,2022 MINI Countryman,Gas/Electric Hybrid
6,13.1,Mexico,2024 RAM 3500,Gas
6,11.2,South Korea,2023 Hyundai Palisade,Gas
4,6,Japan,2022 Lexus NX,Gas/Electric Hybrid
4,7.6,Germany,2020 BMW 4 Series,Gas
8,13.1,United States,2020 Chevrolet Tahoe,Gas
6,2.9,United States,2022 BMW X5,Gas/Electric Hybrid
8,10.7,Germany,2023 BMW 8 Series Gran Coupe,Gas
,,,2023 Tesla Model 3,Gas
4,7.6,United States,2023 Honda Civic Sedan,Gas
4,9.4,Japan,2022 Infiniti QX50,Gas
6,7.8,United States,2021 Toyota Highlander Hybrid,Gas/Electric Hybrid
6,3.4,Germany,2020 Porsche Cayenne,Gas/Electric Hybrid
6,9.4,Germany,2019 Mercedes-Benz CLS-Class,Gas
4,10.7,United States,2022 Subaru Ascent,Gas
4,7.1,Germany,2020 Volkswagen Golf Standard Model,Gas
4,7.8,United States,2018 Chevrolet Cruze,Gas
4,6.7,South Korea,2026 Hyundai Santa Fe Hybrid,Gas/Electric Hybrid
4,7.1,Mexico,2021 Volkswagen Jetta,Gas
4,8.7,Germany,2023 BMW X4,Gas
4,7.1,Germany,2024 Mercedes-Benz CLA,Gas
3,7.6,Netherlands,2025 MINI Countryman,Gas
4,7.6,Canada,2019 Honda Civic Sedan,Gas
4,9.8,United States,2024 GMC Canyon,Gas
4,9.4,South Korea,2019 Kia Sorento,Gas
6,11.2,United States,2021 Mercedes-Benz GLS,Gas
4,9.4,United States,2022 Hyundai Santa Cruz,Gas
4,6,Japan,2023 Toyota RAV 4 Hybrid,Gas
6,9.4,Germany,2017 Audi A7,Gas
4,7.6,United States,2013 Honda Civic Coupe,Gas
4,8.1,Japan,2022 Toyota RAV 4,Gas
6,10.7,United States,2021 Ford Explorer,Gas
6,11.2,United States,2024 Jeep Wrangler,Gas
4,8.1,Japan,2024 Nissan Rogue,Gas
4,8.7,Germany,2020 Audi Q3,Gas
6,10.7,United States,2023 Nissan Pathfinder,Gas
4,9.4,South Korea,2025 Genesis GV70,Gas
6,10.7,United States,2022 Acura MDX,Gas
4,8.1,Japan,2023 Mazda CX-30,Gas
6,10.7,United States,2019 Toyota Highlander,Gas
4,8.7,Germany,2021 BMW X4,Gas
4,5.6,Japan,2025 Lexus UX,Gas/Electric Hybrid
4,8.1,Mexico,2023 Volkswagen Taos,Gas
6,10.7,United States,2024 Honda Pilot,Gas
4,8.1,United States,2010 Toyota Camry,Gas
4,9.4,United States,2020 Acura RDX,Gas
6,11.2,United States,2021 Jeep Gladiator,Gas
4,9.4,Canada,2020 GMC Terrain,Gas
6,10.7,Japan,2024 Nissan Z,Gas
4,7.6,Germany,2015 Ford Focus,Gas
4,9.4,Germany,2018 Mercedes-Benz GLC,Gas
4,9.4,Canada,2024 GMC Terrain,Gas
6,8.7,Germany,2024 BMW X6,Gas/Electric Hybrid
4,9.4,Mexico,2023 Mercedes-Benz GLB,Gas
6,8.7,United States,2021 Mercedes-Benz GLE,Gas/Electric Hybrid
4,8.1,Germany,2021 Volkswagen Tiguan,Gas
4,7.6,South Korea,2022 Kia Forte,Gas
4,9.4,Japan,2008 Honda CR-V,Gas
4,7.6,Japan,2019 Toyota Corolla Hatchback 5-Door,Gas
6,10.7,Canada,2022 Dodge Charger,Gas
4,8.1,Germany,2018 BMW 4 Series Gran Coupe,Gas
6,11.2,United States,2025 Jeep Wrangler,Gas
8,12.4,United Kingdom,2017 Land Rover Range Rover Sport,Gas
4,7.1,Hungary,2023 Mercedes-Benz CLA,Gas
6,10.7,United Kingdom,2022 Land Rover Range Rover Sport,Gas
4,7.6,Germany,2015 Audi A4,Gas
6,10.2,Japan,2009 Acura TL,Gas
6,10.7,Canada,2017 Chrysler Pacifica,Gas
6,10.7,United States,2026 RAM 1500,Gas
4,7.6,Mexico,2023 Honda HR-V,Gas
4,7.8,Germany,2016 Audi Q5,Gas/Electric Hybrid
4,7.8,Germany,2019 Mercedes-Benz SLC,Gas
4,7.6,Mexico,2024 Honda HR-V,Gas
4,8.1,South Korea,2023 Hyundai Sonata,Gas
4,8.1,Japan,2025 Nissan Rogue,Gas
4,8.1,Germany,2024 BMW X3,Gas
4,8.1,Japan,2010 Toyota Corolla Sedan,Gas
6,10.7,Japan,2015 Lexus RX,Gas
6,10.7,United States,2025 Honda Pilot,Gas
4,6.9,Germany,2025 BMW X3,Gas/Electric Hybrid
4,8.1,Germany,2015 BMW 4 Series,Gas
6,8.1,South Korea,2026 Hyundai Palisade Hybrid,Gas/Electric Hybrid
4,6.7,Japan,2022 Toyota Venza,Gas/Electric Hybrid
4,8.1,Japan,2019 Mazda CX-3,Gas
8,13.1,United States,2022 Ford Expedition,Gas
4,9.4,United States,2025 Toyota Sienna,Gas
4,9.4,South Korea,2013 Hyundai Santa Fe,Gas
6,9.8,Japan,2014 Lexus IS,Gas
4,8.1,United States,2019 Acura ILX,Gas
,,United States,2024 Lincoln Corsair,Electric
6,10.7,Germany,2024 Audi SQ5,Gas
4,7.8,Germany,2021 Audi Q5,Gas/Electric Hybrid
6,9.8,Japan,2024 Lexus IS,Gas
6,10.7,United States,2021 BMW X6,Gas
4,8.1,Japan,2024 Mazda Mazda3 Sport,Gas
4,4.7,Japan,2010 Toyota Prius,Gas/Electric Hybrid
4,9.4,Canada,2022 GMC Terrain,Gas
6,10.7,Germany,2016 Porsche Cayenne,Gas
8,13.8,United Kingdom,2015 Land Rover Range Rover Sport,Gas
4,7.1,South Korea,2024 Hyundai Elantra,Gas
4,11.2,United States,2023 Subaru Ascent,Gas
4,5.8,Japan,2019 Lexus UX,Gas/Electric Hybrid
4,9.4,South Korea,2024 Hyundai Santa Fe,Gas
4,8.7,Germany,2022 Audi Q5 Sportback,Gas
,,Mexico,2024 Chevrolet Blazer EV,Electric
6,10.2,Germany,2016 BMW M2,Gas
4,9.8,United States,2018 Chevrolet Traverse,Gas
8,16.8,Mexico,2025 RAM 2500,Gas
4,5,United States,2024 Honda Accord Hybrid,Gas/Electric Hybrid
8,11.8,United States,2022 Chevrolet Silverado 1500,Gas
6,10.7,United States,2020 Honda Passport,Gas
6,11.7,United States,2021 Jeep Wrangler Unlimited,Gas
4,8.1,Germany,2022 Mercedes-Benz AMG GT,Gas/Electric Hybrid
6,10.7,United States,2016 Toyota Venza,Gas
4,9.4,United States,2021 Jeep Wrangler Unlimited,Gas/Electric Hybrid
4,7.8,United States,2016 Honda Accord Coupe,Gas
4,7.6,Mexico,2025 Volkswagen Jetta,Gas
4,9.4,United States,2023 GMC Canyon,Gas
4,7.1,Germany,2016 Volkswagen Golf Standard Model,Gas
4,9.4,Japan,2022 Mitsubishi Outlander,Gas
4,7.1,Germany,2013 BMW 3 Series,Gas
8,11.2,United States,2022 Ford Mustang Fastback,Gas
6,10.7,United States,2024 Ford F-150,Gas
6,10.2,United States,2026 Honda Passport,Gas
6,10.7,United States,2018 Ford F-150,Gas
4,7.8,Mexico,2025 Nissan Kicks,Gas
4,7.6,Canada,2020 Honda Civic Sedan,Gas
6,10.7,United States,2022 Chevrolet Traverse,Gas
4,8.1,United States,2016 Honda Accord Sedan,Gas
4,6.7,Japan,2017 Toyota Yaris,Gas
4,8.1,United Kingdom,2023 Nissan Qashqai,Gas
4,8.7,United States,2025 Mazda CX-50,Gas
8,11.8,United States,2024 RAM 1500,Gas
6,11.2,United States,2021 Dodge Durango,Gas
4,8.1,United States,2015 Toyota Camry,Gas
4,7.6,Mexico,2020 Nissan Sentra,Gas
4,7.8,Mexico,2024 Nissan Kicks,Gas
6,11.7,Germany,2014 Audi Q7,Gas
6,10.7,United States,2017 Ford F-150,Gas
4,8.1,South Korea,2021 Hyundai Sonata,Gas
6,10.7,Japan,2021 Mazda CX-9,Gas
4,9.4,Germany,2019 Porsche Macan,Gas
4,7.8,United States,2019 Toyota Camry,Gas
6,10.7,Japan,2014 Acura RDX,Gas
4,7.8,Hungary,2018 Mercedes-Benz CLA,Gas
4,8.1,United States,2012 Toyota Camry,Gas
4,9.4,United Kingdom,2024 Land Rover Range Rover Velar,Gas
4,8.1,Germany,2023 Audi A5 Sportback,Gas
4,5.1,United States,2025 Honda Civic Sedan,Gas/Electric Hybrid
6,10.7,United States,2022 Ford Explorer,Gas
4,6,Japan,2024 Lexus NX,Gas/Electric Hybrid
4,8.1,South Korea,2024 Kia Seltos,Gas
6,10.2,Japan,2017 Infiniti Q60,Gas
6,9.8,United States,2019 RAM 1500,Gas/Electric Hybrid
6,10.7,United States,2021 Volkswagen Atlas,Gas
4,9.4,South Korea,2021 Hyundai Tucson,Gas
8,14.7,United States,2017 Ford Expedition,Gas
4,9.8,United States,2022 GMC Canyon,Gas
4,8.7,Japan,2015 Toyota RAV 4,Gas
6,14.7,United States,2020 Lincoln Navigator L,Gas
6,10.7,Canada,2019 Dodge Charger,Gas
8,11.2,United States,2020 RAM 1500,Gas
4,9.4,South Korea,2025 Hyundai Santa Cruz,Gas
4,8.7,Japan,2017 Subaru Forester,Gas
4,9.4,Japan,2020 Lexus NX,Gas
4,9.4,Germany,2014 Audi Q5,Gas
4,8.1,Japan,2018 Nissan Rogue,Gas
6,10.2,Germany,2021 Audi A7,Gas
,,United Kingdom,2020 MINI 3 Door,Electric
4,7.6,United States,2017 Honda Civic Coupe,Gas
,,South Korea,2022 Hyundai IONIQ 5,Electric
6,10.7,United States,2024 Volkswagen Atlas Cross Sport,Gas
4,8.1,Germany,2025 Audi Q5,Gas
4,9.4,United States,2019 BMW X3,Gas
4,9.4,United Kingdom,2016 Land Rover Discovery Sport,Gas
4,8.1,South Korea,2026 Kia Sportage,Gas
6,9.4,Germany,2013 Mercedes-Benz C-Class Sedan,Gas
4,7.8,Germany,2018 Volkswagen Golf SportWagen,Gas
4,8.1,United States,2020 Cadillac CT5,Gas
6,10.7,Canada,2016 Acura MDX,Gas
4,9.8,United States,2022 Cadillac XT5,Gas
4,7.8,Hungary,2022 Mercedes-Benz CLA,Gas
4,8.1,South Korea,2017 Hyundai Sonata,Gas
4,7.6,South Korea,2024 Kia Forte,Gas
4,9.8,Canada,2022 Ford Edge,Gas
8,11.8,United States,2020 Chevrolet Silverado 1500,Gas
8,12.4,United States,2017 RAM 1500,Gas
4,10.7,United States,2022 Ford Bronco,Gas
8,14.7,United States,2021 RAM 2500,Gas
4,5.6,Germany,2022 BMW 3 Series,Gas/Electric Hybrid
3,8.1,United States,2024 Ford Escape,Gas
4,8.1,Germany,2020 BMW 5 Series,Gas
6,13.1,United States,2016 Jeep Wrangler,Gas
4,10.2,United States,2023 Mercedes-Benz GLE,Gas
6,9.8,United States,2024 Chevrolet Traverse,Gas
6,10.7,United States,2019 Ford F-150,Gas
4,9.4,Germany,2023 Porsche Macan,Gas
4,7.6,Mexico,2020 Nissan Kicks,Gas
4,4.7,Japan,2013 Lexus CT,Gas/Electric Hybrid
6,10.7,Germany,2019 Audi SQ5,Gas
4,9.4,United Kingdom,2017 Land Rover Discovery Sport,Gas
6,11.2,Canada,2019 Ford Flex,Gas
6,10.7,Germany,2018 Mercedes-Benz GLE,Gas
6,10.7,United States,2022 Nissan Pathfinder,Gas
4,11.2,United States,2024 Ford Bronco,Gas
4,8.1,Japan,2024 Subaru Legacy,Gas
4,7.6,South Korea,2021 Kia Forte,Gas
8,11.8,United States,2019 GMC Sierra 1500,Gas
4,8.1,Japan,2024 Subaru Outback,Gas
6,11.2,United States,2018 Jeep Grand Cherokee,Gas
6,12.4,United States,2013 Jeep Wrangler,Gas
4,8.1,Japan,2023 Subaru Forester,Gas
4,8.7,Japan,2021 Mazda CX-5,Gas
6,9.4,Japan,2016 Infiniti Q50,Gas
6,10.7,Japan,2016 Lexus RX,Gas
4,8.1,Germany,2021 Volkswagen Golf GTI,Gas
6,10.7,Germany,2017 Porsche Cayenne,Gas
8,14.7,United States,2015 Cadillac Escalade,Gas
4,9.4,Canada,2021 Ford Edge,Gas
4,8.7,Germany,2022 Audi A5 Sportback,Gas
,,United States,2022 Tesla Model Y,Electric
4,8.7,Germany,2017 Porsche Macan,Gas
6,10.7,Canada,2019 Chrysler Pacifica,Gas
4,8.1,South Korea,2024 Kia Sportage,Gas
8,13.1,United States,2021 RAM 1500 Classic,Gas
3,8.1,South Korea,2024 Chevrolet Trailblazer,Gas
4,8.1,Japan,2024 Subaru Forester,Gas
,,United States,2023 Ford Mustang Mach-E,Electric
6,10.2,Germany,2016 Audi S5,Gas
8,13.1,United States,2023 RAM 1500 Classic,Gas
6,10.7,United States,2022 BMW X6,Gas
4,7.1,Germany,2025 Mercedes-Benz CLA,Gas
4,7.8,Germany,2021 BMW 2 Series Gran Coupe,Gas
4,8.1,Japan,2016 Subaru Crosstrek,Gas
4,7.6,Germany,2020 BMW 2 Series Gran Coupe,Gas
4,8.1,Germany,2020 Mercedes-Benz E-Class,Gas
4,7.8,Japan,2025 Subaru Crosstrek,Gas
4,2.5,Japan,2025 Mitsubishi Outlander Plug-In Hybrid,Gas/Electric Hybrid
4,8.1,Germany,2023 Audi A4 Sedan,Gas
4,8.1,Germany,2025 Audi A5,Gas
4,7.8,Germany,2019 Audi A4 Sedan,Gas
4,8.1,Japan,2018 Subaru Outback,Gas
6,11.2,Germany,2023 Audi Q7,Gas
4,8.1,Germany,2026 Volkswagen Tiguan,Gas
6,9.4,United States,2022 Ford F-150,Gas/Electric Hybrid
6,11.2,Germany,2022 Porsche Cayenne,Gas
4,8.7,Germany,2018 Volkswagen Golf R,Gas
6,10.2,Japan,2019 Infiniti Q50,Gas
4,9.4,China,2024 Buick Envision,Gas
4,8.1,South Korea,2023 Hyundai Kona,Gas
4,8.1,Japan,2024 Mazda CX-30,Gas
4,8.7,Japan,2024 Mitsubishi RVR,Gas
4,7.1,United Kingdom,2021 Land Rover Range Rover Velar,Gas/Electric Hybrid
4,9.4,United States,2021 Toyota Sienna,Gas
4,9.4,Germany,2022 Mercedes-Benz GLC,Gas
8,13.1,United States,2022 Dodge Durango,Gas
4,8.1,Japan,2017 Subaru Outback,Gas
4,9.4,South Korea,2019 Hyundai Santa Fe,Gas
6,11.2,United States,2018 Nissan Pathfinder,Gas
6,10.7,Germany,2022 Audi Q7,Gas/Electric Hybrid
4,8.1,Japan,2020 Lexus ES,Gas
4,9.4,Japan,2025 Mitsubishi Outlander,Gas
4,9.4,Japan,2026 Mitsubishi Eclipse Cross,Gas
4,9.4,Japan,2025 Lexus NX,Gas
4,9.4,Slovakia,2024 Porsche Macan,Gas
6,10.7,United States,2019 Volkswagen Atlas,Gas
6,11.7,United Kingdom,2023 Land Rover Defender,Gas
4,8.1,Japan,2025 Toyota Corolla Cross,Gas
6,9.8,Japan,2018 Lexus IS,Gas
4,8.1,Mexico,2022 Volkswagen Jetta GLI,Gas
4,7.6,South Korea,2020 Kia Forte,Gas
8,12.4,United States,2016 RAM 1500,Gas
8,11.8,United States,2021 Chevrolet Silverado 1500,Gas
6,10.2,Japan,2022 Infiniti Q50,Gas
4,8.7,Japan,2020 Honda Civic Type R,Gas
6,11.2,United States,2023 Volkswagen Atlas,Gas
4,7.1,Germany,2016 Audi A3,Gas
6,10.7,Canada,2018 Acura MDX,Gas
4,8.1,Japan,2022 Subaru Outback,Gas
8,14.7,United States,2022 Chevrolet Silverado 2500 HD,Gas
4,8.1,Germany,2020 Mercedes-Benz C-Class Sedan,Gas
6,12.4,United States,2018 Jeep Wrangler Unlimited,Gas
4,9.4,United Kingdom,2018 Land Rover Range Rover Velar,Gas
4,8.1,Japan,2023 Subaru Outback,Gas
4,7.1,United States,2025 Toyota Sienna,Gas/Electric Hybrid
6,10.7,United States,2019 BMW X5,Gas
4,6.1,Japan,2022 Toyota RAV 4 Hybrid,Gas/Electric Hybrid
3,8.1,South Korea,2024 Chevrolet Trax,Gas
4,1.9,South Korea,2023 Hyundai Santa Fe Plug-In Hybrid,Electric
4,9.4,South Korea,2024 Kia Sorento,Gas
4,8.1,Germany,2019 Volkswagen Arteon,Gas
4,7.6,Germany,2017 Audi A4,Gas
6,10.2,United States,2025 Honda Odyssey,Gas
6,12.4,United States,2021 Ford Transit Cargo Van,Gas
6,12.4,Mexico,2022 RAM ProMaster Cargo Van,Gas
4,8.1,South Korea,2021 Kia Seltos,Gas
4,9.4,South Korea,2022 Hyundai Elantra N,Gas
4,7.6,Canada,2021 Honda Civic Sedan,Gas
8,12.4,United States,2017 GMC Sierra 1500,Gas
6,10.7,United States,2014 Honda Odyssey,Gas
6,10.7,Canada,2022 Chrysler Pacifica,Gas
6,10.7,United States,2017 Honda Odyssey,Gas
6,10.7,United States,2023 BMW X6,Gas
4,6.1,Japan,2023 Toyota RAV 4,Gas/Electric Hybrid
4,9.4,Canada,2019 Ford Edge,Gas
6,11.2,United States,2019 BMW X7,Gas
6,10.7,United States,2023 Toyota Tacoma,Gas
4,7.6,United States,2016 Honda Civic Sedan,Gas
4,7.8,Mexico,2011 Volkswagen Jetta Sedan,Gas
4,6.6,South Korea,2022 Hyundai Santa Fe Hybrid,Gas/Electric Hybrid
4,7.1,Canada,2025 Honda Civic Sedan,Gas
4,5.4,United States,2025 Toyota Camry,Gas/Electric Hybrid
4,7.1,United States,2026 Honda Civic Sedan,Gas
6,10.7,United States,2022 Jeep Grand Cherokee,Gas
4,6.4,United States,2026 Honda CR-V Hybrid,Gas/Electric Hybrid
4,8.7,United States,2021 Acura TLX,Gas
6,10.7,United States,2026 Volkswagen Atlas,Gas
6,10.2,United States,2025 Honda Ridgeline,Gas
6,7.1,Germany,2019 Audi A8 Long,Gas/Electric Hybrid
8,12.4,United States,2011 Chevrolet Silverado 1500,Gas
4,8.7,United States,2023 Lincoln Corsair,Gas
6,10.7,USA,2024 Honda Odyssey,Gas
3,8.1,United States,2025 Ford Escape,Gas
4,7.6,Germany,2017 BMW 2 Series,Gas
6,10.2,Germany,2025 Audi S5 Sportback,Gas
6,10.7,Mexico,2025 Audi SQ5,Gas
4,7.6,Japan,2021 Mazda Mazda3 Sport,Gas
4,8.7,Germany,2019 Volkswagen Golf R,Gas
4,7.6,Germany,2015 BMW X1,Gas
4,9.4,Japan,2021 Infiniti QX50,Gas
6,11.2,United States,2023 Lincoln Aviator,Gas
4,8.7,Germany,2016 Mercedes-Benz GLC,Gas
4,8.1,Mexico,2023 Ford Maverick,Gas
4,9.4,South Korea,2023 Hyundai Elantra N,Gas
4,8.7,United States,2025 Jeep Wrangler 4xe,Gas/Electric Hybrid
6,11.2,Canada,2024 Chrysler Pacifica,Gas
4,7.8,Germany,2023 BMW 2 Series,Gas
4,5.8,South Korea,2023 Kia Sportage Hybrid,Gas/Electric Hybrid
4,8.7,China,2022 Buick Envision,Gas
3,8.1,South Korea,2026 Chevrolet Trax,Gas
4,7.8,Japan,2022 Subaru Crosstrek,Gas
4,10.7,Japan,2017 Mazda CX-9,Gas
8,11.2,United States,2015 Chevrolet Silverado 1500,Gas
4,8.7,Japan,2025 Mazda CX-5,Gas
,,United States,2023 Chevrolet Bolt EUV,Electric
6,11.2,Germany,2015 Audi Q7,Gas
6,10.7,United States,2024 Acura MDX,Gas
8,13.1,United States,2022 RAM 1500 Classic,Gas
4,8.1,Japan,2026 Mazda CX-5,Gas
6,8.1,Japan,2023 Lexus RX,Gas/Electric Hybrid
4,7.8,Germany,2015 Mercedes-Benz C-Class Sedan,Gas
6,10.7,Japan,2022 Infiniti Q60,Gas
4,6.4,South Korea,2022 Kia Sorento Hybrid,Gas/Electric Hybrid
4,9.4,Canada,2023 GMC Terrain,Gas
4,8.7,China,2021 Buick Envision,Gas
6,10.2,Japan,2018 Infiniti Q60,Gas
3,8.7,Mexico,2025 Ford Bronco Sport,Gas
8,11.2,United States,2026 GMC Sierra 1500,Gas
6,10.7,United States,2017 Dodge Challenger,Gas
4,7.1,South Korea,2026 Hyundai Elantra,Gas
4,9.8,South Korea,2024 Genesis GV70,Gas
4,9.4,South Korea,2026 Genesis GV70,Gas
4,9.4,Germany,2021 Porsche Macan,Gas
4,7.6,Japan,2016 Mazda CX-3,Gas
8,14.7,Mexico,2024 RAM 2500,Gas
4,8.1,Japan,2019 Nissan Rogue,Gas
4,8.7,United States,2020 Chevrolet Equinox,Gas
6,11.2,United States,2020 Lincoln Aviator,Gas
3,7.8,South Korea,2026 Buick Envista,Gas
6,10.7,South Korea,2020 Hyundai Palisade,Gas
6,10.7,Canada,2018 Chrysler Pacifica,Gas
4,9.4,United States,2022 Cadillac XT4,Gas
3,7.6,Mexico,2026 Nissan Kicks,Gas
4,6.7,Japan,2024 Toyota Venza,Gas/Electric Hybrid
4,7.8,Germany,2018 Volkswagen Passat,Gas
4,9.4,Canada,2018 Ford Edge,Gas
4,8.1,Germany,2016 Mercedes-Benz E-Class,Gas
6,10.7,Japan,2008 Toyota Highlander,Gas
4,8.1,Japan,2022 Toyota Corolla Cross,Gas
6,10.7,United States,2025 Jeep Grand Cherokee,Gas
4,8.1,Mexico,2026 Volkswagen Taos,Gas
4,10.2,United States,2025 Toyota Grand Highlander,Gas
6,12.4,United States,2023 Toyota Tundra,Gas
4,6.7,South Korea,2024 Hyundai Tucson Hybrid,Gas/Electric Hybrid
4,6,Japan,2021 Toyota Venza,Gas/Electric Hybrid
4,8.1,United States,2019 Honda Accord Sedan,Gas
4,9.4,United Kingdom,2022 Land Rover Discovery Sport,Gas
4,8.7,United States,2019 Chevrolet Equinox,Gas
4,9.4,United States,2026 Ford Explorer,Gas
6,13.1,Mexico,2026 RAM 2500,Gas
6,10.7,United States,2023 Ford F-150,Gas
6,11.2,United States,2020 Jeep Wrangler Unlimited,Gas
4,2.5,United States,2024 Ford Escape PHEV,Gas/Electric Hybrid
4,8.1,United States,2020 Lincoln Corsair,Gas
6,11.7,United States,2019 Jeep Wrangler Unlimited,Gas
6,10.7,United States,2020 BMW X5,Gas
4,8.1,South Korea,2024 Hyundai Kona,Gas
4,8.7,Mexico,2021 Mercedes-Benz GLB,Gas
4,2.6,South Korea,2024 Hyundai Tucson Plug-In Hybrid,Gas/Electric Hybrid
4,9.8,United States,2025 Ford Explorer,Gas
3,6.4,Mexico,2025 Ford Maverick,Gas/Electric Hybrid
4,7.8,Mexico,2018 Nissan Sentra,Gas
6,11.2,United States,2022 Lincoln Aviator,Gas
4,8.1,Mexico,2026 Jeep Compass,Gas
4,4.5,Japan,2023 Toyota Corolla Sedan,Gas/Electric Hybrid
8,14.7,United States,2017 Cadillac Escalade ESV,Gas
6,11.2,United States,2019 Dodge Durango,Gas
4,5.8,Japan,2023 Lexus UX,Gas/Electric Hybrid
,,,2018 Jeep Wrangler Unlimited,Gas/Electric Hybrid
6,10.7,United States,2020 Ford Explorer,Gas
4,9.4,United States,2019 Lincoln MKC,Gas
4,4.9,South Korea,2026 Hyundai Elantra Hybrid,Gas/Electric Hybrid
8,14.7,United States,2018 GMC Yukon,Gas
3,8.1,Mexico,2026 Ford Bronco Sport,Gas
4,6.4,Germany,2023 Mercedes-Benz C-Class Sedan,Gas/Electric Hybrid
4,9.4,Japan,2024 Mitsubishi Outlander,Gas
6,11.2,Germany,2023 Audi SQ5,Gas
8,12.4,United States,2014 GMC Sierra 1500,Gas
4,8.1,United States,2017 Honda Accord Sedan,Gas
4,8.1,Germany,2015 Audi A5,Gas
6,10.7,United States,2014 Ford Explorer,Gas
4,8.1,Japan,2026 Mazda CX-30,Gas
4,8.1,Hungary,2017 Mercedes-Benz CLA,Gas
6,10.2,United States,2026 Volkswagen Atlas Cross Sport,Gas
8,12.4,United States,2016 Chevrolet Silverado 1500,Gas
6,11.2,United States,2023 Ford Transit Cargo Van,Gas
6,12.4,Japan,2011 Toyota 4-Runner,Gas
4,8.1,Germany,2013 Audi A4,Gas
6,10.7,United States,2018 Honda Odyssey,Gas
4,8.1,United States,2013 Honda Accord Sedan,Gas
4,9.4,Japan,2026 Lexus NX,Gas
6,10.7,United States,2015 Ford Explorer,Gas
3,8.7,Mexico,2022 Ford Bronco Sport,Gas
6,11.2,South Korea,2018 Hyundai Santa Fe XL,Gas
4,9.4,United States,2022 Jeep Cherokee,Gas
4,8.1,Japan,2020 Nissan Rogue,Gas
8,12.4,United States,2021 RAM 1500,Gas
6,9.8,United States,2017 Dodge Charger,Gas
4,8.1,Mexico,2022 Ford Maverick,Gas
6,12.4,United States,2017 Jeep Wrangler,Gas
6,10.7,United States,2025 Chevrolet Silverado 1500,Gas
4,8.1,Mexico,2025 Chevrolet Equinox,Gas
8,13.1,United States,2021 Chevrolet Tahoe,Gas
3,8.1,South Korea,2023 Chevrolet Trailblazer,Gas
8,13.1,United States,2024 Toyota Tundra,Gas
4,7.8,South Korea,2026 Kia K4,Gas
4,3,Japan,2025 Mazda CX-90 PHEV,Gas/Electric Hybrid
8,11.2,United States,2024 GMC Sierra 1500,Gas
4,9.4,United States,2025 GMC Acadia,Gas
6,11.8,United States,2026 Ford Transit Cargo Van,Gas
6,14.7,United States,2021 Lincoln Navigator,Gas
3,8.7,Mexico,2024 Ford Bronco Sport,Gas
6,9.4,Japan,2021 Lexus IS,Gas
6,10.7,United States,2026 Chevrolet Silverado 1500,Gas
6,10.2,Japan,2007 Lexus IS,Gas
4,8.1,United States,2026 Nissan Rogue,Gas
4,8.1,South Korea,2026 Hyundai Kona,Gas
6,9.4,United States,2026 Ford F-150,Gas/Electric Hybrid
4,9.8,United States,2021 GMC Canyon,Gas
4,8.1,Germany,2016 Mercedes-Benz C-Class Sedan,Gas
4,8.1,South Korea,2026 Kia Seltos,Gas
6,10.7,United States,2014 Ford F-150,Gas
3,8.1,South Korea,2025 Chevrolet Trailblazer,Gas
4,8.1,South Korea,2021 Hyundai Kona,Gas
8,13.1,United States,2025 Chevrolet Tahoe,Gas
4,9.8,Mexico,2026 GMC Canyon,Gas
4,7.6,United States,2020 Honda Accord Sedan,Gas
8,14.7,United States,2025 GMC Savana Cargo Van,Gas
6,10.7,United States,2017 Toyota Sienna,Gas
3,7.6,Germany,2026 BMW X1,Gas
4,9.8,Canada,2023 Ford Edge,Gas
4,6.4,United States,2024 Ford Escape,Gas/Electric Hybrid
4,9.4,Thailand,2020 Ford Ranger,Gas
6,13.1,United States,2024 Ford Expedition,Gas
,,,2026 Jeep Cherokee,Gas
6,10.7,United States,2023 Nissan Murano,Gas
8,12.4,United States,2011 RAM 1500,Gas
6,11.2,Canada,2026 Chrysler Pacifica,Gas
4,6.4,South Korea,2026 Hyundai Tucson Hybrid,Gas/Electric Hybrid
4,8.1,Germany,2026 Mercedes-Benz GLA,Gas
4,5.6,United States,2026 Honda Accord,Gas/Electric Hybrid
4,8.1,Germany,2019 BMW 4 Series,Gas
4,8.1,Germany,2024 Volkswagen Golf R,Gas
4,7.1,Mexico,2020 Volkswagen Jetta,Gas
4,8.7,Mexico,2020 Mercedes-Benz GLB,Gas
8,12.4,United States,2021 GMC Sierra 1500,Gas
4,8.1,China,2024 Lincoln Nautilus,Gas/Electric Hybrid
4,10.7,United States,2023 Jeep Wrangler,Gas/Electric Hybrid
4,9.8,Thailand,2026 Ford Ranger,Gas
6,10.7,Japan,2020 Mazda CX-9,Gas
6,10.2,Japan,2024 Mazda CX-90 MHEV,Gas
4,8.1,South Korea,2020 Hyundai Kona,Gas
6,10.7,United States,2020 Chevrolet Traverse,Gas
4,8.7,China,2026 Buick Envision,Gas
8,14.7,Japan,2024 Nissan Armada,Gas
6,9.8,United States,2026 Chevrolet Traverse,Gas
4,9.4,Canada,2016 GMC Terrain,Gas
4,8.7,United States,2024 Lincoln Corsair,Gas
8,13.1,United States,2020 Chevrolet Suburban,Gas
4,2.1,Germany,2021 BMW 5 Series,Gas/Electric Hybrid
4,9.4,Japan,2026 Lexus RX,Gas
4,8.1,Japan,2025 Toyota 4-Runner Hybrid,Gas/Electric Hybrid
3,6.4,Mexico,2024 Ford Maverick,Gas/Electric Hybrid
8,13.1,United States,2019 RAM 1500 Classic,Gas
4,8.1,United States,2024 Chevrolet Malibu,Gas
4,9.4,United Kingdom,2020 Land Rover Range Rover Evoque,Gas
6,11.2,United States,2013 Ford F-150,Gas
8,13.1,United States,2019 Toyota Tundra,Gas
4,7.1,Mexico,2026 Volkswagen Jetta,Gas
4,7.6,Japan,2026 Lexus RX,Gas/Electric Hybrid
8,14.7,United States,2017 GMC Yukon,Gas
4,8.1,United States,2026 BMW X3,Gas
8,14.7,United States,2026 Chevrolet Silverado 2500 HD,Gas
4,8.1,Germany,2019 Mercedes-Benz GLA,Gas
6,10.7,United States,2017 Honda Pilot,Gas
6,11.2,Canada,2027 Chrysler Pacifica,Gas
4,2.5,Japan,2023 Mitsubishi Outlander Plug-In Hybrid,Gas
8,11.2,Canada,2023 Chrysler 300,Gas
6,11.2,United States,2020 Toyota Sienna,Gas
8,14.7,United States,2018 Toyota Tundra,Gas
8,14.7,United States,2020 Ford Expedition,Gas
4,7.8,United States,2009 Honda Civic Sedan,Gas
6,11.2,United States,2019 Jeep Grand Cherokee,Gas
6,10.7,United States,2025 Honda Passport,Gas
4,7.8,United States,2017 Honda Accord Coupe,Gas
4,8.7,Germany,2020 Volkswagen Tiguan,Gas
6,10.2,Japan,2025 Mazda CX-90 MHEV,Gas
4,9.4,United States,2025 Toyota Tacoma,Gas
6,10.7,United States,2022 Honda Odyssey,Gas
4,10.7,United States,2023 Ford Bronco,Gas
4,9.4,Thailand,2019 Ford Ranger,Gas
4,7.8,Germany,2019 Mercedes-Benz A-Class Hatchback,Gas
8,12.4,United States,2022 Chevrolet Silverado 1500 LTD,Gas
6,10.7,United States,2022 Toyota Tacoma,Gas
4,9.4,South Korea,2025 Hyundai Elantra N,Gas
4,9.4,Mexico,2025 Jeep Compass,Gas
6,11.2,United States,2018 Ford Explorer,Gas
8,13.1,United States,2023 GMC Yukon XL,Gas
8,13.1,United States,2025 GMC Yukon XL,Gas
8,12.4,United States,2019 GMC Sierra 1500 Limited,Gas
4,9.4,Germany,2008 Audi A4,Gas
3,6.4,United States,2023 Ford Escape,Gas/Electric Hybrid
6,10.7,United States,2021 Toyota Tacoma,Gas
6,10.7,United States,2025 Ford F-150,Gas
8,14.7,United States,2026 Ford F-250 Super Duty,Gas
4,9.8,Japan,2025 Infiniti QX50,Gas
4,6.4,South Korea,2026 Kia Sportage Hybrid,Gas/Electric Hybrid
4,9.4,United States,2019 Infiniti QX50,Gas
6,11.2,Canada,2023 Chrysler Pacifica,Gas
8,12.4,United States,2018 GMC Sierra 1500,Gas
6,10.7,United States,2011 Toyota Sienna,Gas
8,13.8,United States,2021 BMW X5 M,Gas
6,11.2,United States,2020 Jeep Grand Cherokee,Gas
6,9.8,United States,2025 Chevrolet Traverse,Gas
6,10.7,Japan,2016 Infiniti QX60,Gas
6,10.7,Mexico,2017 Dodge Journey,Gas
4,9.8,United States,2023 Chevrolet Colorado,Gas
4,7.6,South Korea,2021 Kia Rio 5-door,Gas
6,11.2,United States,2023 Ford Explorer,Gas
6,11.7,Canada,2022 Chrysler Grand Caravan,Gas
4,9.4,Canada,2017 GMC Terrain,Gas
4,2.5,Japan,2023 Mitsubishi Outlander Plug-In Hybrid,Gas/Electric Hybrid
4,8.7,United States,2017 Ford Escape,Gas
4,8.1,Japan,2024 Toyota Corolla Cross,Gas
4,9.8,China,2023 Lincoln Nautilus,Gas
4,2.5,South Korea,2026 Kia Sorento Plug-In Hybrid,Gas/Electric Hybrid
4,8.1,Germany,2015 Mercedes-Benz C-Class Coupe,Gas
,,United States,2022 Tesla Model 3,Electric
6,13.1,Japan,2023 Toyota 4-Runner,Gas
3,8.1,South Korea,2026 Buick Encore GX,Gas
4,8.1,South Korea,2025 Hyundai Sonata,Gas
6,10.7,United States,2022 Volkswagen Atlas Cross Sport,Gas
8,10.7,United States,2023 Chevrolet Corvette,Gas
6,10.7,South Korea,2026 Kia Carnival,Gas
4,7.1,Japan,2025 Toyota Corolla Sedan,Gas
8,11.8,United States,2018 Chevrolet Silverado 1500,Gas
,,United States,2024 Tesla Model Y,Electric
4,7.8,Japan,2025 Acura Integra,Gas
6,10.7,United States,2025 Buick Enclave,Gas
6,11.2,United States,2020 Jeep Wrangler,Gas
8,11.2,United States,2019 Chevrolet Silverado 1500 LD,Gas
4,8.1,United Kingdom,2026 Land Rover Range Rover Evoque,Gas
6,10.7,United States,2023 Honda Pilot,Gas
4,8.1,Mexico,2025 Ford Maverick,Gas
4,9.4,United States,2019 Chevrolet Blazer,Gas
4,4.5,Japan,2024 Toyota Prius,Gas
6,11.2,United States,2021 Jeep Grand Cherokee L,Gas
6,12.4,United States,2015 Jeep Wrangler,Gas
6,13.1,United States,2015 Jeep Wrangler Unlimited,Gas
6,10.2,United States,2023 GMC Acadia,Gas
6,10.7,United States,2023 Kia Telluride,Gas
4,3.4,United States,2025 Jeep Grand Cherokee 4xe,Gas/Electric Hybrid
4,9.8,China,2024 Lincoln Nautilus,Gas
4,7.6,Germany,2021 BMW 4 Series,Gas
6,11.2,United States,2016 Nissan Pathfinder,Gas
6,11.2,United States,2019 Nissan Frontier,Gas
4,8.1,India,2024 Hyundai Venue,Gas
8,11.2,United States,2024 Ford Mustang Fastback,Gas
4,7.1,United States,2024 Toyota Corolla Sedan,Gas
4,9.4,South Korea,2017 Hyundai Santa Fe Sport,Gas
4,8.1,Germany,2024 Volkswagen Golf GTI,Gas
4,8.1,Japan,2020 Toyota C-HR,Gas
4,8.1,Japan,2025 Subaru Forester,Gas
4,6.4,South Korea,2023 Hyundai Santa Fe Hybrid,Gas/Electric Hybrid
4,7.6,South Korea,2014 Hyundai ACCENT,Gas
8,14.7,United States,2024 Ford F-250 Super Duty,Gas
8,13.1,United States,2022 GMC Sierra 1500 Limited,Gas
6,12.4,United States,2024 Ford Transit Cargo Van,Gas
6,9.8,Japan,2016 Acura RDX,Gas
6,11.2,United States,2024 Jeep Grand Cherokee,Gas
4,7.6,Mexico,2026 Nissan Sentra,Gas
4,8.1,Canada,2026 Honda CR-V,Gas
6,10.7,United States,2026 Jeep Grand Cherokee,Gas
3,6.4,Mexico,2026 Ford Maverick,Gas/Electric Hybrid
4,9.8,Thailand,2025 Ford Ranger,Gas
,,United States,2025 GMC Sierra EV,Electric
6,13.1,Mexico,2026 RAM 3500,Gas
4,7.8,India,2026 Hyundai Venue,Gas
8,11.2,United States,2026 Ford Mustang Fastback,Gas
3,8.1,Belgium,2026 Volvo XC40,Gas
4,8.1,Mexico,2026 Ford Maverick,Gas
4,11.2,United States,2026 Ford Bronco,Gas
8,14.7,United States,2026 GMC Savana Cargo Van,Gas
,,South Korea,2026 Kia EV9,Electric
,,United States,2027 Chevrolet Bolt,Electric
4,8.1,Mexico,2026 Chevrolet Equinox,Gas
6,10.2,United States,2026 Buick Enclave,Gas
4,6.4,Germany,2026 Mercedes-Benz GLA,Gas/Electric Hybrid
6,11.2,United States,2026 Dodge Durango,Gas
6,10.7,United States,2026 Dodge Charger,Gas
,,South Korea,2026 Kia Niro EV,Electric
3,8.1,South Korea,2026 Chevrolet Trailblazer,Gas
4,9.4,United States,2026 GMC Acadia,Gas
,,,2026 Subaru Uncharted,Electric
4,2.6,South Korea,2025 Hyundai Tucson Plug-In Hybrid,Gas/Electric Hybrid
8,13.1,United States,2026 GMC Yukon,Gas
3,8.1,Mexico,2026 GMC Terrain,Gas
6,10.2,Japan,2026 Mazda CX-70,Gas
,,United States,2024 GMC HUMMER EV SUV,Electric
4,8.7,Japan,2026 Mitsubishi RVR,Gas
8,14.7,United States,2026 Ford F-350 Super Duty,Gas
4,9.4,South Korea,2025 Kia Sorento,Gas
4,7.6,South Korea,2018 Hyundai Elantra,Gas
6,10.7,Japan,2020 Lexus RX,Gas
4,4.9,South Korea,2022 Hyundai Elantra Hybrid,Gas/Electric Hybrid
6,11.2,Germany,2021 Audi Q7,Gas
6,11.2,Mexico,2025 RAM ProMaster Cargo Van,Gas
6,12.4,United States,2025 Ford Transit Cargo Van,Gas
4,8.1,Japan,2019 Mazda Mazda6,Gas
4,7.1,Germany,2018 Volkswagen Golf Standard Model,Gas
4,7.1,Japan,2019 Toyota Corolla Sedan,Gas
4,7.1,Germany,2019 Volkswagen Golf Standard Model,Gas
8,13.1,United States,2025 GMC Yukon,Gas
6,11.2,United States,2016 Nissan Frontier,Gas
4,8.1,Germany,2018 Audi A5 Coupe,Gas
6,10.7,Canada,2021 Dodge Charger,Gas
6,11.2,United States,2013 Honda Pilot,Gas
4,8.1,United States,2013 Honda CR-V,Gas
4,6.3,South Korea,2022 Hyundai Tucson Hybrid,Gas/Electric Hybrid
6,11.2,United States,2015 GMC Acadia,Gas
4,7.6,Japan,2025 Mazda Mazda3,Gas
4,8.1,Japan,2018 Mazda Mazda3 Sport,Gas
4,8.7,Japan,2013 Toyota RAV 4,Gas
,,United States,2024 GMC HUMMER EV Pickup,Electric
4,7.1,Japan,2012 Honda Fit,Gas
6,10.7,United States,2017 Honda Ridgeline,Gas
6,10.7,United States,2016 Honda Odyssey,Gas
4,9.4,South Korea,2016 Hyundai Tucson,Gas
4,8.1,South Korea,2019 Hyundai Elantra GT,Gas
4,4.5,Japan,2020 Toyota Corolla Sedan,Gas/Electric Hybrid
8,14.7,United States,2026 GMC Sierra 2500HD,Gas
4,8.7,Germany,2018 Mercedes-Benz C-Class Coupe,Gas
6,10.7,United States,2022 Toyota Highlander,Gas
6,12.4,United States,2018 Ford Police Interceptor Utility,Gas
4,6.7,Japan,2015 Toyota Yaris,Gas
4,8.1,Germany,2020 Audi A6 Sedan,Gas
6,11.2,USA,2015 Honda Pilot,Gas
,,South Korea,2022 Hyundai Kona Electric,Electric
4,8.1,Japan,2020 Toyota RAV 4,Gas
8,16.8,United States,2026 Chevrolet Silverado 3500 HD,Gas
6,10.2,Germany,2018 Mercedes-Benz S-Class,Gas
4,8.1,United States,2018 Chevrolet Malibu,Gas
4,7.1,Germany,2015 BMW 3 Series,Gas
8,14.7,United States,2012 Chevrolet Silverado 2500 HD,Gas
4,7.6,Mexico,2016 Nissan Sentra,Gas
,,United States,2020 Chevrolet Bolt EV,Electric
4,8.1,Germany,2015 BMW 4 Series Gran Coupe,Gas
4,9.4,United States,2016 Jeep Compass,Gas
8,14.7,United States,2014 Toyota Tundra,Gas
6,12.4,Japan,2016 Toyota 4-Runner,Gas
6,10.7,United States,2020 Dodge Challenger,Gas
4,8.1,Japan,2019 Acura TLX,Gas
4,8.1,Japan,2018 Subaru Forester,Gas
6,10.7,Germany,2018 Audi SQ5,Gas
4,9.4,South Korea,2014 Hyundai Santa Fe Sport,Gas
6,9.8,Germany,2009 Mercedes-Benz E-Class,Gas
8,12.4,United States,2015 GMC Sierra 1500,Gas
6,10.7,United States,2019 Honda Odyssey,Gas
4,7.1,Japan,2007 Honda Fit,Gas
4,7.8,United States,2007 Honda Civic Coupe,Gas
6,10.2,Germany,2019 Audi S5 Coupe,Gas
4,7.6,Japan,2018 Subaru Crosstrek,Gas
6,9.4,United States,2020 Chevrolet Camaro,Gas
4,8.1,Germany,2019 Volkswagen Golf GTI,Gas
4,9.4,Canada,2020 Ford Edge,Gas
6,10.7,United States,2023 Toyota Tundra Hybrid,Gas/Electric Hybrid
4,7.8,South Korea,2013 Hyundai Elantra,Gas
6,12.4,Germany,2009 Audi Q7,Gas
4,7.8,Japan,2021 Honda HR-V,Gas
4,6.7,Japan,2023 Toyota Venza,Gas/Electric Hybrid
4,8.1,United States,2016 BMW X3,Gas
4,7.6,Mexico,2017 Honda HR-V,Gas
4,8.1,Germany,2019 BMW 5 Series,Gas
4,8.1,South Korea,2015 Kia Soul,Gas
4,7.1,Germany,2017 Volkswagen Golf Standard Model,Gas
6,10.7,United States,2016 Toyota Highlander,Gas
4,7.8,Japan,2016 Toyota Corolla Sedan,Gas
4,8.1,Germany,2019 Mercedes-Benz E-Class,Gas
4,7.8,Germany,2010 Volkswagen Golf Standard Model,Gas
6,10.2,Germany,2017 Mercedes-Benz S-Class,Gas
4,5.1,United States,2017 Ford Fusion Hybrid,Gas/Electric Hybrid
6,10.7,Germany,2015 BMW M4,Gas
4,7.6,Japan,2016 Honda HR-V,Gas
4,8.7,Germany,2015 Audi Q3,Gas
8,14.7,United States,2025 Chevrolet Express 2500,Gas
6,9.4,United States,2024 Ford F-150,Gas/Electric Hybrid
4,8.1,Japan,2015 Subaru Outback,Gas
6,11.2,United States,2015 Jeep Grand Cherokee,Gas
4,7.6,Japan,2021 Mazda Mazda3,Gas
6,10.7,United States,2020 Toyota Highlander,Gas
6,10.2,Germany,2024 Audi S5 Sportback,Gas
4,7.6,Germany,2016 BMW 3 Series Gran Turismo,Gas
4,8.1,Japan,2020 Nissan Qashqai,Gas
8,14.7,United States,2012 Toyota Tundra,Gas
4,6.4,Sweden,2022 Volvo XC60,Gas/Electric Hybrid
6,9.4,Germany,2011 Mercedes-Benz C-Class Sedan,Gas
3,7.8,United Kingdom,2022 MINI Countryman,Gas
6,9.4,Germany,2009 BMW 3 Series,Gas
4,7.1,Germany,2013 Volkswagen Golf Standard Model,Gas
4,7.1,Germany,2022 BMW 3 Series,Gas
4,9.4,South Korea,2021 Kia Sorento,Gas
6,10.2,Germany,2021 BMW 7 Series,Gas
4,9.4,Germany,2016 Audi Q5,Gas
4,7.6,Canada,2014 Honda Civic Sedan,Gas
4,7.6,United States,2018 Honda Accord Sedan,Gas
4,10.2,Sweden,2019 Volvo XC90,Gas
6,10.7,Sweden,2012 Volvo XC60,Gas
6,9.4,Japan,2014 Infiniti Q50,Gas
4,7.1,Germany,2017 BMW 3 Series,Gas
4,8.7,United States,2014 Ford Escape,Gas
4,7.6,Germany,2016 BMW X1,Gas
6,3.4,Germany,2022 Porsche Cayenne,Gas/Electric Hybrid
6,12.4,United States,2014 Jeep Wrangler Unlimited,Gas
6,7.8,United States,2024 Toyota Highlander Hybrid,Gas/Electric Hybrid
4,8.1,Japan,2019 Nissan Qashqai,Gas
6,9.4,Germany,2014 Mercedes-Benz E-Class,Gas
6,10.7,Canada,2020 Acura MDX,Gas
8,14.7,United States,2026 Jeep Grand Wagoneer,Gas
6,7.8,United States,2025 Toyota Highlander Hybrid,Gas/Electric Hybrid
4,8.1,Japan,2021 Subaru Forester,Gas
4,7.1,Germany,2014 BMW 3 Series,Gas
4,8.1,Japan,2013 Toyota Corolla Sedan,Gas
4,9.8,United States,2016 Chevrolet Colorado,Gas
4,9.4,Japan,2006 Toyota RAV 4,Gas
4,8.1,Germany,2017 Mercedes-Benz C-Class Sedan,Gas
4,8.1,Germany,2023 Audi A6 Sedan,Gas
6,10.7,Canada,2018 Dodge Charger,Gas
6,10.2,Germany,2015 Mercedes-Benz S-Class,Gas
4,8.7,United States,2016 Ford Escape,Gas
6,11.2,United States,2024 Mercedes-Benz GLS,Gas
4,7.8,South Korea,2023 Kia Forte,Gas
6,10.7,Canada,2016 Dodge Grand Caravan,Gas
4,8.1,South Korea,2020 Hyundai Sonata,Gas
4,7.6,United States,2016 Honda Civic Coupe,Gas
4,8.1,Japan,2017 Mazda Mazda6,Gas
4,7.1,Japan,2020 Toyota Corolla Sedan,Gas
4,6.7,Japan,2011 Mazda Mazda2,Gas
6,10.7,South Korea,2023 Kia Carnival,Gas
4,8.1,United States,2019 BMW X4,Gas
4,8.1,United States,2015 Honda Accord Sedan,Gas
4,7.8,Mexico,2017 Volkswagen Jetta Sedan,Gas
4,7.6,Japan,2021 Toyota C-HR,Gas
4,11.8,Japan,2010 Toyota HiAce,Gas
4,8.7,United States,2018 Ford Escape,Gas
4,7.8,Japan,2018 Toyota Corolla iM,Gas
4,7.8,Japan,2018 Toyota Corolla Sedan,Gas
4,8.1,United States,2017 Acura TLX,Gas
4,8.7,United States,2008 Toyota Camry,Gas
4,5.9,United States,2018 Chevrolet Malibu Hybrid,Gas/Electric Hybrid
4,7.8,Hungary,2019 Mercedes-Benz CLA,Gas
4,9.4,Sweden,2015 Volvo XC60,Gas
6,9.4,Germany,2015 Mercedes-Benz CLS-Class,Gas
8,14.7,Japan,2023 Nissan Armada,Gas
6,10.2,Japan,2013 Infiniti G Convertible,Gas
4,8.1,Japan,2014 Mazda CX-5,Gas
6,10.2,Germany,2008 Mercedes-Benz E-Class,Gas
6,10.7,United States,2026 Acura MDX,Gas
6,11.2,Canada,2011 Acura MDX,Gas
4,8.7,Germany,2018 Audi Q3,Gas
4,8.1,United States,2021 Nissan Altima,Gas
,,United States,2023 Tesla Model 3,Electric
4,9.4,United Kingdom,2022 Land Rover Range Rover Evoque,Gas
4,9.4,Japan,2020 Mitsubishi Outlander,Gas
4,9.4,South Korea,2015 Hyundai Tucson,Gas
4,9.4,Mexico,2020 Jeep Compass,Gas
4,8.1,United States,2016 Toyota Camry,Gas
6,10.7,Germany,2020 Porsche Cayenne,Gas
6,9.4,Japan,2016 Lexus IS,Gas
4,8.1,United States,2025 Acura ADX,Gas
8,14.7,United States,2019 Cadillac Escalade,Gas
4,8.1,United States,2016 BMW X4,Gas
6,10.7,Canada,2019 Dodge Grand Caravan,Gas
6,9.4,Japan,2015 Infiniti Q50,Gas
4,9.4,Japan,2017 Lexus NX,Gas
4,7.6,Japan,2024 Honda Civic Hatchback,Gas
6,9.4,Germany,2010 BMW 3 Series,Gas
4,9.4,Canada,2016 Ford Edge,Gas
4,8.1,South Korea,2022 Hyundai Sonata,Gas
4,8.1,South Korea,2018 Kia Forte,Gas
6,10.7,Japan,2022 Lexus RX,Gas
8,13.1,United States,2017 Toyota Tundra,Gas
6,11.2,United States,2019 Nissan Pathfinder,Gas
6,10.7,Japan,2012 Acura RDX,Gas
4,8.1,Mexico,2023 Volkswagen Jetta GLI,Gas
4,8.1,Germany,2017 BMW 4 Series Gran Coupe,Gas
8,14.7,United States,2026 Chevrolet Express 2500,Gas
6,11.2,South Korea,2026 Hyundai Palisade,Gas
6,10.7,United States,2015 Toyota Highlander,Gas
4,8.1,United States,2014 Honda CR-V,Gas
4,8.1,Germany,2018 Mercedes-Benz C-Class Sedan,Gas
4,8.1,Germany,2018 Mercedes-Benz GLA,Gas
4,9.4,Germany,2019 Mercedes-Benz GLC,Gas
8,14.7,United States,2016 Chevrolet Tahoe,Gas
6,10.2,Germany,2020 Mercedes-Benz S-Class,Gas
4,8.1,United States,2011 Ford Fusion,Gas
4,9.8,United Kingdom,2020 Land Rover Discovery Sport,Gas
4,9.4,United States,2016 Chevrolet Equinox,Gas
4,8.1,Germany,2014 Mercedes-Benz C-Class Sedan,Gas
4,7.6,Japan,2025 Toyota Corolla Hatchback 5-Door,Gas
4,7.1,Mexico,2023 Volkswagen Jetta,Gas
,,United States,2024 Cadillac Lyriq,Electric
4,9.4,Mexico,2025 GMC Canyon,Gas
4,7.6,United Kingdom,2021 Honda Civic Hatchback,Gas
8,11.2,United States,2021 Ford Mustang Fastback,Gas
4,9.4,Germany,2020 Audi Q5,Gas
6,10.7,Slovakia,2018 Porsche Cayenne,Gas
6,10.7,Germany,2019 Porsche Cayenne,Gas
4,8.1,South Korea,2021 Kia Sportage,Gas
4,7.8,Germany,2018 Audi A4 Sedan,Gas
6,10.7,Japan,2012 Lexus IS Convertible,Gas
4,7.1,Germany,2023 BMW 3 Series,Gas
4,8.1,South Korea,2018 Hyundai Elantra GT,Gas
6,10.2,Japan,2017 Lexus RC,Gas
8,14.7,United Kingdom,2020 Land Rover Range Rover,Gas
4,7.6,United Kingdom,2019 Honda Civic Hatchback,Gas
6,10.7,United States,2021 Volkswagen Atlas Cross Sport,Gas
4,7.1,South Korea,2020 Hyundai Elantra,Gas
4,8.1,United States,2014 Honda Accord Sedan,Gas
4,7.6,Hungary,2015 Mercedes-Benz CLA,Gas
6,10.7,United States,2020 Honda Odyssey,Gas
6,13.8,Germany,2009 Porsche Cayenne,Gas
4,5.1,South Korea,2024 Kia Niro,Gas/Electric Hybrid
4,9.4,United Kingdom,2017 Land Rover Range Rover Evoque,Gas
4,7.8,Hungary,2021 Mercedes-Benz CLA,Gas
4,9.4,United States,2020 Jeep Cherokee,Gas
4,9.4,United Kingdom,2026 Land Rover Discovery Sport,Gas
4,8.1,South Korea,2025 Hyundai Kona,Gas
4,8.7,Germany,2017 Audi Q3,Gas
6,10.7,United States,2025 Acura MDX,Gas
6,11.2,Germany,2022 Audi SQ5,Gas
4,8.7,Germany,2018 Audi Q5,Gas
4,7.6,Germany,2016 BMW 2 Series,Gas
4,9.4,United States,2025 Chevrolet Colorado,Gas
4,7.8,United States,2010 Honda Civic Sedan,Gas
4,7.6,Hungary,2020 Mercedes-Benz CLA,Gas
8,11.2,Canada,2023 Dodge Charger,Gas
,,Japan,2018 Toyota Prius,Electric
6,11.2,United States,2026 Jeep Gladiator,Gas
,,,2026 Subaru Trailseeker,Electric
4,9.4,United States,2023 Acura RDX,Gas
4,9.4,South Korea,2017 Hyundai Tucson,Gas
4,7.1,Germany,2021 Volkswagen Golf Standard Model,Gas
4,8.7,Japan,2021 Mitsubishi RVR,Gas
4,2.1,Sweden,2022 Volvo XC60 Recharge,Gas/Electric Hybrid
4,8.1,Germany,2017 Audi A5,Gas
4,7.8,Japan,2017 Subaru Impreza,Gas
4,10.7,United States,2009 Ford Ranger,Gas
4,8.7,United States,2022 Ford Escape,Gas
4,8.1,Japan,2015 Mitsubishi Lancer,Gas
4,3.4,United States,2022 Jeep Grand Cherokee 4xe,Gas/Electric Hybrid
4,8.1,United States,2018 GMC Sierra 1500,Gas/Electric Hybrid
4,5.1,South Korea,2022 Hyundai Sonata Hybrid,Gas/Electric Hybrid
8,14.7,United States,2016 Cadillac Escalade ESV,Gas
6,10.7,Japan,2023 Lexus RC,Gas
6,9.8,United States,2015 Nissan Murano,Gas
6,9.4,Germany,2013 Mercedes-Benz E-Class,Gas
3,7.6,Mexico,2025 Nissan Kicks Play,Gas
6,9.8,Canada,2017 Chrysler 300,Gas
4,8.1,United States,2021 Honda Accord Sedan,Gas
4,5.2,United States,2023 Toyota Camry Hybrid,Gas/Electric Hybrid
4,2.1,Sweden,2023 Volvo XC60 Recharge,Gas/Electric Hybrid
3,7.8,South Korea,2025 Buick Envista,Gas
6,10.7,United States,2020 Volkswagen Atlas Cross Sport,Gas
4,8.1,Japan,2019 Toyota C-HR,Gas
6,9.4,Austria,2022 Toyota GR Supra,Gas
4,7.8,USA,2024 Toyota Camry,Gas
,,South Korea,2019 Kia Niro EV,Electric
6,10.7,United States,2020 Toyota Tacoma,Gas
4,8.1,Japan,2021 Lexus ES,Gas
4,10.7,Sweden,2021 Volvo XC90,Gas
4,7.6,Germany,2019 Mercedes-Benz E-Class,Gas/Electric Hybrid
4,7.6,Japan,2025 Lexus RX,Gas/Electric Hybrid
6,10.7,United States,2015 BMW X5,Gas
4,2.7,Sweden,2023 Volvo XC90 Recharge,Gas/Electric Hybrid
4,7.8,Japan,2017 Toyota Corolla iM,Gas
4,9.4,United States,2015 Lincoln MKC,Gas
4,8.7,Japan,2019 Mitsubishi RVR,Gas
6,11.2,United States,2017 Buick Enclave,Gas
,,United States,2020 Tesla Model 3,Electric
4,7.8,Japan,2019 Subaru Crosstrek,Gas
4,9.4,South Korea,2020 Hyundai Santa Fe,Gas
6,10.7,Canada,2014 Acura MDX,Gas
4,7.6,United Kingdom,2017 Honda Civic Hatchback,Gas
4,9.8,United States,2023 Jeep Cherokee,Gas
6,10.7,United States,2018 Volkswagen Atlas,Gas
4,8.1,Germany,2023 Mercedes-Benz C-Class Sedan,Gas
4,9.4,South Korea,2016 Kia Sorento,Gas
8,14.7,United States,2024 GMC Sierra 2500HD,Gas
4,9.4,Japan,2022 Mitsubishi Eclipse Cross,Gas
6,10.7,United States,2023 Jeep Grand Cherokee L,Gas
4,8.1,Japan,2018 Acura TLX,Gas
,,Belgium,2022 Volvo XC40 Recharge Pure Electric,Electric
6,11.2,Canada,2014 Honda Ridgeline,Gas
4,6.4,South Korea,2024 Hyundai Santa Fe Hybrid,Gas/Electric Hybrid
4,4.7,Japan,2016 Toyota Prius,Gas/Electric Hybrid
8,14.7,Japan,2021 Infiniti QX80,Gas
4,9.4,Japan,2011 Toyota RAV 4,Gas
4,5.8,Japan,2021 Lexus UX,Gas/Electric Hybrid
6,11.2,United States,2018 Nissan Frontier,Gas
6,10.7,United States,2023 Honda Odyssey,Gas
6,10.7,United States,2023 Honda Ridgeline,Gas
,,United States,2021 Tesla Model Y,Electric
6,9.4,Japan,2023 Lexus IS,Gas
4,7.6,South Korea,2016 Hyundai Elantra,Gas
4,6.4,Japan,2025 Toyota Crown Signia,Gas/Electric Hybrid
,,United States,2017 BMW X5,Electric
4,8.1,South Korea,2018 Hyundai Sonata,Gas
6,11.2,Slovakia,2022 Audi Q7,Gas
,,United States,2020 Tesla Model Y,Electric
4,7.6,United States,2019 Honda Civic Coupe,Gas
4,8.1,Japan,2018 Subaru Impreza,Gas
4,8.7,Belgium,2021 Volvo XC40,Gas
8,13.8,United States,2018 BMW X5 M,Gas
4,9.4,Germany,2021 Audi Q5 Sportback,Gas
4,9.4,South Korea,2017 Kia Sorento,Gas
4,9.4,Japan,2023 Subaru WRX,Gas
4,9.4,Sweden,2016 Volvo XC60,Gas
4,7.1,United States,2023 Toyota Sienna,Gas/Electric Hybrid
8,11.2,United States,2019 Ford Mustang Fastback,Gas
4,6.1,Japan,2017 Toyota RAV 4 Hybrid,Gas/Electric Hybrid
3,7.1,United Kingdom,2018 MINI 3 Door,Gas
6,9.4,Japan,2022 Lexus IS,Gas
4,8.1,United States,2023 Nissan Altima,Gas
4,8.1,Germany,2021 Audi A5 Sportback,Gas
6,11.2,United States,2020 Jeep Gladiator,Gas
6,11.7,United States,2016 Jeep Wrangler Unlimited,Gas
8,14.7,Japan,2020 Infiniti QX80,Gas
4,8.1,South Korea,2023 Kia K5,Gas
4,9.4,Slovakia,2025 Porsche Macan,Gas
6,10.7,United States,2019 Buick Enclave,Gas
6,10.7,United States,2011 Ford Explorer,Gas
4,8.1,Japan,2021 Subaru Impreza,Gas
4,9.4,South Korea,2020 Kia Sorento,Gas
6,10.7,United States,2014 BMW X6,Gas
4,8.7,Japan,2014 Toyota RAV 4,Gas
6,11.2,United States,2022 Mercedes-Benz GLS,Gas
6,10.7,United States,2020 Mercedes-Benz GLS,Gas/Electric Hybrid
4,6.7,United States,2022 Toyota Sienna,Gas/Electric Hybrid
8,14.7,Japan,2011 Infiniti QX56,Gas
8,14.7,United States,2025 Ford F-250 Super Duty,Gas
4,7.6,Germany,2022 Mercedes-Benz A-Class Sedan,Gas
4,8.1,Japan,2021 Subaru Crosstrek,Gas
6,10.7,United States,2021 BMW X5,Gas
6,11.2,United States,2015 Buick Enclave,Gas
4,9.4,Sweden,2019 Volvo XC60,Gas
6,10.7,United States,2014 Toyota Sienna,Gas
4,8.1,South Korea,2022 Kia Sportage,Gas
4,8.1,Japan,2015 Mazda CX-5,Gas
4,9.4,Japan,2024 Subaru WRX,Gas
6,11.7,United States,2019 Jeep Wrangler,Gas
3,7.6,Netherlands,2021 MINI Countryman,Gas
4,8.1,Germany,2018 Audi A6 Sedan,Gas
6,10.7,United States,2019 Chevrolet Traverse,Gas
4,7.8,Japan,2017 Toyota Corolla Sedan,Gas
4,9.4,United States,2014 Jeep Cherokee,Gas
6,10.7,United States,2015 Ford F-150,Gas
4,3.4,United States,2023 Jeep Grand Cherokee 4xe,Gas/Electric Hybrid
6,10.7,Japan,2021 Lexus RX,Gas
6,12.4,Mexico,2017 RAM ProMaster Cargo Van,Gas
,,,2024 Chrysler Grand Caravan,Gas
4,9.4,Germany,2022 BMW X3,Gas
4,8.1,Germany,2010 Volkswagen Passat CC,Gas
3,8.1,South Korea,2025 Chevrolet Trax,Gas
8,12.4,United States,2020 GMC Sierra 1500,Gas
4,10.7,Japan,2018 Mazda CX-9,Gas
6,10.7,United States,2023 Nissan Frontier,Gas
4,9.4,United Kingdom,2015 Land Rover Range Rover Evoque,Gas
4,4.9,South Korea,2020 Kia Niro,Gas/Electric Hybrid
,,United Kingdom,2020 Land Rover Range Rover Velar,Electric
6,10.7,Germany,2021 Audi S7,Gas
4,11.8,Japan,2007 Toyota HiAce,Gas
4,8.1,Mexico,2025 Volkswagen Jetta GLI,Gas
4,8.1,United States,2015 Ford Fusion,Gas
4,7.1,South Korea,2013 Kia Rio,Gas
6,8.7,United States,2022 Mercedes-Benz GLE,Gas/Electric Hybrid
6,3.9,Canada,2018 Chrysler Pacifica Hybrid,Gas/Electric Hybrid
4,8.9,South Korea,2017 Kia Sportage,Gas
4,7.6,Japan,2015 Nissan Sentra,Gas
4,8.1,Germany,2017 Volkswagen Golf GTI,Gas
6,9.4,Germany,2012 Mercedes-Benz C-Class Sedan,Gas
6,11.2,South Korea,2017 Hyundai Santa Fe XL,Gas
4,9.4,Germany,2015 Audi Q5,Gas
,,United States,2019 Chevrolet Bolt EV,Electric
4,9.4,United States,2016 Jeep Cherokee,Gas
,,Slovakia,2024 Porsche Macan,Electric
4,7.8,Germany,2017 Ford Focus,Gas
8,10.7,United States,2016 Chevrolet Corvette Z51,Gas
6,10.7,Japan,2012 Lexus RX,Gas
,,Germany,2025 Porsche Cayenne,Electric
6,10.7,United States,2020 Nissan Murano,Gas
4,8.1,United States,2021 Chevrolet Malibu,Gas
4,5.7,Japan,2019 Mitsubishi Outlander Plug-In Hybrid,Gas/Electric Hybrid
4,8.1,United States,2012 Nissan Altima,Gas
6,11.2,Slovakia,2023 Porsche Cayenne,Gas
6,10.2,Germany,2024 Audi S5 Coupe,Gas
6,10.2,United States,2016 Dodge Charger,Gas
4,7.8,United States,2025 Honda Accord Sedan,Gas
6,10.7,United States,2015 Toyota Sienna,Gas
4,7.1,Germany,2015 BMW 5 Series,Gas
6,10.7,Japan,2012 Toyota Highlander,Gas
4,7.8,Mexico,2026 Honda HR-V,Gas
4,8.7,Germany,2021 Audi Q3,Gas
6,11.2,Japan,2015 Mazda CX-9,Gas
6,10.7,United States,2024 Toyota Tundra Hybrid,Gas/Electric Hybrid
8,14.7,United States,2021 Cadillac Escalade ESV,Gas
8,14.7,United States,2009 Toyota Tundra,Gas
6,10.7,South Korea,2024 Kia Carnival,Gas
6,10.7,United States,2024 Honda Ridgeline,Gas
6,9.8,Japan,2025 Lexus IS,Gas
4,8.1,Germany,2023 Volkswagen Golf GTI,Gas
4,5.6,Japan,2025 Honda Civic Hatchback,Gas/Electric Hybrid
6,11.2,United States,2017 Nissan Pathfinder,Gas
8,14.7,United States,2023 Cadillac Escalade,Gas
6,10.7,United States,2021 Mercedes-Benz GLS,Gas/Electric Hybrid
4,5.2,United States,2024 Toyota Camry Hybrid,Gas/Electric Hybrid
6,11.2,United Kingdom,2018 Land Rover Range Rover Sport,Gas
4,8.1,Germany,2017 BMW 4 Series,Gas
,,South Korea,2018 Kia Soul EV,Electric
4,8.1,Germany,2024 BMW 4 Series,Gas
4,8.1,Germany,2019 Audi Q3,Gas
4,7.1,Germany,2021 BMW 3 Series,Gas
4,8.1,Japan,2025 Mazda Mazda3 Sport,Gas
4,9.8,Japan,2018 Lexus NX,Gas
4,8.1,Germany,2020 BMW X4,Gas
6,9.4,United States,2024 Lexus TX,Gas/Electric Hybrid
4,9.8,United Kingdom,2025 Land Rover Range Rover Velar,Gas
,,Sweden,2022 Volvo XC60 Recharge,Electric
6,8.1,United Kingdom,2020 Land Rover Range Rover Sport,Gas/Electric Hybrid
3,7.6,United States,2021 Lincoln Corsair,Gas/Electric Hybrid
6,10.2,Germany,2021 Audi S5 Sportback,Gas
4,8.1,United States,2017 BMW X4,Gas
6,10.2,Japan,2021 Infiniti Q50,Gas
4,9.4,Japan,2026 Mazda CX-90 MHEV,Gas
4,2.6,Japan,2025 Mazda CX-70 PHEV,Gas/Electric Hybrid
6,11.2,United States,2026 Lincoln Aviator,Gas
4,7.6,Japan,2026 Mazda Mazda3,Gas
4,8.1,Japan,2025 Mazda CX-30,Gas
4,9.4,Sweden,2026 Volvo XC60,Gas
6,13.8,United States,2026 Lincoln Navigator,Gas
4,1.8,Sweden,2026 Volvo XC90 Plug-in Hybrid,Electric
6,9.4,United States,2026 RAM 1500,Gas/Electric Hybrid
,,China,2026 Volvo EX30,Electric
4,8.1,United States,2026 Acura ADX,Gas
6,13.1,Japan,2026 Nissan Armada,Gas
6,13.1,United States,2026 Ford Expedition,Gas
4,9.4,Germany,2026 Mercedes-Benz GLC,Gas
4,5.1,United States,2026 Honda Civic Sedan,Gas/Electric Hybrid
4,9.4,Japan,2026 Mitsubishi Outlander,Gas
4,7.6,South Korea,2026 Kia Sorento,Gas/Electric Hybrid
,,,2026 Chrysler Grand Caravan,Gas
6,8.1,Japan,2026 Mazda CX-90 MHEV,Gas/Electric Hybrid
4,4.9,Japan,2026 Honda Prelude,Gas/Electric Hybrid
4,7.8,USA,2026 Acura Integra,Gas
4,9.4,United States,2026 Acura RDX,Gas
,,United States,2026 GMC Sierra EV,Electric
8,13.1,United States,2026 GMC Yukon XL,Gas
6,10.2,United States,2026 Honda Pilot,Gas
4,7.8,South Korea,2026 Hyundai Sonata,Gas
4,7.8,United States,2026 Honda Accord,Gas
4,7.8,Japan,2027 Honda HR-V,Gas
,,South Korea,2026 Kia EV4,Electric
4,9.4,China,2025 Lincoln Nautilus,Gas
4,6.3,South Korea,2025 Hyundai Tucson Hybrid,Gas/Electric Hybrid
,,United States,2025 Jeep Wagoneer S,Electric
4,9.4,China,2026 Lincoln Nautilus,Gas
4,9.4,United States,2025 Acura RDX,Gas
6,9.8,Japan,2017 Acura RDX,Gas
6,10.7,Canada,2015 Acura MDX,Gas
6,9.8,Japan,2015 Acura RDX,Gas
6,10.2,Japan,2014 Acura TL,Gas
,,United States,2024 Acura ZDX,Electric
6,10.7,Japan,2013 Acura RDX,Gas
4,7.8,United States,2024 Acura Integra,Gas
6,10.7,United States,2024 Acura ZDX,Gas
4,8.7,Japan,2020 Acura TLX,Gas
4,9.4,United States,2024 Acura TLX,Gas
4,9.4,United States,2025 Acura TLX,Gas
6,10.7,Japan,2008 Acura TL,Gas
4,7.8,United States,2023 Acura Integra,Gas
6,10.2,Japan,2013 Acura TL,Gas
4,10.7,Japan,2011 Acura RDX,Gas
4,8.1,United States,2016 Acura TLX,Gas
4,8.1,United States,2017 Acura ILX,Gas
6,9.4,Japan,2014 Acura RLX,Gas
6,9.4,Japan,2015 Acura RLX,Gas
6,11.2,Canada,2009 Acura MDX,Gas
4,8.1,United States,2018 Acura ILX,Gas
4,9.4,Japan,2011 Acura TSX,Gas
4,9.4,United States,2023 Acura TLX,Gas
4,8.1,United States,2016 Acura ILX,Gas
4,10.7,Japan,2010 Acura RDX,Gas
4,7.8,United States,2013 Acura ILX,Gas
4,8.1,United States,2014 Acura ILX,Gas
6,10.2,Japan,2012 Acura TL,Gas
4,8.1,United States,2020 Acura ILX,Gas
4,8.7,Germany,2019 Audi A4 Allroad Quattro,Gas
4,7.6,Germany,2024 Audi Q5 Sportback,Gas/Electric Hybrid
4,5.9,Germany,2018 Audi A3,Gas/Electric Hybrid
4,8.1,Germany,2020 Audi A4 Sedan,Gas
4,7.8,Germany,2022 Audi Q5,Gas/Electric Hybrid
4,7.6,Germany,2023 Audi Q5,Gas/Electric Hybrid
6,9.8,Germany,2021 Audi Q7,Gas/Electric Hybrid
6,11.2,Germany,2022 Audi SQ5 Sportback,Gas
4,7.1,Germany,2022 Audi Q5 Sportback,Gas/Electric Hybrid
6,9.4,Germany,2019 Audi S4 Sedan,Gas
,,Germany,2022 Audi A7,Electric
4,7.8,Germany,2022 Audi A5 Coupe,Gas/Electric Hybrid
4,5.9,Germany,2017 Audi A3,Gas/Electric Hybrid
4,7.8,Germany,2019 Audi A3 Sedan,Gas
4,8.1,Germany,2024 Audi A4 Sedan,Gas
6,8.1,Germany,2025 Audi S7,Gas/Electric Hybrid
6,10.7,Germany,2021 Audi SQ5,Gas
6,9.4,Germany,2025 Audi S5,Gas
,,Germany,2022 Audi RS e-tron GT,Electric
4,7.8,Germany,2025 Audi A4 Sedan,Gas
6,11.2,Slovakia,2025 Audi Q8,Gas
8,12.4,Germany,2021 Audi RS7,Gas
6,10.2,Germany,2022 Audi S5 Coupe,Gas
,,Belgium,2024 Audi Q8 e-tron Sportback,Electric
6,10.2,Germany,2025 Audi RS5 Coupe,Gas
4,8.7,Germany,2024 Audi Q5 Sportback,Gas
4,8.1,Germany,2025 Audi A5 Sportback,Gas
4,8.1,Germany,2017 Audi A6 Sedan,Gas
4,8.1,Germany,2019 Audi A6 Sedan,Gas
4,9.4,Germany,2021 Audi Q5,Gas
4,8.1,Germany,2024 Audi Q3,Gas
5,9.4,Germany,2025 Audi RS3,Gas
5,9.4,Germany,2018 Audi RS3 Sedan,Gas
8,11.7,Germany,2010 Audi S5,Gas
6,10.7,Germany,2021 Audi RS5 Coupe,Gas
6,10.7,Germany,2017 Audi Q7,Gas
4,8.7,Germany,2018 Audi A5 Sportback,Gas
6,7.6,Germany,2019 Audi A7,Gas/Electric Hybrid
4,7.1,Germany,2024 Audi A3 Sedan,Gas
6,10.2,Germany,2018 Audi A8 Long,Gas
4,8.1,Germany,2024 Audi A5 Sportback,Gas
4,7.1,Germany,2015 Audi A3,Gas
4,8.7,Germany,2023 Audi Q5 Sportback,Gas
4,6.8,Germany,2025 Audi A5 Sportback,Gas/Electric Hybrid
6,11.7,Germany,2013 Audi Q7,Gas
6,11.2,Germany,2016 Audi SQ5,Gas
6,11.2,Germany,2019 Audi Q7,Gas
4,7.1,Germany,2024 Audi A4 Sedan,Gas/Electric Hybrid
4,7.1,Germany,2021 Audi A5 Sportback,Gas/Electric Hybrid
4,7.1,Germany,2022 Audi A3 Sedan,Gas
,,Germany,2025 Audi A6 e-tron,Electric
8,11.2,Germany,2013 Audi S5,Gas
6,10.2,Germany,2018 Audi S5 Cabriolet,Gas
6,10.7,Germany,2024 Audi Q7,Gas/Electric Hybrid
6,10.2,Germany,2023 Audi RS5 Sportback,Gas
10,17.8,Germany,2010 Audi R8,Gas
8,11.7,Germany,2014 Audi RS5,Gas
4,8.1,Germany,2018 Audi S3 Sedan,Gas
6,9.8,Germany,2013 Audi A7,Gas
4,8.1,Germany,2012 Audi A4,Gas
8,11.5,Germany,2023 Audi RS6 Avant,Gas/Electric Hybrid
6,10.2,Germany,2020 Audi S5 Coupe,Gas
4,7.8,Germany,2023 Audi A6 Sedan,Gas/Electric Hybrid
4,6.4,Germany,2023 Audi A3 Sedan,Gas/Electric Hybrid
6,9.4,Germany,2018 Audi S4 Sedan,Gas
6,10.7,Germany,2020 Audi SQ5,Gas
10,13.1,Germany,2015 Audi R8,Gas
4,7.1,Germany,2020 Audi A3 Sedan,Gas
6,9.4,Germany,2016 Audi A7,Gas
4,7.6,Germany,2020 Audi Q5,Gas/Electric Hybrid
6,10.7,Germany,2024 Audi S7,Gas
4,7.1,Germany,2025 Audi A3 Sedan,Gas
8,13.8,Germany,2023 Audi Q8,Gas
4,8.1,Germany,2018 Audi TTS Coupe,Gas
6,9.4,Germany,2024 Audi S4 Sedan,Gas
6,8.1,Germany,2021 Audi S6 Sedan,Gas/Electric Hybrid
10,13.1,Germany,2014 Audi R8,Gas
5,9.5,Germany,2020 Audi TT RS Coupe,Gas
6,11.2,Germany,2019 Audi Q8,Gas
6,10.7,Germany,2011 Audi Q5,Gas
4,8.1,Germany,2023 Audi TTS Coupe,Gas
6,10.7,Germany,2025 Audi SQ5 Sportback,Gas
5,9.4,Germany,2019 Audi RS3 Sedan,Gas
10,17.8,Germany,2011 Audi R8,Gas
6,10.2,Germany,2010 Audi A5,Gas
4,8.1,Germany,2025 Audi S3 Sedan,Gas
6,10.2,Germany,2020 Audi S5 Sportback,Gas
6,10.2,Germany,2022 Audi RS5 Coupe,Gas
4,8.1,Germany,2021 Audi A4 Allroad Quattro,Gas/Electric Hybrid
4,7.8,Germany,2021 Audi A4 Sedan,Gas/Electric Hybrid
6,9.8,Germany,2021 Audi Q8,Gas/Electric Hybrid
4,8.1,Germany,2010 Audi A4,Gas
6,10.7,Germany,2020 Audi Q8,Gas/Electric Hybrid
6,10.2,Germany,2019 Audi S5 Sportback,Gas
8,11.2,Germany,2012 Audi A8 Long,Gas
4,8.1,Germany,2026 Audi Q5,Gas
4,8.1,Germany,2026 Audi Q3,Gas
,,Germany,2026 Audi Q4 e-tron,Electric
6,10.7,Germany,2026 Audi SQ5,Gas
6,12.4,Germany,2026 Audi SQ7,Gas
6,11.2,Germany,2026 Audi Q7,Gas
6,11.2,Germany,2026 Audi Q8,Gas
4,7.1,Germany,2026 Audi A3 Sedan,Gas
4,8.1,Germany,2026 Audi S3 Sedan,Gas
4,8.1,Germany,2026 Audi A6 Sedan,Gas
6,9.8,Germany,2026 Audi S5,Gas
4,7.8,Germany,2026 Audi A5,Gas
4,8.7,Mexico,2025 Audi Q5 Sportback,Gas
5,9.4,Germany,2026 Audi RS3,Gas
,,Germany,2027 Audi Q6 e-tron,Electric
6,10.7,United States,2026 BMW X5,Gas
4,2.4,United States,2026 BMW X5,Gas/Electric Hybrid
6,10.7,Germany,2027 BMW M4,Gas
4,7.8,Germany,2026 BMW X2,Gas
4,7.8,Germany,2026 BMW 2 Series Gran Coupe,Gas
,,United States,2026 BMW X5,Electric
,,Germany,2026 BMW iX,Electric
6,10.2,Germany,2027 BMW M3,Gas
,,Germany,2026 BMW i4,Electric
4,7.1,Germany,2026 BMW 3 Series,Gas
4,7.8,Germany,2024 BMW 2 Series Gran Coupe,Gas
4,6.4,United States,2026 BMW X3,Gas/Electric Hybrid
,,Germany,2024 BMW i4,Electric
4,7.8,Austria,2026 BMW Z4 Roadster,Gas
4,1.6,Germany,2026 BMW 5 Series,Gas/Electric Hybrid
,,,2026 BMW 8 Series Gran Coupe,Gas
4,6.5,Germany,2026 BMW 4 Series,Gas/Electric Hybrid
6,10.2,United States,2026 BMW X6,Gas
4,7.6,Germany,2026 BMW 2 Series,Gas
4,7.1,Germany,2025 BMW X4,Gas/Electric Hybrid
4,8.1,United States,2025 BMW X3,Gas
4,8.1,Germany,2018 BMW 4 Series,Gas
,,Germany,2018 BMW 3 Series,Electric
4,7.6,Germany,2020 BMW X1,Gas
4,7.6,Germany,2020 BMW 4 Series Gran Coupe,Gas
4,8.1,Germany,2022 BMW 5 Series,Gas
3,2.1,Germany,2019 BMW i8,Gas/Electric Hybrid
6,11.2,United States,2021 BMW X7,Gas
4,8.1,Germany,2023 BMW 5 Series,Gas
4,9.4,Germany,2023 BMW X3,Gas
4,9.4,Germany,2020 BMW X3,Gas
6,10.7,United States,2024 BMW X6,Gas
4,8.7,Germany,2022 BMW X4,Gas
6,8.1,United States,2024 BMW X5,Gas/Electric Hybrid
4,8.1,Germany,2025 BMW 4 Series,Gas
4,7.1,Germany,2024 BMW X3,Gas/Electric Hybrid
4,8.7,Germany,2024 BMW X4,Gas
,,Germany,2022 BMW iX,Electric
6,8.1,United States,2025 BMW X5,Gas/Electric Hybrid
6,10.7,United States,2018 BMW X5,Gas
8,13.1,United States,2022 BMW X7,Gas
4,7.6,Germany,2017 BMW X1,Gas
4,7.6,Germany,2021 BMW X3,Gas/Electric Hybrid
4,7.6,Germany,2019 BMW X1,Gas
8,12.4,Germany,2018 BMW M6 Coupe,Gas
4,7.6,Germany,2018 BMW X2,Gas
4,8.7,United States,2015 BMW X3,Gas
4,7.6,Germany,2012 BMW 1 Series,Gas
4,7.6,Germany,2022 BMW 2 Series,Gas
6,10.2,Germany,2025 BMW M3,Gas
6,8.1,United States,2025 BMW X6,Gas/Electric Hybrid
6,10.7,United States,2025 BMW X6,Gas
6,11.7,United States,2021 BMW X3 M,Gas
4,7.8,Germany,2022 BMW 2 Series Gran Coupe,Gas
4,5.9,Germany,2021 BMW 3 Series,Gas/Electric Hybrid
6,10.7,United States,2018 BMW X6,Gas
4,8.1,Germany,2012 BMW X1,Gas
4,8.1,Germany,2016 BMW 4 Series Gran Coupe,Gas
3,7.6,Germany,2021 BMW X1,Gas
6,10.7,United States,2016 BMW X5,Gas
4,5.9,Germany,2025 BMW 3 Series,Gas/Electric Hybrid
6,10.7,Germany,2020 BMW M4,Gas
4,5.6,Germany,2023 BMW 3 Series,Gas/Electric Hybrid
4,7.6,Germany,2024 BMW X1,Gas
4,7.1,United States,2023 BMW X3,Gas/Electric Hybrid
8,12.4,Germany,2023 BMW M5,Gas
4,8.1,Germany,2022 BMW 4 Series,Gas
4,7.8,Germany,2012 BMW 3 Series,Gas
4,7.1,Germany,2024 BMW 3 Series,Gas
4,8.1,Germany,2021 BMW 5 Series,Gas
4,7.6,Germany,2020 BMW X2,Gas
6,10.7,Germany,2009 BMW X3,Gas
4,7.1,Germany,2016 BMW 3 Series,Gas
6,9.4,Germany,2007 BMW 3 Series,Gas
8,13.8,United States,2022 BMW X6 M,Gas
8,10.7,Germany,2020 BMW 8 Series Gran Coupe,Gas
4,5.9,Germany,2024 BMW 3 Series,Gas/Electric Hybrid
6,10.7,Germany,2026 BMW M4,Gas
8,12.4,Germany,2020 BMW M8,Gas
6,9.4,Germany,2008 BMW 3 Series,Gas
6,9.4,Germany,2018 BMW 7 Series,Gas
,,Germany,2025 BMW i5,Electric
4,8.1,United States,2018 BMW X4,Gas
,,Germany,2024 BMW i7,Electric
8,13.8,United States,2023 BMW X7,Gas
4,7.6,Germany,2025 BMW 2 Series Gran Coupe,Gas
6,11.2,United States,2020 BMW X7,Gas
4,7.1,Germany,2019 BMW 2 Series,Gas
4,7.8,Germany,2025 BMW X1,Gas
4,8.1,Germany,2019 BMW 4 Series Gran Coupe,Gas
,,Germany,2023 BMW iX,Electric
6,10.7,United States,2019 BMW X6,Gas
8,12.4,Germany,2020 BMW M5,Gas
4,7.8,Germany,2014 BMW 2 Series,Gas
6,10.7,Germany,2022 BMW M3,Gas
8,11.2,Germany,2022 BMW 8 Series,Gas
6,11.2,United States,2024 BMW X7,Gas
6,11.2,United States,2012 BMW X6,Gas
4,8.1,Germany,2013 BMW X3,Gas
6,10.7,United States,2017 BMW X6,Gas
6,10.2,Germany,2012 BMW X3,Gas
6,10.7,Germany,2016 BMW M3,Gas
8,13.8,Germany,2018 BMW M6 Cabrio,Gas
4,8.1,Germany,2014 BMW 4 Series,Gas
4,7.6,Germany,2018 BMW 2 Series,Gas
4,7.6,Germany,2024 BMW X2,Gas
4,7.1,Germany,2024 BMW 2 Series,Gas
4,8.7,China,2025 Buick Envision,Gas
4,9.4,South Korea,2017 Buick Encore,Gas
3,8.1,South Korea,2020 Buick Encore,Gas
3,8.1,South Korea,2024 Buick Encore GX,Gas
4,9.4,South Korea,2019 Buick Encore,Gas
6,11.2,United States,2011 Buick Enclave,Gas
3,8.1,South Korea,2022 Buick Encore GX,Gas
6,10.7,United States,2018 Buick Enclave,Gas
3,8.1,South Korea,2023 Buick Encore GX,Gas
3,8.1,South Korea,2021 Buick Encore GX,Gas
3,8.1,South Korea,2020 Buick Encore GX,Gas
4,8.1,South Korea,2013 Buick Encore,Gas
4,8.7,South Korea,2018 Buick Encore,Gas
6,11.2,United States,2023 Buick Enclave,Gas
4,8.7,United States,2015 Buick Verano,Gas
4,8.7,China,2016 Buick Regal,Gas
6,11.2,United States,2020 Buick Enclave,Gas
3,8.1,South Korea,2025 Buick Encore GX,Gas
6,11.2,United States,2022 Buick Enclave,Gas
6,10.7,United States,2021 Buick Enclave,Gas
6,11.2,United States,2014 Buick Enclave,Gas
4,8.7,China,2017 Buick Regal,Gas
3,8.1,South Korea,2022 Buick Encore,Gas
4,8.7,Germany,2013 Buick Regal,Gas
6,10.7,United States,2024 Buick Enclave,Gas
4,9.4,China,2017 Buick Envision,Gas
4,8.1,China,2017 Buick Lacrosse,Gas
4,9.4,China,2020 Buick Envision,Gas
6,11.2,United States,2016 Buick Enclave,Gas
4,9.4,China,2019 Buick Envision,Gas
4,8.7,China,2016 Buick Envision,Gas
4,8.7,South Korea,2014 Buick Encore,Gas
4,8.1,Germany,2020 Buick Regal Sportback,Gas
4,8.1,Germany,2019 Buick Regal Sportback,Gas
3,8.1,South Korea,2024 Buick Encore,Gas
3,8.1,South Korea,2021 Buick Encore,Gas
4,8.7,South Korea,2016 Buick Encore,Gas
4,8.1,China,2016 Buick Verano,Gas
4,7.6,United States,2016 Buick Lacrosse,Gas/Electric Hybrid
4,8.1,United States,2014 Buick Verano,Gas
6,10.2,Canada,2009 Buick Allure,Gas
4,8.1,South Korea,2015 Buick Encore,Gas
4,8.7,United States,2016 Buick Lacrosse,Gas
4,8.1,United States,2013 Buick Verano,Gas
4,9.4,United States,2013 Buick Lacrosse,Gas
,,United States,2026 Cadillac Lyriq,Electric
,,China,2026 Cadillac Optiq,Electric
4,9.4,United States,2026 Cadillac XT5,Gas
4,8.7,United States,2026 Cadillac CT5,Gas
6,11.2,United States,2025 Cadillac XT6,Gas
4,9.8,United States,2025 Cadillac XT5,Gas
,,United States,2025 Cadillac Lyriq,Electric
4,9.4,United States,2026 Cadillac CT4-V,Gas
,,United States,2026 Cadillac Vistiq,Electric
4,8.1,United States,2026 Cadillac CT4,Gas
8,14.7,United States,2026 Cadillac Escalade,Gas
8,11.2,United States,2026 Cadillac CT5-V,Gas
4,9.4,United States,2020 Cadillac XT5,Gas
4,9.8,United States,2024 Cadillac XT5,Gas
8,14.7,United States,2022 Cadillac Escalade,Gas
4,9.4,United States,2024 Cadillac XT4,Gas
4,9.4,United States,2020 Cadillac XT4,Gas
4,9.8,United States,2018 Cadillac XT5,Gas
4,9.4,United States,2019 Cadillac XT5,Gas
8,14.7,United States,2022 Cadillac Escalade ESV,Gas
4,9.4,United States,2017 Cadillac XT5,Gas
8,14.7,United States,2021 Cadillac Escalade,Gas
4,9.4,United States,2025 Cadillac XT4,Gas
6,10.7,United States,2018 Cadillac XTS,Gas
6,10.2,United States,2015 Cadillac CTS Sedan,Gas
4,9.4,United States,2019 Cadillac XT4,Gas
6,10.7,United States,2015 Cadillac SRX,Gas
4,9.4,United States,2023 Cadillac XT4,Gas
4,9.4,United States,2021 Cadillac XT5,Gas
4,9.4,United States,2017 Cadillac ATS Coupe,Gas
6,11.2,United States,2022 Cadillac XT6,Gas
8,14.7,United States,2024 Cadillac Escalade ESV,Gas
8,14.7,United States,2016 Cadillac Escalade,Gas
4,9.8,United States,2023 Cadillac XT5,Gas
6,10.7,United States,2023 Cadillac XT6,Gas
8,14.7,United States,2023 Cadillac Escalade ESV,Gas
6,10.7,United States,2010 Cadillac CTS,Gas
4,9.4,United States,2018 Cadillac ATS Sedan,Gas
8,14.7,United States,2020 Cadillac Escalade ESV,Gas
8,14.7,United States,2020 Cadillac Escalade,Gas
6,10.7,United States,2013 Cadillac CTS Coupe,Gas
4,9.4,United States,2017 Cadillac CT6,Gas
6,10.2,United States,2014 Cadillac CTS Sedan,Gas
6,10.7,United States,2021 Cadillac XT6,Gas
4,8.1,United States,2021 Cadillac CT4,Gas
6,10.7,United States,2024 Cadillac CT5-V,Gas
6,11.2,United States,2024 Cadillac XT6,Gas
6,10.7,United States,2014 Cadillac XTS,Gas
4,9.4,United States,2015 Cadillac ATS Coupe,Gas
6,10.7,United States,2020 Cadillac XT6,Gas
4,8.1,United States,2013 Cadillac ATS,Gas
4,8.7,United States,2022 Cadillac CT5,Gas
4,8.1,United States,2023 Cadillac CT4,Gas
8,12.4,United States,2008 Cadillac DTS,Gas
4,8.1,United States,2020 Cadillac CT4,Gas
6,9.8,United States,2019 Cadillac CT6,Gas
8,11.2,United States,2025 Cadillac CT5-V,Gas
6,10.7,United States,2017 Cadillac XTS,Gas
4,8.7,United States,2015 Cadillac ATS Sedan,Gas
4,9.4,United States,2016 Cadillac ATS Sedan,Gas
4,8.7,United States,2021 Cadillac CT5,Gas
4,9.4,United States,2021 Cadillac XT4,Gas
4,9.4,United States,2023 Cadillac CT4-V,Gas
6,10.7,United States,2010 Cadillac CTS Sedan,Gas
8,14.7,United States,2015 Cadillac Escalade ESV,Gas
,,United States,2025 Cadillac Escalade IQ,Electric
8,14.7,United States,2017 Cadillac Escalade,Gas
4,8.1,United States,2022 Cadillac CT4,Gas
4,8.7,United States,2014 Cadillac ATS,Gas
4,8.7,United States,2017 Cadillac ATS Sedan,Gas
6,10.2,United States,2013 Cadillac XTS,Gas
8,14.7,United States,2019 Cadillac Escalade ESV,Gas
8,14.7,United States,2024 Cadillac Escalade,Gas
6,10.2,United States,2018 Cadillac CTS Sedan,Gas
6,10.7,United States,2007 Cadillac CTS,Gas
6,10.2,United States,2016 Cadillac CTS Sedan,Gas
6,10.7,United States,2009 Cadillac CTS,Gas
8,15.7,United States,2007 Cadillac Escalade,Gas
4,9.4,United States,2023 Cadillac CT5,Gas
6,10.7,United States,2016 Cadillac XTS,Gas
6,10.2,United States,2011 Cadillac CTS Sedan,Gas
8,14.7,United States,2011 Cadillac CTS-V,Gas
8,15.7,United States,2010 Cadillac Escalade,Gas
8,13.8,United States,2010 Cadillac CTS-V,Gas
6,10.7,United States,2014 Cadillac SRX,Gas
8,14.7,United States,2005 Cadillac CTS-V,Gas
8,11.8,United States,2010 Cadillac DTS,Gas
8,12.4,United States,2009 Cadillac DTS,Gas
6,10.7,United States,2010 Cadillac SRX,Gas
8,12.4,United States,2005 Cadillac Deville,Gas
8,13.8,United States,2018 Cadillac CTS-V,Gas
8,11.8,United States,2007 Cadillac DTS,Gas
8,11.8,United States,2008 Cadillac XLR,Gas
6,10.7,United States,2013 Cadillac SRX,Gas
6,10.7,United States,2007 Cadillac STS,Gas
6,10.7,United States,2016 Cadillac ATS-V,Gas
4,8.7,United States,2017 Cadillac ATS,Gas
8,11.8,United States,2005 Cadillac XLR,Gas
4,9.4,United States,2024 Cadillac CT4-V,Gas
6,11.2,United States,2016 Cadillac SRX,Gas
,,United States,2014 Cadillac ELR,Electric
8,13.1,United States,2026 Chevrolet Tahoe,Gas
4,9.4,United States,2026 Chevrolet Colorado,Gas
8,16.8,United States,2026 Chevrolet Express 3500,Gas
8,10.7,United States,2026 Chevrolet Corvette,Gas
4,9.4,Mexico,2026 Chevrolet Blazer,Gas
,,Mexico,2026 Chevrolet Blazer EV,Electric
,,Mexico,2026 Chevrolet Equinox EV,Electric
4,9.4,Mexico,2025 Chevrolet Blazer,Gas
,,United States,2026 Chevrolet Silverado EV,Electric
8,10.7,United States,2025 Chevrolet Corvette,Gas
8,10.7,United States,2024 Chevrolet Corvette,Gas
4,6.7,South Korea,2015 Chevrolet Spark,Gas
4,8.1,United States,2015 Chevrolet Cruze,Gas
4,8.1,South Korea,2019 Chevrolet Trax,Gas
4,9.4,Canada,2021 Chevrolet Equinox,Gas
4,7.8,United States,2017 Chevrolet Cruze,Gas
4,8.1,South Korea,2015 Chevrolet Trax,Gas
4,7.8,South Korea,2019 Chevrolet Cruze,Gas
4,8.1,United States,2015 Chevrolet Malibu,Gas
4,9.4,Mexico,2024 Chevrolet Blazer,Gas
4,8.7,Canada,2022 Chevrolet Equinox,Gas
8,10.2,United States,2020 Chevrolet Corvette,Gas
4,9.4,United States,2024 Chevrolet Colorado,Gas
4,8.1,South Korea,2016 Chevrolet Trax,Gas
8,14.7,United States,2025 Chevrolet Silverado 2500 HD,Gas
8,12.4,United States,2017 Chevrolet Corvette Z06,Gas
4,8.1,United States,2016 Chevrolet Malibu,Gas
8,14.7,United States,2014 Chevrolet Silverado 2500 HD,Gas
4,6.4,United States,2019 Chevrolet Malibu Hybrid,Gas/Electric Hybrid
6,9.8,United States,2014 Chevrolet Camaro,Gas
6,9.8,United States,2023 Chevrolet Camaro,Gas
4,9.8,United States,2021 Chevrolet Colorado,Gas
4,8.7,Mexico,2024 Chevrolet Equinox,Gas
6,9.4,United States,2014 Chevrolet Impala,Gas
4,7.1,United States,2009 Chevrolet Malibu Hybrid,Gas/Electric Hybrid
8,14.7,United States,2017 Chevrolet Express 2500,Gas
4,8.7,United States,2018 Chevrolet Equinox,Gas
8,11.2,United States,2009 Chevrolet Corvette,Gas
4,8.1,United States,2013 Chevrolet Cruze,Gas
4,8.1,United States,2023 Chevrolet Malibu,Gas
6,9.4,United States,2019 Chevrolet Impala,Gas
,,,2025 Chevrolet Malibu,Gas
4,7.8,United States,2012 Chevrolet Cruze,Gas
4,9.4,United States,2015 Chevrolet Colorado,Gas
4,7.8,South Korea,2014 Chevrolet Sonic,Gas
6,9.8,United States,2022 Chevrolet Camaro,Gas
4,8.1,South Korea,2020 Chevrolet Trax,Gas
4,8.1,South Korea,2013 Chevrolet Trax,Gas
4,6.7,South Korea,2014 Chevrolet Spark,Gas
8,13.1,United States,2023 Chevrolet Suburban,Gas
8,13.1,United States,2021 Chevrolet Suburban,Gas
4,8.1,South Korea,2014 Chevrolet Trax,Gas
8,14.7,United States,2017 Chevrolet Tahoe,Gas
4,7.6,South Korea,2016 Chevrolet Sonic,Gas
4,7.1,South Korea,2020 Chevrolet Spark,Gas
3,8.1,South Korea,2021 Chevrolet Trailblazer,Gas
8,13.1,United States,2019 Chevrolet Tahoe,Gas
3,8.1,South Korea,2022 Chevrolet Trailblazer,Gas
8,13.1,United States,2024 Chevrolet Suburban,Gas
4,8.7,Mexico,2023 Chevrolet Equinox,Gas
4,8.1,United States,2016 Chevrolet Cruze Limited,Gas
4,8.1,South Korea,2017 Chevrolet Trax,Gas
4,9.4,United States,2014 Chevrolet Equinox,Gas
4,7.1,South Korea,2019 Chevrolet Spark,Gas
8,14.7,United States,2011 Chevrolet Silverado 3500,Gas
8,14.7,United States,2024 Chevrolet Express 2500,Gas
8,12.4,United States,2012 Chevrolet Corvette Z06,Gas
6,11.2,United States,2016 Chevrolet Traverse,Gas
4,8.1,United States,2019 Chevrolet Malibu,Gas
8,14.7,United States,2024 Chevrolet Silverado 3500 HD,Gas
4,8.1,United States,2022 Chevrolet Malibu,Gas
8,16.8,USA,2025 Chevrolet Silverado 3500 HD,Gas
4,7.1,South Korea,2021 Chevrolet Spark,Gas
8,13.1,United States,2023 Chevrolet Tahoe,Gas
8,12.4,United States,2009 Chevrolet Silverado 1500,Gas
6,10.2,United States,2011 Chevrolet Camaro,Gas
4,9.4,United States,2012 Chevrolet Equinox,Gas
8,14.7,United States,2024 Chevrolet Silverado 2500 HD,Gas
6,9.8,United States,2019 Chevrolet Camaro,Gas
4,8.1,United States,2016 Chevrolet Malibu Limited,Gas
8,11.8,United States,2005 Chevrolet Corvette,Gas
8,12.4,United States,2015 Chevrolet Corvette Z06,Gas
8,14.7,United States,2018 Chevrolet Express 2500,Gas
8,11.2,United States,2022 Chevrolet Corvette,Gas
8,14.7,United States,2011 Chevrolet Silverado 2500,Gas
,,Mexico,2024 Chevrolet Equinox EV,Electric
6,10.7,United States,2023 Chevrolet Traverse,Gas
8,14.7,United States,2022 Chevrolet Express 2500,Gas
8,16.8,United States,2009 Chevrolet Express 3500,Gas
8,13.1,United States,2018 Chevrolet Suburban,Gas
8,14.7,United States,2016 Chevrolet Express 2500,Gas
8,14.7,United States,2021 Chevrolet Silverado 2500 HD,Gas
8,10.7,United States,2017 Chevrolet Corvette,Gas
8,14.7,United States,2014 Chevrolet Silverado 3500 HD,Gas
8,14.7,United States,2014 Chevrolet Express 3500,Gas
4,9.4,United States,2019 Chevrolet Colorado,Gas
6,9.8,United States,2010 Chevrolet Camaro,Gas
8,13.1,United States,2015 Chevrolet Suburban,Gas
4,9.4,Mexico,2022 Chevrolet Blazer,Gas
8,14.7,United States,2023 Chevrolet Silverado 2500 HD,Gas
8,14.7,United States,2020 Chevrolet Express 2500,Gas
8,16.8,United States,2019 Chevrolet Express Commercial Cutaway,Gas
8,16.8,United States,2012 Chevrolet Express Commercial Cutaway,Gas
6,11.2,United States,2011 Chevrolet Traverse,Gas
4,8.1,United States,2014 Chevrolet Malibu,Gas
,,United States,2017 Chevrolet Bolt EV,Electric
8,13.1,United States,2025 Chevrolet Suburban,Gas
4,8.1,United States,2020 Chevrolet Malibu,Gas
4,5.6,United States,2018 Chevrolet Volt,Gas/Electric Hybrid
8,10.7,United States,2015 Chevrolet Corvette Z51,Gas
8,10.2,United States,2015 Chevrolet Corvette,Gas
4,7.8,South Korea,2018 Chevrolet Sonic,Gas
6,10.7,United States,2014 Chevrolet Traverse,Gas
4,9.8,United States,2022 Chevrolet Colorado,Gas
8,14.7,United States,2023 Chevrolet Express 2500,Gas
6,9.4,United States,2024 Chevrolet Camaro,Gas
4,10.2,Mexico,2015 Chevrolet City Express Cargo Van,Gas
8,14.7,United States,2021 Chevrolet Express 2500,Gas
4,9.4,United States,2015 Chevrolet Equinox,Gas
8,16.8,United States,2025 Chevrolet Express Commercial Cutaway,Gas
8,14.7,United States,2016 Chevrolet Silverado 3500 HD,Gas
6,10.7,Canada,2007 Chevrolet Equinox,Gas
,,,2027 Chrysler Grand Caravan,Gas
6,3.9,Canada,2024 Chrysler Pacifica Hybrid,Gas/Electric Hybrid
6,10.2,United States,2013 Chrysler 300,Gas
6,11.7,Canada,2023 Chrysler Grand Caravan,Gas
6,11.2,Canada,2020 Chrysler Pacifica,Gas
,,,2025 Chrysler Grand Caravan,Gas
6,10.7,Canada,2018 Chrysler 300,Gas
6,10.2,United States,2016 Chrysler 300,Gas
6,10.2,Canada,2019 Chrysler 300,Gas
6,11.2,Canada,2025 Chrysler Pacifica,Gas
6,10.7,Canada,2012 Chrysler Town & Country,Gas
6,3.9,Canada,2023 Chrysler Pacifica Hybrid,Gas/Electric Hybrid
6,3.9,Canada,2024 Chrysler Pacifica Hybrid,Electric
4,8.1,United States,2014 Chrysler 200,Gas
6,3.9,Canada,2023 Chrysler Pacifica Hybrid,Electric
8,11.2,Canada,2022 Chrysler 300,Gas
6,10.7,Canada,2013 Chrysler Town & Country,Gas
6,10.7,Canada,2014 Chrysler Town & Country,Gas
6,11.7,Canada,2021 Chrysler Grand Caravan,Gas
6,10.7,Canada,2015 Chrysler Town & Country,Gas
6,3.9,Canada,2020 Chrysler Pacifica Hybrid,Gas/Electric Hybrid
4,8.7,United States,2011 Chrysler 200,Gas
6,3.9,Canada,2019 Chrysler Pacifica Hybrid,Gas/Electric Hybrid
8,11.2,Canada,2021 Chrysler 300,Gas
6,10.7,Canada,2021 Chrysler Pacifica,Gas
4,9.4,United States,2008 Chrysler Sebring,Gas
6,3.9,Canada,2021 Chrysler Pacifica Hybrid,Gas/Electric Hybrid
6,3.9,Canada,2022 Chrysler Pacifica Hybrid,Gas/Electric Hybrid
4,8.1,United States,2015 Chrysler 200,Gas
6,10.7,United States,2011 Chrysler Town & Country,Gas
6,10.7,United States,2008 Chrysler 300,Gas
4,8.1,United States,2013 Chrysler 200,Gas
4,8.7,United States,2012 Chrysler 200,Gas
6,10.7,United States,2014 Chrysler 300,Gas
8,13.1,United States,2023 Dodge Durango,Gas
6,10.7,Mexico,2016 Dodge Journey,Gas
6,11.2,Mexico,2018 Dodge Journey,Gas
6,10.7,Canada,2017 Dodge Grand Caravan,Gas
4,10.2,Mexico,2015 Dodge Journey,Gas
6,10.7,Canada,2015 Dodge Grand Caravan,Gas
4,9.8,United States,2013 Dodge Journey,Gas
6,10.7,Canada,2018 Dodge Grand Caravan,Gas
4,8.1,Italy,2023 Dodge Hornet,Gas
6,10.7,United States,2018 Dodge Challenger,Gas
4,9.8,Canada,2012 Dodge Journey,Gas
4,9.8,Mexico,2014 Dodge Journey,Gas
6,10.7,United States,2016 Dodge Challenger,Gas
6,10.7,Canada,2010 Dodge Grand Caravan,Gas
6,10.7,United States,2019 Dodge Challenger,Gas
,,Italy,2024 Dodge Hornet,Electric
6,10.7,United States,2023 Dodge Challenger,Gas
6,10.7,Canada,2022 Dodge Challenger,Gas
6,11.2,Canada,2017 Dodge Durango,Gas
6,10.7,Canada,2014 Dodge Grand Caravan,Gas
4,8.1,Italy,2024 Dodge Hornet,Gas
6,11.2,United States,2013 Dodge Durango,Gas
6,11.2,Canada,2020 Dodge Grand Caravan,Gas
4,8.7,United States,2010 Dodge Caliber,Gas
6,10.7,United States,2015 Dodge Challenger,Gas
4,7.6,Italy,2024 Dodge Hornet,Gas/Electric Hybrid
6,11.2,United States,2020 Dodge Durango,Gas
,,United States,2024 Dodge Charger Daytona,Electric
6,10.7,Canada,2010 Dodge Journey,Gas
4,8.7,United States,2009 Dodge Caliber,Gas
6,10.7,Canada,2011 Dodge Grand Caravan,Gas
6,10.2,Canada,2017 Dodge Grand Caravan,Gas/Electric Hybrid
6,10.2,United States,2015 Dodge Charger,Gas
6,10.7,Canada,2020 Dodge Charger,Gas
6,10.7,United States,2010 Dodge Challenger,Gas
8,14.7,United States,2009 Dodge RAM 2500,Gas
4,7.6,Italy,2025 Dodge Hornet,Gas/Electric Hybrid
,,United States,2025 Dodge Charger Daytona,Electric
6,10.7,United States,2013 Dodge Challenger,Gas
8,13.1,United States,2019 Dodge RAM,Gas
4,8.7,Italy,2025 Dodge Hornet,Gas
6,11.2,United States,2018 Dodge Durango,Gas
,,Mexico,2025 Dodge Hornet,Electric
8,12.4,United States,2017 Ford Mustang Shelby,Gas
8,11.2,United States,2018 Ford Mustang Fastback,Gas
4,10.7,United States,2025 Ford Bronco,Gas
6,12.4,United States,2025 Ford Expedition,Gas
6,9.4,United States,2025 Ford F-150,Gas/Electric Hybrid
3,2.5,United States,2025 Ford Escape PHEV,Gas/Electric Hybrid
4,8.7,United States,2015 Ford Escape,Gas
4,8.1,United States,2021 Ford Escape,Gas
4,6.1,United States,2021 Ford Escape Hybrid,Gas/Electric Hybrid
8,11.2,United States,2025 Ford Mustang Convertible,Gas
4,10.2,United States,2024 Ford Explorer,Gas
4,6.4,United States,2026 Ford Escape,Gas/Electric Hybrid
4,8.7,United States,2019 Ford Escape,Gas
3,8.1,United States,2026 Ford Escape,Gas
3,8.1,India,2022 Ford EcoSport,Gas
8,14.7,United States,2024 Ford F-350 Super Duty,Gas
6,13.1,United States,2019 Ford Expedition,Gas
6,10.7,United States,2012 Ford Explorer,Gas
6,10.7,United States,2013 Ford Mustang Coupe,Gas
6,9.4,United States,2016 Ford Mustang,Gas
,,United States,2016 Ford Focus Electric,Electric
4,10.2,Thailand,2023 Ford Ranger,Gas
8,11.2,United States,2025 Ford Mustang Fastback,Gas
6,10.7,United States,2016 Ford Explorer,Gas
,,Mexico,2025 Ford Mustang Mach-E,Electric
6,10.7,United States,2012 Ford Mustang Convertible,Gas
4,9.4,Canada,2015 Ford Edge,Gas
3,8.1,India,2018 Ford EcoSport,Gas
8,14.7,United States,2019 Ford F-250 Super Duty,Gas
,,,2024 Ford Edge,Gas
6,10.2,United States,2010 Ford Mustang Convertible,Gas
8,13.1,United States,2010 Ford Mustang Shelby,Gas
4,9.8,Turkey,2012 Ford Transit Connect,Gas
8,11.2,United States,2023 Ford Mustang Convertible,Gas
8,11.2,United States,2024 Ford Mustang,Gas
6,9.8,United States,2024 Ford Mustang Convertible,Gas
6,9.8,United States,2016 Ford Mustang Fastback,Gas
3,7.1,Germany,2018 Ford Fiesta Hatchback,Gas
4,9.4,Canada,2017 Ford Edge,Gas
6,9.8,United States,2014 Ford Mustang Convertible,Gas
4,6.4,United States,2025 Ford Escape,Gas/Electric Hybrid
8,14.7,United States,2015 Ford Expedition,Gas
8,12.4,United States,2011 Ford F-150,Gas
8,14.7,United States,2022 Ford F-250 Super Duty,Gas
8,11.2,United States,2023 Ford Mustang Fastback,Gas
6,12.4,United States,2022 Ford Transit Passenger Van,Gas
4,9.8,Thailand,2011 Ford Ranger,Gas
8,11.2,United States,2006 Ford Mustang Convertible,Gas
3,8.1,India,2021 Ford EcoSport,Gas
3,8.1,India,2020 Ford EcoSport,Gas
4,8.1,United States,2010 Ford Fusion,Gas
4,8.1,United States,2013 Ford Escape,Gas
8,11.2,United States,2010 Ford Mustang Coupe,Gas
8,11.2,United States,2015 Ford Mustang Fastback,Gas
3,2.5,United States,2024 Ford Escape PHEV,Gas
6,9.8,United States,2014 Ford Mustang Coupe,Gas
8,11.7,United States,2017 Ford Mustang Fastback,Gas
6,11.7,United States,2019 Ford Police Interceptor Utility,Gas
4,9.4,United States,2020 Ford Explorer,Gas/Electric Hybrid
6,11.2,United States,2010 Ford Explorer,Gas
4,8.7,United States,2012 Ford Escape,Gas
6,13.1,United States,2025 Ford Expedition Max,Gas
3,2.5,United States,2024 Ford Escape PHEV,Electric
4,9.4,United States,2023 Ford Explorer,Gas/Electric Hybrid
8,14.7,United States,2012 Ford E-350,Gas
4,10.2,Thailand,2024 Ford Ranger,Gas
3,2.5,United States,2022 Ford Escape PHEV,Gas/Electric Hybrid
4,8.7,United States,2009 Ford Fusion,Gas
4,9.4,Spain,2014 Ford Transit Connect,Gas
8,12.4,United States,2020 Ford Mustang Shelby,Gas
8,14.7,United States,2015 Ford F-250 Super Duty,Gas
8,12.4,United States,2012 Ford Mustang Shelby,Gas
6,11.2,Canada,2016 Ford Flex,Gas
8,11.2,United States,2020 Ford Mustang Fastback,Gas
,,Turkey,2026 Ford Transit E-Transit Cargo Van,Electric
4,9.4,United States,2026 Ford Mustang Convertible,Gas
,,United States,2026 Ford Escape PHEV,Electric
8,13.1,United States,2023 GMC Yukon,Gas
4,9.4,Canada,2018 GMC Terrain,Gas
8,14.7,United States,2015 GMC Yukon XL,Gas
6,10.2,United States,2018 GMC Acadia,Gas
6,10.7,United States,2022 GMC Acadia,Gas
8,14.7,United States,2023 GMC Sierra 2500HD,Gas
8,14.7,United States,2016 GMC Savana Cargo Van,Gas
8,13.1,United States,2024 GMC Yukon,Gas
8,14.7,United States,2020 GMC Savana Cargo Van,Gas
8,13.1,United States,2022 GMC Yukon,Gas
8,14.7,United States,2017 GMC Savana Cargo Van,Gas
4,9.8,United States,2020 GMC Canyon,Gas
6,13.1,United States,2005 GMC Safari,Gas
8,14.7,United States,2020 GMC Sierra 2500HD,Gas
4,9.4,Canada,2019 GMC Terrain,Gas
8,16.8,United States,2022 GMC Sierra 3500HD,Gas
4,9.4,United States,2017 GMC Canyon,Gas
8,12.4,United States,2022 GMC Sierra 1500,Gas
6,10.2,United States,2021 GMC Acadia,Gas
8,14.7,United States,2019 GMC Savana Cargo Van,Gas
4,9.8,United States,2019 GMC Canyon,Gas
8,14.7,United States,2024 GMC Savana Cargo Van,Gas
8,14.7,United States,2019 GMC Yukon,Gas
8,16.8,United States,2014 GMC Savana Commercial Cutaway,Gas
8,14.7,United States,2023 GMC Savana Cargo Van,Gas
8,16.8,United States,2011 GMC Sierra 2500HD,Gas
4,9.4,Canada,2021 GMC Terrain,Gas
8,14.7,United States,2018 GMC Sierra 2500HD,Gas
6,10.7,United States,2013 GMC Acadia,Gas
8,14.7,United States,2019 GMC Yukon XL,Gas
8,14.7,United States,2021 GMC Savana Cargo Van,Gas
8,14.7,United States,2024 GMC Sierra 3500HD,Gas
8,14.7,United States,2024 GMC Savana Passenger,Gas
8,14.7,United States,2021 GMC Sierra 2500HD,Gas
8,14.7,United States,2020 GMC Yukon,Gas
4,9.4,United States,2024 GMC Acadia,Gas
8,16.8,United States,2024 GMC Savana Commercial Cutaway,Gas
8,14.7,United States,2024 GMC Savana 3500,Gas
8,16.8,United States,2021 GMC Savana Commercial Cutaway,Gas
,,United States,2026 GMC HUMMER EV SUV,Gas
8,16.8,United States,2019 GMC Savana Commercial Cutaway,Gas
8,14.7,United States,2016 GMC Sierra 2500HD,Gas
8,16.8,United States,2023 GMC Savana Commercial Cutaway,Gas
,,United States,2023 GMC HUMMER EV Pickup,Electric
8,12.4,United States,2013 GMC Sierra 1500,Gas
8,14.7,United States,2021 GMC Yukon XL,Gas
8,16.8,United States,2014 GMC Sierra 3500HD,Gas
4,9.4,United States,2012 GMC Terrain,Gas
8,14.7,United States,2017 GMC Yukon XL,Gas
8,16.8,United States,2026 GMC Sierra 3500HD,Gas
,,United States,2026 GMC HUMMER EV Pickup,Electric
8,14.7,United States,2026 GMC Savana,Gas
8,14.7,United States,2025 GMC Sierra 2500HD,Gas
8,14.7,United States,2025 GMC Sierra 3500HD,Gas
8,14.7,United States,2025 GMC Savana Passenger,Gas
6,10.7,South Korea,2021 Genesis G90,Gas
,,South Korea,2023 Genesis GV70 Electrified,Electric
,,South Korea,2026 Genesis GV70,Electric
4,9.4,South Korea,2021 Genesis G70,Gas
6,11.2,South Korea,2025 Genesis GV80,Gas
6,10.2,South Korea,2023 Genesis G80,Gas
4,8.7,South Korea,2025 Genesis G70,Gas
4,9.4,South Korea,2019 Genesis G70,Gas
,,South Korea,2023 Genesis G80,Electric
4,9.4,South Korea,2023 Genesis G70,Gas
4,8.7,South Korea,2020 Genesis G70,Gas
4,9.4,South Korea,2022 Genesis G70,Gas
6,10.7,South Korea,2023 Genesis GV80,Gas
6,10.2,South Korea,2017 Genesis G80,Gas
4,8.7,South Korea,2024 Genesis G70,Gas
6,10.2,South Korea,2025 Genesis G80,Gas
6,10.2,South Korea,2021 Genesis G80,Gas
6,10.7,South Korea,2017 Genesis G90,Gas
4,8.7,South Korea,2026 Genesis G70,Gas
6,10.7,South Korea,2022 Genesis GV80,Gas
6,11.2,South Korea,2026 Genesis GV80,Gas
6,11.2,South Korea,2025 Genesis GV80 Coupe,Gas
6,11.2,South Korea,2024 Genesis GV80,Gas
6,10.2,South Korea,2018 Genesis G80,Gas
4,9.4,South Korea,2023 Genesis GV60,Gas
6,10.7,South Korea,2021 Genesis GV80,Gas
6,10.7,South Korea,2020 Genesis G90,Gas
6,9.8,South Korea,2026 Genesis G80,Gas
6,10.7,South Korea,2025 Genesis G90,Gas
6,11.2,South Korea,2026 Genesis GV80 Coupe,Gas
6,10.2,South Korea,2019 Genesis G80,Gas
6,10.2,South Korea,2024 Genesis G80,Gas
,,South Korea,2024 Genesis GV60,Electric
6,10.2,South Korea,2020 Genesis G80,Gas
6,10.7,South Korea,2023 Genesis G90,Gas
6,9.8,South Korea,2025 Genesis GV80 Coupe,Gas/Electric Hybrid
4,6.7,Japan,2015 Honda Fit,Gas
4,7.6,United States,2020 Honda Civic Coupe,Gas
6,10.7,United States,2019 Honda Pilot,Gas
4,7.6,Japan,2023 Honda Civic Hatchback,Gas
6,10.7,United States,2023 Honda Passport,Gas
4,8.1,United States,2022 Honda Accord Sedan,Gas
4,7.8,United States,2023 Honda Accord Sedan,Gas
4,7.8,United States,2024 Honda Accord Sedan,Gas
4,7.6,United States,2015 Honda Civic Coupe,Gas
6,10.7,United States,2020 Honda Pilot,Gas
4,5.6,Japan,2018 Honda Clarity Plug-In-Hybrid,Gas/Electric Hybrid
4,5.1,United States,2025 Honda Accord Hybrid,Gas/Electric Hybrid
4,7.6,United Kingdom,2018 Honda Civic Hatchback,Gas
4,6,Canada,2024 Honda CR-V Hybrid,Gas
4,7.1,United Kingdom,2025 Honda Civic Hatchback,Gas
6,10.7,United States,2026 Honda Odyssey,Gas
4,8.1,United States,2012 Honda CR-V,Gas
4,7.8,Mexico,2025 Honda HR-V,Gas
4,6.7,Japan,2017 Honda Fit,Gas
4,6.7,Japan,2016 Honda Fit,Gas
6,10.7,United States,2022 Honda Ridgeline,Gas
4,7.6,United States,2011 Honda Civic Coupe,Gas
4,5.1,United States,2020 Honda Accord Hybrid,Gas/Electric Hybrid
4,7.6,Mexico,2022 Honda HR-V,Gas
4,8.1,United States,2014 Honda Accord Coupe,Gas
6,10.7,United States,2013 Honda Odyssey,Gas
6,10.7,United States,2026 Honda Ridgeline,Gas
4,7.1,Japan,2026 Honda Civic Hatchback,Gas
4,5.1,Japan,2026 Honda Civic Hatchback,Gas/Electric Hybrid
4,8.1,South Korea,2010 Hyundai Elantra,Gas
4,8.1,South Korea,2019 Hyundai Kona,Gas
4,7.1,South Korea,2019 Hyundai ACCENT,Gas
4,7.6,South Korea,2013 Hyundai ACCENT,Gas
4,8.1,South Korea,2015 Hyundai Elantra,Gas
4,7.1,South Korea,2017 Hyundai Elantra,Gas
4,8.1,South Korea,2014 Hyundai Elantra,Gas
4,8.1,South Korea,2013 Hyundai Sonata,Gas
4,4.9,South Korea,2023 Hyundai Elantra Hybrid,Gas/Electric Hybrid
4,7.8,South Korea,2019 Hyundai Elantra,Gas
4,8.1,South Korea,2023 Hyundai Tucson,Gas
4,7.6,India,2020 Hyundai Venue,Gas
4,8.7,South Korea,2024 Hyundai Tucson,Gas
4,8.1,South Korea,2017 Hyundai Elantra GT,Gas
6,10.2,South Korea,2012 Hyundai Santa Fe,Gas
4,7.6,South Korea,2015 Hyundai ACCENT,Gas
4,9.4,South Korea,2024 Hyundai Santa Cruz,Gas
4,9.4,South Korea,2012 Hyundai Tucson,Gas
4,8.1,South Korea,2025 Hyundai Tucson,Gas
,,South Korea,2024 Hyundai Kona Electric,Electric
4,9.4,South Korea,2018 Hyundai Tucson,Gas
4,4.9,South Korea,2022 Hyundai Elantra Hybrid,Gas
4,9.4,South Korea,2025 Hyundai Santa Fe,Gas
4,8.1,South Korea,2024 Hyundai Sonata,Gas
4,8.1,South Korea,2016 Hyundai Elantra GT,Gas
4,8.1,South Korea,2015 Hyundai Sonata,Gas
4,6.3,South Korea,2023 Hyundai Tucson Hybrid,Gas
4,2.6,South Korea,2023 Hyundai Tucson Plug-In Hybrid,Gas/Electric Hybrid
4,5.9,South Korea,2014 Hyundai Sonata Hybrid,Gas/Electric Hybrid
4,7.8,South Korea,2012 Hyundai Elantra,Gas
4,9.4,South Korea,2016 Hyundai Santa Fe Sport,Gas
4,5.1,South Korea,2026 Hyundai Sonata Hybrid,Gas/Electric Hybrid
4,8.1,South Korea,2018 Hyundai Kona,Gas
4,6.6,South Korea,2021 Hyundai Santa Fe Hybrid,Gas/Electric Hybrid
4,8.1,India,2025 Hyundai Venue,Gas
4,8.1,South Korea,2014 Hyundai Veloster,Gas
4,9.4,South Korea,2015 Hyundai Santa Fe Sport,Gas
4,8.1,South Korea,2019 Hyundai Sonata,Gas
4,7.8,South Korea,2006 Hyundai ACCENT,Gas
4,8.1,South Korea,2011 Hyundai Sonata,Gas
4,4.9,South Korea,2025 Hyundai Elantra Hybrid,Gas
6,11.2,South Korea,2015 Hyundai Santa Fe XL,Gas
6,10.7,South Korea,2011 Hyundai Santa Fe,Gas
4,7.8,South Korea,2013 Hyundai Veloster,Gas
4,8.1,South Korea,2013 Hyundai Elantra GT,Gas
4,9.4,South Korea,2011 Hyundai Tucson,Gas
4,6.3,South Korea,2022 Hyundai Tucson Hybrid,Gas
4,1.1,South Korea,2022 Hyundai IONIQ Plug-In-Hybrid,Electric
4,7.1,South Korea,2017 Hyundai ACCENT,Gas
4,6.4,South Korea,2026 Hyundai Santa Fe Hybrid,Gas
4,6.4,South Korea,2026 Hyundai Tucson Hybrid,Gas
,,South Korea,2026 Hyundai IONIQ 9,Electric
6,8.1,South Korea,2026 Hyundai Palisade Hybrid,Gas
,,South Korea,2026 Hyundai IONIQ 5,Electric
4,2.4,South Korea,2025 Hyundai Tucson Plug-In Hybrid,Electric
4,9.4,South Korea,2026 Hyundai Elantra N,Gas
,,South Korea,2026 Hyundai Kona Electric,Electric
6,10.7,Japan,2025 Infiniti QX60,Gas
6,11.2,Japan,2023 Infiniti QX60,Gas
6,10.2,Japan,2024 Infiniti Q50,Gas
4,9.8,Japan,2025 Infiniti QX55,Gas
6,10.7,Japan,2022 Infiniti QX60,Gas
6,10.7,Japan,2026 Infiniti QX60,Gas
6,10.7,Japan,2015 Infiniti QX60,Gas
6,10.2,Japan,2013 Infiniti EX,Gas
4,9.4,Japan,2024 Infiniti QX50,Gas
6,10.7,Japan,2017 Infiniti QX60,Gas
6,10.7,Japan,2014 Infiniti QX60,Gas
6,13.1,Japan,2026 Infiniti QX80,Gas
6,13.1,Japan,2024 Infiniti QX80,Gas
4,9.4,Japan,2022 Infiniti QX55,Gas
6,10.2,Japan,2023 Infiniti Q50,Gas
8,14.7,Japan,2022 Infiniti QX80,Gas
6,11.2,United States,2019 Infiniti QX60,Gas
6,13.1,Japan,2025 Infiniti QX80,Gas
6,9.8,Japan,2017 Infiniti Q50,Gas
6,11.7,Japan,2015 Infiniti QX70,Gas
4,9.8,Japan,2023 Infiniti QX55,Gas
6,10.2,Japan,2014 Infiniti Q60,Gas
6,10.7,Japan,2012 Infiniti G,Gas
6,7.8,Japan,2012 Infiniti M,Gas/Electric Hybrid
6,10.7,Japan,2014 Infiniti QX50,Gas
6,11.2,Japan,2015 Infiniti QX50,Gas
6,11.7,Japan,2017 Infiniti QX70,Gas
4,9.4,Japan,2020 Infiniti QX50,Gas
6,9.8,Japan,2020 Infiniti Q50,Gas
8,14.7,Japan,2023 Infiniti QX80,Gas
6,10.7,Japan,2021 Infiniti Q60,Gas
6,10.2,Japan,2012 Infiniti EX,Gas
6,11.2,Japan,2016 Infiniti QX50,Gas
6,10.7,Japan,2013 Infiniti JX35,Gas
4,9.8,Japan,2024 Infiniti QX55,Gas
6,10.2,Japan,2013 Infiniti G,Gas
6,10.7,Japan,2017 Infiniti QX50,Gas
6,9.8,Japan,2018 Infiniti Q50,Gas
6,10.7,Japan,2006 Infiniti M,Gas
8,14.7,Japan,2016 Infiniti QX80,Gas
6,10.2,Japan,2010 Infiniti EX,Gas
6,10.2,Japan,2018 Infiniti Q70,Gas
6,11.2,Japan,2010 Infiniti FX,Gas
6,10.2,Japan,2008 Infiniti EX,Gas
4,8.1,United Kingdom,2017 Infiniti QX30,Gas
6,10.7,Japan,2010 Infiniti G,Gas
6,10.2,Japan,2008 Infiniti G Sedan,Gas
6,10.2,Japan,2011 Infiniti G,Gas
4,8.1,Germany,2018 Infiniti QX30,Gas
4,7.8,Japan,2014 Infiniti Q50,Gas/Electric Hybrid
6,10.2,Japan,2013 Infiniti M Sedan,Gas
6,10.7,Japan,2008 Infiniti M,Gas
,,Japan,2014 Infiniti Q50,Electric
6,10.7,Japan,2009 Infiniti G,Gas
6,10.7,Japan,2008 Infiniti G,Gas
6,10.7,Japan,2027 Infiniti QX60,Gas
4,8.7,China,2018 Jeep Compass,Gas
4,9.4,United States,2019 Jeep Cherokee,Gas
6,13.1,United States,2007 Jeep Wrangler,Gas
4,9.4,China,2021 Jeep Compass,Gas
4,9.8,United States,2021 Jeep Cherokee,Gas
6,12.4,United States,2017 Jeep Wrangler Unlimited,Gas
4,8.7,United States,2023 Jeep Wrangler 4xe,Gas/Electric Hybrid
6,11.2,United States,2013 Jeep Grand Cherokee,Gas
8,14.7,United States,2022 Jeep Grand Wagoneer,Gas
6,11.2,United States,2017 Jeep Grand Cherokee,Gas
4,9.4,United States,2015 Jeep Cherokee,Gas
6,13.1,United States,2008 Jeep Wrangler,Gas
6,11.2,United States,2022 Jeep Grand Cherokee WK,Gas
6,11.2,United States,2024 Jeep Gladiator,Gas
6,11.2,United States,2022 Jeep Grand Cherokee L,Gas
4,3.4,United States,2024 Jeep Wrangler 4xe,Gas/Electric Hybrid
6,11.2,United States,2025 Jeep Grand Cherokee L,Gas
6,12.4,United States,2009 Jeep Wrangler,Gas
4,8.7,China,2019 Jeep Compass,Gas
6,11.2,United States,2014 Jeep Grand Cherokee,Gas
4,8.7,Mexico,2023 Jeep Compass,Gas
4,9.4,United States,2014 Jeep Patriot,Gas
4,3.9,United States,2024 Jeep Wrangler 4xe,Electric
6,11.7,United States,2022 Jeep Wrangler Unlimited,Gas
6,11.2,United States,2023 Jeep Gladiator,Gas
8,12.4,United States,2011 Jeep Grand Cherokee,Gas
4,9.4,United States,2017 Jeep Cherokee,Gas
4,9.4,Mexico,2022 Jeep Compass,Gas
4,8.7,Italy,2015 Jeep Renegade,Gas
4,3.4,United States,2023 Jeep Wrangler 4xe,Electric
6,12.4,United States,2014 Jeep Wrangler,Gas
4,9.4,United States,2022 Jeep Wrangler Unlimited,Gas/Electric Hybrid
6,11.2,United States,2022 Jeep Wagoneer,Gas/Electric Hybrid
6,11.7,United States,2022 Jeep Wrangler,Gas
6,11.2,United States,2022 Jeep Gladiator,Gas
6,11.7,United States,2018 Jeep Wrangler JK Unlimited,Gas
6,12.4,United States,2012 Jeep Wrangler,Gas
,,United States,2021 Jeep Wrangler Unlimited,Electric
4,8.7,Italy,2019 Jeep Renegade,Gas
6,11.2,United States,2012 Jeep Grand Cherokee,Gas
6,11.2,United States,2016 Jeep Grand Cherokee,Gas
8,12.4,United States,2008 Jeep Grand Cherokee,Gas
6,13.1,United States,2005 Jeep TJ,Gas
6,12.4,United States,2011 Jeep Wrangler,Gas
4,9.4,United States,2016 Jeep Patriot,Gas
4,3.4,United States,2022 Jeep Grand Cherokee 4xe,Electric
6,11.8,United States,2025 Jeep Wagoneer,Gas
4,3.4,United States,2023 Jeep Grand Cherokee 4xe,Electric
6,10.7,United States,2021 Kia Telluride,Gas
4,8.1,South Korea,2016 Kia Forte 5-Door,Gas
,,South Korea,2020 Kia Soul EV,Electric
4,8.1,South Korea,2014 Kia Forte,Gas
4,8.1,South Korea,2021 Kia Soul,Gas
4,7.8,South Korea,2016 Kia Rio,Gas
4,8.1,South Korea,2017 Kia Soul,Gas
4,8.1,South Korea,2020 Kia Sportage,Gas
4,8.7,South Korea,2018 Kia Sportage,Gas
4,9.4,South Korea,2022 Kia Sorento,Gas
4,6.4,South Korea,2025 Kia Sorento Hybrid,Gas/Electric Hybrid
4,8.1,South Korea,2025 Kia Sportage,Gas
4,8.1,South Korea,2025 Kia Seltos,Gas
4,8.1,South Korea,2022 Kia Soul,Gas
4,6.4,South Korea,2025 Kia Sportage Hybrid,Electric
,,South Korea,2025 Kia EV9,Electric
4,9.4,South Korea,2023 Kia Sorento,Gas
4,7.1,South Korea,2022 Kia Rio 5-door,Gas
4,7.8,South Korea,2014 Kia Rio,Gas
4,8.1,South Korea,2018 Kia Soul,Gas
6,10.7,United States,2022 Kia Telluride,Gas
6,10.7,South Korea,2019 Kia Sedona,Gas
4,2.5,South Korea,2025 Kia Sorento Plug-In Hybrid,Gas/Electric Hybrid
6,10.2,South Korea,2015 Kia Sorento,Gas
,,South Korea,2023 Kia Soul EV,Electric
4,8.1,South Korea,2024 Kia Soul,Gas
4,8.1,South Korea,2020 Kia Soul,Gas
4,6,South Korea,2025 Kia Sportage Hybrid,Gas/Electric Hybrid
6,10.7,South Korea,2024 Kia Telluride,Gas
4,8.1,South Korea,2015 Kia Forte,Gas
4,8.1,South Korea,2023 Kia Soul,Gas
4,7.1,South Korea,2023 Kia Rio 5-door,Gas
4,9.4,South Korea,2010 Kia Sportage,Gas
4,4.9,South Korea,2019 Kia Niro,Gas/Electric Hybrid
4,5.1,South Korea,2025 Kia Niro,Gas/Electric Hybrid
4,8.1,South Korea,2017 Kia Forte 5-Door,Gas
4,7.6,South Korea,2023 Kia Forte 5,Gas
,,South Korea,2022 Kia Soul EV,Electric
4,8.1,South Korea,2016 Kia Forte Koup,Gas
4,5.8,South Korea,2018 Kia Niro,Gas
4,7.8,South Korea,2025 Kia Carnival Hybrid,Gas/Electric Hybrid
4,5.1,South Korea,2026 Kia Niro,Gas/Electric Hybrid
4,8.1,South Korea,2017 Kia Forte,Gas
6,10.7,South Korea,2006 Kia Sportage,Gas
4,1.9,South Korea,2025 Kia Sorento Plug-In Hybrid,Electric
4,8.1,South Korea,2010 Kia Forte,Gas
4,9.4,South Korea,2019 Kia Stinger,Gas
4,7.6,South Korea,2018 Kia Rio 5-door,Gas
4,8.1,South Korea,2014 Kia Forte Koup,Gas
4,6.7,South Korea,2026 Kia Sorento Hybrid,Gas/Electric Hybrid
4,7.6,South Korea,2019 Kia Forte,Gas
4,8.1,South Korea,2021 Kia K5,Gas
4,8.1,South Korea,2018 Kia Optima,Gas
4,8.1,South Korea,2010 Kia Rio,Gas
4,2.5,South Korea,2026 Kia Sorento Plug-In Hybrid,Gas
4,6.4,South Korea,2026 Kia Sportage Hybrid,Gas
4,8.1,South Korea,2012 Kia Forte,Gas
4,8.1,South Korea,2016 Kia Optima,Gas
4,7.1,South Korea,2017 Kia Rio,Gas
4,7.1,South Korea,2020 Kia Rio,Gas
6,10.2,South Korea,2023 Kia Stinger,Gas
,,South Korea,2023 Kia EV6,Electric
4,9.4,South Korea,2008 Kia Rondo,Gas
,,South Korea,2023 Kia Niro EV,Electric
4,8.1,South Korea,2012 Kia Soul,Gas
4,8.1,South Korea,2025 Kia Soul,Gas
4,8.1,South Korea,2019 Kia Optima,Gas
4,9.4,South Korea,2018 Kia Stinger,Gas
4,8.7,South Korea,2015 Kia Rondo,Gas
4,4.9,South Korea,2018 Kia Niro,Gas/Electric Hybrid
4,7.8,South Korea,2016 Kia Forte,Gas
,,South Korea,2025 Kia EV6,Electric
4,2.5,South Korea,2026 Kia Sorento Plug-In Hybrid,Electric
4,7.1,South Korea,2026 Kia Carnival Hybrid,Gas/Electric Hybrid
,,South Korea,2026 Kia Niro,Electric
4,6.4,South Korea,2026 Kia Sportage Hybrid,Electric
4,1.9,South Korea,2026 Kia Niro Plug-In Hybrid,Electric
4,9.4,United Kingdom,2018 Land Rover Range Rover Evoque,Gas
6,11.2,United Kingdom,2021 Land Rover Range Rover Sport,Gas
6,11.2,United Kingdom,2023 Land Rover Range Rover,Gas
4,9.4,United Kingdom,2019 Land Rover Discovery Sport,Gas
6,10.7,United Kingdom,2024 Land Rover Range Rover Sport,Gas
6,8.1,United Kingdom,2025 Land Rover Range Rover Sport,Gas/Electric Hybrid
6,11.2,United Kingdom,2019 Land Rover Range Rover Sport,Gas
4,8.1,United Kingdom,2025 Land Rover Range Rover Evoque,Gas
6,9.4,United Kingdom,2022 Land Rover Range Rover Sport,Gas/Electric Hybrid
4,8.9,United Kingdom,2021 Land Rover Range Rover Evoque,Gas
,,United Kingdom,2021 Land Rover Range Rover Sport,Electric
4,9.4,United Kingdom,2021 Land Rover Range Rover Velar,Gas
6,11.7,United Kingdom,2022 Land Rover Defender,Gas
8,14.7,United Kingdom,2021 Land Rover Range Rover,Gas
6,11.2,United Kingdom,2026 Land Rover Defender,Gas
8,13.8,United Kingdom,2014 Land Rover Range Rover Sport,Gas
6,11.2,United Kingdom,2025 Land Rover Defender,Gas
6,9.4,United Kingdom,2022 Land Rover Range Rover,Gas/Electric Hybrid
4,9.4,United Kingdom,2025 Land Rover Discovery Sport,Gas
4,9.4,United Kingdom,2023 Land Rover Discovery Sport,Gas
6,8.1,United Kingdom,2023 Land Rover Range Rover Sport,Gas/Electric Hybrid
6,11.2,United Kingdom,2020 Land Rover Range Rover Sport,Gas
4,9.4,United Kingdom,2021 Land Rover Discovery Sport,Gas
6,11.2,United Kingdom,2025 Land Rover Range Rover Sport,Gas
8,13.1,United Kingdom,2022 Land Rover Range Rover,Gas
4,9.4,United Kingdom,2015 Land Rover Discovery Sport,Gas
4,9.4,United Kingdom,2016 Land Rover Range Rover Evoque,Gas
8,13.1,United Kingdom,2019 Land Rover Range Rover,Gas
6,11.2,United Kingdom,2024 Land Rover Range Rover,Gas
6,11.2,United Kingdom,2025 Land Rover Discovery,Gas
4,9.4,United Kingdom,2024 Land Rover Range Rover Evoque,Gas
6,11.2,United Kingdom,2020 Land Rover Discovery,Gas
4,9.4,United Kingdom,2019 Land Rover Range Rover Velar,Gas
6,11.2,United Kingdom,2018 Land Rover Discovery,Gas
6,11.2,United Kingdom,2019 Land Rover Discovery,Gas
6,11.2,United Kingdom,2017 Land Rover Discovery,Gas
4,11.2,United Kingdom,2020 Land Rover Defender,Gas
4,9.4,United Kingdom,2024 Land Rover Discovery Sport,Gas
8,13.8,United Kingdom,2016 Land Rover Range Rover,Gas
8,14.7,United Kingdom,2018 Land Rover Range Rover,Gas
4,9.4,United Kingdom,2012 Land Rover Range Rover Evoque,Gas
6,9.4,United Kingdom,2025 Land Rover Defender,Gas/Electric Hybrid
6,11.2,United Kingdom,2024 Land Rover Discovery,Gas
6,9.4,United Kingdom,2023 Land Rover Range Rover,Gas/Electric Hybrid
6,11.2,United Kingdom,2026 Land Rover Discovery,Gas
10,12.4,Japan,2018 Lexus LC,Gas
6,10.2,Japan,2008 Lexus IS,Gas
4,9.4,Japan,2019 Lexus NX,Gas
6,10.7,Japan,2018 Lexus RX,Gas
4,9.4,Japan,2016 Lexus NX,Gas
4,7.6,Japan,2024 Lexus RX,Gas/Electric Hybrid
4,5.9,Japan,2025 Lexus ES,Gas/Electric Hybrid
4,5.4,Japan,2022 Lexus UX,Gas/Electric Hybrid
4,6.4,Japan,2025 Lexus NX,Gas/Electric Hybrid
6,9.8,Japan,2018 Lexus GS,Gas
4,9.4,Japan,2024 Lexus RX,Gas
4,8.1,Japan,2025 Lexus ES,Gas
6,8.1,Japan,2010 Lexus RX,Gas/Electric Hybrid
4,6.7,Japan,2026 Lexus NX,Gas/Electric Hybrid
6,9.8,Japan,2009 Lexus IS,Gas
6,11.8,Japan,2024 Lexus GX,Gas
4,8.1,Japan,2022 Lexus ES,Gas
6,9.8,Japan,2020 Lexus IS,Gas
6,9.4,Japan,2015 Lexus ES,Gas
8,10.7,Japan,2014 Lexus LS,Gas
6,10.7,Japan,2011 Lexus RX,Gas
4,9.4,Japan,2021 Lexus NX,Gas
6,9.4,Japan,2026 Lexus IS,Gas
6,9.4,Japan,2011 Lexus ES,Gas
4,4.3,Japan,2011 Lexus CT,Gas/Electric Hybrid
6,10.7,Japan,2013 Lexus RX,Gas
6,10.7,Japan,2014 Lexus RX,Gas
6,9.8,Japan,2012 Lexus IS,Gas
6,10.2,Japan,2024 Lexus RC,Gas
,,Japan,2024 Lexus NX,Electric
6,9.8,Japan,2008 Lexus ES,Gas
4,9.4,Japan,2015 Lexus NX,Gas
6,8.1,Japan,2022 Lexus RX,Gas/Electric Hybrid
4,8.1,Japan,2023 Lexus ES,Gas
,,Japan,2024 Lexus RX,Electric
6,9.4,Japan,2018 Lexus ES,Gas
6,10.7,Japan,2019 Lexus RX,Gas
8,10.7,Japan,2018 Lexus LS,Gas
4,5.6,Japan,2026 Lexus UX,Gas/Electric Hybrid
6,10.7,Japan,2020 Lexus RC,Gas
6,10.2,Japan,2010 Lexus IS,Gas
,,Japan,2025 Lexus RZ,Electric
4,8.1,Japan,2024 Lexus ES,Gas
4,7.1,Japan,2015 Lexus CT,Gas
6,9.8,Japan,2011 Lexus IS,Gas
6,8.1,Japan,2018 Lexus RX,Gas/Electric Hybrid
4,7.8,Japan,2025 Lexus UX,Gas
6,10.7,Japan,2010 Lexus RX,Gas
6,9.4,Japan,2017 Lexus ES,Gas
4,8.1,Japan,2019 Lexus ES,Gas
,,Japan,2023 Lexus NX,Electric
,,Japan,2023 Lexus RZ,Electric
6,12.4,Japan,2025 Lexus GX,Gas
8,15.7,Japan,2019 Lexus LX,Gas
6,10.7,Japan,2017 Lexus RX,Gas
6,10.7,United States,2025 Lexus TX,Gas
6,9.4,Japan,2025 Lexus TX,Gas/Electric Hybrid
6,7.6,Japan,2017 Lexus RX,Gas/Electric Hybrid
6,10.7,United States,2026 Lexus TX,Gas
8,14.7,Japan,2019 Lexus GX,Gas
8,15.7,Japan,2022 Lexus LX,Gas
6,9.8,Japan,2007 Lexus ES,Gas
4,6.7,Japan,2018 Lexus NX,Gas/Electric Hybrid
4,7.6,Japan,2014 Lexus CT,Gas
6,13.1,Japan,2023 Lexus GX,Gas
6,8.7,Japan,2026 Lexus TX,Gas/Electric Hybrid
6,9.8,Japan,2015 Lexus RC,Gas
,,Japan,2026 Lexus RZ,Electric
4,9.4,Japan,2025 Lexus RX,Gas
,,Japan,2026 Lexus RX,Electric
,,Japan,2025 Lexus RX,Electric
,,Japan,2026 Lexus NX,Electric
,,Japan,2026 Lexus ES,Electric
4,8.1,Japan,2026 Lexus UX,Gas
,,Japan,2026 Lexus RZ,Gas
8,16.8,Japan,2026 Lexus LX,Gas
4,8.7,United States,2025 Lincoln Corsair,Gas
6,14.7,United States,2024 Lincoln Navigator,Gas
4,8.1,United States,2026 Lincoln Corsair,Gas
4,8.1,China,2025 Lincoln Nautilus,Gas/Electric Hybrid
8,14.7,United States,2025 Lincoln Navigator L,Gas
4,8.1,United States,2021 Lincoln Corsair,Gas
6,11.2,United States,2021 Lincoln Aviator,Gas
6,11.2,United States,2025 Lincoln Aviator,Gas
8,14.7,United States,2022 Lincoln Navigator L,Gas
6,14.7,United States,2019 Lincoln Navigator,Gas
3,7.6,United States,2024 Lincoln Corsair,Gas/Electric Hybrid
4,8.1,United States,2015 Lincoln MKZ,Gas
6,13.8,United States,2021 Lincoln Navigator L,Gas
6,14.7,United States,2023 Lincoln Navigator,Gas
3,7.6,United States,2023 Lincoln Corsair,Gas/Electric Hybrid
6,9.4,United States,2023 Lincoln Aviator,Gas/Electric Hybrid
6,14.7,United States,2019 Lincoln Navigator L,Gas
4,9.4,Canada,2019 Lincoln Nautilus,Gas
4,8.1,United States,2017 Lincoln MKZ,Gas
8,14.7,United States,2016 Lincoln Navigator,Gas
4,8.1,United States,2014 Lincoln MKZ,Gas
8,14.7,United States,2026 Lincoln Navigator L,Gas
6,14.7,United States,2018 Lincoln Navigator L,Gas
6,10.7,United States,2015 Lincoln MKX,Gas
3,7.6,United States,2022 Lincoln Corsair,Gas/Electric Hybrid
4,9.4,United States,2018 Lincoln MKC,Gas
6,9.8,United States,2009 Lincoln MKZ,Gas
3,7.6,United States,2025 Lincoln Corsair,Gas/Electric Hybrid
4,8.1,United States,2018 Lincoln MKZ,Gas
4,9.4,United States,2017 Lincoln Continental,Gas
8,15.7,United States,2023 Lincoln Navigator L,Gas
6,9.4,United States,2022 Lincoln Aviator,Gas/Electric Hybrid
4,9.4,Canada,2020 Lincoln Nautilus,Gas
6,11.2,United States,2018 Lincoln MKT,Gas
6,9.4,United States,2021 Lincoln Aviator,Gas/Electric Hybrid
6,13.1,United States,2025 Lincoln Navigator,Gas
6,13.8,United States,2022 Lincoln Navigator,Gas
6,14.7,United States,2020 Lincoln Navigator,Gas
6,10.7,Canada,2016 Lincoln MKX,Gas
6,10.7,Canada,2017 Lincoln MKX,Gas
6,14.7,United States,2017 Lincoln Navigator L,Gas
6,10.7,Canada,2018 Lincoln MKX,Gas
6,10.7,United States,2013 Lincoln MKX,Gas
4,9.4,United States,2016 Lincoln MKC,Gas
4,9.4,United States,2017 Lincoln MKC,Gas
6,10.7,United States,2011 Lincoln MKS,Gas
6,10.7,United States,2014 Lincoln MKX,Gas
4,8.1,United States,2013 Lincoln MKZ,Gas
6,10.7,United States,2012 Lincoln MKX,Gas
6,10.7,United States,2011 Lincoln MKX,Gas
8,15.7,United States,2015 Lincoln Navigator,Gas
6,10.7,United States,2011 Lincoln MKT,Gas
6,10.7,United States,2014 Lincoln MKT,Gas
4,9.4,Canada,2021 Lincoln Nautilus,Gas
4,5.9,United States,2015 Lincoln MKZ,Gas/Electric Hybrid
8,14.7,United States,2013 Lincoln Navigator,Gas
6,14.7,United States,2018 Lincoln Navigator,Gas
4,8.1,United States,2016 Lincoln MKZ,Gas
6,9.4,United States,2010 Lincoln MKZ,Gas
6,9.4,United States,2012 Lincoln MKZ,Gas
8,12.4,United States,2011 Lincoln Town Car,Gas
6,11.2,United States,2024 Lincoln Aviator,Gas
6,9.8,United States,2020 Lincoln Continental,Gas
8,14.7,United States,2024 Lincoln Navigator L,Gas
4,8.1,United States,2020 Lincoln MKZ,Gas
8,15.7,United States,2006 Lincoln Navigator,Gas
6,10.7,United States,2010 Lincoln MKT,Gas
6,9.4,United States,2020 Lincoln Aviator,Gas/Electric Hybrid
4,7.8,China,2026 Lincoln Nautilus,Gas/Electric Hybrid
3,7.1,United States,2026 Lincoln Corsair,Gas/Electric Hybrid
3,7.8,Germany,2026 MINI Countryman,Gas
3,7.8,Germany,2027 MINI Countryman,Gas
3,6.7,United Kingdom,2026 MINI 3 Door,Gas
3,7.8,United Kingdom,2026 MINI Convertible,Gas
3,6.4,United Kingdom,2025 MINI 3 Door,Gas
3,7.1,United Kingdom,2026 MINI 5 Door,Gas
3,7.1,United Kingdom,2025 MINI 5 Door,Gas
,,Germany,2025 MINI Countryman,Electric
,,Germany,2026 MINI Countryman,Electric
,,Germany,2027 MINI Countryman,Electric
3,7.1,United Kingdom,2025 MINI Convertible,Gas
4,8.1,United Kingdom,2012 MINI Countryman,Gas
3,7.1,United Kingdom,2018 MINI Clubman,Gas
3,7.6,Netherlands,2019 MINI Countryman,Gas
3,7.6,Germany,2024 MINI Countryman,Gas
,,United Kingdom,2022 MINI 3 Door,Electric
3,6.7,United Kingdom,2013 MINI 3 Door,Gas
3,7.1,United Kingdom,2017 MINI Clubman,Gas
3,7.6,Netherlands,2018 MINI Countryman,Gas
3,6.7,United Kingdom,2014 MINI 3 Door,Gas
3,6.4,United Kingdom,2019 MINI 3 Door,Gas
3,6.4,United Kingdom,2019 MINI Countryman,Gas/Electric Hybrid
4,7.1,United Kingdom,2012 MINI 3 Door,Gas
3,6.4,United Kingdom,2020 MINI 3 Door,Gas
4,8.1,United Kingdom,2014 MINI Countryman,Gas
4,8.1,Austria,2016 MINI Paceman,Gas
3,6.4,United Kingdom,2023 MINI 3 Door,Gas
3,6.4,United Kingdom,2015 MINI 3 Door,Gas
3,6.4,United Kingdom,2024 MINI 3 Door,Gas
3,6.7,United Kingdom,2016 MINI 3 Door,Gas
,,United Kingdom,2023 MINI 3 Door,Electric
4,8.1,Germany,2016 MINI Countryman,Gas
3,7.1,United Kingdom,2023 MINI Convertible,Gas
3,7.1,United Kingdom,2019 MINI Clubman,Gas
3,6.4,United Kingdom,2022 MINI 3 Door,Gas
4,8.1,Austria,2013 MINI Paceman,Gas
3,7.1,United Kingdom,2019 MINI Convertible,Gas
3,7.1,United Kingdom,2020 MINI 5 Door,Gas
4,7.1,United Kingdom,2009 MINI 3 Door,Gas
4,7.8,United Kingdom,2013 MINI Convertible,Gas
,,United Kingdom,2021 MINI 3 Door,Electric
4,8.1,United Kingdom,2011 MINI Countryman,Gas
4,8.1,United Kingdom,2015 MINI Countryman,Gas
3,7.1,United Kingdom,2017 MINI Convertible,Gas
3,7.6,United Kingdom,2016 MINI Clubman,Gas
3,6.4,United Kingdom,2017 MINI 3 Door,Gas
3,6.4,United Kingdom,2021 MINI 3 Door,Gas
4,7.1,United Kingdom,2010 MINI 3 Door,Gas
4,8.1,Austria,2014 MINI Paceman,Gas
3,7.1,United Kingdom,2015 MINI Convertible,Gas
4,7.8,United Kingdom,2014 MINI Convertible,Gas
3,7.1,United Kingdom,2023 MINI 5 Door,Gas
3,7.6,Netherlands,2020 MINI Countryman,Gas
3,7.1,United Kingdom,2022 MINI Clubman,Gas
3,7.1,United Kingdom,2020 MINI Clubman,Gas
3,7.1,United Kingdom,2019 MINI 5 Door,Gas
3,7.1,United Kingdom,2024 MINI Convertible,Gas
4,7.8,United Kingdom,2010 MINI Clubman,Gas
3,7.1,United Kingdom,2022 MINI Convertible,Gas
3,7.1,United Kingdom,2021 MINI 5 Door,Gas
3,7.1,United Kingdom,2021 MINI Clubman,Gas
3,7.1,United Kingdom,2015 MINI 5 Door,Gas
3,6.4,Netherlands,2020 MINI Countryman,Gas/Electric Hybrid
3,7.1,United Kingdom,2016 MINI Convertible,Gas
3,7.1,United Kingdom,2020 MINI Convertible,Gas
4,8.1,United Kingdom,2007 MINI Convertible,Gas
4,7.8,United Kingdom,2014 MINI Clubman,Gas
3,7.1,United Kingdom,2021 MINI Convertible,Gas
4,7.8,United Kingdom,2008 MINI Clubman,Gas
4,7.8,United Kingdom,2013 MINI Coupe,Gas
4,7.8,United Kingdom,2005 MINI 3 Door,Gas
4,7.8,United Kingdom,2012 MINI Convertible,Gas
4,7.8,United Kingdom,2008 MINI Convertible,Gas
4,7.1,United Kingdom,2011 MINI 3 Door,Gas
4,7.8,United Kingdom,2009 MINI Clubman,Gas
4,8.1,United Kingdom,2013 MINI Countryman,Gas
3,7.8,Netherlands,2017 MINI Countryman,Gas
3,7.1,United Kingdom,2017 MINI Cooper Hardtop,Gas
4,8.1,Austria,2015 MINI Paceman,Gas
4,7.8,United Kingdom,2006 MINI 3 Door,Gas
4,7.8,United Kingdom,2009 MINI Coupe,Gas
4,7.1,United Kingdom,2008 MINI 3 Door,Gas
4,7.6,Japan,2022 Mazda CX-3,Gas
4,7.6,Japan,2014 Mazda Mazda3,Gas
4,8.1,Japan,2010 Mazda Mazda3,Gas
4,7.6,Japan,2017 Mazda CX-3,Gas
4,7.8,Japan,2013 Mazda Mazda3,Gas
4,8.1,Japan,2021 Mazda CX-30,Gas
6,11.2,Japan,2022 Mazda CX-9,Gas
4,8.1,Japan,2022 Mazda Mazda3 Sport,Gas
4,8.7,Japan,2023 Mazda CX-5,Gas
4,8.1,Japan,2014 Mazda Mazda6,Gas
4,7.8,Japan,2025 Mazda MX-5 Miata RF,Gas
4,7.6,Japan,2017 Mazda Mazda3,Gas
4,8.7,United States,2024 Mazda CX-50,Gas
4,7.8,Japan,2021 Mazda CX-3,Gas
4,7.6,Japan,2020 Mazda Mazda3,Gas
4,10.2,Japan,2016 Mazda CX-9,Gas
4,7.8,Japan,2023 Mazda Mazda3,Gas
4,8.1,Japan,2021 Mazda Mazda6,Gas
4,8.1,Japan,2022 Mazda Mazda3,Gas
4,6.7,Japan,2024 Mazda CX-90 PHEV,Gas/Electric Hybrid
4,7.6,Japan,2022 Mazda MX-5 Miata Roadster,Gas
4,6.4,Japan,2025 Mazda CX-50 Hybrid,Gas/Electric Hybrid
4,6.7,Japan,2025 Mazda CX-50 Hybrid,Gas
6,11.2,Japan,2011 Mazda CX-9,Gas
4,8.1,Japan,2018 Mazda Mazda6,Gas
,,Japan,2022 Mazda MX-30,Electric
4,8.1,Japan,2024 Mazda CX-90 MHEV,Gas/Electric Hybrid
4,8.1,Japan,2025 Mazda CX-70 PHEV,Gas
4,8.1,Japan,2020 Mazda CX-3,Gas
6,8.1,Japan,2026 Mazda CX-70,Gas/Electric Hybrid
,,Japan,2026 Mazda CX-70,Electric
4,2.6,Japan,2026 Mazda CX-90 PHEV,Gas/Electric Hybrid
4,2.8,Japan,2026 Mazda CX-90 PHEV,Electric
4,7.8,Japan,2025 Mazda MX-5 Miata Roadster,Gas
4,2.6,Japan,2025 Mazda CX-70 PHEV,Electric
4,7.8,Japan,2026 Mazda MX-5 Miata,Gas
4,8.1,Germany,2022 Mercedes-Benz C-Class Sedan,Gas
4,9.4,Mexico,2025 Mercedes-Benz GLB,Gas
6,10.2,Germany,2011 Mercedes-Benz E-Class,Gas
4,9.4,Germany,2021 Mercedes-Benz GLC,Gas
6,10.2,Germany,2021 Mercedes-Benz S-Class,Gas
4,8.1,Germany,2021 Mercedes-Benz GLA,Gas
,,Germany,2023 Mercedes-Benz EQS,Electric
4,10.2,Germany,2025 Mercedes-Benz GLE,Gas
4,8.1,Germany,2021 Mercedes-Benz C-Class Sedan,Gas
,,Germany,2025 Mercedes-Benz EQE,Electric
4,7.8,Germany,2025 Mercedes-Benz C-Class Sedan,Gas
4,8.1,Germany,2017 Mercedes-Benz C-Class Coupe,Gas
4,9.4,Germany,2017 Mercedes-Benz C-Class Convertible,Gas
4,7.1,Germany,2022 Mercedes-Benz A-Class Hatchback,Gas
4,7.1,Germany,2022 Mercedes-Benz E-Class,Gas/Electric Hybrid
6,11.7,United States,2018 Mercedes-Benz GLS,Gas
8,16.8,Austria,2014 Mercedes-Benz G-Class,Gas
6,11.7,United States,2023 Mercedes-Benz GLS,Gas
4,9.4,Germany,2024 Mercedes-Benz GLC,Gas
4,8.7,Germany,2018 Mercedes-Benz C-Class Convertible,Gas
,,Germany,2022 Mercedes-Benz EQS,Electric
4,8.1,Germany,2024 Mercedes-Benz GLC,Gas/Electric Hybrid
4,8.1,Germany,2023 Mercedes-Benz E-Class,Gas
4,7.1,Germany,2026 Mercedes-Benz CLA,Gas
4,8.7,Germany,2021 Mercedes-Benz C-Class Convertible,Gas
,,Germany,2023 Mercedes-Benz EQB,Electric
6,8.1,Germany,2021 Mercedes-Benz S-Class,Gas/Electric Hybrid
6,8.7,United States,2023 Mercedes-Benz GLE,Gas/Electric Hybrid
6,10.7,United States,2024 Mercedes-Benz GLS,Gas/Electric Hybrid
4,8.1,Germany,2023 Mercedes-Benz GLA,Gas
8,10.7,Germany,2013 Mercedes-Benz SL-Class,Gas
6,10.7,United States,2022 Mercedes-Benz GLS,Gas/Electric Hybrid
6,11.2,United States,2019 Mercedes-Benz GLS,Gas
6,10.2,Germany,2019 Mercedes-Benz S-Class,Gas
6,10.7,Germany,2010 Mercedes-Benz GLK-Class,Gas
4,9.4,Germany,2022 Mercedes-Benz C-Class Convertible,Gas
4,8.1,Germany,2022 Mercedes-Benz GLA,Gas
6,10.7,Germany,2016 Mercedes-Benz GLE,Gas
6,10.7,United States,2017 Mercedes-Benz GLE,Gas
,,Germany,2024 Mercedes-Benz EQE,Electric
4,7.6,Germany,2024 Mercedes-Benz CLE,Gas/Electric Hybrid
6,10.2,Germany,2022 Mercedes-Benz S-Class,Gas
4,8.1,Germany,2023 Mercedes-Benz C-Class Coupe,Gas
4,8.7,Germany,2021 Mercedes-Benz C-Class Coupe,Gas
8,10.7,Germany,2013 Mercedes-Benz S-Class,Gas
6,11.2,United States,2020 Mercedes-Benz GLS,Gas
4,9.4,Mexico,2024 Mercedes-Benz GLB,Gas
6,11.2,United States,2017 Mercedes-Benz GLS,Gas
4,7.8,Hungary,2014 Mercedes-Benz CLA,Gas
8,11.2,Germany,2012 Mercedes-Benz CL-Class,Gas
,,Germany,2023 Mercedes-Benz EQE,Electric
8,15.7,Austria,2021 Mercedes-Benz G-Class,Gas
4,8.1,Germany,2021 Mercedes-Benz E-Class,Gas
4,8.1,Germany,2020 Mercedes-Benz C-Class Convertible,Gas
6,11.2,United States,2025 Mercedes-Benz GLS,Gas
8,12.4,Germany,2009 Mercedes-Benz SL-Class,Gas
6,12.4,Germany,2019 Mercedes-Benz Sprinter 2500,Gas
6,10.2,Germany,2016 Mercedes-Benz S-Class,Gas
4,9.4,Mexico,2026 Mercedes-Benz GLB,Gas
4,7.6,Germany,2018 Mercedes-Benz B-Class,Gas
4,8.1,Germany,2016 Mercedes-Benz GLA,Gas
4,6.8,Germany,2025 Mercedes-Benz E-Class,Gas/Electric Hybrid
,,Germany,2024 Mercedes-Benz EQS,Electric
4,9.4,Germany,2026 Mercedes-Benz CLE,Gas
,,Hungary,2025 Mercedes-Benz EQB,Electric
4,7.1,Germany,2026 Mercedes-Benz GLC,Gas/Electric Hybrid
6,11.2,Germany,2026 Mercedes-Benz GLE,Gas
4,9.4,Germany,2025 Mercedes-Benz CLE,Gas
4,6.4,Germany,2026 Mercedes-Benz E-Class,Gas/Electric Hybrid
,,Germany,2026 Mercedes-Benz EQE,Electric
4,7.8,Germany,2026 Mercedes-Benz C-Class Sedan,Gas
4,8.1,Germany,2026 Mercedes-Benz E-Class,Gas
,,Germany,2026 Mercedes-Benz GLC,Electric
6,8.7,United States,2025 Mercedes-Benz GLE,Gas/Electric Hybrid
6,8.5,Germany,2026 Mercedes-Benz GLE,Gas/Electric Hybrid
4,13.1,United States,2026 Mercedes-Benz Sprinter 2500 Passenger Van,Gas
,,Germany,2025 Mercedes-Benz eSprinter Cargo Van,Electric
,,Germany,2025 Mercedes-Benz EQS,Electric
,,,2025 Mercedes-Benz EQB,Gas
,,Germany,2025 Mercedes-Benz eSprinter,Electric
4,8.7,Japan,2025 Mitsubishi RVR,Gas
4,2.5,Japan,2026 Mitsubishi Outlander Plug-In Hybrid,Gas
4,1.9,Japan,2026 Mitsubishi Outlander Plug-In Hybrid,Electric
4,8.1,Japan,2025 Mitsubishi Outlander Plug-In Hybrid,Gas
4,9.4,Japan,2025 Mitsubishi Eclipse Cross,Gas
4,1.6,Japan,2025 Mitsubishi Outlander Plug-In Hybrid,Electric
4,2.5,Japan,2026 Mitsubishi Outlander Plug-In Hybrid,Gas/Electric Hybrid
4,8.7,Japan,2011 Mitsubishi RVR,Gas
4,8.7,Japan,2018 Mitsubishi Eclipse Cross,Gas
4,9.4,Japan,2023 Mitsubishi Eclipse Cross,Gas
3,6.4,Thailand,2022 Mitsubishi Mirage,Gas
4,1.8,Japan,2018 Mitsubishi Outlander Plug-In Hybrid,Gas/Electric Hybrid
4,1.8,Japan,2023 Mitsubishi Outlander Plug-In Hybrid,Electric
4,1.9,Japan,2020 Mitsubishi Outlander Plug-In Hybrid,Electric
4,9.4,Japan,2023 Mitsubishi Outlander,Gas
4,8.9,Japan,2018 Mitsubishi Outlander Plug-In Hybrid,Gas
4,8.7,Japan,2022 Mitsubishi RVR,Gas
4,8.7,Japan,2020 Mitsubishi RVR,Gas
4,8.7,Japan,2023 Mitsubishi RVR,Gas
4,1.9,Japan,2022 Mitsubishi Outlander Plug-In Hybrid,Electric
4,8.7,Japan,2017 Mitsubishi RVR,Gas
4,2.5,Japan,2022 Mitsubishi Outlander Plug-In Hybrid,Gas/Electric Hybrid
4,2.5,Japan,2024 Mitsubishi Outlander Plug-In Hybrid,Gas/Electric Hybrid
3,6.7,Thailand,2024 Mitsubishi Mirage,Gas
4,10.7,Japan,2015 Mitsubishi Lancer Evolution,Gas
4,9.4,Japan,2018 Mitsubishi Outlander,Gas
4,8.1,Japan,2014 Mitsubishi Lancer,Gas
4,9.8,Japan,2009 Mitsubishi Outlander,Gas
4,9.4,Japan,2015 Mitsubishi Outlander,Gas
3,6.4,Thailand,2017 Mitsubishi Mirage,Gas
4,9.4,Japan,2017 Mitsubishi Outlander,Gas
3,6.7,Thailand,2021 Mitsubishi Mirage,Gas
4,8.1,Japan,2017 Mitsubishi Lancer,Gas
4,8.1,Japan,2013 Mitsubishi Lancer,Gas
4,1.8,Japan,2019 Mitsubishi Outlander Plug-In Hybrid,Electric
4,8.7,Japan,2015 Mitsubishi RVR,Gas
4,8.7,Japan,2019 Mitsubishi Eclipse Cross,Gas
4,1.8,Japan,2020 Mitsubishi Outlander Plug-In Hybrid,Gas/Electric Hybrid
,,Japan,2024 Mitsubishi Outlander,Electric
4,7.8,Japan,2024 Mitsubishi Outlander,Gas/Electric Hybrid
4,9.4,Japan,2011 Mitsubishi Outlander,Gas
4,8.7,Japan,2018 Mitsubishi RVR,Gas
3,6.4,Thailand,2017 Mitsubishi Mirage G4,Gas
,,Japan,2016 Mitsubishi I-MiEV,Electric
4,8.7,Japan,2014 Mitsubishi RVR,Gas
3,6.7,Thailand,2023 Mitsubishi Mirage,Gas
4,2.5,Japan,2022 Mitsubishi Outlander Plug-In Hybrid,Gas
3,6.4,Thailand,2018 Mitsubishi Mirage,Gas
4,9.4,Japan,2016 Mitsubishi Outlander,Gas
4,8.7,Japan,2016 Mitsubishi RVR,Gas
4,8.7,Japan,2013 Mitsubishi RVR,Gas
4,9.4,Japan,2009 Mitsubishi Eclipse,Gas
4,8.7,Japan,2006 Mitsubishi Lancer,Gas
4,8.1,Japan,2012 Mitsubishi Lancer Sportback,Gas
3,6.4,Thailand,2018 Mitsubishi Mirage G4,Gas
4,1.6,Japan,2024 Mitsubishi Outlander Plug-In Hybrid,Electric
3,5.9,Thailand,2015 Mitsubishi Mirage,Gas
4,9.4,Japan,2008 Mitsubishi Eclipse,Gas
,,Japan,2012 Mitsubishi I-MiEV,Electric
4,8.1,Japan,2016 Mitsubishi Lancer,Gas
,,Japan,2014 Mitsubishi I-MiEV,Electric
4,8.7,Japan,2010 Mitsubishi Lancer,Gas
6,9.8,Japan,2011 Mitsubishi Eclipse,Gas
6,10.2,Japan,2009 Mitsubishi Galant,Gas
4,10.7,Japan,2012 Mitsubishi Lancer Evolution,Gas
4,8.1,Japan,2012 Mitsubishi Lancer,Gas
4,8.7,Japan,2012 Mitsubishi RVR,Gas
4,8.1,United States,2025 Nissan Altima,Gas
4,7.6,Mexico,2025 Nissan Sentra,Gas
6,9.8,United States,2025 Nissan Murano,Gas
4,7.1,Mexico,2025 Nissan Versa,Gas
,,Japan,2026 Nissan Leaf,Electric
,,Japan,2024 Nissan Leaf,Electric
3,6.4,Japan,2026 Nissan Rogue,Gas/Electric Hybrid
6,10.7,Japan,2026 Nissan Z,Gas
6,11.2,United States,2026 Nissan Pathfinder,Gas
4,7.8,Mexico,2019 Nissan Kicks,Gas
4,7.8,Mexico,2021 Nissan Kicks,Gas
4,8.1,Japan,2018 Nissan Qashqai,Gas
4,8.1,Japan,2016 Nissan Rogue,Gas
4,8.1,Japan,2017 Nissan Rogue,Gas
4,8.1,Japan,2015 Nissan Rogue,Gas
4,8.1,United States,2024 Nissan Altima,Gas
8,13.1,United States,2018 Nissan Titan,Gas
4,7.6,Mexico,2022 Nissan Sentra,Gas
4,10.7,Mexico,2021 Nissan NV200 Cargo Vans,Gas
6,13.1,Japan,2025 Nissan Armada,Gas
4,8.1,United Kingdom,2022 Nissan Qashqai,Gas
4,8.1,United States,2017 Nissan Altima,Gas
6,10.2,United States,2017 Nissan Murano,Gas
4,8.1,United Kingdom,2021 Nissan Qashqai,Gas
4,8.1,Japan,2017 Nissan Qashqai,Gas
4,7.8,Mexico,2023 Nissan Kicks,Gas
,,Japan,2022 Nissan Leaf,Electric
4,7.6,Mexico,2021 Nissan Sentra,Gas
6,9.8,United States,2016 Nissan Murano,Gas
8,14.7,Japan,2019 Nissan Armada,Gas
6,10.7,United States,2022 Nissan Murano,Gas
6,10.7,United States,2018 Nissan Murano,Gas
,,Japan,2021 Nissan Leaf,Electric
4,8.1,United States,2015 Nissan Altima,Gas
6,11.2,United States,2025 Nissan Pathfinder,Gas
4,7.6,Mexico,2019 Nissan Sentra,Gas
4,7.8,Mexico,2022 Nissan Kicks,Gas
6,12.4,Japan,2012 Nissan Xterra,Gas
4,7.6,Mexico,2023 Nissan Sentra,Gas
4,8.1,United States,2022 Nissan Altima,Gas
6,10.7,United States,2021 Nissan Murano,Gas
6,10.7,United States,2019 Nissan Murano,Gas
4,7.1,Mexico,2024 Nissan Versa,Gas
,,Japan,2019 Nissan Leaf,Electric
4,7.1,Mexico,2021 Nissan Versa,Gas
4,8.1,Japan,2010 Nissan Sentra,Gas
8,14.7,United States,2020 Nissan Titan,Gas
4,8.1,United States,2016 Nissan Altima,Gas
4,7.8,Japan,2009 Nissan Versa,Gas
,,Japan,2018 Nissan Leaf,Electric
6,10.7,United States,2014 Nissan Pathfinder,Gas
4,8.1,United States,2018 Nissan Altima,Gas
4,8.7,Japan,2013 Nissan Rogue,Gas
4,8.1,Japan,2014 Nissan Rogue,Gas
6,10.7,Japan,2012 Nissan Murano,Gas
6,8.7,Japan,2016 Nissan Maxima,Gas
6,10.7,Japan,2013 Nissan Murano,Gas
4,7.6,Mexico,2014 Nissan Sentra,Gas
,,Japan,2023 Nissan Leaf,Electric
,,Japan,2015 Nissan Leaf,Electric
4,9.4,Germany,2022 Porsche Macan,Gas
,,Germany,2022 Porsche Cayenne,Electric
6,11.2,Slovakia,2024 Porsche Cayenne,Gas
6,11.7,Germany,2025 Porsche Cayenne,Gas
6,8.2,Germany,2016 Porsche Cayenne,Gas/Electric Hybrid
6,10.7,Germany,2014 Porsche Cayenne,Gas
6,10.2,Germany,2006 Porsche Cayman,Gas
,,Germany,2024 Porsche Cayenne,Electric
6,2.9,Germany,2019 Porsche Panamera,Gas/Electric Hybrid
4,9.4,Slovakia,2026 Porsche Macan,Gas
6,2.5,Germany,2018 Porsche Panamera,Gas/Electric Hybrid
,,Germany,2020 Porsche Taycan,Electric
4,8.1,Germany,2018 Porsche Boxster 718,Gas
6,11.2,Germany,2026 Porsche Cayenne,Gas
6,3.4,Germany,2019 Porsche Cayenne,Gas/Electric Hybrid
4,8.1,Germany,2021 Porsche Cayman 718,Gas
6,10.7,Germany,2013 Porsche 911 Carrera 4S Cabriolet,Gas
6,10.7,Germany,2013 Porsche Cayenne,Gas
6,9.8,Germany,2019 Porsche Panamera,Gas
,,Germany,2019 Porsche Cayenne,Electric
4,8.7,Germany,2015 Porsche Macan,Gas
6,3.4,Germany,2023 Porsche Cayenne,Gas/Electric Hybrid
,,Germany,2021 Porsche Taycan,Electric
6,10.7,Germany,2011 Porsche 911 Carrera Cabriolet,Gas
4,8.1,Germany,2022 Porsche Cayman 718,Gas
6,11.2,Germany,2009 Porsche 911 Carrera S Coupe,Gas
,,,2008 Porsche Cayman 718,Gas
6,11.7,Germany,2011 Porsche Cayenne,Gas
,,Germany,2023 Porsche Cayenne,Electric
,,Germany,2024 Porsche Taycan,Electric
4,8.1,Germany,2025 Porsche Cayman 718,Gas
6,9.8,Germany,2018 Porsche Panamera,Gas
6,10.2,Germany,2020 Porsche Panamera,Gas
,,Germany,2018 Porsche Panamera,Electric
6,9.1,Germany,2015 Porsche 911 Carrera 4 Cabriolet,Gas
6,10.2,Germany,2013 Porsche 911 Carrera 4S Coupe,Gas
,,Germany,2023 Porsche Taycan,Electric
6,10.2,Germany,2013 Porsche Panamera,Gas
6,10.7,Germany,2009 Porsche 911 Carrera Coupe,Gas
6,9.4,Germany,2011 Porsche Boxster,Gas
6,2.9,Germany,2020 Porsche Panamera,Gas/Electric Hybrid
6,9.8,Germany,2009 Porsche Boxster,Gas
4,8.1,Germany,2016 Porsche Boxster,Gas
6,9.8,Germany,2010 Porsche Boxster,Gas
6,10.2,Germany,2007 Porsche Boxster,Gas
6,9.4,Germany,2017 Porsche Panamera,Gas
6,11.7,Germany,2008 Porsche 911 Carrera 4S Coupe,Gas
6,8.7,Germany,2013 Porsche Boxster,Gas
6,9.8,Germany,2016 Porsche Panamera,Gas
6,10.7,Germany,2012 Porsche 911 Carrera S Cabriolet,Gas
6,8.7,Germany,2015 Porsche Boxster,Gas
6,10.2,Germany,2013 Porsche 911 Carrera S Cabriolet,Gas
6,8.3,Germany,2017 Porsche Cayenne,Gas/Electric Hybrid
6,10.7,Germany,2015 Porsche Cayenne,Gas
6,10.2,Germany,2005 Porsche Boxster,Gas
6,10.2,Germany,2008 Porsche Boxster,Gas
6,10.7,United States,2022 RAM 1500,Gas/Electric Hybrid
4,10.2,Mexico,2018 RAM ProMaster City Cargo Van,Gas
4,10.7,Italy,2016 RAM ProMaster City Wagon,Gas
6,13.1,Mexico,2025 RAM 3500,Gas
4,10.2,Italy,2015 RAM ProMaster City Wagon,Gas
6,11.2,Mexico,2024 RAM ProMaster Cargo Van,Gas
4,10.7,Mexico,2022 RAM ProMaster City Cargo Van,Gas
6,13.1,Mexico,2022 RAM 3500,Gas
8,14.7,United States,2016 RAM 2500,Gas
8,14.7,United States,2012 RAM 2500,Gas
6,11.2,Mexico,2025 RAM ProMaster Window Van,Gas
6,12.4,Mexico,2021 RAM ProMaster Cargo Van,Gas
8,14.7,United States,2017 RAM 2500,Gas
6,12.4,Mexico,2023 RAM ProMaster Cargo Van,Gas
8,11.8,United States,2015 RAM 1500,Gas
8,13.1,Mexico,2024 RAM 1500 Classic,Gas
8,14.7,United States,2022 RAM 2500,Gas
6,10.7,United States,2023 RAM 1500,Gas/Electric Hybrid
8,12.4,United States,2020 RAM 1500 Classic,Gas
6,9.4,United States,2020 RAM 1500,Gas/Electric Hybrid
6,9.4,United States,2021 RAM 1500,Gas/Electric Hybrid
,,,2025 RAM ProMaster 3500,Gas/Electric Hybrid
6,12.4,Mexico,2023 RAM ProMaster 3500,Gas
6,12.4,Mexico,2025 RAM ProMaster 3500,Gas
4,10.7,Mexico,2020 RAM ProMaster City Cargo Van,Gas
4,10.7,United States,2012 RAM Cargo Van,Gas
6,12.4,Mexico,2020 RAM ProMaster Cargo Van,Gas
4,10.7,Mexico,2014 RAM Cargo Van,Gas
8,14.7,United States,2019 RAM 2500,Gas
8,11.2,United States,2014 RAM 1500,Gas
8,14.7,United States,2017 RAM 3500,Gas
4,11.2,Mexico,2026 RAM ProMaster,Gas
8,14.7,United States,2011 RAM 2500,Gas
4,10.7,Mexico,2015 RAM Cargo Van,Gas
8,14.7,United States,2020 RAM 2500,Gas
6,12.4,Mexico,2018 RAM ProMaster Cargo Van,Gas
8,11.8,United States,2012 RAM 1500,Gas
4,11.2,Mexico,2026 RAM ProMaster Cargo Van,Gas
4,7.6,Japan,2026 Subaru Crosstrek,Gas
4,8.1,Japan,2026 Subaru Forester,Gas
4,8.1,Japan,2026 Subaru Outback,Gas
4,9.4,Japan,2026 Subaru WRX,Gas
4,8.1,Japan,2026 Subaru BRZ,Gas
4,7.8,Japan,2026 Subaru Impreza,Gas
4,6.4,Japan,2026 Subaru Crosstrek Hybrid,Gas/Electric Hybrid
4,7.8,Japan,2025 Subaru Impreza,Gas
4,7.1,Japan,2026 Subaru Forester,Gas/Electric Hybrid
4,8.1,Japan,2017 Subaru Crosstrek,Gas
4,8.1,Japan,2019 Subaru Forester,Gas
4,7.8,Japan,2012 Subaru Impreza,Gas
4,7.6,Japan,2020 Subaru Crosstrek,Gas
4,7.8,Japan,2023 Subaru Impreza,Gas
4,8.7,Japan,2014 Subaru Forester,Gas
4,8.1,Japan,2020 Subaru Forester,Gas
4,8.7,Japan,2016 Subaru Forester,Gas
4,10.7,United States,2024 Subaru Ascent,Gas
4,8.1,Japan,2025 Subaru Outback,Gas
4,8.1,Japan,2022 Subaru Forester,Gas
4,9.4,Japan,2011 Subaru Forester,Gas
4,9.4,Japan,2013 Subaru Forester,Gas
4,9.4,Japan,2020 Subaru WRX,Gas
4,9.4,Japan,2009 Subaru Forester,Gas
4,8.1,Japan,2019 Subaru Outback,Gas
4,9.4,Japan,2015 Subaru WRX,Gas
4,10.7,Japan,2018 Subaru WRX STI,Gas
4,8.1,Japan,2019 Subaru Legacy,Gas
4,8.1,Japan,2013 Subaru Impreza,Gas
4,7.8,Japan,2023 Subaru Crosstrek,Gas
4,8.1,Japan,2015 Subaru Legacy,Gas
4,8.1,Japan,2016 Subaru Impreza,Gas
4,9.4,Japan,2019 Subaru WRX,Gas
4,8.1,Japan,2019 Subaru Impreza,Gas
4,9.4,Japan,2022 Subaru WRX,Gas
4,8.7,Japan,2019 Subaru BRZ,Gas
4,8.1,Japan,2022 Subaru Legacy,Gas
4,8.1,Japan,2021 Subaru Outback,Gas
4,8.1,Japan,2020 Subaru Legacy,Gas
4,7.8,Japan,2022 Subaru Impreza,Gas
4,8.1,Japan,2012 Subaru Legacy,Gas
4,9.4,Japan,2016 Subaru WRX,Gas
4,7.6,Japan,2024 Subaru Impreza,Gas
4,8.1,Japan,2013 Subaru Legacy,Gas
4,9.4,Japan,2021 Subaru WRX,Gas
4,11.2,Japan,2019 Subaru WRX STI,Gas
,,Japan,2023 Subaru Solterra,Electric
4,10.7,Japan,2021 Subaru WRX STI,Gas
4,8.1,Japan,2018 Subaru BRZ,Gas
4,9.4,Japan,2017 Subaru WRX,Gas
4,10.7,United States,2019 Subaru Ascent,Gas
,,Japan,2024 Subaru Solterra,Electric
4,7.8,Japan,2014 Subaru Impreza,Gas
4,10.7,United States,2025 Subaru Ascent,Gas
4,8.1,Japan,2016 Subaru BRZ,Gas
4,10.7,Japan,2020 Subaru WRX STI,Gas
4,8.1,Japan,2024 Subaru BRZ,Gas
4,8.1,Japan,2020 Subaru Impreza,Gas
4,8.1,Japan,2017 Subaru Legacy,Gas
4,8.1,Japan,2017 Subaru BRZ,Gas
4,8.1,Japan,2011 Subaru Legacy,Gas
4,9.4,Japan,2012 Subaru Forester,Gas
4,8.1,Japan,2013 Subaru BRZ,Gas
4,8.1,Japan,2015 Subaru Impreza,Gas
4,8.1,Japan,2020 Subaru BRZ,Gas
4,8.1,Japan,2023 Subaru Legacy,Gas
4,8.1,Japan,2016 Subaru Legacy,Gas
4,10.7,United States,2020 Subaru Ascent,Gas
4,8.7,Japan,2011 Subaru Outback,Gas
4,8.1,Japan,2015 Subaru XV Crosstrek,Gas
4,8.1,Japan,2010 Subaru Legacy,Gas
4,9.8,Japan,2005 Subaru Outback,Gas
4,8.1,Japan,2016 Subaru Outback,Gas
4,8.1,Japan,2011 Subaru Impreza,Gas
,,United States,2019 Tesla Model 3,Electric
,,United States,2021 Tesla Model S,Electric
,,United States,2024 Tesla Cybertruck,Electric
,,,2018 Tesla Model 3,Gas
,,United States,2022 Tesla Model X,Electric
,,United States,2023 Tesla Model S,Electric
,,United States,2018 Tesla Model 3,Electric
,,United States,2025 Tesla Model 3,Electric
,,United States,2014 Tesla Model S,Gas
,,United States,2013 Tesla Model S,Electric
,,United States,2016 Tesla Model X,Electric
,,United States,2024 Tesla Model X,Electric
,,United States,2018 Tesla Model S,Electric
,,,2016 Tesla Model X,Gas
,,,2023 Tesla Model Y,Gas
,,United States,2017 Tesla Model X,Electric
,,United States,2021 Tesla Model X,Electric
,,,2022 Tesla Model 3,Gas
,,United States,2022 Tesla Model S,Electric
,,United States,2024 Tesla Model 3,Electric
,,United States,2016 Tesla Model S,Electric
,,United States,2018 Tesla Model X,Electric
,,United States,2020 Tesla Model S,Electric
,,United States,2017 Tesla Model S,Electric
,,United States,2015 Tesla Model S,Electric
,,United States,2019 Tesla Model X,Electric
,,United States,2025 Tesla Model X,Electric
,,United States,2014 Tesla Model S,Electric
,,United States,2026 Tesla Model Y,Electric
4,8.1,United States,2013 Toyota Camry,Gas
4,8.1,United States,2011 Toyota Camry,Gas
4,7.8,Japan,2014 Toyota Corolla Sedan,Gas
6,11.2,United States,2019 Toyota Sienna,Gas
6,10.7,United States,2013 Toyota Sienna,Gas
4,8.1,United States,2021 Toyota Camry,Gas
6,10.7,USA,2018 Toyota Tacoma,Gas
4,7.8,Japan,2022 Toyota C-HR,Gas
4,7.1,United States,2026 Toyota Sienna,Gas/Electric Hybrid
6,13.1,Japan,2010 Toyota FJ Cruiser,Gas
4,6.1,Japan,2018 Toyota RAV 4 Hybrid,Gas
6,11.2,United States,2025 Toyota Tundra Hybrid,Gas/Electric Hybrid
4,5.6,Japan,2024 Toyota Corolla Cross Hybrid,Gas/Electric Hybrid
8,13.1,United States,2020 Toyota Tundra,Gas
4,3,Japan,2025 Toyota RAV 4 Plug-In Hybrid,Gas/Electric Hybrid
8,14.7,United States,2015 Toyota Tundra,Gas
4,6.1,Japan,2018 Toyota RAV 4 Hybrid,Gas/Electric Hybrid
6,11.2,Japan,2024 Toyota 4-Runner,Gas
8,13.1,United States,2025 Toyota Tundra,Gas
4,6.1,Japan,2020 Toyota RAV 4 Hybrid,Gas/Electric Hybrid
4,6,Japan,2026 Toyota RAV 4,Gas/Electric Hybrid
6,10.7,United States,2018 Toyota Highlander,Gas
4,5.4,Japan,2023 Toyota Corolla Cross Hybrid,Gas/Electric Hybrid
4,7.6,Japan,2022 Toyota Corolla Hatchback 5-Door,Gas
4,4.9,United States,2025 Toyota Corolla Sedan,Gas/Electric Hybrid
4,4.5,Japan,2020 Toyota Prius,Gas
4,4.2,Japan,2023 Toyota Prius,Gas/Electric Hybrid
4,8.1,Japan,2026 Toyota Corolla Cross,Gas
4,8.1,United States,2014 Toyota Camry,Gas
4,9.8,United States,2025 Toyota Highlander,Gas
4,5.2,United States,2019 Toyota Camry Hybrid,Gas/Electric Hybrid
6,7.8,United States,2023 Toyota Highlander Hybrid,Gas/Electric Hybrid
6,7.8,United States,2022 Toyota Highlander Hybrid,Gas/Electric Hybrid
4,4.9,United States,2026 Toyota Corolla Sedan,Gas/Electric Hybrid
4,9.8,United States,2024 Toyota Highlander,Gas
6,10.7,United States,2015 Toyota Tacoma,Gas
4,5.1,United States,2026 Toyota Camry,Gas/Electric Hybrid
4,10.7,United States,2026 Toyota Sienna,Gas
6,13.1,Japan,2021 Toyota 4-Runner,Gas
4,8.1,United States,2017 Toyota Camry,Gas
4,4.7,Japan,2015 Toyota Prius c,Gas
,,Japan,2024 Toyota RAV 4,Electric
4,1.6,Japan,2026 Toyota Prius Plug-In Hybrid,Electric
6,13.1,Japan,2020 Toyota 4-Runner,Gas
6,10.7,United States,2026 Toyota Sequoia,Gas/Electric Hybrid
4,7.6,Japan,2023 Toyota Corolla Hatchback 5-Door,Gas
4,8.1,Japan,2009 Toyota Corolla Sedan,Gas
4,4.7,Japan,2013 Toyota Prius,Gas/Electric Hybrid
6,13.1,Japan,2022 Toyota 4-Runner,Gas
4,6.7,Japan,2018 Toyota Yaris Hatchback,Gas
4,4.5,Japan,2022 Toyota Corolla Sedan,Gas/Electric Hybrid
4,5.2,United States,2020 Toyota Camry Hybrid,Gas/Electric Hybrid
4,1.4,Japan,2025 Toyota Prius Plug-In Hybrid,Gas/Electric Hybrid
6,10.2,United States,2015 Toyota Venza,Gas
4,4.5,Japan,2022 Toyota Prius,Gas
8,13.1,United States,2026 Toyota Tundra,Gas
4,4.7,Japan,2026 Toyota Prius Plug-In Hybrid,Gas/Electric Hybrid
4,8.1,United States,2026 Toyota Tacoma,Gas/Electric Hybrid
4,7.1,Japan,2026 Toyota Corolla Sedan,Gas
6,10.7,United States,2026 Toyota Tundra Hybrid,Gas/Electric Hybrid
4,9.4,United States,2026 Toyota Tacoma,Gas
,,Japan,2026 Toyota bZ,Electric
4,4.5,Japan,2026 Toyota Prius,Gas/Electric Hybrid
6,7.8,Japan,2026 Toyota Crown,Gas/Electric Hybrid
6,11.2,United States,2026 Toyota Tundra Hybrid,Gas
4,8.1,United States,2026 Toyota Grand Highlander Hybrid,Gas/Electric Hybrid
6,7.6,United States,2026 Toyota Highlander Hybrid,Gas
6,7.8,United States,2026 Toyota Highlander Hybrid,Gas/Electric Hybrid
4,7.6,Japan,2026 Toyota Corolla Hatchback 5-Door,Gas
4,10.7,Japan,2026 Toyota Land Cruiser,Gas/Electric Hybrid
,,Japan,2026 Toyota C-HR,Electric
4,5.6,Japan,2026 Toyota Corolla Cross Hybrid,Gas/Electric Hybrid
4,4.5,Japan,2026 Toyota Prius,Gas
4,8.1,United States,2025 Toyota Tacoma,Gas/Electric Hybrid
6,13.1,Japan,2026 Toyota Land Cruiser,Gas
,,Japan,2025 Toyota bZ4X,Electric
4,9.8,United States,2026 Toyota Highlander,Gas
4,8.1,Japan,2026 Toyota Crown,Gas
,,Japan,2026 Toyota RAV 4,Electric
4,7.8,Mexico,2013 Volkswagen Jetta Sedan,Gas
4,7.8,Mexico,2015 Volkswagen Jetta Sedan,Gas
4,7.8,Germany,2014 Volkswagen Passat,Gas
4,7.1,Germany,2015 Volkswagen Golf Standard Model,Gas
4,8.1,Germany,2022 Volkswagen Golf R,Gas
6,10.7,United States,2023 Volkswagen Atlas Cross Sport,Gas
4,8.1,Mexico,2025 Volkswagen Taos,Gas
6,10.7,United States,2025 Volkswagen Atlas Cross Sport,Gas
4,7.1,Mexico,2022 Volkswagen Jetta,Gas
4,7.8,Germany,2016 Volkswagen Golf SportWagen,Gas
4,8.1,Germany,2025 Volkswagen Tiguan,Gas
4,7.8,Germany,2016 Volkswagen Passat,Gas
4,8.1,Germany,2015 Volkswagen Golf GTI,Gas
4,7.8,Mexico,2014 Volkswagen Jetta Sedan,Gas
4,8.7,Germany,2017 Volkswagen Golf R,Gas
4,8.1,Mexico,2019 Volkswagen Jetta GLI,Gas
4,7.8,Mexico,2013 Volkswagen Beetle Coupe,Gas
5,8.1,Germany,2009 Volkswagen Rabbit,Gas
4,8.1,Mexico,2021 Volkswagen Jetta GLI,Gas
4,7.8,Germany,2015 Volkswagen Passat,Gas
4,7.8,Germany,2020 Volkswagen Passat,Gas
4,8.1,Mexico,2024 Volkswagen Jetta GLI,Gas
4,7.8,Germany,2021 Volkswagen Passat,Gas
4,7.8,Germany,2017 Volkswagen Passat,Gas
4,8.1,Germany,2012 Volkswagen Passat,Gas
4,8.1,Germany,2016 Volkswagen Golf R,Gas
4,8.1,Mexico,2018 Volkswagen Beetle,Gas
4,8.1,Germany,2013 Volkswagen CC,Gas
4,7.8,Mexico,2016 Volkswagen Jetta Sedan,Gas
4,7.1,Germany,2008 Volkswagen Scirocco,Gas
4,8.1,Germany,2026 Volkswagen Golf GTI,Gas
4,8.1,Mexico,2026 Volkswagen Jetta GLI,Gas
4,8.1,Germany,2026 Volkswagen Golf R,Gas
4,1.8,Sweden,2026 Volvo XC60 Plug-in Hybrid,Electric
4,7.1,Sweden,2026 Volvo XC90,Gas/Electric Hybrid
4,6.4,Sweden,2026 Volvo XC60,Gas/Electric Hybrid
4,2.1,Sweden,2026 Volvo XC90 Plug-in Hybrid,Gas/Electric Hybrid
4,8.1,Sweden,2026 Volvo V60 Cross Country,Gas
4,2.1,Sweden,2026 Volvo XC60 Plug-in Hybrid,Gas/Electric Hybrid
,,Belgium,2026 Volvo EX40,Electric
,,Belgium,2025 Volvo EX90,Electric
4,2.8,Sweden,2026 Volvo XC90 Plug-in Hybrid,Gas
4,6.9,Sweden,2021 Volvo XC60,Gas/Electric Hybrid
4,9.4,Sweden,2021 Volvo XC60,Gas
,,Belgium,2024 Volvo XC40 Recharge Pure Electric,Electric
3,8.1,Belgium,2024 Volvo XC40,Gas
3,8.1,Belgium,2022 Volvo XC40,Gas
,,Sweden,2022 Volvo XC90 Recharge,Electric
4,2.8,Sweden,2024 Volvo XC90 Recharge,Gas/Electric Hybrid
,,Sweden,2024 Volvo XC90 Recharge,Electric
4,1.8,Sweden,2025 Volvo XC90 Plug-in Hybrid,Electric
4,1.6,Sweden,2025 Volvo XC60 Plug-in Hybrid,Electric
4,2.1,Sweden,2024 Volvo XC60 Recharge,Gas/Electric Hybrid
4,2.8,Sweden,2022 Volvo XC90 Recharge,Gas/Electric Hybrid
4,10.7,Sweden,2020 Volvo XC90,Gas
4,10.2,Sweden,2020 Volvo XC60,Gas
3,8.1,Belgium,2025 Volvo XC40,Gas
,,Belgium,2023 Volvo C40 Recharge Pure Electric,Electric
4,8.7,Sweden,2024 Volvo XC90 Recharge,Gas
4,8.1,Sweden,2021 Volvo XC90,Gas/Electric Hybrid
,,Belgium,2024 Volvo S60 Recharge,Electric
4,8.1,Sweden,2015 Volvo S60,Gas
4,10.7,Sweden,2024 Volvo XC90,Gas
4,9.4,Sweden,2022 Volvo XC60,Gas
6,10.2,Sweden,2015 Volvo XC70,Gas
3,8.1,Belgium,2023 Volvo XC40,Gas
4,9.4,Sweden,2017 Volvo XC60,Gas
4,9.4,Sweden,2024 Volvo XC60,Gas
,,Belgium,2022 Volvo C40 Recharge Pure Electric,Electric
4,8.1,Sweden,2019 Volvo V60,Gas
,,Sweden,2019 Volvo XC90,Electric
6,10.7,Sweden,2013 Volvo XC60,Gas
4,10.7,Sweden,2022 Volvo XC90 Recharge,Gas
4,8.1,Sweden,2022 Volvo S60,Gas
6,10.7,Sweden,2007 Volvo S80,Gas
6,10.2,Sweden,2009 Volvo V70,Gas
4,7.1,China,2022 Volvo S60,Gas/Electric Hybrid
4,7.6,Sweden,2020 Volvo XC60,Gas/Electric Hybrid
4,8.1,Belgium,2019 Volvo XC40,Gas
4,9.4,Sweden,2025 Volvo XC60,Gas
5,10.2,Sweden,2008 Volvo S60,Gas
,,Sweden,2024 Volvo XC60 Recharge,Electric
4,9.4,Belgium,2020 Volvo XC40,Gas
4,8.1,Belgium,2012 Volvo C30,Gas
4,9.4,Sweden,2018 Volvo XC60,Gas
4,2.1,Sweden,2025 Volvo XC60 Plug-in Hybrid,Gas/Electric Hybrid
4,7.4,Sweden,2023 Volvo XC60,Gas/Electric Hybrid
4,8.7,Sweden,2012 Volvo S60,Gas
4,8.1,Sweden,2022 Volvo S90,Gas
,,Belgium,2022 Volvo S60 Recharge,Electric
4,8.1,Sweden,2018 Volvo V60,Gas
4,8.1,United States,2019 Volvo S60,Gas
4,8.1,Sweden,2024 Volvo S60,Gas
4,9.4,Sweden,2017 Volvo V90 Cross Country,Gas
4,2.1,Sweden,2025 Volvo XC90 Plug-in Hybrid,Gas/Electric Hybrid
4,8.1,Sweden,2015 Volvo V60,Gas
3,6.4,Belgium,2024 Volvo XC40,Gas/Electric Hybrid
6,10.2,Sweden,2007 Volvo V70,Gas
4,8.1,Sweden,2021 Volvo V60,Gas
5,10.2,Sweden,2007 Volvo C70,Gas
4,8.1,China,2021 Volvo S60,Gas
4,10.7,Sweden,2025 Volvo XC90,Gas
4,10.2,Sweden,2018 Volvo XC90,Gas
6,10.7,Sweden,2010 Volvo XC70,Gas
4,8.1,Sweden,2014 Volvo S60,Gas
4,9.4,Sweden,2020 Volvo V60 Cross Country,Gas
4,8.1,Sweden,2018 Volvo S90,Gas
4,8.1,Sweden,2018 Volvo S60,Gas
4,8.1,Sweden,2023 Volvo V60 Cross Country,Gas
4,9.4,Sweden,2025 Volvo V60 Cross Country,Gas
,,China,2025 Volvo EX30,Electric
,,Belgium,2024 Volvo C40 Recharge Pure Electric,Electric
5,9.4,Sweden,2006 Volvo S40,Gas
3,5.9,Belgium,2023 Volvo XC40,Gas/Electric Hybrid
4,2.1,Sweden,2016 Volvo XC90 Hybrid,Gas
4,8.1,Sweden,2023 Volvo S90,Gas
4,8.1,China,2023 Volvo S60,Gas
4,7.1,Sweden,2024 Volvo V60 Cross Country,Gas/Electric Hybrid
4,8.1,Sweden,2017 Volvo S90,Gas
4,7.8,Sweden,2023 Volvo V60 Cross Country,Gas/Electric Hybrid
4,6.4,China,2024 Volvo S60,Gas/Electric Hybrid
4,7.4,Sweden,2020 Volvo XC90,Gas/Electric Hybrid
6,11.7,Sweden,2014 Volvo XC90,Gas
4,8.1,Belgium,2013 Volvo C30,Gas
4,8.1,Sweden,2016 Volvo S60,Gas
4,7.6,Sweden,2023 Volvo V90 Cross Country,Gas/Electric Hybrid
4,8.1,Sweden,2016 Volvo V60,Gas
4,6.4,Sweden,2024 Volvo V90 Cross Country,Gas/Electric Hybrid
6,10.7,Sweden,2013 Volvo XC70,Gas
6,10.2,Germany,2018 Audi RS5 Coupe,Gas
6,9.4,United States,2021 Chevrolet Camaro,Gas
4,9.4,Japan,2008 Subaru Impreza,Gas
6,12.4,United States,2012 Jeep Wrangler Unlimited,Gas
4,8.1,United States,2011 Honda Accord Sedan,Gas
4,8.1,Japan,2014 Scion tC,Gas
4,8.1,Germany,2022 BMW X2,Gas
4,8.7,United States,2008 Honda Accord Sedan,Gas
,,United States,2024 Rivian R1S,Electric
6,11.2,Germany,2021 Audi Q8,Gas
4,6.4,Germany,2024 Mercedes-Benz E-Class,Gas/Electric Hybrid
6,10.7,Japan,2009 Lexus RX,Gas
4,8.1,Japan,2011 Mazda Mazda3,Gas
4,7.1,United States,2018 BMW X5,Gas/Electric Hybrid
4,7.6,Japan,2020 Honda Civic Hatchback,Gas
4,8.1,Japan,2012 Toyota Corolla Sedan,Gas
4,9.4,Italy,2022 Alfa Romeo Giulia,Gas
4,9.4,United Kingdom,2017 Jaguar F-Pace,Gas
4,2.1,Germany,2023 BMW 5 Series,Gas/Electric Hybrid
4,10.2,United Kingdom,2024 Jaguar F-Pace,Gas
6,10.7,United States,2019 Honda Passport,Gas
4,8.1,Germany,2018 Volkswagen Golf GTI,Gas
4,7.6,Japan,2021 Toyota Corolla Hatchback 5-Door,Gas
4,8.1,Japan,2018 Subaru Legacy,Gas
8,11.2,United States,2019 Chevrolet Corvette Grand Sport,Gas
4,8.1,Germany,2018 Ford Focus,Gas
4,11.2,United States,2021 Subaru Ascent,Gas
,,Slovakia,2025 Porsche Macan,Electric
4,4.9,South Korea,2024 Hyundai Elantra Hybrid,Gas/Electric Hybrid
4,7.6,India,2021 Hyundai Venue,Gas
4,2.5,South Korea,2016 Hyundai Sonata Plug-In Hybrid,Gas/Electric Hybrid
8,16.8,Austria,2020 Mercedes-Benz G-Class,Gas
6,8.7,United States,2024 Mercedes-Benz GLE,Gas/Electric Hybrid
6,11.2,United States,2006 Toyota Tacoma,Gas
8,10.7,United States,2016 Chevrolet Corvette,Gas
4,8.7,Germany,2016 Audi Q3,Gas
6,10.7,United States,2016 Honda Pilot,Gas
4,7.8,Germany,2017 Volkswagen Golf SportWagen,Gas
4,5.6,Japan,2025 Toyota Corolla Cross Hybrid,Gas/Electric Hybrid
6,10.7,United States,2021 Honda Passport,Gas
8,11.2,Japan,2006 Lexus SC,Gas
4,7.8,Germany,2012 Ford Focus,Gas
4,8.1,South Korea,2015 Kia Optima,Gas
4,8.1,Canada,2014 Toyota Matrix,Gas
6,10.2,Germany,2018 BMW M2,Gas
8,14.7,United States,2019 Chevrolet Silverado 2500 HD,Gas
8,13.1,United States,2021 Toyota Tundra,Gas
6,9.4,Japan,2025 Mazda CX-90 MHEV,Gas/Electric Hybrid
4,7.1,South Korea,2026 Hyundai ELANTRA,Gas
6,10.7,United States,2006 Ford Ranger,Gas
4,7.6,Mexico,2017 Nissan Versa Note,Gas
6,10.7,Germany,2015 BMW M3,Gas
6,10.7,United States,2012 Chevrolet Traverse,Gas
4,8.1,Italy,2014 Fiat 500L,Gas
4,8.1,Japan,2013 Subaru XV Crosstrek,Gas
3,2.1,Germany,2019 BMW i8 Roadster,Gas/Electric Hybrid
8,11.7,United Kingdom,2018 Jaguar F-Type,Gas
8,14.7,United States,2025 Ford F-350 Super Duty,Gas
4,7.1,Japan,2017 Toyota Corolla,Gas
4,8.1,South Korea,2012 Kia Optima,Gas
6,7.8,United States,2023 Toyota Highlander Hybrid,Gas
3,8.7,South Korea,2025 GMC Terrain,Gas
4,9.4,Japan,2025 Toyota Land Cruiser,Gas/Electric Hybrid
4,7.8,Mexico,2016 Volkswagen Beetle Coupe,Gas
4,7.6,Germany,2024 Audi Q5,Gas/Electric Hybrid
4,9.8,Germany,2012 Audi Q5,Gas
4,8.1,Germany,2023 Audi A4 Allroad Quattro,Gas
4,9.4,United Kingdom,2021 Jaguar F-Type,Gas
4,8.1,Japan,2007 Mazda MX-5 Miata Roadster,Gas
6,11.2,Germany,2011 Porsche Panamera,Gas
6,9.8,United States,2018 Ford Mustang Convertible,Gas
4,8.1,Japan,2015 Nissan Juke,Gas
4,6.4,South Korea,2026 Hyundai Tucson,Gas/Electric Hybrid
6,9.4,Japan,2013 Lexus ES,Gas
,,United States,2026 Honda Prologue,Electric
6,8.7,United States,2020 Mercedes-Benz GLE,Gas/Electric Hybrid
,,Japan,2023 Nissan Ariya,Electric
4,6,Japan,2022 Toyota RAV 4,Gas/Electric Hybrid
6,10.7,United States,2015 Honda Odyssey,Gas
6,10.7,United Kingdom,2006 Jaguar X-Type,Gas
6,11.2,United States,2010 Honda Pilot,Gas
6,10.2,United States,2012 Cadillac CTS Sedan,Gas
8,14.7,Germany,2008 Audi Q7,Gas
4,8.7,Germany,2019 Mercedes-Benz C-Class Convertible,Gas
6,9.4,Germany,2007 Mercedes-Benz SLK-Class,Gas
4,8.1,Germany,2013 Mercedes-Benz 250,Gas
8,11.2,United States,2019 Chevrolet Corvette,Gas
6,10.2,South Korea,2013 Hyundai Genesis Coupe,Gas
4,8.1,Germany,2020 Mercedes-Benz GLA,Gas
4,7.6,United States,2022 Honda Civic,Gas
8,11.2,Germany,2011 Mercedes-Benz SL,Gas
4,8.1,Japan,2023 Subaru OUTBACK,Gas
5,8.1,Germany,2008 Volkswagen Rabbit,Gas
6,10.7,South Korea,2010 Hyundai Santa Fe,Gas
4,4.9,South Korea,2020 Hyundai Sonata Hybrid,Gas/Electric Hybrid
4,7.1,South Korea,2016 Hyundai ACCENT,Gas
6,10.7,Germany,2017 BMW M4,Gas
4,9.4,South Korea,2021 Hyundai SANTA FE,Gas
4,8.1,United Kingdom,2018 Jaguar XE,Gas
6,10.2,South Korea,2012 Hyundai Genesis Coupe,Gas
4,7.6,Mexico,2014 Nissan Versa Note,Gas
4,8.1,Germany,2017 Mercedes-Benz C-Class,Gas
4,8.7,Germany,2013 Audi A5,Gas
6,10.7,United States,2023 Mercedes-Benz GLS,Gas/Electric Hybrid
4,7.1,Germany,2023 Mercedes-Benz E-Class,Gas/Electric Hybrid
4,8.1,Germany,2024 Audi A5 Cabriolet,Gas
8,12.4,Germany,2022 Mercedes-Benz AMG GT,Gas
6,8.7,United States,2024 BMW X7,Gas/Electric Hybrid
6,8.1,Germany,2022 Audi S7,Gas/Electric Hybrid
4,7.6,Germany,2025 Audi Q5,Gas/Electric Hybrid
4,8.7,Japan,2012 Toyota RAV 4,Gas
4,8.7,Germany,2007 Volkswagen Golf GTI,Gas
6,11.8,Japan,2026 Lexus GX,Gas
6,10.7,Japan,2007 Infiniti G Coupe,Gas
8,11.2,United Kingdom,2023 Jaguar F-Type,Gas
,,United Kingdom,2024 Jaguar I-Pace,Electric
4,9.4,Japan,2015 Mazda Mazda5,Gas
4,6.4,South Korea,2026 Kia Sportage,Gas/Electric Hybrid
8,14.7,United Kingdom,2010 Land Rover LR4,Gas
6,8.7,Germany,2011 BMW 3 Series,Gas
4,8.1,Italy,2017 Fiat 500X,Gas
8,13.1,United States,2018 Chevrolet Corvette Z06,Gas
8,14.7,United States,2025 Chevrolet Express,Gas
6,9.4,Germany,2024 Porsche Panamera,Gas
,,United States,2026 Ford Mustang Mach-E,Electric
6,10.2,Germany,2023 Audi RS5 Coupe,Gas
3,4.5,Japan,2016 Toyota Prius c,Gas/Electric Hybrid
4,5.9,Germany,2024 Audi A3 Sedan,Gas/Electric Hybrid
6,10.2,United States,2026 Ford Police Interceptor Utility,Gas/Electric Hybrid
6,9.4,Germany,2013 Mercedes-Benz C-Class,Gas
4,6.7,Japan,2013 Toyota Yaris,Gas
4,7.6,Japan,2015 Subaru XV Crosstrek,Gas/Electric Hybrid
8,14.7,Slovakia,2024 Audi RS Q8,Gas
8,14.7,United States,2024 Ford E-Series Cutaway,Gas
,,United States,2024 Chevrolet Silverado EV,Electric
6,10.7,United States,2018 Honda Ridgeline,Gas
4,8.1,Italy,2021 Jeep Renegade,Gas
6,10.2,United States,2024 Nissan Murano,Gas
4,8.7,South Korea,2014 Kia Rondo,Gas
4,10.7,Japan,2017 Subaru WRX STI,Gas
8,11.8,United States,2006 Chevrolet Corvette,Gas
4,8.1,Italy,2023 Alfa Romeo Tonale,Gas
6,10.2,South Korea,2013 Kia Sorento,Gas
4,7.6,Mexico,2015 Nissan Versa Note,Gas
8,11.8,United States,2007 Chevrolet Corvette,Gas
4,6.7,Mexico,2017 Nissan Micra,Gas
4,9.4,United States,2007 Saturn SKY,Gas
4,8.1,Germany,2008 BMW 1 Series,Gas
6,10.7,Canada,2010 Dodge Caravan,Gas
4,8.1,Germany,2018 Audi TTS,Gas
4,7.1,Germany,2018 Volkswagen Golf,Gas
4,6.4,South Korea,2024 Hyundai TUCSON,Gas/Electric Hybrid
4,7.8,Japan,2026 Mazda 3,Gas
6,10.2,Germany,2007 Mercedes-Benz CLK,Gas
4,7.1,Germany,2017 Volkswagen Golf,Gas
4,8.1,Japan,2015 Subaru BRZ,Gas
6,10.7,Japan,2014 Infiniti Q60 Coupe,Gas
4,7.6,Canada,2018 Honda Civic,Gas
8,11.8,Germany,2021 Audi RS6 Avant,Gas/Electric Hybrid
4,7.8,Germany,2023 Audi A5 Coupe,Gas/Electric Hybrid
,,Japan,2020 Toyota Prius,Electric
8,14.7,United States,2008 Lincoln Mark LT,Gas
,,Germany,2025 BMW iX,Electric
8,14.7,United States,2019 GMC Savana Passenger,Gas
4,6,Japan,2023 Toyota Crown,Gas/Electric Hybrid
6,9.8,Japan,2013 Nissan Maxima,Gas
4,6.4,South Korea,2026 Hyundai TUCSON,Gas/Electric Hybrid
4,8.1,South Korea,2026 Hyundai KONA,Gas
4,6,Japan,2025 Toyota RAV 4,Gas/Electric Hybrid
8,14.7,United States,2025 GMC Savana,Gas
6,10.7,United States,2026 Ford F 150,Gas
6,9.8,United States,2026 Ford F 150,Gas/Electric Hybrid
4,9.4,United States,2008 Saturn VUE,Gas
4,8.1,Japan,2021 Subaru OUTBACK,Gas
4,5.1,United States,2026 Honda Civic,Gas/Electric Hybrid
6,9.4,Japan,2016 Lexus ES,Gas
4,9.4,United States,2011 Jeep Compass,Gas
4,7.8,Japan,2011 Mazda MX-5 Miata Roadster,Gas
6,9.8,United States,2018 Chevrolet Camaro,Gas
6,13.1,United States,2005 Chevrolet Astro,Gas
4,8.1,South Korea,2014 Hyundai Sonata,Gas
4,1.9,Japan,2018 Mitsubishi Outlander Plug-In Hybrid,Electric
4,9.4,United Kingdom,2021 Jaguar F-Pace,Gas
4,8.1,United States,2019 Nissan Altima,Gas
4,9.4,South Korea,2015 Kia Sportage,Gas
4,6.7,Japan,2014 Toyota Yaris,Gas
6,9.8,South Korea,2020 Kia Stinger,Gas
4,7.6,Canada,2015 Honda Civic,Gas
6,9.4,Germany,2011 BMW 5 Series,Gas
8,13.1,United States,2019 Chevrolet Suburban,Gas
4,7.1,Germany,2013 Ford Fiesta Hatchback,Gas
6,10.7,Germany,2024 BMW M4,Gas
4,7.1,Hungary,2023 Audi TT,Gas
4,8.1,Japan,2025 Toyota GR86,Gas
3,7.1,Netherlands,2018 MINI Countryman,Gas/Electric Hybrid
10,17.8,Germany,2012 Audi R8,Gas
3,7.1,United Kingdom,2018 MINI Convertible,Gas
4,7.1,Germany,2021 Mercedes-Benz E-Class,Gas/Electric Hybrid
4,8.1,United States,2017 Ford Fusion,Gas
6,10.2,Germany,2008 BMW Z4 Roadster,Gas
3,4.6,France,2025 Renault Clio,Gas/Electric Hybrid
6,10.2,United States,2013 Ford Mustang,Gas
4,8.1,Japan,2013 Scion FR-S,Gas
6,10.7,United States,2013 Toyota Tacoma,Gas
6,10.2,South Korea,2012 Hyundai Genesis Sedan,Gas
4,7.8,Japan,2023 Mazda MX-5 Miata,Gas
4,8.1,South Korea,2027 Kia Seltos,Gas
4,8.1,Germany,2011 Volkswagen Golf GTI,Gas
8,12.4,United States,2010 Chevrolet Silverado 1500,Gas
4,10.2,Mexico,2021 Nissan NV200,Gas
4,2.8,Japan,2024 Toyota Prius Prime,Gas/Electric Hybrid
4,8.1,Germany,2014 Mercedes-Benz C-Class,Gas
,,South Korea,2025 Hyundai IONIQ 5,Electric
4,8.1,Japan,2010 Subaru Impreza,Gas
6,10.7,Canada,2010 Ford Edge,Gas
4,8.1,United States,2014 Chevrolet Cruze,Gas
4,8.1,Canada,2010 Toyota Matrix,Gas
6,10.2,Germany,2013 Audi S4,Gas
6,10.2,South Korea,2012 Kia Sorento,Gas
4,7.8,Mexico,2014 Volkswagen Jetta,Gas
4,7.8,Germany,2012 Volkswagen Jetta,Gas
4,7.6,South Korea,2012 Hyundai ACCENT,Gas
8,15.7,Japan,2017 Lexus LX,Gas
4,8.7,Japan,2008 Nissan Altima,Gas
4,9.4,United States,2006 Pontiac Solstice,Gas
4,10.2,United Kingdom,2026 Jaguar F-Pace,Gas
4,10.7,Germany,2023 Mercedes-Benz Metris Cargo Van,Gas
6,10.7,Canada,2007 Buick Allure,Gas
6,11.7,Germany,2009 Porsche 911 Carrera S Cabriolet,Gas
6,11.2,South Korea,2019 Hyundai Santa Fe XL,Gas
,,United States,2026 GMC HUMMER EV SUV,Electric
,,Germany,2023 BMW i7,Electric
3,2.5,United States,2023 Ford Escape PHEV,Gas/Electric Hybrid
4,7.8,Mexico,2012 Volkswagen Jetta Sedan,Gas
4,6.7,Japan,2016 Toyota Yaris,Gas
8,15.7,Japan,2013 Lexus LX,Gas
8,14.7,United States,2019 Ford E-Series Cutaway,Gas
4,7.8,Mexico,2015 Volkswagen Beetle Coupe,Gas
6,8.1,Germany,2025 Audi Q8,Gas/Electric Hybrid
4,8.1,Germany,2023 Mercedes-Benz S-Class,Gas/Electric Hybrid
,,United States,2021 Chevrolet Bolt EV,Electric
6,10.7,South Korea,2009 Hyundai Santa Fe,Gas
4,8.7,Japan,2011 Scion tC,Gas
8,11.2,Germany,2010 BMW 6 Series,Gas
,,Japan,2023 Toyota bZ4X,Electric
6,10.2,Japan,2015 Infiniti Q70,Gas
4,10.2,United States,2010 Ford Ranger,Gas
4,7.1,Germany,2016 Ford Fiesta Hatchback,Gas
4,8.7,United States,2010 Chevrolet Equinox,Gas
6,11.2,United States,2019 Ford Transit Cargo Van,Gas
6,10.7,South Korea,2018 Kia Sedona,Gas
8,11.2,Germany,2018 Audi S7,Gas
4,5.2,United States,2022 Toyota Camry Hybrid,Gas
8,15.7,United States,2020 Ford F-250 Super Duty,Gas
8,14.7,United States,2022 GMC Savana Cargo Van,Gas
10,14.7,Germany,2008 Audi S8,Gas
4,9.4,South Korea,2023 Hyundai Kona N,Gas
6,10.7,Japan,2020 Nissan 370Z Coupe,Gas
4,8.1,South Korea,2011 Kia Forte Koup,Gas
6,10.2,Germany,2014 Audi S5,Gas
8,14.7,United States,2016 RAM 3500,Gas
4,8.1,South Korea,2014 Kia Optima,Gas
4,8.1,South Korea,2018 Kia Forte 5,Gas
4,8.1,South Korea,2016 Hyundai Veloster,Gas
6,10.7,Sweden,2011 Volvo XC60,Gas
6,10.7,United States,2015 Nissan Pathfinder,Gas
6,10.7,United States,2016 GMC Acadia,Gas
6,11.2,Germany,2014 Audi SQ5,Gas
4,8.1,United States,2014 Nissan Altima,Gas
4,7.8,Mexico,2018 Nissan Versa Note,Gas
4,5.9,Japan,2015 Lexus ES,Gas/Electric Hybrid
6,10.7,United States,2008 Toyota Tacoma,Gas
4,8.1,Germany,2015 Mercedes-Benz B-Class,Gas
8,14.7,United States,2014 BMW X6 M,Gas
4,8.7,Japan,2010 Honda CR-V,Gas
6,11.2,Japan,2008 Infiniti FX,Gas
4,4.5,Japan,2019 Toyota Prius,Gas/Electric Hybrid
6,10.7,United States,2011 Dodge Challenger,Gas
4,9.4,South Korea,2013 Hyundai Tucson,Gas
6,10.7,Italy,2014 Maserati Ghibli,Gas
4,9.4,Japan,2006 Acura TSX,Gas
4,4.7,Japan,2014 Toyota Prius c,Gas/Electric Hybrid
6,7.8,Japan,2025 Toyota Crown,Gas/Electric Hybrid
6,8.7,United States,2013 Toyota Avalon,Gas
6,7.6,United States,2015 Toyota Highlander Hybrid,Gas/Electric Hybrid
4,10.2,Japan,2006 Subaru Forester,Gas
4,9.4,South Korea,2013 Kia Sportage,Gas
4,7.6,United States,2018 Honda Civic Coupe,Gas
8,11.2,United States,2010 Chevrolet Corvette,Gas
4,9.8,Spain,2020 Ford Transit Connect,Gas
4,8.1,United States,2017 Honda Accord,Gas
4,8.1,Germany,2016 Audi A6,Gas
8,14.7,United States,2006 Ford F-150,Gas
4,8.1,Italy,2017 Alfa Romeo Giulia,Gas
6,10.7,Japan,2005 Nissan 350Z,Gas
6,10.2,Germany,2006 Porsche Boxster,Gas
8,14.7,United States,2013 Toyota Tundra,Gas
4,8.1,Japan,2011 Mazda Mazda6,Gas
4,8.1,United States,2012 Ford Fusion,Gas
4,7.8,Japan,2015 Toyota Corolla Sedan,Gas
8,14.7,United States,2015 Toyota Sequoia,Gas
8,14.7,United States,2018 RAM 2500,Gas
4,9.4,Japan,2010 Acura TSX,Gas
6,12.4,United States,2006 Jeep TJ,Gas
10,14.7,Germany,2009 BMW M6,Gas
4,8.1,United States,2006 Honda Civic Sedan,Gas
4,8.1,United States,2011 Nissan Altima,Gas
8,12.4,United States,2016 Chevrolet Corvette Z06,Gas
4,8.1,Germany,2024 Porsche Cayman 718,Gas
6,10.7,Canada,2013 Acura MDX,Gas
4,5.9,United States,2020 Ford Escape Hybrid,Gas/Electric Hybrid
4,4.9,United States,2017 Toyota Camry Hybrid,Gas/Electric Hybrid
,,Belgium,2022 Audi e-tron,Electric
4,8.1,Germany,2023 Mercedes-Benz C-Class Convertible,Gas
4,7.6,Germany,2011 BMW 1 Series,Gas
3,9.8,Japan,2026 Toyota GR Corolla,Gas
4,8.1,South Korea,2021 Hyundai TUCSON,Gas
4,7.8,United States,2010 Ford Focus,Gas
4,8.1,Japan,2007 Toyota Corolla,Gas
4,6.4,United States,2026 Honda CR-V,Gas/Electric Hybrid
4,7.1,United States,2026 Honda Civic,Gas
8,12.4,United Kingdom,2005 Jaguar XK,Gas
4,8.1,Japan,2011 Toyota Corolla,Gas
4,8.1,South Korea,2023 Hyundai KONA,Gas
4,8.1,South Korea,2025 Hyundai TUCSON,Gas
6,10.7,Japan,2016 Nissan 370Z,Gas
4,7.6,Canada,2019 Honda Civic,Gas
4,7.1,Japan,2024 Toyota Corolla,Gas
6,9.4,United States,2017 Ford Mustang,Gas
6,10.7,United States,2024 Toyota Tundra,Gas/Electric Hybrid
4,7.1,Japan,2021 Toyota Corolla,Gas
6,8.1,United States,2021 Toyota Highlander,Gas/Electric Hybrid
4,7.1,Germany,2021 Audi A5,Gas/Electric Hybrid
,,United States,2024 Ford F 150 Lightning,Electric
4,8.1,Canada,2012 Toyota Matrix,Gas
4,7.6,Germany,2018 Audi A4,Gas
4,8.1,South Korea,2018 Hyundai SONATA,Gas
8,12.4,Germany,2005 Mercedes-Benz SL,Gas
4,8.1,Japan,2024 Subaru OUTBACK,Gas
4,7.1,Japan,2022 Toyota Corolla,Gas
6,9.8,United States,2015 Chevrolet Camaro,Gas
4,8.1,Germany,2019 Mercedes-Benz C-Class,Gas
4,7.1,Japan,2019 Toyota Corolla,Gas
4,8.7,United States,2008 Honda Accord,Gas
6,10.7,Canada,2012 Honda Odyssey,Gas
4,9.4,United States,2021 Jeep Wrangler,Gas/Electric Hybrid
4,7.6,Mexico,2014 Nissan Versa,Gas
4,6.4,Canada,2025 Honda CR-V,Gas/Electric Hybrid
4,7.6,Japan,2022 Mazda 3,Gas
4,8.1,South Korea,2020 Hyundai KONA,Gas
4,7.6,Mexico,2017 Volkswagen Jetta,Gas
6,10.7,United States,2016 Ford F 150,Gas
8,11.2,United States,2019 Ford Mustang,Gas
6,11.2,South Korea,2020 Hyundai PALISADE,Gas
6,10.7,South Korea,2017 Hyundai SANTA FE,Gas
4,7.1,South Korea,2023 Hyundai ELANTRA,Gas
8,15.7,Japan,2014 Lexus LX,Gas
,,South Korea,2026 Hyundai KONA,Electric
4,1.8,Japan,2018 Toyota Prius Prime,Gas/Electric Hybrid
4,5.6,Japan,2014 Honda CR-Z,Gas/Electric Hybrid
4,7.1,Canada,2017 Honda Civic,Gas
4,5.9,United States,2012 Ford Fusion,Gas/Electric Hybrid
4,5.6,United States,2024 Honda Accord,Gas/Electric Hybrid
4,8.1,Japan,2020 Subaru OUTBACK,Gas
4,9.4,South Korea,2020 Hyundai SANTA FE,Gas
4,8.1,Japan,2007 Mazda 3,Gas
4,9.4,South Korea,2018 Hyundai TUCSON,Gas
6,10.2,South Korea,2011 Kia Sorento,Gas
4,6.4,United States,2010 Toyota Camry,Gas/Electric Hybrid
4,8.1,Japan,2013 Mazda CX-5,Gas
8,13.8,Germany,2021 Audi SQ8,Gas
4,9.4,United States,2012 Fisker Karma,Gas/Electric Hybrid
4,7.8,South Korea,2022 Hyundai Santa Fe,Gas/Electric Hybrid
6,11.2,Canada,2008 Acura MDX,Gas
6,11.2,South Korea,2016 Kia Sedona,Gas
4,9.8,Germany,2012 Mercedes-Benz GLK-Class,Gas
,,,2018 Chevrolet Silverado 1500,Gas/Electric Hybrid
8,11.2,United States,2008 Ford Mustang Coupe,Gas
4,9.4,Thailand,2021 Ford Ranger,Gas
6,10.2,United States,2019 Ford Mustang Convertible,Gas
4,5.9,United States,2012 Ford Fusion Hybrid,Gas/Electric Hybrid
4,8.1,Japan,2007 Mazda Mazda3,Gas
4,5.9,United States,2010 Toyota Camry Hybrid,Gas/Electric Hybrid
8,12.4,Germany,2005 Mercedes-Benz SL-Class,Gas
5,8.1,Mexico,2009 Volkswagen Jetta Sedan,Gas
4,7.6,South Korea,2022 Kia Forte 5,Gas
4,8.1,Japan,2007 Toyota Corolla Sedan,Gas
4,8.1,United States,2014 Ford Fusion,Gas
8,12.4,United Kingdom,2005 Jaguar XK Convertible,Gas
4,7.8,Japan,2011 Toyota Corolla Sedan,Gas
4,4.5,Japan,2024 Toyota Corolla,Gas/Electric Hybrid
6,9.4,United States,2015 Chevrolet Impala,Gas
4,8.1,South Korea,2018 Chevrolet Trax,Gas
4,7.4,Sweden,2022 Volvo XC90,Gas/Electric Hybrid
4,7.1,Germany,2016 Volkswagen Golf,Gas
4,9.4,United States,2008 Saturn SKY,Gas
4,9.8,United States,2024 Toyota Grand Highlander,Gas
4,8.1,Japan,2016 Mazda Mazda6,Gas
4,9.4,Germany,2013 Audi Q5,Gas
4,8.1,Germany,2020 Mercedes-Benz C-Class Coupe,Gas
8,13.1,Germany,2017 Audi S8,Gas
4,4.9,Japan,2024 Toyota Corolla Sedan,Gas/Electric Hybrid
6,9.8,Germany,2026 Audi Q7,Gas/Electric Hybrid
4,8.7,United States,2007 Toyota Camry,Gas
8,14.7,United Kingdom,2011 Land Rover Range Rover,Gas
6,10.7,United Kingdom,2018 Jaguar XJ,Gas
4,9.4,United States,2022 Toyota Sienna,Gas
3,6.4,Mexico,2023 Ford Maverick,Gas/Electric Hybrid
6,10.7,Germany,2011 BMW 1 Series M Coupe,Gas
4,8.1,Germany,2017 Volkswagen Beetle Convertible,Gas
,,,2021 Tesla Model Y,Gas
,,South Korea,2024 Kia Niro EV,Electric
4,8.7,Germany,2008 Audi TT,Gas
4,7.6,Germany,2016 Ford Focus,Gas
4,7.1,Germany,2015 Ford Fiesta Hatchback,Gas
6,10.2,Germany,2019 BMW 7 Series,Gas
6,9.8,United States,2009 Chevrolet Impala,Gas
4,7.8,United States,2016 Chevrolet Cruze,Gas
4,7.1,Germany,2018 Audi A3 Cabriolet,Gas
6,9.4,Japan,2012 Lexus ES,Gas
,,South Korea,2024 Hyundai IONIQ 6,Electric
4,8.1,South Korea,2021 Chevrolet Trax,Gas
6,10.7,Austria,2011 BMW X3,Gas
8,12.4,Italy,2011 Ferrari California,Gas
6,10.7,United States,2010 Toyota Sienna,Gas
4,9.4,Japan,2011 Nissan X-Trail,Gas
6,11.2,United States,2009 Toyota Sienna,Gas
6,11.2,United States,2008 Toyota Sienna,Gas
4,4.7,Japan,2011 Toyota Prius,Gas/Electric Hybrid
6,9.8,United States,2009 Toyota Avalon,Gas
6,11.2,Italy,2019 Maserati Quattroporte,Gas
4,7.1,Germany,2020 Mercedes-Benz A-Class Hatchback,Gas
4,8.1,Germany,2013 Volkswagen Passat,Gas
4,4.7,United States,2015 Honda Accord Hybrid,Gas/Electric Hybrid
4,7.6,Germany,2014 Ford Focus,Gas
6,11.7,Slovakia,2014 Volkswagen Touareg,Gas
6,11.2,Germany,2020 Audi Q8,Gas
4,8.1,Japan,2020 Mazda Mazda6,Gas
4,7.8,United States,2012 Honda Civic Coupe,Gas
4,5.6,United States,2017 Chevrolet Volt,Gas
8,11.2,United States,2005 Ford Mustang Coupe,Gas
6,10.7,United States,2013 Nissan Frontier,Gas
4,8.1,Germany,2013 Mercedes-Benz B-Class,Gas
4,8.1,United States,2009 Honda Accord,Gas
4,7.8,Germany,2015 Mercedes-Benz SLK-Class,Gas
4,8.1,Germany,2019 Audi A5,Gas
4,8.1,United States,2009 Honda Accord Sedan,Gas
,,Japan,2023 Mazda MX-30,Electric
4,9.4,Japan,2021 Honda Civic Type R,Gas
4,8.1,Germany,2017 Audi S3,Gas
4,4.7,Japan,2015 Toyota Prius c,Gas/Electric Hybrid
6,9.8,Japan,2005 Lexus ES,Gas
4,9.4,South Korea,2010 Hyundai Tucson,Gas
6,10.7,Italy,2015 Maserati Ghibli,Gas
4,9.4,Japan,2010 Nissan Rogue,Gas
4,10.7,Mexico,2020 Nissan NV200 Cargo Vans,Gas
4,8.1,Mexico,2024 Ford Maverick,Gas
,,United States,2024 Ford F-150 Lightning,Electric
,,United States,2026 Ford F-150,Electric
4,6.1,Japan,2022 Toyota RAV 4 Hybrid,Gas
4,9.4,Italy,2022 Alfa Romeo Stelvio,Gas
6,9.8,United States,2012 Dodge Charger,Gas
4,6.7,Italy,2015 Fiat 500,Gas
6,10.7,Germany,2021 Audi RS5 Sportback,Gas
4,7.1,Germany,2022 Audi A4 Sedan,Gas/Electric Hybrid
4,5.9,Germany,2022 Audi A3 Sedan,Gas/Electric Hybrid
4,7.8,United States,2008 Honda Civic,Gas
4,8.1,Germany,2019 Audi A6,Gas
4,11.2,Mexico,2025 RAM Promaster,Gas
4,7.1,Germany,2019 Volkswagen Golf,Gas
4,8.7,Italy,2016 Jeep Renegade,Gas
6,9.4,Germany,2015 Mercedes-Benz E-Class,Gas
6,12.4,Mexico,2023 RAM Promaster,Gas
4,7.8,Mexico,2013 Volkswagen Jetta,Gas
4,7.8,South Korea,2014 Hyundai ELANTRA,Gas
4,7.6,South Korea,2019 Hyundai ELANTRA,Gas
6,11.2,United States,2008 Lincoln MKX,Gas
8,14.7,United States,2024 GMC Savana,Gas
6,13.1,Japan,2014 Toyota 4-Runner,Gas
4,5.9,United States,2013 Ford Fusion Hybrid,Gas/Electric Hybrid
4,7.1,Germany,2024 Audi A6,Gas/Electric Hybrid
6,10.2,Germany,2024 Audi RS5,Gas
4,8.1,Germany,2013 BMW X1,Gas
6,10.7,United States,2020 Volkswagen Atlas,Gas
4,9.8,Mexico,2018 Nissan NV200,Gas
4,11.2,Germany,2019 Mercedes-Benz Sprinter,Gas
8,14.7,Japan,2014 Infiniti QX80,Gas
4,7.8,Japan,2014 Mazda 3,Gas
8,11.2,United States,2008 Ford Mustang Convertible,Gas
4,8.1,Japan,2006 Mazda MX-5 Miata Roadster,Gas
4,6.7,South Korea,2021 Hyundai Santa Fe Hybrid,Gas
4,4.9,South Korea,2021 Hyundai IONIQ Hybrid,Gas/Electric Hybrid
4,6.1,United States,2022 Ford Escape Hybrid,Gas/Electric Hybrid
4,8.1,Germany,2016 Mercedes-Benz C-Class,Gas
4,8.1,United States,2010 Honda Accord Coupe,Gas
4,8.1,Japan,2013 Mazda Mazda6,Gas
8,12.4,United States,2008 Dodge Challenger,Gas
4,9.4,Spain,2015 Ford Transit Connect,Gas
4,8.1,United States,2009 Toyota Camry,Gas
4,7.8,Mexico,2017 Nissan Sentra,Gas
8,13.1,United States,2026 Chevrolet Suburban,Gas
,,Japan,2026 Nissan Ariya,Electric
4,6.7,South Korea,2013 Chevrolet Spark,Gas
4,4.9,South Korea,2019 Hyundai IONIQ,Gas/Electric Hybrid
4,7.6,South Korea,2015 Kia Rio,Gas
4,8.1,Germany,2015 Volkswagen Eos,Gas
4,9.4,United Kingdom,2018 Jaguar F-Pace,Gas
4,8.1,Italy,2021 Alfa Romeo Giulia,Gas
4,9.4,Italy,2023 Maserati Grecale,Gas
6,10.7,Japan,2018 Nissan 370Z Roadster,Gas
8,11.2,Germany,2017 Mercedes-Benz AMG GT,Gas
4,7.8,Mexico,2015 Volkswagen Jetta,Gas
4,6.7,South Korea,2024 Hyundai SANTA FE,Gas/Electric Hybrid
4,8.1,Japan,2025 Subaru BRZ,Gas
6,11.2,South Korea,2025 Hyundai PALISADE,Gas
4,9.4,United States,2017 Jeep Patriot,Gas
4,7.6,Germany,2020 BMW 2 Series,Gas
6,9.8,Japan,2009 Lexus ES,Gas
4,8.1,China,2020 Volvo S60,Gas
8,11.7,Germany,2007 BMW 7 Series,Gas
6,10.7,Germany,2005 Chrysler Crossfire,Gas
4,8.1,United States,2018 Ford Fusion,Gas
6,11.2,United States,2014 Dodge Durango,Gas
6,10.2,South Korea,2011 Hyundai Genesis Coupe,Gas
4,7.1,Japan,2007 Toyota Yaris,Gas
6,9.4,Germany,2012 Mercedes-Benz C-Class Coupe,Gas
8,14.7,United States,2007 Ford F-150,Gas
4,9.4,South Korea,2010 Kia Rondo,Gas
4,8.1,Germany,2014 BMW X1,Gas
6,10.7,United Kingdom,2011 Jaguar XF,Gas
4,8.7,United States,2007 Honda Accord Sedan,Gas
,,Germany,2023 Mercedes-Benz EQE,Gas
8,14.7,United States,2015 Ford F-350 Super Duty,Gas
,,,2017 Mazda Mazda5,Gas
8,13.1,United States,2022 Jeep Wagoneer,Gas
6,9.8,United States,2016 Chevrolet Camaro,Gas
6,10.7,Japan,2019 Infiniti Q60,Gas
4,8.1,Germany,2014 Audi A4,Gas
8,16.8,United States,2026 Ford F-550 Super Duty,Gas
4,8.1,South Korea,2012 Hyundai Sonata,Gas
6,11.2,South Korea,2016 Hyundai Santa Fe XL,Gas
4,8.1,United States,2008 Honda Civic Sedan,Gas
4,8.7,South Korea,2024 Hyundai TUCSON,Gas
4,7.8,Japan,2021 Subaru Legacy,Gas
4,7.8,Germany,2023 Audi A4 Sedan,Gas/Electric Hybrid
4,7.1,Germany,2014 Ford Fiesta Hatchback,Gas
4,8.1,United States,2016 Ford Fusion,Gas
4,7.1,Germany,2015 Volkswagen Golf SportWagen,Gas
4,1.9,Germany,2027 BMW 5 Series,Gas/Electric Hybrid
4,8.1,Germany,2023 Audi S3 Sedan,Gas
6,10.7,United States,2016 Toyota Tacoma,Gas
6,11.2,Canada,2012 Honda Ridgeline,Gas
6,10.2,Germany,2015 Audi S5,Gas
4,2.6,South Korea,2026 Hyundai Tucson Plug-In Hybrid,Gas/Electric Hybrid
4,9.4,United States,2021 Ford Explorer,Gas/Electric Hybrid
8,14.7,United States,2026 Chevrolet Express,Gas
4,8.1,Japan,2016 Scion FR-S,Gas
4,5.9,United States,2020 Ford Fusion Energi,Gas/Electric Hybrid
4,8.7,United States,2023 Jeep Grand Cherokee 4xe,Gas
6,12.4,United States,2024 Jeep Wagoneer,Gas
,,United States,2023 Ford F-150 Lightning,Electric
4,8.1,South Korea,2016 Kia Soul,Gas
6,9.4,United States,2023 BMW X7,Gas/Electric Hybrid
4,8.1,Japan,2019 Subaru OUTBACK,Gas
6,10.2,United States,2025 Mercedes-Benz GLS,Gas/Electric Hybrid
4,7.8,Germany,2012 Volkswagen Golf Standard Model,Gas
6,9.8,United States,2011 Toyota Venza,Gas
6,9.8,Germany,2012 Audi A7,Gas
8,11.2,United States,2022 Ford Mustang Convertible,Gas
4,8.1,United States,2007 Pontiac Vibe,Gas
4,7.6,Japan,2014 Subaru XV,Gas
6,10.7,Canada,2012 Dodge Grand Caravan,Gas
6,10.7,United States,2013 Ford Explorer,Gas
4,7.6,Mexico,2012 Nissan Versa,Gas
6,9.8,United States,2017 Ford Mustang Convertible,Gas
4,7.8,Germany,2012 Volkswagen Beetle,Gas
6,11.2,Canada,2013 Ford Flex,Gas
6,10.7,Japan,2006 Acura TL,Gas
4,9.4,South Korea,2017 Hyundai TUCSON,Gas
4,7.8,South Korea,2009 Chevrolet Aveo,Gas
4,8.1,Germany,2016 Volkswagen Golf GTI,Gas
8,14.7,United Kingdom,2022 Aston Martin DBX,Gas
4,8.7,Germany,2009 Volkswagen Eos,Gas
6,10.7,United States,2011 GMC Acadia,Gas
8,15.7,United States,2022 Ford E-450,Gas
4,6.7,India,2015 Nissan Micra,Gas
,,,2006 MINI Countryman,Gas
4,2.5,Japan,2024 Mitsubishi Outlander Plug-In Hybrid,Gas
3,5.9,France,2013 smart fortwo,Gas
4,8.1,United States,2015 Honda Accord Coupe,Gas
8,13.1,United States,2023 Ford Expedition,Gas
6,10.7,United Kingdom,2013 Jaguar XJ,Gas
4,9.4,Italy,2023 Alfa Romeo Stelvio,Gas
4,7.6,United States,2013 Honda Civic,Gas
6,10.7,Austria,2010 BMW X3,Gas
4,8.1,Belgium,2010 Volvo S40,Gas
,,Mexico,2025 Chevrolet Equinox EV,Electric
8,9.4,Japan,2011 Lexus LS,Gas/Electric Hybrid
4,5.9,United States,2013 Ford C-Max Hybrid,Gas/Electric Hybrid
8,15.7,United States,2009 Lincoln Navigator L,Gas
4,8.1,Canada,2011 Toyota Matrix,Gas
4,8.1,Germany,2015 Audi A6,Gas
6,10.7,Japan,2018 Nissan 370Z Coupe,Gas
3,9.4,Japan,2025 Toyota GR Corolla,Gas
4,9.4,South Korea,2024 Hyundai Elantra N,Gas
4,8.7,Germany,2007 Volkswagen Golf City,Gas
6,10.7,United States,2014 Honda Pilot,Gas
6,11.2,United States,2010 Mercedes-Benz M-Class,Gas
6,10.7,Japan,2009 Toyota Highlander,Gas
6,11.7,Japan,2011 Nissan Pathfinder,Gas
4,8.1,United States,2016 Chrysler 200,Gas
4,8.1,Japan,2007 Nissan Altima,Gas
6,13.1,Japan,2013 Toyota FJ Cruiser,Gas
,,,2024 BMW X6 M,Gas/Electric Hybrid
4,10.7,Japan,2011 Mazda CX-7,Gas
4,9.4,South Korea,2014 Hyundai Tucson,Gas
8,10.7,United States,2014 Chevrolet Corvette Stingray,Gas
4,8.7,United States,2007 Chevrolet Malibu,Gas
4,7.1,Japan,2014 Honda Fit,Gas
6,10.2,Japan,2015 Infiniti Q60,Gas
4,9.4,United Kingdom,2020 Jaguar F-Pace,Gas
4,9.4,Germany,2015 Volkswagen Tiguan,Gas
4,8.1,Canada,2005 Toyota Matrix,Gas
4,4.7,South Korea,2019 Hyundai IONIQ Hybrid,Gas/Electric Hybrid
4,7.1,Germany,2015 BMW 2 Series,Gas
6,9.4,Germany,2017 BMW 6 Series,Gas
6,10.2,South Korea,2010 Hyundai Genesis Coupe,Gas
4,5.4,United States,2020 Ford Fusion Hybrid,Gas/Electric Hybrid
6,9.8,Germany,2006 BMW 3 Series,Gas
4,8.1,Germany,2017 Mercedes-Benz GLA,Gas
4,5.9,United States,2017 Ford Fusion Energi,Gas/Electric Hybrid
4,8.1,Japan,2005 Toyota Corolla Sedan,Gas
8,12.4,United States,2010 Ford F-150,Gas
4,8.7,Japan,2009 Nissan Rogue,Gas
5,8.7,Mexico,2007 Volkswagen Beetle Coupe,Gas
6,9.8,United States,2007 Pontiac G6,Gas
6,10.7,United States,2011 Toyota Tacoma,Gas
6,10.2,Canada,2014 Ford Edge,Gas
6,9.4,Germany,2012 Mercedes-Benz E-Class,Gas
4,7.6,United States,2010 Honda Civic Coupe,Gas
4,8.7,Germany,2013 Mercedes-Benz C-Class Coupe,Gas
6,11.2,Germany,2012 Volkswagen Touareg,Gas
6,10.2,South Korea,2014 Hyundai Genesis Coupe,Gas
4,8.1,Canada,2009 Toyota Matrix,Gas
4,8.1,United States,2024 Toyota Tacoma,Gas/Electric Hybrid
6,10.2,Germany,2017 Mercedes-Benz SL-Class,Gas
,,United States,2026 Tesla Model 3,Electric
6,10.7,Germany,2018 BMW M4,Gas
4,8.1,Germany,2012 Volkswagen Golf Wagon,Gas
4,8.1,Japan,2014 Subaru XV Crosstrek,Gas
4,8.1,Japan,2026 Toyota RAV 4,Gas
6,10.2,Germany,2013 BMW 6 Series Gran Coupe,Gas
8,13.8,Germany,2021 BMW M8 Gran Coupe,Gas
4,4.3,Japan,2014 Lexus CT,Gas/Electric Hybrid
4,9.4,United States,2014 Buick Lacrosse,Gas
4,9.4,Japan,2012 Mitsubishi Outlander,Gas
8,14.7,Japan,2017 Nissan Armada,Gas
6,10.2,United States,2012 Ford Mustang Coupe,Gas
4,9.4,Japan,2005 Honda CR-V,Gas
6,10.2,Germany,2007 Audi A6 Sedan,Gas
4,7.6,Germany,2022 BMW X3,Gas/Electric Hybrid
6,11.2,United States,2017 Chevrolet Traverse,Gas
4,6.7,South Korea,2016 Chevrolet Spark,Gas
,,China,2025 Cadillac Optiq,Electric
12,15.7,United Kingdom,2012 Rolls-Royce Ghost,Gas
4,5.1,United States,2025 Honda Civic,Gas/Electric Hybrid
8,14.7,United States,2005 Chevrolet SSR,Gas
4,7.6,Mexico,2013 Nissan Sentra,Gas
6,10.7,Germany,2012 Porsche Panamera,Gas
6,8.7,Germany,2019 Audi S4,Gas
4,9.4,South Korea,2019 Hyundai SANTA FE,Gas
,,United States,2023 Tesla Model X,Electric
8,12.4,United States,2009 Chevrolet Corvette Z06,Gas
,,Germany,2023 MINI Countryman,Electric
4,7.6,Mexico,2018 Honda HR-V,Gas
5,10.7,Sweden,2005 Volvo XC70,Gas
4,2.5,United States,2025 Ford Escape PHEV,Gas
4,5.4,United States,2015 Toyota Camry Hybrid,Gas/Electric Hybrid
4,7.6,Japan,2018 Mazda MX-5 Miata RF,Gas
8,15.7,United States,2005 Chevrolet Suburban,Gas
6,10.7,Japan,2006 Nissan 350Z,Gas
4,8.1,Germany,2010 BMW 1 Series,Gas
3,6.4,Mexico,2022 Ford Maverick,Gas/Electric Hybrid
4,5.9,Japan,2011 Honda CR-Z,Gas/Electric Hybrid
,,,2016 Porsche Cayman 718 GT4,Gas
8,14.7,United States,2007 Dodge RAM 1500,Gas
6,12.4,United States,2010 Jeep Wrangler,Gas
6,10.2,United Kingdom,2015 Jaguar F-Type,Gas
4,9.8,United States,2011 Dodge Journey,Gas
6,12.4,United States,2006 Chevrolet Trailblazer,Gas
4,9.4,United Kingdom,2013 Land Rover Range Rover Evoque,Gas
,,Germany,2022 BMW 3 Series,Electric
6,10.2,United Kingdom,2013 Lotus Evora,Gas
4,6.7,Italy,2014 Fiat 500,Gas
4,7.1,Hungary,2016 Audi TT,Gas
4,9.4,Sweden,2018 Volvo V90 Cross Country,Gas
4,8.1,Mexico,2015 Volkswagen Jetta GLI,Gas
6,10.2,Germany,2008 BMW 5 Series,Gas
6,9.8,United Kingdom,2011 Lotus Evora,Gas
4,8.1,South Korea,2009 Hyundai Elantra Touring,Gas
6,11.7,Sweden,2013 Volvo XC90,Gas
4,4.5,Japan,2021 Toyota Corolla Sedan,Gas/Electric Hybrid
4,6.7,India,2016 Nissan Micra,Gas
6,10.2,Canada,2013 Ford Edge,Gas
6,9.4,United States,2021 Toyota Avalon,Gas
6,10.7,Japan,2016 Nissan 370Z Coupe,Gas
4,5.1,South Korea,2015 Hyundai Sonata Hybrid,Gas/Electric Hybrid
5,8.1,Belgium,2009 Volvo C30,Gas
6,11.2,Italy,2015 Maserati Quattroporte,Gas
6,10.7,Germany,2010 Audi S4,Gas
8,14.7,United States,2018 GMC Yukon XL,Gas
8,15.7,United States,2021 Ford F-250 Super Duty,Gas
6,10.7,United States,2013 Ford Mustang Convertible,Gas
4,8.7,Germany,2012 Audi A5,Gas
4,7.6,Japan,2010 Honda Fit,Gas
6,10.7,United States,2019 Honda Ridgeline,Gas
4,9.4,United Kingdom,2019 Honda Civic Type R,Gas
4,9.4,Japan,2010 Mazda Mazda5,Gas
8,11.2,United States,2010 Ford Mustang,Gas
6,10.7,USA,2012 Toyota Tacoma,Gas
4,8.7,Japan,2012 Nissan Rogue,Gas
4,7.1,Canada,2016 Honda Civic,Gas
4,8.1,Germany,2018 Mercedes-Benz C-Class Wagon,Gas
4,8.1,United States,2016 Honda Accord,Gas
4,7.6,United States,2011 Honda Civic Sedan,Gas
6,10.7,Japan,2019 Lexus RC,Gas
8,14.7,United States,2020 Chevrolet Silverado 2500 HD,Gas
4,9.4,Germany,2013 Volkswagen Tiguan,Gas
6,10.7,United States,2016 BMW X6,Gas
4,8.1,Japan,2023 Toyota GR86,Gas
4,8.1,United States,2014 BMW X3,Gas
8,16.8,United States,2023 Ford F-550 Super Duty,Gas
6,10.2,United States,2013 Toyota Venza,Gas
6,10.7,United States,2013 BMW X5,Gas
,,China,2025 Polestar 3,Electric
4,8.1,Canada,2013 Toyota Matrix,Gas
4,5.9,Belgium,2017 Ford C-Max Hybrid,Gas/Electric Hybrid
6,10.7,Canada,2006 Honda Odyssey,Gas
4,7.8,Mexico,2017 Volkswagen Beetle Coupe,Gas
8,14.7,United States,2005 Ford F-150,Gas
6,9.4,United States,2021 Ford F-150,Gas/Electric Hybrid
4,9.4,United States,2013 Jeep Compass,Gas
4,5.9,United States,2016 Chevrolet Malibu Hybrid,Gas/Electric Hybrid
4,9.4,Japan,2009 Honda CR-V,Gas
6,10.7,United States,2006 Nissan Frontier,Gas
4,9.4,Germany,2022 Audi A5 Cabriolet,Gas
4,9.4,Japan,2012 Mitsubishi Eclipse,Gas
6,10.2,Germany,2008 Mercedes-Benz CLK-Class,Gas
6,10.7,United States,2014 Nissan Frontier,Gas
4,8.1,Japan,2016 Nissan Juke,Gas
3,8.1,Mexico,2027 GMC Terrain,Gas
4,10.7,Japan,2015 Nissan NV200,Gas
8,11.7,Germany,2017 Audi RS7,Gas
4,9.4,United States,2012 Jeep Compass,Gas
6,12.4,United States,2026 Ford Transit Passenger Van,Gas
6,9.4,Japan,2023 Nissan Maxima,Gas
8,14.7,United States,2022 Ford F-350 Super Duty,Gas
4,8.1,Japan,2014 Subaru Outback,Gas
4,8.1,South Korea,2010 Kia Soul,Gas
4,8.7,Japan,2009 Mitsubishi Lancer,Gas
8,12.4,Germany,2020 Mercedes-Benz AMG GT,Gas
6,10.7,Germany,2022 Audi A8 Long,Gas
4,8.7,Germany,2014 Audi A5,Gas
4,7.1,South Korea,2018 Hyundai ACCENT,Gas
6,12.4,Japan,2018 Toyota 4-Runner,Gas
4,9.4,Spain,2022 Ford Transit Connect,Gas
4,8.1,Germany,2013 Volkswagen Beetle Convertible,Gas
8,13.1,United States,2019 Nissan Titan,Gas
4,6.7,South Korea,2017 Chevrolet Spark,Gas
4,9.4,Japan,2009 Mazda Mazda6,Gas
4,8.7,United States,2017 Jeep Compass,Gas
4,5.1,United States,2019 Honda Accord Hybrid,Gas/Electric Hybrid
8,14.7,United States,2013 Ford Econoline,Gas
4,8.1,Germany,2018 Audi A4 Allroad Quattro,Gas
4,4.7,South Korea,2020 Hyundai IONIQ Hybrid,Gas/Electric Hybrid
4,2.6,South Korea,2022 Hyundai Tucson Plug-In Hybrid,Gas
6,10.7,United States,2010 Toyota Venza,Gas
3,5.8,France,2016 smart fortwo,Gas
4,9.4,South Korea,2009 Hyundai Sonata,Gas
4,7.8,South Korea,2010 Chevrolet Aveo,Gas
4,8.1,South Korea,2019 Kia Soul,Gas
6,9.8,United States,2015 Ford Mustang Convertible,Gas
4,7.6,Mexico,2017 Nissan Sentra NISMO,Gas
4,9.4,Japan,2027 Toyota Land Cruiser,Gas/Electric Hybrid
4,7.8,United States,2011 Chevrolet Cruze,Gas
4,9.4,South Korea,2015 Hyundai TUCSON,Gas
4,9.4,South Korea,2014 Hyundai TUCSON,Gas
4,9.4,South Korea,2020 Hyundai TUCSON,Gas
6,10.7,Japan,2013 Lexus RX 350,Gas
4,6.7,South Korea,2022 Hyundai TUCSON,Gas/Electric Hybrid
6,10.2,Germany,2012 Audi S4,Gas
8,11.2,United States,2021 Ford Mustang,Gas
6,10.2,United States,2008 Toyota Avalon,Gas
4,7.8,United States,2010 Honda Civic,Gas
6,8.1,Germany,2020 Audi S6,Gas/Electric Hybrid
6,10.7,United States,2013 Nissan Pathfinder,Gas
8,11.2,United States,2025 Ford Mustang,Gas
6,10.2,United States,2027 BMW X6,Gas
4,8.1,Germany,2027 BMW 4 Series,Gas
4,9.4,United States,2023 Toyota Sienna,Gas
4,7.1,South Korea,2022 Chevrolet Spark,Gas
6,10.7,Germany,2019 Mercedes-Benz GLE,Gas
4,9.4,Japan,2009 Subaru Impreza,Gas
12,14.7,United Kingdom,2019 Bentley Bentayga,Gas
4,,Japan,2018 Toyota Prius Prime,Electric
8,14.7,United States,2015 Ford Econoline,Gas
6,10.7,Italy,2019 Maserati Levante,Gas
6,11.2,South Korea,2014 Hyundai Santa Fe XL,Gas
6,9.4,United States,2016 Chevrolet Impala,Gas
4,5.1,South Korea,2017 Hyundai Sonata Hybrid,Gas/Electric Hybrid
4,6.7,Italy,2012 Fiat 500,Gas
4,9.8,United States,2020 Chevrolet Colorado,Gas
4,7.8,Japan,2008 Nissan Versa,Gas
,,,2015 Chevrolet City Express,Gas
4,7.1,South Korea,2018 Kia Rio,Gas
6,10.7,United States,2018 Ford F 150,Gas
6,9.8,Germany,2016 Porsche 911,Gas
6,12.4,Mexico,2016 RAM Promaster,Gas
4,6.4,South Korea,2023 Hyundai TUCSON,Gas/Electric Hybrid
4,8.1,United States,2018 Honda Accord,Gas
6,11.7,Germany,2010 Porsche 911,Gas
4,9.4,United States,2024 Jeep Wrangler,Gas/Electric Hybrid
6,10.7,United States,2024 RAM 1500,Gas/Electric Hybrid
4,7.1,Germany,2015 Volkswagen Golf,Gas
4,9.4,South Korea,2018 Hyundai SANTA FE,Gas
4,7.6,Germany,2013 Ford Focus,Gas
4,7.8,South Korea,2013 Hyundai ELANTRA,Gas
4,8.1,South Korea,2024 Hyundai KONA,Gas
4,7.8,South Korea,2022 Hyundai SANTA FE,Gas/Electric Hybrid
6,10.7,Sweden,2006 Volvo V70,Gas
4,7.8,United States,2010 Chevrolet Malibu Hybrid,Gas/Electric Hybrid
4,8.1,Germany,2010 Audi TT,Gas
8,11.2,United States,2017 Chevrolet Corvette Grand Sport,Gas
8,12.4,United Kingdom,2017 Aston Martin Vantage,Gas
6,10.7,United States,2016 Ford F-150,Gas
8,14.7,United States,2018 Cadillac Escalade ESV,Gas
3,5.9,Belgium,2025 Volvo XC40,Gas/Electric Hybrid
4,9.4,Sweden,2006 Saab 9-3,Gas
4,9.8,Japan,2007 Subaru Forester,Gas
6,10.7,Germany,2010 Audi Q5,Gas
4,8.7,Canada,2006 Toyota Matrix,Gas
8,12.4,United Kingdom,2014 McLaren 12 C,Gas
4,7.8,Mexico,2016 Volkswagen Jetta,Gas
4,5.4,United States,2014 Ford Fusion Hybrid,Gas/Electric Hybrid
4,7.6,United States,2014 BMW X3,Gas/Electric Hybrid
4,7.8,Mexico,2019 Volkswagen Beetle,Gas
4,7.6,Japan,2009 Honda Fit,Gas
4,8.1,South Korea,2013 Kia Optima,Gas
4,8.1,Japan,2013 Subaru Outback,Gas
4,8.1,Italy,2015 Alfa Romeo 4C,Gas
,,Germany,2022 Audi e-tron GT,Electric
6,11.2,Canada,2008 Dodge Grand Caravan,Gas
6,9.4,United States,2015 Ford Taurus,Gas
,,South Korea,2023 Hyundai IONIQ 5,Electric
6,10.7,United States,2021 Honda Ridgeline,Gas
6,9.8,Germany,2013 BMW 5 Series Gran Turismo,Gas
4,7.8,United States,2011 Ford Focus,Gas
4,7.6,Germany,2020 Mercedes-Benz A-Class Sedan,Gas
8,12.4,United States,2011 GMC Sierra 1500,Gas
6,10.7,United States,2011 Cadillac CTS Coupe,Gas
4,8.1,South Korea,2014 Kia Soul,Gas
4,8.1,South Korea,2006 Kia Rio,Gas
8,14.7,Italy,2008 Maserati GranTurismo,Gas
4,7.6,South Korea,2019 Kia Rio 5-door,Gas
6,9.4,United States,2017 Chevrolet Camaro,Gas
6,12.4,Japan,2012 Toyota 4-Runner,Gas
4,9.4,United Kingdom,2014 Land Rover Range Rover Evoque,Gas
6,11.2,United States,2016 Ford Transit Cargo Van,Gas
6,13.1,Japan,2014 Toyota FJ Cruiser,Gas
6,10.7,Japan,2009 Infiniti M,Gas
4,9.4,United States,2011 Ford Escape,Gas
8,11.2,United States,2013 RAM 1500,Gas
8,14.7,United States,2007 Chevrolet Silverado 2500 HD,Gas
4,8.7,Germany,2010 Volkswagen Eos,Gas
8,11.2,United States,2011 Chevrolet Corvette,Gas
6,3.9,Canada,2017 Chrysler Pacifica Hybrid,Gas/Electric Hybrid
5,10.2,Germany,2012 Audi TT RS Roadster,Gas
4,8.1,Japan,2024 Honda Civic Type R,Gas
6,10.7,Italy,2017 Maserati Levante,Gas
6,11.2,United States,2006 Toyota Sienna,Gas
4,7.8,Germany,2019 Volkswagen Golf SportWagen,Gas
4,8.1,Mexico,2014 Volkswagen Beetle Convertible,Gas
4,7.8,United States,2009 Pontiac Vibe,Gas
4,6.4,Italy,2025 Alfa Romeo Tonale,Gas/Electric Hybrid
4,1.4,Japan,2021 Toyota Prius Prime,Electric
4,8.7,Mexico,2027 Chevrolet Equinox,Gas
8,10.7,United States,2027 Chevrolet Corvette,Gas
,,United States,2023 BMW X5,Electric
4,7.4,Germany,2017 Porsche 718 Boxster,Gas
8,14.7,United States,2023 Jeep Grand Wagoneer,Gas
4,9.4,United States,2008 Pontiac Solstice,Gas
6,9.8,United States,2008 Lincoln MKZ,Gas
6,11.8,United States,2019 Ford Transit Passenger Van,Gas
6,12.4,United States,2022 Ford Transit Cargo Van,Gas
6,8.7,United States,2026 Mercedes-Benz GLS,Gas/Electric Hybrid
4,8.1,South Korea,2019 Hyundai Veloster,Gas
4,7.6,Japan,2020 Mazda Mazda3 Sport,Gas
6,8.1,United Kingdom,2021 Land Rover Range Rover Sport,Gas/Electric Hybrid
8,11.8,Germany,2022 Audi RS6 Avant,Gas/Electric Hybrid
8,13.8,United States,2021 BMW X6 M,Gas
4,10.7,Germany,2022 Mercedes-Benz Metris Cargo Van,Gas
4,10.7,Germany,2019 Mercedes-Benz Metris Cargo Van,Gas
6,9.4,Japan,2022 Nissan Maxima,Gas
4,10.2,Thailand,2022 Ford Ranger,Gas
8,11.2,Germany,2014 Audi S7,Gas
6,10.2,Germany,2023 Audi S5 Cabriolet,Gas
5,9.5,Germany,2019 Audi TT RS Coupe,Gas
4,7.6,Germany,2021 Mercedes-Benz A-Class Sedan,Gas
8,14.7,United States,2025 Jeep Grand Wagoneer,Gas
8,14.7,United States,2014 GMC Savana Cargo Van,Gas
4,9.4,Italy,2024 Alfa Romeo Stelvio,Gas
4,6.7,South Korea,2025 Hyundai Tucson Hybrid,Gas
8,12.4,Germany,2019 Mercedes-Benz AMG GT,Gas
4,8.7,Japan,2009 Subaru Legacy,Gas
6,9.4,Austria,2023 Toyota GR Supra,Gas
6,12.4,United States,2023 Ford Transit Passenger Van,Gas
4,11.8,Mexico,2026 RAM ProMaster 2500,Gas
,,South Korea,2023 Genesis GV60,Electric
6,10.2,Germany,2020 BMW M2,Gas
4,8.1,Japan,2016 Nissan Juke Nismo,Gas
6,9.8,Japan,2006 Lexus ES,Gas
6,10.2,Germany,2008 BMW Z4,Gas
4,9.4,United States,2007 Pontiac Solstice,Gas
8,13.1,Japan,2014 Lexus GX,Gas
,,Germany,2023 BMW i4,Electric
4,9.4,Japan,2009 Toyota RAV 4,Gas
6,10.7,Japan,2010 Suzuki Grand Vitara,Gas
8,14.7,United States,2016 Ford F-350 Super Duty,Gas
6,11.2,Mexico,2020 Dodge Journey,Gas
6,12.4,United States,2022 Ford Transit,Gas
4,9.4,Japan,2010 Mitsubishi Outlander,Gas
4,7.6,Mexico,2016 Nissan Versa Note,Gas
,,United States,2027 Chevrolet Bolt EV,Electric
6,12.4,Sweden,2009 Volvo XC90,Gas
8,14.7,United States,2021 Ford Expedition,Gas
8,14.7,United States,2006 Dodge RAM 1500,Gas
3,2.1,Germany,2015 BMW i8,Gas/Electric Hybrid
6,10.7,Canada,2011 Acura TL,Gas
10,13.1,Japan,2019 Lexus LC,Gas
4,7.6,South Korea,2012 Hyundai Veloster,Gas
6,11.2,Japan,2024 Toyota Land Cruiser,Gas/Electric Hybrid
6,7.6,Japan,2013 Toyota Highlander Hybrid,Gas
6,11.2,Germany,2024 Audi Q8,Gas
8,13.1,United States,2022 GMC Yukon XL,Gas
5,9.4,Mexico,2008 Volkswagen Beetle Convertible,Gas
4,8.7,Japan,2012 Nissan Juke,Gas
4,5.6,United States,2015 Toyota Camry,Gas/Electric Hybrid
6,10.7,United States,2014 Toyota Venza,Gas
,,South Korea,2025 Hyundai IONIQ 5 N,Electric
5,13.8,United States,2007 HUMMER H3,Gas
4,9.4,Japan,2012 Mazda Mazda5,Gas
4,8.1,Mexico,2019 Volkswagen Beetle Convertible,Gas
8,14.7,Germany,2006 Porsche Cayenne,Gas
6,10.7,United States,2016 Toyota Sienna,Gas
8,11.2,Germany,2024 BMW 8 Series,Gas
3,6.4,France,2011 smart fortwo,Gas
4,7.8,Germany,2025 Volkswagen Golf GTI,Gas
4,7.8,Japan,2024 Mazda MX-5 Miata Roadster,Gas
6,11.8,United States,2005 Ford Explorer Sport Trac,Gas
6,9.4,Germany,2020 Audi S4 Sedan,Gas
6,10.2,United States,2014 Dodge Charger,Gas
8,11.2,United States,2006 Ford Mustang,Gas
6,10.7,United States,2022 Nissan Frontier,Gas
4,7.6,Japan,2018 Toyota C-HR,Gas
4,8.1,Japan,2008 Mazda Mazda3,Gas
5,9.4,Mexico,2007 Volkswagen Beetle Convertible,Gas
4,8.1,Germany,2010 Volkswagen Golf GTI,Gas
6,11.2,United States,2010 Chevrolet Traverse,Gas
4,5.9,United States,2014 Lincoln MKZ,Gas/Electric Hybrid
8,14.7,United States,2009 Chevrolet Silverado,Gas
6,12.4,United States,2008 GMC Envoy,Gas
4,5.9,United States,2018 Ford Fusion Energi,Gas/Electric Hybrid
6,12.4,Japan,2008 Toyota 4-Runner,Gas
4,9.4,United States,2011 Buick Lacrosse,Gas
4,7.6,Germany,2013 Audi TT,Gas
4,8.7,South Korea,2006 Kia Spectra,Gas
6,10.7,United States,2019 Toyota Tacoma,Gas
4,7.6,Germany,2010 Audi A3,Gas
8,10.7,Germany,2019 BMW 8 Series,Gas
4,7.6,United States,2013 Dodge Dart,Gas
8,14.7,United States,2005 Dodge RAM,Gas
6,2.9,Germany,2023 Porsche Panamera,Gas/Electric Hybrid
,,Germany,2024 BMW iX,Electric
4,7.8,United States,2007 Honda Civic,Gas
4,6.4,Germany,2022 Mercedes-Benz C-Class Sedan,Gas/Electric Hybrid
6,9.8,Germany,2015 Porsche Panamera,Gas
6,11.2,United States,2012 Ford F-150,Gas
,,Germany,2025 Mercedes-Benz GLC,Electric
,,Germany,2027 Audi SQ6 e-tron,Electric
4,8.1,Germany,2025 Mercedes-Benz GLA,Gas
4,2.8,Japan,2023 Toyota RAV 4 Prime,Gas/Electric Hybrid
4,8.1,South Korea,2015 Hyundai Elantra GT,Gas
12,16.8,United Kingdom,2013 Bentley Continental GT,Gas
8,14.7,Italy,2009 Maserati Quattroporte,Gas
4,8.1,Germany,2018 Porsche Cayman,Gas
4,8.1,Germany,2016 Audi A4 Allroad Quattro,Gas
6,9.4,Germany,2019 Audi A7,Gas
4,7.1,Germany,2021 Mercedes-Benz A-Class Hatchback,Gas
6,11.2,United Kingdom,2009 Land Rover LR2,Gas
4,8.1,Japan,2013 Nissan Juke,Gas
4,8.1,Italy,2017 Alfa Romeo 4C,Gas
4,9.8,South Korea,2007 Hyundai Tucson,Gas
6,10.7,Canada,2010 Honda Odyssey,Gas
4,9.4,United States,2007 Jeep Compass,Gas
4,7.6,Mexico,2013 Nissan Versa,Gas
6,9.4,Germany,2023 Audi S4 Sedan,Gas
6,10.2,United Kingdom,2013 Jaguar XF,Gas
4,7.1,Germany,2018 Audi TT,Gas
,,Germany,2022 Audi Q4 e-tron Sportback,Electric
4,8.1,South Korea,2011 Kia Soul,Gas
8,11.2,Germany,2011 Mercedes-Benz CLS-Class,Gas
4,9.4,United States,2015 GMC Canyon,Gas
6,11.7,Japan,2013 Mazda CX-9,Gas
6,11.2,United States,2009 Mercedes-Benz M-Class,Gas
8,14.7,United States,2007 Chevrolet Express 2500,Gas
4,7.1,Germany,2023 Mercedes-Benz CLS-Class,Gas/Electric Hybrid
4,7.6,Germany,2023 Audi Q5 Sportback,Gas/Electric Hybrid
4,8.1,Germany,2026 BMW 5 Series,Gas
,,Japan,2025 Nissan Ariya,Electric
6,11.2,Canada,2007 Acura MDX,Gas
6,9.4,Japan,2015 Lexus IS,Gas
8,13.8,United States,2020 BMW X6 M,Gas
4,7.8,United States,2014 Dodge Dart,Gas
4,10.7,Germany,2018 Mercedes-Benz Metris Cargo Van,Gas
6,10.7,Canada,2008 Honda Odyssey,Gas
6,9.4,Germany,2017 Mercedes-Benz CLS-Class,Gas
6,9.8,United States,2013 Dodge Charger,Gas
8,11.2,Germany,2011 Mercedes-Benz SL-Class,Gas
8,14.7,United States,2025 Chevrolet Express Passenger,Gas
4,8.1,South Korea,2011 Hyundai Elantra Touring,Gas
4,8.7,Japan,2024 Toyota GR86,Gas
8,14.7,United States,2016 Nissan Titan XD,Gas
4,7.6,United Kingdom,2022 Honda Civic Hatchback,Gas
4,9.4,United States,2005 Toyota Camry,Gas
4,8.1,Germany,2014 Mercedes-Benz B-Class,Gas
,,South Korea,2024 Hyundai IONIQ 5,Electric
6,9.4,Austria,2025 Toyota GR Supra,Gas
4,2.5,Japan,2026 Mitsubishi Outlander PHEV,Gas/Electric Hybrid
8,14.7,Italy,2018 Maserati GranTurismo,Gas
8,14.7,United States,2018 Chevrolet Silverado 2500,Gas
4,9.4,Germany,2015 Mercedes-Benz GLK-Class,Gas
,,Japan,2024 Lexus RZ,Electric
6,12.4,United States,2009 Jeep Wrangler Unlimited,Gas
6,11.7,Italy,2022 Maserati Levante,Gas
6,10.7,Germany,2008 Chrysler Crossfire,Gas
4,7.6,Japan,2017 Lexus NX,Gas/Electric Hybrid
6,11.2,Slovakia,2011 Volkswagen Touareg,Gas
6,9.4,Germany,2019 Audi Q8,Gas/Electric Hybrid
6,9.4,United Kingdom,2023 Land Rover Defender,Gas/Electric Hybrid
4,8.1,Mexico,2010 Volkswagen Golf City,Gas
8,14.7,United States,2012 Ford Econoline,Gas
4,1.9,Japan,2018 Mitsubishi Outlander PHEV,Gas/Electric Hybrid
6,11.7,Germany,2008 Porsche 911,Gas
4,5.1,South Korea,2022 Hyundai SONATA,Gas/Electric Hybrid
6,10.2,Germany,2014 Audi S4,Gas
4,7.1,Japan,2025 Toyota Corolla,Gas
6,11.2,United States,2011 Honda Pilot,Gas
8,13.1,Germany,2016 Audi S8,Gas
4,6.7,Japan,2015 Nissan Note,Gas
6,11.7,United States,2018 Jeep Wrangler,Gas
4,9.4,Germany,2012 Volkswagen Golf R,Gas
6,10.7,South Korea,2015 Hyundai SANTA FE,Gas
8,14.7,Italy,2015 Maserati GranTurismo,Gas
4,8.1,Germany,2023 Porsche 718 Boxster,Gas
6,9.4,Germany,2015 Mercedes-Benz CLS,Gas
4,5.1,South Korea,2021 Hyundai ELANTRA,Gas/Electric Hybrid
4,4.7,Japan,2015 Toyota Prius,Gas/Electric Hybrid
4,7.1,United States,2023 Honda Civic,Gas
8,14.7,United States,2012 Nissan Titan,Gas
6,11.2,United States,2015 Chevrolet Traverse,Gas
4,2.4,South Korea,2024 Hyundai Tucson Plug-In Hybrid,Electric
4,8.7,Japan,2012 Subaru Outback,Gas
8,13.1,Germany,2024 Audi S8,Gas
,,,2008 Mercedes-Benz 230,Gas
4,7.8,Japan,2005 Scion xB,Gas
4,7.1,Japan,2023 Toyota Corolla,Gas
6,9.8,United States,2026 Nissan Murano,Gas
6,9.4,Germany,2017 BMW 7 Series,Gas
4,6.4,Japan,2016 Nissan Note,Gas
4,9.4,South Korea,2019 Hyundai TUCSON,Gas
4,10.7,Germany,2022 Mercedes-Benz Metris Passenger Van,Gas
4,9.4,Germany,2013 Mercedes-Benz GLK-Class,Gas
6,11.8,Mexico,2015 RAM ProMaster Cargo Van,Gas
4,9.4,Italy,2019 Alfa Romeo Stelvio,Gas
,,Sweden,2027 Volvo XC90,Gas
4,9.4,Germany,2024 Mercedes-Benz CLE,Gas
,,United Kingdom,2021 Land Rover Range Rover,Electric
4,8.1,Canada,2010 Acura CSX,Gas
4,9.8,United States,2018 GMC Canyon,Gas
,,Germany,2024 BMW i5,Electric
,,China,2022 Polestar 2,Electric
4,10.7,Japan,2008 Acura RDX,Gas
6,11.2,United States,2010 Ford Explorer Sport Trac,Gas
4,9.4,Germany,2012 Volkswagen Tiguan,Gas
8,11.7,Germany,2008 Mercedes-Benz SL-Class,Gas
4,7.8,South Korea,2011 Kia Rio,Gas
8,14.7,United Kingdom,2014 Land Rover Range Rover,Gas
6,10.2,South Korea,2016 Hyundai Genesis Coupe,Gas
6,8.1,Japan,2015 Lexus RX,Gas/Electric Hybrid
6,10.7,Japan,2010 Lexus IS Convertible,Gas
,,South Korea,2024 Kia EV6,Electric
4,8.1,Germany,2015 Audi A6 Sedan,Gas
4,1.8,Japan,2018 Toyota Prius Prime,Gas
4,8.1,United States,2019 Ford Fusion,Gas
4,7.8,United Kingdom,2021 Land Rover Defender,Gas/Electric Hybrid
6,10.2,Germany,2014 BMW 6 Series Gran Coupe,Gas
4,7.8,Germany,2013 Volkswagen Golf Wagon,Gas
6,11.2,Japan,2012 Nissan Pathfinder,Gas
4,8.1,United States,2013 Honda Accord,Gas
6,12.4,Japan,2015 Nissan Xterra,Gas
8,11.2,United Kingdom,2013 Jaguar XK,Gas
12,15.7,United Kingdom,2011 Rolls-Royce Ghost,Gas
8,16.8,United States,2013 Cadillac Escalade ESV,Gas
4,8.1,United States,2015 Honda Accord,Gas
8,11.7,Germany,2013 Audi RS5,Gas
4,8.1,Canada,2007 Acura CSX,Gas
8,14.7,United States,2005 Dodge RAM 1500,Gas
8,10.7,Germany,2012 Mercedes-Benz CLS-Class,Gas
8,10.7,United States,2014 Chevrolet Corvette,Gas
8,16.8,United States,2008 Cadillac Escalade,Gas
6,10.7,Germany,2006 Mercedes-Benz E-Class,Gas
4,8.1,Japan,2008 Toyota Corolla Sedan,Gas
,,Germany,2023 Volkswagen ID.4,Electric
4,8.1,Germany,2010 Volkswagen Golf Wagon,Gas
6,10.7,Germany,2006 Mercedes-Benz CLK-Class,Gas
6,10.7,Mexico,2023 Audi SQ5 Sportback,Gas
4,8.1,Japan,2023 Honda Civic Type R,Gas
6,10.7,Germany,2009 Porsche 911,Gas
6,9.8,Germany,2017 Porsche 911,Gas
6,10.7,Japan,2013 Toyota Highlander,Gas
8,13.1,South Korea,2009 Kia Borrego,Gas
4,8.1,Germany,2019 Volkswagen Golf Alltrack,Gas
4,8.1,Japan,2026 Mazda CX-90 PHEV,Gas
4,6,Japan,2024 Toyota RAV 4 Prime,Gas
4,7.8,Japan,2012 Mazda MX-5 Miata Roadster,Gas
6,10.7,Japan,2008 Nissan 350Z,Gas
4,7.8,Japan,2016 Scion iM,Gas
8,16.8,United States,2009 Ford F-250 Super Duty,Gas
4,8.1,Germany,2019 Audi S3 Sedan,Gas
8,13.8,Germany,2011 BMW M3,Gas
6,11.2,United States,2010 Jeep Liberty,Gas
4,10.2,Thailand,2010 Mazda B-Series,Gas
8,10.7,Germany,2022 BMW 8 Series Gran Coupe,Gas
6,9.4,Germany,2009 Mercedes-Benz SLK-Class,Gas
8,12.4,Germany,2007 BMW 6 Series,Gas
4,7.1,Japan,2008 Toyota Yaris,Gas
3,5.6,France,2015 smart fortwo,Gas
4,8.7,Germany,2020 Audi A5 Sportback,Gas
8,17.7,United States,2008 HUMMER H2,Gas
6,10.7,South Korea,2015 Kia Sedona,Gas
4,9.8,Germany,2010 Volkswagen Tiguan,Gas
8,11.8,Germany,2008 Mercedes-Benz CL-Class,Gas
6,9.8,Germany,2005 BMW 3 Series,Gas
,,United States,2027 Cadillac Optiq,Electric
4,6.4,Japan,2026 Toyota Crown Signia,Gas/Electric Hybrid
4,6.1,Japan,2019 Toyota RAV 4 Hybrid,Gas
6,9.4,United States,2007 Saturn Aura,Gas
4,8.1,Japan,2026 Toyota GR86,Gas
4,10.7,Sweden,2023 Volvo XC90,Gas
4,10.2,United States,2026 Toyota Grand Highlander,Gas
6,10.2,Germany,2010 Mercedes-Benz E-Class,Gas
6,10.2,United States,2010 Ford Escape,Gas
4,8.1,Germany,2015 Audi S3,Gas
4,3.9,Japan,2009 Toyota Prius,Gas
4,3.9,Japan,2009 Toyota Prius,Gas/Electric Hybrid
6,10.7,Italy,2020 Maserati Levante,Gas
6,10.2,Japan,2011 Toyota Crown,Gas
6,10.7,Japan,2008 Lexus GS,Gas
3,6.5,Japan,2011 Daihatsu Hijet,Gas
3,8.1,India,2019 Ford EcoSport,Gas
8,11.2,Germany,2013 Audi S6 Sedan,Gas
4,9.4,United States,2017 Chevrolet Equinox,Gas
6,10.2,United States,2009 Ford Escape,Gas
4,8.1,Germany,2009 BMW 1 Series,Gas
4,9.8,Germany,2011 Mercedes-Benz GLK-Class,Gas
4,8.1,Japan,2005 Acura RSX,Gas
6,10.7,United States,2009 Toyota Venza,Gas
6,11.7,Slovakia,2013 Volkswagen Touareg,Gas
4,8.7,Japan,2011 Nissan Rogue,Gas
,,South Korea,2022 Hyundai Kona,Electric
4,8.1,United States,2007 Honda Civic Sedan,Gas
4,9.4,United States,2009 Jeep Compass,Gas
,,South Korea,2024 Kia EV9,Electric
4,9.4,Spain,2023 Ford Transit Connect,Gas
6,10.2,United Kingdom,2012 Jaguar XF,Gas
,,Japan,2026 Toyota bZ Woodland,Electric
,,South Korea,2027 Kia EV5,Electric
,,Germany,2026 Mercedes-Benz GLE,Electric
8,13.8,Germany,2012 BMW M3,Gas
4,1.9,Japan,2026 Mitsubishi Outlander PHEV,Electric
6,10.7,Germany,2019 Porsche 911 Carrera 4 GTS Coupe,Gas
8,11.2,Germany,2011 Audi S5,Gas
4,4.9,South Korea,2021 Hyundai Sonata Hybrid,Gas/Electric Hybrid
6,9.4,Japan,2025 Mazda CX-70 MHEV,Gas/Electric Hybrid
4,5.6,United States,2017 Toyota Camry,Gas/Electric Hybrid
8,14.7,United States,2011 Chevrolet Silverado 2500 HD,Gas
4,8.1,South Korea,2014 Hyundai Elantra GT,Gas
4,8.1,Sweden,2017 Volvo V60,Gas
4,7.8,Japan,2012 Nissan Sentra,Gas
3,9.4,Japan,2023 Toyota GR Corolla,Gas
8,14.7,United States,2020 GMC Sierra 3500HD,Gas
6,10.7,United States,2012 Toyota Sienna,Gas
6,11.8,Japan,2012 Nissan GT-R,Gas
4,7.6,Germany,2009 Mercedes-Benz B-Class,Gas
4,7.8,Japan,2024 Mazda MX-5 Miata RF,Gas
4,9.4,Italy,2026 Maserati Grecale,Gas
6,10.2,Germany,2026 BMW M2,Gas
8,11.2,Germany,2012 Mercedes-Benz S-Class,Gas
8,14.7,Italy,2013 Maserati GranTurismo,Gas
6,13.1,United States,2013 Jeep Wrangler Unlimited,Gas
6,11.2,United States,2026 Jeep Grand Cherokee L,Gas
6,13.1,United States,2027 Lincoln Navigator,Gas
4,1.9,Germany,2026 BMW 5 Series Sedan,Gas/Electric Hybrid
6,10.7,United States,2011 Dodge Charger,Gas
5,8.6,Germany,2019 Audi TT RS,Gas
6,11.2,United Kingdom,2023 Land Rover Discovery,Gas
4,9.4,United Kingdom,2024 Lotus Emira,Gas
4,7.6,Japan,2019 Mazda MX-5 Miata Roadster,Gas
6,11.2,United States,2008 BMW X5,Gas
8,14.7,United States,2023 Ford E-Series Cutaway,Gas
4,8.1,Germany,2022 Mercedes-Benz C-Class,Gas
6,10.7,United States,2017 Toyota Tacoma,Gas
4,9.4,United Kingdom,2019 Jaguar F-Pace,Gas
6,8.7,Canada,2022 Chrysler Pacifica Hybrid,Gas
4,6.9,Mexico,2018 Nissan Micra,Gas
8,11.2,United States,2007 Ford Mustang Convertible,Gas
6,11.2,United States,2010 GMC Acadia,Gas
4,6.4,Germany,2024 Mercedes-Benz C-Class Sedan,Gas/Electric Hybrid
4,9.4,United States,2015 Jeep Patriot,Gas
4,6.7,Japan,2021 Lexus NX,Gas/Electric Hybrid
,,South Korea,2027 Kia Sportage,Electric
6,10.2,Germany,2011 Audi A5,Gas
,,United States,2027 Cadillac Vistiq,Electric
8,14.7,United Kingdom,2012 Land Rover LR4,Gas
4,8.7,Japan,2022 Toyota GR86,Gas
6,8.1,United Kingdom,2024 Land Rover Range Rover Sport,Gas/Electric Hybrid
6,10.7,Italy,2022 Maserati Ghibli,Gas
8,11.2,Germany,2011 Mercedes-Benz S-Class,Gas
4,2.5,Japan,2024 Toyota RAV 4 Prime,Electric
6,13.1,United States,2027 Ford Expedition Max,Gas
6,11.2,United States,2020 Nissan Pathfinder,Gas
8,13.1,United States,2016 Chevrolet Suburban,Gas
6,10.2,Germany,2023 Mercedes-Benz S-Class,Gas
,,,2009 Porsche Cayman 718,Gas
6,10.7,Germany,2009 Mercedes-Benz CLK-Class,Gas
4,8.7,Germany,2018 Audi A5 Cabriolet,Gas
