,mileage,Age,no_accidents,has_carfax,one_owner,service_records,certified,Is_Hybrid,Cylinders,transmission_Manual,Body_Type,Make,price,Model,MoreInformation_x,Year,y_pred,predicted_price,error,abs_error,pct_error
8070,128432.0,5.0,0,0,0,0,0,0,8.0,False,Pickup Truck,Chevrolet,37448.0,Silverado,1500 LTD,2022.0,10.522245,37131.41,316.58984375,316.58984375,0.85
10361,63387.0,3.0,0,0,0,0,0,0,8.0,False,Pickup Truck,GMC,54980.0,Sierra,1500,2024.0,10.866107,52369.934,2610.06640625,2610.06640625,4.75
37546,135680.0,7.0,0,0,0,0,0,0,4.0,False,Sedan,Toyota,16995.0,Corolla,Sedan,2020.0,9.928157,20498.521,-3503.521484375,3503.521484375,-20.62
38120,127800.0,13.0,0,0,0,0,0,0,4.0,False,Sedan,Hyundai,7999.0,Elantra,GT,2014.0,9.174169,9643.746,-1644.74609375,1644.74609375,-20.56
27962,65873.0,7.0,0,0,0,0,0,0,4.0,False,Sedan,Honda,26022.0,Civic,Sedan,2020.0,10.0277195,22644.57,3377.4296875,3377.4296875,12.98
33779,25293.0,4.0,0,0,0,0,0,1,4.0,False,SUV,Toyota,41995.0,RAV,4 Hybrid,2023.0,10.680267,43488.176,-1493.17578125,1493.17578125,-3.56
10363,11156.0,2.0,0,0,0,0,0,0,0.0,False,Pickup Truck,GMC,101935.0,Sierra,EV,2025.0,11.558402,104651.65,-2716.6484375,2716.6484375,-2.67
19417,49119.0,4.0,0,0,0,0,0,0,4.0,False,Coupe,Mitsubishi,23488.0,Eclipse,Cross,2023.0,10.23672,27908.436,-4420.435546875,4420.435546875,-18.82
3120,149889.0,9.0,0,0,0,0,0,0,6.0,False,Coupe,Mercedes-Benz,39998.0,C-Class,Coupe,2018.0,10.053924,23245.82,16752.1796875,16752.1796875,41.88
28215,15065.0,2.0,0,0,0,0,0,0,4.0,False,SUV,Volkswagen,52992.0,Atlas,Cross Sport,2025.0,10.729452,45680.656,7311.34375,7311.34375,13.8
28923,121417.0,6.0,0,0,0,0,0,0,8.0,False,Pickup Truck,Chevrolet,32999.0,Silverado,1500,2021.0,10.466585,35121.074,-2122.07421875,2122.07421875,-6.43
16138,83380.0,8.0,0,0,0,0,0,0,6.0,False,SUV,Lincoln,53777.0,Navigator,L,2019.0,10.765499,47357.383,6419.6171875,6419.6171875,11.94
1960,63669.0,9.0,0,0,0,0,0,0,4.0,False,Sedan,Mazda,15995.0,Mazda3,Sport,2018.0,9.874597,19429.447,-3434.447265625,3434.447265625,-21.47
31358,167024.0,8.0,0,0,0,0,0,0,6.0,False,Minivan,Dodge,13490.0,Grand,Caravan,2019.0,9.561249,14202.572,-712.572265625,712.572265625,-5.28
31446,65822.0,8.0,0,0,0,0,0,0,0.0,False,Sedan,Tesla,31900.0,Model,3,2019.0,10.277653,29074.545,2825.455078125,2825.455078125,8.86
6363,19980.0,3.0,0,0,0,0,0,0,4.0,False,SUV,Buick,32488.0,Encore,GX,2024.0,10.311615,30078.977,2409.0234375,2409.0234375,7.42
31590,428.0,1.0,0,0,0,0,0,1,4.0,False,SUV,Honda,49990.0,CR-V,Hybrid,2026.0,10.882383,53229.316,-3239.31640625,3239.31640625,-6.48
17618,121960.0,8.0,0,0,0,0,1,0,4.0,False,Sedan,Mazda,16990.0,Mazda3,Sport,2019.0,9.753836,17219.152,-229.15234375,229.15234375,-1.35
21065,200.0,2.0,0,0,0,0,0,0,6.0,False,Van,RAM,46942.0,ProMaster,Cargo Van,2025.0,10.838389,50938.27,-3996.26953125,3996.26953125,-8.51
2263,125000.0,12.0,1,0,0,0,0,0,4.0,False,SUV,Toyota,16888.0,RAV,4,2015.0,9.579718,14467.333,2420.6669921875,2420.6669921875,14.33
25450,40572.0,3.0,0,0,0,0,0,1,4.0,False,SUV,Honda,38990.0,CR-V,Hybrid,2024.0,10.65091,42230.023,-3240.0234375,3240.0234375,-8.31
11188,172952.0,9.0,0,0,0,1,0,0,4.0,False,Sedan,Honda,16980.0,Accord,Sedan,2018.0,9.582744,14511.181,2468.8193359375,2468.8193359375,14.54
16150,98428.0,6.0,0,0,0,0,0,0,6.0,False,SUV,Lincoln,58995.0,Navigator,L,2021.0,10.943689,56594.76,2400.23828125,2400.23828125,4.07
20984,84.0,2.0,0,0,0,0,0,0,6.0,False,Van,RAM,47796.0,ProMaster,Cargo Van,2025.0,10.896853,54005.164,-6209.1640625,6209.1640625,-12.99
34308,97196.0,10.0,1,0,0,0,0,0,4.0,False,Sedan,Honda,19465.0,Civic,Sedan,2017.0,9.701504,16341.163,3123.8369140625,3123.8369140625,16.05
23078,63733.0,3.0,0,0,0,0,0,0,4.0,False,Sedan,Toyota,23880.0,Corolla,Sedan,2024.0,10.211457,27212.195,-3332.1953125,3332.1953125,-13.95
7701,707.0,1.0,0,0,0,0,0,0,8.0,False,Pickup Truck,Chevrolet,66713.0,Silverado,1500,2026.0,11.171911,71103.88,-4390.8828125,4390.8828125,-6.58
17670,2990.0,2.0,0,0,0,0,0,0,4.0,True,baseline_value_here,Mazda,43995.0,MX-5,Miata RF,2025.0,10.636571,41628.773,2366.2265625,2366.2265625,5.38
26458,85000.0,5.0,0,0,0,0,0,0,6.0,False,Coupe,Mercedes-Benz,86888.0,AMG,GT,2022.0,10.59775,40043.625,46844.375,46844.375,53.91
24318,2000.0,1.0,0,0,0,0,0,0,0.0,False,SUV,Volvo,93499.0,XC90,Plug-in Hybrid,2026.0,11.405644,89826.32,3672.6796875,3672.6796875,3.93
29207,98000.0,15.0,0,0,0,0,0,0,6.0,False,SUV,Land,18995.0,Rover,Range Rover Sport,2012.0,9.881404,19562.168,-567.16796875,567.16796875,-2.99
23795,95893.0,9.0,0,0,0,0,0,0,4.0,False,Wagon,Volkswagen,15888.0,Golf,Standard Model,2018.0,9.888237,19696.303,-3808.302734375,3808.302734375,-23.97
28491,295000.0,11.0,0,0,0,0,0,0,8.0,False,Pickup Truck,GMC,12500.0,Sierra,1500,2016.0,9.516895,13586.361,-1086.361328125,1086.361328125,-8.69
26877,56600.0,2.0,0,0,0,0,0,1,4.0,False,Sedan,Honda,33595.0,Civic,Sedan,2025.0,10.378975,32174.96,1420.0390625,1420.0390625,4.23
22988,35698.0,2.0,0,0,0,0,0,0,4.0,False,SUV,Toyota,41900.0,RAV,4,2025.0,10.606037,40376.87,1523.12890625,1523.12890625,3.64
1491,63896.0,6.0,0,0,0,0,0,0,6.0,False,SUV,BMW,83495.0,X5,M,2021.0,11.24602,76573.57,6921.4296875,6921.4296875,8.29
895,61400.0,5.0,0,0,0,0,0,0,6.0,False,Hatchback,Audi,49900.0,S5,Sportback,2022.0,10.7224,45359.625,4540.375,4540.375,9.1
24950,15195.0,3.0,0,0,1,0,0,0,4.0,False,Sedan,Toyota,25988.0,Corolla,Sedan,2024.0,10.322223,30399.754,-4411.75390625,4411.75390625,-16.98
31981,109467.0,12.0,0,0,0,0,1,0,6.0,False,Minivan,Dodge,12995.0,Grand,Caravan,2015.0,9.229932,10196.847,2798.1533203125,2798.1533203125,21.53
8484,88370.0,7.0,0,0,0,0,0,1,6.0,False,Minivan,Chrysler,32700.0,Pacifica,Hybrid,2020.0,10.373972,32014.389,685.611328125,685.611328125,2.1
29237,190980.0,13.0,0,0,0,0,0,0,6.0,False,Van,Ford,7990.0,Transit,Connect,2014.0,9.382061,11872.461,-3882.4609375,3882.4609375,-48.59
6234,12626.0,7.0,0,0,0,0,0,0,4.0,False,SUV,Buick,22300.0,Encore,GX,2020.0,10.252603,28355.246,-6055.24609375,6055.24609375,-27.15
18711,67248.0,4.0,0,0,0,0,0,0,4.0,False,Sedan,Mercedes-Benz,42178.0,C-Class,Sedan,2023.0,10.469674,35229.734,6948.265625,6948.265625,16.47
13676,61.0,4.0,0,0,0,0,0,0,0.0,False,SUV,Jeep,68888.0,Grand,Cherokee 4xe,2023.0,10.779925,48045.54,20842.4609375,20842.4609375,30.26
29975,189007.0,11.0,0,0,0,0,0,0,6.0,True,SUV,Land,12950.0,Rover,Discovery Sport,2016.0,9.609859,14910.074,-1960.07421875,1960.07421875,-15.14
14829,123000.0,4.0,0,0,0,0,0,0,6.0,False,SUV,Land,29450.0,Rover,Range Rover Evoque,2023.0,10.884169,53324.43,-23874.4296875,23874.4296875,-81.07
14902,59547.0,4.0,0,0,0,0,0,0,6.0,False,SUV,Land,88490.0,Rover,Range Rover Sport,2023.0,11.179899,71674.14,16815.859375,16815.859375,19.0
452,7125.0,2.0,0,0,0,0,0,0,4.0,False,SUV,Toyota,42798.0,RAV,4,2025.0,10.7197,45237.324,-2439.32421875,2439.32421875,-5.7
10029,127522.0,12.0,0,0,0,0,0,0,8.0,False,SUV,GMC,31987.0,Yukon,XL,2015.0,10.289334,29416.186,2570.814453125,2570.814453125,8.04
33728,46980.0,17.0,0,0,1,0,0,1,4.0,False,Sedan,Chevrolet,11500.0,Malibu,Hybrid,2010.0,9.467972,12937.618,-1437.6181640625,1437.6181640625,-12.5
25499,119550.0,14.0,0,0,0,0,0,0,4.0,False,SUV,Hyundai,9500.0,Santa,Fe,2013.0,9.185422,9752.895,-252.89453125,252.89453125,-2.66
22623,60768.0,5.0,0,0,0,0,0,0,0.0,False,Sedan,Tesla,34888.0,Model,3,2022.0,10.4965725,36190.246,-1302.24609375,1302.24609375,-3.73
35249,203000.0,15.0,0,0,0,0,0,1,4.0,False,Sedan,Ford,5500.0,Fusion,Hybrid,2012.0,8.674465,5850.5693,-350.5693359375,350.5693359375,-6.37
21193,200.0,2.0,0,0,0,0,0,0,6.0,False,Van,RAM,45961.0,ProMaster,Cargo Van,2025.0,10.838389,50938.27,-4977.26953125,4977.26953125,-10.83
23470,86480.0,5.0,0,0,0,0,0,0,4.0,False,SUV,Volkswagen,31985.0,Atlas,Cross Sport,2022.0,10.322473,30407.352,1577.6484375,1577.6484375,4.93
352,137851.0,7.0,0,0,0,0,0,1,4.0,False,SUV,Toyota,33495.0,Highlander,Hybrid,2020.0,10.265932,28735.75,4759.25,4759.25,14.21
22365,83860.0,5.0,0,0,0,0,0,0,0.0,False,Sedan,Tesla,41880.0,Model,Y,2022.0,10.458522,34839.016,7040.984375,7040.984375,16.81
34842,253856.0,21.0,0,0,0,0,0,0,8.0,False,Pickup Truck,Dodge,2950.0,RAM,1500,2006.0,8.688107,5930.9395,-2980.939453125,2980.939453125,-101.05
22375,98400.0,7.0,0,0,0,0,0,0,0.0,False,Sedan,Tesla,23995.0,Model,3,2020.0,10.271488,28895.86,-4900.859375,4900.859375,-20.42
37125,41650.0,3.0,0,0,0,0,0,1,4.0,False,SUV,Honda,40900.0,CR-V,Hybrid,2024.0,10.65091,42230.023,-1330.0234375,1330.0234375,-3.25
29218,28500.0,3.0,0,0,0,0,0,0,8.0,False,Pickup Truck,Chevrolet,45995.0,Silverado,1500,2024.0,10.869947,52571.445,-6576.4453125,6576.4453125,-14.3
6305,18158.0,3.0,0,0,0,0,0,0,4.0,False,SUV,Buick,30995.0,Encore,GX,2024.0,10.313584,30138.271,856.728515625,856.728515625,2.76
31065,65500.0,7.0,0,0,0,0,0,0,8.0,True,Coupe,Ford,24000.0,Mustang,Fastback,2020.0,10.885435,53392.008,-29392.0078125,29392.0078125,-122.47
14722,12086.0,2.0,0,0,0,0,0,0,4.0,False,SUV,Land,48999.0,Rover,Range Rover Evoque,2025.0,11.133557,68428.37,-19429.3671875,19429.3671875,-39.65
36895,206770.0,14.0,0,0,0,0,0,0,6.0,False,Minivan,Chrysler,7988.0,Town,& Country,2013.0,8.891462,7268.642,719.35791015625,719.35791015625,9.01
14897,46982.0,5.0,0,0,0,0,0,0,4.0,False,SUV,Land,64888.0,Rover,Defender,2022.0,10.905148,54454.957,10433.04296875,10433.04296875,16.08
33453,499.0,1.0,0,0,0,0,0,0,4.0,False,SUV,Ford,45890.0,Bronco,Sport,2026.0,10.705636,44605.55,1284.44921875,1284.44921875,2.8
286,66992.0,5.0,0,0,0,0,0,0,0.0,False,SUV,Kia,30895.0,Sorento,Plug-In Hybrid,2022.0,10.230408,27732.814,3162.185546875,3162.185546875,10.24
12207,100.0,2.0,0,0,0,0,0,0,4.0,False,Pickup Truck,Hyundai,58499.0,Santa,Fe,2025.0,10.849137,51488.71,7010.2890625,7010.2890625,11.98
34173,53500.0,7.0,0,1,0,0,0,0,4.0,False,SUV,Land,74500.0,Rover,Range Rover Sport,2020.0,10.582096,39421.66,35078.33984375,35078.33984375,47.09
34647,66942.0,12.0,0,0,0,0,0,0,8.0,False,Coupe,Chevrolet,40000.0,Corvette,Z51,2015.0,10.716432,45089.715,-5089.71484375,5089.71484375,-12.72
22246,97730.0,7.0,0,0,0,0,0,0,0.0,False,Sedan,Tesla,17995.0,Model,3,2020.0,10.274238,28975.418,-10980.41796875,10980.41796875,-61.02
24638,43231.0,3.0,0,0,0,0,0,1,4.0,False,SUV,Volvo,57990.0,XC60,Recharge,2024.0,10.976198,58464.855,-474.85546875,474.85546875,-0.82
14931,18800.0,6.0,0,0,0,0,0,0,6.0,False,SUV,Land,42898.0,Rover,Range Rover Velar,2021.0,10.916307,55066.086,-12168.0859375,12168.0859375,-28.37
36872,32399.0,3.0,0,1,1,0,0,0,4.0,False,SUV,Toyota,32888.0,RAV,4,2024.0,10.555726,38395.67,-5507.671875,5507.671875,-16.75
7353,100364.0,9.0,0,0,0,0,0,0,6.0,False,Sedan,Cadillac,20000.0,ATS,Sedan,2018.0,9.922144,20375.63,-375.630859375,375.630859375,-1.88
34038,29514.0,3.0,0,0,0,0,0,0,8.0,False,Pickup Truck,GMC,53995.0,Sierra,1500,2024.0,10.977471,58539.34,-4544.33984375,4544.33984375,-8.42
34317,59835.0,8.0,1,0,0,0,0,1,4.0,False,SUV,Toyota,34962.0,RAV,4 Hybrid,2019.0,10.44011,34203.42,758.578125,758.578125,2.17
22376,96900.0,6.0,0,1,1,0,0,0,0.0,False,Sedan,Tesla,35388.0,Model,Y,2021.0,10.32677,30538.305,4849.6953125,4849.6953125,13.7
32478,21263.0,3.0,0,0,0,0,0,0,4.0,False,SUV,Ford,34409.0,Bronco,Sport,2024.0,10.496118,36173.785,-1764.78515625,1764.78515625,-5.13
34376,19293.0,2.0,0,0,0,0,0,1,4.0,False,SUV,Honda,44786.0,CR-V,Hybrid,2025.0,10.726924,45565.312,-779.3125,779.3125,-1.74
22904,25283.0,5.0,0,0,0,0,0,0,4.0,False,Sedan,Toyota,22999.0,Corolla,Sedan,2022.0,10.1840725,26477.08,-3478.080078125,3478.080078125,-15.12
36866,34599.0,3.0,0,0,0,0,0,0,4.0,False,SUV,Toyota,49998.0,Grand,Highlander,2024.0,10.574318,39116.215,10881.78515625,10881.78515625,21.76
2377,58477.0,5.0,0,0,0,0,0,0,4.0,False,Sedan,Volkswagen,24988.0,Jetta,GLI,2022.0,10.163891,25948.064,-960.064453125,960.064453125,-3.84
29178,59990.0,4.0,0,0,0,0,0,0,6.0,False,SUV,Jeep,39910.0,Grand,Cherokee,2023.0,10.737737,46060.684,-6150.68359375,6150.68359375,-15.41
923,89992.0,6.0,0,0,0,0,0,0,4.0,False,Sedan,Honda,18900.0,Civic,Sedan,2021.0,10.003231,22096.75,-3196.75,3196.75,-16.91
9048,149281.0,8.0,0,0,0,0,0,0,6.0,False,Minivan,Dodge,17999.0,Grand,Caravan,2019.0,9.65324,15571.163,2427.8369140625,2427.8369140625,13.49
25200,63490.0,4.0,0,0,0,0,0,1,4.0,False,SUV,Honda,38300.0,CR-V,Hybrid,2023.0,10.51041,36694.53,1605.46875,1605.46875,4.19
22377,48000.0,6.0,0,1,0,0,0,0,0.0,False,Sedan,Tesla,31388.0,Model,3,2021.0,10.445707,34395.406,-3007.40625,3007.40625,-9.58
30259,50101.0,9.0,0,0,0,0,0,0,6.0,False,Hatchback,Audi,35495.0,S5,Sportback,2018.0,10.41479,33348.24,2146.76171875,2146.76171875,6.05
29114,29222.0,2.0,0,0,0,0,0,1,4.0,False,Sedan,Honda,26888.0,Civic,Sedan,2025.0,10.410926,33219.613,-6331.61328125,6331.61328125,-23.55
23505,178521.0,12.0,0,0,0,0,1,0,4.0,True,Hatchback,Volkswagen,8990.0,Golf,Standard Model,2015.0,9.108737,9032.878,-42.8779296875,42.8779296875,-0.48
11924,102308.0,9.0,0,0,0,0,0,0,4.0,False,SUV,Hyundai,17288.0,Santa,Fe Sport,2018.0,9.830978,18600.145,-1312.14453125,1312.14453125,-7.59
28799,8688.0,1.0,0,0,0,0,0,1,4.0,False,SUV,Honda,54577.0,CR-V,Hybrid,2026.0,10.853585,51718.246,2858.75390625,2858.75390625,5.24
14724,136000.0,9.0,0,0,0,0,0,0,6.0,False,SUV,Land,27888.0,Rover,Range Rover Sport,2018.0,10.1005125,24354.488,3533.51171875,3533.51171875,12.67
34461,7736.0,2.0,0,0,0,0,0,0,4.0,False,SUV,Hyundai,50000.0,Tucson,Hybrid,2025.0,10.664416,42804.26,7195.73828125,7195.73828125,14.39
1265,31978.0,2.0,0,0,0,0,0,0,4.0,False,SUV,Ford,29997.0,Bronco,Sport,2025.0,10.489086,35920.316,-5923.31640625,5923.31640625,-19.75
664,144700.0,11.0,0,0,0,0,1,0,4.0,False,Coupe,Honda,16995.0,Accord,Sedan,2016.0,9.516182,13576.672,3418.328125,3418.328125,20.11
10150,97916.0,7.0,0,0,0,0,0,0,8.0,False,Pickup Truck,GMC,29995.0,Sierra,1500,2020.0,10.58818,39662.22,-9667.21875,9667.21875,-32.23
1643,64467.0,4.0,0,0,0,0,0,0,4.0,False,Sedan,Toyota,29995.0,Corolla,Cross,2023.0,10.176635,26280.875,3714.125,3714.125,12.38
22596,141725.0,5.0,1,0,0,0,0,0,0.0,False,Sedan,Tesla,23990.0,Model,3,2022.0,10.296294,29621.64,-5631.640625,5631.640625,-23.47
1189,125043.0,11.0,0,0,0,0,0,0,4.0,False,Sedan,Honda,14995.0,Civic,Sedan,2016.0,9.511647,13515.24,1479.759765625,1479.759765625,9.87
26506,49003.0,2.0,0,0,0,0,0,0,8.0,False,Pickup Truck,Chevrolet,51995.0,Silverado,1500,2025.0,10.8707485,52613.58,-618.578125,618.578125,-1.19
26637,64151.0,6.0,1,0,0,0,0,0,4.0,False,Sedan,Toyota,21962.0,Corolla,Sedan,2021.0,10.056577,23307.578,-1345.578125,1345.578125,-6.13
305,37352.0,2.0,0,0,0,0,0,1,4.0,False,SUV,Honda,40400.0,CR-V,Hybrid,2025.0,10.688528,43848.914,-3448.9140625,3448.9140625,-8.54
22317,118416.0,5.0,0,0,0,0,0,0,0.0,False,Sedan,Tesla,36990.0,Model,Y,2022.0,10.35037,31267.623,5722.376953125,5722.376953125,15.47
10201,83406.0,4.0,0,1,1,0,0,0,8.0,False,SUV,GMC,84578.0,Yukon,XL,2023.0,11.121585,67613.984,16964.015625,16964.015625,20.06
25875,104150.0,10.0,0,0,0,0,0,0,6.0,False,SUV,Land,14899.0,Rover,Range Rover Evoque,2017.0,10.050324,23162.3,-8263.30078125,8263.30078125,-55.46
33945,130500.0,15.0,0,0,0,0,0,0,4.0,False,Sedan,Honda,7490.0,Civic,Sedan,2012.0,9.266264,10574.169,-3084.1689453125,3084.1689453125,-41.18
27046,19462.0,4.0,0,0,0,0,0,0,6.0,False,SUV,Land,126000.0,Rover,Range Rover,2023.0,11.235347,75760.59,50239.40625,50239.40625,39.87
9044,142287.0,11.0,0,0,0,0,0,0,6.0,False,Minivan,Dodge,12999.0,Grand,Caravan,2016.0,9.348576,11481.456,1517.5439453125,1517.5439453125,11.67
1524,65081.0,6.0,0,0,0,0,0,1,4.0,False,SUV,Toyota,44999.0,Highlander,Hybrid,2021.0,10.453808,34675.164,10323.8359375,10323.8359375,22.94
34879,10639.0,3.0,0,0,0,0,0,1,4.0,False,SUV,Toyota,43995.0,RAV,4 Hybrid,2024.0,10.824613,50241.3,-6246.30078125,6246.30078125,-14.2
22797,19950.0,2.0,0,0,0,0,0,0,4.0,False,Sedan,Toyota,25900.0,Corolla,Sedan,2025.0,10.334561,30777.182,-4877.181640625,4877.181640625,-18.83
13652,86984.0,6.0,0,0,0,0,0,0,6.0,False,SUV,Jeep,35288.0,Grand,Cherokee L,2021.0,10.426998,33757.86,1530.140625,1530.140625,4.34
13305,56848.0,4.0,1,0,1,0,0,1,4.0,False,SUV,Jeep,50898.0,Grand,Cherokee 4xe,2023.0,10.57239,39040.855,11857.14453125,11857.14453125,23.3
18465,80604.0,15.0,0,0,0,0,0,0,4.0,False,Sedan,Mercedes-Benz,11888.0,C-Class,Sedan,2012.0,9.569221,14316.252,-2428.251953125,2428.251953125,-20.43
33185,106000.0,14.0,0,0,0,0,0,0,4.0,False,SUV,Lexus,19999.0,RX,350,2013.0,9.6462755,15463.085,4535.9150390625,4535.9150390625,22.68
38579,291.0,1.0,0,0,0,0,0,1,4.0,False,SUV,Toyota,53995.0,RAV,4,2026.0,10.959066,57471.76,-3476.76171875,3476.76171875,-6.44
34449,137571.0,5.0,0,0,0,0,0,0,8.0,False,Pickup Truck,GMC,36995.0,Sierra,1500,2022.0,10.597893,40049.35,-3054.3515625,3054.3515625,-8.26
13320,10969.0,4.0,0,0,0,0,0,1,4.0,False,SUV,Jeep,55110.0,Grand,Cherokee 4xe,2023.0,10.749388,46600.49,8509.51171875,8509.51171875,15.44
34628,47866.0,2.0,1,0,1,0,0,0,4.0,False,SUV,Toyota,37888.0,RAV,4,2025.0,10.580557,39361.027,-1473.02734375,1473.02734375,-3.89
13577,62226.0,6.0,0,0,0,0,0,0,0.0,False,SUV,Jeep,35997.0,Wrangler,Unlimited,2021.0,10.398851,32820.906,3176.09375,3176.09375,8.82
37088,27201.0,2.0,0,0,0,0,0,0,4.0,False,Sedan,Honda,26995.0,Civic,Sedan,2025.0,10.305872,29906.72,-2911.720703125,2911.720703125,-10.79
10971,3000.0,2.0,0,0,0,0,0,1,6.0,False,Coupe,Genesis,102000.0,GV80,Coupe,2025.0,10.947035,56784.418,45215.58203125,45215.58203125,44.33
642,78641.0,6.0,0,0,0,0,0,0,6.0,False,SUV,Jeep,32888.0,Wrangler,Unlimited,2021.0,10.456335,34762.91,-1874.91015625,1874.91015625,-5.7
8578,74591.0,3.0,0,0,0,0,0,0,6.0,False,Minivan,Chrysler,33995.0,Grand,Caravan,2024.0,10.44282,34296.22,-301.21875,301.21875,-0.89
7936,40618.0,3.0,0,0,0,0,0,0,8.0,False,Pickup Truck,Chevrolet,45994.0,Silverado,1500,2024.0,10.86139,52123.49,-6129.48828125,6129.48828125,-13.33
9341,4618.0,2.0,0,0,0,0,0,0,4.0,False,baseline_value_here,Ford,43473.0,Mustang,Fastback,2025.0,10.672765,43163.117,309.8828125,309.8828125,0.71
28233,136561.0,10.0,0,0,0,0,0,0,4.0,False,Sedan,Toyota,12995.0,Corolla,Sedan,2017.0,9.644224,15431.3955,-2436.3955078125,2436.3955078125,-18.75
10115,124554.0,9.0,0,0,0,0,0,0,8.0,False,Pickup Truck,GMC,36888.0,Sierra,1500,2018.0,10.313942,30149.053,6738.947265625,6738.947265625,18.27
1663,84725.0,5.0,0,0,1,0,0,0,8.0,False,Pickup Truck,GMC,49988.0,Sierra,1500 Limited,2022.0,10.723335,45402.082,4585.91796875,4585.91796875,9.17
34284,117678.0,9.0,0,0,0,0,0,0,4.0,False,Sedan,Kia,9999.0,Rio,5-door,2018.0,9.443835,12629.063,-2630.0634765625,2630.0634765625,-26.3
11900,142206.0,10.0,0,0,0,0,0,0,4.0,False,SUV,Hyundai,12142.0,Santa,Fe XL,2017.0,9.536164,13850.714,-1708.7138671875,1708.7138671875,-14.07
33321,28319.0,4.0,0,0,0,0,0,1,4.0,False,SUV,Toyota,46293.0,RAV,4 Hybrid,2023.0,10.680267,43488.176,2804.82421875,2804.82421875,6.06
31213,144000.0,10.0,0,0,0,0,0,0,8.0,False,Pickup Truck,Chevrolet,24500.0,Silverado,1500,2017.0,10.1489935,25564.357,-1064.357421875,1064.357421875,-4.34
8776,152768.0,9.0,0,0,0,0,0,0,6.0,False,Minivan,Dodge,14888.0,Grand,Caravan,2018.0,9.585703,14554.189,333.810546875,333.810546875,2.24
330,103930.0,8.0,0,1,0,0,0,0,4.0,False,Coupe,Mercedes-Benz,23488.0,C-Class,Sedan,2019.0,10.232458,27789.738,-4301.73828125,4301.73828125,-18.31
22413,81600.0,5.0,0,0,0,0,0,0,0.0,False,Sedan,Tesla,25880.0,Model,3,2022.0,10.458278,34830.508,-8950.5078125,8950.5078125,-34.58
36827,110542.0,11.0,0,0,0,0,0,0,8.0,False,Pickup Truck,Chevrolet,26998.0,Silverado,1500,2016.0,10.06544,23515.09,3482.91015625,3482.91015625,12.9
31467,95000.0,14.0,0,0,0,0,0,0,4.0,False,Sedan,Volkswagen,7500.0,Jetta,Sedan,2013.0,9.30081,10945.881,-3445.880859375,3445.880859375,-45.95
23724,249803.0,12.0,0,0,0,0,1,0,4.0,False,Hatchback,Volkswagen,6990.0,Golf,Standard Model,2015.0,8.565217,5244.978,1745.02197265625,1745.02197265625,24.96
22407,101363.0,6.0,1,0,0,0,0,0,0.0,False,Sedan,Tesla,23888.0,Model,3,2021.0,10.321822,30387.58,-6499.580078125,6499.580078125,-27.21
22634,77755.0,5.0,0,0,0,0,0,0,0.0,False,Sedan,Tesla,41888.0,Model,Y,2022.0,10.461508,34943.2,6944.80078125,6944.80078125,16.58
2967,115100.0,10.0,0,0,0,0,0,0,4.0,True,Hatchback,Volkswagen,17995.0,Golf,GTI,2017.0,9.731239,16834.404,1160.595703125,1160.595703125,6.45
11194,149000.0,9.0,0,0,0,0,0,0,4.0,False,Sedan,Honda,16990.0,Civic,Hatchback,2018.0,9.6796255,15987.508,1002.4921875,1002.4921875,5.9
26434,130525.0,13.0,0,0,0,0,0,0,4.0,False,Sedan,Nissan,6499.0,Versa,Note,2014.0,8.86071,7048.4873,-549.4873046875,549.4873046875,-8.45
32642,239250.0,11.0,0,0,0,0,0,0,4.0,False,Coupe,Honda,11000.0,Accord,Sedan,2016.0,9.213031,10025.94,974.0595703125,974.0595703125,8.86
1991,98499.0,8.0,0,0,0,0,0,0,4.0,False,Sedan,Hyundai,16499.0,Elantra,GT,2019.0,9.729243,16800.834,-301.833984375,301.833984375,-1.83
22908,124677.0,5.0,0,0,0,0,0,0,4.0,False,SUV,Toyota,26588.0,RAV,4,2022.0,10.2366705,27907.05,-1319.05078125,1319.05078125,-4.96
2070,576.0,1.0,0,0,0,0,0,0,8.0,False,Pickup Truck,GMC,73658.0,Sierra,1500,2026.0,11.314032,81962.69,-8304.6875,8304.6875,-11.27
31692,331226.0,8.0,0,0,0,0,0,0,4.0,False,Sedan,Honda,11500.0,Civic,Sedan,2019.0,9.269879,10612.472,887.5283203125,887.5283203125,7.72
26006,185006.0,14.0,0,0,0,0,0,0,6.0,False,Minivan,Dodge,4900.0,Grand,Caravan,2013.0,8.790188,6568.466,-1668.4658203125,1668.4658203125,-34.05
1144,29690.0,6.0,0,0,0,0,0,0,4.0,False,SUV,Ford,25888.0,Bronco,Sport,2021.0,10.313201,30126.72,-4238.720703125,4238.720703125,-16.37
29391,179508.0,10.0,0,0,0,0,0,0,8.0,False,Pickup Truck,GMC,19999.0,Sierra,1500,2017.0,10.025654,22597.84,-2598.83984375,2598.83984375,-12.99
24786,40965.0,3.0,0,0,0,0,0,0,0.0,False,SUV,Volvo,50500.0,C40,Recharge Pure Electric,2024.0,11.028137,61581.758,-11081.7578125,11081.7578125,-21.94
32301,499.0,1.0,0,0,0,0,0,0,8.0,False,Coupe,Ford,52770.0,Mustang,Fastback,2026.0,11.106227,66583.49,-13813.4921875,13813.4921875,-26.18
13462,130706.0,6.0,0,0,0,0,0,0,6.0,False,SUV,Jeep,26995.0,Grand,Cherokee,2021.0,10.293485,29538.531,-2543.53125,2543.53125,-9.42
2745,57375.0,3.0,0,0,0,0,0,0,8.0,False,Pickup Truck,GMC,62995.0,Sierra,2500HD,2024.0,10.933285,56008.957,6986.04296875,6986.04296875,11.09
31721,148532.0,12.0,0,0,0,0,0,0,4.0,False,Sedan,Honda,12999.0,Civic,Sedan,2015.0,9.341312,11398.359,1600.640625,1600.640625,12.31
22379,89985.0,6.0,0,0,0,0,0,0,0.0,False,Sedan,Tesla,33380.0,Model,Y,2021.0,10.321201,30368.719,3011.28125,3011.28125,9.02
35311,120000.0,8.0,0,0,0,0,0,0,4.0,True,Coupe,Ford,48888.0,Mustang,Fastback,2019.0,10.035629,22824.4,26063.599609375,26063.599609375,53.31
22625,88000.0,7.0,0,0,0,0,0,0,0.0,False,Sedan,Tesla,32988.0,Model,Y,2020.0,10.29033,29445.488,3542.51171875,3542.51171875,10.74
22288,67339.0,5.0,0,0,0,0,0,0,0.0,False,Sedan,Tesla,33333.0,Model,3,2022.0,10.488217,35889.12,-2556.12109375,2556.12109375,-7.67
32298,499.0,1.0,0,0,0,0,0,0,4.0,False,SUV,Ford,49285.0,Bronco,Sport,2026.0,10.705636,44605.55,4679.44921875,4679.44921875,9.49
71,53819.0,3.0,0,0,0,0,0,0,4.0,False,SUV,Toyota,35595.0,RAV,4,2024.0,10.536672,37670.973,-2075.97265625,2075.97265625,-5.83
24802,129700.0,11.0,0,0,0,0,0,0,4.0,False,SUV,Volvo,23888.0,XC90,Hybrid,2016.0,9.873511,19408.371,4479.62890625,4479.62890625,18.75
32868,84370.0,5.0,0,0,0,0,0,0,4.0,False,Sedan,Toyota,19888.0,Corolla,Sedan,2022.0,10.087499,24039.584,-4151.583984375,4151.583984375,-20.87
26633,108773.0,8.0,1,0,0,0,0,0,4.0,False,Hatchback,Toyota,19462.0,Corolla,Hatchback 5-Door,2019.0,9.809832,18210.92,1251.080078125,1251.080078125,6.43
15017,64829.0,5.0,0,0,0,0,0,0,4.0,False,SUV,Land,41495.0,Rover,Range Rover Velar,2022.0,10.8114195,49582.8,-8087.80078125,8087.80078125,-19.49
33106,79344.0,3.0,0,0,0,0,0,0,4.0,True,Hatchback,Volkswagen,32995.0,Golf,GTI,2024.0,10.381919,32269.826,725.173828125,725.173828125,2.2
32312,26289.0,2.0,0,0,0,0,0,0,4.0,False,SUV,Toyota,41373.0,RAV,4,2025.0,10.608441,40474.062,898.9375,898.9375,2.17
20948,70000.0,11.0,0,0,0,0,0,0,6.0,False,Van,RAM,16977.0,ProMaster,City Wagon,2016.0,9.927823,20491.682,-3514.681640625,3514.681640625,-20.7
6476,156902.0,6.0,0,0,0,0,0,0,4.0,False,SUV,Buick,19990.0,Encore,GX,2021.0,9.828115,18546.967,1443.033203125,1443.033203125,7.22
19279,17972.0,3.0,0,0,0,0,0,0,4.0,False,Coupe,Mitsubishi,28998.0,Eclipse,Cross,2024.0,10.33332,30738.988,-1740.98828125,1740.98828125,-6.0
7827,45068.0,3.0,0,0,0,0,0,0,8.0,False,Pickup Truck,Chevrolet,41922.0,Silverado,1500,2024.0,10.850337,51550.523,-9628.5234375,9628.5234375,-22.97
25114,129534.0,8.0,0,1,0,0,0,0,4.0,False,SUV,Land,14880.0,Rover,Discovery Sport,2019.0,10.21139,27210.354,-12330.353515625,12330.353515625,-82.87
11413,30087.0,2.0,0,0,0,0,0,1,4.0,False,SUV,Honda,42900.0,CR-V,Hybrid,2025.0,10.691133,43963.27,-1063.26953125,1063.26953125,-2.48
13571,68357.0,4.0,0,1,0,0,0,0,6.0,False,SUV,Jeep,44466.0,Grand,Cherokee,2023.0,10.663285,42755.875,1710.125,1710.125,3.85
14828,33209.0,3.0,0,0,0,0,0,0,4.0,False,SUV,Land,81749.0,Rover,Defender,2024.0,11.009703,60456.91,21292.08984375,21292.08984375,26.05
18478,15985.0,2.0,0,0,0,0,0,0,4.0,False,Sedan,Mercedes-Benz,57495.0,C-Class,Sedan,2025.0,10.767333,47444.312,10050.6875,10050.6875,17.48
22690,221345.0,10.0,0,0,0,0,0,0,0.0,False,Sedan,Tesla,21999.0,Model,X,2017.0,9.94742,20897.238,1101.76171875,1101.76171875,5.01
36908,160212.0,6.0,0,0,0,0,0,0,0.0,False,Sedan,Tesla,18995.0,Model,3,2021.0,10.116214,24739.92,-5744.919921875,5744.919921875,-30.24
6493,20032.0,3.0,1,0,0,0,0,0,4.0,False,SUV,Buick,32939.0,Encore,GX,2024.0,10.311102,30063.547,2875.453125,2875.453125,8.73
33854,275600.0,15.0,0,0,0,0,0,0,4.0,False,Sedan,Volkswagen,2500.0,Jetta,Sedan,2012.0,8.162407,3505.6167,-1005.61669921875,1005.61669921875,-40.22
6247,21569.0,2.0,0,0,0,0,0,0,4.0,False,SUV,Buick,30307.0,Encore,GX,2025.0,10.365768,31752.824,-1445.82421875,1445.82421875,-4.77
13379,576.0,2.0,0,0,0,0,0,0,6.0,False,SUV,Jeep,53999.0,Grand,Cherokee L,2025.0,11.0145235,60749.07,-6750.0703125,6750.0703125,-12.5
1921,34845.0,3.0,1,0,0,0,0,0,8.0,False,Coupe,Ford,49999.0,Mustang,Fastback,2024.0,10.857399,51915.867,-1916.8671875,1916.8671875,-3.83
32888,156978.0,10.0,0,0,0,0,0,0,4.0,False,SUV,Toyota,19995.0,RAV,4,2017.0,9.770991,17517.125,2477.875,2477.875,12.39
35936,167329.0,9.0,0,0,0,0,0,0,4.0,False,SUV,Hyundai,13999.0,Santa,Fe XL,2018.0,9.458749,12818.834,1180.166015625,1180.166015625,8.43
8912,226681.0,16.0,0,0,0,0,1,0,6.0,False,Minivan,Dodge,6990.0,Grand,Caravan,2011.0,8.328247,4138.156,2851.84423828125,2851.84423828125,40.8
35208,208000.0,8.0,0,0,0,0,0,0,4.0,False,Sedan,Honda,11995.0,Civic,Sedan,2019.0,9.518376,13606.499,-1611.4990234375,1611.4990234375,-13.43
2912,144832.0,7.0,0,0,0,0,0,0,4.0,False,Sedan,Honda,15999.0,Civic,Sedan,2020.0,9.880349,19541.545,-3542.544921875,3542.544921875,-22.14
37429,197123.0,9.0,0,0,0,0,0,0,8.0,False,Pickup Truck,GMC,20988.0,Sierra,1500,2018.0,10.000162,22029.037,-1041.037109375,1041.037109375,-4.96
25593,16041.0,4.0,0,0,0,0,0,0,4.0,False,SUV,Hyundai,34706.0,Santa,Fe,2023.0,10.469053,35207.867,-501.8671875,501.8671875,-1.45
14601,9078.0,1.0,0,0,0,0,0,1,4.0,False,SUV,Kia,55950.0,Sorento,Hybrid,2026.0,10.820262,50023.188,5926.8125,5926.8125,10.59
864,41971.0,3.0,0,0,0,0,0,0,4.0,False,SUV,Volkswagen,46680.0,Atlas,Cross Sport,2024.0,10.608268,40467.04,6212.9609375,6212.9609375,13.31
8751,158201.0,8.0,1,0,0,0,0,0,6.0,False,Minivan,Dodge,16980.0,Grand,Caravan,2019.0,9.657255,15633.811,1346.189453125,1346.189453125,7.93
11364,116258.0,7.0,1,0,0,0,0,0,4.0,False,Sedan,Honda,21499.0,Accord,Sedan,2020.0,9.937922,20699.674,799.326171875,799.326171875,3.72
31834,170412.0,5.0,0,0,0,0,0,0,8.0,False,Pickup Truck,Ford,46900.0,F-250,Super Duty,2022.0,10.631829,41431.848,5468.15234375,5468.15234375,11.66
26028,79885.0,3.0,0,0,0,0,0,0,4.0,False,SUV,Toyota,32295.0,RAV,4,2024.0,10.427623,33778.953,-1483.953125,1483.953125,-4.59
22792,48299.0,3.0,0,0,0,0,0,1,4.0,False,Sedan,Toyota,36595.0,Corolla,Cross Hybrid,2024.0,10.407724,33113.43,3481.5703125,3481.5703125,9.51
8933,161573.0,10.0,0,0,0,0,0,0,6.0,False,Minivan,Dodge,12990.0,Grand,Caravan,2017.0,9.33719,11351.459,1638.541015625,1638.541015625,12.61
10288,33300.0,4.0,0,0,0,0,0,0,0.0,False,Pickup Truck,GMC,87988.0,HUMMER,EV Pickup,2023.0,11.151688,69680.33,18307.671875,18307.671875,20.81
6412,59434.0,7.0,0,0,0,0,0,0,4.0,False,Sedan,Buick,25990.0,Regal,Sportback,2020.0,9.908053,20090.525,5899.474609375,5899.474609375,22.7
38038,106491.0,8.0,0,0,0,0,0,0,4.0,False,Sedan,Honda,20081.0,Civic,Sedan,2019.0,9.879424,19523.475,557.525390625,557.525390625,2.78
32998,61618.0,2.0,0,0,1,0,0,0,4.0,False,SUV,Toyota,38794.0,RAV,4,2025.0,10.532653,37519.88,1274.12109375,1274.12109375,3.28
8390,141944.0,6.0,0,0,0,0,0,0,6.0,False,Minivan,Chrysler,17999.0,Grand,Caravan,2021.0,10.062915,23455.78,-5456.779296875,5456.779296875,-30.32
8511,158712.0,9.0,0,0,0,0,0,1,6.0,False,Minivan,Chrysler,19795.0,Pacifica,Hybrid,2018.0,9.950881,20969.69,-1174.689453125,1174.689453125,-5.93
27157,77123.0,9.0,0,0,0,0,0,0,4.0,False,Coupe,Audi,39900.0,TTS,Coupe,2018.0,10.234491,27846.3,12053.69921875,12053.69921875,30.21
34405,24000.0,16.0,0,0,0,0,0,0,6.0,False,Coupe,Hyundai,14995.0,Genesis,Coupe,2011.0,9.8244505,18479.113,-3484.11328125,3484.11328125,-23.24
1564,31406.0,3.0,0,0,0,0,0,0,0.0,False,Sedan,Tesla,41499.0,Model,Y,2024.0,10.850514,51559.668,-10060.66796875,10060.66796875,-24.24
29617,15491.0,5.0,0,0,0,0,0,0,6.0,False,Hatchback,Audi,52900.0,S5,Sportback,2022.0,10.893909,53846.402,-946.40234375,946.40234375,-1.79
34437,42500.0,4.0,1,0,0,0,0,0,6.0,False,SUV,Land,34998.0,Rover,Discovery Sport,2023.0,11.21765,74431.68,-39433.6796875,39433.6796875,-112.67
22961,17574.0,2.0,0,0,0,0,0,0,4.0,False,Sedan,Toyota,34495.0,Corolla,Cross,2025.0,10.355396,31425.17,3069.830078125,3069.830078125,8.9
22613,89787.0,4.0,0,0,0,0,0,0,0.0,False,Sedan,Tesla,28880.0,Model,3,2023.0,10.490096,35956.613,-7076.61328125,7076.61328125,-24.5
25836,66939.0,5.0,0,0,0,0,0,0,4.0,False,SUV,Volkswagen,35290.0,Atlas,Cross Sport,2022.0,10.374993,32047.105,3242.89453125,3242.89453125,9.19
124,19704.0,4.0,0,0,0,0,0,0,4.0,False,Sedan,Toyota,24880.0,Corolla,Sedan,2023.0,10.264181,28685.479,-3805.478515625,3805.478515625,-15.3
3093,64825.0,6.0,0,0,0,0,0,0,4.0,False,Sedan,Honda,29995.0,Accord,Sedan,2021.0,10.058103,23343.172,6651.828125,6651.828125,22.18
28487,14153.0,1.0,0,0,0,0,0,0,4.0,False,SUV,Land,68995.0,Rover,Range Rover Velar,2026.0,11.112144,66978.67,2016.328125,2016.328125,2.92
952,12219.0,5.0,0,0,0,0,0,0,4.0,False,Sedan,Honda,24700.0,Civic,Sedan,2022.0,10.275006,28997.701,-4297.701171875,4297.701171875,-17.4
26384,110000.0,5.0,0,0,0,0,0,0,4.0,False,Sedan,Toyota,19900.0,Corolla,Sedan,2022.0,10.030096,22698.451,-2798.451171875,2798.451171875,-14.06
11162,43134.0,3.0,1,0,0,0,0,0,4.0,False,Sedan,Honda,25185.0,Civic,Sedan,2024.0,10.275369,29008.21,-3823.2109375,3823.2109375,-15.18
22274,61696.0,5.0,0,0,0,0,0,0,0.0,False,Sedan,Tesla,27880.0,Model,3,2022.0,10.487418,35860.45,-7980.44921875,7980.44921875,-28.62
21081,150.0,2.0,0,0,0,0,0,0,6.0,False,Van,RAM,48888.0,ProMaster,Cargo Van,2025.0,10.838389,50938.27,-2050.26953125,2050.26953125,-4.19
13995,49751.0,5.0,0,0,0,0,0,0,0.0,False,Hatchback,Kia,20888.0,Soul,EV,2022.0,9.961118,21185.463,-297.462890625,297.462890625,-1.42
11166,76486.0,6.0,0,0,0,0,0,0,4.0,False,Sedan,Honda,24995.0,Accord,Sedan,2021.0,10.026967,22627.535,2367.46484375,2367.46484375,9.47
7713,4007.0,1.0,0,0,0,0,0,0,8.0,False,Pickup Truck,Chevrolet,85549.0,Silverado,1500,2026.0,11.164617,70587.08,14961.921875,14961.921875,17.49
14827,60224.0,4.0,0,0,0,0,0,0,6.0,False,SUV,Land,57999.0,Rover,Defender,2023.0,11.158863,70182.12,-12183.1171875,12183.1171875,-21.01
23544,79895.0,3.0,0,0,0,0,0,0,4.0,False,SUV,Volkswagen,42485.0,Atlas,Cross Sport,2024.0,10.450755,34569.47,7915.53125,7915.53125,18.63
11110,278155.0,9.0,0,0,0,0,1,0,4.0,False,Sedan,Honda,9990.0,Civic,Sedan,2018.0,9.168807,9592.174,397.826171875,397.826171875,3.98
19463,142637.0,5.0,0,0,0,0,0,0,4.0,False,Coupe,Mitsubishi,19616.0,Eclipse,Cross,2022.0,9.889661,19724.37,-108.369140625,108.369140625,-0.55
8349,4246.0,3.0,0,0,0,0,0,0,0.0,False,Minivan,Chrysler,68497.0,Pacifica,Hybrid,2024.0,10.793371,48695.926,19801.07421875,19801.07421875,28.91
7776,47400.0,2.0,0,0,0,0,0,0,8.0,False,Pickup Truck,Chevrolet,61998.0,Silverado,2500 HD,2025.0,10.8791685,53058.465,8939.53515625,8939.53515625,14.42
22277,46657.0,4.0,0,0,0,0,0,0,0.0,False,Sedan,Tesla,30880.0,Model,3,2023.0,10.581873,39412.863,-8532.86328125,8532.86328125,-27.63
16101,18118.0,2.0,0,0,0,0,0,0,6.0,False,SUV,Lincoln,117995.0,Navigator,L,2025.0,11.475762,96350.9,21644.1015625,21644.1015625,18.34
33740,136877.0,11.0,0,0,0,0,0,0,4.0,False,Coupe,Honda,15980.0,Accord,Sedan,2016.0,9.5492325,14032.919,1947.0810546875,1947.0810546875,12.18
35500,362.0,1.0,0,0,0,0,0,0,0.0,False,SUV,Kia,53086.0,Sportage,Hybrid,2026.0,10.940534,56416.44,-3330.44140625,3330.44140625,-6.27
34033,80138.0,4.0,0,0,0,0,0,0,4.0,False,Sedan,Toyota,24990.0,Corolla,Sedan,2023.0,10.144797,25457.307,-467.306640625,467.306640625,-1.87
19545,78700.0,4.0,0,0,0,0,0,1,4.0,False,SUV,Mitsubishi,36995.0,Outlander,Plug-In Hybrid,2023.0,10.406812,33083.22,3911.78125,3911.78125,10.57
14913,54957.0,3.0,0,0,0,0,0,0,4.0,False,SUV,Land,44995.0,Rover,Range Rover Evoque,2024.0,11.027958,61570.72,-16575.71875,16575.71875,-36.84
36638,158932.0,10.0,0,0,0,0,0,0,4.0,False,Sedan,Honda,15995.0,Accord,Sedan,2017.0,9.5800705,14472.439,1522.560546875,1522.560546875,9.52
35478,47102.0,5.0,0,0,0,0,0,1,4.0,False,Sedan,Mercedes-Benz,46900.0,C-Class,Sedan,2022.0,10.586898,39611.414,7288.5859375,7288.5859375,15.54
2136,138439.0,12.0,0,0,0,0,0,0,4.0,False,Sedan,Honda,12400.0,Civic,Sedan,2015.0,9.366868,11693.431,706.5693359375,706.5693359375,5.7
11867,118000.0,6.0,0,0,0,0,0,0,4.0,False,SUV,Hyundai,19988.0,Santa,Fe,2021.0,9.96192,21202.463,-1214.462890625,1214.462890625,-6.08
18621,160025.0,7.0,0,0,0,0,0,0,4.0,False,Wagon,Mercedes-Benz,21985.0,C-Class,Sedan,2020.0,10.161775,25893.209,-3908.208984375,3908.208984375,-17.78
33041,182827.0,10.0,0,0,0,0,0,0,4.0,False,Sedan,Nissan,7999.0,Sentra,NISMO,2017.0,8.905001,7367.7305,631.26953125,631.26953125,7.89
2132,5.0,2.0,0,0,0,0,0,0,6.0,False,Van,Chevrolet,60928.0,Express,2500,2025.0,10.902192,54294.254,6633.74609375,6633.74609375,10.89
16448,15367.0,6.0,1,0,0,0,0,0,6.0,False,SUV,Lincoln,68500.0,Navigator,L,2021.0,11.261366,77757.71,-9257.7109375,9257.7109375,-13.51
29388,281833.0,10.0,0,0,0,0,0,0,6.0,False,SUV,Jeep,11200.0,Wrangler,Unlimited,2017.0,9.03598,8398.943,2801.056640625,2801.056640625,25.01
26724,499.0,1.0,0,0,0,0,0,0,4.0,False,SUV,Ford,41640.0,Bronco,Sport,2026.0,10.705636,44605.55,-2965.55078125,2965.55078125,-7.12
33249,80980.0,6.0,0,0,0,0,0,0,4.0,False,SUV,Toyota,30910.0,RAV,4,2021.0,10.261721,28614.982,2295.017578125,2295.017578125,7.42
33368,12460.0,2.0,0,1,1,0,0,0,4.0,False,SUV,Toyota,48988.0,RAV,4,2025.0,10.687602,43808.33,5179.671875,5179.671875,10.57
7982,72839.0,3.0,1,0,0,0,0,0,8.0,False,Pickup Truck,Chevrolet,59280.0,Silverado,2500 HD,2024.0,10.7563715,46927.082,12352.91796875,12352.91796875,20.84
28811,198500.0,18.0,0,0,0,0,0,0,4.0,False,Sedan,Volkswagen,3100.0,Jetta,Sedan,2009.0,8.45972,4719.7344,-1619.734375,1619.734375,-52.25
6406,60732.0,5.0,1,0,1,0,0,0,4.0,False,SUV,Buick,22000.0,Encore,GX,2022.0,10.117916,24782.072,-2782.072265625,2782.072265625,-12.65
12044,72693.0,4.0,0,0,0,0,0,0,4.0,False,SUV,Hyundai,33998.0,Santa,Fe,2023.0,10.279415,29125.834,4872.166015625,4872.166015625,14.33
14892,5641.0,1.0,0,0,0,0,0,0,4.0,False,SUV,Land,57998.0,Rover,Range Rover Evoque,2026.0,11.127529,68017.1,-10019.1015625,10019.1015625,-17.27
32498,74042.0,3.0,0,0,0,0,0,0,4.0,False,SUV,Ford,29409.0,Bronco,Sport,2024.0,10.342281,31015.709,-1606.708984375,1606.708984375,-5.46
11086,18000.0,3.0,0,0,0,0,0,0,4.0,False,Sedan,Honda,27140.0,Civic,Sedan,2024.0,10.304753,29873.283,-2733.283203125,2733.283203125,-10.07
24606,33071.0,3.0,0,0,0,0,0,1,4.0,False,SUV,Volvo,55999.0,XC60,Recharge,2024.0,10.968131,57995.1,-1996.1015625,1996.1015625,-3.56
4665,80135.0,6.0,0,0,0,0,0,0,6.0,False,Hatchback,Audi,33958.0,A5,Sportback,2021.0,10.521968,37121.105,-3163.10546875,3163.10546875,-9.31
184,48412.0,4.0,0,0,1,0,0,0,4.0,False,Sedan,Mazda,22900.0,Mazda3,Sport,2023.0,10.174631,26228.268,-3328.267578125,3328.267578125,-14.53
22351,178718.0,9.0,0,0,0,0,0,0,0.0,False,Sedan,Tesla,17995.0,Model,3,2018.0,9.812279,18255.541,-260.541015625,260.541015625,-1.45
908,55730.0,4.0,0,0,0,0,0,0,0.0,False,SUV,Hyundai,35750.0,Santa,Fe Plug-In Hybrid,2023.0,10.466268,35109.926,640.07421875,640.07421875,1.79
31641,158000.0,8.0,0,0,0,0,0,0,4.0,False,Sedan,Honda,15999.0,Civic,Sedan,2019.0,9.754162,17224.771,-1225.771484375,1225.771484375,-7.66
38565,13845.0,1.0,0,0,0,0,0,0,0.0,False,SUV,Volvo,84930.0,XC60,Plug-in Hybrid,2026.0,11.344566,84504.03,425.96875,425.96875,0.5
22412,42800.0,5.0,0,0,0,0,0,0,0.0,False,Sedan,Tesla,28888.0,Model,3,2022.0,10.5429325,37907.57,-9019.5703125,9019.5703125,-31.22
25159,45111.0,4.0,0,0,0,0,0,0,4.0,False,SUV,Ford,31821.0,Bronco,Sport,2023.0,10.400538,32876.324,-1055.32421875,1055.32421875,-3.32
12118,10090.0,2.0,0,0,0,0,0,1,4.0,False,SUV,Hyundai,44988.0,Tucson,Plug-In Hybrid,2025.0,10.734048,45891.082,-903.08203125,903.08203125,-2.01
36474,37006.0,3.0,0,0,0,0,0,0,4.0,False,Sedan,Honda,27895.0,Civic,Sedan,2024.0,10.277031,29056.473,-1161.47265625,1161.47265625,-4.16
27094,18888.0,3.0,1,0,0,0,0,0,8.0,False,Pickup Truck,GMC,59995.0,Sierra,1500,2024.0,11.022432,61231.438,-1236.4375,1236.4375,-2.06
38262,42021.0,3.0,0,0,0,0,0,0,6.0,False,SUV,Jeep,57999.0,Grand,Cherokee,2024.0,10.804779,49254.637,8744.36328125,8744.36328125,15.08
31679,450.0,1.0,0,0,0,0,0,0,4.0,False,SUV,Buick,42141.0,Encore,GX,2026.0,10.580043,39340.8,2800.19921875,2800.19921875,6.64
22913,26334.0,2.0,1,0,0,0,0,0,4.0,False,Sedan,Toyota,28495.0,Corolla,Hatchback 5-Door,2025.0,10.30542,29893.205,-1398.205078125,1398.205078125,-4.91
9367,46000.0,5.0,1,0,0,0,0,0,0.0,False,SUV,Ford,29888.0,Mustang,Mach-E,2022.0,10.473784,35374.844,-5486.84375,5486.84375,-18.36
22777,44132.0,6.0,0,0,0,0,0,0,4.0,False,SUV,Toyota,30498.0,RAV,4,2021.0,10.42387,33652.426,-3154.42578125,3154.42578125,-10.34
9519,12500.0,9.0,0,0,0,0,0,0,4.0,False,Coupe,Ford,67777.0,Mustang,Fastback,2018.0,10.467056,35137.625,32639.375,32639.375,48.16
6343,47819.0,4.0,0,0,1,0,0,0,4.0,False,SUV,Buick,28489.0,Encore,GX,2023.0,10.17921,26348.635,2140.365234375,2140.365234375,7.51
36963,143500.0,15.0,0,0,0,0,0,0,4.0,False,Sedan,Honda,10499.0,Civic,Sedan,2012.0,9.218832,10084.278,414.7216796875,414.7216796875,3.95
6149,296.0,1.0,0,0,0,0,0,0,4.0,False,SUV,Buick,37048.0,Encore,GX,2026.0,10.578202,39268.453,-2220.453125,2220.453125,-5.99
37476,88.0,0.0,0,0,0,0,0,0,0.0,False,Hatchback,Chevrolet,42650.0,Bolt,EV,2027.0,10.6581335,42536.168,113.83203125,113.83203125,0.27
30004,119219.0,4.0,0,0,0,0,0,1,4.0,False,SUV,Toyota,38995.0,RAV,4 Hybrid,2023.0,10.4811735,35637.203,3357.796875,3357.796875,8.61
30661,70130.0,3.0,1,0,0,0,0,1,4.0,False,Sedan,Honda,31790.0,Accord,Hybrid,2024.0,10.321974,30392.19,1397.810546875,1397.810546875,4.4
30579,499.0,1.0,0,0,0,0,0,0,8.0,False,Pickup Truck,Ford,78784.0,F-350,Super Duty,2026.0,11.312046,81800.11,-3016.109375,3016.109375,-3.83
36216,115297.0,5.0,0,0,0,0,0,0,4.0,False,Sedan,Toyota,22521.0,Corolla,Hatchback 5-Door,2022.0,10.050694,23170.873,-649.873046875,649.873046875,-2.89
38290,110647.0,9.0,0,0,0,0,0,0,8.0,False,Pickup Truck,Chevrolet,29488.0,Silverado,1500,2018.0,10.272085,28913.115,574.884765625,574.884765625,1.95
9064,98253.0,7.0,0,0,0,0,0,0,6.0,False,Minivan,Dodge,23995.0,Grand,Caravan,2020.0,10.03027,22702.393,1292.607421875,1292.607421875,5.39
22597,40903.0,4.0,1,0,0,0,0,0,0.0,False,Sedan,Tesla,32490.0,Model,3,2023.0,10.594366,39908.355,-7418.35546875,7418.35546875,-22.83
875,27542.0,2.0,0,0,1,0,0,0,4.0,False,Sedan,Toyota,36994.0,Corolla,Cross,2025.0,10.305235,29887.674,7106.326171875,7106.326171875,19.21
251,173800.0,10.0,0,0,0,0,0,0,4.0,False,SUV,Toyota,16420.0,RAV,4,2017.0,9.661894,15706.504,713.49609375,713.49609375,4.35
36183,35014.0,2.0,0,0,0,0,0,1,4.0,False,SUV,Toyota,48500.0,RAV,4 Hybrid,2025.0,10.763007,47239.516,1260.484375,1260.484375,2.6
12038,1526.0,1.0,0,0,0,0,0,1,4.0,False,Sedan,Hyundai,37998.0,Sonata,Hybrid,2026.0,10.5607395,38588.656,-590.65625,590.65625,-1.55
32101,21723.0,3.0,0,0,0,0,0,0,4.0,False,Sedan,Toyota,24738.0,Corolla,Sedan,2024.0,10.301805,29785.32,-5047.3203125,5047.3203125,-20.4
18732,86500.0,8.0,0,0,0,0,0,0,4.0,False,Coupe,Mercedes-Benz,27488.0,C-Class,Coupe,2019.0,10.2487955,28247.496,-759.49609375,759.49609375,-2.76
14850,60254.0,5.0,0,0,0,0,0,0,4.0,False,SUV,Land,59490.0,Rover,Range Rover Sport,2022.0,10.856864,51888.098,7601.90234375,7601.90234375,12.78
11914,109115.0,7.0,0,0,0,0,0,0,4.0,False,SUV,Hyundai,16498.0,Santa,Fe,2020.0,9.918103,20293.459,-3795.458984375,3795.458984375,-23.01
10503,25.0,2.0,0,0,0,0,0,0,6.0,False,Van,GMC,56073.0,Savana,Cargo Van,2025.0,11.039275,62271.5,-6198.5,6198.5,-11.05
34424,196915.0,8.0,0,0,0,0,1,0,4.0,False,SUV,Hyundai,12990.0,Santa,Fe,2019.0,9.406158,12162.056,827.9443359375,827.9443359375,6.37
824,42713.0,4.0,0,0,0,0,0,0,4.0,False,SUV,Toyota,31995.0,RAV,4,2023.0,10.524209,37204.395,-5209.39453125,5209.39453125,-16.28
11239,20031.0,3.0,0,0,0,0,0,0,4.0,False,Sedan,Honda,31900.0,Accord,Sedan,2024.0,10.301371,29772.398,2127.6015625,2127.6015625,6.67
10650,150.0,2.0,0,0,0,0,0,0,6.0,False,Van,GMC,69804.0,Savana,Passenger,2025.0,10.984989,58981.094,10822.90625,10822.90625,15.5
2930,226284.0,10.0,0,0,0,0,0,0,6.0,False,Van,RAM,13999.0,ProMaster,Cargo Van,2017.0,9.2417555,10318.138,3680.8623046875,3680.8623046875,26.29
22806,50350.0,4.0,0,0,0,0,0,0,4.0,False,SUV,Toyota,40498.0,RAV,4,2023.0,10.491149,35994.492,4503.5078125,4503.5078125,11.12
38142,64534.0,7.0,0,0,0,0,0,0,4.0,False,Hatchback,Volkswagen,19650.0,Golf,Standard Model,2020.0,10.128609,25048.488,-5398.48828125,5398.48828125,-27.47
24995,48000.0,10.0,0,0,0,0,0,0,8.0,True,Coupe,Chevrolet,99888.0,Corvette,Z06,2017.0,11.278216,79079.086,20808.9140625,20808.9140625,20.83
4777,2305.0,1.0,0,0,0,0,0,0,4.0,False,Sedan,Audi,51030.0,A3,Sedan,2026.0,10.895867,53951.934,-2921.93359375,2921.93359375,-5.73
34329,1117.0,15.0,0,0,0,0,0,0,6.0,False,baseline_value_here,Ford,74900.0,Mustang,Coupe,2012.0,10.32791,30573.158,44326.841796875,44326.841796875,59.18
38364,49444.0,3.0,0,0,0,0,0,1,4.0,False,Sedan,Audi,41888.0,A4,Sedan,2024.0,10.506075,36535.79,5352.2109375,5352.2109375,12.78
25819,22626.0,3.0,0,0,0,0,0,1,4.0,False,SUV,Honda,41900.0,CR-V,Hybrid,2024.0,10.66919,43009.105,-1109.10546875,1109.10546875,-2.65
27386,66323.0,5.0,0,0,0,0,0,0,4.0,False,SUV,Hyundai,26995.0,Santa,Fe,2022.0,10.219099,27420.95,-425.94921875,425.94921875,-1.58
8415,50.0,3.0,0,0,0,0,0,0,6.0,False,Minivan,Chrysler,41980.0,Grand,Caravan,2024.0,10.74843,46555.887,-4575.88671875,4575.88671875,-10.9
6387,3140.0,1.0,0,0,0,0,0,0,4.0,False,SUV,Buick,46554.0,Encore,GX,2026.0,10.572748,39054.86,7499.140625,7499.140625,16.11
14863,9402.0,1.0,0,0,0,0,1,0,4.0,False,SUV,Land,54995.0,Rover,Range Rover Evoque,2026.0,11.063284,63784.676,-8789.67578125,8789.67578125,-15.98
10130,34420.0,4.0,0,0,0,0,0,0,8.0,False,Pickup Truck,GMC,54995.0,Sierra,1500,2023.0,10.956635,57332.22,-2337.21875,2337.21875,-4.25
25611,25569.0,2.0,0,0,0,0,0,0,4.0,False,SUV,Volkswagen,41593.0,Atlas,Cross Sport,2025.0,10.669622,43027.69,-1434.69140625,1434.69140625,-3.45
13572,66906.0,4.0,0,0,0,0,0,0,0.0,False,SUV,Jeep,39888.0,Wrangler,4xe,2023.0,10.527311,37319.996,2568.00390625,2568.00390625,6.44
25851,25118.0,6.0,0,0,0,0,0,0,4.0,False,SUV,Toyota,31598.0,RAV,4,2021.0,10.434659,34017.473,-2419.47265625,2419.47265625,-7.66
13680,1586.0,2.0,0,0,0,0,0,0,6.0,False,SUV,Jeep,61794.0,Grand,Cherokee,2025.0,11.017787,60947.65,846.3515625,846.3515625,1.37
6537,35147.0,3.0,0,0,0,0,0,0,4.0,False,SUV,Buick,32487.0,Encore,GX,2024.0,10.286544,29334.213,3152.787109375,3152.787109375,9.7
10167,31774.0,2.0,0,0,0,0,0,0,8.0,False,Pickup Truck,GMC,56598.0,Sierra,1500,2025.0,11.0201,61088.766,-4490.765625,4490.765625,-7.93
27993,72683.0,3.0,0,0,0,0,0,1,4.0,False,SUV,Honda,40266.0,CR-V,Hybrid,2024.0,10.544242,37957.242,2308.7578125,2308.7578125,5.73
38751,94280.0,4.0,1,0,0,0,0,0,8.0,False,SUV,GMC,74990.0,Yukon,XL,2023.0,11.103367,66393.32,8596.6796875,8596.6796875,11.46
13975,36361.0,4.0,0,0,0,0,0,0,4.0,False,Sedan,Kia,18888.0,Rio,5-door,2023.0,9.985331,21704.709,-2816.708984375,2816.708984375,-14.91
16689,499.0,2.0,0,0,0,0,0,0,6.0,False,SUV,Lincoln,128790.0,Navigator,L,2025.0,11.609416,110128.914,18661.0859375,18661.0859375,14.49
27847,29879.0,8.0,0,0,0,0,0,0,6.0,False,Minivan,Dodge,26500.0,Grand,Caravan,2019.0,10.255399,28434.645,-1934.64453125,1934.64453125,-7.3
33778,104704.0,6.0,0,0,0,0,0,0,4.0,False,SUV,Toyota,25995.0,RAV,4,2021.0,10.23208,27779.246,-1784.24609375,1784.24609375,-6.86
11003,178229.0,14.0,0,0,0,0,1,0,4.0,False,Sedan,Honda,9990.0,Civic,Sedan,2013.0,9.014991,8224.471,1765.529296875,1765.529296875,17.67
10664,44584.0,4.0,0,0,0,0,0,0,0.0,False,SUV,Genesis,51822.0,GV70,Electrified,2023.0,10.618662,40889.863,10932.13671875,10932.13671875,21.1
22692,112181.0,5.0,0,0,0,0,0,0,0.0,False,Sedan,Tesla,36500.0,Model,Y,2022.0,10.355627,31432.424,5067.576171875,5067.576171875,13.88
32017,88000.0,11.0,1,0,0,0,0,0,6.0,False,Minivan,Dodge,14995.0,Grand,Caravan,2016.0,9.586779,14569.855,425.14453125,425.14453125,2.84
8539,54204.0,3.0,0,0,0,0,0,0,6.0,False,Minivan,Chrysler,34491.0,Grand,Caravan,2024.0,10.533529,37552.777,-3061.77734375,3061.77734375,-8.88
34411,100480.0,6.0,1,0,0,0,0,0,4.0,False,Sedan,Mercedes-Benz,29950.0,A-Class,Sedan,2021.0,10.2833,29239.219,710.78125,710.78125,2.37
22911,137677.0,10.0,1,0,0,0,0,0,4.0,False,SUV,Toyota,17798.0,RAV,4,2017.0,9.826818,18522.926,-724.92578125,724.92578125,-4.07
9236,57715.0,4.0,0,0,0,0,0,0,4.0,False,SUV,Ford,28488.0,Bronco,Sport,2023.0,10.372406,31964.293,-3476.29296875,3476.29296875,-12.2
22840,101828.0,6.0,0,0,1,0,0,0,4.0,False,Sedan,Toyota,18888.0,Corolla,Sedan,2021.0,10.001063,22048.9,-3160.900390625,3160.900390625,-16.73
23096,88347.0,4.0,1,0,0,0,0,1,4.0,False,Sedan,Toyota,26888.0,Corolla,Sedan,2023.0,10.284059,29261.396,-2373.396484375,2373.396484375,-8.83
2985,230894.0,10.0,0,0,0,0,0,0,8.0,False,Pickup Truck,GMC,13950.0,Sierra,1500,2017.0,9.861425,19175.203,-5225.203125,5225.203125,-37.46
6249,57484.0,6.0,0,0,0,0,0,0,4.0,False,SUV,Buick,22950.0,Encore,GX,2021.0,10.079512,23848.336,-898.3359375,898.3359375,-3.91
8440,140480.0,8.0,1,0,0,0,1,1,6.0,False,Minivan,Chrysler,24995.0,Pacifica,Hybrid,2019.0,10.045225,23044.484,1950.515625,1950.515625,7.8
25469,87387.0,8.0,0,0,0,0,0,0,6.0,False,Coupe,Audi,24799.0,A5,Sportback,2019.0,10.323795,30447.602,-5648.6015625,5648.6015625,-22.78
16156,203842.0,9.0,0,0,0,0,0,0,6.0,False,SUV,Lincoln,29999.0,Navigator,L,2018.0,10.145316,25470.518,4528.482421875,4528.482421875,15.1
1178,278144.0,14.0,1,0,0,0,0,0,4.0,False,Sedan,Honda,5450.0,Accord,Sedan,2013.0,8.405446,4470.3516,979.6484375,979.6484375,17.98
22395,121412.0,9.0,0,0,0,0,0,0,0.0,False,Sedan,Tesla,20790.0,Model,3,2018.0,10.056698,23310.4,-2520.400390625,2520.400390625,-12.12
639,81819.0,5.0,0,0,0,0,0,0,8.0,False,Pickup Truck,Chevrolet,34495.0,Silverado,1500,2022.0,10.624969,41148.562,-6653.5625,6653.5625,-19.29
6467,28077.0,2.0,0,0,0,0,0,0,4.0,False,SUV,Buick,28930.0,Encore,GX,2025.0,10.337757,30875.7,-1945.69921875,1945.69921875,-6.73
28224,90091.0,6.0,0,0,0,0,0,0,4.0,False,SUV,Toyota,27999.0,RAV,4,2021.0,10.237553,27931.682,67.318359375,67.318359375,0.24
25102,141250.0,7.0,0,0,0,0,0,0,4.0,False,Sedan,Toyota,15980.0,Corolla,Sedan,2020.0,9.905709,20043.484,-4063.484375,4063.484375,-25.43
22958,27737.0,5.0,0,0,0,0,0,1,4.0,False,SUV,Toyota,48900.0,Highlander,Hybrid,2022.0,10.628618,41299.02,7600.98046875,7600.98046875,15.54
9024,200000.0,13.0,0,0,0,0,0,0,6.0,False,Minivan,Dodge,6500.0,Grand,Caravan,2014.0,8.932599,7573.9277,-1073.927734375,1073.927734375,-16.52
34050,578.0,1.0,0,0,0,0,0,0,4.0,False,Sedan,Honda,34990.0,Civic,Sedan,2026.0,10.496215,36177.305,-1187.3046875,1187.3046875,-3.39
18823,90.0,2.0,0,0,0,0,0,0,4.0,False,Sedan,Mercedes-Benz,64995.0,C-Class,Sedan,2025.0,11.083687,65099.457,-104.45703125,104.45703125,-0.16
321,31787.0,4.0,0,0,0,0,0,0,4.0,False,SUV,Ford,28495.0,Bronco,Sport,2023.0,10.394844,32689.639,-4194.638671875,4194.638671875,-14.72
23478,137491.0,9.0,0,0,0,0,0,0,4.0,False,Wagon,Volkswagen,15990.0,Golf,Standard Model,2018.0,9.738317,16953.975,-963.974609375,963.974609375,-6.03
22381,117150.0,7.0,0,0,0,0,0,0,0.0,False,Sedan,Tesla,18500.0,Model,3,2020.0,10.198083,26850.66,-8350.66015625,8350.66015625,-45.14
22580,134000.0,6.0,0,0,1,0,1,0,0.0,False,Sedan,Tesla,27990.0,Model,3,2021.0,10.186977,26554.107,1435.892578125,1435.892578125,5.13
32844,136440.0,9.0,1,0,0,0,1,1,4.0,False,SUV,Toyota,24995.0,RAV,4 Hybrid,2018.0,10.09127,24130.432,864.568359375,864.568359375,3.46
10357,2519.0,1.0,0,0,1,0,0,0,8.0,False,Pickup Truck,GMC,109972.0,Sierra,3500HD,2026.0,11.306823,81373.95,28598.046875,28598.046875,26.0
32863,42219.0,2.0,0,0,0,0,0,0,4.0,False,SUV,Toyota,32999.0,RAV,4,2025.0,10.604762,40325.418,-7326.41796875,7326.41796875,-22.2
10107,37136.0,3.0,0,0,0,0,0,0,8.0,False,Pickup Truck,GMC,46489.0,Sierra,1500,2024.0,10.971718,58203.492,-11714.4921875,11714.4921875,-25.2
22817,14052.0,2.0,0,0,0,0,0,0,4.0,False,Sedan,Toyota,25900.0,Corolla,Sedan,2025.0,10.367797,31817.3,-5917.30078125,5917.30078125,-22.85
9563,98556.0,9.0,1,0,0,0,0,0,4.0,False,Coupe,Ford,21990.0,Mustang,Fastback,2018.0,9.933764,20613.799,1376.201171875,1376.201171875,6.26
31050,42152.0,4.0,0,0,0,0,0,0,4.0,False,SUV,Ford,28495.0,Bronco,Sport,2023.0,10.412349,33266.918,-4771.91796875,4771.91796875,-16.75
36105,25733.0,2.0,0,0,0,0,0,0,4.0,False,Sedan,Honda,31998.0,Civic,Sedan,2025.0,10.305872,29906.72,2091.279296875,2091.279296875,6.54
14806,122360.0,11.0,0,0,0,0,0,0,6.0,False,SUV,Land,29995.0,Rover,Range Rover Sport,2016.0,9.778279,17645.264,12349.736328125,12349.736328125,41.17
31399,60182.0,13.0,0,0,0,0,0,0,4.0,False,SUV,Hyundai,14888.0,Santa,Fe Sport,2014.0,9.6481285,15491.767,-603.7666015625,603.7666015625,-4.06
38063,202000.0,6.0,0,0,0,0,0,1,4.0,False,Sedan,Hyundai,13995.0,Sonata,Hybrid,2021.0,9.490793,13236.291,758.708984375,758.708984375,5.42
364,32508.0,5.0,0,0,0,0,0,0,4.0,False,Sedan,Toyota,22088.0,Corolla,Sedan,2022.0,10.171326,26141.71,-4053.7109375,4053.7109375,-18.35
31284,139000.0,14.0,0,1,1,0,0,0,4.0,False,Sedan,Hyundai,8740.0,Elantra,GT,2013.0,8.892819,7278.514,1461.48583984375,1461.48583984375,16.72
14972,164223.0,15.0,0,0,0,0,0,0,6.0,False,SUV,Land,15900.0,Rover,Range Rover Sport,2012.0,9.349199,11488.62,4411.3798828125,4411.3798828125,27.74
22328,104337.0,5.0,0,0,0,0,0,0,0.0,False,Sedan,Tesla,24990.0,Model,3,2022.0,10.428878,33821.375,-8831.375,8831.375,-35.34
27908,76654.0,5.0,0,0,0,0,0,0,4.0,True,Sedan,Kia,17991.0,Rio,5-door,2022.0,9.905581,20040.922,-2049.921875,2049.921875,-11.39
2625,129337.0,8.0,0,0,0,0,0,0,4.0,False,Sedan,Honda,17995.0,Civic,Sedan,2019.0,9.834744,18670.33,-675.330078125,675.330078125,-3.75
18510,95000.0,11.0,0,0,0,0,0,0,6.0,False,Sedan,Mercedes-Benz,17770.0,C-Class,Sedan,2016.0,9.93494,20638.053,-2868.052734375,2868.052734375,-16.14
15128,5578.0,1.0,0,0,0,0,0,0,4.0,False,SUV,Land,81998.0,Rover,Range Rover Velar,2026.0,11.127529,68017.1,13980.8984375,13980.8984375,17.05
28458,17436.0,2.0,0,0,0,0,0,1,4.0,False,SUV,Toyota,45995.0,RAV,4,2025.0,10.814414,49731.504,-3736.50390625,3736.50390625,-8.12
14800,77072.0,6.0,0,0,0,0,0,0,6.0,False,SUV,Land,26888.0,Rover,Discovery Sport,2021.0,10.654498,42381.81,-15493.80859375,15493.80859375,-57.62
13602,85101.0,11.0,0,0,0,0,0,0,6.0,False,SUV,Jeep,19988.0,Grand,Cherokee,2016.0,9.942199,20788.404,-800.404296875,800.404296875,-4.0
3357,10.0,2.0,0,0,0,0,0,0,0.0,False,SUV,Jeep,68999.0,Wagoneer,S,2025.0,11.078421,64757.527,4241.47265625,4241.47265625,6.15
23628,52022.0,3.0,0,0,0,0,0,0,4.0,False,Hatchback,Volkswagen,35845.0,Golf,GTI,2024.0,10.450166,34549.1,1295.8984375,1295.8984375,3.62
14901,11036.0,2.0,0,0,0,0,0,0,4.0,False,SUV,Land,75995.0,Rover,Defender,2025.0,11.151138,69642.055,6352.9453125,6352.9453125,8.36
4676,15300.0,2.0,0,0,0,0,0,0,4.0,False,Sedan,Audi,53900.0,S3,Sedan,2025.0,10.634193,41529.918,12370.08203125,12370.08203125,22.95
25307,14445.0,3.0,0,0,0,0,0,0,4.0,False,Sedan,Honda,25300.0,Civic,Sedan,2024.0,10.334886,30787.164,-5487.1640625,5487.1640625,-21.69
14875,89488.0,5.0,0,0,0,0,0,0,4.0,False,SUV,Land,41888.0,Rover,Range Rover Sport,2022.0,10.710228,44810.85,-2922.8515625,2922.8515625,-6.98
19550,36257.0,3.0,0,0,0,0,0,0,4.0,False,Coupe,Mitsubishi,30888.0,Eclipse,Cross,2024.0,10.291083,29467.682,1420.318359375,1420.318359375,4.6
36365,99000.0,5.0,0,0,0,0,0,0,4.0,False,Sedan,Honda,25950.0,Accord,Sedan,2022.0,10.075138,23744.258,2205.7421875,2205.7421875,8.5
38403,18000.0,8.0,0,0,0,0,0,0,4.0,True,baseline_value_here,Mazda,30000.0,MX-5,Miata Roadster,2019.0,10.63643,41622.9,-11622.8984375,11622.8984375,-38.74
28753,155729.0,7.0,0,0,0,0,0,0,4.0,False,SUV,Toyota,23972.0,RAV,4,2020.0,10.063494,23469.363,502.63671875,502.63671875,2.1
32592,4898.0,2.0,0,0,0,0,0,0,6.0,False,Van,RAM,44988.0,ProMaster,Cargo Van,2025.0,10.877589,52974.734,-7986.734375,7986.734375,-17.75
22447,91195.0,4.0,0,0,0,0,0,0,0.0,False,Sedan,Tesla,44888.0,Model,Y,2023.0,10.489358,35930.082,8957.91796875,8957.91796875,19.96
2726,178348.0,10.0,0,0,0,0,0,0,8.0,False,Pickup Truck,GMC,20888.0,Sierra,1500,2017.0,10.025654,22597.84,-1709.83984375,1709.83984375,-8.19
11982,48198.0,4.0,0,0,0,0,0,0,4.0,False,SUV,Hyundai,31265.0,Santa,Fe,2023.0,10.371682,31941.164,-676.1640625,676.1640625,-2.16
13596,196056.0,12.0,0,0,0,0,0,0,6.0,True,SUV,Jeep,14595.0,Wrangler,Unlimited,2015.0,9.467283,12928.713,1666.287109375,1666.287109375,11.42
22694,151703.0,7.0,0,0,0,0,1,0,4.0,False,Sedan,Toyota,14990.0,Corolla,Sedan,2020.0,9.858719,19123.373,-4133.373046875,4133.373046875,-27.57
2249,84706.0,9.0,0,0,0,0,0,0,4.0,False,Sedan,Honda,16888.0,Civic,Sedan,2018.0,9.825517,18498.828,-1610.828125,1610.828125,-9.54
19558,42058.0,5.0,0,0,0,0,0,0,4.0,False,Coupe,Mitsubishi,25295.0,Eclipse,Cross,2022.0,10.215812,27330.953,-2035.953125,2035.953125,-8.05
19245,105000.0,5.0,0,0,0,0,0,0,4.0,False,Coupe,Mitsubishi,19950.0,Eclipse,Cross,2022.0,10.021709,22508.877,-2558.876953125,2558.876953125,-12.83
36428,10600.0,17.0,0,0,0,0,0,0,6.0,True,baseline_value_here,Ford,74777.0,Mustang,Shelby,2010.0,10.938432,56297.984,18479.015625,18479.015625,24.71
19585,12258.0,2.0,0,0,0,0,0,0,4.0,False,Coupe,Mitsubishi,31998.0,Eclipse,Cross,2025.0,10.413106,33292.117,-1294.1171875,1294.1171875,-4.04
13358,1211.0,2.0,0,0,0,0,0,0,6.0,False,SUV,Jeep,57510.0,Grand,Cherokee,2025.0,11.0145235,60749.07,-3239.0703125,3239.0703125,-5.63
18496,59985.0,8.0,0,0,0,0,0,0,4.0,False,Coupe,Mercedes-Benz,26499.0,C-Class,Sedan,2019.0,10.432757,33952.844,-7453.84375,7453.84375,-28.13
22476,117805.0,11.0,1,0,0,0,0,0,0.0,False,Sedan,Tesla,29900.0,Model,S,2016.0,10.19292,26712.377,3187.623046875,3187.623046875,10.66
6367,22855.0,5.0,0,0,0,0,0,0,4.0,False,SUV,Buick,23995.0,Encore,GX,2022.0,10.159425,25832.434,-1837.43359375,1837.43359375,-7.66
8535,147673.0,12.0,0,0,0,0,0,0,6.0,False,Minivan,Chrysler,15995.0,Town,& Country,2015.0,9.342101,11407.354,4587.646484375,4587.646484375,28.68
36588,30217.0,2.0,0,0,0,0,0,1,4.0,False,Sedan,Honda,33999.0,Civic,Sedan,2025.0,10.405932,33054.14,944.859375,944.859375,2.78
25322,108638.0,7.0,0,0,0,0,0,0,4.0,False,SUV,Land,22490.0,Rover,Range Rover Evoque,2020.0,10.304938,29878.81,-7388.810546875,7388.810546875,-32.85
22636,122000.0,5.0,0,0,0,0,0,0,0.0,False,Sedan,Tesla,26995.0,Model,3,2022.0,10.336439,30835.031,-3840.03125,3840.03125,-14.22
36206,120036.0,10.0,0,0,0,0,0,1,4.0,False,SUV,Toyota,23188.0,RAV,4 Hybrid,2017.0,10.017971,22424.883,763.1171875,763.1171875,3.29
29518,218975.0,14.0,0,0,0,0,0,0,4.0,False,Sedan,Honda,9995.0,Civic,Sedan,2013.0,8.905077,7368.2925,2626.70751953125,2626.70751953125,26.28
36726,61000.0,5.0,0,0,0,0,0,0,4.0,False,Van,Mercedes-Benz,48000.0,Metris,Passenger Van,2022.0,10.5784235,39277.145,8722.85546875,8722.85546875,18.17
22550,45469.0,4.0,0,0,0,0,0,0,0.0,False,Sedan,Tesla,32999.0,Model,Y,2023.0,10.581257,39388.59,-6389.58984375,6389.58984375,-19.36
25520,63650.0,9.0,0,0,0,0,0,0,4.0,False,SUV,Toyota,22598.0,RAV,4,2018.0,10.17613,26267.62,-3669.619140625,3669.619140625,-16.24
34244,150513.0,15.0,0,0,0,0,0,0,4.0,False,SUV,Toyota,13995.0,RAV,4,2012.0,9.431129,12469.604,1525.396484375,1525.396484375,10.9
15019,59996.0,4.0,0,0,0,0,0,1,6.0,False,SUV,Land,129888.0,Rover,Range Rover,2023.0,11.269524,78394.64,51493.359375,51493.359375,39.64
6311,6395.0,3.0,0,0,0,0,0,0,4.0,False,SUV,Buick,34071.0,Encore,GX,2024.0,10.385795,32395.143,1675.857421875,1675.857421875,4.92
9443,150208.0,9.0,0,0,0,0,0,0,4.0,False,Hatchback,Ford,7995.0,Fiesta,Hatchback,2018.0,9.5790615,14457.844,-6462.84375,6462.84375,-80.84
31575,146746.0,3.0,0,0,0,0,0,0,6.0,False,SUV,Jeep,31995.0,Grand,Cherokee,2024.0,10.426291,33734.01,-1739.01171875,1739.01171875,-5.44
22640,96312.0,6.0,1,0,0,0,0,0,0.0,False,Sedan,Tesla,35490.0,Model,Y,2021.0,10.324906,30481.45,5008.55078125,5008.55078125,14.11
25821,49195.0,4.0,0,0,0,0,0,1,4.0,False,SUV,Toyota,35995.0,RAV,4 Hybrid,2023.0,10.64785,42100.98,-6105.98046875,6105.98046875,-16.96
23065,26051.0,2.0,0,0,0,0,0,0,4.0,False,SUV,Toyota,40900.0,RAV,4,2025.0,10.608441,40474.062,425.9375,425.9375,1.04
7772,36011.0,3.0,0,0,0,0,0,0,8.0,False,Pickup Truck,Chevrolet,50998.0,Silverado,1500,2024.0,10.864888,52306.14,-1308.140625,1308.140625,-2.57
8487,50.0,3.0,0,0,0,0,0,0,6.0,False,Minivan,Chrysler,41980.0,Grand,Caravan,2024.0,10.74843,46555.887,-4575.88671875,4575.88671875,-10.9
11385,62055.0,12.0,0,0,0,0,0,0,4.0,False,Sedan,Honda,18995.0,Accord,Sedan,2015.0,9.599109,14750.628,4244.3720703125,4244.3720703125,22.34
38382,47874.0,4.0,0,0,0,0,0,0,6.0,False,SUV,Land,47998.0,Rover,Discovery,2023.0,11.181476,71787.22,-23789.21875,23789.21875,-49.56
22657,164500.0,12.0,0,0,0,0,0,0,0.0,False,Sedan,Tesla,16388.0,Model,S,2015.0,9.884318,19619.268,-3231.267578125,3231.267578125,-19.72
35079,300.0,1.0,0,0,0,0,0,0,4.0,True,Sedan,Honda,39870.0,Civic,Sedan,2026.0,10.596552,39995.688,-125.6875,125.6875,-0.32
22522,63028.0,5.0,0,0,0,0,0,0,0.0,False,Sedan,Tesla,44995.0,Model,Y,2022.0,10.47645,35469.26,9525.73828125,9525.73828125,21.17
4410,41749.0,4.0,0,0,0,0,0,0,6.0,False,Hatchback,Audi,48971.0,S5,Sportback,2023.0,10.865699,52348.56,-3377.55859375,3377.55859375,-6.9
26455,50842.0,3.0,0,0,0,0,0,0,6.0,False,Hatchback,Audi,54900.0,A5,Cabriolet,2024.0,10.841134,51078.273,3821.7265625,3821.7265625,6.96
1182,47200.0,5.0,0,0,0,0,0,0,4.0,False,SUV,Ford,26990.0,Bronco,Sport,2022.0,10.343352,31048.945,-4058.9453125,4058.9453125,-15.04
27585,57021.0,4.0,0,0,0,0,0,0,4.0,False,Van,Mercedes-Benz,40999.0,Metris,Cargo Van,2023.0,10.647395,42081.832,-1082.83203125,1082.83203125,-2.64
2569,148000.0,11.0,0,0,0,0,0,0,4.0,False,Sedan,Honda,12895.0,Civic,Sedan,2016.0,9.446254,12659.646,235.353515625,235.353515625,1.83
28306,120968.0,17.0,0,0,0,0,0,0,6.0,False,Sedan,Cadillac,7000.0,CTS,Sedan,2010.0,9.119,9126.074,-2126.07421875,2126.07421875,-30.37
228,159622.0,7.0,0,0,0,0,0,0,4.0,False,Coupe,Mitsubishi,15900.0,Eclipse,Cross,2020.0,9.728963,16796.123,-896.123046875,896.123046875,-5.64
4355,5107.0,3.0,0,0,0,0,0,0,4.0,False,Sedan,Audi,43558.0,A4,Sedan,2024.0,10.687119,43787.152,-229.15234375,229.15234375,-0.53
1971,17215.0,3.0,0,0,0,0,0,0,4.0,False,Sedan,Honda,31990.0,Civic,Sedan,2024.0,10.322485,30407.729,1582.271484375,1582.271484375,4.95
24713,94773.0,5.0,0,0,0,0,0,1,4.0,False,SUV,Volvo,49500.0,XC90,Recharge,2022.0,10.627034,41233.65,8266.3515625,8266.3515625,16.7
13312,23598.0,3.0,0,0,0,0,0,0,6.0,False,SUV,Jeep,46710.0,Grand,Cherokee L,2024.0,10.807262,49377.105,-2667.10546875,2667.10546875,-5.71
19519,90849.0,7.0,0,0,0,0,0,0,4.0,False,Coupe,Mitsubishi,20495.0,Eclipse,Cross,2020.0,9.913497,20200.193,294.806640625,294.806640625,1.44
23042,153540.0,9.0,0,0,0,0,0,0,4.0,False,SUV,Toyota,19495.0,RAV,4,2018.0,9.888117,19693.936,-198.935546875,198.935546875,-1.02
22316,119354.0,6.0,0,0,0,0,0,0,0.0,False,Sedan,Tesla,23995.0,Model,3,2021.0,10.242595,28072.875,-4077.875,4077.875,-16.99
611,109099.0,9.0,0,0,0,0,0,0,4.0,False,Sedan,Honda,15999.0,Civic,Sedan,2018.0,9.785944,17781.035,-1782.03515625,1782.03515625,-11.14
2995,29399.0,11.0,0,0,0,0,0,0,8.0,False,Coupe,Chevrolet,66488.0,Corvette,Z51,2016.0,11.173044,71184.484,-4696.484375,4696.484375,-7.06
3090,5450.0,2.0,0,0,0,0,0,0,4.0,False,SUV,Land,72998.0,Rover,Range Rover Velar,2025.0,11.150451,69594.19,3403.8125,3403.8125,4.66
34262,93311.0,5.0,0,0,0,0,0,0,8.0,False,Pickup Truck,Chevrolet,47500.0,Silverado,1500,2022.0,10.606413,40392.043,7107.95703125,7107.95703125,14.96
34858,300.0,1.0,0,0,0,0,0,1,4.0,False,SUV,Honda,48840.0,CR-V,Hybrid,2026.0,10.881476,53181.06,-4341.05859375,4341.05859375,-8.89
8466,119239.0,4.0,0,0,0,0,0,0,6.0,False,Minivan,Chrysler,26995.0,Grand,Caravan,2023.0,10.289638,29425.107,-2430.107421875,2430.107421875,-9.0
6409,63878.0,5.0,0,0,0,0,0,0,4.0,False,SUV,Buick,23990.0,Encore,GX,2022.0,10.07185,23666.305,323.6953125,323.6953125,1.35
14753,5197.0,2.0,0,0,0,0,0,0,4.0,False,SUV,Land,54998.0,Rover,Range Rover Evoque,2025.0,11.150451,69594.19,-14596.1875,14596.1875,-26.54
22424,101600.0,5.0,0,1,1,0,0,0,0.0,False,Sedan,Tesla,31888.0,Model,3,2022.0,10.433682,33984.27,-2096.26953125,2096.26953125,-6.57
10077,62988.0,3.0,0,0,0,0,0,0,8.0,False,Pickup Truck,GMC,56888.0,Sierra,1500,2024.0,10.864268,52273.727,4614.2734375,4614.2734375,8.11
13374,153732.0,8.0,0,0,0,0,0,0,6.0,False,SUV,Jeep,22760.0,Grand,Cherokee,2019.0,9.975572,21493.914,1266.0859375,1266.0859375,5.56
18730,56377.0,10.0,1,0,0,0,0,0,4.0,False,Sedan,Mercedes-Benz,21990.0,C-Class,Sedan,2017.0,10.090688,24116.373,-2126.373046875,2126.373046875,-9.67
24415,408.0,1.0,0,0,0,0,0,1,4.0,False,SUV,Volvo,84805.0,XC60,Plug-in Hybrid,2026.0,11.307997,81469.54,3335.4609375,3335.4609375,3.93
11069,16884.0,3.0,0,0,0,0,0,0,4.0,False,Sedan,Honda,27600.0,Civic,Sedan,2024.0,10.322485,30407.729,-2807.728515625,2807.728515625,-10.17
2774,64000.0,2.0,0,0,0,0,0,0,6.0,False,SUV,Mazda,34250.0,CX-70,MHEV,2025.0,10.651321,42247.387,-7997.38671875,7997.38671875,-23.35
10206,63350.0,3.0,0,0,0,0,1,0,6.0,False,Van,GMC,49995.0,Savana,Commercial Cutaway,2024.0,10.6750145,43260.332,6734.66796875,6734.66796875,13.47
37537,71000.0,10.0,0,0,0,0,0,0,4.0,False,baseline_value_here,Volkswagen,18500.0,Beetle,Coupe,2017.0,9.879745,19529.732,-1029.732421875,1029.732421875,-5.57
2904,125213.0,11.0,0,0,0,0,0,0,4.0,False,Hatchback,Volkswagen,12999.0,Golf,Standard Model,2016.0,9.483196,13136.109,-137.109375,137.109375,-1.05
647,66779.0,6.0,0,0,0,0,0,1,6.0,False,SUV,Jeep,33498.0,Wrangler,Unlimited,2021.0,10.605696,40363.086,-6865.0859375,6865.0859375,-20.49
14718,44164.0,2.0,0,0,0,0,0,1,6.0,False,SUV,Land,104900.0,Rover,Range Rover Sport,2025.0,11.365965,86331.805,18568.1953125,18568.1953125,17.7
14721,86088.0,8.0,0,0,0,0,0,0,4.0,False,SUV,Land,42985.0,Rover,Range Rover Sport,2019.0,10.290928,29463.102,13521.8984375,13521.8984375,31.46
8732,102421.0,9.0,0,0,0,0,0,0,6.0,False,Minivan,Dodge,15295.0,Grand,Caravan,2018.0,9.810874,18229.914,-2934.9140625,2934.9140625,-19.19
11309,26686.0,2.0,0,0,0,0,1,1,4.0,False,Sedan,Honda,32490.0,Civic,Sedan,2025.0,10.393328,32640.107,-150.107421875,150.107421875,-0.46
35101,91488.0,3.0,0,0,0,0,0,0,4.0,False,Sedan,Honda,24495.0,Civic,Sedan,2024.0,10.169472,26093.29,-1598.2890625,1598.2890625,-6.52
28911,41011.0,1.0,0,0,0,0,0,1,4.0,False,SUV,Toyota,64999.0,Highlander,Hybrid,2026.0,10.852651,51669.93,13329.0703125,13329.0703125,20.51
22287,129900.0,7.0,0,0,0,0,0,0,0.0,False,Sedan,Tesla,20990.0,Model,3,2020.0,10.179333,26351.877,-5361.876953125,5361.876953125,-25.54
7816,230000.0,5.0,0,0,0,0,0,0,8.0,False,Pickup Truck,Chevrolet,36900.0,Silverado,2500 HD,2022.0,10.296112,29616.244,7283.755859375,7283.755859375,19.74
101,53175.0,8.0,0,0,0,0,0,0,4.0,False,Sedan,Mazda,22998.0,Mazda3,Sport,2019.0,9.974126,21462.86,1535.140625,1535.140625,6.68
28226,75466.0,3.0,0,0,0,0,0,0,4.0,False,SUV,Toyota,34499.0,RAV,4,2024.0,10.433659,33983.457,515.54296875,515.54296875,1.49
25051,44429.0,5.0,0,0,0,0,0,0,4.0,False,Sedan,Honda,21998.0,Civic,Sedan,2022.0,10.186391,26538.537,-4540.537109375,4540.537109375,-20.64
33690,78713.0,2.0,0,0,0,0,0,1,4.0,False,SUV,Honda,38910.0,CR-V,Hybrid,2025.0,10.547453,38079.32,830.6796875,830.6796875,2.13
27707,215000.0,8.0,0,0,0,0,0,0,6.0,False,Van,Ford,28777.0,E-Series,Cutaway,2019.0,9.679584,15986.837,12790.1630859375,12790.1630859375,44.45
29932,153101.0,9.0,0,0,0,0,0,0,4.0,True,Sedan,Honda,12499.0,Civic,Hatchback,2018.0,9.7752075,17591.14,-5092.140625,5092.140625,-40.74
609,136000.0,10.0,1,0,0,0,0,0,4.0,False,Sedan,Honda,16950.0,Civic,Sedan,2017.0,9.633836,15271.907,1678.0927734375,1678.0927734375,9.9
26058,8721.0,2.0,0,0,0,0,0,0,4.0,False,Sedan,Honda,32888.0,Civic,Sedan,2025.0,10.408685,33145.246,-257.24609375,257.24609375,-0.78
31752,52000.0,3.0,1,0,1,0,0,1,4.0,False,SUV,Toyota,46988.0,RAV,4 Hybrid,2024.0,10.690882,43952.246,3035.75390625,3035.75390625,6.46
22467,90000.0,5.0,0,0,0,0,0,0,0.0,False,Sedan,Tesla,36000.0,Model,3,2022.0,10.433094,33964.277,2035.72265625,2035.72265625,5.65
6316,38527.0,2.0,0,0,0,0,0,0,4.0,False,SUV,Buick,31018.0,Encore,GX,2025.0,10.327083,30547.86,470.140625,470.140625,1.52
29345,203747.0,12.0,0,0,0,0,0,1,4.0,False,Sedan,Honda,13499.0,Accord,Hybrid,2015.0,9.168907,9593.134,3905.8662109375,3905.8662109375,28.93
33934,156000.0,10.0,0,0,0,0,0,0,4.0,False,SUV,Hyundai,14900.0,Santa,Fe Sport,2017.0,9.473303,13006.779,1893.220703125,1893.220703125,12.71
11023,240352.0,10.0,0,0,0,0,1,0,4.0,False,Sedan,Honda,10990.0,Civic,Coupe,2017.0,9.246604,10368.291,621.708984375,621.708984375,5.66
25070,31168.0,7.0,0,0,0,0,0,1,4.0,False,SUV,Land,33950.0,Rover,Range Rover Evoque,2020.0,10.691749,43990.363,-10040.36328125,10040.36328125,-29.57
22504,82901.0,6.0,0,0,0,0,0,0,0.0,False,Sedan,Tesla,36995.0,Model,Y,2021.0,10.346371,31142.807,5852.193359375,5852.193359375,15.82
10243,112228.0,6.0,0,0,0,0,0,0,8.0,False,Pickup Truck,GMC,48889.0,Sierra,1500,2021.0,10.568449,38887.312,10001.6875,10001.6875,20.46
16492,146094.0,6.0,0,0,0,0,0,0,6.0,False,SUV,Lincoln,52999.0,Navigator,L,2021.0,10.759987,47097.05,5901.94921875,5901.94921875,11.14
32174,56843.0,5.0,0,0,0,0,0,0,4.0,False,Hatchback,Audi,47995.0,A5,Cabriolet,2022.0,10.480836,35625.176,12369.82421875,12369.82421875,25.77
22689,97975.0,6.0,0,0,0,0,0,0,0.0,False,Sedan,Tesla,30990.0,Model,Y,2021.0,10.320944,30360.9,629.099609375,629.099609375,2.03
22887,18566.0,2.0,0,0,0,0,0,0,4.0,False,Sedan,Toyota,26400.0,Corolla,Sedan,2025.0,10.337377,30863.953,-4463.953125,4463.953125,-16.91
38094,129783.0,19.0,0,0,0,0,0,0,6.0,False,Coupe,Ford,8000.0,Mustang,Coupe,2008.0,9.508236,13469.211,-5469.2109375,5469.2109375,-68.37
2107,131400.0,10.0,0,0,0,0,0,0,4.0,False,Hatchback,Volkswagen,12488.0,Golf,Standard Model,2017.0,9.616884,15015.19,-2527.1904296875,2527.1904296875,-20.24
7521,25.0,2.0,0,0,0,0,0,0,8.0,False,Pickup Truck,Chevrolet,62062.0,Silverado,1500,2025.0,11.088376,65405.44,-3343.44140625,3343.44140625,-5.39
10138,173703.0,9.0,0,0,0,0,0,0,8.0,False,Pickup Truck,GMC,20799.0,Sierra,1500,2018.0,10.101311,24373.938,-3574.9375,3574.9375,-17.19
9439,14499.0,3.0,0,0,0,0,0,0,4.0,False,SUV,Ford,30495.0,Bronco,Sport,2024.0,10.529251,37392.46,-6897.4609375,6897.4609375,-22.62
5468,119997.0,9.0,0,0,0,0,0,0,0.0,False,baseline_value_here,BMW,17990.0,3,Series,2018.0,10.280889,29168.781,-11178.78125,11178.78125,-62.14
19285,101437.0,8.0,0,0,0,0,0,1,4.0,False,SUV,Mitsubishi,21998.0,Outlander,Plug-In Hybrid,2019.0,10.080748,23877.83,-1879.830078125,1879.830078125,-8.55
22513,32193.0,7.0,0,0,0,0,0,0,0.0,False,Sedan,Tesla,41999.0,Model,Y,2020.0,10.4262295,33731.918,8267.08203125,8267.08203125,19.68
34151,61700.0,7.0,0,0,0,0,0,1,4.0,False,SUV,Ford,25500.0,Escape,Hybrid,2020.0,10.120565,24847.816,652.18359375,652.18359375,2.56
5086,916.0,1.0,0,0,0,0,0,0,4.0,False,Sedan,Audi,54689.0,A3,Sedan,2026.0,10.941681,56481.203,-1792.203125,1792.203125,-3.28
32079,76300.0,5.0,0,0,0,0,0,1,4.0,False,SUV,Toyota,34990.0,RAV,4 Hybrid,2022.0,10.4956045,36155.23,-1165.23046875,1165.23046875,-3.33
22755,36217.0,4.0,0,0,0,0,0,0,4.0,False,SUV,Toyota,37995.0,RAV,4,2023.0,10.525484,37251.863,743.13671875,743.13671875,1.96
35301,257053.0,16.0,0,0,0,0,0,0,6.0,False,Minivan,Chrysler,4999.0,Town,& Country,2011.0,8.286753,3969.9185,1029.08154296875,1029.08154296875,20.59
22880,27460.0,2.0,0,0,0,0,0,0,4.0,False,SUV,Toyota,39900.0,RAV,4,2025.0,10.608441,40474.062,-574.0625,574.0625,-1.44
31932,53698.0,3.0,0,0,0,0,0,1,4.0,False,SUV,Honda,41508.0,CR-V,Hybrid,2024.0,10.61824,40872.63,635.37109375,635.37109375,1.53
31045,145000.0,19.0,0,0,0,0,0,0,6.0,True,Coupe,Ford,28000.0,Mustang,Coupe,2008.0,9.68987,16152.143,11847.857421875,11847.857421875,42.31
29750,8181.0,1.0,0,0,0,0,0,1,4.0,False,SUV,Honda,42999.0,CR-V,Hybrid,2026.0,10.853585,51718.246,-8719.24609375,8719.24609375,-20.28
30559,128438.0,5.0,0,0,0,0,0,0,4.0,False,Sedan,Honda,23888.0,Civic,Sedan,2022.0,10.025719,22599.305,1288.6953125,1288.6953125,5.39
31972,125322.0,9.0,1,0,0,1,0,0,4.0,False,Sedan,Honda,19962.0,Accord,Sedan,2018.0,9.777915,17638.836,2323.1640625,2323.1640625,11.64
14955,19035.0,2.0,0,0,0,0,0,0,4.0,False,SUV,Land,73999.0,Rover,Defender,2025.0,11.115189,67182.875,6816.125,6816.125,9.21
9397,3564.0,2.0,0,0,0,0,0,0,4.0,False,SUV,Ford,36995.0,Bronco,Sport,2025.0,10.638453,41707.18,-4712.1796875,4712.1796875,-12.74
30352,102145.0,8.0,0,0,0,0,0,0,8.0,False,Pickup Truck,GMC,33888.0,Sierra,1500,2019.0,10.428954,33823.953,64.046875,64.046875,0.19
22451,64550.0,3.0,0,0,0,0,0,0,0.0,False,Sedan,Tesla,43888.0,Model,3,2024.0,10.801981,49117.008,-5229.0078125,5229.0078125,-11.91
35568,41576.0,4.0,0,0,0,0,0,1,4.0,False,SUV,Toyota,47500.0,RAV,4 Prime,2023.0,10.679089,43436.94,4063.05859375,4063.05859375,8.55
38002,140054.0,17.0,0,0,0,0,0,0,4.0,False,SUV,Toyota,10000.0,RAV,4,2010.0,9.386519,11925.516,-1925.515625,1925.515625,-19.26
11054,65128.0,6.0,0,0,0,0,0,0,4.0,False,Sedan,Honda,28800.0,Accord,Sedan,2021.0,10.054067,23249.145,5550.85546875,5550.85546875,19.27
34203,49941.0,3.0,1,0,0,0,0,0,8.0,False,Pickup Truck,Chevrolet,38995.0,Silverado,1500,2024.0,10.831714,50599.344,-11604.34375,11604.34375,-29.76
2406,44705.0,7.0,0,0,0,0,0,0,4.0,False,Sedan,Honda,18995.0,Civic,Sedan,2020.0,10.101781,24385.4,-5390.400390625,5390.400390625,-28.38
25881,99451.0,6.0,0,0,0,0,0,0,0.0,False,SUV,Toyota,36895.0,RAV,4,2021.0,10.339909,30942.201,5952.798828125,5952.798828125,16.13
2088,78600.0,6.0,0,0,0,0,0,0,6.0,False,SUV,Jeep,38988.0,Wrangler,Unlimited,2021.0,10.456335,34762.91,4225.08984375,4225.08984375,10.84
1667,42491.0,3.0,0,0,0,0,0,0,6.0,False,Van,Ford,46888.0,Transit,Cargo Van,2024.0,10.766255,47393.21,-505.2109375,505.2109375,-1.08
8293,53056.0,3.0,0,0,0,0,0,0,6.0,False,Minivan,Chrysler,36590.0,Grand,Caravan,2024.0,10.5367985,37675.75,-1085.75,1085.75,-2.97
25510,9829.0,2.0,0,0,0,0,0,1,4.0,False,SUV,Kia,52300.0,Sorento,Plug-In Hybrid,2025.0,10.765885,47375.676,4924.32421875,4924.32421875,9.42
21068,30.0,2.0,0,0,0,0,0,0,6.0,False,Van,RAM,52988.0,ProMaster,Window Van,2025.0,10.901007,54229.93,-1241.9296875,1241.9296875,-2.34
22098,118385.0,7.0,0,0,0,0,0,0,4.0,True,Sedan,Subaru,33995.0,WRX,STI,2020.0,10.191699,26679.787,7315.212890625,7315.212890625,21.52
287,41650.0,4.0,0,0,1,0,0,0,4.0,True,Sedan,Mazda,28292.0,Mazda3,Sport,2023.0,10.324206,30460.12,-2168.119140625,2168.119140625,-7.66
26252,98669.0,3.0,0,0,0,0,0,0,0.0,False,Sedan,Tesla,47990.0,Model,Y,2024.0,10.727236,45579.523,2410.4765625,2410.4765625,5.02
36820,68122.0,6.0,0,0,0,0,0,0,4.0,False,SUV,Hyundai,21950.0,Santa,Fe,2021.0,10.13565,25225.484,-3275.484375,3275.484375,-14.92
6273,25888.0,2.0,1,0,0,0,0,0,4.0,False,SUV,Buick,29328.0,Encore,GX,2025.0,10.337244,30859.861,-1531.861328125,1531.861328125,-5.22
29033,81598.0,3.0,0,0,0,0,0,1,4.0,False,Sedan,Toyota,27596.0,Corolla,Sedan,2024.0,10.324162,30458.754,-2862.75390625,2862.75390625,-10.37
30910,82014.0,5.0,0,1,1,0,0,0,0.0,False,Sedan,Tesla,40990.0,Model,Y,2022.0,10.463479,35012.152,5977.84765625,5977.84765625,14.58
8976,266454.0,14.0,0,0,0,0,0,0,6.0,False,Minivan,Dodge,5988.0,Grand,Caravan,2013.0,8.387019,4388.713,1599.287109375,1599.287109375,26.71
4475,53847.0,3.0,0,0,0,0,0,0,0.0,False,SUV,Audi,65900.0,Q8,e-tron Sportback,2024.0,10.890984,53689.082,12210.91796875,12210.91796875,18.53
24568,50218.0,5.0,0,0,0,0,0,1,4.0,False,SUV,Volvo,44888.0,XC60,Recharge,2022.0,10.801985,49117.195,-4229.1953125,4229.1953125,-9.42
8689,17444.0,3.0,0,0,0,0,0,1,6.0,False,Minivan,Chrysler,52242.0,Pacifica,Hybrid,2024.0,10.842275,51136.566,1105.43359375,1105.43359375,2.12
17876,184020.0,9.0,0,0,0,0,1,0,4.0,False,Sedan,Mazda,12990.0,Mazda3,Sport,2018.0,9.475885,13040.416,-50.416015625,50.416015625,-0.39
31054,27385.0,2.0,0,0,0,0,0,0,0.0,False,SUV,Chevrolet,37888.0,Equinox,EV,2025.0,10.768972,47522.156,-9634.15625,9634.15625,-25.43
33067,35300.0,2.0,0,0,0,0,0,0,4.0,False,SUV,Ford,34900.0,Bronco,Sport,2025.0,10.506014,36533.56,-1633.55859375,1633.55859375,-4.68
2236,81250.0,5.0,0,0,0,0,0,0,4.0,False,Sedan,Honda,23995.0,Civic,Sedan,2022.0,10.095855,24241.31,-246.310546875,246.310546875,-1.03
19429,101121.0,4.0,0,0,1,0,0,0,4.0,False,Coupe,Mitsubishi,22499.0,Eclipse,Cross,2023.0,10.092893,24169.61,-1670.609375,1670.609375,-7.43
8083,55811.0,2.0,0,0,0,0,0,0,8.0,False,Pickup Truck,Chevrolet,48325.0,Silverado,1500,2025.0,10.860613,52082.99,-3757.98828125,3757.98828125,-7.78
38627,67195.0,4.0,0,0,1,0,0,0,4.0,False,SUV,Toyota,28588.0,RAV,4,2023.0,10.42787,33787.297,-5199.296875,5199.296875,-18.19
14836,84500.0,7.0,0,0,0,0,0,0,4.0,False,SUV,Land,27995.0,Rover,Range Rover Evoque,2020.0,10.393889,32658.447,-4663.447265625,4663.447265625,-16.66
26042,120109.0,4.0,0,0,0,0,0,0,6.0,False,SUV,Jeep,34888.0,Grand,Cherokee,2023.0,10.477904,35520.887,-632.88671875,632.88671875,-1.81
14890,32576.0,2.0,0,0,0,0,0,0,4.0,False,SUV,Land,114999.0,Rover,Range Rover Sport,2025.0,11.048214,62830.633,52168.3671875,52168.3671875,45.36
26301,12487.0,2.0,0,0,0,0,0,0,4.0,False,Sedan,Mazda,30879.0,Mazda3,Sport,2025.0,10.32237,30404.22,474.779296875,474.779296875,1.54
37148,39695.0,3.0,0,0,0,0,0,1,4.0,False,SUV,Honda,41995.0,CR-V,Hybrid,2024.0,10.651826,42268.703,-273.703125,273.703125,-0.65
31580,39504.0,2.0,0,0,0,0,0,0,4.0,False,SUV,Ford,31668.0,Escape,PHEV,2025.0,10.50343,36439.293,-4771.29296875,4771.29296875,-15.07
26377,27588.0,3.0,0,0,0,0,0,0,8.0,True,Coupe,Ford,59888.0,Mustang,Fastback,2024.0,11.146604,69326.96,-9438.9609375,9438.9609375,-15.76
12996,99580.0,14.0,0,0,0,0,0,0,6.0,False,Sedan,Infiniti,9950.0,M,Sedan,2013.0,9.600068,14764.787,-4814.787109375,4814.787109375,-48.39
24649,21751.0,3.0,0,0,1,0,0,0,0.0,False,SUV,Volvo,63980.0,XC60,Recharge,2024.0,11.076722,64647.625,-667.625,667.625,-1.04
13614,66581.0,6.0,0,0,0,0,0,0,6.0,False,SUV,Jeep,37990.0,Wrangler,Unlimited,2021.0,10.515434,36879.355,1110.64453125,1110.64453125,2.92
33365,70003.0,6.0,0,0,1,0,0,1,4.0,False,SUV,Toyota,38988.0,RAV,4,2021.0,10.46302,34996.094,3991.90625,3991.90625,10.24
14910,120000.0,10.0,0,0,0,0,0,0,6.0,False,SUV,Land,25888.0,Rover,Discovery,2017.0,9.960014,21162.1,4725.900390625,4725.900390625,18.26
11384,2052.0,1.0,0,0,0,0,0,1,4.0,False,SUV,Honda,49900.0,CR-V,Hybrid,2026.0,10.882383,53229.316,-3329.31640625,3329.31640625,-6.67
13357,95653.0,6.0,0,0,0,0,0,0,6.0,False,SUV,Jeep,29999.0,Grand,Cherokee L,2021.0,10.40832,33133.17,-3134.171875,3134.171875,-10.45
30152,26464.0,10.0,0,0,0,0,0,0,6.0,False,SUV,Jeep,55900.0,Grand,Cherokee,2017.0,10.3738365,32010.053,23889.947265625,23889.947265625,42.74
14779,156300.0,7.0,0,0,0,0,0,0,4.0,False,SUV,Land,33888.0,Rover,Range Rover Sport,2020.0,10.246178,28173.643,5714.357421875,5714.357421875,16.86
34338,13000.0,2.0,0,0,0,0,0,0,8.0,False,Pickup Truck,GMC,69000.0,Sierra,1500,2025.0,11.118078,67377.3,1622.703125,1622.703125,2.35
36731,54000.0,5.0,0,0,0,0,0,0,0.0,False,Sedan,Tesla,33988.0,Model,3,2022.0,10.516586,36921.867,-2933.8671875,2933.8671875,-8.63
36247,73415.0,6.0,0,1,1,0,0,0,4.0,False,Sedan,Toyota,20998.0,Corolla,Sedan,2021.0,10.057245,23323.166,-2325.166015625,2325.166015625,-11.07
7064,141966.0,13.0,0,0,0,0,0,0,6.0,False,Sedan,Cadillac,13995.0,CTS,Sedan,2014.0,9.373496,11771.199,2223.80078125,2223.80078125,15.89
37850,95000.0,9.0,0,0,0,0,0,0,4.0,False,SUV,Hyundai,20500.0,Santa,Fe Sport,2018.0,9.83183,18615.992,1884.0078125,1884.0078125,9.19
35213,145171.0,8.0,1,0,0,0,0,0,4.0,False,SUV,Toyota,25990.0,RAV,4,2019.0,9.995073,21917.215,4072.78515625,4072.78515625,15.67
565,42774.0,3.0,0,0,0,0,0,0,4.0,False,SUV,Toyota,38998.0,RAV,4,2024.0,10.570068,38950.336,47.6640625,47.6640625,0.12
27003,284087.0,16.0,0,0,0,0,0,0,4.0,False,SUV,Toyota,9990.0,RAV,4,2011.0,8.596354,5410.889,4579.11083984375,4579.11083984375,45.84
30912,90266.0,5.0,0,1,0,0,0,0,0.0,False,Sedan,Tesla,38990.0,Model,Y,2022.0,10.437125,34101.473,4888.52734375,4888.52734375,12.54
37018,80906.0,3.0,0,0,0,0,0,0,6.0,False,SUV,Mazda,37995.0,CX-90,MHEV,2024.0,10.548666,38125.543,-130.54296875,130.54296875,-0.34
10193,58435.0,5.0,0,0,0,0,0,0,8.0,False,Pickup Truck,GMC,38988.0,Sierra,1500,2022.0,10.851074,51588.54,-12600.5390625,12600.5390625,-32.32
28111,70000.0,10.0,0,0,0,0,0,0,6.0,False,SUV,Jeep,35000.0,Wrangler,Unlimited,2017.0,10.104716,24457.09,10542.91015625,10542.91015625,30.12
36217,115297.0,5.0,0,0,0,0,0,0,4.0,False,Sedan,Toyota,22521.0,Corolla,Hatchback 5-Door,2022.0,10.050694,23170.873,-649.873046875,649.873046875,-2.89
9254,63084.0,5.0,0,0,0,0,0,0,4.0,False,SUV,Ford,27888.0,Bronco,Sport,2022.0,10.257447,28492.955,-604.955078125,604.955078125,-2.17
29351,104000.0,9.0,1,0,0,0,0,0,6.0,False,Coupe,Mercedes-Benz,20770.0,C-Class,Sedan,2018.0,10.222723,27520.506,-6750.505859375,6750.505859375,-32.5
19945,199.0,2.0,0,0,0,0,0,0,4.0,False,SUV,Nissan,26064.0,Kicks,Play,2025.0,10.143242,25417.738,646.26171875,646.26171875,2.48
29619,300.0,1.0,0,0,0,0,0,1,4.0,False,SUV,Honda,51640.0,CR-V,Hybrid,2026.0,10.881476,53181.06,-1541.05859375,1541.05859375,-2.98
23031,105764.0,7.0,1,0,0,0,0,0,4.0,False,SUV,Toyota,28790.0,RAV,4,2020.0,10.204299,27018.092,1771.908203125,1771.908203125,6.15
25090,72185.0,5.0,0,0,0,0,0,1,4.0,False,SUV,Hyundai,26888.0,Tucson,Hybrid,2022.0,10.30762,29959.049,-3071.048828125,3071.048828125,-11.42
22585,27800.0,5.0,0,0,0,0,0,0,0.0,False,Sedan,Tesla,79880.0,Model,X,2022.0,10.553868,38324.406,41555.59375,41555.59375,52.02
28953,97000.0,7.0,0,0,0,0,0,0,4.0,False,Sedan,Honda,20950.0,Civic,Sedan,2020.0,9.968811,21349.086,-399.0859375,399.0859375,-1.9
2237,40.0,2.0,0,0,0,0,0,0,4.0,False,SUV,Ford,37835.0,Bronco,Sport,2025.0,10.69096,43955.684,-6120.68359375,6120.68359375,-16.18
19664,59620.0,5.0,0,0,0,0,0,0,4.0,False,Coupe,Mitsubishi,24500.0,Eclipse,Cross,2022.0,10.177134,26293.986,-1793.986328125,1793.986328125,-7.32
14797,109706.0,9.0,0,0,0,0,0,0,6.0,False,SUV,Land,53898.0,Rover,Range Rover Sport,2018.0,10.142255,25392.66,28505.33984375,28505.33984375,52.89
28736,132000.0,10.0,0,0,0,0,0,0,4.0,True,Sedan,Volkswagen,10995.0,Jetta,Sedan,2017.0,9.583178,14517.4795,-3522.4794921875,3522.4794921875,-32.04
30545,8198.0,3.0,0,0,0,0,0,1,4.0,False,SUV,Honda,45999.0,CR-V,Hybrid,2024.0,10.754537,46841.05,-842.05078125,842.05078125,-1.83
22349,78895.0,5.0,0,0,0,0,0,0,0.0,False,Sedan,Tesla,39495.0,Model,Y,2022.0,10.461508,34943.2,4551.80078125,4551.80078125,11.53
29533,110452.0,8.0,0,0,0,0,0,0,4.0,False,SUV,Hyundai,22995.0,Santa,Fe XL,2019.0,9.820313,18402.818,4592.181640625,4592.181640625,19.97
38322,11865.0,2.0,0,0,0,0,0,0,8.0,False,Pickup Truck,GMC,79689.0,Sierra,1500,2025.0,11.131429,68282.86,11406.140625,11406.140625,14.31
32884,136978.0,10.0,0,0,0,0,0,0,4.0,False,SUV,Hyundai,15995.0,Santa,Fe Sport,2017.0,9.54853,14023.059,1971.94140625,1971.94140625,12.33
15230,12950.0,1.0,0,0,0,0,0,0,4.0,False,SUV,Land,60000.0,Rover,Range Rover Evoque,2026.0,11.112144,66978.67,-6978.671875,6978.671875,-11.63
9591,72000.0,13.0,1,0,1,0,0,0,6.0,False,Van,Ford,17999.0,Transit,Connect,2014.0,9.891032,19751.438,-1752.4375,1752.4375,-9.74
37573,35624.0,3.0,0,0,0,0,0,0,8.0,False,Pickup Truck,GMC,54888.0,Sierra,1500,2024.0,10.97227,58235.64,-3347.640625,3347.640625,-6.1
1992,125000.0,7.0,0,0,0,0,0,1,4.0,False,Sedan,Toyota,19777.0,Corolla,Sedan,2020.0,10.078046,23813.402,-4036.40234375,4036.40234375,-20.41
34325,85949.0,4.0,1,0,1,0,0,0,4.0,False,Sedan,Volkswagen,25962.0,Jetta,GLI,2023.0,10.140669,25352.418,609.58203125,609.58203125,2.35
31927,181880.0,11.0,0,0,0,0,0,0,4.0,False,Sedan,Honda,11988.0,Civic,Sedan,2016.0,9.312358,11073.029,914.970703125,914.970703125,7.63
10176,195097.0,6.0,0,1,0,0,1,0,8.0,False,Pickup Truck,GMC,27495.0,Sierra,1500,2021.0,10.393268,32638.146,-5143.146484375,5143.146484375,-18.71
13592,95664.0,4.0,0,0,0,0,0,0,6.0,False,SUV,Jeep,32310.0,Grand,Cherokee L,2023.0,10.558918,38518.426,-6208.42578125,6208.42578125,-19.22
8310,59163.0,4.0,0,0,0,0,0,0,6.0,False,Minivan,Chrysler,31594.0,Grand,Caravan,2023.0,10.510553,36699.78,-5105.78125,5105.78125,-16.16
10620,22.0,3.0,0,0,0,0,0,0,8.0,False,Pickup Truck,GMC,61190.0,Sierra,1500,2024.0,11.1910095,72474.914,-11284.9140625,11284.9140625,-18.44
1979,35700.0,8.0,0,0,0,1,0,0,4.0,False,Coupe,Mercedes-Benz,28888.0,C-Class,Coupe,2019.0,10.72,45250.914,-16362.9140625,16362.9140625,-56.64
37413,104228.0,15.0,0,0,0,0,0,0,4.0,False,baseline_value_here,Mazda,15999.0,MX-5,Miata Roadster,2012.0,9.579847,14469.21,1529.7900390625,1529.7900390625,9.56
28199,41941.0,4.0,0,0,0,0,0,1,4.0,False,SUV,Toyota,40500.0,RAV,4 Hybrid,2023.0,10.679089,43436.94,-2936.94140625,2936.94140625,-7.25
6561,47819.0,4.0,0,0,1,0,0,0,4.0,False,SUV,Buick,28489.0,Encore,GX,2023.0,10.17921,26348.635,2140.365234375,2140.365234375,7.51
917,134000.0,6.0,0,0,0,0,0,0,6.0,False,Van,Ford,31488.0,Transit,Cargo Van,2021.0,10.232776,27798.566,3689.43359375,3689.43359375,11.72
26904,41675.0,5.0,0,0,0,0,0,0,4.0,False,Sedan,Honda,25988.0,Civic,Sedan,2022.0,10.186391,26538.537,-550.537109375,550.537109375,-2.12
32465,16516.0,8.0,0,0,0,0,0,0,4.0,True,Coupe,Ford,55995.0,Mustang,Fastback,2019.0,10.80641,49335.027,6659.97265625,6659.97265625,11.89
11287,27486.0,3.0,0,0,0,0,1,0,4.0,False,Sedan,Honda,28390.0,Civic,Sedan,2024.0,10.251904,28335.43,54.5703125,54.5703125,0.19
26002,26161.0,4.0,0,0,0,0,0,0,4.0,False,Sedan,Toyota,34900.0,Corolla,Cross,2023.0,10.235427,27872.367,7027.6328125,7027.6328125,20.14
23529,147728.0,10.0,0,0,0,0,0,0,4.0,False,Hatchback,Volkswagen,19995.0,Golf,R,2017.0,9.5136385,13542.182,6452.818359375,6452.818359375,32.27
37738,87552.0,4.0,0,0,0,0,0,0,0.0,False,Sedan,Tesla,29980.0,Model,Y,2023.0,10.499434,36293.973,-6313.97265625,6313.97265625,-21.06
32688,120456.0,8.0,0,0,0,0,0,0,4.0,False,SUV,Hyundai,16990.0,Santa,Fe,2019.0,9.802133,18071.244,-1081.244140625,1081.244140625,-6.36
17461,24189.0,4.0,0,0,0,0,0,0,0.0,False,baseline_value_here,MINI,27888.0,3,Door,2023.0,10.227134,27642.164,245.8359375,245.8359375,0.88
856,67071.0,6.0,0,0,0,0,0,1,4.0,False,SUV,Land,41999.0,Rover,Range Rover Velar,2021.0,10.657758,42520.188,-521.1875,521.1875,-1.24
6980,55526.0,5.0,0,0,0,0,0,0,8.0,False,SUV,Cadillac,100900.0,Escalade,ESV,2022.0,11.3984995,89186.8,11713.203125,11713.203125,11.61
64,62590.0,4.0,0,0,0,0,0,0,4.0,False,Sedan,Toyota,27995.0,Corolla,Cross,2023.0,10.175517,26251.516,1743.484375,1743.484375,6.23
12107,78240.0,5.0,0,0,0,0,0,0,4.0,False,SUV,Hyundai,25995.0,Santa,Fe,2022.0,10.177774,26310.844,-315.84375,315.84375,-1.22
26132,12975.0,8.0,0,0,0,0,0,1,3.0,False,Coupe,BMW,108888.0,i8,Roadster,2019.0,10.655342,42417.594,66470.40625,66470.40625,61.04
32556,42863.0,3.0,1,0,0,0,0,0,8.0,False,Pickup Truck,Chevrolet,44995.0,Silverado,1500,2024.0,10.860877,52096.75,-7101.75,7101.75,-15.78
19263,92602.0,7.0,0,0,0,0,0,0,0.0,False,SUV,Mitsubishi,23998.0,Outlander,Plug-In Hybrid,2020.0,10.174118,26214.812,-2216.8125,2216.8125,-9.24
22733,96000.0,4.0,0,0,0,0,0,0,4.0,False,SUV,Toyota,29850.0,RAV,4,2023.0,10.366981,31791.336,-1941.3359375,1941.3359375,-6.5
14928,53577.0,4.0,0,0,0,0,0,0,6.0,False,SUV,Land,34888.0,Rover,Discovery Sport,2023.0,11.174596,71295.02,-36407.0234375,36407.0234375,-104.35
14896,104118.0,8.0,0,0,0,0,0,0,4.0,False,SUV,Land,28880.0,Rover,Discovery,2019.0,10.269946,28851.332,28.66796875,28.66796875,0.1
2819,108000.0,8.0,0,0,0,0,0,0,4.0,False,Coupe,Ford,21595.0,Mustang,Fastback,2019.0,9.939863,20739.906,855.09375,855.09375,3.96
32809,177356.0,9.0,0,0,1,0,0,0,8.0,False,Pickup Truck,Chevrolet,19999.0,Silverado,1500,2018.0,10.017921,22423.77,-2424.76953125,2424.76953125,-12.12
7909,49000.0,3.0,0,0,0,0,0,0,8.0,False,Pickup Truck,Chevrolet,62497.0,Silverado,1500,2024.0,10.836039,50818.66,11678.33984375,11678.33984375,18.69
33519,5612.0,2.0,0,0,0,0,0,0,6.0,False,SUV,Jeep,50995.0,Grand,Cherokee,2025.0,10.982427,58830.145,-7835.14453125,7835.14453125,-15.36
33861,214000.0,19.0,0,0,0,0,0,0,6.0,False,Minivan,Dodge,3200.0,Grand,Caravan,2008.0,8.225853,3735.307,-535.306884765625,535.306884765625,-16.73
37664,68750.0,5.0,0,0,0,0,0,0,4.0,False,Sedan,Toyota,22500.0,Corolla,Sedan,2022.0,10.128381,25042.78,-2542.779296875,2542.779296875,-11.3
22523,25000.0,3.0,0,0,0,0,0,0,0.0,False,Sedan,Tesla,63000.0,Model,3,2024.0,10.871499,52653.082,10346.91796875,10346.91796875,16.42
2261,180700.0,6.0,1,0,0,0,1,0,8.0,False,Pickup Truck,GMC,26900.0,Sierra,1500,2021.0,10.364761,31720.861,-4820.861328125,4820.861328125,-17.92
13818,89691.0,11.0,0,0,0,0,1,0,4.0,False,Sedan,Kia,9990.0,Forte,5-Door,2016.0,9.273188,10647.642,-657.6416015625,657.6416015625,-6.58
8700,54339.0,3.0,0,0,0,0,0,0,6.0,False,Minivan,Chrysler,36599.0,Grand,Caravan,2024.0,10.533529,37552.777,-953.77734375,953.77734375,-2.61
2931,30556.0,3.0,1,1,0,0,0,0,6.0,False,Minivan,Chrysler,38480.0,Grand,Caravan,2024.0,10.57222,39034.23,-554.23046875,554.23046875,-1.44
23925,4300.0,1.0,0,0,0,0,0,0,4.0,False,SUV,Volkswagen,65255.0,Atlas,Cross Sport,2026.0,10.849419,51503.2,13751.80078125,13751.80078125,21.07
35295,125000.0,8.0,0,0,0,0,0,0,4.0,False,Sedan,Honda,22000.0,Civic,Sedan,2019.0,9.831148,18603.303,3396.697265625,3396.697265625,15.44
8498,140945.0,9.0,0,0,0,0,0,1,6.0,False,Minivan,Chrysler,23000.0,Pacifica,Hybrid,2018.0,9.997444,21969.242,1030.7578125,1030.7578125,4.48
11075,3619.0,2.0,0,0,0,0,0,0,4.0,False,Sedan,Honda,36495.0,Civic,Sedan,2025.0,10.431965,33925.945,2569.0546875,2569.0546875,7.04
22298,65095.0,6.0,0,0,0,0,0,0,0.0,False,Sedan,Tesla,31490.0,Model,3,2021.0,10.375224,32054.502,-564.501953125,564.501953125,-1.79
332,9120.0,2.0,0,0,0,0,0,0,4.0,True,Sedan,Honda,66580.0,Civic,Type R,2025.0,10.488487,35898.81,30681.19140625,30681.19140625,46.08
25011,101397.0,8.0,0,0,0,0,0,0,4.0,False,Hatchback,Mercedes-Benz,19688.0,A-Class,Hatchback,2019.0,10.066932,23550.191,-3862.19140625,3862.19140625,-19.62
22403,87600.0,2.0,0,0,0,0,0,0,0.0,False,Sedan,Tesla,54980.0,Model,Y,2025.0,10.808993,49462.65,5517.3515625,5517.3515625,10.04
26914,84514.0,3.0,0,0,0,0,0,0,6.0,False,Van,Ford,41000.0,E-Series,Cutaway,2024.0,10.547514,38081.645,2918.35546875,2918.35546875,7.12
22378,37100.0,6.0,0,1,0,0,0,0,0.0,False,Sedan,Tesla,31888.0,Model,3,2021.0,10.469287,35216.098,-3328.09765625,3328.09765625,-10.44
10042,40736.0,3.0,0,0,0,0,0,0,8.0,False,Pickup Truck,GMC,52999.0,Sierra,1500,2024.0,10.968772,58032.28,-5033.28125,5033.28125,-9.5
562,153501.0,10.0,0,1,0,0,0,0,4.0,False,Sedan,Honda,14998.0,Civic,Sedan,2017.0,9.584667,14539.123,458.876953125,458.876953125,3.06
22443,86600.0,5.0,0,0,0,0,0,0,0.0,False,Sedan,Tesla,34888.0,Model,Y,2022.0,10.448735,34499.71,388.2890625,388.2890625,1.11
37584,115000.0,5.0,0,0,0,0,0,0,4.0,False,SUV,Ford,22995.0,Bronco,Sport,2022.0,10.119792,24828.605,-1833.60546875,1833.60546875,-7.97
19264,149900.0,7.0,0,0,0,0,0,0,4.0,False,Coupe,Mitsubishi,13999.0,Eclipse,Cross,2020.0,9.74165,17010.58,-3011.580078125,3011.580078125,-21.51
11372,120522.0,13.0,0,0,0,0,0,0,4.0,False,Sedan,Honda,14499.0,Accord,Coupe,2014.0,9.38936,11959.447,2539.552734375,2539.552734375,17.52
7249,157636.0,12.0,0,0,0,0,0,0,6.0,False,Coupe,Cadillac,10650.0,ATS,Sedan,2015.0,9.334507,11321.045,-671.044921875,671.044921875,-6.3
1630,42148.0,3.0,0,0,0,0,0,0,4.0,True,Hatchback,Volkswagen,33987.0,Golf,GTI,2024.0,10.642561,41878.887,-7891.88671875,7891.88671875,-23.22
29744,73000.0,11.0,0,0,1,0,0,0,6.0,False,SUV,Land,36900.0,Rover,Range Rover Sport,2016.0,10.112455,24647.107,12252.892578125,12252.892578125,33.21
36182,50977.0,5.0,0,0,0,0,0,0,4.0,False,Sedan,Honda,28500.0,Accord,Sedan,2022.0,10.159572,25836.227,2663.7734375,2663.7734375,9.35
18714,86784.0,11.0,0,0,0,0,0,0,6.0,False,Sedan,Mercedes-Benz,18888.0,C-Class,Sedan,2016.0,9.953458,21023.797,-2135.796875,2135.796875,-11.31
27800,92303.0,6.0,0,0,0,0,0,1,4.0,False,SUV,Ford,23945.0,Escape,Hybrid,2021.0,10.0336275,22778.756,1166.244140625,1166.244140625,4.87
1857,31126.0,3.0,0,0,0,0,0,0,4.0,False,Hatchback,Volkswagen,31990.0,Golf,GTI,2024.0,10.470136,35246.0,-3256.0,3256.0,-10.18
8590,64960.0,5.0,0,0,0,0,0,1,6.0,False,Minivan,Chrysler,36700.0,Pacifica,Hybrid,2022.0,10.582548,39439.49,-2739.48828125,2739.48828125,-7.46
22579,118005.0,5.0,1,0,1,0,0,0,0.0,False,Sedan,Tesla,24990.0,Model,3,2022.0,10.357926,31504.781,-6514.78125,6514.78125,-26.07
2443,134050.0,4.0,0,0,0,0,0,0,8.0,False,Pickup Truck,Chevrolet,35995.0,Silverado,1500,2023.0,10.5978155,40046.258,-4051.2578125,4051.2578125,-11.26
37380,81960.0,4.0,0,0,0,0,0,0,4.0,False,SUV,Toyota,29995.0,RAV,4,2023.0,10.38569,32391.744,-2396.744140625,2396.744140625,-7.99
22858,10105.0,3.0,0,0,0,0,0,1,4.0,False,SUV,Toyota,44888.0,RAV,4 Hybrid,2024.0,10.824613,50241.3,-5353.30078125,5353.30078125,-11.93
33789,95000.0,5.0,0,0,0,0,0,0,4.0,False,Sedan,Honda,22791.0,Civic,Sedan,2022.0,10.077888,23809.633,-1018.6328125,1018.6328125,-4.47
451,127969.0,6.0,0,0,0,0,0,1,4.0,False,SUV,Toyota,30995.0,RAV,4 Hybrid,2021.0,10.329022,30607.176,387.82421875,387.82421875,1.25
37873,84605.0,4.0,0,0,0,0,0,0,6.0,False,Van,Ford,36999.0,Transit,Connect,2023.0,10.528253,37355.14,-356.140625,356.140625,-0.96
9539,130084.0,7.0,0,0,0,0,0,0,6.0,False,Van,Ford,24950.0,Transit,Cargo Van,2020.0,10.199912,26899.82,-1949.8203125,1949.8203125,-7.81
28610,46710.0,2.0,0,0,0,0,0,0,4.0,False,Sedan,Toyota,26995.0,Corolla,Sedan,2025.0,10.296414,29625.2,-2630.19921875,2630.19921875,-9.74
38409,34281.0,9.0,0,0,0,0,0,0,4.0,False,Sedan,Hyundai,16922.0,Elantra,GT,2018.0,10.017147,22406.412,-5484.412109375,5484.412109375,-32.41
11177,104023.0,7.0,0,0,0,0,0,0,4.0,True,Sedan,Honda,21998.0,Accord,Sedan,2020.0,10.061247,23416.688,-1418.6875,1418.6875,-6.45
35482,69995.0,6.0,0,0,0,0,0,0,6.0,False,Van,Ford,28500.0,Transit,Cargo Van,2021.0,10.487183,35852.004,-7352.00390625,7352.00390625,-25.8
18546,57595.0,6.0,0,0,0,0,0,0,4.0,False,Sedan,Mercedes-Benz,42998.0,C-Class,Convertible,2021.0,10.39335,32640.822,10357.177734375,10357.177734375,24.09
34603,72641.0,6.0,0,1,1,0,0,0,4.0,False,SUV,Toyota,26888.0,RAV,4,2021.0,10.307937,29968.535,-3080.53515625,3080.53515625,-11.46
10087,158530.0,7.0,0,0,0,0,0,0,8.0,False,Pickup Truck,GMC,58898.0,Sierra,2500HD,2020.0,10.428805,33818.92,25079.078125,25079.078125,42.58
10159,244380.0,12.0,0,0,0,0,0,0,8.0,False,Pickup Truck,GMC,14998.0,Sierra,1500,2015.0,9.624822,15134.8545,-136.8544921875,136.8544921875,-0.91
7323,207217.0,10.0,1,0,0,0,0,0,8.0,False,SUV,Cadillac,32490.0,Escalade,ESV,2017.0,10.193335,26723.46,5766.5390625,5766.5390625,17.75
14939,119321.0,10.0,0,0,0,0,0,0,6.0,False,SUV,Land,27999.0,Rover,Range Rover Sport,2017.0,9.963919,21244.889,6754.111328125,6754.111328125,24.12
22555,86663.0,6.0,0,1,1,0,0,0,0.0,False,Sedan,Tesla,23990.0,Model,3,2021.0,10.342669,31027.72,-7037.720703125,7037.720703125,-29.34
6339,214877.0,6.0,0,0,0,0,0,0,4.0,False,SUV,Buick,15089.0,Encore,GX,2021.0,9.63318,15261.89,-172.8896484375,172.8896484375,-1.15
30696,147357.0,10.0,0,0,0,0,0,0,4.0,False,Sedan,Honda,13995.0,Accord,Sedan,2017.0,9.572424,14362.189,-367.189453125,367.189453125,-2.62
323,44444.0,4.0,0,0,0,0,0,0,4.0,False,Sedan,Audi,26980.0,A3,Sedan,2023.0,10.436577,34082.777,-7102.77734375,7102.77734375,-26.33
27675,146908.0,11.0,0,0,0,0,0,0,4.0,False,SUV,Hyundai,11777.0,Santa,Fe Sport,2016.0,9.348749,11483.449,293.55078125,293.55078125,2.49
22801,12513.0,2.0,0,0,0,0,0,1,4.0,False,SUV,Toyota,56900.0,RAV,4 Plug-In Hybrid,2025.0,10.835471,50789.832,6110.16796875,6110.16796875,10.74
27231,140941.0,9.0,0,0,0,0,0,0,0.0,False,SUV,Mitsubishi,14999.0,Outlander,Plug-In Hybrid,2018.0,9.871135,19362.299,-4363.298828125,4363.298828125,-29.09
7152,152344.0,11.0,0,0,0,0,0,0,6.0,False,Sedan,Cadillac,14995.0,ATS,Sedan,2016.0,9.492043,13252.839,1742.1611328125,1742.1611328125,11.62
32606,77670.0,11.0,1,0,0,0,0,0,4.0,False,Hatchback,Volkswagen,24999.0,Golf,R,2016.0,9.713264,16534.494,8464.505859375,8464.505859375,33.86
6425,19676.0,3.0,0,0,1,0,0,0,4.0,False,SUV,Buick,28995.0,Encore,GX,2024.0,10.304998,29880.605,-885.60546875,885.60546875,-3.05
31984,219292.0,16.0,0,0,0,0,0,0,4.0,True,Coupe,Honda,4500.0,Civic,Sedan,2011.0,8.915482,7445.367,-2945.3671875,2945.3671875,-65.45
22693,67025.0,6.0,0,0,0,0,0,0,0.0,False,Sedan,Tesla,29995.0,Model,3,2021.0,10.382799,32298.246,-2303.24609375,2303.24609375,-7.68
28929,76960.0,3.0,0,0,1,0,0,0,4.0,False,SUV,Toyota,56995.0,Grand,Highlander,2024.0,10.43498,34028.41,22966.58984375,22966.58984375,40.3
14912,28842.0,5.0,0,0,0,0,0,0,4.0,False,SUV,Land,92888.0,Rover,Range Rover Sport,2022.0,10.896981,54012.066,38875.93359375,38875.93359375,41.85
2000,147000.0,9.0,0,0,0,0,1,0,6.0,False,SUV,Ford,13880.0,Police,Interceptor Utility,2018.0,9.83896,18749.2,-4869.19921875,4869.19921875,-35.08
29384,102682.0,11.0,0,0,0,0,0,0,4.0,False,Sedan,Chevrolet,9000.0,Cruze,Limited,2016.0,9.512316,13524.279,-4524.279296875,4524.279296875,-50.27
14748,113000.0,5.0,0,0,0,0,0,1,6.0,False,SUV,Land,49988.0,Rover,Range Rover Sport,2022.0,10.857065,51898.54,-1910.5390625,1910.5390625,-3.82
25354,31379.0,3.0,0,0,0,0,0,0,6.0,False,Hatchback,Audi,38888.0,A5,Sportback,2024.0,10.901707,54267.906,-15379.90625,15379.90625,-39.55
28147,128603.0,13.0,0,0,0,0,0,0,4.0,False,Sedan,Toyota,10000.0,Corolla,Sedan,2014.0,9.423876,12379.474,-2379.4736328125,2379.4736328125,-23.79
38614,184000.0,15.0,0,0,0,0,0,0,6.0,False,SUV,Land,13500.0,Rover,LR4,2012.0,9.260086,10509.038,2990.9619140625,2990.9619140625,22.16
33392,155573.0,5.0,0,0,0,0,0,1,4.0,False,SUV,Hyundai,24495.0,Tucson,Hybrid,2022.0,10.021476,22503.617,1991.3828125,1991.3828125,8.13
2822,53511.0,4.0,0,0,0,0,0,0,4.0,False,SUV,Ford,29390.0,Bronco,Sport,2023.0,10.379159,32180.885,-2790.884765625,2790.884765625,-9.5
22292,96250.0,6.0,0,0,0,0,0,0,0.0,False,Sedan,Tesla,22990.0,Model,3,2021.0,10.320944,30360.9,-7370.900390625,7370.900390625,-32.06
18126,17.0,3.0,0,0,0,0,0,1,6.0,False,SUV,Mazda,62289.0,CX-90,PHEV,2024.0,11.010985,60534.508,1754.4921875,1754.4921875,2.82
2950,87431.0,7.0,0,0,0,0,0,0,0.0,False,SUV,Land,35990.0,Rover,Range Rover Velar,2020.0,10.478421,35539.254,450.74609375,450.74609375,1.25
31970,66253.0,9.0,0,0,0,0,0,0,6.0,False,Coupe,Mercedes-Benz,28995.0,C-Class,Wagon,2018.0,10.374872,32043.223,-3048.22265625,3048.22265625,-10.51
27012,87322.0,4.0,0,0,1,0,0,1,4.0,False,SUV,Toyota,39990.0,RAV,4,2023.0,10.532652,37519.844,2470.15625,2470.15625,6.18
1388,124052.0,6.0,0,0,0,0,0,0,4.0,False,SUV,Toyota,25985.0,RAV,4,2021.0,10.166766,26022.783,-37.783203125,37.783203125,-0.15
2045,113473.0,4.0,0,0,0,0,0,0,0.0,False,Sedan,Tesla,34999.0,Model,Y,2023.0,10.430309,33869.824,1129.17578125,1129.17578125,3.23
12099,168557.0,16.0,0,0,0,0,0,0,4.0,False,SUV,Hyundai,6249.0,Santa,Fe,2011.0,8.530125,5064.077,1184.9228515625,1184.9228515625,18.96
14048,19305.0,2.0,0,0,0,0,0,1,4.0,False,SUV,Kia,44888.0,Sorento,Hybrid,2025.0,10.690221,43923.207,964.79296875,964.79296875,2.15
10354,88086.0,5.0,0,0,0,0,0,0,8.0,False,Pickup Truck,GMC,48493.0,Sierra,1500 Limited,2022.0,10.719489,45227.79,3265.2109375,3265.2109375,6.73
24822,82758.0,3.0,0,0,0,0,0,1,4.0,False,Wagon,Volvo,39898.0,V60,Cross Country,2024.0,10.695209,44142.836,-4244.8359375,4244.8359375,-10.64
24787,13701.0,2.0,0,0,0,0,0,1,4.0,False,SUV,Volvo,60759.0,XC60,Plug-in Hybrid,2025.0,11.185755,72095.07,-11336.0703125,11336.0703125,-18.66
9528,34778.0,2.0,0,1,0,0,0,0,4.0,False,baseline_value_here,Ford,42999.0,Mustang,Convertible,2025.0,10.544098,37951.773,5047.2265625,5047.2265625,11.74
2314,189098.0,9.0,0,0,0,0,0,0,4.0,False,Sedan,Honda,11999.0,Civic,Sedan,2018.0,9.550458,14050.128,-2051.1279296875,2051.1279296875,-17.09
29966,242000.0,17.0,0,0,0,0,0,0,8.0,False,Pickup Truck,Chevrolet,6000.0,Silverado,1500,2010.0,9.162049,9527.563,-3527.5634765625,3527.5634765625,-58.79
9370,57959.0,4.0,0,0,0,0,0,0,4.0,False,SUV,Ford,30374.0,Bronco,Sport,2023.0,10.372406,31964.293,-1590.29296875,1590.29296875,-5.24
14782,99000.0,6.0,0,0,0,0,0,0,6.0,False,SUV,Land,24995.0,Rover,Discovery Sport,2021.0,10.58807,39657.87,-14662.87109375,14662.87109375,-58.66
30126,28838.0,4.0,0,0,0,0,0,0,6.0,False,SUV,Land,36995.0,Rover,Range Rover Evoque,2023.0,11.203512,73386.74,-36391.7421875,36391.7421875,-98.37
1268,35022.0,3.0,1,0,1,0,0,0,4.0,False,SUV,Ford,31849.0,Bronco,Sport,2024.0,10.461452,34941.234,-3092.234375,3092.234375,-9.71
27491,45122.0,2.0,0,0,0,0,0,0,0.0,False,SUV,Hyundai,41995.0,IONIQ,5,2025.0,10.737111,46031.875,-4036.875,4036.875,-9.61
7903,55290.0,2.0,0,0,0,0,0,0,8.0,False,Pickup Truck,Chevrolet,56998.0,Silverado,2500 HD,2025.0,10.8636675,52242.33,4755.671875,4755.671875,8.34
13636,100709.0,5.0,0,0,0,0,0,0,0.0,False,SUV,Jeep,38788.0,Grand,Cherokee 4xe,2022.0,10.399219,32832.957,5955.04296875,5955.04296875,15.35
6390,128341.0,6.0,0,0,0,0,1,0,4.0,False,SUV,Buick,17998.0,Encore,GX,2021.0,9.879736,19529.564,-1531.564453125,1531.564453125,-8.51
11215,68813.0,6.0,0,0,0,0,1,0,4.0,False,Sedan,Honda,26995.0,Accord,Sedan,2021.0,10.04507,23040.902,3954.09765625,3954.09765625,14.65
81,21992.0,5.0,0,0,1,0,1,0,4.0,False,Sedan,Honda,26488.0,Civic,Sedan,2022.0,10.191239,26667.525,-179.525390625,179.525390625,-0.68
22943,41757.0,2.0,0,0,0,0,0,1,4.0,False,SUV,Toyota,59995.0,Highlander,Hybrid,2025.0,10.759508,47074.508,12920.4921875,12920.4921875,21.54
34293,55012.0,4.0,0,0,0,0,0,0,6.0,False,SUV,Jeep,46488.0,Grand,Cherokee,2023.0,10.734953,45932.637,555.36328125,555.36328125,1.19
38793,82000.0,5.0,0,0,0,0,0,0,4.0,False,Sedan,Toyota,23000.0,Corolla,Sedan,2022.0,10.094426,24206.703,-1206.703125,1206.703125,-5.25
14853,24650.0,3.0,0,0,0,0,0,0,4.0,False,SUV,Land,61998.0,Rover,Range Rover Velar,2024.0,11.039761,62301.734,-303.734375,303.734375,-0.49
10075,94280.0,4.0,1,0,0,0,0,0,8.0,False,SUV,GMC,79900.0,Yukon,XL,2023.0,11.103367,66393.32,13506.6796875,13506.6796875,16.9
22744,13277.0,3.0,1,0,0,0,0,0,4.0,False,SUV,Toyota,47995.0,RAV,4,2024.0,10.6391735,41737.26,6257.73828125,6257.73828125,13.04
15043,105.0,2.0,0,0,0,0,0,0,4.0,False,SUV,Land,69052.0,Rover,Discovery Sport,2025.0,11.269357,78381.56,-9329.5625,9329.5625,-13.51
27900,29222.0,7.0,0,0,0,0,0,0,6.0,True,Coupe,Nissan,33995.0,370Z,Coupe,2020.0,10.562989,38675.57,-4680.5703125,4680.5703125,-13.77
30557,69212.0,4.0,1,0,0,0,0,0,4.0,False,SUV,Toyota,41990.0,RAV,4 Hybrid,2023.0,10.427308,33768.324,8221.67578125,8221.67578125,19.58
32533,65125.0,5.0,0,0,0,0,0,1,4.0,False,SUV,Ford,25409.0,Escape,PHEV,2022.0,10.169145,26084.754,-675.75390625,675.75390625,-2.66
33920,105468.0,8.0,0,0,0,0,1,0,4.0,False,Sedan,Honda,16990.0,Civic,Sedan,2019.0,9.8654995,19253.488,-2263.48828125,2263.48828125,-13.32
27904,134459.0,5.0,0,0,0,0,0,0,4.0,False,Sedan,Honda,22997.0,Civic,Sedan,2022.0,10.008551,22214.613,782.38671875,782.38671875,3.4
14738,37515.0,6.0,0,0,0,0,0,0,6.0,False,SUV,Land,39995.0,Rover,Range Rover Velar,2021.0,10.864672,52294.82,-12299.8203125,12299.8203125,-30.75
13454,17459.0,2.0,0,0,0,0,0,0,6.0,False,SUV,Jeep,68595.0,Grand,Cherokee,2025.0,10.9268055,55647.227,12947.7734375,12947.7734375,18.88
25217,34028.0,7.0,0,0,0,0,0,0,4.0,False,Sedan,Honda,23490.0,Civic,Sedan,2020.0,10.129954,25082.219,-1592.21875,1592.21875,-6.78
34368,78994.0,5.0,0,0,1,0,0,0,0.0,False,Sedan,Tesla,32880.0,Model,3,2022.0,10.462434,34975.574,-2095.57421875,2095.57421875,-6.37
10286,64817.0,5.0,0,0,0,0,0,0,8.0,False,Pickup Truck,GMC,53688.0,Sierra,1500,2022.0,10.779656,48032.617,5655.3828125,5655.3828125,10.53
20986,200.0,2.0,0,0,0,0,0,0,6.0,False,Van,RAM,47791.0,ProMaster,Cargo Van,2025.0,10.838389,50938.27,-3147.26953125,3147.26953125,-6.59
28331,28625.0,4.0,0,0,0,0,0,0,4.0,False,Sedan,Mercedes-Benz,63867.0,C-Class,Convertible,2023.0,10.62012,40949.53,22917.46875,22917.46875,35.88
25561,78193.0,5.0,0,0,0,0,0,0,0.0,False,SUV,Ford,27495.0,Mustang,Mach-E,2022.0,10.343386,31049.982,-3554.982421875,3554.982421875,-12.93
11981,37569.0,4.0,0,0,0,0,0,0,4.0,False,SUV,Hyundai,34995.0,Santa,Fe,2023.0,10.4038105,32984.08,2010.921875,2010.921875,5.75
23022,60754.0,6.0,0,0,0,0,0,0,4.0,False,Sedan,Toyota,23434.0,Corolla,Sedan,2021.0,10.087685,24044.055,-610.0546875,610.0546875,-2.6
10178,190818.0,11.0,0,0,0,0,0,0,8.0,False,Pickup Truck,GMC,15900.0,Sierra,1500,2016.0,9.910695,20143.672,-4243.671875,4243.671875,-26.69
13695,15986.0,2.0,0,0,0,0,0,0,6.0,False,SUV,Jeep,48999.0,Grand,Cherokee,2025.0,10.927725,55698.41,-6699.41015625,6699.41015625,-13.67
26487,60160.0,4.0,0,0,0,0,0,0,6.0,False,SUV,Land,58495.0,Rover,Defender,2023.0,11.158863,70182.12,-11687.1171875,11687.1171875,-19.98
7174,168494.0,12.0,0,0,0,0,0,0,8.0,False,SUV,Cadillac,27998.0,Escalade,ESV,2015.0,10.111988,24635.592,3362.408203125,3362.408203125,12.01
23702,45347.0,4.0,0,0,0,0,0,0,4.0,False,SUV,Volkswagen,39888.0,Atlas,Cross Sport,2023.0,10.527705,37334.7,2553.30078125,2553.30078125,6.4
34043,78206.0,4.0,0,0,0,0,0,0,4.0,False,Sedan,Toyota,22990.0,Corolla,Sedan,2023.0,10.151166,25619.957,-2629.95703125,2629.95703125,-11.44
21132,15.0,2.0,0,0,0,0,0,0,6.0,False,Van,RAM,65288.0,ProMaster,Cargo Van,2025.0,10.901007,54229.93,11058.0703125,11058.0703125,16.94
28840,121000.0,19.0,0,0,0,0,0,0,4.0,False,Sedan,Honda,7900.0,Accord,Sedan,2008.0,9.020759,8272.051,-372.05078125,372.05078125,-4.71
17999,30684.0,2.0,0,0,0,0,0,0,6.0,False,SUV,Mazda,50988.0,CX-70,PHEV,2025.0,10.764346,47302.81,3685.19140625,3685.19140625,7.23
28091,14627.0,1.0,0,0,0,0,0,1,4.0,False,SUV,Honda,46995.0,CR-V,Hybrid,2026.0,10.816727,49846.652,-2851.65234375,2851.65234375,-6.07
38195,18465.0,3.0,0,0,0,0,0,1,4.0,False,SUV,Toyota,44999.0,RAV,4 Hybrid,2024.0,10.762296,47205.918,-2206.91796875,2206.91796875,-4.9
9557,23669.0,3.0,0,0,0,0,0,0,0.0,False,SUV,Ford,30819.0,Escape,PHEV,2024.0,10.671337,43101.535,-12282.53515625,12282.53515625,-39.85
19465,83766.0,7.0,0,0,1,0,0,0,4.0,False,Coupe,Mitsubishi,17474.0,Eclipse,Cross,2020.0,9.944721,20840.912,-3366.912109375,3366.912109375,-19.27
8435,68333.0,4.0,0,0,0,0,0,0,6.0,False,Minivan,Chrysler,30887.0,Grand,Caravan,2023.0,10.4337845,33987.74,-3100.73828125,3100.73828125,-10.04
12133,194500.0,14.0,0,0,0,0,0,0,4.0,False,Sedan,Hyundai,5999.0,Elantra,GT,2013.0,8.456958,4706.7144,1292.28564453125,1292.28564453125,21.54
10199,75134.0,5.0,0,0,0,0,0,0,8.0,False,Pickup Truck,GMC,47994.0,Sierra,1500,2022.0,10.737236,46037.625,1956.375,1956.375,4.08
34916,71181.0,4.0,0,0,0,0,0,0,4.0,False,SUV,Toyota,30900.0,RAV,4,2023.0,10.421251,33564.406,-2664.40625,2664.40625,-8.62
1484,40820.0,3.0,0,0,0,0,0,0,8.0,False,Pickup Truck,Chevrolet,56998.0,Silverado,1500,2024.0,10.86139,52123.49,4874.51171875,4874.51171875,8.55
34837,114237.0,7.0,0,0,0,0,0,0,4.0,False,SUV,Volkswagen,22998.0,Atlas,Cross Sport,2020.0,10.087463,24038.734,-1040.734375,1040.734375,-4.53
34677,75971.0,8.0,0,1,0,0,0,0,4.0,False,Sedan,Honda,20994.0,Civic,Sedan,2019.0,9.947689,20902.86,91.140625,91.140625,0.43
29231,66150.0,4.0,0,0,0,0,0,0,0.0,False,Sedan,Tesla,25990.0,Model,3,2023.0,10.532769,37524.246,-11534.24609375,11534.24609375,-44.38
730,62466.0,5.0,0,0,0,0,0,0,0.0,False,SUV,Hyundai,25550.0,IONIQ,5,2022.0,10.341669,30996.725,-5446.724609375,5446.724609375,-21.32
14728,82000.0,6.0,0,0,0,0,0,0,6.0,False,SUV,Land,27450.0,Rover,Range Rover Evoque,2021.0,10.639035,41731.49,-14281.48828125,14281.48828125,-52.03
4482,69869.0,8.0,0,0,0,0,0,0,6.0,False,Sedan,Audi,31587.0,A6,Sedan,2019.0,10.322721,30414.893,1172.107421875,1172.107421875,3.71
13375,97377.0,5.0,0,0,0,0,0,0,6.0,False,SUV,Jeep,46998.0,Grand,Cherokee L,2022.0,10.48311,35706.3,11291.69921875,11291.69921875,24.03
22307,60000.0,6.0,0,0,0,0,0,0,0.0,False,Sedan,Tesla,31490.0,Model,3,2021.0,10.430241,33867.5,-2377.5,2377.5,-7.55
22850,76500.0,7.0,0,0,0,0,0,1,4.0,False,SUV,Toyota,31299.0,RAV,4 Hybrid,2020.0,10.394795,32688.049,-1389.048828125,1389.048828125,-4.44
8962,148064.0,14.0,0,1,0,0,1,0,6.0,False,Minivan,Dodge,10988.0,Grand,Caravan,2013.0,9.067402,8667.074,2320.92578125,2320.92578125,21.12
28228,111334.0,7.0,0,0,0,0,0,0,4.0,False,SUV,Toyota,28999.0,RAV,4,2020.0,10.128737,25051.715,3947.28515625,3947.28515625,13.61
6319,214877.0,6.0,0,0,0,0,0,0,4.0,False,SUV,Buick,15089.0,Encore,GX,2021.0,9.63318,15261.89,-172.8896484375,172.8896484375,-1.15
26001,68699.0,13.0,0,0,0,0,0,0,6.0,False,baseline_value_here,Ford,16999.0,Mustang,Coupe,2014.0,9.882026,19574.336,-2575.3359375,2575.3359375,-15.15
22281,61500.0,5.0,0,0,0,0,0,0,0.0,False,Sedan,Tesla,26990.0,Model,3,2022.0,10.487418,35860.45,-8870.44921875,8870.44921875,-32.87
7804,34920.0,3.0,0,0,0,0,0,0,8.0,False,Pickup Truck,Chevrolet,45994.0,Silverado,1500,2024.0,10.867863,52461.96,-6467.9609375,6467.9609375,-14.06
33933,2600.0,2.0,0,0,0,0,0,1,6.0,False,SUV,Land,114999.0,Rover,Range Rover Sport,2025.0,11.430984,92131.55,22867.453125,22867.453125,19.88
13658,77130.0,5.0,0,0,0,0,0,0,6.0,False,SUV,Jeep,40999.0,Wrangler,Unlimited,2022.0,10.5313835,37472.285,3526.71484375,3526.71484375,8.6
38009,96009.0,10.0,0,0,0,0,0,0,4.0,False,Sedan,Toyota,18999.0,Corolla,Sedan,2017.0,9.695913,16250.059,2748.94140625,2748.94140625,14.47
12204,21345.0,2.0,0,0,0,0,0,1,4.0,False,Sedan,Hyundai,29995.0,Elantra,Hybrid,2025.0,10.40382,32984.39,-2989.390625,2989.390625,-9.97
14784,77242.0,10.0,0,0,0,0,0,0,6.0,False,SUV,Land,34888.0,Rover,Range Rover Sport,2017.0,10.16285,25921.08,8966.919921875,8966.919921875,25.7
30074,179234.0,16.0,0,0,0,0,0,0,6.0,False,Coupe,Hyundai,8999.0,Genesis,Coupe,2011.0,8.466821,4753.376,4245.6240234375,4245.6240234375,47.18
22710,215471.0,12.0,0,0,0,0,1,0,4.0,False,SUV,Toyota,11990.0,RAV,4,2015.0,9.298446,10920.031,1069.96875,1069.96875,8.92
10915,11048.0,2.0,0,0,0,0,0,0,4.0,False,SUV,Genesis,89995.0,GV80,Coupe,2025.0,10.692985,44044.77,45950.23046875,45950.23046875,51.06
35214,18080.0,3.0,0,0,0,0,0,0,4.0,False,Sedan,Honda,29995.0,Civic,Hatchback,2024.0,10.304753,29873.283,121.716796875,121.716796875,0.41
15030,133300.0,5.0,0,0,0,0,0,0,4.0,False,SUV,Land,52790.0,Rover,Range Rover,2022.0,10.610382,40552.69,12237.30859375,12237.30859375,23.18
14826,63000.0,9.0,0,0,0,0,0,0,6.0,False,SUV,Land,39988.0,Rover,Range Rover Sport,2018.0,10.450457,34559.152,5428.84765625,5428.84765625,13.58
35072,96444.0,13.0,0,0,0,0,1,0,4.0,False,Sedan,Nissan,6997.0,Versa,Note,2014.0,8.972089,7879.0444,-882.04443359375,882.04443359375,-12.61
22764,321902.0,5.0,0,0,0,0,0,0,4.0,False,Sedan,Toyota,9888.0,Corolla,Sedan,2022.0,9.902883,19986.904,-10098.904296875,10098.904296875,-102.13
14727,118827.0,5.0,0,0,0,0,0,1,6.0,False,SUV,Land,41999.0,Rover,Range Rover Sport,2022.0,10.852743,51674.71,-9675.7109375,9675.7109375,-23.04
6285,75489.0,5.0,0,0,0,0,0,0,4.0,False,SUV,Buick,23487.0,Encore,GX,2022.0,10.05937,23372.777,114.22265625,114.22265625,0.49
16175,81000.0,5.0,0,0,0,0,0,0,6.0,False,SUV,Lincoln,72700.0,Navigator,L,2022.0,11.060411,63601.715,9098.28515625,9098.28515625,12.51
22251,60944.0,4.0,0,0,0,0,0,0,0.0,False,Sedan,Tesla,72900.0,Model,S,2023.0,10.547516,38081.72,34818.28125,34818.28125,47.76
23727,245712.0,10.0,0,0,0,0,1,0,4.0,False,Hatchback,Volkswagen,7990.0,Golf,Standard Model,2017.0,8.792941,6586.5786,1403.42138671875,1403.42138671875,17.56
30748,203295.0,14.0,0,0,0,0,0,0,4.0,False,Sedan,Mercedes-Benz,7999.0,C-Class,Sedan,2013.0,9.15069,9419.939,-1420.939453125,1420.939453125,-17.76
9364,9264.0,3.0,0,0,0,0,0,0,4.0,False,SUV,Ford,34795.0,Bronco,Sport,2024.0,10.565039,38754.914,-3959.9140625,3959.9140625,-11.38
22893,17611.0,2.0,0,0,0,0,0,1,4.0,False,Sedan,Toyota,33995.0,Corolla,Sedan,2025.0,10.495002,36133.44,-2138.44140625,2138.44140625,-6.29
30111,147340.0,11.0,0,0,0,0,0,0,6.0,False,SUV,Jeep,22995.0,Wrangler,Unlimited,2016.0,9.656018,15614.483,7380.5166015625,7380.5166015625,32.1
17614,86162.0,9.0,0,0,0,0,1,0,4.0,False,Sedan,Mazda,15990.0,Mazda3,Sport,2018.0,9.750897,17168.63,-1178.630859375,1178.630859375,-7.37
2270,181000.0,12.0,0,0,0,0,0,0,4.0,False,Sedan,Honda,9995.0,Accord,Sedan,2015.0,9.201692,9912.886,82.1142578125,82.1142578125,0.82
13440,235737.0,14.0,0,0,0,0,0,0,6.0,False,SUV,Jeep,4900.0,Grand,Cherokee,2013.0,9.0435295,8462.597,-3562.5966796875,3562.5966796875,-72.71
24729,28077.0,2.0,0,0,0,0,0,1,4.0,False,SUV,Volvo,65980.0,XC60,Plug-in Hybrid,2025.0,11.126434,67942.67,-1962.671875,1962.671875,-2.97
28803,14153.0,1.0,0,0,0,0,0,0,4.0,False,SUV,Land,68995.0,Rover,Range Rover Velar,2026.0,11.112144,66978.67,2016.328125,2016.328125,2.92
21123,43613.0,3.0,0,0,0,0,0,0,6.0,False,Van,RAM,45995.0,ProMaster,Cargo Van,2024.0,10.739756,46153.773,-158.7734375,158.7734375,-0.35
37352,64000.0,11.0,0,1,0,0,0,0,4.0,False,Hatchback,Volkswagen,12690.0,Golf,SportWagen,2016.0,9.771122,17519.414,-4829.4140625,4829.4140625,-38.06
26320,329692.0,15.0,0,0,0,0,0,0,6.0,False,Sedan,Cadillac,1999.0,CTS,Sedan,2012.0,8.418839,4530.641,-2531.64111328125,2531.64111328125,-126.65
11992,161641.0,10.0,0,0,0,0,1,0,4.0,False,Sedan,Hyundai,7990.0,Elantra,GT,2017.0,9.180337,9703.422,-1713.421875,1713.421875,-21.44
29394,95136.0,6.0,0,0,0,0,0,0,6.0,False,SUV,Jeep,32995.0,Grand,Cherokee L,2021.0,10.40832,33133.17,-138.171875,138.171875,-0.42
38513,60000.0,2.0,0,0,0,0,0,0,4.0,False,Sedan,Toyota,29991.0,Corolla,Sedan,2025.0,10.277477,29069.443,921.556640625,921.556640625,3.07
21204,79720.0,4.0,0,0,0,0,0,0,6.0,False,Van,RAM,39588.0,ProMaster,Cargo Van,2023.0,10.522097,37125.883,2462.1171875,2462.1171875,6.22
27444,49049.0,2.0,1,0,0,0,0,0,4.0,False,SUV,Toyota,34990.0,RAV,4,2025.0,10.57301,39065.1,-4075.1015625,4075.1015625,-11.65
29143,84287.0,3.0,0,0,0,0,0,1,4.0,False,SUV,Toyota,35999.0,RAV,4 Hybrid,2024.0,10.573583,39087.465,-3088.46484375,3088.46484375,-8.58
22888,34943.0,2.0,0,0,0,0,0,0,4.0,False,SUV,Toyota,34599.0,RAV,4,2025.0,10.608261,40466.77,-5867.76953125,5867.76953125,-16.96
33275,18147.0,3.0,0,0,0,0,0,1,4.0,False,Sedan,Toyota,33452.0,Corolla,Sedan,2024.0,10.448101,34477.84,-1025.83984375,1025.83984375,-3.07
26647,31610.0,5.0,0,0,0,0,0,1,4.0,False,SUV,Hyundai,31995.0,Tucson,Hybrid,2022.0,10.41361,33308.918,-1313.91796875,1313.91796875,-4.11
11849,32098.0,6.0,0,0,0,0,0,0,4.0,False,SUV,Hyundai,26906.0,Santa,Fe,2021.0,10.256133,28455.533,-1549.533203125,1549.533203125,-5.76
31953,300.0,1.0,0,0,0,0,0,1,4.0,False,Sedan,Honda,37370.0,Civic,Sedan,2026.0,10.593262,39864.31,-2494.30859375,2494.30859375,-6.67
6266,131669.0,6.0,0,0,0,0,0,0,4.0,False,SUV,Buick,16450.0,Encore,GX,2021.0,9.883728,19607.688,-3157.6875,3157.6875,-19.2
8020,36151.0,3.0,1,0,0,0,0,0,8.0,False,Pickup Truck,Chevrolet,39995.0,Silverado,1500,2024.0,10.864375,52279.312,-12284.3125,12284.3125,-30.71
14918,83439.0,4.0,0,0,0,0,0,0,6.0,False,SUV,Land,58995.0,Rover,Defender,2023.0,11.024249,61342.78,-2347.78125,2347.78125,-3.98
25080,49417.0,8.0,0,0,0,0,0,0,4.0,False,Coupe,Mercedes-Benz,27888.0,C-Class,Coupe,2019.0,10.460945,34923.543,-7035.54296875,7035.54296875,-25.23
2167,152681.0,16.0,0,0,0,0,0,0,4.0,False,Sedan,Mercedes-Benz,7349.0,C-Class,Sedan,2011.0,9.242539,10326.23,-2977.23046875,2977.23046875,-40.51
2496,203000.0,9.0,0,0,0,0,0,0,8.0,False,Pickup Truck,Chevrolet,16900.0,Silverado,1500,2018.0,9.876001,19456.762,-2556.76171875,2556.76171875,-15.13
26219,102351.0,11.0,0,0,0,0,0,0,4.0,True,Coupe,Volkswagen,14898.0,Beetle,Coupe,2016.0,9.755917,17255.023,-2357.0234375,2357.0234375,-15.82
14787,46303.0,4.0,1,0,0,0,0,0,6.0,False,SUV,Land,44500.0,Rover,Range Rover Velar,2023.0,11.19975,73111.16,-28611.15625,28611.15625,-64.29
22794,13607.0,2.0,0,0,0,0,0,1,6.0,False,Pickup Truck,Toyota,69495.0,Tundra,Hybrid,2025.0,11.202992,73348.61,-3853.609375,3853.609375,-5.55
22819,247674.0,9.0,0,1,0,0,0,0,4.0,False,SUV,Toyota,13499.0,RAV,4,2018.0,9.741165,17002.342,-3503.341796875,3503.341796875,-25.95
2058,175635.0,20.0,0,0,0,0,0,0,4.0,False,Coupe,Honda,3900.0,Civic,Coupe,2007.0,8.820959,6773.7593,-2873.75927734375,2873.75927734375,-73.69
22420,216279.0,11.0,0,0,0,0,0,0,0.0,False,Sedan,Tesla,17950.0,Model,S,2016.0,9.867347,19289.09,-1339.08984375,1339.08984375,-7.46
9268,37954.0,2.0,0,0,0,0,0,0,4.0,False,baseline_value_here,Ford,42900.0,Mustang,Convertible,2025.0,10.537291,37694.297,5205.703125,5205.703125,12.13
1209,15755.0,3.0,0,0,0,0,0,1,4.0,False,SUV,Hyundai,37965.0,Tucson,Hybrid,2024.0,10.643648,41924.44,-3959.44140625,3959.44140625,-10.43
17761,17577.0,5.0,0,0,0,0,0,0,4.0,False,Sedan,Mazda,24317.0,Mazda3,Sport,2022.0,10.182288,26429.877,-2112.876953125,2112.876953125,-8.69
22257,82148.0,4.0,0,0,0,0,0,0,0.0,False,Sedan,Tesla,34999.0,Model,3,2023.0,10.509221,36650.918,-1651.91796875,1651.91796875,-4.72
27786,106707.0,11.0,0,0,0,0,0,0,4.0,False,Hatchback,Ford,8999.0,Fiesta,Hatchback,2016.0,9.540853,13915.808,-4916.8076171875,4916.8076171875,-54.64
7285,91008.0,12.0,0,0,0,0,0,0,6.0,False,Coupe,Cadillac,11995.0,ATS,Sedan,2015.0,9.649157,15507.702,-3512.7021484375,3512.7021484375,-29.28
23745,119900.0,11.0,0,1,0,0,0,0,4.0,False,Sedan,Volkswagen,11500.0,Jetta,Sedan,2016.0,9.439412,12573.322,-1073.322265625,1073.322265625,-9.33
13483,48079.0,5.0,0,1,0,0,0,0,6.0,False,SUV,Jeep,46299.0,Grand,Cherokee L,2022.0,10.68385,43644.273,2654.7265625,2654.7265625,5.73
38781,140000.0,8.0,0,0,0,0,0,0,4.0,False,Sedan,Mazda,17490.0,Mazda3,Sport,2019.0,9.728474,16787.908,702.091796875,702.091796875,4.01
37814,58000.0,2.0,0,0,0,0,0,0,4.0,False,SUV,Volkswagen,40900.0,Atlas,Cross Sport,2025.0,10.617167,40828.8,71.19921875,71.19921875,0.17
6471,103694.0,7.0,1,0,0,0,0,0,4.0,False,SUV,Buick,17995.0,Encore,GX,2020.0,9.9474,20896.818,-2901.818359375,2901.818359375,-16.13
1219,26722.0,2.0,1,0,0,0,0,1,6.0,False,SUV,Mazda,52595.0,CX-90,PHEV,2025.0,10.865519,52339.125,255.875,255.875,0.49
33117,38885.0,4.0,0,0,0,0,0,0,4.0,False,Sedan,Honda,28591.0,Civic,Sedan,2023.0,10.24085,28023.95,567.05078125,567.05078125,1.98
2409,56879.0,4.0,0,0,0,0,0,0,4.0,True,Sedan,Volkswagen,27888.0,Jetta,GLI,2023.0,10.303736,29842.9,-1954.900390625,1954.900390625,-7.01
27973,311087.0,9.0,0,0,1,1,0,0,4.0,False,Sedan,Toyota,10980.0,Corolla,Sedan,2018.0,9.483927,13145.709,-2165.708984375,2165.708984375,-19.72
10043,85467.0,2.0,0,0,0,0,0,0,8.0,False,SUV,GMC,79998.0,Yukon,XL,2025.0,11.168284,70846.46,9151.5390625,9151.5390625,11.44
28274,13500.0,3.0,0,0,0,0,0,0,4.0,False,Coupe,Porsche,129900.0,Cayman,718,2024.0,11.414735,90646.61,39253.390625,39253.390625,30.22
2804,147000.0,14.0,0,0,0,0,0,0,4.0,False,Sedan,Mercedes-Benz,8995.0,C-Class,Sedan,2013.0,9.536216,13851.428,-4856.427734375,4856.427734375,-53.99
22499,94821.0,5.0,0,0,0,0,0,0,0.0,False,Sedan,Tesla,27888.0,Model,3,2022.0,10.432356,33939.215,-6051.21484375,6051.21484375,-21.7
36187,140517.0,6.0,0,0,0,0,0,0,4.0,False,Sedan,Honda,17900.0,Civic,Sedan,2021.0,9.916277,20256.43,-2356.4296875,2356.4296875,-13.16
33166,96000.0,7.0,0,0,0,0,0,0,4.0,False,Sedan,Audi,23950.0,A4,Sedan,2020.0,10.141979,25385.662,-1435.662109375,1435.662109375,-5.99
33318,90892.0,4.0,0,0,0,0,0,0,0.0,False,Pickup Truck,Ford,69995.0,F-150,Lightning,2023.0,10.690134,43919.395,26075.60546875,26075.60546875,37.25
8900,155399.0,8.0,0,0,0,0,0,0,6.0,False,Minivan,Dodge,12499.0,Grand,Caravan,2019.0,9.657842,15642.983,-3143.9833984375,3143.9833984375,-25.15
23438,81000.0,4.0,0,0,0,0,0,0,4.0,False,SUV,Volkswagen,34450.0,Atlas,Cross Sport,2023.0,10.388538,32484.15,1965.849609375,1965.849609375,5.71
22330,131180.0,5.0,0,0,0,0,0,0,0.0,False,Sedan,Tesla,32880.0,Model,Y,2022.0,10.332476,30713.055,2166.9453125,2166.9453125,6.59
36813,25555.0,3.0,0,0,0,0,0,0,4.0,True,Hatchback,Volkswagen,49995.0,Golf,R,2024.0,10.670648,43071.83,6923.171875,6923.171875,13.85
29561,1123.0,1.0,0,0,0,0,0,0,4.0,False,SUV,Ford,37149.0,Bronco,Sport,2026.0,10.705636,44605.55,-7456.55078125,7456.55078125,-20.07
15229,18950.0,2.0,0,0,0,0,0,0,4.0,False,SUV,Land,55000.0,Rover,Discovery Sport,2025.0,11.115189,67182.875,-12182.875,12182.875,-22.15
26655,37408.0,4.0,0,0,0,0,0,1,4.0,False,SUV,Toyota,48998.0,RAV,4,2023.0,10.680364,43492.363,5505.63671875,5505.63671875,11.24
29650,92032.0,4.0,0,0,0,0,0,1,4.0,False,SUV,Kia,27995.0,Sportage,Hybrid,2023.0,10.293311,29533.404,-1538.404296875,1538.404296875,-5.5
29731,78078.0,7.0,0,0,0,0,0,0,6.0,False,SUV,Jeep,29992.0,Grand,Cherokee,2020.0,10.409963,33187.633,-3195.6328125,3195.6328125,-10.65
38489,101350.0,4.0,0,0,0,0,0,0,6.0,False,SUV,Jeep,32791.0,Grand,Cherokee,2023.0,10.558066,38485.637,-5694.63671875,5694.63671875,-17.37
3111,88806.0,6.0,0,0,0,0,0,0,6.0,False,Hatchback,Audi,40698.0,S5,Sportback,2021.0,10.4969635,36204.4,4493.6015625,4493.6015625,11.04
312,29076.0,3.0,0,0,0,0,0,1,4.0,False,SUV,Honda,40288.0,CR-V,Hybrid,2024.0,10.651848,42269.633,-1981.6328125,1981.6328125,-4.92
2908,110607.0,12.0,0,0,0,0,0,0,4.0,False,Sedan,Honda,12495.0,Civic,Sedan,2015.0,9.413964,12257.37,237.6298828125,237.6298828125,1.9
13423,53200.0,9.0,0,0,0,0,0,0,6.0,False,SUV,Jeep,99777.0,Grand,Cherokee,2018.0,10.337564,30869.752,68907.248046875,68907.248046875,69.06
27674,300.0,1.0,0,0,0,0,0,1,4.0,False,SUV,Honda,49340.0,CR-V,Hybrid,2026.0,10.881476,53181.06,-3841.05859375,3841.05859375,-7.78
34663,150000.0,8.0,0,0,0,0,0,0,4.0,False,Hatchback,Toyota,16000.0,Corolla,Hatchback 5-Door,2019.0,9.701732,16344.889,-344.888671875,344.888671875,-2.16
33353,99884.0,7.0,0,0,0,0,0,0,4.0,False,Wagon,Mercedes-Benz,28910.0,C-Class,Sedan,2020.0,10.318694,30292.672,-1382.671875,1382.671875,-4.78
30406,103027.0,11.0,0,1,0,0,0,0,4.0,False,SUV,Hyundai,16590.0,Santa,Fe XL,2016.0,9.609738,14908.269,1681.7314453125,1681.7314453125,10.14
4432,119000.0,5.0,0,0,0,0,0,0,6.0,False,Hatchback,Audi,40888.0,S5,Sportback,2022.0,10.466817,35129.215,5758.78515625,5758.78515625,14.08
2043,232000.0,13.0,0,0,0,0,0,0,4.0,False,SUV,Hyundai,5998.0,Santa,Fe Sport,2014.0,8.873154,7136.756,-1138.755859375,1138.755859375,-18.99
33747,105139.0,5.0,0,0,0,0,0,0,4.0,False,SUV,Toyota,29995.0,RAV,4,2022.0,10.304764,29873.598,121.40234375,121.40234375,0.4
8733,255251.0,10.0,0,0,0,0,1,0,6.0,False,Minivan,Dodge,7490.0,Grand,Caravan,2017.0,8.933441,7580.309,-90.30908203125,90.30908203125,-1.21
30099,235000.0,12.0,0,0,0,0,0,0,6.0,False,SUV,Jeep,12980.0,Wrangler,Unlimited,2015.0,9.184717,9746.022,3233.9775390625,3233.9775390625,24.92
22586,44500.0,5.0,1,0,0,0,0,0,0.0,False,Sedan,Tesla,29990.0,Model,3,2022.0,10.5313425,37470.746,-7480.74609375,7480.74609375,-24.94
27907,38000.0,3.0,0,0,0,0,0,0,0.0,False,SUV,GMC,89888.0,HUMMER,EV Pickup,2024.0,11.219135,74542.29,15345.7109375,15345.7109375,17.07
38466,134836.0,6.0,0,0,0,0,0,1,4.0,False,SUV,Toyota,32995.0,RAV,4 Hybrid,2021.0,10.306504,29925.637,3069.36328125,3069.36328125,9.3
38511,99500.0,9.0,0,0,0,0,0,0,6.0,False,Minivan,Dodge,17491.0,Grand,Caravan,2018.0,9.810874,18229.914,-738.9140625,738.9140625,-4.22
9007,289289.0,8.0,0,0,0,0,0,0,6.0,False,Minivan,Dodge,6000.0,Grand,Caravan,2019.0,9.009335,8178.0767,-2178.07666015625,2178.07666015625,-36.3
728,110000.0,10.0,0,0,0,0,0,0,4.0,True,Sedan,Honda,19888.0,Civic,Coupe,2017.0,9.752032,17188.127,2699.873046875,2699.873046875,13.58
11322,56145.0,3.0,0,0,0,0,1,1,4.0,False,SUV,Honda,39999.0,CR-V,Hybrid,2024.0,10.594818,39926.402,72.59765625,72.59765625,0.18
38077,59578.0,2.0,0,0,1,0,0,1,6.0,False,SUV,Mazda,47888.0,CX-70,MHEV,2025.0,10.821446,50082.477,-2194.4765625,2194.4765625,-4.58
29643,309423.0,18.0,0,0,0,0,0,0,4.0,False,SUV,Hyundai,5000.0,Santa,Fe,2009.0,7.646704,2092.7336,2907.266357421875,2907.266357421875,58.15
273,120105.0,7.0,0,0,0,0,0,1,4.0,False,SUV,Toyota,34895.0,Highlander,Hybrid,2020.0,10.301338,29771.434,5123.56640625,5123.56640625,14.68
26855,81043.0,11.0,0,0,0,0,0,1,4.0,False,Hatchback,Toyota,14999.0,Prius,c,2016.0,9.748041,17119.66,-2120.66015625,2120.66015625,-14.14
18739,106935.0,8.0,0,0,0,0,0,0,4.0,False,Coupe,Mercedes-Benz,22988.0,C-Class,Sedan,2019.0,10.20693,27089.277,-4101.27734375,4101.27734375,-17.84
13546,38696.0,3.0,0,0,0,0,0,1,4.0,False,SUV,Jeep,45988.0,Wrangler,4xe,2024.0,10.66668,42901.285,3086.71484375,3086.71484375,6.71
37134,20130.0,3.0,0,0,0,0,0,1,4.0,False,SUV,Toyota,47995.0,RAV,4 Hybrid,2024.0,10.760371,47115.156,879.84375,879.84375,1.83
37825,60097.0,5.0,0,0,0,0,0,0,4.0,False,SUV,Toyota,29888.0,RAV,4,2022.0,10.417232,33429.754,-3541.75390625,3541.75390625,-11.85
31227,27000.0,13.0,0,0,0,0,0,0,8.0,True,Coupe,Chevrolet,67000.0,Corvette,Stingray,2014.0,11.455041,94374.89,-27374.890625,27374.890625,-40.86
18701,140026.0,9.0,0,0,0,0,0,0,6.0,False,Coupe,Mercedes-Benz,26888.0,C-Class,Coupe,2018.0,10.068621,23590.002,3297.998046875,3297.998046875,12.27
21092,74.0,2.0,0,0,0,0,0,0,6.0,False,Van,RAM,47998.0,ProMaster,Cargo Van,2025.0,10.896853,54005.164,-6007.1640625,6007.1640625,-12.52
30927,44505.0,5.0,0,0,0,0,0,0,4.0,False,Sedan,Honda,25448.0,Civic,Sedan,2022.0,10.176754,26284.008,-836.0078125,836.0078125,-3.29
22898,123000.0,5.0,0,0,0,0,0,0,4.0,False,SUV,Toyota,33450.0,RAV,4,2022.0,10.234958,27859.291,5590.708984375,5590.708984375,16.71
34944,79246.0,5.0,0,0,1,0,0,0,4.0,False,Sedan,Toyota,23888.0,Corolla,Sedan,2022.0,10.097411,24279.07,-391.0703125,391.0703125,-1.64
4657,129000.0,8.0,0,0,0,0,0,0,6.0,False,Coupe,Audi,25988.0,A5,Sportback,2019.0,10.197875,26845.078,-857.078125,857.078125,-3.3
10185,46958.0,3.0,0,0,0,0,0,0,8.0,False,Pickup Truck,GMC,54900.0,Sierra,1500,2024.0,10.95594,57292.375,-2392.375,2392.375,-4.36
8014,24887.0,3.0,1,0,0,0,0,0,8.0,False,Pickup Truck,Chevrolet,40995.0,Silverado,1500,2024.0,10.869164,52530.3,-11535.30078125,11535.30078125,-28.14
4943,90.0,0.0,0,0,0,0,0,0,0.0,False,SUV,Audi,99495.0,Q6,e-tron,2027.0,11.503897,99100.19,394.8125,394.8125,0.4
10740,8274.0,2.0,0,0,0,0,0,0,4.0,False,SUV,Genesis,89888.0,GV80,Coupe,2025.0,10.697928,44263.062,45624.9375,45624.9375,50.76
27677,7068.0,2.0,0,0,0,0,0,0,4.0,False,SUV,Ford,35995.0,Bronco,Sport,2025.0,10.618877,40898.676,-4903.67578125,4903.67578125,-13.62
13426,169896.0,7.0,0,0,0,0,0,0,6.0,False,SUV,Jeep,19995.0,Grand,Cherokee,2020.0,10.1122675,24642.477,-4647.4765625,4647.4765625,-23.24
35569,47132.0,3.0,0,0,0,0,0,0,4.0,False,Sedan,Toyota,33500.0,Corolla,Cross,2024.0,10.264119,28683.7,4816.30078125,4816.30078125,14.38
37188,81547.0,8.0,0,0,0,0,0,0,6.0,False,SUV,Jeep,30888.0,Grand,Cherokee,2019.0,10.231005,27749.377,3138.623046875,3138.623046875,10.16
14873,130342.0,9.0,0,0,0,0,0,0,6.0,False,SUV,Land,11888.0,Rover,Discovery Sport,2018.0,10.127412,25018.525,-13130.525390625,13130.525390625,-110.45
21135,80000.0,15.0,0,0,1,0,0,0,6.0,False,Van,RAM,12888.0,Cargo,Van,2012.0,9.696006,16251.562,-3363.5615234375,3363.5615234375,-26.1
23064,60706.0,5.0,0,0,0,0,0,0,4.0,False,SUV,Toyota,30995.0,RAV,4,2022.0,10.417232,33429.754,-2434.75390625,2434.75390625,-7.86
24576,41911.0,2.0,0,0,0,0,0,0,0.0,False,SUV,Volvo,79488.0,XC90,Plug-in Hybrid,2025.0,11.1930275,72621.31,6866.6875,6866.6875,8.64
11978,32222.0,2.0,1,0,0,0,0,1,4.0,False,SUV,Hyundai,45913.0,Tucson,Plug-In Hybrid,2025.0,10.61105,40579.773,5333.2265625,5333.2265625,11.62
7330,100000.0,5.0,0,0,0,0,0,0,8.0,False,SUV,Cadillac,79000.0,Escalade,ESV,2022.0,11.243127,76352.33,2647.671875,2647.671875,3.35
7689,25.0,2.0,0,0,0,0,0,0,6.0,False,Van,Chevrolet,53703.0,Express,2500,2025.0,10.889914,53631.664,71.3359375,71.3359375,0.13
35802,217600.0,10.0,0,0,0,0,0,0,4.0,False,Sedan,Honda,18000.0,Civic,Sedan,2017.0,9.280964,10730.771,7269.228515625,7269.228515625,40.38
6595,56817.0,3.0,0,0,0,0,0,0,4.0,False,SUV,Buick,29489.0,Encore,GX,2024.0,10.270709,28873.354,615.646484375,615.646484375,2.09
30996,92627.0,7.0,1,0,0,0,0,0,4.0,False,Wagon,Mercedes-Benz,39990.0,C-Class,Sedan,2020.0,10.331843,30693.64,9296.359375,9296.359375,23.25
11360,39004.0,3.0,0,0,0,0,0,1,4.0,False,SUV,Honda,40700.0,CR-V,Hybrid,2024.0,10.651826,42268.703,-1568.703125,1568.703125,-3.85
33534,8535.0,2.0,0,0,0,0,0,0,4.0,False,Sedan,Toyota,28123.0,Corolla,Sedan,2025.0,10.406828,33083.758,-4960.7578125,4960.7578125,-17.64
36988,212129.0,10.0,0,0,0,0,0,0,8.0,False,Pickup Truck,GMC,14800.0,Sierra,1500,2017.0,9.877059,19477.352,-4677.3515625,4677.3515625,-31.6
14900,122461.0,11.0,0,0,0,0,0,0,6.0,False,SUV,Land,12988.0,Rover,Range Rover Evoque,2016.0,9.778279,17645.264,-4657.263671875,4657.263671875,-35.86
22587,113249.0,5.0,0,1,1,0,0,0,0.0,False,Sedan,Tesla,24990.0,Model,3,2022.0,10.360584,31588.633,-6598.6328125,6598.6328125,-26.41
26610,134000.0,6.0,0,0,0,0,0,0,6.0,False,SUV,Jeep,24500.0,Grand,Cherokee,2021.0,10.273611,28957.27,-4457.26953125,4457.26953125,-18.19
8311,60698.0,4.0,0,0,0,0,0,0,6.0,False,Minivan,Chrysler,31594.0,Grand,Caravan,2023.0,10.489517,35935.805,-4341.8046875,4341.8046875,-13.74
13332,81722.0,6.0,0,0,0,0,0,0,6.0,False,SUV,Jeep,39999.0,Grand,Cherokee L,2021.0,10.44705,34441.62,5557.37890625,5557.37890625,13.89
19268,62379.0,4.0,0,0,0,0,0,0,0.0,False,SUV,Mitsubishi,36495.0,Outlander,Plug-In Hybrid,2023.0,10.46799,35170.45,1324.55078125,1324.55078125,3.63
785,154585.0,9.0,0,0,0,0,0,0,6.0,False,SUV,Jeep,19181.0,Grand,Cherokee,2018.0,9.917141,20273.941,-1092.94140625,1092.94140625,-5.7
19507,85899.0,4.0,0,0,0,0,0,0,4.0,False,Coupe,Mitsubishi,23995.0,Eclipse,Cross,2023.0,10.098704,24310.49,-315.490234375,315.490234375,-1.31
28838,10722.0,2.0,0,0,1,0,0,0,4.0,False,SUV,Toyota,43994.0,RAV,4,2025.0,10.710022,44801.625,-807.625,807.625,-1.84
8953,213371.0,11.0,0,0,0,0,0,0,6.0,False,Minivan,Dodge,4995.0,Grand,Caravan,2016.0,8.961339,7794.789,-2799.7890625,2799.7890625,-56.05
2533,81671.0,5.0,0,0,0,0,0,0,4.0,False,SUV,Hyundai,28521.0,Santa,Fe,2022.0,10.166597,26018.39,2502.609375,2502.609375,8.77
34808,49649.0,3.0,0,0,0,0,0,0,4.0,False,SUV,Ford,31995.0,Bronco,Sport,2024.0,10.425018,33691.09,-1696.08984375,1696.08984375,-5.3
26165,40201.0,4.0,0,0,0,0,0,0,4.0,False,Sedan,Honda,27888.0,Accord,Sedan,2023.0,10.24085,28023.95,-135.94921875,135.94921875,-0.49
36742,140000.0,4.0,0,0,0,0,0,0,6.0,False,Van,Ford,37988.0,Transit,Cargo Van,2023.0,10.381289,32249.49,5738.509765625,5738.509765625,15.11
28323,98423.0,5.0,0,0,0,0,0,0,6.0,False,SUV,Audi,43995.0,SQ5,Sportback,2022.0,10.653846,42354.17,1640.828125,1640.828125,3.73
22510,144721.0,8.0,0,0,0,0,0,0,0.0,False,Sedan,Tesla,21888.0,Model,3,2019.0,10.026402,22614.764,-726.763671875,726.763671875,-3.32
2006,208742.0,5.0,0,0,1,0,0,0,0.0,False,SUV,Hyundai,14499.0,Kona,Electric,2022.0,9.817171,18345.078,-3846.078125,3846.078125,-26.53
22408,71881.0,5.0,0,0,0,0,0,0,0.0,False,Sedan,Tesla,32988.0,Model,3,2022.0,10.482888,35698.367,-2710.3671875,2710.3671875,-8.22
27699,63610.0,3.0,0,0,0,0,0,0,8.0,False,Pickup Truck,GMC,51498.0,Sierra,1500,2024.0,10.866107,52369.934,-871.93359375,871.93359375,-1.69
38340,39993.0,3.0,0,0,0,0,0,1,4.0,False,SUV,Hyundai,50706.0,Santa,Fe Hybrid,2024.0,10.5833,39469.137,11236.86328125,11236.86328125,22.16
10322,27479.0,3.0,0,0,0,0,0,0,8.0,False,Pickup Truck,GMC,44988.0,Sierra,1500,2024.0,10.977471,58539.34,-13551.33984375,13551.33984375,-30.12
22237,96400.0,4.0,0,1,0,0,0,0,0.0,False,Sedan,Tesla,39388.0,Model,Y,2023.0,10.492843,36055.508,3332.4921875,3332.4921875,8.46
11014,80945.0,7.0,0,0,0,0,0,0,4.0,False,Sedan,Honda,21990.0,Civic,Coupe,2020.0,9.988917,21782.701,207.298828125,207.298828125,0.94
7813,29866.0,3.0,0,0,0,0,0,0,8.0,False,Pickup Truck,Chevrolet,42786.0,Silverado,1500,2024.0,10.869947,52571.445,-9785.4453125,9785.4453125,-22.87
19250,10913.0,2.0,0,0,1,0,1,0,4.0,False,Coupe,Mitsubishi,29488.0,Eclipse,Cross,2025.0,10.425714,33714.52,-4226.51953125,4226.51953125,-14.33
1037,63600.0,14.0,0,0,0,0,0,0,4.0,False,Sedan,Mercedes-Benz,18888.0,C-Class,Sedan,2013.0,9.81242,18258.12,629.880859375,629.880859375,3.33
2281,36980.0,5.0,0,0,0,0,0,0,4.0,False,SUV,Toyota,34795.0,RAV,4,2022.0,10.474299,35393.066,-598.06640625,598.06640625,-1.72
22332,97390.0,5.0,0,0,0,0,0,0,0.0,False,Sedan,Tesla,34980.0,Model,Y,2022.0,10.431809,33920.67,1059.328125,1059.328125,3.03
30471,150000.0,10.0,0,0,0,0,0,0,4.0,False,Sedan,Honda,15499.0,Civic,Sedan,2017.0,9.572137,14358.067,1140.9326171875,1140.9326171875,7.36
30758,69846.0,4.0,0,0,0,0,0,0,4.0,False,Sedan,Toyota,24987.0,Corolla,Sedan,2023.0,10.177687,26308.535,-1321.53515625,1321.53515625,-5.29
37661,35213.0,2.0,0,0,0,0,0,1,4.0,False,SUV,Toyota,47998.0,RAV,4 Hybrid,2025.0,10.763007,47239.516,758.484375,758.484375,1.58
22713,310096.0,11.0,0,0,0,0,1,0,4.0,False,Sedan,Toyota,7990.0,Corolla,Sedan,2016.0,9.133083,9255.519,-1265.5185546875,1265.5185546875,-15.84
14838,51893.0,5.0,0,1,0,0,0,0,4.0,False,SUV,Land,69999.0,Rover,Range Rover,2022.0,10.896404,53980.91,16018.08984375,16018.08984375,22.88
28069,190608.0,13.0,0,0,0,0,0,0,4.0,False,Sedan,Honda,8000.0,Civic,Sedan,2014.0,9.216335,10059.129,-2059.12890625,2059.12890625,-25.74
26470,58608.0,4.0,0,0,0,0,0,0,6.0,False,SUV,Land,36995.0,Rover,Discovery Sport,2023.0,11.18308,71902.46,-34907.4609375,34907.4609375,-94.36
19658,56298.0,3.0,0,0,0,0,0,0,4.0,False,Coupe,Mitsubishi,23488.0,Eclipse,Cross,2024.0,10.244075,28114.459,-4626.458984375,4626.458984375,-19.7
37422,180855.0,12.0,0,0,0,0,0,0,4.0,False,Sedan,Volkswagen,7999.0,Jetta,Sedan,2015.0,9.052792,8541.352,-542.3515625,542.3515625,-6.78
15022,47008.0,7.0,0,0,0,0,0,0,4.0,False,SUV,Land,27999.0,Rover,Range Rover Evoque,2020.0,10.583174,39464.168,-11465.16796875,11465.16796875,-40.95
26721,499.0,1.0,0,0,0,0,0,0,8.0,False,Coupe,Ford,44820.0,Mustang,Fastback,2026.0,11.106227,66583.49,-21763.4921875,21763.4921875,-48.56
1542,161289.0,6.0,0,0,0,0,0,0,4.0,False,SUV,Hyundai,17495.0,Santa,Fe,2021.0,9.772732,17547.64,-52.640625,52.640625,-0.3
33951,205000.0,16.0,0,0,0,0,0,0,4.0,False,Sedan,Toyota,7000.0,Corolla,Sedan,2011.0,8.782739,6519.711,480.2890625,480.2890625,6.86
29105,101652.0,10.0,0,0,0,0,0,0,6.0,False,Minivan,Dodge,16498.0,Grand,Caravan,2017.0,9.667033,15787.438,710.5615234375,710.5615234375,4.31
2941,179800.0,9.0,0,1,0,0,0,0,8.0,False,Pickup Truck,Chevrolet,25999.0,Silverado,1500,2018.0,10.100408,24351.934,1647.06640625,1647.06640625,6.34
34099,92061.0,4.0,0,0,0,0,0,1,4.0,False,Sedan,Toyota,25490.0,Corolla,Sedan,2023.0,10.278701,29105.035,-3615.03515625,3615.03515625,-14.18
26335,64000.0,5.0,1,0,0,0,0,0,4.0,False,Sedan,Mercedes-Benz,28770.0,A-Class,Sedan,2022.0,10.415978,33387.887,-4617.88671875,4617.88671875,-16.05
10393,4500.0,1.0,0,0,0,0,0,0,8.0,False,Pickup Truck,GMC,74208.0,Sierra,1500,2026.0,11.3075285,81431.4,-7223.3984375,7223.3984375,-9.73
31256,132650.0,8.0,0,0,0,0,0,1,4.0,False,Hatchback,Hyundai,14995.0,IONIQ,Hybrid,2019.0,9.634085,15275.71,-280.7099609375,280.7099609375,-1.87
130,4983.0,1.0,0,0,0,0,0,0,4.0,False,SUV,Land,69998.0,Rover,Range Rover Velar,2026.0,11.128817,68104.73,1893.2734375,1893.2734375,2.7
25638,84000.0,5.0,0,0,0,0,0,1,4.0,False,Sedan,Hyundai,21706.0,Elantra,Hybrid,2022.0,10.067887,23572.709,-1866.708984375,1866.708984375,-8.6
22255,2437.0,2.0,0,0,0,0,0,0,0.0,False,Sedan,Tesla,51990.0,Model,3,2025.0,10.976744,58496.758,-6506.7578125,6506.7578125,-12.52
11381,115157.0,5.0,0,0,0,0,0,0,4.0,False,Sedan,Honda,22900.0,Civic,Sedan,2022.0,10.038199,22883.14,16.859375,16.859375,0.07
23017,33620.0,5.0,0,0,0,0,0,0,4.0,False,Sedan,Toyota,23000.0,Corolla,Sedan,2022.0,10.171326,26141.71,-3141.7109375,3141.7109375,-13.66
37998,81367.0,3.0,0,0,0,0,0,0,6.0,False,Minivan,Chrysler,31995.0,Grand,Caravan,2024.0,10.387192,32440.436,-445.435546875,445.435546875,-1.39
27393,46434.0,3.0,1,0,0,0,1,0,4.0,False,Sedan,Toyota,30750.0,Corolla,Cross,2024.0,10.248261,28232.414,2517.5859375,2517.5859375,8.19
32197,28179.0,4.0,0,0,0,0,0,1,4.0,False,Sedan,Toyota,31919.0,Corolla,Sedan,2023.0,10.380861,32235.715,-316.71484375,316.71484375,-0.99
21986,146984.0,9.0,0,0,0,0,0,0,4.0,True,Sedan,Subaru,21999.0,WRX,STI,2018.0,9.946806,20884.406,1114.59375,1114.59375,5.07
14720,43440.0,4.0,0,0,0,0,0,0,6.0,False,SUV,Land,123900.0,Rover,Range Rover,2023.0,11.219825,74593.7,49306.296875,49306.296875,39.8
17689,50274.0,2.0,1,0,1,0,0,0,6.0,False,SUV,Mazda,40888.0,CX-70,MHEV,2025.0,10.733959,45887.01,-4999.01171875,4999.01171875,-12.23
2914,81625.0,4.0,0,0,0,0,0,0,6.0,False,Hatchback,Audi,49995.0,S5,Sportback,2023.0,10.667342,42929.688,7065.3125,7065.3125,14.13
8482,54237.0,5.0,0,0,0,0,0,0,6.0,False,Minivan,Chrysler,30980.0,Grand,Caravan,2022.0,10.440135,34204.27,-3224.26953125,3224.26953125,-10.41
34462,70986.0,8.0,0,0,0,0,0,0,8.0,False,Coupe,Mercedes-Benz,115988.0,AMG,GT,2019.0,10.796238,48835.73,67152.26953125,67152.26953125,57.9
31513,121064.0,8.0,0,0,0,0,0,0,8.0,False,Pickup Truck,Chevrolet,29988.0,Silverado,1500 LD,2019.0,10.274893,28994.41,993.58984375,993.58984375,3.31
6376,9674.0,3.0,0,0,0,0,0,0,4.0,False,SUV,Buick,29995.0,Encore,GX,2024.0,10.378808,32169.592,-2174.591796875,2174.591796875,-7.25
25454,17577.0,5.0,0,0,0,0,0,0,4.0,False,Sedan,Mazda,23778.0,Mazda3,Sport,2022.0,10.182288,26429.877,-2651.876953125,2651.876953125,-11.15
31961,95859.0,8.0,0,0,0,0,0,0,4.0,False,Sedan,Honda,18705.0,Civic,Sedan,2019.0,9.881601,19566.031,-861.03125,861.03125,-4.6
15020,114228.0,7.0,0,1,0,0,0,0,4.0,False,SUV,Land,29900.0,Rover,Range Rover Evoque,2020.0,10.334089,30762.656,-862.65625,862.65625,-2.89
8078,78026.0,4.0,0,0,0,0,0,0,8.0,False,Pickup Truck,Chevrolet,49995.0,Silverado,1500,2023.0,10.701288,44412.03,5582.96875,5582.96875,11.17
19093,100.0,2.0,0,0,0,0,0,0,4.0,False,Coupe,Mitsubishi,42289.0,Eclipse,Cross,2025.0,10.533915,37567.25,4721.75,4721.75,11.17
10306,18171.0,2.0,0,0,0,0,0,0,8.0,False,Pickup Truck,GMC,74698.0,Sierra,1500,2025.0,11.083657,65097.53,9600.46875,9600.46875,12.85
11008,100912.0,11.0,0,0,0,0,1,0,4.0,False,Sedan,Honda,14990.0,Civic,Sedan,2016.0,9.606943,14866.652,123.34765625,123.34765625,0.82
6513,49940.0,4.0,0,0,0,0,0,0,4.0,False,SUV,Buick,27500.0,Encore,GX,2023.0,10.18568,26519.688,980.3125,980.3125,3.56
2942,248507.0,11.0,0,0,0,0,0,0,8.0,False,Pickup Truck,GMC,9800.0,Sierra,1500,2016.0,9.698543,16292.843,-6492.8427734375,6492.8427734375,-66.25
26410,9824.0,1.0,0,0,0,0,0,0,8.0,False,Pickup Truck,GMC,99274.0,Sierra,1500,2026.0,11.272099,78596.766,20677.234375,20677.234375,20.83
11070,123000.0,7.0,0,0,0,0,0,0,4.0,False,Sedan,Honda,22450.0,Accord,Sedan,2020.0,9.918192,20295.26,2154.740234375,2154.740234375,9.6
37008,216765.0,8.0,0,0,0,0,0,0,8.0,False,Pickup Truck,GMC,19500.0,Sierra,1500,2019.0,10.020817,22488.793,-2988.79296875,2988.79296875,-15.33
29816,57115.0,8.0,0,0,0,0,0,0,4.0,False,Coupe,Mercedes-Benz,29995.0,C-Class,Sedan,2019.0,10.424516,33674.16,-3679.16015625,3679.16015625,-12.27
22759,327416.0,17.0,0,0,0,0,0,0,6.0,False,SUV,Toyota,12995.0,FJ,Cruiser,2010.0,9.065877,8653.866,4341.1337890625,4341.1337890625,33.41
33520,1002.0,2.0,0,0,0,0,0,0,6.0,False,SUV,Jeep,50995.0,Grand,Cherokee,2025.0,11.0145235,60749.07,-9754.0703125,9754.0703125,-19.13
22847,109721.0,6.0,0,0,0,0,0,0,4.0,False,SUV,Toyota,28900.0,RAV,4,2021.0,10.16442,25961.803,2938.197265625,2938.197265625,10.17
35822,127000.0,18.0,0,0,0,0,0,0,4.0,True,Sedan,Honda,2150.0,Civic,Sedan,2009.0,9.174338,9645.384,-7495.3837890625,7495.3837890625,-348.62
32785,73685.0,5.0,0,0,0,0,0,0,8.0,False,Pickup Truck,GMC,45999.0,Sierra,1500,2022.0,10.77135,47635.277,-1636.27734375,1636.27734375,-3.56
19320,103451.0,4.0,0,0,0,0,0,1,4.0,False,SUV,Mitsubishi,32888.0,Outlander,Plug-In Hybrid,2023.0,10.381696,32262.627,625.373046875,625.373046875,1.9
13408,70952.0,6.0,0,0,0,0,0,1,6.0,False,SUV,Jeep,34774.0,Wrangler,Unlimited,2021.0,10.60252,40235.105,-5461.10546875,5461.10546875,-15.7
35716,27442.0,5.0,0,0,0,0,0,0,0.0,False,SUV,Volvo,40988.0,XC40,Recharge Pure Electric,2022.0,10.838681,50953.137,-9965.13671875,9965.13671875,-24.31
26353,171000.0,14.0,0,0,0,0,0,0,6.0,False,Coupe,Hyundai,10700.0,Genesis,Coupe,2013.0,8.723956,6147.455,4552.544921875,4552.544921875,42.55
605,37300.0,3.0,0,0,0,0,0,0,4.0,False,Sedan,Mazda,30791.0,Mazda3,Sport,2024.0,10.223912,27553.254,3237.74609375,3237.74609375,10.52
4370,424.0,2.0,0,0,0,0,0,0,4.0,False,Sedan,Audi,44995.0,A4,Sedan,2025.0,10.864115,52265.703,-7270.703125,7270.703125,-16.16
23486,207391.0,9.0,0,0,0,0,1,0,4.0,True,Wagon,Volkswagen,10990.0,Golf,SportWagen,2018.0,9.40772,12181.06,-1191.0595703125,1191.0595703125,-10.84
32264,108049.0,6.0,0,0,0,0,0,0,8.0,False,Pickup Truck,GMC,27995.0,Sierra,1500,2021.0,10.5834,39473.09,-11478.08984375,11478.08984375,-41.0
19299,81577.0,4.0,0,0,0,0,0,0,4.0,False,Coupe,Mitsubishi,23950.0,Eclipse,Cross,2023.0,10.108191,24542.21,-592.2109375,592.2109375,-2.47
31235,67000.0,3.0,0,0,0,0,0,0,8.0,False,Pickup Truck,Chevrolet,36000.0,Silverado,1500,2024.0,10.758001,47003.63,-11003.62890625,11003.62890625,-30.57
2276,4397.0,1.0,0,0,0,0,0,0,8.0,False,Pickup Truck,GMC,70949.0,Sierra,2500HD,2026.0,11.3075285,81431.4,-10482.3984375,10482.3984375,-14.77
918,132000.0,5.0,0,0,0,0,0,0,6.0,False,Van,RAM,30988.0,ProMaster,Cargo Van,2022.0,10.272958,28938.357,2049.642578125,2049.642578125,6.61
26204,38253.0,3.0,0,0,0,0,0,0,0.0,False,SUV,Toyota,50949.0,RAV,4,2024.0,10.782087,48149.523,2799.4765625,2799.4765625,5.49
33394,48318.0,3.0,0,0,0,0,0,0,4.0,False,Sedan,Honda,25499.0,Civic,Sedan,2024.0,10.2609,28591.494,-3092.494140625,3092.494140625,-12.13
1099,27110.0,2.0,0,1,0,0,0,0,4.0,False,SUV,Toyota,53995.0,Grand,Highlander,2025.0,10.612665,40645.387,13349.61328125,13349.61328125,24.72
26612,174989.0,12.0,0,0,0,0,0,0,8.0,False,Pickup Truck,Chevrolet,11000.0,Silverado,1500,2015.0,9.780155,17678.396,-6678.396484375,6678.396484375,-60.71
8306,10000.0,3.0,0,0,0,0,0,1,6.0,False,Minivan,Chrysler,61998.0,Pacifica,Hybrid,2024.0,10.886357,53441.27,8556.73046875,8556.73046875,13.8
24599,51913.0,3.0,0,0,0,0,0,1,4.0,False,SUV,Volvo,59999.0,XC90,Recharge,2024.0,10.920836,55316.05,4682.94921875,4682.94921875,7.81
8754,84000.0,10.0,0,0,1,0,0,0,6.0,False,Minivan,Dodge,16890.0,Grand,Caravan,2017.0,9.679451,15984.718,905.2822265625,905.2822265625,5.36
35471,135982.0,8.0,0,0,0,0,0,0,4.0,False,SUV,Hyundai,15900.0,Santa,Fe XL,2019.0,9.75647,17264.572,-1364.572265625,1364.572265625,-8.58
28852,184350.0,20.0,0,0,0,0,0,0,4.0,False,Sedan,Toyota,5500.0,Corolla,Sedan,2007.0,8.717225,6106.2085,-606.20849609375,606.20849609375,-11.02
35559,88593.0,8.0,0,0,0,0,0,0,4.0,False,SUV,Land,29985.0,Rover,Range Rover Velar,2019.0,10.279116,29117.113,867.88671875,867.88671875,2.89
35043,133735.0,14.0,0,0,0,0,0,0,4.0,False,Sedan,Mercedes-Benz,12999.0,C-Class,Sedan,2013.0,9.564246,14245.21,-1246.2099609375,1246.2099609375,-9.59
22861,76609.0,5.0,0,0,1,0,0,0,4.0,False,SUV,Toyota,30088.0,RAV,4,2022.0,10.34202,31007.605,-919.60546875,919.60546875,-3.06
28190,144618.0,7.0,0,0,0,0,0,0,4.0,False,SUV,Toyota,25269.0,RAV,4,2020.0,10.093882,24193.523,1075.4765625,1075.4765625,4.26
351,83690.0,9.0,0,0,0,0,0,0,4.0,False,Sedan,Honda,16888.0,Civic,Sedan,2018.0,9.832444,18627.43,-1739.4296875,1739.4296875,-10.3
22530,42204.0,3.0,0,1,1,0,0,0,0.0,False,Sedan,Tesla,43900.0,Model,Y,2024.0,10.858097,51952.12,-8052.12109375,8052.12109375,-18.34
35060,9862.0,2.0,0,0,0,0,0,0,4.0,False,Sedan,Honda,30599.0,Civic,Sedan,2025.0,10.406274,33065.43,-2466.4296875,2466.4296875,-8.06
37862,114000.0,11.0,0,0,0,0,0,0,4.0,False,SUV,Hyundai,14450.0,Santa,Fe Sport,2016.0,9.487706,13195.49,1254.509765625,1254.509765625,8.68
13459,84053.0,6.0,0,0,0,0,0,0,6.0,False,SUV,Jeep,31999.0,Wrangler,Unlimited,2021.0,10.429019,33826.15,-1827.1484375,1827.1484375,-5.71
22440,102469.0,5.0,0,0,1,0,0,0,0.0,False,Sedan,Tesla,31888.0,Model,3,2022.0,10.429651,33847.543,-1959.54296875,1959.54296875,-6.15
8622,85825.0,3.0,0,0,0,0,0,0,6.0,False,Minivan,Chrysler,32995.0,Grand,Caravan,2024.0,10.38202,32273.09,721.91015625,721.91015625,2.19
38147,121754.0,8.0,0,0,0,0,0,0,6.0,True,SUV,Jeep,24888.0,Wrangler,Unlimited,2019.0,10.191471,26673.707,-1785.70703125,1785.70703125,-7.17
32179,116347.0,11.0,0,0,0,0,0,0,4.0,False,Sedan,Honda,15641.0,Civic,Sedan,2016.0,9.539571,13897.981,1743.0185546875,1743.0185546875,11.14
32138,218000.0,5.0,1,0,0,0,0,0,0.0,False,Sedan,Tesla,16995.0,Model,3,2022.0,10.13312,25161.74,-8166.740234375,8166.740234375,-48.05
1370,148950.0,7.0,0,0,0,0,0,0,8.0,False,Pickup Truck,Chevrolet,29999.0,Silverado,1500,2020.0,10.3632,31671.377,-1672.376953125,1672.376953125,-5.57
14904,40906.0,4.0,1,0,0,0,0,0,6.0,False,SUV,Land,60995.0,Rover,Defender,2023.0,11.21765,74431.68,-13436.6796875,13436.6796875,-22.03
2740,65800.0,4.0,0,0,0,0,0,0,4.0,False,Sedan,Mercedes-Benz,41999.0,C-Class,Sedan,2023.0,10.464958,35063.98,6935.01953125,6935.01953125,16.51
8112,3177.0,1.0,0,0,0,0,0,0,8.0,False,Pickup Truck,Chevrolet,74724.0,Silverado,1500,2026.0,11.164617,70587.08,4136.921875,4136.921875,5.54
32994,69.0,2.0,0,0,0,0,0,0,4.0,False,SUV,Nissan,28191.0,Kicks,Play,2025.0,10.205435,27048.797,1142.203125,1142.203125,4.05
22516,84652.0,4.0,0,0,0,0,0,0,0.0,False,Sedan,Tesla,35888.0,Model,Y,2023.0,10.499426,36293.66,-405.66015625,405.66015625,-1.13
10088,59636.0,3.0,0,0,0,0,0,0,8.0,False,Pickup Truck,GMC,49470.0,Sierra,1500,2024.0,10.936147,56169.484,-6699.484375,6699.484375,-13.54
9369,28571.0,3.0,0,0,0,0,0,0,8.0,False,Coupe,Ford,41167.0,Mustang,Fastback,2024.0,10.857449,51918.44,-10751.44140625,10751.44140625,-26.12
22793,75714.0,3.0,0,0,0,0,0,0,4.0,False,SUV,Toyota,33683.0,RAV,4,2024.0,10.433659,33983.457,-300.45703125,300.45703125,-0.89
36969,175899.0,6.0,0,0,0,0,0,0,4.0,False,SUV,Ford,15499.0,Bronco,Sport,2021.0,9.859982,19147.535,-3648.53515625,3648.53515625,-23.54
14837,51474.0,3.0,0,0,0,0,0,0,4.0,False,SUV,Land,95490.0,Rover,Range Rover Sport,2024.0,11.026253,61465.816,34024.18359375,34024.18359375,35.63
31535,102197.0,4.0,0,0,0,0,0,0,8.0,False,Pickup Truck,GMC,45987.0,Sierra,1500,2023.0,10.783999,48241.684,-2254.68359375,2254.68359375,-4.9
30487,42486.0,2.0,1,0,0,0,0,0,4.0,False,SUV,Toyota,38490.0,RAV,4,2025.0,10.604249,40304.734,-1814.734375,1814.734375,-4.71
14857,82547.0,5.0,0,0,0,0,0,0,4.0,False,SUV,Land,58998.0,Rover,Defender,2022.0,10.749919,46625.25,12372.75,12372.75,20.97
33748,140902.0,6.0,0,0,0,0,0,0,4.0,False,SUV,Toyota,29995.0,RAV,4,2021.0,10.131331,25116.785,4878.21484375,4878.21484375,16.26
8508,93406.0,3.0,0,0,0,0,0,0,6.0,False,Minivan,Chrysler,35500.0,Grand,Caravan,2024.0,10.375929,32077.102,3422.8984375,3422.8984375,9.64
18593,128000.0,12.0,0,0,0,0,0,0,4.0,False,Sedan,Mercedes-Benz,15888.0,C-Class,Sedan,2015.0,9.680173,15996.263,-108.2626953125,108.2626953125,-0.68
11329,39005.0,3.0,0,0,0,0,0,0,4.0,False,Sedan,Honda,27999.0,Civic,Sedan,2024.0,10.276671,29046.027,-1047.02734375,1047.02734375,-3.74
32937,80200.0,3.0,0,0,0,0,0,0,6.0,False,SUV,Jeep,39900.0,Grand,Cherokee,2024.0,10.614049,40701.668,-801.66796875,801.66796875,-2.01
302,66566.0,3.0,0,0,1,0,0,0,4.0,False,Sedan,Honda,27755.0,Civic,Sedan,2024.0,10.211554,27214.816,540.18359375,540.18359375,1.95
29564,73557.0,5.0,0,0,0,0,0,0,4.0,False,SUV,Toyota,35778.0,RAV,4 Hybrid,2022.0,10.369264,31864.004,3913.99609375,3913.99609375,10.94
34093,93415.0,5.0,0,0,0,0,0,0,4.0,False,SUV,Toyota,28490.0,RAV,4,2022.0,10.3099785,30029.791,-1539.791015625,1539.791015625,-5.4
22923,92811.0,4.0,0,0,1,0,0,0,4.0,False,SUV,Toyota,33401.0,RAV,4,2023.0,10.368302,31833.387,1567.61328125,1567.61328125,4.69
29185,28880.0,2.0,0,0,0,0,0,0,8.0,False,Pickup Truck,GMC,110694.0,Sierra,2500HD,2025.0,11.038183,62203.535,48490.46484375,48490.46484375,43.81
8737,123962.0,8.0,0,0,0,0,0,0,6.0,False,Minivan,Dodge,17498.0,Grand,Caravan,2019.0,9.7697,17494.52,3.48046875,3.48046875,0.02
10294,84633.0,5.0,0,0,0,0,0,0,8.0,False,Pickup Truck,GMC,53092.0,Sierra,1500 Limited,2022.0,10.721768,45330.996,7761.00390625,7761.00390625,14.62
32992,57689.0,2.0,0,0,0,0,0,1,4.0,False,Sedan,Honda,29995.0,Civic,Sedan,2025.0,10.378975,32174.96,-2179.9609375,2179.9609375,-7.27
26433,192573.0,14.0,0,0,0,0,0,0,4.0,False,Sedan,Mercedes-Benz,11950.0,C-Class,Sedan,2013.0,9.396847,12049.323,-99.3232421875,99.3232421875,-0.83
27797,55953.0,7.0,0,0,0,0,0,0,4.0,False,SUV,Buick,22495.0,Encore,GX,2020.0,10.058439,23351.031,-856.03125,856.03125,-3.81
26268,86872.0,9.0,0,1,0,0,0,0,4.0,False,SUV,Toyota,23495.0,RAV,4,2018.0,10.061969,23433.6,61.400390625,61.400390625,0.26
25728,62584.0,5.0,0,1,1,0,0,0,4.0,False,Sedan,Mazda,22999.0,Mazda3,Sport,2022.0,10.079815,23855.57,-856.5703125,856.5703125,-3.72
8627,114732.0,16.0,0,0,0,0,0,0,6.0,False,Minivan,Chrysler,13995.0,Town,& Country,2011.0,9.214166,10037.326,3957.673828125,3957.673828125,28.28
29543,745.0,1.0,0,0,0,0,0,0,4.0,False,SUV,Ford,41349.0,Bronco,Sport,2026.0,10.705636,44605.55,-3256.55078125,3256.55078125,-7.88
32812,183905.0,11.0,0,0,0,0,0,0,4.0,False,Hatchback,Ford,7299.0,Fiesta,Hatchback,2016.0,9.144477,9361.587,-2062.5869140625,2062.5869140625,-28.26
14811,99512.0,7.0,0,0,0,0,0,0,4.0,False,SUV,Land,27888.0,Rover,Range Rover Evoque,2020.0,10.3679285,31821.488,-3933.48828125,3933.48828125,-14.1
36811,900.0,1.0,0,0,0,0,0,1,4.0,False,SUV,Toyota,64589.0,Highlander,Hybrid,2026.0,10.960907,57577.64,7011.359375,7011.359375,10.86
30146,42600.0,4.0,0,0,0,0,0,0,8.0,False,Pickup Truck,GMC,44495.0,Sierra,1500,2023.0,10.950163,56962.324,-12467.32421875,12467.32421875,-28.02
9273,37222.0,6.0,0,0,0,0,0,1,4.0,False,SUV,Ford,26508.0,Escape,Hybrid,2021.0,10.232371,27787.328,-1279.328125,1279.328125,-4.83
8101,82516.0,4.0,0,0,0,0,0,0,6.0,False,Van,Chevrolet,29888.0,Express,2500,2023.0,10.494308,36108.4,-6220.3984375,6220.3984375,-20.81
33629,89410.0,9.0,0,0,0,0,0,0,4.0,False,Sedan,Toyota,16995.0,Corolla,Sedan,2018.0,9.819302,18384.207,-1389.20703125,1389.20703125,-8.17
8497,94119.0,4.0,0,0,0,0,0,0,6.0,False,Minivan,Chrysler,28700.0,Grand,Caravan,2023.0,10.356123,31448.016,-2748.015625,2748.015625,-9.57
13617,600.0,2.0,0,0,0,0,0,0,6.0,False,SUV,Jeep,67573.0,Grand,Cherokee,2025.0,11.0145235,60749.07,6823.9296875,6823.9296875,10.1
35860,161677.0,4.0,0,1,1,0,0,0,0.0,False,Sedan,Tesla,22990.0,Model,3,2023.0,10.379418,32189.232,-9199.232421875,9199.232421875,-40.01
29697,92885.0,4.0,0,0,0,0,0,0,0.0,False,Sedan,Tesla,42495.0,Model,Y,2023.0,10.489358,35930.082,6564.91796875,6564.91796875,15.45
22019,105721.0,8.0,0,0,0,0,0,0,4.0,True,Sedan,Subaru,28998.0,WRX,STI,2019.0,10.145972,25487.234,3510.765625,3510.765625,12.11
33672,45723.0,4.0,0,0,0,0,0,0,0.0,False,Sedan,Tesla,32995.0,Model,3,2023.0,10.581873,39412.863,-6417.86328125,6417.86328125,-19.45
31270,32360.0,2.0,0,0,0,0,0,0,6.0,False,Van,RAM,46988.0,ProMaster,Cargo Van,2025.0,10.760524,47122.344,-134.34375,134.34375,-0.29
30933,25562.0,12.0,0,0,0,0,0,0,8.0,False,Coupe,Ford,25000.0,Mustang,Fastback,2015.0,10.767154,47435.81,-22435.80859375,22435.80859375,-89.74
22278,77000.0,5.0,0,0,0,0,0,0,0.0,False,Sedan,Tesla,31980.0,Model,3,2022.0,10.461508,34943.2,-2963.19921875,2963.19921875,-9.27
22652,115000.0,10.0,0,0,0,0,0,0,0.0,False,Sedan,Tesla,35990.0,Model,X,2017.0,10.310585,30048.012,5941.98828125,5941.98828125,16.51
1466,26015.0,2.0,0,0,0,0,0,0,8.0,False,SUV,GMC,89988.0,Yukon,XL,2025.0,11.340796,84186.055,5801.9453125,5801.9453125,6.45
14747,2500.0,2.0,0,0,0,0,0,0,4.0,False,SUV,Land,56998.0,Rover,Range Rover Evoque,2025.0,11.171446,71070.8,-14072.796875,14072.796875,-24.69
29263,160007.0,12.0,0,0,0,0,0,0,6.0,False,Minivan,Dodge,11950.0,Grand,Caravan,2015.0,9.014062,8216.834,3733.166015625,3733.166015625,31.24
8000,250000.0,9.0,0,0,0,0,0,0,8.0,False,Pickup Truck,Chevrolet,16999.0,Silverado,1500,2018.0,9.823219,18456.375,-1457.375,1457.375,-8.57
37764,190000.0,17.0,0,0,0,0,0,0,4.0,False,Sedan,Honda,5995.0,Civic,Sedan,2010.0,8.840708,6908.8813,-913.88134765625,913.88134765625,-15.24
30202,34756.0,3.0,0,0,0,0,0,0,4.0,False,Coupe,Mitsubishi,27950.0,Eclipse,Cross,2024.0,10.294058,29555.467,-1605.466796875,1605.466796875,-5.74
11397,63371.0,3.0,0,0,0,0,1,1,4.0,False,SUV,Honda,40990.0,CR-V,Hybrid,2024.0,10.535455,37625.156,3364.84375,3364.84375,8.21
8463,63829.0,4.0,0,0,0,0,0,1,6.0,False,Minivan,Chrysler,47950.0,Pacifica,Hybrid,2023.0,10.652761,42308.27,5641.73046875,5641.73046875,11.77
8649,86418.0,3.0,0,0,0,0,0,0,6.0,False,Minivan,Chrysler,32995.0,Grand,Caravan,2024.0,10.38202,32273.09,721.91015625,721.91015625,2.19
31026,192277.0,11.0,0,0,0,0,0,0,4.0,False,SUV,Hyundai,11995.0,Santa,Fe XL,2016.0,9.13636,9285.9,2709.099609375,2709.099609375,22.59
3366,10.0,2.0,0,0,0,0,0,0,6.0,False,SUV,Jeep,54799.0,Grand,Cherokee,2025.0,11.057527,63418.496,-8619.49609375,8619.49609375,-15.73
35305,71000.0,6.0,0,0,0,0,0,0,0.0,False,Sedan,Tesla,37999.0,Model,Y,2021.0,10.375147,32052.025,5946.974609375,5946.974609375,15.65
28298,16650.0,3.0,0,0,0,0,0,0,4.0,False,SUV,Volkswagen,44885.0,Atlas,Cross Sport,2024.0,10.671568,43111.484,1773.515625,1773.515625,3.95
17704,44953.0,4.0,0,0,0,0,0,0,4.0,False,Sedan,Mazda,26900.0,Mazda3,Sport,2023.0,10.175792,26258.727,641.2734375,641.2734375,2.38
26097,161288.0,10.0,0,0,0,0,0,0,4.0,False,Sedan,Nissan,7888.0,Versa,Note,2017.0,8.964934,7822.868,65.1318359375,65.1318359375,0.83
15009,68000.0,4.0,0,0,0,0,0,0,6.0,False,SUV,Land,33790.0,Rover,Discovery Sport,2023.0,11.097052,65975.35,-32185.3515625,32185.3515625,-95.25
30108,39504.0,3.0,0,0,0,0,0,1,4.0,False,SUV,Honda,38795.0,CR-V,Hybrid,2024.0,10.651826,42268.703,-3473.703125,3473.703125,-8.95
29354,87000.0,9.0,0,0,0,0,1,0,6.0,False,SUV,Land,18888.0,Rover,Range Rover Evoque,2018.0,10.240496,28014.01,-9126.009765625,9126.009765625,-48.32
7091,188214.0,12.0,1,0,0,0,0,0,6.0,False,Coupe,Cadillac,9900.0,ATS,Coupe,2015.0,9.184427,9743.197,156.802734375,156.802734375,1.58
4639,77774.0,5.0,0,0,1,0,0,0,4.0,False,SUV,Audi,33990.0,Q5,Sportback,2022.0,10.476561,35473.188,-1483.1875,1483.1875,-4.36
1198,3.0,2.0,0,0,0,0,0,0,8.0,False,Pickup Truck,Chevrolet,51998.0,Silverado,1500,2025.0,11.100655,66213.49,-14215.4921875,14215.4921875,-27.34
22827,25748.0,2.0,0,1,1,0,0,0,4.0,False,SUV,Toyota,40388.0,RAV,4,2025.0,10.612093,40622.133,-234.1328125,234.1328125,-0.58
31052,225581.0,10.0,0,0,0,0,0,0,4.0,True,Sedan,Volkswagen,1250.0,Jetta,Sedan,2017.0,9.143851,9355.731,-8105.7314453125,8105.7314453125,-648.46
15027,99315.0,7.0,0,0,0,0,0,0,4.0,False,SUV,Land,53500.0,Rover,Range Rover Velar,2020.0,10.368263,31832.143,21667.857421875,21667.857421875,40.5
11959,186246.0,5.0,0,0,0,0,1,0,4.0,False,Sedan,Hyundai,15990.0,Elantra,Hybrid,2022.0,9.627666,15177.975,812.025390625,812.025390625,5.08
29613,74113.0,5.0,0,0,0,0,0,0,6.0,False,Hatchback,Audi,45900.0,S5,Sportback,2022.0,10.660908,42654.34,3245.66015625,3245.66015625,7.07
8709,185631.0,10.0,0,0,0,0,1,0,6.0,False,Minivan,Dodge,11990.0,Grand,Caravan,2017.0,9.239322,10293.054,1696.9462890625,1696.9462890625,14.15
24791,31392.0,3.0,0,0,0,0,0,1,4.0,False,SUV,Volvo,67504.0,XC90,Recharge,2024.0,10.968131,57995.1,9508.8984375,9508.8984375,14.09
868,2966.0,1.0,0,0,0,0,0,0,4.0,False,Coupe,Mitsubishi,36588.0,Eclipse,Cross,2026.0,10.546564,38045.49,-1457.48828125,1457.48828125,-3.98
8123,89840.0,6.0,0,0,0,0,0,0,6.0,False,Van,Chevrolet,35488.0,Express,2500,2021.0,10.3108225,30055.146,5432.853515625,5432.853515625,15.31
22661,91950.0,5.0,0,0,0,0,0,0,0.0,False,Sedan,Tesla,26995.0,Model,3,2022.0,10.432356,33939.215,-6944.21484375,6944.21484375,-25.72
6480,55220.0,4.0,0,0,0,0,0,0,4.0,False,SUV,Buick,23553.0,Encore,GX,2023.0,10.1857195,26520.725,-2967.724609375,2967.724609375,-12.6
10111,48837.0,3.0,0,0,0,0,0,0,8.0,False,Pickup Truck,GMC,59951.0,Sierra,1500,2024.0,10.947511,56811.445,3139.5546875,3139.5546875,5.24
10195,23386.0,3.0,0,0,0,0,0,0,6.0,False,Van,GMC,41990.0,Savana,Cargo Van,2024.0,10.816537,49837.19,-7847.19140625,7847.19140625,-18.69
25488,24107.0,2.0,0,0,0,0,0,0,4.0,False,SUV,Ford,28995.0,Bronco,Sport,2025.0,10.5069,36565.94,-7570.94140625,7570.94140625,-26.11
27451,143377.0,6.0,0,0,0,0,0,0,4.0,False,Sedan,Toyota,18999.0,Corolla,Sedan,2021.0,9.941565,20775.225,-1776.224609375,1776.224609375,-9.35
7298,37500.0,5.0,1,0,0,0,0,0,8.0,False,SUV,Cadillac,107777.0,Escalade,ESV,2022.0,11.196825,72897.625,34879.375,34879.375,32.36
23604,19282.0,3.0,0,0,0,0,0,0,4.0,False,Hatchback,Volkswagen,38588.0,Golf,GTI,2024.0,10.532424,37511.293,1076.70703125,1076.70703125,2.79
35790,45313.0,5.0,0,0,0,0,0,1,4.0,False,Sedan,Toyota,26000.0,Corolla,Sedan,2022.0,10.321704,30383.986,-4383.986328125,4383.986328125,-16.86
24728,22677.0,3.0,0,0,0,0,0,0,0.0,False,SUV,Volvo,67895.0,XC90,Recharge,2024.0,11.055634,63298.555,4596.4453125,4596.4453125,6.77
30838,34284.0,4.0,0,0,0,0,0,0,4.0,False,SUV,Buick,22988.0,Encore,GX,2023.0,10.200145,26906.082,-3918.08203125,3918.08203125,-17.04
8679,75461.0,3.0,0,0,1,0,0,0,6.0,False,Minivan,Chrysler,34995.0,Grand,Caravan,2024.0,10.397063,32762.268,2232.732421875,2232.732421875,6.38
8918,138965.0,8.0,0,0,0,0,0,0,6.0,False,Minivan,Dodge,19888.0,Grand,Caravan,2019.0,9.717288,16601.158,3286.841796875,3286.841796875,16.53
25017,55104.0,7.0,0,0,0,0,0,0,4.0,False,SUV,Land,37995.0,Rover,Range Rover Velar,2020.0,10.56545,38770.848,-775.84765625,775.84765625,-2.04
954,40861.0,2.0,0,0,0,0,0,0,4.0,False,Sedan,Honda,29300.0,Civic,Sedan,2025.0,10.307582,29957.906,-657.90625,657.90625,-2.25
23597,113000.0,5.0,0,0,0,0,0,0,4.0,False,SUV,Volkswagen,31588.0,Atlas,Cross Sport,2022.0,10.224002,27555.725,4032.275390625,4032.275390625,12.77
10104,78461.0,5.0,0,0,0,0,0,0,8.0,False,Pickup Truck,GMC,40995.0,Sierra,1500,2022.0,10.737236,46037.625,-5042.625,5042.625,-12.3
12208,6593.0,1.0,0,0,0,0,0,1,4.0,False,Sedan,Hyundai,38524.0,Sonata,Hybrid,2026.0,10.534599,37592.984,931.015625,931.015625,2.42
4391,31980.0,3.0,0,0,0,0,0,0,4.0,False,SUV,Audi,40900.0,Q5,Sportback,2024.0,10.75088,46670.094,-5770.09375,5770.09375,-14.11
60,87387.0,8.0,0,0,0,0,0,0,6.0,False,Coupe,Audi,24799.0,A5,Sportback,2019.0,10.323795,30447.602,-5648.6015625,5648.6015625,-22.78
22632,132220.0,6.0,0,0,0,0,0,0,0.0,False,Sedan,Tesla,32995.0,Model,Y,2021.0,10.210894,27196.861,5798.138671875,5798.138671875,17.57
27029,72546.0,4.0,0,0,0,0,0,0,8.0,False,Pickup Truck,Chevrolet,43950.0,Silverado,1500,2023.0,10.739612,46147.125,-2197.125,2197.125,-5.0
7991,177000.0,11.0,0,0,0,0,0,0,8.0,False,Pickup Truck,Chevrolet,18888.0,Silverado,1500,2016.0,9.848968,18937.791,-49.791015625,49.791015625,-0.26
37,48000.0,8.0,1,0,0,0,0,0,6.0,False,Coupe,Audi,27770.0,A5,Coupe,2019.0,10.579115,39304.31,-11534.30859375,11534.30859375,-41.54
6365,37969.0,5.0,0,0,0,0,0,0,4.0,False,SUV,Buick,24495.0,Encore,GX,2022.0,10.146959,25512.406,-1017.40625,1017.40625,-4.15
28191,108679.0,12.0,0,0,0,0,0,0,4.0,False,Sedan,Nissan,9553.0,Versa,Note,2015.0,8.909211,7398.8213,2154.1787109375,2154.1787109375,22.55
18042,150.0,2.0,0,0,0,0,0,0,4.0,False,Sedan,Mazda,35039.0,Mazda3,Sport,2025.0,10.377204,32118.03,2920.970703125,2920.970703125,8.34
31832,187111.0,9.0,0,0,0,0,0,0,4.0,False,Hatchback,Toyota,12000.0,Yaris,Hatchback,2018.0,9.508755,13476.201,-1476.201171875,1476.201171875,-12.3
25783,262873.0,14.0,0,0,0,0,0,0,4.0,False,Sedan,Honda,5800.0,Civic,Sedan,2013.0,8.686138,5919.275,-119.27490234375,119.27490234375,-2.06
1318,22526.0,3.0,0,0,0,0,0,0,4.0,True,Hatchback,Volkswagen,46999.0,Golf,R,2024.0,10.690242,43924.13,3074.87109375,3074.87109375,6.54
10287,133457.0,9.0,0,0,0,0,0,0,8.0,False,Pickup Truck,GMC,29995.0,Sierra,1500,2018.0,10.280465,29156.432,838.568359375,838.568359375,2.8
38733,256634.0,11.0,0,0,0,0,0,0,6.0,False,Minivan,Dodge,3500.0,Grand,Caravan,2016.0,8.762849,6391.2964,-2891.29638671875,2891.29638671875,-82.61
25226,33470.0,3.0,1,0,0,0,0,0,4.0,False,SUV,Volkswagen,41995.0,Atlas,Cross Sport,2024.0,10.59025,39744.426,2250.57421875,2250.57421875,5.36
6519,54011.0,5.0,0,0,0,0,0,0,4.0,False,SUV,Buick,21888.0,Encore,GX,2022.0,10.132262,25140.176,-3252.17578125,3252.17578125,-14.86
23509,141580.0,12.0,0,1,0,0,0,0,4.0,False,Hatchback,Volkswagen,12288.0,Golf,GTI,2015.0,9.321464,11174.326,1113.673828125,1113.673828125,9.06
2553,186000.0,17.0,0,0,0,0,0,0,4.0,False,Sedan,Honda,5999.0,Civic,Sedan,2010.0,8.821784,6779.35,-780.35009765625,780.35009765625,-13.01
38525,42501.0,4.0,0,0,0,0,0,0,4.0,False,Sedan,Audi,33985.0,A4,Sedan,2023.0,10.453195,34653.906,-668.90625,668.90625,-1.97
11944,156989.0,10.0,0,0,0,0,0,0,4.0,False,SUV,Hyundai,10999.0,Santa,Fe Sport,2017.0,9.473303,13006.779,-2007.779296875,2007.779296875,-18.25
37408,58241.0,3.0,0,0,0,0,0,0,4.0,False,SUV,Toyota,42500.0,RAV,4 Prime,2024.0,10.530255,37430.03,5069.96875,5069.96875,11.93
10085,62392.0,3.0,0,0,0,0,0,0,8.0,False,Pickup Truck,GMC,52888.0,Sierra,1500,2024.0,10.867856,52461.61,426.390625,426.390625,0.81
37315,38280.0,2.0,0,0,0,0,0,1,4.0,False,SUV,Honda,41995.0,CR-V,Hybrid,2025.0,10.688169,43833.152,-1838.15234375,1838.15234375,-4.38
22838,19353.0,2.0,0,0,0,0,0,1,4.0,False,SUV,Toyota,44495.0,RAV,4 Hybrid,2025.0,10.7978735,48915.668,-4420.66796875,4420.66796875,-9.94
14866,104150.0,10.0,0,0,0,0,0,0,6.0,False,SUV,Land,15995.0,Rover,Range Rover Evoque,2017.0,10.050324,23162.3,-7167.30078125,7167.30078125,-44.81
38321,29116.0,4.0,0,0,0,0,1,0,4.0,False,Sedan,Mercedes-Benz,47867.0,C-Class,Sedan,2023.0,10.602875,40249.383,7617.6171875,7617.6171875,15.91
25984,135500.0,8.0,0,0,0,0,0,0,4.0,False,SUV,Land,27950.0,Rover,Range Rover Velar,2019.0,10.181228,26401.861,1548.138671875,1548.138671875,5.54
22546,45786.0,6.0,0,0,0,0,0,0,0.0,False,Sedan,Tesla,26999.0,Model,Y,2021.0,10.443396,34315.98,-7316.98046875,7316.98046875,-27.1
719,31440.0,2.0,0,1,1,0,0,0,4.0,False,Pickup Truck,Hyundai,44900.0,Santa,Cruz,2025.0,10.627693,41260.832,3639.16796875,3639.16796875,8.11
33389,144000.0,5.0,0,1,0,0,0,0,8.0,False,Pickup Truck,GMC,34995.0,Sierra,1500,2022.0,10.593894,39889.52,-4894.51953125,4894.51953125,-13.99
25963,83846.0,7.0,0,1,0,0,0,0,4.0,False,SUV,Land,23895.0,Rover,Range Rover Evoque,2020.0,10.425765,33716.258,-9821.2578125,9821.2578125,-41.1
32546,98129.0,5.0,0,0,0,0,0,1,4.0,False,SUV,Ford,23409.0,Escape,Hybrid,2022.0,10.107152,24516.734,-1107.734375,1107.734375,-4.73
35232,91000.0,7.0,0,0,0,0,0,0,4.0,True,Sedan,Honda,19000.0,Civic,Hatchback,2020.0,10.066832,23547.834,-4547.833984375,4547.833984375,-23.94
24741,15172.0,3.0,0,0,0,0,0,0,0.0,False,SUV,Volvo,65895.0,XC90,Recharge,2024.0,11.104146,66445.08,-550.078125,550.078125,-0.83
1658,117817.0,5.0,0,0,0,0,0,0,4.0,False,Sedan,Honda,21000.0,Civic,Sedan,2022.0,10.033466,22775.084,-1775.083984375,1775.083984375,-8.45
31073,27703.0,2.0,0,0,0,0,0,0,4.0,False,SUV,Toyota,41910.0,RAV,4,2025.0,10.608441,40474.062,1435.9375,1435.9375,3.43
28115,120000.0,12.0,0,0,0,0,0,0,4.0,False,SUV,Toyota,19900.0,RAV,4,2015.0,9.614367,14977.432,4922.568359375,4922.568359375,24.74
11806,139873.0,9.0,0,0,0,0,0,0,4.0,False,SUV,Hyundai,14990.0,Santa,Fe Sport,2018.0,9.657736,15641.327,-651.3271484375,651.3271484375,-4.35
14973,102809.0,6.0,0,0,0,0,0,0,6.0,False,SUV,Land,44988.0,Rover,Range Rover Sport,2021.0,10.587735,39644.598,5343.40234375,5343.40234375,11.88
6579,82563.0,4.0,0,0,0,0,0,0,4.0,False,SUV,Buick,25986.0,Encore,GX,2023.0,10.113843,24681.332,1304.66796875,1304.66796875,5.02
28779,65503.0,15.0,0,0,1,0,1,1,4.0,False,Sedan,Ford,8499.0,Fusion,Hybrid,2012.0,9.408042,12184.987,-3685.9873046875,3685.9873046875,-43.37
22752,173564.0,8.0,0,0,0,0,0,0,4.0,False,SUV,Toyota,24958.0,RAV,4,2019.0,9.868704,19315.285,5642.71484375,5642.71484375,22.61
27204,86000.0,16.0,0,0,0,0,0,0,4.0,True,baseline_value_here,Mazda,19900.0,MX-5,Miata Roadster,2011.0,9.673203,15885.158,4014.841796875,4014.841796875,20.18
31711,222573.0,10.0,0,0,0,0,0,0,4.0,False,SUV,Toyota,16988.0,RAV,4,2017.0,9.517322,13592.154,3395.845703125,3395.845703125,19.99
34748,116256.0,11.0,0,0,0,0,0,0,4.0,True,Sedan,Nissan,6500.0,Versa,Note,2016.0,9.125208,9182.906,-2682.90625,2682.90625,-41.28
2483,123129.0,9.0,0,0,0,0,0,0,4.0,False,Sedan,Audi,15999.0,A4,Sedan,2018.0,9.944615,20838.705,-4839.705078125,4839.705078125,-30.25
11634,1330.0,1.0,0,0,0,0,0,1,4.0,False,SUV,Honda,53526.0,CR-V,Hybrid,2026.0,10.882383,53229.316,296.68359375,296.68359375,0.55
8766,145768.0,12.0,0,0,0,0,0,0,6.0,False,Minivan,Dodge,10980.0,Grand,Caravan,2015.0,9.127346,9202.563,1777.4365234375,1777.4365234375,16.19
35901,133000.0,7.0,0,0,0,0,0,0,0.0,False,Sedan,Tesla,21999.0,Model,3,2020.0,10.154766,25712.363,-3713.36328125,3713.36328125,-16.88
13382,12046.0,3.0,0,0,0,0,0,0,6.0,False,SUV,Jeep,45999.0,Grand,Cherokee,2024.0,10.888138,53536.51,-7537.51171875,7537.51171875,-16.39
9079,149609.0,11.0,0,0,0,0,0,0,6.0,False,Minivan,Dodge,13995.0,Grand,Caravan,2016.0,9.290093,10829.196,3165.8037109375,3165.8037109375,22.62
26266,67876.0,9.0,0,0,0,0,0,0,4.0,False,Coupe,Ford,38900.0,Mustang,Convertible,2018.0,10.039698,22917.453,15982.546875,15982.546875,41.09
27471,232586.0,16.0,0,0,0,0,0,0,4.0,False,Hatchback,Volkswagen,6950.0,Golf,GTI,2011.0,8.284318,3960.2622,2989.73779296875,2989.73779296875,43.02
7934,34375.0,3.0,0,0,0,0,0,0,8.0,False,Pickup Truck,Chevrolet,41922.0,Silverado,1500,2024.0,10.867863,52461.96,-10539.9609375,10539.9609375,-25.14
7211,138313.0,8.0,0,0,0,0,0,0,8.0,False,SUV,Cadillac,47980.0,Escalade,ESV,2019.0,10.640384,41787.805,6192.1953125,6192.1953125,12.91
32140,180100.0,14.0,0,0,0,0,0,0,4.0,False,SUV,Hyundai,8500.0,Santa,Fe,2013.0,8.675861,5858.745,2641.2548828125,2641.2548828125,31.07
20957,200.0,2.0,0,0,0,0,0,0,6.0,False,Van,RAM,47298.0,ProMaster,Cargo Van,2025.0,10.838389,50938.27,-3640.26953125,3640.26953125,-7.7
31430,47647.0,7.0,0,0,0,0,0,0,4.0,False,Sedan,Honda,21288.0,Civic,Sedan,2020.0,10.095091,24222.799,-2934.798828125,2934.798828125,-13.79
26250,18988.0,4.0,0,1,0,0,0,0,0.0,False,Sedan,Tesla,49990.0,Model,Y,2023.0,10.609774,40528.023,9461.9765625,9461.9765625,18.93
11253,81572.0,6.0,0,0,0,0,0,0,4.0,False,Sedan,Honda,20390.0,Civic,Sedan,2021.0,10.020682,22485.768,-2095.767578125,2095.767578125,-10.28
38695,231905.0,12.0,0,0,0,0,0,0,6.0,False,Minivan,Dodge,5900.0,Grand,Caravan,2015.0,8.702906,6019.38,-119.3798828125,119.3798828125,-2.02
30714,74265.0,7.0,0,0,0,0,0,1,4.0,False,Sedan,Ford,20495.0,Fusion,Energi,2020.0,9.941777,20779.643,-284.642578125,284.642578125,-1.39
17762,62578.0,3.0,0,0,0,0,0,0,6.0,False,SUV,Mazda,41888.0,CX-90,MHEV,2024.0,10.621931,41023.76,864.23828125,864.23828125,2.06
11419,47926.0,3.0,0,0,0,0,1,1,4.0,False,SUV,Honda,40390.0,CR-V,Hybrid,2024.0,10.611432,40595.293,-205.29296875,205.29296875,-0.51
10039,162283.0,7.0,0,0,0,0,0,0,8.0,False,Pickup Truck,GMC,37777.0,Sierra,1500,2020.0,10.409583,33175.035,4601.96484375,4601.96484375,12.18
4585,104388.0,7.0,0,0,0,0,0,0,4.0,False,Sedan,Audi,21995.0,A4,Sedan,2020.0,10.139048,25311.348,-3316.34765625,3316.34765625,-15.08
36592,97651.0,4.0,0,0,0,0,0,0,8.0,False,SUV,GMC,69995.0,Yukon,XL,2023.0,11.09953,66139.08,3855.921875,3855.921875,5.51
13349,129123.0,10.0,0,0,0,0,0,0,6.0,False,SUV,Jeep,23995.0,Wrangler,Unlimited,2017.0,9.8872175,19676.232,4318.767578125,4318.767578125,18.0
26210,6634.0,2.0,0,0,1,0,0,1,6.0,False,SUV,Toyota,74988.0,Land,Cruiser,2025.0,11.164026,70545.42,4442.578125,4442.578125,5.92
22714,256415.0,9.0,0,0,0,0,1,0,4.0,False,Sedan,Toyota,10990.0,Corolla,Sedan,2018.0,9.488269,13202.918,-2212.91796875,2212.91796875,-20.14
22433,124537.0,6.0,0,0,0,0,0,0,0.0,False,Sedan,Tesla,34888.0,Model,Y,2021.0,10.22537,27593.463,7294.537109375,7294.537109375,20.91
10305,63387.0,3.0,0,0,0,0,0,0,8.0,False,Pickup Truck,GMC,54980.0,Sierra,1500,2024.0,10.866107,52369.934,2610.06640625,2610.06640625,4.75
25417,90000.0,4.0,0,1,0,0,0,0,6.0,False,Van,RAM,33770.0,ProMaster,Cargo Van,2023.0,10.490205,35960.523,-2190.5234375,2190.5234375,-6.49
28786,87560.0,7.0,0,0,0,0,0,0,4.0,False,SUV,Hyundai,22995.0,Santa,Fe,2020.0,10.0146885,22351.389,643.611328125,643.611328125,2.8
22243,97600.0,6.0,0,1,0,0,0,0,0.0,False,Sedan,Tesla,24388.0,Model,3,2021.0,10.324975,30483.541,-6095.541015625,6095.541015625,-24.99
10346,51681.0,3.0,0,0,0,0,0,0,8.0,False,Pickup Truck,GMC,52951.0,Sierra,1500,2024.0,10.939609,56364.277,-3413.27734375,3413.27734375,-6.45
11022,206562.0,9.0,0,0,0,0,1,0,4.0,False,Sedan,Honda,13990.0,Civic,Sedan,2018.0,9.419622,12326.927,1663.0732421875,1663.0732421875,11.89
10108,99979.0,5.0,0,0,0,0,0,0,8.0,False,Pickup Truck,GMC,39980.0,Sierra,1500 Limited,2022.0,10.705295,44590.324,-4610.32421875,4610.32421875,-11.53
24928,57616.0,6.0,0,0,0,0,0,1,4.0,False,SUV,Toyota,27499.0,RAV,4 Hybrid,2021.0,10.535636,37631.977,-10132.9765625,10132.9765625,-36.85
11979,14610.0,3.0,0,0,0,0,0,0,4.0,False,SUV,Hyundai,47139.0,Santa,Fe,2024.0,10.580485,39358.21,7780.7890625,7780.7890625,16.51
27992,117126.0,14.0,0,0,0,0,0,0,4.0,False,Sedan,Honda,13971.0,Civic,Sedan,2013.0,9.339963,11382.986,2588.013671875,2588.013671875,18.52
9516,58477.0,3.0,0,0,0,0,0,0,4.0,False,SUV,Ford,26927.0,Escape,PHEV,2024.0,10.424035,33657.977,-6730.9765625,6730.9765625,-25.0
934,18804.0,2.0,0,0,0,0,0,1,4.0,False,SUV,Honda,46700.0,CR-V,Hybrid,2025.0,10.728814,45651.523,1048.4765625,1048.4765625,2.25
20806,6636.0,2.0,0,0,0,0,0,0,4.0,False,Coupe,Porsche,116500.0,Cayman,718,2025.0,11.470644,95858.99,20641.0078125,20641.0078125,17.72
22275,65170.0,5.0,1,0,0,0,0,0,0.0,False,Sedan,Tesla,27880.0,Model,3,2022.0,10.481301,35641.758,-7761.7578125,7761.7578125,-27.84
833,43630.0,4.0,0,0,0,0,0,0,4.0,False,Sedan,Audi,36888.0,A4,Sedan,2023.0,10.436577,34082.777,2805.22265625,2805.22265625,7.6
25288,61468.0,3.0,1,0,0,0,0,0,4.0,False,SUV,Toyota,33888.0,RAV,4,2024.0,10.513557,36810.2,-2922.19921875,2922.19921875,-8.62
25566,4523.0,1.0,0,0,0,0,0,1,4.0,False,SUV,Honda,52205.0,CR-V,Hybrid,2026.0,10.875089,52842.43,-637.4296875,637.4296875,-1.22
27686,220247.0,13.0,0,0,0,0,0,0,4.0,False,Sedan,Volkswagen,1499.0,Jetta,Sedan,2014.0,8.914137,7435.361,-5936.36083984375,5936.36083984375,-396.02
19243,105.0,2.0,0,0,0,0,0,0,4.0,False,Coupe,Mitsubishi,36865.0,Eclipse,Cross,2025.0,10.533915,37567.25,-702.25,702.25,-1.9
35078,300.0,1.0,0,0,0,0,0,0,4.0,True,Sedan,Honda,39870.0,Civic,Sedan,2026.0,10.596552,39995.688,-125.6875,125.6875,-0.32
33234,113935.0,6.0,0,0,0,0,0,0,4.0,True,Sedan,Toyota,23000.0,Corolla,Sedan,2021.0,10.046288,23068.98,-68.98046875,68.98046875,-0.3
9585,32901.0,2.0,1,0,0,0,0,0,4.0,False,baseline_value_here,Ford,44571.0,Mustang,Convertible,2025.0,10.522433,37138.387,7432.61328125,7432.61328125,16.68
12086,52966.0,7.0,0,0,0,0,0,0,4.0,False,SUV,Hyundai,23976.0,Santa,Fe,2020.0,10.188211,26586.898,-2610.8984375,2610.8984375,-10.89
25992,60251.0,4.0,0,0,0,0,0,1,4.0,False,SUV,Toyota,41800.0,RAV,4,2023.0,10.623546,41090.05,709.94921875,709.94921875,1.7
22906,12763.0,2.0,0,0,0,0,0,0,4.0,False,SUV,Toyota,40900.0,RAV,4,2025.0,10.677322,43360.29,-2460.2890625,2460.2890625,-6.02
7794,235000.0,10.0,0,0,0,0,0,0,8.0,False,Pickup Truck,Chevrolet,22900.0,Silverado,1500,2017.0,9.79666,17972.621,4927.37890625,4927.37890625,21.52
30677,23550.0,3.0,0,0,0,0,0,1,4.0,False,SUV,Toyota,53995.0,Highlander,Hybrid,2024.0,10.726537,45547.67,8447.328125,8447.328125,15.64
8314,50002.0,3.0,0,0,0,0,0,0,6.0,False,Minivan,Chrysler,38710.0,Grand,Caravan,2024.0,10.5367985,37675.75,1034.25,1034.25,2.67
8358,61387.0,5.0,0,0,0,0,0,0,6.0,False,Minivan,Chrysler,29899.0,Grand,Caravan,2022.0,10.420622,33543.29,-3644.2890625,3644.2890625,-12.19
28512,67480.0,5.0,0,1,1,0,0,0,4.0,False,SUV,Toyota,33988.0,RAV,4,2022.0,10.382788,32297.875,1690.125,1690.125,4.97
1472,25102.0,3.0,0,0,0,0,0,0,8.0,False,Pickup Truck,Chevrolet,47427.0,Silverado,1500,2024.0,10.869778,52562.523,-5135.5234375,5135.5234375,-10.83
2963,191653.0,9.0,0,0,0,0,0,1,6.0,False,Minivan,Chrysler,16938.0,Pacifica,Hybrid,2018.0,9.793421,17914.486,-976.486328125,976.486328125,-5.77
1080,49317.0,5.0,0,0,0,0,0,0,8.0,False,Pickup Truck,Chevrolet,55990.0,Silverado,1500,2022.0,10.748357,46552.47,9437.53125,9437.53125,16.86
13615,122093.0,6.0,0,0,0,0,0,0,6.0,False,SUV,Jeep,30695.0,Wrangler,Unlimited,2021.0,10.296496,29627.629,1067.37109375,1067.37109375,3.48
14985,83093.0,6.0,0,0,0,0,0,0,6.0,False,SUV,Land,43880.0,Rover,Range Rover Sport,2021.0,10.639035,41731.49,2148.51171875,2148.51171875,4.9
692,100972.0,5.0,0,0,0,0,0,0,4.0,False,Sedan,Honda,22488.0,Civic,Sedan,2022.0,10.074803,23736.31,-1248.310546875,1248.310546875,-5.55
25913,65110.0,10.0,0,1,0,0,0,0,4.0,False,Hatchback,Volkswagen,16868.0,Golf,SportWagen,2017.0,9.818458,18368.695,-1500.6953125,1500.6953125,-8.9
7778,60345.0,3.0,0,0,0,0,0,0,8.0,False,Pickup Truck,Chevrolet,39998.0,Silverado,1500,2024.0,10.80906,49465.953,-9467.953125,9467.953125,-23.67
9068,291135.0,14.0,0,0,0,0,0,0,6.0,False,Minivan,Dodge,2998.0,Grand,Caravan,2013.0,8.083677,3240.13,-242.1298828125,242.1298828125,-8.08
32161,20285.0,4.0,0,0,0,0,0,0,4.0,False,Coupe,Audi,67968.0,TTS,Coupe,2023.0,10.795754,48812.12,19155.87890625,19155.87890625,28.18
32900,97767.0,5.0,0,0,0,0,0,0,4.0,False,SUV,Hyundai,29895.0,Santa,Cruz,2022.0,10.137259,25266.102,4628.8984375,4628.8984375,15.48
2097,131225.0,8.0,0,0,0,0,0,0,6.0,False,SUV,Jeep,24988.0,Wrangler,Unlimited,2019.0,10.076973,23787.867,1200.1328125,1200.1328125,4.8
8081,199057.0,12.0,0,0,0,0,0,0,8.0,False,Pickup Truck,Chevrolet,15995.0,Silverado,1500,2015.0,9.732272,16851.8,-856.80078125,856.80078125,-5.36
27071,47000.0,4.0,0,1,1,0,0,0,0.0,False,Sedan,Tesla,32990.0,Model,3,2023.0,10.584438,39514.105,-6524.10546875,6524.10546875,-19.78
37089,40961.0,3.0,0,0,0,0,0,1,4.0,False,SUV,Honda,41595.0,CR-V,Hybrid,2024.0,10.65091,42230.023,-635.0234375,635.0234375,-1.53
21108,79131.0,6.0,0,0,0,0,0,0,6.0,False,Van,RAM,29888.0,ProMaster,Cargo Van,2021.0,10.379438,32189.879,-2301.87890625,2301.87890625,-7.7
24771,81863.0,4.0,0,0,0,0,0,0,4.0,False,Wagon,Volvo,45999.0,V60,Cross Country,2023.0,10.553292,38302.336,7696.6640625,7696.6640625,16.73
24923,19164.0,3.0,0,1,0,0,1,0,4.0,False,Sedan,Honda,27440.0,Civic,Sedan,2024.0,10.285836,29313.46,-1873.4609375,1873.4609375,-6.83
36101,63600.0,9.0,1,0,1,0,0,0,4.0,False,Van,Mercedes-Benz,29999.0,Metris,Cargo Van,2018.0,10.331814,30692.734,-693.734375,693.734375,-2.31
2715,29681.0,3.0,0,0,0,0,0,0,4.0,False,Sedan,Honda,29937.0,Civic,Sedan,2024.0,10.271104,28884.756,1052.244140625,1052.244140625,3.51
26895,48157.0,2.0,0,0,0,0,0,1,4.0,False,SUV,Toyota,47995.0,RAV,4 Hybrid,2025.0,10.736309,45994.97,2000.03125,2000.03125,4.17
8074,52183.0,10.0,1,0,0,0,0,0,0.0,False,Hatchback,Chevrolet,19990.0,Bolt,EV,2017.0,9.9252405,20438.826,-448.826171875,448.826171875,-2.25
8042,64400.0,3.0,0,0,0,0,0,0,8.0,False,Pickup Truck,Chevrolet,53888.0,Silverado,1500,2024.0,10.758747,47038.695,6849.3046875,6849.3046875,12.71
36881,41556.0,6.0,0,1,1,0,0,0,4.0,False,SUV,Toyota,29688.0,RAV,4,2021.0,10.427829,33785.91,-4097.91015625,4097.91015625,-13.8
36956,83844.0,7.0,0,0,0,0,0,0,4.0,False,SUV,Land,25499.0,Rover,Range Rover Evoque,2020.0,10.410501,33205.49,-7706.48828125,7706.48828125,-30.22
31400,58453.0,6.0,0,0,0,0,0,0,8.0,False,Pickup Truck,GMC,49985.0,Sierra,1500,2021.0,10.795418,48795.69,1189.30859375,1189.30859375,2.38
7696,25.0,2.0,0,0,0,0,0,0,8.0,False,Pickup Truck,Chevrolet,61848.0,Silverado,1500,2025.0,11.088376,65405.44,-3557.44140625,3557.44140625,-5.75
11128,23025.0,2.0,0,0,0,0,0,0,4.0,False,Sedan,Honda,32495.0,Civic,Sedan,2025.0,10.313957,30149.514,2345.486328125,2345.486328125,7.22
815,57993.0,4.0,0,0,0,0,0,0,0.0,False,SUV,Ford,31999.0,Mustang,Mach-E,2023.0,10.497208,36213.24,-4214.23828125,4214.23828125,-13.17
24553,13257.0,2.0,0,0,0,0,0,0,0.0,False,SUV,Volvo,83888.0,XC90,Plug-in Hybrid,2025.0,11.278288,79084.74,4803.2578125,4803.2578125,5.73
1616,97587.0,6.0,0,0,0,0,0,0,6.0,False,SUV,Jeep,31986.0,Grand,Cherokee,2021.0,10.40832,33133.17,-1147.171875,1147.171875,-3.59
2114,148000.0,17.0,0,0,0,0,0,0,4.0,True,Hatchback,Volkswagen,6995.0,Golf,Standard Model,2010.0,8.99911,8094.877,-1099.876953125,1099.876953125,-15.72
27288,53040.0,4.0,0,0,0,0,0,0,4.0,True,Hatchback,Volkswagen,31398.0,Golf,GTI,2023.0,10.492814,36054.477,-4656.4765625,4656.4765625,-14.83
22921,60251.0,4.0,0,0,0,0,0,1,4.0,False,SUV,Toyota,46200.0,RAV,4,2023.0,10.623546,41090.05,5109.94921875,5109.94921875,11.06
28708,300.0,1.0,0,0,0,0,0,1,4.0,False,SUV,Honda,54640.0,CR-V,Hybrid,2026.0,10.881476,53181.06,1458.94140625,1458.94140625,2.67
2118,136719.0,10.0,0,0,0,0,0,1,4.0,False,Sedan,Ford,12490.0,Fusion,Hybrid,2017.0,9.464239,12889.413,-399.4130859375,399.4130859375,-3.2
11868,14897.0,3.0,0,0,0,0,0,0,4.0,False,SUV,Hyundai,44706.0,Santa,Fe,2024.0,10.580485,39358.21,5347.7890625,5347.7890625,11.96
22584,118857.0,5.0,0,0,0,0,0,0,0.0,False,Sedan,Tesla,24995.0,Model,3,2022.0,10.35037,31267.623,-6272.623046875,6272.623046875,-25.1
13624,78393.0,3.0,0,0,0,0,0,0,6.0,False,SUV,Jeep,62077.0,Grand,Cherokee,2024.0,10.623418,41084.8,20992.19921875,20992.19921875,33.82
14715,35293.0,4.0,0,0,0,0,0,0,6.0,False,SUV,Land,120900.0,Rover,Range Rover,2023.0,11.230107,75364.68,45535.3203125,45535.3203125,37.66
8588,87442.0,3.0,0,0,0,0,0,0,6.0,False,Minivan,Chrysler,32995.0,Grand,Caravan,2024.0,10.38202,32273.09,721.91015625,721.91015625,2.19
26485,273000.0,20.0,0,0,0,0,0,0,4.0,False,Hatchback,Volkswagen,3950.0,Golf,GTI,2007.0,7.1140313,1228.0924,2721.9075927734375,2721.9075927734375,68.91
8235,7.0,0.0,0,0,0,0,0,0,6.0,False,Minivan,Chrysler,51687.0,Grand,Caravan,2027.0,10.868121,52475.523,-788.5234375,788.5234375,-1.53
10171,103627.0,4.0,0,0,0,0,0,0,8.0,False,Pickup Truck,GMC,52477.0,Sierra,1500,2023.0,10.784152,48249.043,4227.95703125,4227.95703125,8.06
18015,93272.0,5.0,0,0,0,0,0,0,4.0,False,baseline_value_here,Mazda,28698.0,MX-5,Miata Roadster,2022.0,10.161616,25889.11,2808.890625,2808.890625,9.79
11264,170640.0,6.0,0,0,0,0,0,0,4.0,False,Sedan,Honda,17280.0,Civic,Sedan,2021.0,9.863116,19207.656,-1927.65625,1927.65625,-11.16
28300,88691.0,6.0,0,0,0,0,0,0,4.0,False,SUV,Volkswagen,25995.0,Atlas,Cross Sport,2021.0,10.207902,27115.615,-1120.615234375,1120.615234375,-4.31
22369,166093.0,7.0,0,0,0,0,0,0,0.0,False,Sedan,Tesla,27995.0,Model,Y,2020.0,10.059414,23373.803,4621.197265625,4621.197265625,16.51
1372,33990.0,7.0,0,0,0,0,0,0,4.0,False,SUV,Land,29700.0,Rover,Range Rover Evoque,2020.0,10.635712,41593.02,-11893.01953125,11893.01953125,-40.04
22995,203869.0,11.0,1,0,0,0,0,0,4.0,False,SUV,Toyota,14498.0,RAV,4,2016.0,9.447185,12671.437,1826.5634765625,1826.5634765625,12.6
1267,32111.0,4.0,0,0,0,0,0,0,4.0,False,SUV,Ford,28995.0,Bronco,Sport,2023.0,10.394844,32689.639,-3694.638671875,3694.638671875,-12.74
25295,92756.0,4.0,0,0,0,0,0,0,4.0,False,Sedan,Honda,22900.0,Civic,Sedan,2023.0,10.137249,25265.861,-2365.861328125,2365.861328125,-10.33
22511,119363.0,10.0,0,0,0,0,0,0,0.0,False,Sedan,Tesla,26999.0,Model,S,2017.0,10.303286,29829.469,-2830.46875,2830.46875,-10.48
37367,26358.0,7.0,0,0,0,0,0,0,4.0,False,SUV,Land,26358.0,Rover,Range Rover Evoque,2020.0,10.625487,41169.914,-14811.9140625,14811.9140625,-56.2
34373,82579.0,7.0,0,0,0,0,0,0,4.0,False,Sedan,Mazda,18000.0,Mazda3,Sport,2020.0,9.929166,20519.217,-2519.216796875,2519.216796875,-14.0
37168,154487.0,17.0,0,0,0,0,0,0,6.0,False,baseline_value_here,Ford,18998.0,Mustang,Convertible,2010.0,9.435278,12521.445,6476.5546875,6476.5546875,34.09
36541,69271.0,5.0,0,1,0,0,0,0,0.0,False,Sedan,Tesla,92998.0,Model,X,2022.0,10.490819,35982.613,57015.38671875,57015.38671875,61.31
18084,90.0,2.0,0,0,0,0,0,0,4.0,False,Sedan,Mazda,42386.0,Mazda3,Sport,2025.0,10.464342,35042.383,7343.6171875,7343.6171875,17.33
31736,150591.0,12.0,0,0,0,0,0,0,4.0,True,Hatchback,Volkswagen,13700.0,Golf,GTI,2015.0,9.348978,11486.078,2213.921875,2213.921875,16.16
2939,163655.0,7.0,0,0,0,0,0,0,8.0,False,Pickup Truck,GMC,25800.0,Sierra,1500,2020.0,10.409583,33175.035,-7375.03515625,7375.03515625,-28.59
14018,18587.0,1.0,0,0,0,0,0,1,4.0,False,SUV,Kia,46900.0,Sportage,Hybrid,2026.0,10.757618,46985.61,-85.609375,85.609375,-0.18
36023,55700.0,5.0,0,0,0,0,0,0,4.0,False,Sedan,Toyota,22198.0,Corolla,Sedan,2022.0,10.155789,25738.688,-3540.6875,3540.6875,-15.95
22562,80638.0,5.0,0,0,0,0,0,0,0.0,False,Sedan,Tesla,37495.0,Model,Y,2022.0,10.458194,34827.586,2667.4140625,2667.4140625,7.11
32746,77113.0,5.0,0,0,0,0,0,0,6.0,False,Sedan,Audi,59995.0,A8,Long,2022.0,10.509453,36659.414,23335.5859375,23335.5859375,38.9
18724,156157.0,8.0,0,0,0,0,0,0,4.0,False,Hatchback,Mercedes-Benz,18995.0,A-Class,Hatchback,2019.0,9.9201,20334.03,-1339.029296875,1339.029296875,-7.05
35165,22344.0,2.0,0,0,0,0,0,1,4.0,False,SUV,Mazda,49929.0,CX-50,Hybrid,2025.0,10.673675,43202.406,6726.59375,6726.59375,13.47
14796,56408.0,5.0,1,0,0,0,0,0,4.0,False,SUV,Land,38880.0,Rover,Range Rover Velar,2022.0,10.874307,52801.125,-13921.125,13921.125,-35.81
36995,55815.0,3.0,0,0,0,0,0,0,4.0,False,SUV,Hyundai,37995.0,Santa,Fe,2024.0,10.449812,34536.88,3458.12109375,3458.12109375,9.1
947,96470.0,11.0,0,0,0,0,0,0,4.0,False,Sedan,Honda,16200.0,Civic,Sedan,2016.0,9.624389,15128.303,1071.697265625,1071.697265625,6.62
29807,46421.0,9.0,0,0,0,0,0,0,4.0,False,Sedan,Honda,24995.0,Accord,Sedan,2018.0,9.965027,21268.445,3726.5546875,3726.5546875,14.91
22374,183520.0,6.0,0,0,0,0,0,0,0.0,False,Sedan,Tesla,27995.0,Model,Y,2021.0,10.039799,22919.77,5075.23046875,5075.23046875,18.13
29621,300.0,1.0,0,0,0,0,0,1,4.0,False,SUV,Honda,54140.0,CR-V,Hybrid,2026.0,10.881476,53181.06,958.94140625,958.94140625,1.77
20983,72.0,2.0,0,0,0,0,0,0,6.0,False,Van,RAM,47794.0,ProMaster,Cargo Van,2025.0,10.896853,54005.164,-6211.1640625,6211.1640625,-13.0
11325,60693.0,2.0,0,0,0,0,1,1,4.0,False,Sedan,Honda,32190.0,Civic,Sedan,2025.0,10.3514185,31300.412,889.587890625,889.587890625,2.76
9490,197888.0,21.0,0,0,0,0,0,0,6.0,True,baseline_value_here,Ford,14888.0,Mustang,Convertible,2006.0,9.169889,9602.5625,5285.4375,5285.4375,35.5
2464,20.0,2.0,0,0,0,0,0,0,4.0,False,SUV,Ford,40800.0,Bronco,Sport,2025.0,10.69096,43955.684,-3155.68359375,3155.68359375,-7.73
154,100939.0,11.0,0,0,0,0,0,0,4.0,False,SUV,Toyota,17998.0,RAV,4,2016.0,9.840345,18775.2,-777.19921875,777.19921875,-4.32
27433,87156.0,15.0,0,0,0,0,0,0,6.0,False,Coupe,Hyundai,9999.0,Genesis,Sedan,2012.0,9.407532,12178.7705,-2179.7705078125,2179.7705078125,-21.8
22807,61434.0,6.0,0,0,0,0,0,0,4.0,False,SUV,Toyota,31195.0,RAV,4,2021.0,10.363832,31691.41,-496.41015625,496.41015625,-1.59
22754,62000.0,3.0,0,0,0,0,0,0,4.0,False,Sedan,Toyota,25450.0,Corolla,Sedan,2024.0,10.22089,27470.105,-2020.10546875,2020.10546875,-7.94
37161,141847.0,10.0,0,0,0,0,0,0,4.0,False,SUV,Hyundai,12750.0,Santa,Fe Sport,2017.0,9.536164,13850.714,-1100.7138671875,1100.7138671875,-8.63
23519,220809.0,13.0,0,0,0,0,1,0,4.0,True,Sedan,Volkswagen,5490.0,Jetta,Sedan,2014.0,8.929437,7550.0107,-2060.0107421875,2060.0107421875,-37.52
32728,19000.0,2.0,0,0,0,0,0,1,4.0,False,SUV,Honda,44988.0,CR-V,Hybrid,2025.0,10.726924,45565.312,-577.3125,577.3125,-1.28
34431,501.0,1.0,0,0,0,0,0,0,6.0,False,SUV,Jeep,86888.0,Grand,Wagoneer,2026.0,11.104324,66456.93,20431.0703125,20431.0703125,23.51
30833,69094.0,5.0,0,0,0,0,0,0,6.0,False,Hatchback,Audi,48488.0,S5,Coupe,2022.0,10.671896,43125.633,5362.3671875,5362.3671875,11.06
30942,25968.0,3.0,0,0,0,0,0,0,8.0,False,Pickup Truck,GMC,61995.0,Sierra,1500,2024.0,10.977471,58539.34,3455.66015625,3455.66015625,5.57
14935,95874.0,5.0,0,0,0,0,0,0,4.0,False,SUV,Land,54888.0,Rover,Range Rover Sport,2022.0,10.707591,44692.844,10195.15625,10195.15625,18.57
32175,11102.0,4.0,0,0,0,0,0,0,4.0,False,Sedan,Audi,35495.0,A3,Sedan,2023.0,10.619941,40942.188,-5447.1875,5447.1875,-15.35
36487,288000.0,17.0,0,0,0,0,0,0,4.0,False,Hatchback,Volkswagen,2500.0,Golf,City,2010.0,7.549033,1897.9059,602.0941162109375,602.0941162109375,24.08
8026,110000.0,13.0,0,0,0,0,1,0,8.0,False,Pickup Truck,Chevrolet,29900.0,Silverado,3500 HD,2014.0,10.018405,22434.615,7465.384765625,7465.384765625,24.97
1637,42600.0,4.0,0,0,0,0,0,0,4.0,False,SUV,Ford,30995.0,Bronco,Sport,2023.0,10.412349,33266.918,-2271.91796875,2271.91796875,-7.33
8447,86487.0,3.0,1,0,0,0,0,0,6.0,False,Minivan,Chrysler,31890.0,Grand,Caravan,2024.0,10.385857,32397.15,-507.150390625,507.150390625,-1.59
3176,3446.0,1.0,0,0,0,0,0,0,8.0,False,Pickup Truck,GMC,70799.0,Sierra,1500,2026.0,11.306737,81366.97,-10567.96875,10567.96875,-14.93
1570,195025.0,10.0,0,0,0,0,0,0,4.0,False,Sedan,Honda,11500.0,Civic,Sedan,2017.0,9.350381,11502.204,-2.2041015625,2.2041015625,-0.02
33251,5269.0,1.0,0,0,0,0,0,1,4.0,False,SUV,Toyota,44910.0,RAV,4,2026.0,10.936095,56166.594,-11256.59375,11256.59375,-25.06
34675,240000.0,6.0,0,0,0,0,0,0,4.0,False,Sedan,Honda,14777.0,Civic,Sedan,2021.0,9.693857,16216.679,-1439.6787109375,1439.6787109375,-9.74
1674,42627.0,3.0,0,0,0,0,0,0,6.0,False,SUV,Jeep,52194.0,Grand,Cherokee,2024.0,10.804779,49254.637,2939.36328125,2939.36328125,5.63
15124,21.0,2.0,0,0,0,0,0,0,4.0,False,SUV,Land,70994.0,Rover,Range Rover Evoque,2025.0,11.269357,78381.56,-7387.5625,7387.5625,-10.41
22834,72101.0,4.0,1,0,0,0,1,0,4.0,False,Sedan,Toyota,26885.0,Corolla,Cross,2023.0,10.159774,25841.451,1043.548828125,1043.548828125,3.88
1661,18923.0,3.0,0,0,0,0,0,0,8.0,False,Pickup Truck,Ford,64923.0,F-250,Super Duty,2024.0,11.064168,63841.09,1081.91015625,1081.91015625,1.67
22449,132000.0,7.0,0,0,0,0,0,0,0.0,False,Sedan,Tesla,25988.0,Model,3,2020.0,10.164532,25964.7,23.30078125,23.30078125,0.09
27789,50444.0,5.0,0,0,0,0,0,0,4.0,False,Sedan,Toyota,25999.0,Corolla,Hatchback 5-Door,2022.0,10.1621895,25903.953,95.046875,95.046875,0.37
16119,109305.0,5.0,0,0,0,0,0,0,6.0,False,SUV,Lincoln,61888.0,Navigator,L,2022.0,10.926191,55613.06,6274.94140625,6274.94140625,10.14
23420,176038.0,12.0,0,0,0,0,1,0,4.0,False,Sedan,Volkswagen,8990.0,Jetta,Sedan,2015.0,9.070035,8689.928,300.072265625,300.072265625,3.34
11280,107921.0,2.0,0,0,0,0,0,1,4.0,False,SUV,Honda,37499.0,CR-V,Hybrid,2025.0,10.4742365,35390.836,2108.1640625,2108.1640625,5.62
11083,91759.0,4.0,0,0,0,0,0,1,4.0,False,SUV,Honda,35795.0,CR-V,Hybrid,2023.0,10.447485,34456.605,1338.39453125,1338.39453125,3.74
38782,230000.0,9.0,0,0,0,0,0,0,0.0,False,Sedan,Tesla,11900.0,Model,3,2018.0,9.712593,16523.395,-4623.39453125,4623.39453125,-38.85
29357,150000.0,10.0,1,0,1,0,0,0,6.0,False,Minivan,Dodge,11888.0,Grand,Caravan,2017.0,9.46134,12852.096,-964.095703125,964.095703125,-8.11
6393,16799.0,2.0,0,0,0,0,0,0,4.0,False,SUV,Buick,33495.0,Encore,GX,2025.0,10.38541,32382.693,1112.306640625,1112.306640625,3.32
2580,73000.0,6.0,0,0,0,0,0,0,6.0,False,SUV,Jeep,36499.0,Wrangler,Unlimited,2021.0,10.505865,36528.12,-29.12109375,29.12109375,-0.08
10231,126301.0,10.0,0,0,0,0,0,0,8.0,False,Pickup Truck,GMC,26800.0,Sierra,1500,2017.0,10.255788,28445.71,-1645.7109375,1645.7109375,-6.14
7821,165628.0,18.0,1,0,0,0,0,1,4.0,False,Sedan,Chevrolet,3985.0,Malibu,Hybrid,2009.0,8.819495,6763.8486,-2778.8486328125,2778.8486328125,-69.73
791,51405.0,6.0,0,0,0,0,0,0,6.0,False,SUV,Jeep,32647.0,Grand,Cherokee,2021.0,10.613276,40670.2,-8023.19921875,8023.19921875,-24.58
13497,109192.0,6.0,0,0,0,0,0,0,6.0,False,SUV,Jeep,24488.0,Grand,Cherokee,2021.0,10.3131895,30126.375,-5638.375,5638.375,-23.03
33849,238500.0,8.0,0,0,0,0,0,0,6.0,False,Van,Ford,24497.0,Transit,Cargo Van,2019.0,9.646766,15470.667,9026.3330078125,9026.3330078125,36.85
24722,16637.0,2.0,0,0,0,0,0,0,0.0,False,SUV,Volvo,88980.0,XC90,Plug-in Hybrid,2025.0,11.269054,78357.87,10622.1328125,10622.1328125,11.94
185,53974.0,4.0,1,0,0,0,0,0,6.0,False,SUV,Land,42995.0,Rover,Range Rover Velar,2023.0,11.172085,71116.22,-28121.21875,28121.21875,-65.41
6582,47819.0,4.0,0,0,1,0,0,0,4.0,False,SUV,Buick,28489.0,Encore,GX,2023.0,10.17921,26348.635,2140.365234375,2140.365234375,7.51
13330,325743.0,14.0,0,0,0,0,0,0,6.0,False,SUV,Jeep,5990.0,Grand,Cherokee,2013.0,8.680119,5883.744,106.255859375,106.255859375,1.77
9308,38043.0,3.0,0,0,0,0,0,0,8.0,False,Pickup Truck,Ford,57973.0,F-350,Super Duty,2024.0,11.027085,61517.01,-3544.01171875,3544.01171875,-6.11
30828,79935.0,10.0,0,0,0,0,0,0,4.0,False,Sedan,Mercedes-Benz,17950.0,C-Class,Sedan,2017.0,9.993219,21876.617,-3926.6171875,3926.6171875,-21.88
28471,142217.0,5.0,0,0,0,0,0,0,0.0,False,Sedan,Tesla,26990.0,Model,3,2022.0,10.289311,29415.512,-2425.51171875,2425.51171875,-8.99
28464,147929.0,6.0,0,0,0,0,0,0,8.0,False,Pickup Truck,Chevrolet,34990.0,Silverado,1500,2021.0,10.406472,33071.99,1918.01171875,1918.01171875,5.48
25146,576.0,2.0,0,0,0,0,0,0,6.0,False,SUV,Jeep,52999.0,Grand,Cherokee L,2025.0,11.0145235,60749.07,-7750.0703125,7750.0703125,-14.62
33772,81755.0,6.0,0,0,0,0,0,1,4.0,False,SUV,Toyota,34999.0,RAV,4 Hybrid,2021.0,10.416711,33412.35,1586.6484375,1586.6484375,4.53
34239,47321.0,3.0,0,0,0,0,0,0,4.0,False,SUV,Toyota,37995.0,RAV,4,2024.0,10.552386,38267.65,-272.6484375,272.6484375,-0.72
34260,143000.0,9.0,0,0,0,0,0,0,4.0,False,Sedan,Honda,19999.0,Accord,Sedan,2018.0,9.712733,16525.713,3473.287109375,3473.287109375,17.37
32143,20570.0,3.0,1,0,1,0,0,0,4.0,False,Sedan,Honda,30995.0,Civic,Sedan,2024.0,10.297955,29670.865,1324.134765625,1324.134765625,4.27
22639,47000.0,6.0,0,1,0,0,0,0,0.0,False,Sedan,Tesla,83786.0,Model,S,2021.0,10.447095,34443.168,49342.83203125,49342.83203125,58.89
13598,101536.0,15.0,0,0,0,0,0,0,6.0,False,SUV,Jeep,15500.0,Grand,Cherokee,2012.0,9.773727,17565.121,-2065.12109375,2065.12109375,-13.32
29238,191953.0,13.0,0,0,0,0,0,0,4.0,False,Sedan,Honda,10990.0,Civic,Sedan,2014.0,9.216335,10059.129,930.87109375,930.87109375,8.47
31148,210000.0,17.0,1,0,1,0,1,1,4.0,False,Sedan,Toyota,8499.0,Camry,Hybrid,2010.0,8.972925,7885.6377,613.3623046875,613.3623046875,7.22
34098,81723.0,3.0,0,0,0,0,0,0,6.0,False,SUV,Jeep,42990.0,Grand,Cherokee L,2024.0,10.614133,40705.086,2284.9140625,2284.9140625,5.31
11169,122638.0,8.0,0,0,0,0,0,0,4.0,False,Sedan,Honda,22500.0,Accord,Sedan,2019.0,9.8302355,18586.33,3913.669921875,3913.669921875,17.39
30013,37540.0,7.0,0,0,0,0,0,0,4.0,False,Sedan,Toyota,21990.0,Corolla,Sedan,2020.0,10.128473,25045.098,-3055.09765625,3055.09765625,-13.89
25885,62414.0,7.0,0,0,0,0,0,1,4.0,False,Sedan,Honda,25895.0,Accord,Hybrid,2020.0,10.137851,25281.07,613.9296875,613.9296875,2.37
25995,143181.0,6.0,0,0,0,0,0,0,6.0,False,SUV,Jeep,25995.0,Grand,Cherokee,2021.0,10.248068,28226.95,-2231.94921875,2231.94921875,-8.59
38661,42961.0,5.0,1,0,0,0,0,0,4.0,False,Sedan,Honda,26362.0,Civic,Sedan,2022.0,10.185465,26513.973,-151.97265625,151.97265625,-0.58
2797,56750.0,5.0,0,0,0,0,0,0,4.0,False,Sedan,Honda,24990.0,Civic,Sedan,2022.0,10.153413,25677.59,-687.58984375,687.58984375,-2.75
8952,11885.0,3.0,0,0,0,0,0,0,0.0,False,Sedan,Dodge,65000.0,Charger,Daytona,2024.0,10.699595,44336.914,20663.0859375,20663.0859375,31.79
12052,148868.0,12.0,0,0,0,0,0,0,4.0,False,SUV,Hyundai,9450.0,Santa,Fe Sport,2015.0,9.218687,10082.816,-632.81640625,632.81640625,-6.7
198,63068.0,5.0,1,0,1,0,0,0,0.0,False,SUV,Jeep,34880.0,Wrangler,Unlimited,2022.0,10.477072,35491.324,-611.32421875,611.32421875,-1.75
14790,43238.0,6.0,0,0,0,0,0,0,6.0,False,SUV,Land,67900.0,Rover,Range Rover,2021.0,10.8613,52118.812,15781.1875,15781.1875,23.24
25431,54000.0,5.0,1,0,1,0,0,1,4.0,False,SUV,Ford,23770.0,Escape,PHEV,2022.0,10.245958,28167.463,-4397.462890625,4397.462890625,-18.5
2207,179508.0,13.0,0,0,0,0,0,0,6.0,False,SUV,Jeep,14995.0,Wrangler,Unlimited,2014.0,9.417277,12298.051,2696.94921875,2696.94921875,17.99
34861,126134.0,5.0,0,0,0,0,0,0,4.0,False,Sedan,Honda,21995.0,Civic,Sedan,2022.0,10.022322,22522.662,-527.662109375,527.662109375,-2.4
23721,130520.0,12.0,0,0,0,0,0,0,4.0,False,Hatchback,Volkswagen,10995.0,Golf,Standard Model,2015.0,9.351124,11510.753,-515.7529296875,515.7529296875,-4.69
2334,62700.0,6.0,0,0,0,0,0,0,4.0,False,Sedan,Honda,20995.0,Civic,Sedan,2021.0,10.056242,23299.777,-2304.77734375,2304.77734375,-10.98
15011,11797.0,1.0,0,0,0,0,1,0,4.0,False,SUV,Land,52995.0,Rover,Range Rover Evoque,2026.0,11.06517,63905.113,-10910.11328125,10910.11328125,-20.59
24643,94618.0,5.0,0,0,0,0,0,1,4.0,False,SUV,Volvo,43999.0,XC90,Recharge,2022.0,10.627034,41233.65,2765.3515625,2765.3515625,6.29
2617,172782.0,9.0,0,0,0,0,0,1,8.0,False,Pickup Truck,GMC,28998.0,Sierra,1500,2018.0,10.152044,25642.47,3355.529296875,3355.529296875,11.57
11043,119000.0,3.0,0,0,0,0,0,1,4.0,False,SUV,Honda,34450.0,CR-V,Hybrid,2024.0,10.422068,33591.82,858.1796875,858.1796875,2.49
38380,31250.0,4.0,0,0,0,0,0,0,4.0,False,Sedan,Honda,30595.0,Civic,Sedan,2023.0,10.221959,27499.49,3095.509765625,3095.509765625,10.12
2887,46000.0,3.0,0,0,0,0,0,0,6.0,False,SUV,Jeep,40900.0,Grand,Cherokee,2024.0,10.791894,48624.043,-7724.04296875,7724.04296875,-18.89
26660,30550.0,9.0,0,0,0,0,0,0,8.0,False,Coupe,Chevrolet,84995.0,Corvette,Z06,2018.0,11.087315,65336.055,19658.9453125,19658.9453125,23.13
25681,142000.0,13.0,0,0,0,0,0,0,4.0,False,SUV,Toyota,14995.0,RAV,4,2014.0,9.600196,14766.674,228.326171875,228.326171875,1.52
1220,14895.0,3.0,0,0,0,0,0,0,8.0,False,Pickup Truck,GMC,44200.0,Sierra,1500,2024.0,11.057366,63408.336,-19208.3359375,19208.3359375,-43.46
29076,61000.0,5.0,0,0,0,0,0,0,0.0,False,Sedan,Tesla,29988.0,Model,3,2022.0,10.497786,36234.17,-6246.171875,6246.171875,-20.83
1064,73923.0,6.0,0,0,0,0,0,0,4.0,False,Sedan,Toyota,21980.0,Corolla,Sedan,2021.0,10.051472,23188.89,-1208.890625,1208.890625,-5.5
22481,187360.0,10.0,0,0,0,0,1,0,0.0,False,Sedan,Tesla,19995.0,Model,S,2017.0,10.033895,22784.84,-2789.83984375,2789.83984375,-13.95
19598,86920.0,5.0,0,0,0,0,0,0,4.0,False,Coupe,Mitsubishi,20995.0,Eclipse,Cross,2022.0,10.039918,22922.502,-1927.501953125,1927.501953125,-9.18
13317,131675.0,10.0,0,0,0,0,0,0,6.0,False,SUV,Jeep,20998.0,Wrangler,Unlimited,2017.0,9.870489,19349.8,1648.19921875,1648.19921875,7.85
25036,122807.0,7.0,0,0,0,0,0,0,6.0,False,SUV,Jeep,28777.0,Wrangler,Unlimited,2020.0,10.241728,28048.549,728.451171875,728.451171875,2.53
36955,190487.0,15.0,0,0,0,0,0,0,4.0,False,SUV,Toyota,9995.0,RAV,4,2012.0,9.235508,10253.87,-258.8701171875,258.8701171875,-2.59
22779,17686.0,2.0,0,0,0,0,0,0,4.0,False,SUV,Toyota,43995.0,RAV,4,2025.0,10.6474695,42084.96,1910.0390625,1910.0390625,4.34
37701,18200.0,4.0,0,0,0,0,0,0,6.0,False,Hatchback,Audi,53999.0,S5,Sportback,2023.0,10.946284,56741.812,-2742.8125,2742.8125,-5.08
13325,6493.0,2.0,0,0,0,0,0,0,6.0,False,SUV,Jeep,58110.0,Grand,Cherokee,2025.0,10.983179,58874.426,-764.42578125,764.42578125,-1.32
10049,38258.0,2.0,0,0,0,0,0,0,8.0,False,Pickup Truck,GMC,59688.0,Sierra,1500,2025.0,11.029128,61642.81,-1954.80859375,1954.80859375,-3.28
13425,54504.0,6.0,0,0,0,0,0,0,6.0,False,SUV,Jeep,36388.0,Wrangler,Unlimited,2021.0,10.61109,40581.4,-4193.3984375,4193.3984375,-11.52
10474,4600.0,1.0,0,0,0,0,0,0,8.0,False,Pickup Truck,GMC,72840.0,Sierra,1500,2026.0,11.3075285,81431.4,-8591.3984375,8591.3984375,-11.79
4471,5581.0,2.0,0,1,0,0,0,0,0.0,False,Sedan,Audi,63999.0,A6,e-tron,2025.0,11.095766,65890.586,-1891.5859375,1891.5859375,-2.96
21003,167.0,2.0,0,0,0,0,0,0,6.0,False,Van,RAM,58988.0,ProMaster,Window Van,2025.0,10.838389,50938.27,8049.73046875,8049.73046875,13.65
33678,44882.0,6.0,0,0,0,0,0,0,0.0,False,SUV,Ford,32995.0,Mustang,Mach-E,2021.0,10.411643,33243.445,-248.4453125,248.4453125,-0.75
29149,137120.0,11.0,0,0,0,0,1,0,8.0,False,Pickup Truck,GMC,25995.0,Sierra,1500,2016.0,10.053016,23224.723,2770.27734375,2770.27734375,10.66
28469,120070.0,9.0,0,0,0,0,0,0,4.0,False,Coupe,Mitsubishi,16999.0,Eclipse,Cross,2018.0,9.693613,16212.72,786.2802734375,786.2802734375,4.63
33851,72600.0,8.0,0,0,0,0,0,0,4.0,False,Coupe,Ford,28000.0,Mustang,Convertible,2019.0,10.112327,24643.934,3356.06640625,3356.06640625,11.99
26265,240042.0,13.0,0,0,0,0,0,0,4.0,False,Sedan,Volkswagen,5000.0,Jetta,Sedan,2014.0,8.861746,7055.792,-2055.7919921875,2055.7919921875,-41.12
1457,33838.0,2.0,0,0,0,0,0,0,4.0,False,Sedan,Hyundai,33995.0,Elantra,N,2025.0,10.299571,29718.867,4276.1328125,4276.1328125,12.58
25689,8300.0,3.0,0,0,0,0,0,0,0.0,False,SUV,Ford,39988.0,Mustang,Mach-E,2024.0,10.784481,48264.92,-8276.921875,8276.921875,-20.7
37083,114417.0,8.0,0,0,0,0,0,0,8.0,False,Pickup Truck,Chevrolet,39999.0,Silverado,1500,2019.0,10.2947855,29576.982,10422.017578125,10422.017578125,26.06
10309,61347.0,4.0,0,0,0,0,0,0,8.0,False,Pickup Truck,GMC,51889.0,Sierra,1500,2023.0,10.9003315,54193.324,-2304.32421875,2304.32421875,-4.44
19384,85899.0,4.0,0,0,0,0,0,0,4.0,False,Coupe,Mitsubishi,23995.0,Eclipse,Cross,2023.0,10.098704,24310.49,-315.490234375,315.490234375,-1.31
31572,169000.0,12.0,0,0,0,0,0,0,6.0,False,Coupe,Cadillac,7000.0,ATS,Coupe,2015.0,9.222584,10122.187,-3122.1865234375,3122.1865234375,-44.6
32735,99000.0,9.0,0,0,0,0,0,0,4.0,False,Sedan,Honda,17888.0,Civic,Sedan,2018.0,9.817796,18356.541,-468.541015625,468.541015625,-2.62
31149,49995.0,10.0,0,0,0,0,0,0,4.0,False,Sedan,Mercedes-Benz,64500.0,C-Class,Convertible,2017.0,10.1287985,25053.244,39446.755859375,39446.755859375,61.16
32758,135060.0,5.0,0,0,0,0,0,0,6.0,False,Van,Ford,25988.0,Transit,Connect,2022.0,10.304804,29874.793,-3886.79296875,3886.79296875,-14.96
28082,123000.0,12.0,0,0,0,0,0,1,4.0,False,SUV,Toyota,12150.0,Highlander,Hybrid,2015.0,9.724325,16718.402,-4568.40234375,4568.40234375,-37.6
22670,2000.0,1.0,0,0,0,0,0,0,0.0,False,Sedan,Tesla,74500.0,Model,Y,2026.0,11.035056,62009.32,12490.6796875,12490.6796875,16.77
4608,84613.0,4.0,0,0,0,0,0,0,4.0,False,Sedan,Audi,27295.0,A4,Sedan,2023.0,10.313603,30138.848,-2843.84765625,2843.84765625,-10.42
35316,156788.0,9.0,0,0,0,0,0,1,4.0,False,Sedan,Ford,10999.0,Fusion,Energi,2018.0,9.527428,13730.225,-2731.224609375,2731.224609375,-24.83
33599,28206.0,3.0,0,0,0,0,0,0,6.0,False,Minivan,Chrysler,38488.0,Grand,Caravan,2024.0,10.5806875,39366.17,-878.171875,878.171875,-2.28
22289,62400.0,5.0,0,0,0,0,0,0,0.0,False,Sedan,Tesla,26990.0,Model,3,2022.0,10.477828,35518.176,-8528.17578125,8528.17578125,-31.6
19485,91355.0,5.0,0,0,0,0,0,0,4.0,False,Coupe,Mitsubishi,25222.0,Eclipse,Cross,2022.0,10.026924,22626.564,2595.435546875,2595.435546875,10.29
9332,92088.0,11.0,0,0,0,0,0,0,0.0,False,Hatchback,Ford,8500.0,Focus,Electric,2016.0,9.739641,16976.45,-8476.44921875,8476.44921875,-99.72
23579,82098.0,6.0,0,0,0,0,0,0,4.0,False,SUV,Volkswagen,28990.0,Atlas,Cross Sport,2021.0,10.226443,27623.084,1366.916015625,1366.916015625,4.72
8493,71189.0,3.0,0,0,0,0,0,0,6.0,False,Minivan,Chrysler,34888.0,Grand,Caravan,2024.0,10.446859,34435.055,452.9453125,452.9453125,1.3
414,131016.0,8.0,0,1,0,0,0,0,4.0,False,Coupe,Mercedes-Benz,20488.0,C-Class,Sedan,2019.0,10.161205,25878.47,-5390.470703125,5390.470703125,-26.31
2009,62700.0,7.0,0,0,0,0,0,0,4.0,False,SUV,Toyota,24995.0,RAV,4,2020.0,10.280815,29166.639,-4171.638671875,4171.638671875,-16.69
23102,49814.0,2.0,0,0,0,0,0,0,4.0,False,SUV,Toyota,41100.0,RAV,4,2025.0,10.571702,39014.02,2085.98046875,2085.98046875,5.08
10303,63387.0,3.0,0,0,0,0,0,0,8.0,False,Pickup Truck,GMC,54980.0,Sierra,1500,2024.0,10.866107,52369.934,2610.06640625,2610.06640625,4.75
33550,28090.0,4.0,0,0,0,0,0,1,4.0,False,Sedan,Toyota,37995.0,Corolla,Cross Hybrid,2023.0,10.380861,32235.715,5759.28515625,5759.28515625,15.16
27839,92450.0,7.0,0,0,0,0,0,0,8.0,False,Pickup Truck,Ford,51878.0,F-250,Super Duty,2020.0,10.680823,43512.36,8365.640625,8365.640625,16.13
26761,499.0,1.0,0,0,0,0,0,0,4.0,False,SUV,Ford,51690.0,Bronco,Sport,2026.0,10.705636,44605.55,7084.44921875,7084.44921875,13.71
4682,127239.0,8.0,0,0,0,0,0,0,4.0,False,Sedan,Audi,19888.0,A4,Allroad Quattro,2019.0,10.009793,22242.236,-2354.236328125,2354.236328125,-11.84
22832,140000.0,9.0,0,0,0,0,0,1,4.0,False,SUV,Toyota,23888.0,RAV,4 Hybrid,2018.0,10.081367,23892.615,-4.615234375,4.615234375,-0.02
29588,119829.0,6.0,0,0,0,0,0,0,6.0,False,Coupe,Audi,51900.0,RS5,Sportback,2021.0,10.426967,33756.797,18143.203125,18143.203125,34.96
