,price,mileage,Make,Model,MoreInformation_x,Year,Cylinders,Body_Type,Country_of_Origin,y_test,y_pred,actual_price,predicted_price,error,abs_error,pct_error
18423,94995.0,23486.0,Mercedes-Benz,GLE,,2024.0,6,SUV,baseline_value_here,11.461590064433068,11.135667,94994.99999999994,68572.87,26422.13281249994,26422.13281249994,27.81
5031,58239.0,456.0,Audi,Q3,,2026.0,4,SUV,baseline_value_here,10.972327682870567,11.0345,58238.99999999998,61974.85,-3735.851562500022,3735.851562500022,-6.41
8685,28799.0,130572.0,Chrysler,Pacifica,,2022.0,6,Minivan,of_Origin_USA,10.268130666124037,10.204106,28798.999999999993,27012.887,1786.1132812499927,1786.1132812499927,6.2
29716,42910.0,34219.0,Toyota,Highlander,,2023.0,6,SUV,of_Origin_Japan,10.666883482305026,10.78762,42909.99999999998,48416.645,-5506.644531250022,5506.644531250022,-12.83
17675,25999.0,136763.0,Mazda,CX-9,,2022.0,4,SUV,of_Origin_Japan,10.165851817003619,10.09769,25998.999999999985,24285.832,1713.1679687499854,1713.1679687499854,6.59
22406,46880.0,56500.0,Tesla,Model,3,2024.0,Electric,Sedan,of_Origin_USA,10.75536775508141,10.778774,46879.99999999998,47990.26,-1110.2617187500218,1110.2617187500218,-2.37
9551,6900.0,219126.0,Ford,Explorer,,2014.0,6,SUV,of_Origin_USA,8.839421607620602,9.114025,6900.000000000005,9080.776,-2180.7763671874955,2180.7763671874955,-31.61
5796,18995.0,120193.0,BMW,4,Series Gran Coupe,2017.0,baseline_value_here,baseline_value_here,baseline_value_here,9.851983709669012,10.080518,18994.999999999993,23872.344,-4877.343750000007,4877.343750000007,-25.68
11923,17980.0,70143.0,Hyundai,Elantra,,2021.0,4,Sedan,of_Origin_South Korea,9.797070923831638,9.889198,17980.000000000015,19715.248,-1735.2480468749854,1735.2480468749854,-9.65
858,37811.0,35050.0,Mercedes-Benz,GLC,,2022.0,4,SUV,baseline_value_here,10.540381791545276,10.539205,37811.00000000002,37766.516,44.48437500002183,44.48437500002183,0.12
30840,30998.0,38112.0,Volkswagen,Jetta,GLI,2024.0,4,Sedan,baseline_value_here,10.341710224882465,10.41716,30998.000000000025,33427.363,-2429.3632812499745,2429.3632812499745,-7.84
11805,14990.0,162336.0,Hyundai,Elantra,,2021.0,4,Sedan,of_Origin_South Korea,9.615205300012315,9.536332,14990.000000000004,13853.039,1136.9609375000036,1136.9609375000036,7.58
22381,18500.0,117150.0,Tesla,Model,3,2020.0,Electric,Sedan,of_Origin_USA,9.825580063659602,10.207527,18500.0,27105.455,-8605.455078125,8605.455078125,-46.52
7564,47081.0,90.0,Chevrolet,Bolt,,2027.0,Electric,Hatchback,of_Origin_USA,10.759646041355529,10.701092,47081.00000000003,44403.31,2677.691406250029,2677.691406250029,5.69
14773,50995.0,12555.0,Land,Rover,Discovery Sport,2025.0,4,SUV,baseline_value_here,10.839502477258012,10.931467,50994.99999999996,55907.24,-4912.238281250036,4912.238281250036,-9.63
31479,34995.0,8100.0,Ford,Escape,,2024.0,4,SUV,of_Origin_USA,10.462989048226156,10.579689,34995.00000000002,39326.883,-4331.882812499978,4331.882812499978,-12.38
35071,14880.0,128300.0,Volkswagen,Jetta,,2019.0,4,Sedan,baseline_value_here,9.60784051043005,9.928872,14879.999999999993,20513.19,-5633.189453125007,5633.189453125007,-37.86
22117,14500.0,164317.0,Subaru,Forester,,2017.0,4,SUV,of_Origin_Japan,9.581972891547895,9.578974,14500.000000000004,14456.575,43.42480468750364,43.42480468750364,0.3
10297,26308.0,281524.0,GMC,Yukon,,2020.0,8,SUV,of_Origin_USA,10.177666364950163,10.1521015,26308.000000000004,25643.94,664.0605468750036,664.0605468750036,2.52
37442,54888.0,35302.0,Toyota,Tundra,,2023.0,6,Pickup Truck,of_Origin_Japan,10.91306824312329,10.887267,54888.000000000015,53489.914,1398.0859375000146,1398.0859375000146,2.55
6488,21653.0,44585.0,Buick,Encore,GX,2020.0,4,SUV,of_Origin_USA,9.982945473870844,10.12634,21653.000000000007,24991.72,-3338.7207031249927,3338.7207031249927,-15.42
31124,28488.0,42252.0,Kia,Seltos,,2024.0,4,SUV,of_Origin_South Korea,10.257273326840833,10.331732,28487.999999999996,30690.217,-2202.2167968750036,2202.2167968750036,-7.73
7884,89888.0,12739.0,Chevrolet,Camaro,,2020.0,6,Coupe,of_Origin_USA,11.406330854797588,11.109448,89887.99999999994,66798.336,23089.66406249994,23089.66406249994,25.69
11278,3288.0,310240.0,Honda,CR-V,,2008.0,4,SUV,of_Origin_Japan,8.098338846189057,8.08662,3287.999999999999,3249.6829,38.31713867187409,38.31713867187409,1.17
255,17499.0,64566.0,Hyundai,Tucson,,2019.0,4,SUV,of_Origin_South Korea,9.769956159911606,9.905992,17499.000000000015,20049.143,-2550.1425781249854,2550.1425781249854,-14.57
8732,15295.0,102421.0,Dodge,Grand,Caravan,2018.0,6,Minivan,of_Origin_USA,9.635346635291183,9.880028,15295.000000000013,19535.266,-4240.265624999987,4240.265624999987,-27.72
16955,71020.0,4135.0,MINI,Countryman,,2025.0,Electric,SUV,of_Origin_UK,11.170730886938642,10.81398,71020.00000000004,49709.93,21310.070312500044,21310.070312500044,30.01
21009,32888.0,54670.0,RAM,ProMaster,Cargo Van,2021.0,6,Van,of_Origin_USA,10.40089353434265,10.559001,32888.000000000015,38521.625,-5633.624999999985,5633.624999999985,-17.13
16934,73820.0,2802.0,MINI,Countryman,,2025.0,Electric,SUV,of_Origin_UK,11.20939852295661,10.870789,73820.0,52615.688,21204.3125,21204.3125,28.72
37268,38900.0,83000.0,Toyota,RAV,4,2021.0,4,SUV,of_Origin_Japan,10.568775236216993,10.385797,38899.99999999996,32395.205,6504.794921874964,6504.794921874964,16.72
12177,45995.0,6612.0,Hyundai,Tucson,Hybrid,2025.0,4,SUV,of_Origin_South Korea,10.736309715168556,10.718413,45995.00000000002,45179.16,815.8398437500218,815.8398437500218,1.77
34199,55937.0,5.0,GMC,Terrain,,2027.0,4,SUV,of_Origin_USA,10.93199921352475,10.796491,55937.00000000004,48848.074,7088.925781250036,7088.925781250036,12.67
34140,13999.0,96400.0,Honda,CR-Z,,2011.0,4,Hatchback,of_Origin_Japan,9.546812608597396,9.635851,13999.0,15302.715,-1303.71484375,1303.71484375,-9.31
18646,35381.0,39157.0,Mercedes-Benz,GLA,,2022.0,4,SUV,baseline_value_here,10.473958495228558,10.510957,35380.99999999997,36714.59,-1333.589843750029,1333.589843750029,-3.77
10947,37705.0,77789.0,Genesis,G80,,2024.0,4,Sedan,of_Origin_South Korea,10.537574511966529,10.046662,37705.00000000002,23077.629,14627.371093750022,14627.371093750022,38.79
16313,17990.0,129175.0,Lincoln,MKC,,2016.0,4,SUV,of_Origin_USA,9.79762691183662,9.372796,17990.000000000004,11762.962,6227.038085937504,6227.038085937504,34.61
35620,32010.0,26277.0,Subaru,Impreza,,2024.0,4,Sedan,of_Origin_Japan,10.373834872713369,10.276381,32010.000000000007,29037.58,2972.4199218750073,2972.4199218750073,9.29
29083,40988.0,57000.0,Ford,Transit,Cargo Van,2020.0,6,Van,of_Origin_USA,10.621059017006598,10.522206,40988.00000000001,37129.957,3858.0429687500073,3858.0429687500073,9.41
2038,11999.0,185000.0,Subaru,Forester,,2018.0,4,SUV,of_Origin_Japan,9.392661928770137,9.533666,11998.999999999993,13816.147,-1817.1474609375073,1817.1474609375073,-15.14
25353,13988.0,150817.0,Honda,Civic,Sedan,2017.0,4,Sedan,of_Origin_Japan,9.546026585476431,9.59842,13988.00000000001,14740.474,-752.4736328124909,752.4736328124909,-5.38
20575,25299.0,67941.0,Nissan,Rogue,,2023.0,4,SUV,of_Origin_Japan,10.138559674715612,10.33016,25299.000000000015,30642.02,-5343.019531249985,5343.019531249985,-21.12
12744,104972.0,14602.0,Infiniti,QX80,,2026.0,8,SUV,of_Origin_Japan,11.561458453215625,11.403988,104972.00000000007,89677.64,15294.359375000073,15294.359375000073,14.57
38563,78960.0,16352.0,Volvo,XC60,Plug-in Hybrid,2026.0,4,SUV,of_Origin_Sweden,11.27670933866749,11.201723,78959.99999999994,73255.56,5704.437499999942,5704.437499999942,7.22
31752,46988.0,52000.0,Toyota,RAV,4 Hybrid,2024.0,4,SUV,of_Origin_Japan,10.757668810746772,10.640249,46988.0,41782.184,5205.81640625,5205.81640625,11.08
28211,22250.0,88202.0,Lexus,ES,,2015.0,4,Sedan,of_Origin_Japan,10.010142230404668,9.514019,22250.000000000004,13547.336,8702.664062500004,8702.664062500004,39.11
5791,61900.0,51209.0,BMW,M3,,2016.0,6,Sedan,baseline_value_here,11.033291613631048,10.518104,61900.0,36977.93,24922.0703125,24922.0703125,40.26
11108,47888.0,69538.0,Honda,Pilot,,2023.0,6,SUV,of_Origin_Japan,10.77664111193259,10.639412,47888.00000000002,41747.215,6140.785156250022,6140.785156250022,12.82
18723,72995.0,73582.0,Mercedes-Benz,GLE,,2024.0,6,SUV,baseline_value_here,11.198159924108706,10.969233,72995.00000000006,58059.02,14935.980468750058,14935.980468750058,20.46
38020,13990.0,91000.0,Land,Rover,Range Rover Evoque,2013.0,4,SUV,baseline_value_here,9.546169544733285,9.573692,13989.999999999989,14380.419,-390.4189453125109,390.4189453125109,-2.79
38338,39088.0,45800.0,Ford,Maverick,,2024.0,4,Pickup Truck,of_Origin_USA,10.573596376469498,10.568632,39088.00000000002,38894.434,193.56640625002183,193.56640625002183,0.5
7224,2900.0,116170.0,Cadillac,CTS,,2007.0,6,Sedan,of_Origin_USA,7.972810784121404,8.838933,2900.0000000000005,6896.629,-3996.6289062499995,3996.6289062499995,-137.81
29156,57995.0,82368.0,Land,Rover,Defender,2023.0,6,SUV,baseline_value_here,10.968129321633084,10.842356,57994.99999999998,51140.71,6854.289062499978,6854.289062499978,11.82
10145,33245.0,105219.0,GMC,Acadia,,2022.0,4,SUV,of_Origin_USA,10.411689738095404,10.14827,33244.999999999985,25545.86,7699.140624999985,7699.140624999985,23.16
27508,7500.0,90800.0,Chevrolet,Cruze,,2014.0,4,Sedan,of_Origin_USA,8.922791623969637,9.134128,7500.0000000000055,9265.19,-1765.1904296874945,1765.1904296874945,-23.54
29146,26495.0,57617.0,GMC,Terrain,,2022.0,4,SUV,of_Origin_USA,10.184749057184986,10.289077,26494.999999999985,29408.611,-2913.6113281250146,2913.6113281250146,-11.0
37587,52999.0,22811.0,Audi,Q5,Sportback,2025.0,4,SUV,baseline_value_here,10.87804719253426,10.773202,52999.000000000015,47723.586,5275.414062500015,5275.414062500015,9.95
17590,2500.0,210000.0,MINI,3,Door,2014.0,baseline_value_here,baseline_value_here,of_Origin_UK,7.824445930877619,8.874142,2500.0000000000005,7143.8115,-4643.8115234375,4643.8115234375,-185.75
33016,13944.0,216076.0,Toyota,Venza,,2016.0,4,SUV,of_Origin_Japan,9.54287630006159,9.289319,13944.000000000002,10820.8125,3123.187500000002,3123.187500000002,22.4
14032,30663.0,80740.0,Kia,Sportage,,2023.0,4,SUV,of_Origin_South Korea,10.33084460706039,10.176526,30662.999999999978,26278.018,4384.982421874978,4384.982421874978,14.3
29177,20950.0,128000.0,Honda,Civic,Sedan,2020.0,4,Sedan,of_Origin_Japan,9.949941656908011,9.912386,20949.999999999985,20177.762,772.2382812499854,772.2382812499854,3.69
20744,71500.0,26043.0,Porsche,Macan,,2024.0,4,SUV,baseline_value_here,11.177466714598282,10.649591,71500.00000000001,42174.36,29325.640625000015,29325.640625000015,41.01
23675,22888.0,40000.0,Volkswagen,Tiguan,,2021.0,4,SUV,baseline_value_here,10.038411724792649,10.421278,22888.000000000015,33565.305,-10677.304687499985,10677.304687499985,-46.65
4490,35888.0,98820.0,Audi,SQ5,,2021.0,6,SUV,baseline_value_here,10.488186120839014,10.627502,35888.00000000001,41252.96,-5364.960937499993,5364.960937499993,-14.95
23768,18888.0,111000.0,Volkswagen,Jetta,,2020.0,4,Sedan,baseline_value_here,9.84633502103182,10.043906,18888.0,23014.11,-4126.109375,4126.109375,-21.85
25779,33990.0,50019.0,Honda,CR-V,,2023.0,4,SUV,of_Origin_Japan,10.43385106267516,10.3021145,33990.00000000001,29794.555,4195.445312500007,4195.445312500007,12.34
21028,48988.0,56802.0,RAM,ProMaster,Cargo Van,2025.0,6,Van,of_Origin_USA,10.799351062095239,10.765824,48987.99999999998,47372.785,1615.2148437499782,1615.2148437499782,3.3
1859,39820.0,3005.0,Hyundai,Tucson,,2026.0,4,SUV,of_Origin_South Korea,10.5921496903114,10.661552,39820.00000000003,42681.848,-2861.847656249971,2861.847656249971,-7.19
37297,42890.0,24041.0,Honda,CR-V,Hybrid,2024.0,4,SUV,of_Origin_Japan,10.666417292697274,10.709154,42889.999999999985,44762.758,-1872.7578125000146,1872.7578125000146,-4.37
35285,23498.0,35432.0,Volkswagen,Jetta,,2024.0,4,Sedan,baseline_value_here,10.064713146035349,10.440543,23498.000000000007,34218.234,-10720.234374999993,10720.234374999993,-45.62
5856,41587.0,4500.0,Buick,Encore,GX,2026.0,4,SUV,of_Origin_USA,10.63556694309786,10.814554,41586.99999999997,49738.477,-8151.476562500029,8151.476562500029,-19.6
15513,48888.0,63659.0,Lexus,RX,,2022.0,4,SUV,of_Origin_Japan,10.797307701282914,10.568409,48887.99999999999,38885.754,10002.246093749993,10002.246093749993,20.46
12843,43995.0,46993.0,Infiniti,QX60,,2023.0,6,SUV,of_Origin_Japan,10.691853999677008,10.760914,43995.00000000003,47140.73,-3145.730468749971,3145.730468749971,-7.15
23586,32888.0,4165.0,Volkswagen,Taos,,2025.0,4,SUV,baseline_value_here,10.40089353434265,10.923773,32888.000000000015,55478.72,-22590.718749999985,22590.718749999985,-68.69
328,29995.0,124631.0,Nissan,Armada,,2020.0,8,SUV,of_Origin_Japan,10.30881931842128,10.4825945,29995.000000000007,35687.883,-5692.882812499993,5692.882812499993,-18.98
29628,8500.0,188000.0,Honda,CR-V,,2010.0,4,SUV,of_Origin_Japan,9.04793908261736,8.96692,8500.000000000005,7838.418,661.5820312500055,661.5820312500055,7.78
4748,70330.0,90.0,Audi,A5,,2025.0,6,Coupe,baseline_value_here,11.160967947884329,11.322469,70329.99999999996,82657.16,-12327.156250000044,12327.156250000044,-17.53
36339,25000.0,145000.0,Mazda,Mazda3,,2021.0,4,Sedan,of_Origin_Japan,10.12667110305036,9.903243,25000.000000000004,19994.111,5005.888671875004,5005.888671875004,20.02
4681,27787.0,45403.0,Audi,A3,Sedan,2023.0,4,Sedan,baseline_value_here,10.232359551812772,10.3817835,27787.00000000002,32265.457,-4478.457031249982,4478.457031249982,-16.12
6552,10500.0,82523.0,Buick,Encore,,2015.0,4,SUV,of_Origin_USA,9.259225769705994,9.389017,10500.000000000005,11955.342,-1455.3417968749945,1455.3417968749945,-13.86
25714,19980.0,73303.0,Mazda,Mazda3,,2019.0,4,Sedan,of_Origin_Japan,9.902537101000133,9.953933,19980.000000000015,21033.785,-1053.7851562499854,1053.7851562499854,-5.27
25540,30295.0,14499.0,Ford,Bronco,Sport,2024.0,4,SUV,of_Origin_USA,10.31877096958163,10.539012,30294.999999999975,37759.24,-7464.2382812500255,7464.2382812500255,-24.64
15235,55000.0,12950.0,Land,Rover,Range Rover Evoque,2026.0,4,SUV,baseline_value_here,10.915106645867503,10.945675,55000.00000000004,56707.246,-1707.2460937499636,1707.2460937499636,-3.1
25311,23400.0,51628.0,Toyota,Corolla,Sedan,2020.0,4,Sedan,of_Origin_Japan,10.060534035475412,10.120631,23399.999999999993,24849.451,-1449.4511718750073,1449.4511718750073,-6.19
22730,18850.0,113000.0,Toyota,Corolla,Sedan,2019.0,4,Hatchback,of_Origin_Japan,9.844321241866913,9.825778,18850.000000000015,18503.662,346.33789062501455,346.33789062501455,1.84
32752,13998.0,101694.0,Hyundai,ACCENT,,2018.0,4,Hatchback,of_Origin_South Korea,9.546741177474825,9.37695,13997.999999999996,11811.934,2186.0664062499964,2186.0664062499964,15.62
16287,39999.0,46723.0,Lincoln,Corsair,,2024.0,4,SUV,of_Origin_USA,10.596634733096073,10.362244,39998.99999999997,31641.096,8357.90429687497,8357.90429687497,20.9
29113,11995.0,140742.0,Ford,Focus,,2018.0,4,Hatchback,of_Origin_USA,9.392328539868899,9.383061,11994.99999999999,11884.345,110.6552734374909,110.6552734374909,0.92
2578,8888.0,198700.0,Hyundai,Tucson,,2017.0,4,SUV,of_Origin_South Korea,9.092569836241674,9.117522,8887.999999999995,9112.593,-224.59277343750546,224.59277343750546,-2.53
31254,3000.0,299350.0,Toyota,Matrix,,2005.0,4,Hatchback,of_Origin_Japan,8.006700845440367,8.140432,2999.9999999999995,3429.4006,-429.40063476562545,429.40063476562545,-14.31
12159,23855.0,36773.0,Hyundai,Elantra,,2025.0,4,Sedan,of_Origin_South Korea,10.07979103700452,10.257797,23855.000000000022,28502.93,-4647.929687499978,4647.929687499978,-19.48
200,25985.0,54654.0,BMW,3,Series,2019.0,baseline_value_here,baseline_value_here,baseline_value_here,10.165313210442681,10.59696,25984.999999999993,40012.016,-14027.015625000007,14027.015625000007,-53.98
16353,17999.0,87307.0,Lincoln,MKC,,2017.0,4,SUV,of_Origin_USA,9.798127036878302,9.6794815,17999.000000000007,15985.206,2013.7939453125073,2013.7939453125073,11.19
35013,21995.0,19555.0,Nissan,Kicks,,2024.0,4,SUV,of_Origin_Japan,9.998615897627705,10.365283,21994.999999999985,31737.414,-9742.414062500015,9742.414062500015,-44.29
34083,53995.0,49090.0,GMC,Sierra,1500,2024.0,8,Pickup Truck,of_Origin_USA,10.896665248728718,10.883732,53995.00000000002,53301.145,693.8554687500218,693.8554687500218,1.29
18731,54983.0,37266.0,Mercedes-Benz,GLE,,2022.0,6,SUV,baseline_value_here,10.91479751280144,11.003074,54982.99999999996,60057.46,-5074.460937500036,5074.460937500036,-9.23
12849,48495.0,47181.0,Infiniti,Q50,,2023.0,6,Sedan,of_Origin_Japan,10.789236599297585,10.666294,48495.000000000015,42884.715,5610.285156250015,5610.285156250015,11.57
3014,23143.0,24351.0,Volkswagen,Jetta,,2025.0,4,Sedan,baseline_value_here,10.04949084665597,10.518602,23142.999999999993,36996.38,-13853.378906250007,13853.378906250007,-59.86
2343,46500.0,22500.0,Honda,CR-V,Hybrid,2025.0,4,SUV,of_Origin_Japan,10.747229096720554,10.792956,46499.999999999985,48675.73,-2175.7304687500146,2175.7304687500146,-4.68
4595,20777.0,134000.0,Audi,Q5,,2019.0,4,SUV,baseline_value_here,9.941650013630477,9.974227,20777.000000000007,21465.03,-688.0292968749927,688.0292968749927,-3.31
31430,21288.0,47647.0,Honda,Civic,Sedan,2020.0,4,Sedan,of_Origin_Japan,9.96594578637574,10.104031,21288.00000000002,24440.324,-3152.324218749982,3152.324218749982,-14.81
26101,59898.0,5315.0,Audi,Q5,,2025.0,4,SUV,baseline_value_here,11.000415089473368,10.922837,59897.99999999997,55426.84,4471.160156249971,4471.160156249971,7.46
1571,25995.0,8000.0,Volkswagen,Jetta,,2025.0,4,Sedan,baseline_value_here,10.16569795901424,10.627428,25995.00000000002,41249.895,-15254.894531249982,15254.894531249982,-58.68
17652,26450.0,101000.0,Mazda,CX-5,,2022.0,4,SUV,of_Origin_Japan,10.183049243755137,10.191179,26450.00000000002,26665.924,-215.9238281249818,215.9238281249818,-0.82
19553,23995.0,156187.0,Mitsubishi,Outlander,,2020.0,4,SUV,of_Origin_Japan,10.085642428772983,9.951077,23994.999999999993,20973.81,3021.1894531249927,3021.1894531249927,12.59
24946,25988.0,106000.0,Audi,A5,Sportback,2019.0,6,Coupe,baseline_value_here,10.16542865055825,10.393209,25987.999999999985,32636.246,-6648.246093750015,6648.246093750015,-25.58
4458,17958.0,62894.0,Audi,A3,,2016.0,4,Sedan,baseline_value_here,9.795846661018736,9.789164,17957.99999999999,17838.379,119.62109374998909,119.62109374998909,0.67
29316,16899.0,119200.0,Mercedes-Benz,CLA,,2018.0,4,Sedan,baseline_value_here,9.735068900911164,9.8607645,16898.999999999993,19162.535,-2263.5351562500073,2263.5351562500073,-13.39
17282,24898.0,42765.0,MINI,3,Door,2021.0,baseline_value_here,baseline_value_here,of_Origin_UK,10.122582921003769,10.330121,24898.000000000007,30640.82,-5742.820312499993,5742.820312499993,-23.07
5311,68458.0,7149.0,BMW,X1,,2026.0,4,SUV,baseline_value_here,11.13399030490767,10.980854,68457.99999999996,58737.7,9720.300781249956,9720.300781249956,14.2
32260,35658.0,220.0,Buick,Envista,,2026.0,4,SUV,of_Origin_USA,10.48175684839914,10.877913,35658.00000000001,52991.914,-17333.914062499993,17333.914062499993,-48.61
103,13988.0,103822.0,Mazda,Mazda3,,2016.0,4,Sedan,of_Origin_Japan,9.546026585476431,9.567593,13988.00000000001,14292.964,-304.9638671874909,304.9638671874909,-2.18
36683,24999.0,84736.0,Subaru,Forester,,2021.0,4,SUV,of_Origin_Japan,10.126631103850338,10.158014,24999.0,25796.021,-797.021484375,797.021484375,-3.19
13896,27388.0,118501.0,Kia,Carnival,,2022.0,4,Minivan,of_Origin_South Korea,10.217896751915566,10.221603,27388.00000000001,27489.709,-101.70898437498909,101.70898437498909,-0.37
872,63995.0,36578.0,Porsche,Macan,,2024.0,4,SUV,baseline_value_here,11.066575860388603,10.556139,63995.00000000005,38411.53,25583.46875000005,25583.46875000005,39.98
33587,19497.0,77627.0,Kia,Sportage,,2020.0,4,SUV,of_Origin_South Korea,9.878067175189218,9.9754,19497.000000000015,21490.225,-1993.2246093749854,1993.2246093749854,-10.22
5818,33988.0,76461.0,BMW,5,Series,2019.0,baseline_value_here,baseline_value_here,baseline_value_here,10.433792221839603,10.484265,33988.00000000001,35747.562,-1759.5624999999927,1759.5624999999927,-5.18
4523,61795.0,2455.0,Audi,A5,,2025.0,6,Coupe,baseline_value_here,11.031593916431941,11.266292,61795.000000000044,78141.68,-16346.679687499956,16346.679687499956,-26.45
13929,16888.0,96036.0,Kia,Forte,,2022.0,4,Sedan,of_Origin_South Korea,9.734417801417921,9.924944,16887.999999999996,20432.764,-3544.7636718750036,3544.7636718750036,-20.99
4915,69049.0,2500.0,Audi,Q5,,2026.0,4,SUV,baseline_value_here,11.142586158837439,11.017565,69049.00000000004,60934.11,8114.890625000044,8114.890625000044,11.75
11262,20995.0,157895.0,Honda,Odyssey,,2018.0,6,Minivan,of_Origin_Japan,9.95208722237219,9.967989,20995.000000000004,21331.541,-336.54101562499636,336.54101562499636,-1.6
24799,13200.0,166000.0,Volvo,S60,,2015.0,5,Sedan,of_Origin_Sweden,9.488047863280759,9.510124,13199.999999999989,13494.671,-294.6708984375109,294.6708984375109,-2.23
11853,24498.0,90285.0,Hyundai,Elantra,N,2022.0,4,Sedan,of_Origin_South Korea,10.106387579373278,9.93186,24497.99999999998,20574.574,3923.425781249982,3923.425781249982,16.02
24615,31999.0,98977.0,Volvo,XC60,,2022.0,4,SUV,of_Origin_Sweden,10.373491181781864,10.43445,31999.000000000007,34010.37,-2011.3710937499927,2011.3710937499927,-6.29
1127,41998.0,120.0,Hyundai,Tucson,Plug-In Hybrid,2024.0,4,SUV,of_Origin_South Korea,10.645401087458245,10.554201,41998.00000000001,38337.164,3660.8359375000073,3660.8359375000073,8.72
8907,29995.0,129474.0,Dodge,Durango,,2021.0,6,SUV,of_Origin_USA,10.30881931842128,10.327993,29995.000000000007,30575.695,-580.6953124999927,580.6953124999927,-1.94
29614,23988.0,118254.0,Honda,Civic,Sedan,2022.0,4,Sedan,of_Origin_Japan,10.085350670929921,10.024575,23987.99999999998,22573.477,1414.5234374999818,1414.5234374999818,5.9
631,44888.0,16124.0,BMW,M2,,2016.0,6,Coupe,baseline_value_here,10.71194805485153,10.997915,44888.0,59748.45,-14860.44921875,14860.44921875,-33.11
5751,33025.0,81706.0,BMW,X3,,2021.0,4,SUV,baseline_value_here,10.405050409022934,10.447763,33025.00000000001,34466.2,-1441.1992187499927,1441.1992187499927,-4.36
22843,54495.0,81420.0,Toyota,4-Runner,,2024.0,6,SUV,of_Origin_Japan,10.905882583462414,10.630914,54494.99999999998,41393.934,13101.066406249978,13101.066406249978,24.04
27386,26995.0,66323.0,Hyundai,Santa,Fe,2022.0,4,SUV,of_Origin_South Korea,10.203443985863297,10.162167,26994.999999999993,25903.361,1091.6386718749927,1091.6386718749927,4.04
6248,25495.0,23596.0,Buick,Envista,,2024.0,4,SUV,of_Origin_USA,10.146276856097172,10.446081,25494.999999999993,34408.266,-8913.265625000007,8913.265625000007,-34.96
25112,25770.0,77000.0,BMW,4,Series Gran Coupe,2019.0,baseline_value_here,baseline_value_here,baseline_value_here,10.15700510770532,10.484619,25769.999999999996,35760.21,-9990.210937500004,9990.210937500004,-38.77
35812,32999.0,7302.0,Honda,Civic,Sedan,2025.0,4,Sedan,of_Origin_Japan,10.404262840448617,10.588454,32998.99999999998,39673.117,-6674.117187500022,6674.117187500022,-20.23
34008,21000.0,221000.0,Chrysler,Pacifica,Hybrid,2017.0,6,Minivan,of_Origin_USA,9.952325334619427,9.387224,20999.99999999998,11933.924,9066.076171874982,9066.076171874982,43.17
34657,86867.0,51958.0,Mercedes-Benz,GLE,,2023.0,6,SUV,baseline_value_here,11.372145004081142,11.045383,86867.00000000004,62653.04,24213.960937500044,24213.960937500044,27.87
28518,35694.0,89663.0,Chevrolet,Camaro,,2015.0,6,Coupe,of_Origin_USA,10.482765901936562,9.890391,35694.00000000002,19738.783,15955.216796875022,15955.216796875022,44.7
9106,20995.0,158200.0,Dodge,Grand,Caravan,2020.0,6,Minivan,of_Origin_USA,9.95208722237219,9.921305,20995.000000000004,20358.537,636.4628906250036,636.4628906250036,3.03
11474,64045.0,10.0,Honda,Odyssey,,2025.0,6,Minivan,of_Origin_Japan,11.06735685416473,11.01451,64045.00000000001,60748.258,3296.7421875000073,3296.7421875000073,5.15
21043,44710.0,97842.0,RAM,1500,,2022.0,baseline_value_here,baseline_value_here,of_Origin_USA,10.707974835338897,10.572769,44710.00000000004,39055.68,5654.320312500036,5654.320312500036,12.65
34153,19450.0,89000.0,Toyota,C-HR,,2019.0,4,SUV,of_Origin_Japan,9.875653761606692,10.045002,19450.0,23039.342,-3589.341796875,3589.341796875,-18.45
912,37999.0,33082.0,Mazda,CX-50,,2023.0,4,SUV,of_Origin_Japan,10.545341438708522,10.388924,37998.999999999985,32496.67,5502.330078124985,5502.330078124985,14.48
11042,41500.0,42335.0,Honda,Passport,,2023.0,6,SUV,of_Origin_Japan,10.633472802314019,10.768185,41500.000000000015,47484.74,-5984.738281249985,5984.738281249985,-14.42
10050,35110.0,43525.0,GMC,Terrain,,2024.0,4,SUV,of_Origin_USA,10.466269750670861,10.327444,35110.00000000002,30558.902,4551.097656250022,4551.097656250022,12.96
21870,27800.0,33728.0,Subaru,Crosstrek,,2024.0,4,SUV,of_Origin_Japan,10.2328272702548,10.42663,27799.999999999975,33745.434,-5945.4335937500255,5945.4335937500255,-21.39
12135,19995.0,91919.0,Hyundai,Sonata,,2021.0,4,Sedan,of_Origin_South Korea,9.903287532533462,9.820562,19995.00000000001,18407.4,1587.599609375011,1587.599609375011,7.94
17586,6500.0,125000.0,MINI,Countryman,,2011.0,4,SUV,of_Origin_UK,8.77971129020447,8.889819,6500.000000000003,7256.7065,-756.7065429687473,756.7065429687473,-11.64
19511,33471.0,53294.0,Mitsubishi,Outlander,,2025.0,4,SUV,of_Origin_Japan,10.418464547424595,10.503554,33471.0,36443.81,-2972.80859375,2972.80859375,-8.88
33757,16495.0,95000.0,Hyundai,Venue,,2021.0,4,SUV,of_Origin_South Korea,9.71087320625674,9.987339,16494.999999999996,21748.348,-5253.347656250004,5253.347656250004,-31.85
20390,27995.0,31541.0,Nissan,Rogue,,2023.0,4,SUV,of_Origin_Japan,10.23981692180943,10.312212,27994.99999999999,30096.94,-2101.939453125011,2101.939453125011,-7.51
15327,53999.0,10585.0,Lexus,NX,,2025.0,4,SUV,of_Origin_Japan,10.896739325546411,10.916435,53998.99999999999,55073.12,-1074.1210937500073,1074.1210937500073,-1.99
35094,50519.0,10.0,Chevrolet,Equinox,,2027.0,4,SUV,of_Origin_USA,10.830124576464428,10.790572,50519.00000000002,48559.812,1959.1875000000218,1959.1875000000218,3.88
15009,33790.0,68000.0,Land,Rover,Discovery Sport,2023.0,6,SUV,baseline_value_here,10.427949773825027,10.973287,33789.99999999999,58294.875,-24504.875000000007,24504.875000000007,-72.52
11938,36998.0,12136.0,Hyundai,Kona,Electric,2024.0,Electric,SUV,of_Origin_South Korea,10.518646164234097,10.772273,36997.99999999997,47679.273,-10681.27343750003,10681.27343750003,-28.87
16194,67645.0,3000.0,Lincoln,Nautilus,,2026.0,4,SUV,of_Origin_USA,11.122043503986808,10.853899,67645.00000000003,51734.477,15910.52343750003,15910.52343750003,23.52
2316,18995.0,143745.0,Infiniti,G,Convertible,2013.0,6,baseline_value_here,of_Origin_Japan,9.851983709669012,9.600157,18994.999999999993,14766.097,4228.903320312493,4228.903320312493,22.26
781,21288.0,26902.0,Kia,Forte,,2021.0,4,Sedan,of_Origin_South Korea,9.96594578637574,9.9989805,21288.00000000002,22003.021,-715.0214843749818,715.0214843749818,-3.36
30231,59900.0,44253.0,Mercedes-Benz,EQE,,2023.0,Electric,SUV,baseline_value_here,11.000448478455008,10.941332,59900.00000000002,56461.492,3438.507812500022,3438.507812500022,5.74
21062,37995.0,25930.0,RAM,1500,Classic,2023.0,baseline_value_here,baseline_value_here,of_Origin_USA,10.545236170010073,10.79977,37994.999999999985,49008.547,-11013.546875000015,11013.546875000015,-28.99
18652,46888.0,31702.0,Mercedes-Benz,GLB,,2025.0,4,SUV,baseline_value_here,10.755538385347368,10.731488,46887.99999999998,45773.766,1114.2343749999782,1114.2343749999782,2.38
12445,52862.0,90.0,Hyundai,Santa,Fe,2025.0,4,Pickup Truck,of_Origin_South Korea,10.87545894023684,10.829031,52861.99999999996,50463.78,2398.2187499999636,2398.2187499999636,4.54
34969,23990.0,132000.0,Chevrolet,Silverado,1500,2018.0,8,Pickup Truck,of_Origin_USA,10.085434038999999,10.246357,23989.999999999985,28178.695,-4188.695312500015,4188.695312500015,-17.46
27102,49995.0,143222.0,Porsche,Panamera,,2018.0,6,Sedan,baseline_value_here,10.819698281210112,10.223919,49994.99999999997,27553.44,22441.56054687497,22441.56054687497,44.89
6558,35995.0,69743.0,Buick,Enclave,,2022.0,6,SUV,of_Origin_USA,10.49116310015384,10.682701,35995.0,43594.15,-7599.1484375,7599.1484375,-21.11
25686,44188.0,5200.0,Volkswagen,Tiguan,,2026.0,4,SUV,baseline_value_here,10.696231168314535,10.985061,44187.99999999996,58985.312,-14797.312500000036,14797.312500000036,-33.49
25615,26985.0,121055.0,BMW,X5,,2018.0,6,SUV,baseline_value_here,10.203073491990732,10.222229,26984.999999999996,27506.914,-521.9140625000036,521.9140625000036,-1.93
34059,74995.0,21903.0,GMC,Sierra,1500,2025.0,8,Pickup Truck,of_Origin_USA,11.225190057762841,11.015116,74994.99999999999,60785.06,14209.941406249985,14209.941406249985,18.95
21251,21985.0,156080.0,RAM,1500,Classic,2021.0,baseline_value_here,baseline_value_here,of_Origin_USA,9.998161166138809,10.243968,21985.0,28111.455,-6126.455078125,6126.455078125,-27.87
27934,17288.0,181733.0,Toyota,Corolla,Sedan,2020.0,4,Sedan,of_Origin_Japan,9.757825740104776,9.7204485,17288.0,16653.713,634.287109375,634.287109375,3.67
12932,56995.0,209.0,Infiniti,QX60,,2025.0,6,SUV,of_Origin_Japan,10.95073636891568,11.066796,56995.0,64009.11,-7014.109375,7014.109375,-12.31
15229,55000.0,18950.0,Land,Rover,Discovery Sport,2025.0,4,SUV,baseline_value_here,10.915106645867503,10.7769165,55000.00000000004,47901.19,7098.808593750036,7098.808593750036,12.91
33911,2900.0,215000.0,Ford,Focus,,2011.0,4,Sedan,of_Origin_USA,7.972810784121404,8.086022,2900.0000000000005,3247.7395,-347.73950195312455,347.73950195312455,-11.99
3149,65079.0,3000.0,Volvo,XC60,,2026.0,4,SUV,of_Origin_Sweden,11.083372561332974,11.205273,65078.99999999997,73516.055,-8437.05468750003,8437.05468750003,-12.96
37276,31230.0,99.0,Kia,Seltos,,2027.0,4,SUV,of_Origin_South Korea,10.349166470257595,10.55966,31230.000000000004,38547.02,-7317.019531249996,7317.019531249996,-23.43
16388,36942.0,46900.0,Lincoln,Nautilus,,2022.0,4,SUV,of_Origin_USA,10.51713146323313,10.274849,36942.000000000015,28993.137,7948.863281250015,7948.863281250015,21.52
11045,34788.0,32854.0,Honda,CR-V,,2023.0,4,SUV,of_Origin_Japan,10.45705652384095,10.389171,34787.999999999985,32504.697,2283.3027343749854,2283.3027343749854,6.56
6259,29888.0,36310.0,Buick,Envista,,2025.0,4,SUV,of_Origin_USA,10.305245798712965,10.53837,29887.99999999998,37735.01,-7847.011718750018,7847.011718750018,-26.25
36214,17821.0,198432.0,GMC,Sierra,1500,2016.0,8,Pickup Truck,of_Origin_USA,9.788188928172666,9.867605,17821.00000000001,19294.076,-1473.076171874989,1473.076171874989,-8.27
23434,49995.0,4548.0,Volkswagen,Tiguan,,2026.0,4,SUV,baseline_value_here,10.819698281210112,10.985996,49994.99999999997,59040.523,-9045.52343750003,9045.52343750003,-18.09
20639,73888.0,73005.0,Porsche,Cayenne,,2023.0,6,SUV,baseline_value_here,11.21031924606004,10.943253,73888.00000000003,56570.047,17317.95312500003,17317.95312500003,23.44
32947,28995.0,33839.0,Nissan,Rogue,,2024.0,4,SUV,of_Origin_Japan,10.274913168420769,10.42663,28995.000000000007,33745.434,-4750.433593749993,4750.433593749993,-16.38
17925,22689.0,71854.0,Mazda,Mazda6,,2018.0,4,Sedan,of_Origin_Japan,10.029679577773887,9.851714,22688.999999999996,18989.879,3699.1210937499964,3699.1210937499964,16.3
30209,16988.0,107067.0,Honda,CR-V,,2015.0,4,SUV,of_Origin_Japan,9.740321354781914,9.515339,16987.999999999985,13565.23,3422.7695312499854,3422.7695312499854,20.15
28529,7900.0,121000.0,Honda,Accord,,2008.0,4,Sedan,of_Origin_Japan,8.974744612722734,8.816482,7900.000000000007,6743.493,1156.5068359375073,1156.5068359375073,14.64
6293,55092.0,57473.0,Buick,Enclave,,2024.0,6,SUV,of_Origin_USA,10.916777945328233,10.8369665,55091.999999999985,50865.84,4226.160156249985,4226.160156249985,7.67
5294,70585.0,3850.0,BMW,X1,,2026.0,4,SUV,baseline_value_here,11.164587103533947,10.989892,70585.00000000001,59270.984,11314.015625000015,11314.015625000015,16.03
3902,57995.0,27904.0,Acura,MDX,,2025.0,6,SUV,of_Origin_Japan,10.968129321633084,10.952667,57994.99999999998,57105.156,889.8437499999782,889.8437499999782,1.53
15278,50995.0,20752.0,Lexus,NX,,2025.0,4,SUV,of_Origin_Japan,10.839502477258012,10.603909,50994.99999999996,40291.01,10703.988281249964,10703.988281249964,20.99
18700,26895.0,96313.0,Mercedes-Benz,GLC,,2020.0,4,SUV,baseline_value_here,10.199732855648397,10.23157,26895.00000000002,27765.076,-870.0761718749818,870.0761718749818,-3.24
19538,16995.0,133234.0,Mitsubishi,Outlander,,2019.0,4,SUV,of_Origin_Japan,9.740733301234702,9.895824,16994.999999999993,19846.324,-2851.3242187500073,2851.3242187500073,-16.78
15430,46900.0,50493.0,Lexus,NX,,2022.0,4,SUV,of_Origin_Japan,10.75579427616868,10.611152,46899.99999999996,40583.914,6316.085937499964,6316.085937499964,13.47
35693,25888.0,72531.0,Mercedes-Benz,A-Class,Hatchback,2021.0,4,Sedan,baseline_value_here,10.161573447047902,10.200495,25887.999999999993,26915.5,-1027.5000000000073,1027.5000000000073,-3.97
28902,33995.0,149000.0,Lexus,RX,,2016.0,4,SUV,of_Origin_Japan,10.433998149618517,9.537899,33995.00000000002,13874.765,20120.235351562522,20120.235351562522,59.19
13346,29498.0,124625.0,Jeep,Wrangler,Unlimited,2020.0,6,SUV,of_Origin_USA,10.292111643448266,10.248971,29497.99999999999,28252.453,1245.546874999989,1245.546874999989,4.22
32751,20488.0,131016.0,Mercedes-Benz,C-Class,Sedan,2019.0,4,Coupe,baseline_value_here,9.9276434357472,10.05459,20488.000000000015,23261.322,-2773.3222656249854,2773.3222656249854,-13.54
38548,39839.0,51.0,Honda,HR-V,,2027.0,4,SUV,of_Origin_Japan,10.592626711698534,10.592134,39838.99999999998,39819.395,19.605468749978172,19.605468749978172,0.05
13914,21965.0,54156.0,Kia,Forte,,2024.0,4,Sedan,of_Origin_South Korea,9.997251082348292,10.142817,21965.00000000002,25406.928,-3441.927734374982,3441.927734374982,-15.67
26855,14999.0,81043.0,Toyota,Prius,c,2016.0,4,Hatchback,of_Origin_Japan,9.615805480084347,9.737165,14999.000000000004,16934.469,-1935.4687499999964,1935.4687499999964,-12.9
3991,41995.0,48684.0,Acura,RDX,,2024.0,4,SUV,of_Origin_Japan,10.645329654634832,10.392517,41995.0,32613.658,9381.341796875,9381.341796875,22.34
5743,26998.0,95995.0,BMW,X5,,2018.0,6,SUV,baseline_value_here,10.203555107263542,10.355207,26998.00000000002,31419.236,-4421.236328124982,4421.236328124982,-16.38
34113,13999.0,143904.0,Honda,CR-V,,2015.0,4,SUV,of_Origin_Japan,9.546812608597396,9.455712,13999.0,12779.966,1219.0341796875,1219.0341796875,8.71
22045,28999.0,30753.0,Subaru,Crosstrek,,2024.0,4,SUV,of_Origin_Japan,10.275051108968611,10.42676,28999.00000000001,33749.812,-4750.812499999989,4750.812499999989,-16.38
15304,49800.0,55734.0,Lexus,RX,,2023.0,4,SUV,of_Origin_Japan,10.815790343132422,10.3954935,49799.99999999997,32710.877,17089.12304687497,17089.12304687497,34.32
36498,2200.0,266287.0,Dodge,Grand,Caravan,2011.0,6,Minivan,of_Origin_USA,7.696667081526462,8.061467,2200.0,3168.9375,-968.9375,968.9375,-44.04
2617,28998.0,172782.0,GMC,Sierra,1500,2018.0,8,Pickup Truck,of_Origin_USA,10.275016625615446,10.119957,28998.000000000004,24832.703,4165.296875000004,4165.296875000004,14.36
21953,21888.0,152700.0,Subaru,Forester,,2021.0,4,SUV,of_Origin_Japan,9.993739506513155,9.980288,21888.000000000004,21595.521,292.47851562500364,292.47851562500364,1.34
8256,26950.0,109000.0,Chrysler,Grand,Caravan,2023.0,6,Minivan,of_Origin_USA,10.201775681400134,10.332411,26950.000000000022,30711.064,-3761.064453124978,3761.064453124978,-13.96
31474,93900.0,50442.0,Porsche,Macan,,2024.0,4,SUV,baseline_value_here,11.44999631476691,10.572365,93899.99999999996,39039.89,54860.109374999956,54860.109374999956,58.42
35403,53999.0,25788.0,Ford,Explorer,,2025.0,4,SUV,of_Origin_USA,10.896739325546411,10.576552,53998.99999999999,39203.72,14795.281249999993,14795.281249999993,27.4
12914,26998.0,84592.0,Infiniti,QX50,,2022.0,4,SUV,of_Origin_Japan,10.203555107263542,10.233186,26998.00000000002,27809.969,-811.9687499999818,811.9687499999818,-3.01
32583,28995.0,90500.0,Hyundai,Santa,Fe,2023.0,4,SUV,of_Origin_South Korea,10.274913168420769,10.14858,28995.000000000007,25553.78,3441.2207031250073,3441.2207031250073,11.87
11823,8990.0,110527.0,Hyundai,Elantra,,2015.0,4,Sedan,of_Origin_South Korea,9.103979355984773,9.096513,8990.000000000002,8923.118,66.88183593750182,66.88183593750182,0.74
8922,30480.0,103800.0,Dodge,Durango,,2020.0,6,SUV,of_Origin_USA,10.32485881766135,10.3321,30480.000000000007,30701.518,-221.51757812499272,221.51757812499272,-0.73
22735,24450.0,101000.0,Toyota,C-HR,,2022.0,4,SUV,of_Origin_Japan,10.104426393862145,10.191179,24449.99999999999,26665.924,-2215.923828125011,2215.923828125011,-9.06
30007,16595.0,162250.0,Kia,Seltos,,2021.0,4,SUV,of_Origin_South Korea,9.716916981452759,9.712655,16595.0,16524.42,70.580078125,70.580078125,0.43
29928,34495.0,96611.0,RAM,1500,Classic,2023.0,baseline_value_here,baseline_value_here,of_Origin_USA,10.448598654268668,10.560702,34494.99999999997,38587.22,-4092.218750000029,4092.218750000029,-11.86
16276,44888.0,139254.0,Lincoln,Nautilus,,2024.0,4,SUV,of_Origin_USA,10.71194805485153,10.195226,44888.0,26774.049,18113.951171875,18113.951171875,40.35
11340,25290.0,100593.0,Honda,CR-V,,2022.0,4,SUV,of_Origin_Japan,10.138203880202953,10.191179,25289.99999999999,26665.924,-1375.923828125011,1375.923828125011,-5.44
1605,49481.0,42535.0,Hyundai,Palisade,,2025.0,6,SUV,of_Origin_South Korea,10.80936424606141,10.908804,49480.99999999997,54654.434,-5173.433593750029,5173.433593750029,-10.46
9416,40795.0,71983.0,Ford,Explorer,,2022.0,4,SUV,of_Origin_USA,10.616339316370409,10.226206,40795.00000000001,27616.525,13178.474609375007,13178.474609375007,32.3
33583,34992.0,26363.0,Toyota,GR86,,2023.0,4,Coupe,of_Origin_Japan,10.462903320468884,10.36816,34992.000000000015,31828.863,3163.1367187500146,3163.1367187500146,9.04
22417,47388.0,54200.0,Tesla,Model,Y,2023.0,Electric,Sedan,of_Origin_USA,10.766145413240787,10.631462,47387.99999999997,41416.637,5971.363281249971,5971.363281249971,12.6
20640,98800.0,17133.0,Porsche,Macan,,2024.0,Electric,SUV,baseline_value_here,11.500863005142227,11.043771,98799.99999999994,62552.082,36247.91796874994,36247.91796874994,36.69
32724,4888.0,197158.0,Mitsubishi,Lancer,,2009.0,4,Sedan,of_Origin_Japan,8.494743062578646,8.572772,4888.000000000002,5284.7617,-396.7617187499982,396.7617187499982,-8.12
350,49500.0,54706.0,BMW,3,Series,2020.0,baseline_value_here,baseline_value_here,baseline_value_here,10.809748150372926,10.730852,49500.0,45744.656,3755.34375,3755.34375,7.59
30126,36995.0,28838.0,Land,Rover,Range Rover Evoque,2023.0,6,SUV,baseline_value_here,10.51856507767415,11.087692,36994.99999999999,65360.734,-28365.734375000007,28365.734375000007,-76.67
20289,24988.0,114000.0,Nissan,Murano,,2022.0,6,SUV,of_Origin_Japan,10.126191007021934,10.414219,24987.999999999996,33329.19,-8341.191406250004,8341.191406250004,-33.38
9092,4995.0,208145.0,Dodge,Journey,,2013.0,4,SUV,of_Origin_USA,8.516392871245468,8.501688,4995.000000000001,4922.072,72.92822265625091,72.92822265625091,1.46
14866,15995.0,104150.0,Land,Rover,Range Rover Evoque,2017.0,6,SUV,baseline_value_here,9.680093969966709,10.20069,15995.0,26920.764,-10925.763671875,10925.763671875,-68.31
6566,33861.0,46473.0,Buick,Envision,,2022.0,4,SUV,of_Origin_USA,10.430048720688177,10.274849,33860.99999999999,28993.137,4867.863281249993,4867.863281249993,14.38
9134,60253.0,250.0,Dodge,Durango,,2026.0,6,SUV,of_Origin_USA,11.006324239190674,11.32383,60252.999999999985,82769.72,-22516.718750000015,22516.718750000015,-37.37
26436,8950.0,210723.0,BMW,X3,,2013.0,4,SUV,baseline_value_here,9.099520536870939,8.901658,8950.0,7343.1406,1606.859375,1606.859375,17.95
8259,29495.0,100544.0,Chrysler,Pacifica,,2023.0,6,Minivan,of_Origin_USA,10.29200993991398,10.340892,29494.999999999978,30972.64,-1477.6406250000218,1477.6406250000218,-5.01
28316,32563.0,98220.0,RAM,1500,Classic,2022.0,baseline_value_here,baseline_value_here,of_Origin_USA,10.390962662693868,10.499688,32562.99999999998,36303.18,-3740.179687500018,3740.179687500018,-11.49
22708,12990.0,194052.0,Toyota,RAV,4,2015.0,4,SUV,of_Origin_Japan,9.472012088995733,9.301425,12990.0,10952.617,2037.3828125,2037.3828125,15.68
23022,23434.0,60754.0,Toyota,Corolla,Sedan,2021.0,4,Sedan,of_Origin_Japan,10.061985910356807,10.107486,23434.000000000007,24524.92,-1090.9199218749927,1090.9199218749927,-4.66
22528,22995.0,79790.0,Tesla,Model,3,2020.0,Electric,Sedan,of_Origin_USA,10.043075566743182,10.327157,22995.000000000015,30550.133,-7555.132812499985,7555.132812499985,-32.86
433,59988.0,54980.0,RAM,1500,,2025.0,baseline_value_here,baseline_value_here,of_Origin_USA,11.001916491063295,10.83362,59988.0,50695.902,9292.09765625,9292.09765625,15.49
33743,26777.0,99843.0,Subaru,Ascent,,2020.0,4,SUV,of_Origin_Japan,10.195335933857326,10.094498,26777.000000000022,24208.434,2568.566406250022,2568.566406250022,9.59
7413,38144.0,7.0,Chevrolet,Bolt,,2027.0,Electric,Hatchback,of_Origin_USA,10.549149966524329,10.607327,38143.99999999997,40429.004,-2285.003906250029,2285.003906250029,-5.99
38090,5300.0,128903.0,Toyota,Camry,,2017.0,4,Sedan,of_Origin_Japan,8.575650760987806,9.865238,5299.999999999997,19248.459,-13948.458984375004,13948.458984375004,-263.18
1294,33204.0,47186.0,Subaru,Crosstrek,,2024.0,4,SUV,of_Origin_Japan,10.410455745974813,10.3987255,33203.99999999997,32816.773,387.2265624999709,387.2265624999709,1.17
27933,17888.0,186102.0,Audi,S5,,2014.0,6,Coupe,baseline_value_here,9.791941277791215,9.629468,17887.999999999996,15205.344,2682.6562499999964,2682.6562499999964,15.0
32731,13990.0,144471.0,Kia,Sportage,,2018.0,4,SUV,of_Origin_South Korea,9.546169544733285,9.549925,13989.999999999989,14042.64,-52.639648437510914,52.639648437510914,-0.38
9308,57973.0,38043.0,Ford,F-350,Super Duty,2024.0,8,Pickup Truck,of_Origin_USA,10.967749913160826,10.900485,57973.00000000004,54201.65,3771.3515625000364,3771.3515625000364,6.51
9283,41998.0,77990.0,Ford,F-150,,2023.0,6,Pickup Truck,of_Origin_USA,10.645401087458245,10.772973,41998.00000000001,47712.664,-5714.664062499993,5714.664062499993,-13.61
38327,23962.0,41637.0,Nissan,Rogue,,2023.0,4,SUV,of_Origin_Japan,10.084266253072569,10.312778,23962.00000000001,30113.994,-6151.994140624989,6151.994140624989,-25.67
1230,30860.0,19214.0,Ford,Bronco,Sport,2024.0,4,SUV,of_Origin_USA,10.33724852979914,10.379968,30860.00000000002,32206.92,-1346.9199218749818,1346.9199218749818,-4.36
13237,64220.0,90.0,Infiniti,QX50,,2025.0,4,SUV,of_Origin_Japan,11.070085538995333,10.9166975,64220.00000000002,55087.566,9132.433593750022,9132.433593750022,14.22
7265,7900.0,141666.0,Cadillac,CTS,,2009.0,6,Sedan,of_Origin_USA,8.974744612722734,9.150543,7900.000000000007,9418.556,-1518.5556640624927,1518.5556640624927,-19.22
37824,36995.0,23543.0,GMC,Terrain,,2024.0,4,SUV,of_Origin_USA,10.51856507767415,10.446081,36994.99999999999,34408.266,2586.7343749999927,2586.7343749999927,6.99
37373,14900.0,231435.0,Jeep,Grand,Cherokee,2020.0,6,SUV,of_Origin_USA,9.60918360377546,9.89071,14899.999999999993,19745.072,-4845.072265625007,4845.072265625007,-32.52
29187,57995.0,100935.0,Land,Rover,Defender,2022.0,4,SUV,baseline_value_here,10.968129321633084,10.322184,57994.99999999998,30398.566,27596.433593749978,27596.433593749978,47.58
35864,55000.0,17388.0,Ford,Mustang,Fastback,2019.0,4,Coupe,of_Origin_USA,10.915106645867503,10.748419,55000.00000000004,46555.355,8444.644531250036,8444.644531250036,15.35
8001,48388.0,57662.0,Chevrolet,Silverado,1500,2025.0,8,Pickup Truck,of_Origin_USA,10.78702779414709,10.93573,48387.99999999996,56146.082,-7758.082031250036,7758.082031250036,-16.03
24692,39999.0,20917.0,Volvo,XC40,,2025.0,4,SUV,of_Origin_Sweden,10.596634733096073,10.867674,39998.99999999997,52452.055,-12453.05468750003,12453.05468750003,-31.13
6285,23487.0,75489.0,Buick,Encore,GX,2022.0,4,SUV,of_Origin_USA,10.064244931414242,10.211553,23487.0,27214.791,-3727.791015625,3727.791015625,-15.87
22104,24798.0,30262.0,Subaru,Impreza,,2024.0,4,Sedan,of_Origin_Japan,10.118558608759452,10.256775,24798.000000000015,28473.805,-3675.8046874999854,3675.8046874999854,-14.82
17861,33333.0,31824.0,Mazda,CX-5,,2023.0,4,SUV,of_Origin_Japan,10.414333176102122,10.374734,33333.00000000003,32038.793,1294.207031250029,1294.207031250029,3.88
7967,17980.0,181566.0,Chevrolet,Blazer,,2019.0,4,SUV,of_Origin_USA,9.797070923831638,9.558273,17980.000000000015,14160.373,3819.6269531250146,3819.6269531250146,21.24
25048,45821.0,67852.0,Audi,Q8,,2021.0,6,SUV,baseline_value_here,10.732519604116439,10.806724,45820.99999999998,49350.508,-3529.507812500022,3529.507812500022,-7.7
34449,36995.0,137571.0,GMC,Sierra,1500,2022.0,8,Pickup Truck,of_Origin_USA,10.51856507767415,10.640817,36994.99999999999,41805.902,-4810.902343750007,4810.902343750007,-13.0
32128,26495.0,88517.0,Honda,HR-V,,2022.0,4,SUV,of_Origin_Japan,10.184749057184986,10.228451,26494.999999999985,27678.596,-1183.5957031250146,1183.5957031250146,-4.47
22116,15450.0,139114.0,Subaru,Legacy,,2019.0,4,Sedan,of_Origin_Japan,9.645429005150419,9.76449,15450.00000000001,17403.605,-1953.605468749991,1953.605468749991,-12.64
4426,29588.0,65700.0,Audi,Q3,,2022.0,4,SUV,baseline_value_here,10.295157949622103,10.454885,29588.000000000004,34712.52,-5124.519531249996,5124.519531249996,-17.32
38695,5900.0,231905.0,Dodge,Grand,Caravan,2015.0,6,Minivan,of_Origin_USA,8.682877107057168,8.801269,5899.999999999995,6641.6655,-741.6655273437545,741.6655273437545,-12.57
8576,60326.0,1200.0,Chrysler,Pacifica,,2026.0,6,Minivan,of_Origin_USA,11.007535043694178,10.995512,60326.00000000005,59605.027,720.9726562500509,720.9726562500509,1.2
541,22990.0,91000.0,Honda,Civic,Sedan,2022.0,4,Sedan,of_Origin_Japan,10.042858113983936,10.061729,22989.99999999999,23427.99,-437.9902343750109,437.9902343750109,-1.91
16169,89998.0,499.0,Lincoln,Aviator,,2026.0,6,SUV,of_Origin_USA,11.407553838139561,11.278063,89997.99999999993,79066.945,10931.054687499927,10931.054687499927,12.15
16987,59320.0,90.0,MINI,Countryman,,2027.0,4,SUV,of_Origin_UK,10.990718653830616,11.010478,59320.00000000005,60503.8,-1183.800781249949,1183.800781249949,-2.0
37369,34997.0,34268.0,Volkswagen,Tiguan,,2024.0,4,SUV,baseline_value_here,10.463046195981693,10.617266,34997.00000000003,40832.81,-5835.808593749971,5835.808593749971,-16.68
12127,18995.0,98123.0,Hyundai,Elantra,,2022.0,4,Sedan,of_Origin_South Korea,9.851983709669012,9.924042,18994.999999999993,20414.338,-1419.3378906250073,1419.3378906250073,-7.47
24831,37968.0,74170.0,Volvo,V60,Cross Country,2023.0,4,Wagon,of_Origin_Sweden,10.544525316297522,10.749787,37967.99999999997,46619.113,-8651.11328125003,8651.11328125003,-22.79
1959,20995.0,168287.0,Mercedes-Benz,E-Class,,2016.0,6,Sedan,baseline_value_here,9.95208722237219,9.842269,20995.000000000004,18811.352,2183.6484375000036,2183.6484375000036,10.4
33457,70395.0,499.0,Ford,F-150,,2026.0,6,Pickup Truck,of_Origin_USA,11.161891722350102,11.307776,70395.00000000004,81451.59,-11056.593749999956,11056.593749999956,-15.71
34672,93867.0,5334.0,Mercedes-Benz,GLE,,2026.0,6,SUV,baseline_value_here,11.449644819042486,11.419774,93867.00000000007,91104.555,2762.4453125000728,2762.4453125000728,2.94
14951,45985.0,84952.0,Land,Rover,Range Rover,2020.0,4,SUV,baseline_value_here,10.736092281321946,10.246854,45985.0,28192.7,17792.30078125,17792.30078125,38.69
5619,15995.0,156000.0,BMW,X5,,2016.0,6,SUV,baseline_value_here,9.680093969966709,9.875915,15995.0,19455.074,-3460.07421875,3460.07421875,-21.63
2031,33888.0,103300.0,Dodge,Challenger,,2020.0,8,Coupe,of_Origin_USA,10.43084575693648,10.791651,33888.000000000015,48612.22,-14724.218749999985,14724.218749999985,-43.45
35913,7000.0,167000.0,Mazda,CX-9,,2013.0,4,SUV,of_Origin_Japan,8.853808274977197,9.17965,6999.999999999998,9696.761,-2696.760742187502,2696.760742187502,-38.53
24902,21770.0,69000.0,Mercedes-Benz,GLA,,2019.0,4,SUV,baseline_value_here,9.988334087946246,10.184396,21769.999999999985,26485.64,-4715.640625000015,4715.640625000015,-21.66
21181,57480.0,61028.0,RAM,1500,,2025.0,baseline_value_here,baseline_value_here,of_Origin_USA,10.95920973739723,10.808966,57479.99999999999,49461.28,8018.718749999993,8018.718749999993,13.95
36522,18000.0,121000.0,RAM,1500,,2012.0,baseline_value_here,baseline_value_here,of_Origin_USA,9.798182590890704,9.339255,17999.999999999993,11374.934,6625.066406249993,6625.066406249993,36.81
8330,18888.0,151067.0,Chrysler,Pacifica,,2017.0,6,Minivan,of_Origin_USA,9.84633502103182,9.625591,18888.0,15146.508,3741.4921875,3741.4921875,19.81
27650,43215.0,300.0,Honda,CR-V,,2026.0,4,SUV,of_Origin_Japan,10.673966076032396,10.760974,43214.999999999985,47143.562,-3928.5625000000146,3928.5625000000146,-9.09
11008,14990.0,100912.0,Honda,Civic,Sedan,2016.0,4,Sedan,of_Origin_Japan,9.615205300012315,9.549041,14990.000000000004,14030.2295,959.7705078125036,959.7705078125036,6.4
27171,56926.0,10.0,GMC,Savana,,2025.0,6,Van,of_Origin_USA,10.949525024262934,10.92523,56925.999999999956,55559.625,1366.3749999999563,1366.3749999999563,2.4
15421,28888.0,88000.0,Lexus,NX,,2018.0,4,SUV,of_Origin_Japan,10.271216178807896,9.914554,28888.00000000001,20221.55,8666.449218750011,8666.449218750011,30.0
25832,49488.0,17025.0,Hyundai,Santa,Fe,2025.0,4,Pickup Truck,of_Origin_South Korea,10.809505701639543,10.743519,49487.999999999985,46327.79,3160.2109374999854,3160.2109374999854,6.39
8071,39548.0,113599.0,Chevrolet,Silverado,1500,2023.0,8,Pickup Truck,of_Origin_USA,10.58529568842608,10.731796,39547.99999999998,45787.867,-6239.867187500022,6239.867187500022,-15.78
35718,35470.0,300.0,Honda,Civic,Hatchback,2026.0,4,Sedan,of_Origin_Japan,10.476470740209276,10.519,35470.00000000001,37011.098,-1541.0976562499927,1541.0976562499927,-4.34
11113,44999.0,57855.0,Honda,Odyssey,,2023.0,6,Minivan,of_Origin_Japan,10.714417768752456,10.720334,44998.999999999985,45266.023,-267.02343750001455,267.02343750001455,-0.59
33368,48988.0,12460.0,Toyota,RAV,4,2025.0,4,SUV,of_Origin_Japan,10.799351062095239,10.644502,48987.99999999998,41960.242,7027.757812499978,7027.757812499978,14.35
28243,4000.0,225000.0,Infiniti,G,Sedan,2008.0,6,Sedan,of_Origin_Japan,8.294299608857235,8.799603,4000.0000000000014,6630.614,-2630.6137695312486,2630.6137695312486,-65.77
34717,58800.0,19461.0,RAM,ProMaster,3500,2025.0,6,Van,of_Origin_USA,10.981914140544825,10.841348,58799.99999999999,51089.188,7710.812499999993,7710.812499999993,13.11
26241,24080.0,23914.0,Nissan,Rogue,,2024.0,4,SUV,of_Origin_Japan,10.089178426799686,10.377872,24079.99999999998,32139.508,-8059.507812500018,8059.507812500018,-33.47
15496,69900.0,4892.0,Lexus,RZ,,2025.0,Electric,SUV,of_Origin_Japan,11.154835234271214,10.966924,69899.99999999996,57925.12,11974.878906249956,11974.878906249956,17.13
29815,16499.0,108573.0,Ford,Escape,,2019.0,4,SUV,of_Origin_USA,9.711115659888671,9.896187,16498.999999999985,19853.518,-3354.5175781250146,3354.5175781250146,-20.33
16345,14995.0,144112.0,Lincoln,MKX,,2017.0,4,SUV,of_Origin_USA,9.615538777855802,9.527078,14994.999999999989,13725.419,1269.581054687489,1269.581054687489,8.47
17217,39500.0,19591.0,MINI,Countryman,,2025.0,4,SUV,of_Origin_UK,10.584081267024454,10.661164,39500.00000000001,42665.285,-3165.2851562499927,3165.2851562499927,-8.01
29168,12799.0,200050.0,Acura,ILX,,2018.0,4,Sedan,of_Origin_Japan,9.457200449907708,9.350157,12798.99999999999,11499.626,1299.374023437491,1299.374023437491,10.15
1262,42897.0,19636.0,Ford,Mustang,Mach-E,2024.0,Electric,SUV,of_Origin_USA,10.66658048378274,10.766992,42896.999999999985,47428.117,-4531.117187500015,4531.117187500015,-10.56
30274,32922.0,49055.0,Toyota,RAV,4,2023.0,4,SUV,of_Origin_Japan,10.401926780651069,10.3637705,32921.99999999997,31689.445,1232.554687499971,1232.554687499971,3.74
13977,51900.0,127.0,Kia,Sorento,,2025.0,4,SUV,of_Origin_South Korea,10.857093336791094,10.547116,51899.99999999998,38066.504,13833.496093749978,13833.496093749978,26.65
31916,33995.0,12539.0,Subaru,Forester,,2022.0,4,SUV,of_Origin_Japan,10.433998149618517,10.349255,33995.00000000002,31232.752,2762.248046875022,2762.248046875022,8.13
31965,24995.0,29000.0,Hyundai,Kona,,2022.0,4,SUV,of_Origin_South Korea,10.126471091048971,10.1931505,24994.999999999978,26718.543,-1723.5429687500218,1723.5429687500218,-6.9
20559,27887.0,48785.0,Nissan,Rogue,,2023.0,4,SUV,of_Origin_Japan,10.235951767759802,10.363149,27887.000000000007,31669.746,-3782.7460937499927,3782.7460937499927,-13.56
31548,43900.0,63698.0,Volkswagen,Atlas,,2024.0,4,SUV,baseline_value_here,10.689692377847104,10.54,43899.99999999997,37796.566,6103.433593749971,6103.433593749971,13.9
5303,115685.0,1945.0,BMW,X5,,2026.0,6,SUV,baseline_value_here,11.658634903267451,11.520244,115685.00000000004,100733.5,14951.500000000044,14951.500000000044,12.92
1372,29700.0,33990.0,Land,Rover,Range Rover Evoque,2020.0,4,SUV,baseline_value_here,10.298935994257638,10.416271,29700.0,33397.664,-3697.6640625,3697.6640625,-12.45
30438,55992.0,21320.0,Hyundai,Palisade,,2025.0,6,SUV,of_Origin_South Korea,10.932981961904135,10.924069,55991.99999999998,55495.176,496.8242187499782,496.8242187499782,0.89
38053,18995.0,23077.0,Nissan,Kicks,,2020.0,4,SUV,of_Origin_Japan,9.851983709669012,10.246052,18994.999999999993,28170.096,-9175.095703125007,9175.095703125007,-48.3
17774,31888.0,57400.0,Mazda,CX-5,,2022.0,4,SUV,of_Origin_Japan,10.370016401720026,10.336958,31887.999999999993,30851.033,1036.9667968749927,1036.9667968749927,3.25
12063,19990.0,81097.0,Hyundai,Kona,,2021.0,4,SUV,of_Origin_South Korea,9.903037451255743,10.007528,19990.00000000001,22191.914,-2201.914062499989,2201.914062499989,-11.02
32493,44416.0,102732.0,Ford,F-150,,2022.0,6,Pickup Truck,of_Origin_USA,10.701377558022253,10.61337,44416.00000000002,40674.043,3741.957031250022,3741.957031250022,8.42
10769,43990.0,19047.0,Genesis,GV70,,2023.0,6,SUV,of_Origin_South Korea,10.691740346523579,10.833333,43990.00000000004,50681.35,-6691.351562499964,6691.351562499964,-15.21
3029,46490.0,58607.0,Audi,SQ5,,2023.0,6,SUV,baseline_value_here,10.747014024455444,11.036743,46489.99999999997,62114.023,-15624.02343750003,15624.02343750003,-33.61
24773,22777.0,125773.0,Volvo,XC60,,2018.0,4,SUV,of_Origin_Sweden,10.033550436834297,9.998285,22777.000000000007,21987.729,789.2714843750073,789.2714843750073,3.47
4534,44995.0,42499.0,Audi,S5,Sportback,2021.0,6,Hatchback,baseline_value_here,10.714328875912717,10.693762,44995.00000000001,44079.016,915.9843750000073,915.9843750000073,2.04
2010,16495.0,50504.0,Hyundai,Elantra,,2021.0,4,Sedan,of_Origin_South Korea,9.71087320625674,9.937838,16494.999999999996,20697.936,-4202.935546875004,4202.935546875004,-25.48
3011,14999.0,85000.0,Toyota,Corolla,Sedan,2016.0,4,Sedan,of_Origin_Japan,9.615805480084347,9.609143,14999.000000000004,14899.398,99.60156250000364,99.60156250000364,0.66
21926,32333.0,24315.0,Subaru,Crosstrek,,2024.0,4,SUV,of_Origin_Japan,10.383874587161552,10.436121,32333.000000000007,34067.246,-1734.2460937499927,1734.2460937499927,-5.36
14596,58966.0,150.0,Kia,EV6,,2025.0,Electric,Sedan,of_Origin_South Korea,10.984733244375038,10.950664,58965.999999999956,56990.85,1975.1484374999563,1975.1484374999563,3.35
9400,27842.0,62274.0,Ford,Edge,,2024.0,4,SUV,of_Origin_USA,10.234336867263503,10.333424,27842.000000000004,30742.186,-2900.1855468749964,2900.1855468749964,-10.42
17292,31980.0,45621.0,MINI,Countryman,,2022.0,4,SUV,of_Origin_UK,10.372897255442528,10.551772,31979.99999999999,38244.152,-6264.152343750011,6264.152343750011,-19.59
24968,45991.0,38380.0,Infiniti,QX60,,2023.0,6,SUV,of_Origin_Japan,10.736222747303128,10.74506,45991.00000000003,46399.242,-408.2421874999709,408.2421874999709,-0.89
18519,29999.0,90772.0,Mercedes-Benz,GLC,,2020.0,4,SUV,baseline_value_here,10.308952660644293,10.23795,29999.000000000007,27942.791,2056.2089843750073,2056.2089843750073,6.85
8290,14880.0,158705.0,Chrysler,300,,2016.0,baseline_value_here,baseline_value_here,of_Origin_USA,9.60784051043005,9.64128,14879.999999999993,15386.029,-506.0292968750073,506.0292968750073,-3.4
19629,39998.0,42526.0,Mitsubishi,Outlander,,2025.0,4,SUV,of_Origin_Japan,10.596609732783568,10.521613,39997.99999999999,37107.938,2890.0624999999927,2890.0624999999927,7.23
21905,33995.0,14122.0,Subaru,WRX,,2024.0,4,Sedan,of_Origin_Japan,10.433998149618517,10.453238,33995.00000000002,34655.395,-660.3945312499782,660.3945312499782,-1.94
32750,13990.0,165000.0,Toyota,Venza,,2013.0,4,SUV,of_Origin_Japan,9.546169544733285,9.179422,13989.999999999989,9694.551,4295.449218749989,4295.449218749989,30.7
3774,50895.0,2720.0,Acura,ADX,,2026.0,4,SUV,of_Origin_Japan,10.837539613988925,10.775378,50894.999999999985,47827.56,3067.4414062499854,3067.4414062499854,6.03
23442,19999.0,98876.0,Volkswagen,Tiguan,,2021.0,4,SUV,baseline_value_here,9.903487552536127,10.25331,19998.99999999998,28375.318,-8376.318359375018,8376.318359375018,-41.88
21163,9988.0,196120.0,RAM,Cargo,Van,2014.0,6,Van,of_Origin_USA,9.20923976653215,9.154549,9988.000000000002,9456.361,531.6386718750018,531.6386718750018,5.32
22681,31490.0,112759.0,Tesla,Model,3,2022.0,Electric,Sedan,of_Origin_USA,10.357457069703907,10.35656,31489.99999999998,31461.756,28.24414062498181,28.24414062498181,0.09
11121,26688.0,38946.0,Honda,Civic,Sedan,2024.0,4,Sedan,of_Origin_Japan,10.19200677448047,10.239621,26687.999999999993,27989.52,-1301.5195312500073,1301.5195312500073,-4.88
18611,44246.0,62800.0,Mercedes-Benz,GLC,,2023.0,4,SUV,baseline_value_here,10.697542851527611,10.518425,44245.99999999997,36989.816,7256.183593749971,7256.183593749971,16.4
34943,31988.0,99060.0,Toyota,RAV,4 Hybrid,2023.0,4,SUV,of_Origin_Japan,10.373147372686288,10.494089,31987.999999999975,36100.48,-4112.4804687500255,4112.4804687500255,-12.86
34272,15900.0,158000.0,Cadillac,XTS,,2018.0,6,Sedan,of_Origin_USA,9.674137279312397,9.832705,15900.000000000004,18632.281,-2732.2812499999964,2732.2812499999964,-17.18
12418,52952.0,90.0,Hyundai,Santa,Fe,2025.0,4,Pickup Truck,of_Origin_South Korea,10.877160006648388,10.829031,52951.999999999985,50463.78,2488.2187499999854,2488.2187499999854,4.7
23607,29880.0,59359.0,Volkswagen,Tiguan,,2022.0,4,SUV,baseline_value_here,10.304978105888882,10.502631,29880.00000000002,36410.18,-6530.179687499982,6530.179687499982,-21.85
25440,27998.0,57789.0,Mercedes-Benz,CLA,,2020.0,4,Sedan,baseline_value_here,10.239924074233857,10.244417,27998.000000000007,28124.086,-126.08593749999272,126.08593749999272,-0.45
36755,25795.0,65691.0,Toyota,Corolla,Sedan,2025.0,4,Sedan,of_Origin_Japan,10.157974720130268,10.201931,25794.999999999993,26954.186,-1159.1855468750073,1159.1855468750073,-4.49
17647,28850.0,103000.0,Mazda,CX-50,,2023.0,4,SUV,of_Origin_Japan,10.269899933380591,10.228604,28849.99999999999,27682.846,1167.154296874989,1167.154296874989,4.05
16383,13990.0,148318.0,Lincoln,MKX,,2016.0,4,SUV,of_Origin_USA,9.546169544733285,9.304181,13989.999999999989,10982.848,3007.152343749989,3007.152343749989,21.5
23714,26995.0,139683.0,Volkswagen,Atlas,,2022.0,4,SUV,baseline_value_here,10.203443985863297,10.181961,26994.999999999993,26421.232,573.7675781249927,573.7675781249927,2.13
28700,12999.0,108370.0,Nissan,Sentra,,2019.0,4,Sedan,of_Origin_Japan,9.472704636443673,9.901793,12998.99999999999,19965.129,-6966.128906250009,6966.128906250009,-53.59
28484,10900.0,131000.0,Hyundai,SONATA,,2018.0,baseline_value_here,baseline_value_here,of_Origin_South Korea,9.296609807128359,9.525615,10900.000000000004,13705.354,-2805.3535156249964,2805.3535156249964,-25.74
15540,43990.0,31024.0,Lexus,UX,,2025.0,4,SUV,of_Origin_Japan,10.691740346523579,10.7549,43990.00000000004,46858.074,-2868.0742187499636,2868.0742187499636,-6.52
18566,56888.0,40752.0,Mercedes-Benz,E-Class,,2023.0,6,Sedan,baseline_value_here,10.948857279808518,11.090433,56887.99999999999,65540.125,-8652.125000000007,8652.125000000007,-15.21
23757,42395.0,42000.0,Volkswagen,Atlas,Cross Sport,2025.0,4,SUV,baseline_value_here,10.654809297147146,10.713131,42395.00000000003,44941.13,-2546.128906249971,2546.128906249971,-6.01
28093,24843.0,81020.0,Hyundai,Elantra,Hybrid,2024.0,4,Sedan,of_Origin_South Korea,10.120371553679194,10.196263,24843.0,26801.846,-1958.845703125,1958.845703125,-7.88
25849,57995.0,56398.0,Chevrolet,Corvette,,2016.0,8,Coupe,of_Origin_USA,10.968129321633084,10.836803,57994.99999999998,50857.547,7137.453124999978,7137.453124999978,12.31
12665,38982.0,3671.0,Infiniti,QX50,,2025.0,4,SUV,of_Origin_Japan,10.570880932644982,10.705467,38982.00000000002,44598.023,-5616.023437499978,5616.023437499978,-14.41
7212,48888.0,70499.0,Cadillac,XT6,,2023.0,6,SUV,of_Origin_USA,10.797307701282914,10.736196,48887.99999999999,45989.75,2898.2499999999927,2898.2499999999927,5.93
6439,24949.0,76551.0,Buick,Envision,,2022.0,4,SUV,of_Origin_USA,10.124629101179664,10.210182,24948.99999999999,27177.52,-2228.519531250011,2228.519531250011,-8.93
32313,40753.0,13241.0,Mazda,CX-50,,2024.0,4,SUV,of_Origin_Japan,10.615309273360882,10.511862,40753.000000000015,36747.836,4005.1640625000146,4005.1640625000146,9.83
25203,12995.0,259464.0,Nissan,Rogue,,2021.0,4,SUV,of_Origin_Japan,9.472396896788991,9.633652,12995.000000000005,15269.097,-2274.0966796874945,2274.0966796874945,-17.5
18527,39788.0,105000.0,Mercedes-Benz,GLE,,2020.0,4,SUV,baseline_value_here,10.591345771162462,10.202704,39787.99999999999,26975.043,12812.957031249993,12812.957031249993,32.2
4566,32499.0,81268.0,Audi,S5,Sportback,2018.0,6,Hatchback,baseline_value_here,10.388995368317829,10.217156,32499.000000000007,27367.73,5131.269531250007,5131.269531250007,15.79
31101,66295.0,21503.0,Kia,EV9,,2026.0,Electric,Sedan,of_Origin_South Korea,11.101884842528879,10.957865,66295.00000000003,57402.742,8892.25781250003,8892.25781250003,13.41
15477,57798.0,9389.0,Lexus,NX,,2026.0,4,SUV,of_Origin_Japan,10.964726753472743,10.735083,57798.000000000044,45938.594,11859.406250000044,11859.406250000044,20.52
33768,14995.0,219470.0,Honda,CR-V,,2017.0,4,SUV,of_Origin_Japan,9.615538777855802,9.436267,14994.999999999989,12533.836,2461.164062499989,2461.164062499989,16.41
38469,28807.0,53852.0,Lexus,NX,,2021.0,4,SUV,of_Origin_Japan,10.268408405328712,10.268983,28807.000000000022,28823.555,-16.554687499978172,16.554687499978172,-0.06
25306,58888.0,50406.0,Mercedes-Benz,GLE,,2022.0,6,SUV,baseline_value_here,10.983409594982758,10.957202,58888.00000000001,57364.707,1523.2929687500073,1523.2929687500073,2.59
24967,64888.0,35000.0,Audi,Q8,,2023.0,6,SUV,baseline_value_here,11.080433396801446,11.081601,64888.00000000002,64963.816,-75.81640624997817,75.81640624997817,-0.12
17799,19990.0,149672.0,Mazda,CX-9,,2017.0,4,SUV,of_Origin_Japan,9.903037451255743,9.692424,19990.00000000001,16193.449,3796.550781250011,3796.550781250011,18.99
22781,38995.0,125828.0,Toyota,RAV,4 Hybrid,2024.0,4,SUV,of_Origin_Japan,10.571214355749163,10.451979,38995.00000000003,34611.793,4383.207031250029,4383.207031250029,11.24
30090,35999.0,33547.0,Kia,Sportage,,2024.0,4,SUV,of_Origin_South Korea,10.491274217438248,10.354772,35999.00000000002,31405.545,4593.455078125022,4593.455078125022,12.76
18763,79230.0,90.0,Mercedes-Benz,EQB,,2025.0,Electric,SUV,baseline_value_here,11.2801229153614,11.3389635,79230.00000000001,84031.88,-4801.882812499985,4801.882812499985,-6.06
29792,18995.0,61247.0,Hyundai,IONIQ,Hybrid,2021.0,4,Hatchback,of_Origin_South Korea,9.851983709669012,9.882791,18994.999999999993,19589.314,-594.3144531250073,594.3144531250073,-3.13
27401,19950.0,36281.0,Mitsubishi,Mirage,,2024.0,3,Hatchback,of_Origin_Japan,9.901034546375062,9.855101,19950.00000000001,19054.3,895.6992187500109,895.6992187500109,4.49
4098,48500.0,66759.0,Acura,RDX,,2024.0,4,SUV,of_Origin_Japan,10.789339695269716,10.354387,48499.99999999998,31393.479,17106.521484374978,17106.521484374978,35.27
35432,45183.0,90.0,GMC,Terrain,,2027.0,4,SUV,of_Origin_USA,10.718498320852914,10.899974,45183.000000000015,54173.95,-8990.949218749985,8990.949218749985,-19.9
31303,66660.0,499.0,Ford,Explorer,,2026.0,4,SUV,of_Origin_USA,11.10737535324936,10.903771,66660.00000000003,54380.07,12279.92968750003,12279.92968750003,18.42
29371,26999.0,169030.0,Chevrolet,Silverado,1500,2021.0,8,Pickup Truck,of_Origin_USA,10.203592144986466,10.523817,26998.999999999996,37189.812,-10190.812500000004,10190.812500000004,-37.75
36495,32888.0,29067.0,Volkswagen,Taos,,2025.0,4,SUV,baseline_value_here,10.40089353434265,10.766292,32888.000000000015,47394.93,-14506.929687499985,14506.929687499985,-44.11
13983,25585.0,60663.0,Kia,Seltos,,2025.0,4,SUV,of_Origin_South Korea,10.14980060587698,10.390346,25584.99999999998,32542.912,-6957.912109375018,6957.912109375018,-27.2
7103,21995.0,159186.0,Cadillac,XT4,,2019.0,4,SUV,of_Origin_USA,9.998615897627705,9.611778,21994.999999999985,14938.713,7056.287109374985,7056.287109374985,32.08
35722,51640.0,300.0,Honda,CR-V,Hybrid,2026.0,4,SUV,of_Origin_Japan,10.852071209606546,10.91445,51640.00000000004,54963.88,-3323.8789062499636,3323.8789062499636,-6.44
2170,35888.0,68406.0,BMW,4,Series,2021.0,baseline_value_here,baseline_value_here,baseline_value_here,10.488186120839014,10.688524,35888.00000000001,43848.746,-7960.746093749993,7960.746093749993,-22.18
2358,15998.0,96828.0,Nissan,Qashqai,,2020.0,4,SUV,of_Origin_Japan,9.680281499268713,10.133081,15998.00000000001,25160.78,-9162.77929687499,9162.77929687499,-57.27
13302,21898.0,97768.0,Jeep,Compass,,2021.0,4,SUV,of_Origin_USA,9.99419625266159,10.050754,21897.999999999996,23172.244,-1274.2441406250036,1274.2441406250036,-5.82
12925,29990.0,20116.0,Infiniti,Q50,,2023.0,6,Sedan,of_Origin_Japan,10.30865261563529,10.70636,29990.000000000007,44637.85,-14647.851562499993,14647.851562499993,-48.84
22205,18499.0,80793.0,Subaru,Crosstrek,,2020.0,4,SUV,of_Origin_Japan,9.825526011066415,10.153737,18498.999999999985,25685.916,-7186.916015625015,7186.916015625015,-38.85
34176,7995.0,116000.0,Kia,Rio,,2016.0,4,Sedan,of_Origin_South Korea,8.98669669562029,9.268272,7994.999999999998,10595.43,-2600.429687500002,2600.429687500002,-32.53
35990,20000.0,130000.0,Honda,Civic,Sedan,2020.0,4,Sedan,of_Origin_Japan,9.90353755128617,9.875922,20000.000000000015,19455.223,544.7773437500146,544.7773437500146,2.72
14065,25888.0,84620.0,Kia,Stinger,,2019.0,4,Sedan,of_Origin_South Korea,10.161573447047902,9.735158,25887.999999999993,16900.506,8987.494140624993,8987.494140624993,34.72
20890,80071.0,80071.0,Porsche,Cayenne,,2019.0,6,SUV,baseline_value_here,11.290681508898855,10.556623,80071.0,38430.145,41640.85546875,41640.85546875,52.0
31309,46365.0,499.0,Ford,Ranger,,2026.0,4,Pickup Truck,of_Origin_USA,10.74432171099484,11.021171,46365.00000000002,61154.227,-14789.226562499978,14789.226562499978,-31.9
13562,49995.0,43325.0,Jeep,Gladiator,,2024.0,6,Pickup Truck,of_Origin_USA,10.819698281210112,10.937011,49994.99999999997,56218.04,-6223.039062500029,6223.039062500029,-12.45
10921,47110.0,68418.0,Genesis,GV80,,2022.0,6,SUV,of_Origin_South Korea,10.760261798384528,10.598972,47110.0,40092.613,7017.38671875,7017.38671875,14.9
21852,34585.0,27546.0,Subaru,WRX,,2023.0,4,Sedan,of_Origin_Japan,10.451204254885868,10.204327,34585.00000000001,27018.838,7566.162109375007,7566.162109375007,21.88
14030,13488.0,188418.0,Kia,Forte,,2022.0,4,Sedan,of_Origin_South Korea,9.50962981746968,9.53833,13488.000000000002,13880.747,-392.7470703124982,392.7470703124982,-2.91
18629,58888.0,50406.0,Mercedes-Benz,GLE,,2022.0,6,SUV,baseline_value_here,10.983409594982758,10.957202,58888.00000000001,57364.707,1523.2929687500073,1523.2929687500073,2.59
18737,50888.0,54000.0,Mercedes-Benz,GLE,,2022.0,6,SUV,baseline_value_here,10.837402069163833,10.965025,50888.000000000015,57815.24,-6927.238281249985,6927.238281249985,-13.61
31143,8300.0,220000.0,Mercedes-Benz,M-Class,,2010.0,4,SUV,baseline_value_here,9.024131268455035,8.709596,8299.999999999993,6059.7915,2240.2084960937427,2240.2084960937427,26.99
24611,34888.0,160000.0,Volvo,XC90,Recharge,2022.0,4,SUV,of_Origin_Sweden,10.459926872262475,10.387229,34887.99999999998,32441.643,2446.357421874978,2446.357421874978,7.01
26268,23495.0,86872.0,Toyota,RAV,4,2018.0,4,SUV,of_Origin_Japan,10.064585472878456,9.928159,23494.999999999993,20498.56,2996.4394531249927,2996.4394531249927,12.75
38577,54900.0,67619.0,Land,Rover,Range Rover,2020.0,4,SUV,baseline_value_here,10.91328684226798,10.335807,54899.99999999996,30815.541,24084.458984374964,24084.458984374964,43.87
6995,31495.0,45731.0,Cadillac,XT4,,2022.0,4,SUV,of_Origin_USA,10.357615832623573,10.274394,31494.999999999978,28979.951,2515.048828124978,2515.048828124978,7.99
12896,29890.0,33413.0,Infiniti,QX50,,2023.0,4,SUV,of_Origin_Japan,10.305312710723697,10.32812,29890.00000000002,30579.574,-689.5742187499818,689.5742187499818,-2.31
3959,50295.0,45189.0,Acura,MDX,,2023.0,6,SUV,of_Origin_Japan,10.825680830062897,10.756525,50294.99999999999,46934.285,3360.7148437499927,3360.7148437499927,6.68
29219,21990.0,168913.0,Toyota,Tacoma,,2015.0,4,Pickup Truck,of_Origin_Japan,9.998388557730848,9.990133,21990.000000000015,21809.205,180.79492187501455,180.79492187501455,0.82
7258,67500.0,219696.0,Cadillac,Escalade,,2022.0,8,SUV,of_Origin_USA,11.119897691565697,10.673397,67499.99999999996,43190.418,24309.582031249956,24309.582031249956,36.01
13163,63817.0,90.0,Infiniti,QX50,,2025.0,4,SUV,of_Origin_Japan,11.063790561202671,10.9166975,63817.00000000005,55087.566,8729.433593750051,8729.433593750051,13.68
4872,77614.0,2500.0,Audi,Q7,,2026.0,6,SUV,baseline_value_here,11.259515986460544,11.439109,77614.00000000001,92883.2,-15269.203124999985,15269.203124999985,-19.67
25284,27998.0,136342.0,RAM,1500,,2019.0,baseline_value_here,baseline_value_here,of_Origin_USA,10.239924074233857,10.128894,27998.000000000007,25055.633,2942.3671875000073,2942.3671875000073,10.51
1497,14499.0,106874.0,Infiniti,QX60,,2016.0,6,SUV,of_Origin_Japan,9.581903928408666,9.866523,14499.000000000004,19273.201,-4774.201171874996,4774.201171874996,-32.93
25376,30968.0,81281.0,Acura,TLX,,2021.0,4,Sedan,of_Origin_Japan,10.3407419831337,10.025339,30968.000000000015,22590.729,8377.271484375015,8377.271484375015,27.05
34051,35995.0,136547.0,Dodge,Challenger,,2019.0,6,Coupe,of_Origin_USA,10.49116310015384,10.095816,35995.0,24240.363,11754.63671875,11754.63671875,32.66
21066,75995.0,49895.0,RAM,1500,,2025.0,baseline_value_here,baseline_value_here,of_Origin_USA,11.238435986304431,10.830671,75995.00000000003,50546.63,25448.37109375003,25448.37109375003,33.49
17603,1950.0,186000.0,MINI,3,Door,2008.0,baseline_value_here,baseline_value_here,of_Origin_UK,7.576097340623111,8.576147,1949.9999999999993,5302.632,-3352.631835937501,3352.631835937501,-171.93
20270,27795.0,41091.0,Nissan,Rogue,,2023.0,4,SUV,of_Origin_Japan,10.232647404434218,10.373582,27794.999999999993,32001.902,-4206.902343750007,4206.902343750007,-15.14
18635,20988.0,219905.0,Mercedes-Benz,GLS,,2017.0,6,SUV,baseline_value_here,9.951753769945617,9.767722,20988.00000000001,17459.947,3528.052734375011,3528.052734375011,16.81
11039,27950.0,59000.0,Honda,HR-V,,2023.0,4,SUV,of_Origin_Japan,10.238208256118535,10.366016,27950.0,31760.7,-3810.69921875,3810.69921875,-13.63
35189,25995.0,12178.0,Nissan,Kicks,,2025.0,4,SUV,of_Origin_Japan,10.16569795901424,10.667848,25995.00000000002,42951.395,-16956.39453124998,16956.39453124998,-65.23
10344,23995.0,112028.0,GMC,Terrain,,2022.0,4,SUV,of_Origin_USA,10.085642428772983,10.118932,23994.999999999993,24807.256,-812.2558593750073,812.2558593750073,-3.39
12732,21490.0,58599.0,Infiniti,QX60,,2018.0,6,SUV,of_Origin_Japan,9.975389521825207,10.352007,21490.00000000002,31318.836,-9828.835937499982,9828.835937499982,-45.74
27005,75990.0,59986.0,Dodge,Durango,,2023.0,6,SUV,of_Origin_USA,11.23837019120351,10.765641,75989.99999999997,47364.113,28625.88671874997,28625.88671874997,37.67
14903,69888.0,72932.0,Land,Rover,Defender,2022.0,4,SUV,baseline_value_here,11.154663548170214,10.420915,69888.00000000004,33553.11,36334.890625000044,36334.890625000044,51.99
7197,16995.0,120786.0,Cadillac,ATS,Sedan,2017.0,6,Coupe,of_Origin_USA,9.740733301234702,9.93872,16994.999999999993,20716.203,-3721.2031250000073,3721.2031250000073,-21.9
4217,36400.0,50094.0,Acura,RDX,,2021.0,4,SUV,of_Origin_Japan,10.502351525774941,10.250941,36399.99999999998,28308.176,8091.824218749978,8091.824218749978,22.23
12759,88000.0,29613.0,Infiniti,QX80,,2025.0,8,SUV,of_Origin_Japan,11.385103457032141,11.169622,87999.99999999996,70941.32,17058.679687499956,17058.679687499956,19.38
24540,32990.0,79400.0,Volvo,XC60,,2021.0,4,SUV,of_Origin_Sweden,10.403990075979044,10.558354,32989.999999999985,38496.723,-5506.722656250015,5506.722656250015,-16.69
13451,26995.0,155321.0,Jeep,Wrangler,Unlimited,2021.0,6,SUV,of_Origin_USA,10.203443985863297,10.271953,26994.999999999993,28909.283,-1914.2832031250073,1914.2832031250073,-7.09
11279,41290.0,29466.0,Honda,CR-V,Hybrid,2024.0,4,SUV,of_Origin_Japan,10.628399837526073,10.74711,41290.00000000003,46494.48,-5204.480468749971,5204.480468749971,-12.6
12187,19888.0,109805.0,Hyundai,Sonata,,2022.0,4,Sedan,of_Origin_South Korea,9.897922094063247,9.857658,19888.000000000015,19103.104,784.8964843750146,784.8964843750146,3.95
12026,5490.0,231252.0,Hyundai,Elantra,,2012.0,4,Sedan,of_Origin_South Korea,8.610865667278873,8.305124,5490.0,4043.5447,1446.455322265625,1446.455322265625,26.35
16503,94999.0,39569.0,Lincoln,Navigator,L,2024.0,6,SUV,of_Origin_USA,11.461632170582678,10.86081,94999.00000000006,52093.273,42905.72656250006,42905.72656250006,45.16
34386,17999.0,62550.0,Mazda,Mazda3,Sport,2020.0,4,Sedan,of_Origin_Japan,9.798127036878302,10.091195,17999.000000000007,24128.613,-6129.613281249993,6129.613281249993,-34.06
20321,9999.0,150000.0,Nissan,Rogue,,2016.0,4,SUV,of_Origin_Japan,9.210340371976184,9.539456,9999.00000000001,13896.391,-3897.390624999991,3897.390624999991,-38.98
21142,45990.0,200.0,RAM,ProMaster,Cargo Van,2025.0,6,Van,of_Origin_USA,10.736201004154935,10.856645,45989.99999999999,51876.72,-5886.718750000007,5886.718750000007,-12.8
25990,13280.0,134589.0,Subaru,Forester,,2016.0,4,SUV,of_Origin_Japan,9.49408972140025,9.591032,13279.999999999996,14631.963,-1351.9628906250036,1351.9628906250036,-10.18
16184,6000.0,48000.0,Lincoln,MKZ,,2009.0,6,Sedan,of_Origin_USA,8.699681400989514,9.765267,6000.000000000005,17417.139,-11417.138671874996,11417.138671874996,-190.29
34136,17995.0,95500.0,Nissan,Qashqai,,2020.0,4,SUV,of_Origin_Japan,9.797904789961063,10.119659,17994.999999999996,24825.314,-6830.314453125004,6830.314453125004,-37.96
20828,36800.0,140000.0,Porsche,Cayenne,,2017.0,6,SUV,baseline_value_here,10.513280297700861,10.066191,36799.999999999985,23532.748,13267.251953124985,13267.251953124985,36.05
31467,7500.0,95000.0,Volkswagen,Jetta,Sedan,2013.0,4,Sedan,baseline_value_here,8.922791623969637,9.477788,7500.0000000000055,13065.252,-5565.2519531249945,5565.2519531249945,-74.2
30433,23000.0,34899.0,Nissan,Kicks,,2024.0,4,SUV,of_Origin_Japan,10.043292972227004,10.43123,22999.999999999996,33901.01,-10901.011718750004,10901.011718750004,-47.4
15551,103800.0,62234.0,Lexus,GX,,2024.0,6,SUV,of_Origin_Japan,11.550230883578887,10.782983,103799.99999999999,48192.664,55607.335937499985,55607.335937499985,53.57
35420,46995.0,71725.0,Acura,MDX,,2024.0,6,SUV,of_Origin_Japan,10.757817770687463,10.724099,46995.00000000001,45436.777,1558.2226562500073,1558.2226562500073,3.32
2833,20995.0,36899.0,Hyundai,Tucson,,2021.0,4,SUV,of_Origin_South Korea,9.95208722237219,10.138814,20995.000000000004,25305.434,-4310.433593749996,4310.433593749996,-20.53
11092,30488.0,94337.0,Honda,CR-V,,2022.0,4,SUV,of_Origin_Japan,10.325121241805876,10.225987,30487.999999999996,27610.494,2877.5058593749964,2877.5058593749964,9.44
20693,90990.0,7126.0,Porsche,Macan,,2025.0,4,SUV,baseline_value_here,11.41851587950905,10.919051,90990.0,55217.383,35772.6171875,35772.6171875,39.31
16410,35000.0,112321.0,Lincoln,Continental,,2017.0,6,Sedan,of_Origin_USA,10.463131911491967,9.910225,35000.00000000001,20134.203,14865.796875000007,14865.796875000007,42.47
14055,14498.0,70815.0,Kia,Forte,,2017.0,4,Sedan,of_Origin_South Korea,9.581834960513193,9.56482,14497.99999999999,14253.392,244.6083984374909,244.6083984374909,1.69
30089,31999.0,45626.0,Kia,Sorento,Hybrid,2022.0,4,SUV,of_Origin_South Korea,10.373491181781864,10.350783,31999.000000000007,31280.537,718.4628906250073,718.4628906250073,2.25
17661,26998.0,84378.0,Mazda,CX-5,,2023.0,4,SUV,of_Origin_Japan,10.203555107263542,10.268573,26998.00000000002,28811.736,-1813.7363281249818,1813.7363281249818,-6.72
32092,69995.0,27435.0,Hyundai,IONIQ,9,2026.0,Electric,SUV,of_Origin_South Korea,11.156193376541639,10.861792,69995.00000000006,52144.418,17850.58203125006,17850.58203125006,25.5
37452,12000.0,78461.0,Nissan,Qashqai,,2017.0,4,SUV,of_Origin_Japan,9.392745258631441,9.87927,11999.999999999998,19520.459,-7520.458984375002,7520.458984375002,-62.67
19609,10995.0,187000.0,Mitsubishi,RVR,,2017.0,4,SUV,of_Origin_Japan,9.305286849285137,9.494523,10995.000000000007,13285.756,-2290.7558593749927,2290.7558593749927,-20.83
14941,43995.0,119315.0,Land,Rover,Range Rover,2021.0,6,SUV,baseline_value_here,10.691853999677008,10.540628,43995.00000000003,37820.33,6174.671875000029,6174.671875000029,14.03
7313,40777.0,117000.0,Cadillac,Escalade,,2017.0,8,SUV,of_Origin_USA,10.61589799927692,10.579946,40776.999999999985,39336.973,1440.0273437499854,1440.0273437499854,3.53
16348,74998.0,39851.0,Lincoln,Aviator,,2025.0,6,SUV,of_Origin_USA,11.225230059096225,10.926545,74998.00000000001,55632.742,19365.257812500015,19365.257812500015,25.82
19324,28998.0,61500.0,Mitsubishi,Outlander,,2023.0,4,SUV,of_Origin_Japan,10.275016625615446,10.344777,28998.000000000004,31093.217,-2095.2167968749964,2095.2167968749964,-7.23
31833,13988.0,157000.0,Hyundai,Sonata,Hybrid,2015.0,4,Sedan,of_Origin_South Korea,9.546026585476431,9.13077,13988.00000000001,9234.128,4753.872070312509,4753.872070312509,33.99
6417,27995.0,65487.0,Buick,Envision,,2021.0,4,SUV,of_Origin_USA,10.23981692180943,10.132908,27994.99999999999,25156.412,2838.587890624989,2838.587890624989,10.14
38312,46200.0,15.0,GMC,Terrain,,2027.0,4,SUV,of_Origin_USA,10.740756721857226,10.788841,46200.00000000003,48475.832,-2275.832031249971,2275.832031249971,-4.93
36825,29995.0,116592.0,GMC,Canyon,,2018.0,4,Pickup Truck,of_Origin_USA,10.30881931842128,10.009683,29995.000000000007,22239.775,7755.224609375007,7755.224609375007,25.86
4526,30750.0,113158.0,Audi,Q5,,2022.0,4,SUV,baseline_value_here,10.333677793031093,10.456982,30750.000000000004,34785.395,-4035.3945312499964,4035.3945312499964,-13.12
33717,18850.0,121858.0,Ford,Explorer,,2018.0,6,SUV,of_Origin_USA,9.844321241866913,10.038254,18850.000000000015,22884.385,-4034.3847656249854,4034.3847656249854,-21.4
30453,74995.0,39055.0,RAM,1500,,2025.0,baseline_value_here,baseline_value_here,of_Origin_USA,11.225190057762841,10.850646,74994.99999999999,51566.453,23428.546874999985,23428.546874999985,31.24
23771,15999.0,126000.0,Volkswagen,Golf,Standard Model,2020.0,4,Hatchback,baseline_value_here,9.680344001221918,9.92974,15999.000000000002,20531.0,-4531.999999999998,4531.999999999998,-28.33
22420,17950.0,216279.0,Tesla,Model,S,2016.0,Electric,Sedan,of_Origin_USA,9.79540110267107,9.743196,17949.999999999996,17036.9,913.0996093749964,913.0996093749964,5.09
22651,26995.0,76800.0,Tesla,Model,3,2022.0,Electric,Sedan,of_Origin_USA,10.203443985863297,10.502852,26994.999999999993,36418.24,-9423.238281250007,9423.238281250007,-34.91
24705,18888.0,211092.0,Volvo,S60,,2019.0,4,Sedan,of_Origin_Sweden,9.84633502103182,9.63066,18888.0,15223.481,3664.5185546875,3664.5185546875,19.4
7347,21999.0,162500.0,Cadillac,Escalade,,2015.0,8,SUV,of_Origin_USA,9.998797732340453,10.073044,21999.0,23694.58,-1695.580078125,1695.580078125,-7.71
14003,18600.0,74381.0,Kia,Soul,,2022.0,4,Hatchback,of_Origin_South Korea,9.83097062169695,9.883426,18599.999999999996,19601.762,-1001.7617187500036,1001.7617187500036,-5.39
38070,35880.0,24240.0,Volvo,XC40,,2022.0,4,SUV,of_Origin_Sweden,10.487963186464397,10.640313,35879.999999999985,41784.855,-5904.855468750015,5904.855468750015,-16.46
38602,19998.0,145677.0,Chevrolet,Colorado,,2015.0,4,Pickup Truck,of_Origin_USA,9.903437551286085,9.595165,19997.99999999998,14692.57,5305.429687499982,5305.429687499982,26.53
6431,20878.0,83631.0,Buick,Regal,Sportback,2019.0,4,Sedan,of_Origin_USA,9.946499148129375,9.806825,20877.99999999998,18156.24,2721.759765624982,2721.759765624982,13.04
8882,37495.0,81244.0,Dodge,Durango,,2022.0,6,SUV,of_Origin_USA,10.531989539602542,10.5831375,37494.999999999985,39462.74,-1967.7382812500146,1967.7382812500146,-5.25
17889,11990.0,178123.0,Mazda,CX-5,,2016.0,4,SUV,of_Origin_Japan,9.391911647379434,9.429875,11990.00000000001,12453.975,-463.9746093749909,463.9746093749909,-3.87
6261,28495.0,24766.0,Buick,Envista,,2024.0,4,SUV,of_Origin_USA,10.257519005529442,10.430757,28494.999999999978,33884.977,-5389.976562500022,5389.976562500022,-18.92
13310,56898.0,1012.0,Jeep,Wrangler,,2025.0,6,SUV,of_Origin_USA,10.949033045267543,11.124706,56897.99999999999,67825.37,-10927.367187500007,10927.367187500007,-19.21
18618,65900.0,20848.0,Mercedes-Benz,EQE,,2024.0,Electric,SUV,baseline_value_here,11.095908894882296,11.004623,65900.00000000003,60150.605,5749.394531250029,5749.394531250029,8.72
12636,41888.0,11441.0,Infiniti,QX50,,2024.0,4,SUV,of_Origin_Japan,10.642778541610305,10.433499,41888.00000000002,33978.047,7909.953125000022,7909.953125000022,18.88
26390,25262.0,62992.0,Toyota,Corolla,Sedan,2025.0,4,Sedan,of_Origin_Japan,10.137096153698101,10.178862,25261.999999999978,26339.465,-1077.4648437500218,1077.4648437500218,-4.27
18530,19588.0,134947.0,Mercedes-Benz,GLC,,2017.0,6,SUV,baseline_value_here,9.8827234631834,10.105402,19587.999999999985,24473.865,-4885.865234375015,4885.865234375015,-24.94
34276,23000.0,76724.0,Volkswagen,Taos,,2022.0,4,SUV,baseline_value_here,10.043292972227004,10.409324,22999.999999999996,33166.43,-10166.429687500004,10166.429687500004,-44.2
32867,22998.0,35921.0,Nissan,Rogue,,2024.0,4,SUV,of_Origin_Japan,10.043206015705211,10.43123,22998.00000000002,33901.01,-10903.011718749982,10903.011718749982,-47.41
739,12500.0,89473.0,Mercedes-Benz,C-Class,Sedan,2013.0,4,Sedan,baseline_value_here,9.433563920090563,9.497732,12500.0,13328.464,-828.4638671875,828.4638671875,-6.63
28520,11975.0,186000.0,Kia,Sorento,,2019.0,4,SUV,of_Origin_South Korea,9.390659926099465,9.421831,11975.00000000001,12354.186,-379.1855468749909,379.1855468749909,-3.17
9497,22450.0,105000.0,Ford,Edge,,2020.0,4,SUV,of_Origin_USA,10.019090435608215,10.003093,22449.999999999985,22093.693,356.30664062498545,356.30664062498545,1.59
17692,29500.0,56400.0,Mazda,CX-5,,2021.0,4,SUV,of_Origin_Japan,10.292179440058462,10.269749,29500.000000000007,28845.637,654.3632812500073,654.3632812500073,2.22
36099,14988.0,129116.0,Lexus,RX,,2010.0,4,SUV,of_Origin_Japan,9.615071877730596,9.218173,14988.000000000005,10077.634,4910.3662109375055,4910.3662109375055,32.76
35058,53487.0,19544.0,Lexus,NX,,2023.0,4,SUV,of_Origin_Japan,10.88721260865988,10.395239,53486.99999999999,32702.549,20784.451171874993,20784.451171874993,38.86
10730,45988.0,79953.0,Genesis,GV80,,2022.0,6,SUV,of_Origin_South Korea,10.736157516440208,10.491801,45988.00000000001,36017.98,9970.019531250007,9970.019531250007,21.68
4412,44900.0,62548.0,Audi,S5,Sportback,2021.0,6,Hatchback,baseline_value_here,10.712215345197256,10.649718,44899.99999999997,42179.71,2720.289062499971,2720.289062499971,6.06
9049,41000.0,35100.0,Dodge,Challenger,,2015.0,6,Coupe,of_Origin_USA,10.62135173563291,10.468745,40999.99999999999,35197.023,5802.976562499993,5802.976562499993,14.15
10808,81990.0,9561.0,Genesis,GV80,,2025.0,4,SUV,of_Origin_South Korea,11.314364764125187,10.625458,81989.99999999996,41168.7,40821.300781249956,40821.300781249956,49.79
36927,15999.0,50905.0,Hyundai,Genesis,Coupe,2016.0,6,Coupe,of_Origin_South Korea,9.680344001221918,10.187689,15999.000000000002,26573.006,-10574.005859374998,10574.005859374998,-66.09
12705,25888.0,100337.0,Infiniti,QX55,,2022.0,4,SUV,of_Origin_Japan,10.161573447047902,10.191179,25887.999999999993,26665.924,-777.9238281250073,777.9238281250073,-3.0
22453,34880.0,31947.0,Tesla,Model,3,2022.0,Electric,Sedan,of_Origin_USA,10.459697547336718,10.67079,34880.00000000002,43077.95,-8197.949218749978,8197.949218749978,-23.5
33748,29995.0,140902.0,Toyota,RAV,4,2021.0,4,SUV,of_Origin_Japan,10.30881931842128,10.027992,29995.000000000007,22650.746,7344.253906250007,7344.253906250007,24.48
2007,59992.0,58266.0,BMW,X5,,2023.0,6,SUV,baseline_value_here,11.001983167731487,11.036743,59992.00000000002,62114.023,-2122.023437499978,2122.023437499978,-3.54
4058,39995.0,51279.0,Acura,RDX,,2023.0,4,SUV,of_Origin_Japan,10.59653472809574,10.364835,39995.00000000001,31723.191,8271.808593750007,8271.808593750007,20.68
16773,73487.0,250.0,Lincoln,Nautilus,,2026.0,4,SUV,of_Origin_USA,11.204877406565574,10.967007,73486.99999999994,57929.93,15557.070312499942,15557.070312499942,21.17
4167,14888.0,142862.0,Acura,TLX,,2015.0,4,Sedan,of_Origin_Japan,9.608377964255551,9.379713,14888.000000000005,11844.615,3043.3847656250055,3043.3847656250055,20.44
25289,27490.0,41394.0,Mazda,CX-30,,2022.0,4,SUV,of_Origin_Japan,10.221613957361983,10.329395,27489.999999999985,30618.59,-3128.5898437500146,3128.5898437500146,-11.38
21045,42480.0,113470.0,RAM,1500,,2022.0,baseline_value_here,baseline_value_here,of_Origin_USA,10.65681219612839,10.42442,42480.00000000003,33670.95,8809.05078125003,8809.05078125003,20.74
3937,47995.0,79542.0,Acura,MDX,,2023.0,6,SUV,of_Origin_Japan,10.77887295308428,10.607728,47995.00000000001,40445.203,7549.796875000007,7549.796875000007,15.73
26655,48998.0,37408.0,Toyota,RAV,4,2023.0,4,SUV,of_Origin_Japan,10.799555168721248,10.657652,48997.99999999997,42515.688,6482.312499999971,6482.312499999971,13.23
13497,24488.0,109192.0,Jeep,Grand,Cherokee,2021.0,6,SUV,of_Origin_USA,10.105979316119466,10.395621,24488.000000000015,32715.059,-8227.058593749985,8227.058593749985,-33.6
36438,16990.0,132799.0,Ford,Explorer,,2017.0,6,SUV,of_Origin_USA,9.740439071085758,9.9170265,16989.99999999999,20271.621,-3281.621093750011,3281.621093750011,-19.32
8661,34291.0,86161.0,Chrysler,Pacifica,,2024.0,6,Minivan,of_Origin_USA,10.442667369798647,10.430659,34291.000000000015,33881.68,409.32031250001455,409.32031250001455,1.19
19325,15500.0,157141.0,Mitsubishi,Outlander,,2019.0,4,SUV,of_Origin_Japan,9.648659816955295,9.808964,15500.00000000001,18195.121,-2695.121093749991,2695.121093749991,-17.39
20792,17777.0,205000.0,Porsche,Cayenne,,2011.0,6,SUV,baseline_value_here,9.78571701680162,9.147608,17776.99999999999,9390.946,8386.053710937489,8386.053710937489,47.17
8345,49392.0,32.0,Chrysler,Grand,Caravan,2024.0,6,Minivan,of_Origin_USA,10.807563992730705,10.759112,49392.00000000001,47055.88,2336.1210937500073,2336.1210937500073,4.73
12054,21205.0,55372.0,Hyundai,Venue,,2024.0,4,SUV,of_Origin_South Korea,9.962039439485743,10.312063,21204.999999999985,30092.463,-8887.462890625015,8887.462890625015,-41.91
29258,17990.0,154250.0,Tesla,Model,3,2018.0,Electric,Sedan,of_Origin_USA,9.79762691183662,9.946255,17990.000000000004,20872.896,-2882.8964843749964,2882.8964843749964,-16.02
33939,2500.0,240000.0,Infiniti,G,,2011.0,6,Sedan,of_Origin_Japan,7.824445930877619,8.822331,2500.0000000000005,6783.063,-4283.06298828125,4283.06298828125,-171.32
38168,25000.0,100488.0,Ford,Mustang,,2016.0,8,Coupe,of_Origin_USA,10.12667110305036,10.329546,25000.000000000004,30623.205,-5623.205078124996,5623.205078124996,-22.49
27778,48888.0,99534.0,BMW,3,Series,2021.0,baseline_value_here,baseline_value_here,baseline_value_here,10.797307701282914,10.472628,48887.99999999999,35333.94,13554.058593749993,13554.058593749993,27.72
23103,34895.0,60246.0,Toyota,Corolla,Cross Hybrid,2023.0,4,Sedan,of_Origin_Japan,10.46012748844141,10.426281,34894.999999999985,33733.656,1161.3437499999854,1161.3437499999854,3.33
13996,24895.0,17712.0,Kia,K4,,2025.0,4,Sedan,of_Origin_South Korea,10.122462426978117,10.274175,24894.99999999998,28973.596,-4078.595703125018,4078.595703125018,-16.38
25106,25770.0,68000.0,Mercedes-Benz,GLC,,2019.0,4,SUV,baseline_value_here,10.15700510770532,10.216026,25769.999999999996,27336.818,-1566.8183593750036,1566.8183593750036,-6.08
479,29998.0,46666.0,Volkswagen,Tiguan,,2023.0,4,SUV,baseline_value_here,10.308919326755392,10.545328,29998.000000000025,37998.496,-8000.4960937499745,8000.4960937499745,-26.67
12811,45995.0,35778.0,Infiniti,QX60,,2024.0,6,SUV,of_Origin_Japan,10.736309715168556,10.836541,45995.00000000002,50844.207,-4849.207031249978,4849.207031249978,-10.54
18886,66640.0,3957.0,Mercedes-Benz,GLB,,2025.0,4,SUV,baseline_value_here,11.107075282730536,10.927669,66639.99999999997,55695.277,10944.72265624997,10944.72265624997,16.42
27878,18990.0,185982.0,Subaru,WRX,STI,2018.0,4,Sedan,of_Origin_Japan,9.851720461714246,9.440373,18990.000000000015,12585.416,6404.583984375015,6404.583984375015,33.73
17888,26490.0,72340.0,Mazda,CX-5,,2021.0,4,SUV,of_Origin_Japan,10.184560331647974,10.167812,26490.000000000015,26050.023,439.97656250001455,439.97656250001455,1.66
29708,12700.0,129000.0,Hyundai,ELANTRA,,2019.0,baseline_value_here,baseline_value_here,of_Origin_South Korea,9.44943600950432,9.635128,12700.0,15291.656,-2591.65625,2591.65625,-20.41
19280,46687.0,14637.0,Mitsubishi,Outlander,Plug-In Hybrid,2025.0,Electric,SUV,of_Origin_Japan,10.751242451322511,10.965156,46686.999999999956,57822.793,-11135.792968750044,11135.792968750044,-23.85
23784,23695.0,72720.0,Volkswagen,Taos,,2024.0,4,SUV,baseline_value_here,10.07306153650758,10.490153,23695.000000000015,35958.67,-12263.671874999985,12263.671874999985,-51.76
31480,19990.0,111895.0,Acura,MDX,,2016.0,6,SUV,of_Origin_Japan,9.903037451255743,9.808236,19990.00000000001,18181.887,1808.113281250011,1808.113281250011,9.05
25740,38441.0,74557.0,Toyota,RAV,4 Hybrid,2022.0,4,SUV,of_Origin_Japan,10.556905890867077,10.520741,38441.0,37075.605,1365.39453125,1365.39453125,3.55
8549,42995.0,40934.0,Chrysler,Pacifica,,2023.0,6,Minivan,of_Origin_USA,10.668862367092954,10.581211,42995.0,39386.79,3608.2109375,3608.2109375,8.39
9374,24995.0,62801.0,Ford,Edge,,2023.0,4,SUV,of_Origin_USA,10.126471091048971,10.253814,24994.999999999978,28389.61,-3394.609375000022,3394.609375000022,-13.58
26275,52495.0,57045.0,Acura,MDX,,2024.0,6,SUV,of_Origin_Japan,10.868492255200882,10.793403,52494.99999999998,48697.46,3797.539062499978,3797.539062499978,7.23
2958,32998.0,59148.0,Volkswagen,Atlas,Cross Sport,2022.0,4,SUV,baseline_value_here,10.404232536959167,10.502631,32997.99999999997,36410.18,-3412.179687500029,3412.179687500029,-10.34
38219,23680.0,39976.0,Volkswagen,Taos,,2023.0,4,SUV,baseline_value_here,10.072428317836021,10.5617,23679.99999999998,38625.734,-14945.734375000018,14945.734375000018,-63.12
6251,26495.0,40212.0,Buick,Envista,,2024.0,4,SUV,of_Origin_USA,10.184749057184986,10.382969,26494.999999999985,32303.729,-5808.728515625015,5808.728515625015,-21.92
28545,26390.0,68095.0,Kia,Sportage,,2023.0,4,SUV,of_Origin_South Korea,10.180778321920783,10.211103,26389.99999999998,27202.568,-812.5683593750182,812.5683593750182,-3.08
15546,74030.0,88.0,Lexus,RZ,,2025.0,Electric,SUV,of_Origin_Japan,11.212239203383193,11.076246,74029.99999999999,64616.867,9413.132812499985,9413.132812499985,12.72
3904,46995.0,90842.0,Acura,MDX,,2024.0,6,SUV,of_Origin_Japan,10.757817770687463,10.6209755,46995.00000000001,40984.58,6010.421875000007,6010.421875000007,12.79
26036,33000.0,130000.0,Tesla,Model,X,2016.0,Electric,Sedan,of_Origin_USA,10.404293143019792,9.9663725,32999.99999999999,21297.086,11702.914062499993,11702.914062499993,35.46
22859,16088.0,72869.0,Toyota,RAV,4,2013.0,4,SUV,of_Origin_Japan,9.685891087651035,9.577318,16087.999999999996,14432.659,1655.3408203124964,1655.3408203124964,10.29
13652,35288.0,86984.0,Jeep,Grand,Cherokee L,2021.0,6,SUV,of_Origin_USA,10.47132657962855,10.472052,35287.99999999999,35313.594,-25.593750000007276,25.593750000007276,-0.07
25388,39998.0,31616.0,Nissan,Pathfinder,,2024.0,6,SUV,of_Origin_Japan,10.596609732783568,10.819667,39997.99999999999,49993.43,-9995.429687500007,9995.429687500007,-24.99
19589,27495.0,76164.0,Mitsubishi,RVR,,2024.0,4,SUV,of_Origin_Japan,10.22179581852967,10.316537,27494.99999999998,30227.393,-2732.392578125018,2732.392578125018,-9.94
30473,26995.0,16504.0,Toyota,Corolla,Sedan,2023.0,4,Sedan,of_Origin_Japan,10.203443985863297,10.270252,26994.999999999993,28860.166,-1865.1660156250073,1865.1660156250073,-6.91
36502,44997.0,49697.0,Infiniti,QX60,,2024.0,6,SUV,of_Origin_Japan,10.714373323320329,10.792908,44997.00000000001,48673.363,-3676.3632812499927,3676.3632812499927,-8.17
17932,31288.0,66475.0,Mazda,CX-5,,2023.0,4,SUV,of_Origin_Japan,10.351021877059864,10.331102,31288.000000000022,30670.904,617.0957031250218,617.0957031250218,1.97
34647,40000.0,66942.0,Chevrolet,Corvette,Z51,2015.0,8,Coupe,of_Origin_USA,10.596659732783579,10.796599,40000.0,48853.383,-8853.3828125,8853.3828125,-22.13
20452,16998.0,85212.0,Nissan,Rogue,,2019.0,4,SUV,of_Origin_Japan,9.74090979777877,10.054607,16997.999999999996,23261.72,-6263.720703125004,6263.720703125004,-36.85
27569,41398.0,77260.0,Volkswagen,Atlas,Cross Sport,2024.0,4,SUV,baseline_value_here,10.631012004932307,10.477842,41398.00000000001,35518.684,5879.316406250007,5879.316406250007,14.2
23590,54698.0,34674.0,Volkswagen,Atlas,,2025.0,4,SUV,baseline_value_here,10.909600706707314,10.748522,54697.99999999999,46560.152,8137.847656249993,8137.847656249993,14.88
33322,36793.0,75914.0,Toyota,RAV,4 Hybrid,2021.0,4,SUV,of_Origin_Japan,10.513090067385729,10.423013,36793.000000000015,33623.582,3169.4179687500146,3169.4179687500146,8.61
32540,48841.0,62717.0,Lincoln,Aviator,,2022.0,6,SUV,of_Origin_USA,10.79634587742716,10.700578,48840.99999999999,44380.49,4460.511718749993,4460.511718749993,9.13
16206,33990.0,114350.0,Lincoln,Aviator,,2020.0,6,SUV,of_Origin_USA,10.43385106267516,10.282049,33990.00000000001,29202.656,4787.343750000007,4787.343750000007,14.08
34949,36999.0,44051.0,BMW,3,Series,2022.0,baseline_value_here,baseline_value_here,baseline_value_here,10.51867319162636,10.852486,36998.99999999997,51661.406,-14662.40625000003,14662.40625000003,-39.63
16805,77745.0,250.0,Lincoln,Aviator,,2026.0,6,SUV,of_Origin_USA,11.261202381772703,11.32383,77744.99999999997,82769.72,-5024.718750000029,5024.718750000029,-6.46
36379,30999.0,116000.0,RAM,1500,Classic,2021.0,baseline_value_here,baseline_value_here,of_Origin_USA,10.341742483467284,10.339138,30999.000000000022,30918.367,80.63281250002183,80.63281250002183,0.26
16425,29990.0,101425.0,Lincoln,Nautilus,,2022.0,4,SUV,of_Origin_USA,10.30865261563529,10.145104,29990.000000000007,25465.125,4524.875000000007,4524.875000000007,15.09
21209,62814.0,18385.0,RAM,1500,,2025.0,baseline_value_here,baseline_value_here,of_Origin_USA,11.047949177438518,10.933985,62813.99999999999,56048.176,6765.824218749993,6765.824218749993,10.77
22416,29880.0,139860.0,Tesla,Model,Y,2021.0,Electric,Sedan,of_Origin_USA,10.304978105888882,10.197052,29880.00000000002,26822.992,3057.007812500018,3057.007812500018,10.23
24751,52999.0,17280.0,Volvo,XC60,,2025.0,4,SUV,of_Origin_Sweden,10.87804719253426,10.886917,52999.000000000015,53471.195,-472.19531249998545,472.19531249998545,-0.89
31934,13995.0,68000.0,Ford,Escape,,2016.0,4,SUV,of_Origin_USA,9.54652685348758,9.503697,13995.00000000001,13408.215,586.7851562500091,586.7851562500091,4.19
7049,54990.0,48993.0,Cadillac,Lyriq,,2024.0,Electric,SUV,of_Origin_USA,10.91492481446108,10.815062,54989.999999999985,49763.72,5226.281249999985,5226.281249999985,9.5
11558,64385.0,10.0,Honda,Odyssey,,2025.0,6,Minivan,of_Origin_Japan,11.072651497155183,11.01451,64385.00000000005,60748.258,3636.742187500051,3636.742187500051,5.65
26030,41995.0,67730.0,Lexus,NX,,2022.0,4,SUV,of_Origin_Japan,10.645329654634832,10.293263,41995.0,29531.996,12463.00390625,12463.00390625,29.68
11867,19988.0,118000.0,Hyundai,Santa,Fe,2021.0,4,SUV,of_Origin_South Korea,9.902937401230647,9.908711,19987.999999999996,20103.752,-115.75195312500364,115.75195312500364,-0.58
22255,51990.0,2437.0,Tesla,Model,3,2025.0,Electric,Sedan,of_Origin_USA,10.858825905660948,11.060862,51990.0,63630.35,-11640.3515625,11640.3515625,-22.39
37797,15998.0,136540.0,Hyundai,Elantra,,2022.0,4,Sedan,of_Origin_South Korea,9.680281499268713,9.758865,15998.00000000001,17305.982,-1307.982421874991,1307.982421874991,-8.18
32685,15990.0,225970.0,Nissan,Frontier,,2017.0,6,Pickup Truck,of_Origin_Japan,9.679781342959442,9.865883,15990.000000000005,19260.871,-3270.8710937499945,3270.8710937499945,-20.46
32519,23909.0,87559.0,Kia,Forte,,2023.0,4,Sedan,of_Origin_South Korea,10.082052060452371,9.975784,23909.00000000002,21498.486,2410.513671875018,2410.513671875018,10.08
20156,24995.0,28332.0,Nissan,Rogue,,2024.0,4,SUV,of_Origin_Japan,10.126471091048971,10.436272,24994.999999999978,34072.38,-9077.378906250022,9077.378906250022,-36.32
2355,13495.0,138995.0,Subaru,Forester,,2015.0,4,SUV,of_Origin_Japan,9.510148624225804,9.456044,13495.000000000002,12784.209,710.7910156250018,710.7910156250018,5.27
8894,88880.0,40000.0,Dodge,Challenger,,2019.0,6,Coupe,of_Origin_USA,11.395053675375332,10.692757,88880.00000000007,44034.73,44845.26953125007,44845.26953125007,50.46
3033,19995.0,127000.0,Toyota,Tundra,,2009.0,6,Pickup Truck,of_Origin_Japan,9.903287532533462,9.57613,19995.00000000001,14415.518,5579.482421875011,5579.482421875011,27.9
2843,30228.0,39450.0,Mazda,CX-5,,2024.0,4,SUV,of_Origin_Japan,10.316557007504228,10.4074,30228.00000000002,33102.69,-2874.691406249982,2874.691406249982,-9.51
10018,71900.0,65523.0,GMC,Yukon,XL,2023.0,8,SUV,of_Origin_USA,11.183045451818261,11.229879,71899.99999999997,75347.51,-3447.507812500029,3447.507812500029,-4.79
521,25688.0,52974.0,Volkswagen,Taos,,2023.0,4,SUV,baseline_value_here,10.153818163694302,10.557409,25688.000000000004,38460.355,-12772.355468749996,12772.355468749996,-49.72
36819,27088.0,38669.0,Nissan,Altima,,2023.0,4,Sedan,of_Origin_Japan,10.2068830204074,10.219518,27087.99999999998,27432.432,-344.4316406250182,344.4316406250182,-1.27
17346,7995.0,190010.0,MINI,Countryman,,2014.0,4,SUV,of_Origin_UK,8.98669669562029,8.97879,7994.999999999998,7932.03,62.97021484374818,62.97021484374818,0.79
33923,29500.0,185000.0,Lexus,IS,,2008.0,4,Sedan,of_Origin_Japan,10.292179440058462,8.816037,29500.000000000007,6740.496,22759.503906250007,22759.503906250007,77.15
14113,25487.0,32181.0,Kia,Seltos,,2023.0,4,SUV,of_Origin_South Korea,10.14596303214983,10.225686,25486.999999999993,27602.174,-2115.1738281250073,2115.1738281250073,-8.3
17651,33998.0,49513.0,Mazda,CX-9,,2022.0,4,SUV,of_Origin_Japan,10.434086391401058,10.318286,33997.99999999999,30280.309,3717.6914062499927,3717.6914062499927,10.94
9470,58692.0,50526.0,Ford,Transit,Passenger Van,2022.0,6,Van,of_Origin_USA,10.980075748279397,10.63377,58692.00000000005,41512.336,17179.66406250005,17179.66406250005,29.27
21940,42388.0,51128.0,Subaru,Outback,,2024.0,4,SUV,of_Origin_Japan,10.654644173598973,10.3983965,42387.99999999999,32805.977,9582.023437499993,9582.023437499993,22.61
9502,3988.0,253651.0,Ford,Fusion,,2010.0,4,Sedan,of_Origin_USA,8.291295851905407,8.004265,3987.9999999999995,2992.6985,995.3015136718745,995.3015136718745,24.96
34183,12998.0,160446.0,Hyundai,Venue,,2022.0,4,SUV,of_Origin_South Korea,9.47262771040802,9.72387,12998.000000000007,16710.799,-3712.7988281249927,3712.7988281249927,-28.56
28598,23990.0,97000.0,Audi,Q7,,2017.0,6,SUV,baseline_value_here,10.085434038999999,10.266349,23989.999999999985,28747.729,-4757.728515625015,4757.728515625015,-19.83
28681,31443.0,95800.0,Chevrolet,Silverado,1500,2018.0,8,Pickup Truck,of_Origin_USA,10.355963464913646,10.324869,31442.999999999975,30480.314,962.6855468749745,962.6855468749745,3.06
2002,37900.0,72341.0,Toyota,Highlander,,2021.0,6,SUV,of_Origin_Japan,10.542732775946709,10.51845,37900.000000000015,36990.734,909.2656250000146,909.2656250000146,2.4
13624,62077.0,78393.0,Jeep,Grand,Cherokee,2024.0,6,SUV,of_Origin_USA,11.036146937843293,10.707868,62077.000000000044,44705.207,17371.792968750044,17371.792968750044,27.98
13523,77888.0,2534.0,Jeep,Grand,Cherokee,2025.0,6,SUV,of_Origin_USA,11.263040015213013,11.129266,77887.99999999996,68135.33,9752.671874999956,9752.671874999956,12.52
428,49995.0,20882.0,Lexus,RX,,2023.0,4,SUV,of_Origin_Japan,10.819698281210112,10.385638,49994.99999999997,32390.076,17604.92382812497,17604.92382812497,35.21
31021,12888.0,161437.0,Subaru,Forester,,2015.0,4,SUV,of_Origin_Japan,9.46412951340478,9.4389925,12888.000000000004,12568.047,319.95312500000364,319.95312500000364,2.48
13440,4900.0,235737.0,Jeep,Grand,Cherokee,2013.0,6,SUV,of_Origin_USA,8.497194544909547,8.915442,4899.999999999998,7445.076,-2545.076171875002,2545.076171875002,-51.94
19266,34998.0,69233.0,Mitsubishi,Outlander,Plug-In Hybrid,2023.0,4,SUV,of_Origin_Japan,10.463074768634808,10.33016,34997.99999999999,30642.02,4355.980468749993,4355.980468749993,12.45
22822,32444.0,36248.0,Toyota,Corolla,Cross,2025.0,4,Sedan,of_Origin_Japan,10.387301627055269,10.303036,32444.000000000004,29822.016,2621.9843750000036,2621.9843750000036,8.08
2946,11999.0,159500.0,Land,Rover,Range Rover Evoque,2015.0,6,SUV,baseline_value_here,9.392661928770137,9.704044,11998.999999999993,16382.734,-4383.734375000007,4383.734375000007,-36.53
8727,87777.0,1800.0,Dodge,Challenger,,2016.0,8,Coupe,of_Origin_USA,11.38256617874935,11.73313,87777.00000000003,124632.22,-36855.21874999997,36855.21874999997,-41.99
15023,59790.0,69551.0,Land,Rover,Defender,2023.0,6,SUV,baseline_value_here,10.998610426939969,10.967635,59789.999999999985,57966.348,1823.6523437499854,1823.6523437499854,3.05
10129,92888.0,17500.0,GMC,HUMMER,EV SUV,2024.0,Electric,SUV,of_Origin_USA,11.439160510902152,10.856534,92887.99999999993,51870.977,41017.02343749993,41017.02343749993,44.16
13466,30192.0,36349.0,Jeep,Compass,,2024.0,4,SUV,of_Origin_USA,10.315365388416483,10.353288,30192.000000000022,31358.977,-1166.9765624999782,1166.9765624999782,-3.87
17815,29988.0,55334.0,Mazda,CX-30,,2024.0,4,SUV,of_Origin_Japan,10.308585926738967,10.397076,29988.00000000001,32762.674,-2774.673828124989,2774.673828124989,-9.25
36919,26999.0,142883.0,Mazda,CX-50,,2023.0,4,SUV,of_Origin_Japan,10.203592144986466,10.144871,26998.999999999996,25459.176,1539.8242187499964,1539.8242187499964,5.7
27600,48988.0,76000.0,Audi,Q8,,2020.0,6,SUV,baseline_value_here,10.799351062095239,10.793236,48987.99999999998,48689.332,298.6679687499782,298.6679687499782,0.61
37255,34995.0,128828.0,Tesla,Model,X,2016.0,Electric,Sedan,of_Origin_USA,10.462989048226156,9.961834,34995.00000000002,21200.643,13794.357421875022,13794.357421875022,39.42
22622,41990.0,80216.0,Tesla,Model,Y,2023.0,Electric,Sedan,of_Origin_USA,10.645210588588755,10.476675,41989.999999999985,35477.246,6512.753906249985,6512.753906249985,15.51
19642,7500.0,146833.0,Mitsubishi,Eclipse,,2008.0,4,Coupe,of_Origin_Japan,8.922791623969637,9.130248,7500.0000000000055,9229.312,-1729.3115234374945,1729.3115234374945,-23.06
2730,5500.0,197000.0,Mazda,Mazda3,,2012.0,4,Sedan,of_Origin_Japan,8.612685172875459,8.892931,5500.000000000004,7279.3267,-1779.3266601562464,1779.3266601562464,-32.35
17850,33995.0,32083.0,Mazda,CX-5,,2023.0,4,SUV,of_Origin_Japan,10.433998149618517,10.325619,33995.00000000002,30503.172,3491.828125000022,3491.828125000022,10.27
17272,42698.0,22904.0,MINI,Countryman,,2025.0,4,SUV,of_Origin_UK,10.661930779738736,10.656592,42698.00000000003,42470.664,227.3359375000291,227.3359375000291,0.53
15299,51888.0,12503.0,Lexus,NX,,2024.0,4,SUV,of_Origin_Japan,10.856862100640145,10.559454,51887.999999999956,38539.08,13348.921874999956,13348.921874999956,25.73
10345,51889.0,61347.0,GMC,Sierra,1500,2023.0,8,Pickup Truck,of_Origin_USA,10.856881372361785,10.852499,51889.00000000001,51662.098,226.90234375000728,226.90234375000728,0.44
33632,37910.0,74437.0,RAM,1500,,2023.0,baseline_value_here,baseline_value_here,of_Origin_USA,10.54299658642679,10.655257,37909.99999999999,42413.996,-4503.996093750007,4503.996093750007,-11.88
16514,53888.0,79983.0,Lincoln,Aviator,,2023.0,6,SUV,of_Origin_USA,10.894681654436946,10.642642,53888.00000000002,41882.28,12005.718750000022,12005.718750000022,22.28
8995,54995.0,58332.0,Dodge,Durango,,2024.0,6,SUV,of_Origin_USA,10.915015734297125,10.837042,54995.00000000002,50869.67,4125.328125000022,4125.328125000022,7.5
22134,31988.0,5601.0,Subaru,Impreza,,2024.0,4,Sedan,of_Origin_Japan,10.373147372686288,10.333681,31987.999999999975,30750.102,1237.8984374999745,1237.8984374999745,3.87
18745,26888.0,120757.0,Mercedes-Benz,GLE,,2018.0,6,SUV,baseline_value_here,10.199472560025471,10.226096,26888.0,27613.496,-725.49609375,725.49609375,-2.7
9370,30374.0,57959.0,Ford,Bronco,Sport,2023.0,4,SUV,of_Origin_USA,10.32137518064285,10.3348675,30374.000000000004,30786.605,-412.60546874999636,412.60546874999636,-1.36
31369,9500.0,150000.0,Subaru,XV,Crosstrek,2014.0,4,SUV,of_Origin_Japan,9.15915233520675,9.307803,9500.000000000005,11022.704,-1522.7041015624945,1522.7041015624945,-16.03
28530,36995.0,70549.0,Mazda,CX-70,MHEV,2025.0,6,SUV,of_Origin_Japan,10.51856507767415,10.767447,36994.99999999999,47449.742,-10454.742187500007,10454.742187500007,-28.26
2775,17888.0,85969.0,Kia,Seltos,,2022.0,4,SUV,of_Origin_South Korea,9.791941277791215,10.1079645,17887.999999999996,24536.664,-6648.664062500004,6648.664062500004,-37.17
5668,73477.0,34528.0,BMW,X5,,2024.0,6,SUV,baseline_value_here,11.204741320667946,11.123965,73476.99999999997,67775.125,5701.874999999971,5701.874999999971,7.76
11894,8990.0,150145.0,Hyundai,Elantra,,2016.0,4,Sedan,of_Origin_South Korea,9.103979355984773,9.103555,8990.000000000002,8986.183,3.817382812501819,3.817382812501819,0.04
23095,41495.0,43887.0,Toyota,Highlander,,2021.0,6,SUV,of_Origin_Japan,10.633352316031235,10.636676,41494.99999999996,41633.14,-138.14062500003638,138.14062500003638,-0.33
13011,5000.0,189500.0,Infiniti,G,,2012.0,6,Sedan,of_Origin_Japan,8.517393171418904,9.112487,5000.000000000003,9066.817,-4066.8173828124973,4066.8173828124973,-81.34
3732,79410.0,2071.0,Acura,MDX,,2026.0,6,SUV,of_Origin_Japan,11.282392176682402,11.122244,79410.00000000004,67658.555,11751.445312500044,11751.445312500044,14.8
1243,40999.0,58497.0,GMC,Canyon,,2021.0,4,Pickup Truck,of_Origin_USA,10.621327345686446,10.419085,40999.00000000003,33491.758,7507.242187500029,7507.242187500029,18.31
32347,10950.0,184000.0,Hyundai,Genesis,Coupe,2014.0,6,Coupe,of_Origin_South Korea,9.301186055275759,8.944141,10949.999999999995,7661.866,3288.1337890624945,3288.1337890624945,30.03
38208,25995.0,31855.0,Volkswagen,Jetta,,2025.0,4,Sedan,baseline_value_here,10.16569795901424,10.45271,25995.00000000002,34637.12,-8642.121093749982,8642.121093749982,-33.25
2749,54988.0,47306.0,Jeep,Grand,Cherokee L,2023.0,6,SUV,of_Origin_USA,10.914888444211941,10.806417,54988.00000000003,49335.402,5652.597656250029,5652.597656250029,10.28
21810,42406.0,39142.0,Subaru,Ascent,,2023.0,4,SUV,of_Origin_Japan,10.655068721933102,10.372493,42406.00000000003,31967.068,10438.93164062503,10438.93164062503,24.62
7828,34977.0,100000.0,Chevrolet,Corvette,,2009.0,8,Coupe,of_Origin_USA,10.462474571409137,10.370428,34977.00000000002,31901.13,3075.869140625022,3075.869140625022,8.79
5621,37988.0,137800.0,BMW,X5,,2019.0,6,SUV,baseline_value_here,10.545051923118718,10.304006,37988.00000000001,29850.955,8137.044921875007,8137.044921875007,21.42
24857,31890.0,104921.0,Volvo,XC90,,2020.0,4,SUV,of_Origin_Sweden,10.37007911730487,10.285351,31890.00000000003,29299.234,2590.765625000029,2590.765625000029,8.12
36098,22488.0,65340.0,Toyota,Corolla,Sedan,2021.0,4,Sedan,of_Origin_Japan,10.020781579758486,10.098591,22488.000000000015,24307.73,-1819.7304687499854,1819.7304687499854,-8.09
16648,80584.0,3678.0,Lincoln,Aviator,,2026.0,6,SUV,of_Origin_USA,11.297067806956818,11.224592,80583.99999999996,74950.18,5633.820312499956,5633.820312499956,6.99
29621,54140.0,300.0,Honda,CR-V,Hybrid,2026.0,4,SUV,of_Origin_Japan,10.899347033629407,10.91445,54139.99999999998,54963.88,-823.8789062500218,823.8789062500218,-1.52
36205,47488.0,73824.0,Ford,F-150,,2022.0,6,Pickup Truck,of_Origin_USA,10.76825338425682,10.752253,47488.00000000002,46734.184,753.8164062500218,753.8164062500218,1.59
23660,25390.0,80821.0,Volkswagen,Tiguan,,2022.0,4,SUV,baseline_value_here,10.142150059508008,10.368569,25390.0,31841.889,-6451.888671875,6451.888671875,-25.41
38086,29942.0,18549.0,Nissan,Kicks,,2025.0,4,SUV,of_Origin_Japan,10.307050853354696,10.56572,29941.999999999985,38781.312,-8839.312500000015,8839.312500000015,-29.52
14240,4900.0,141142.0,Kia,Rondo,,2015.0,4,Minivan,of_Origin_South Korea,8.497194544909547,9.12856,4899.999999999998,9213.744,-4313.744140625002,4313.744140625002,-88.04
14173,21480.0,24364.0,Kia,Forte,,2024.0,4,Sedan,of_Origin_South Korea,9.974924102473977,10.204675,21480.000000000015,27028.246,-5548.246093749985,5548.246093749985,-25.83
13565,41425.0,41000.0,Jeep,Gladiator,,2022.0,6,Pickup Truck,of_Origin_USA,10.631663982015468,10.812727,41424.99999999998,49647.676,-8222.675781250022,8222.675781250022,-19.85
31584,35671.0,3996.0,Nissan,Rogue,,2026.0,4,SUV,of_Origin_Japan,10.482121346307313,10.749699,35671.00000000001,46614.977,-10943.976562499993,10943.976562499993,-30.68
21249,48800.0,38255.0,RAM,1500,,2025.0,baseline_value_here,baseline_value_here,of_Origin_USA,10.795506083434564,10.857744,48800.00000000003,51933.793,-3133.792968749971,3133.792968749971,-6.42
22502,17400.0,202435.0,Tesla,Model,S,2015.0,Electric,Sedan,of_Origin_USA,9.76428295481558,9.639718,17400.000000000015,15362.012,2037.9882812500146,2037.9882812500146,11.71
38088,37900.0,20425.0,Mazda,CX-5,,2024.0,4,SUV,of_Origin_Japan,10.542732775946709,10.3529625,37900.000000000015,31348.78,6551.220703125015,6551.220703125015,17.29
24516,91920.0,2902.0,Volvo,XC90,,2026.0,4,SUV,of_Origin_Sweden,11.4286847914887,11.205273,91920.00000000004,73516.055,18403.945312500044,18403.945312500044,20.02
24898,20999.0,119339.0,Mazda,CX-9,,2017.0,4,SUV,of_Origin_Japan,9.95227771670556,9.807272,20998.999999999985,18164.363,2834.6367187499854,2834.6367187499854,13.5
12999,14000.0,138000.0,Infiniti,Q50,,2015.0,6,Sedan,of_Origin_Japan,9.546884034617925,9.637752,13999.999999999995,15331.83,-1331.8300781250055,1331.8300781250055,-9.51
30342,12998.0,137002.0,Volkswagen,Jetta,Sedan,2017.0,4,Sedan,baseline_value_here,9.47262771040802,9.7383795,12998.000000000007,16955.041,-3957.0410156249927,3957.0410156249927,-30.44
9052,37995.0,66024.0,Dodge,Charger,,2021.0,6,Sedan,of_Origin_USA,10.545236170010073,10.530699,37994.999999999985,37446.633,548.3671874999854,548.3671874999854,1.44
7945,57998.0,73329.0,Chevrolet,Silverado,2500 HD,2025.0,8,Pickup Truck,of_Origin_USA,10.968181048000611,10.894616,57997.999999999956,53884.47,4113.531249999956,4113.531249999956,7.09
26033,4950.0,214000.0,Ford,Focus,,2012.0,4,Hatchback,of_Origin_USA,8.507344855361422,7.7984467,4949.999999999996,2435.8137,2514.1862792968714,2514.1862792968714,50.79
15519,40995.0,27218.0,Lexus,UX,,2024.0,4,SUV,of_Origin_Japan,10.621229779951454,10.701204,40995.00000000002,44408.305,-3413.304687499978,3413.304687499978,-8.33
3072,26568.0,48171.0,Audi,Q3,,2019.0,4,SUV,baseline_value_here,10.187500401613525,10.26086,26568.0,28590.377,-2022.376953125,2022.376953125,-7.61
22023,6900.0,247183.0,Subaru,Forester,,2016.0,4,SUV,of_Origin_Japan,8.839421607620602,9.104692,6900.000000000005,8996.414,-2096.4140624999955,2096.4140624999955,-30.38
5497,59995.0,93943.0,BMW,X6,,2020.0,6,SUV,baseline_value_here,11.002033172315251,10.594523,59995.00000000005,39914.637,20080.36328125005,20080.36328125005,33.47
17902,23999.0,42597.0,Mazda,CX-30,,2021.0,4,SUV,of_Origin_Japan,10.085809109330082,10.259712,23998.999999999985,28557.566,-4558.566406250015,4558.566406250015,-18.99
25885,25895.0,62414.0,Honda,Accord,Hybrid,2020.0,4,Sedan,of_Origin_Japan,10.16184379560608,10.27594,25894.99999999999,29024.787,-3129.787109375011,3129.787109375011,-12.09
4622,38998.0,18867.0,Audi,Q5,,2023.0,4,SUV,baseline_value_here,10.571291283757406,10.611306,38997.99999999999,40590.184,-1592.1835937500073,1592.1835937500073,-4.08
13465,35995.0,62584.0,Jeep,Grand,Cherokee,2022.0,6,SUV,of_Origin_USA,10.49116310015384,10.70483,35995.0,44569.62,-8574.62109375,8574.62109375,-23.82
14047,29990.0,51550.0,Kia,Sportage,,2025.0,4,SUV,of_Origin_South Korea,10.30865261563529,10.458314,29990.000000000007,34831.773,-4841.773437499993,4841.773437499993,-16.14
8009,54888.0,38540.0,Chevrolet,Silverado,1500,2025.0,8,Pickup Truck,of_Origin_USA,10.91306824312329,10.959399,54888.000000000015,57490.895,-2602.8945312499854,2602.8945312499854,-4.74
6500,19995.0,93331.0,Buick,Encore,,2022.0,4,SUV,of_Origin_USA,9.903287532533462,10.181504,19995.00000000001,26409.164,-6414.164062499989,6414.164062499989,-32.08
7281,37950.0,50190.0,Cadillac,CT5,,2023.0,4,Sedan,of_Origin_USA,10.544051132937742,10.145344,37950.000000000015,25471.22,12478.779296875015,12478.779296875015,32.88
35905,20990.0,82265.0,Volkswagen,Taos,,2022.0,4,SUV,baseline_value_here,9.951849053414007,10.3473425,20990.000000000007,31173.088,-10183.087890624993,10183.087890624993,-48.51
34270,29500.0,19100.0,Mazda,CX-5,,2025.0,4,SUV,of_Origin_Japan,10.292179440058462,10.563538,29500.000000000007,38696.785,-9196.785156249993,9196.785156249993,-31.18
27445,30962.0,38807.0,Toyota,Corolla,Cross,2025.0,4,Sedan,of_Origin_Japan,10.340548222234043,10.24767,30961.999999999993,28215.725,2746.2753906249927,2746.2753906249927,8.87
496,22888.0,160000.0,Audi,A7,,2017.0,6,Sedan,baseline_value_here,10.038411724792649,10.011633,22888.000000000015,22283.193,604.8066406250146,604.8066406250146,2.64
18658,66995.0,63377.0,Mercedes-Benz,GLE,,2023.0,6,SUV,baseline_value_here,11.112388195098362,10.999284,66995.00000000006,59830.273,7164.726562500058,7164.726562500058,10.69
16113,39494.0,91535.0,Lincoln,Aviator,,2022.0,6,SUV,of_Origin_USA,10.58392936059852,10.575776,39494.0,39173.297,320.703125,320.703125,0.81
28804,30995.0,84189.0,Acura,RDX,,2019.0,4,SUV,of_Origin_Japan,10.34161344288384,10.054442,30994.99999999999,23257.883,7737.117187499989,7737.117187499989,24.96
19604,17710.0,103234.0,Mitsubishi,RVR,,2021.0,4,SUV,of_Origin_Japan,9.781941194456632,10.134934,17709.999999999993,25207.447,-7497.447265625007,7497.447265625007,-42.33
26397,17990.0,111183.0,Subaru,WRX,,2019.0,4,Sedan,of_Origin_Japan,9.79762691183662,9.881877,17990.000000000004,19571.424,-1581.4238281249964,1581.4238281249964,-8.79
32173,20995.0,58545.0,Audi,Q3,,2018.0,4,SUV,baseline_value_here,9.95208722237219,10.1043215,20995.000000000004,24447.436,-3452.4355468749964,3452.4355468749964,-16.44
29290,12880.0,94336.0,Toyota,Avalon,,2009.0,6,Sedan,of_Origin_Japan,9.463508636396089,9.627334,12880.000000000011,15172.923,-2292.922851562489,2292.922851562489,-17.8
35240,4299.0,217987.0,Hyundai,Veloster,,2014.0,4,Hatchback,of_Origin_South Korea,8.366370301681654,8.327557,4299.0,4135.299,163.701171875,163.701171875,3.81
2658,69999.0,15115.0,Dodge,Charger,,2023.0,6,Sedan,of_Origin_USA,11.156250521031495,10.8768425,69998.99999999994,52935.19,17063.80859374994,17063.80859374994,24.38
24788,49999.0,34248.0,Volvo,XC60,,2024.0,4,SUV,of_Origin_Sweden,10.819778284410283,10.725795,49999.00000000001,45513.89,4485.109375000007,4485.109375000007,8.97
17597,5900.0,260000.0,MINI,3,Door,2016.0,baseline_value_here,baseline_value_here,of_Origin_UK,8.682877107057168,8.90204,5899.999999999995,7345.9424,-1445.9423828125045,1445.9423828125045,-24.51
30003,28987.0,31312.0,Nissan,Rogue,,2024.0,4,SUV,of_Origin_Japan,10.274637230229173,10.4122925,28987.000000000025,33265.043,-4278.0429687499745,4278.0429687499745,-14.76
1279,57309.0,16.0,GMC,Savana,Cargo Van,2025.0,6,Van,of_Origin_USA,10.956230407545783,10.902168,57309.00000000002,54292.96,3016.039062500022,3016.039062500022,5.26
5588,24588.0,71952.0,BMW,X5,,2018.0,6,SUV,baseline_value_here,10.110054467445536,10.464581,24588.0,35050.74,-10462.73828125,10462.73828125,-42.55
38069,34888.0,26902.0,MINI,3,Door,2025.0,baseline_value_here,baseline_value_here,of_Origin_UK,10.459926872262475,10.512484,34887.99999999998,36770.69,-1882.6914062500218,1882.6914062500218,-5.4
21903,28188.0,31643.0,Subaru,Crosstrek,,2024.0,4,SUV,of_Origin_Japan,10.246687109906768,10.413481,28188.000000000007,33304.598,-5116.597656249993,5116.597656249993,-18.15
8258,21495.0,107000.0,Chrysler,Pacifica,,2018.0,6,Minivan,of_Origin_USA,9.975622150295328,9.884542,21495.00000000001,19623.664,1871.335937500011,1871.335937500011,8.71
29694,86000.0,3184.0,Chevrolet,Camaro,,2024.0,8,Coupe,of_Origin_USA,11.362114203075018,11.349468,86000.00000000001,84919.28,1080.7187500000146,1080.7187500000146,1.26
35808,18888.0,122982.0,Audi,A4,Sedan,2018.0,4,Sedan,baseline_value_here,9.84633502103182,9.839356,18888.0,18756.64,131.359375,131.359375,0.7
10931,76990.0,8961.0,Genesis,G80,,2025.0,6,Sedan,of_Origin_South Korea,11.251443810887574,11.212598,76990.00000000001,74056.555,2933.4453125000146,2933.4453125000146,3.81
32745,12990.0,114600.0,Honda,CR-V,,2011.0,4,SUV,of_Origin_Japan,9.472012088995733,9.262835,12990.0,10537.964,2452.0361328125,2452.0361328125,18.88
22040,23800.0,145950.0,Subaru,Outback,,2022.0,4,SUV,of_Origin_Japan,10.077482875583607,10.094072,23799.999999999996,24198.139,-398.13867187500364,398.13867187500364,-1.67
2838,17992.0,127312.0,Hyundai,Santa,Fe,2019.0,4,SUV,of_Origin_South Korea,9.79773807235252,9.715844,17992.00000000001,16577.205,1414.794921875011,1414.794921875011,7.86
36227,38998.0,4842.0,Hyundai,Tucson,,2025.0,4,SUV,of_Origin_South Korea,10.571291283757406,10.585322,38997.99999999999,39549.055,-551.0546875000073,551.0546875000073,-1.41
9291,32949.0,21401.0,Ford,Escape,,2025.0,4,SUV,of_Origin_USA,10.402746539930654,10.564039,32949.00000000001,38716.2,-5767.199218749993,5767.199218749993,-17.5
37009,18999.0,122383.0,Jeep,Grand,Cherokee,2018.0,6,SUV,of_Origin_USA,9.852194258148577,10.035527,18998.999999999993,22822.072,-3823.0722656250073,3823.0722656250073,-20.12
23492,31999.0,15150.0,Volkswagen,Taos,,2025.0,4,SUV,baseline_value_here,10.373491181781864,10.771345,31999.000000000007,47635.05,-15636.050781249993,15636.050781249993,-48.86
38037,28895.0,61223.0,Infiniti,QX55,,2022.0,4,SUV,of_Origin_Japan,10.271458456216711,10.309019,28894.999999999985,30000.992,-1105.9921875000146,1105.9921875000146,-3.83
10681,31999.0,65061.0,Genesis,G70,,2021.0,4,Sedan,of_Origin_South Korea,10.373491181781864,9.901585,31999.000000000007,19960.979,12038.021484375007,12038.021484375007,37.62
10742,39995.0,61752.0,Genesis,G70,,2023.0,4,Sedan,of_Origin_South Korea,10.59653472809574,10.056142,39995.00000000001,23297.443,16697.556640625007,16697.556640625007,41.75
20351,24488.0,18099.0,Nissan,Sentra,,2024.0,4,Sedan,of_Origin_Japan,10.105979316119466,10.253922,24488.000000000015,28392.697,-3904.6972656249854,3904.6972656249854,-15.95
2224,33888.0,66580.0,Mercedes-Benz,CLA,,2023.0,4,Sedan,baseline_value_here,10.43084575693648,10.334101,33888.000000000015,30763.008,3124.9921875000146,3124.9921875000146,9.22
37545,28888.0,44361.0,Mazda,Mazda3,,2023.0,4,Sedan,of_Origin_Japan,10.271216178807896,10.251603,28888.00000000001,28326.918,561.0820312500109,561.0820312500109,1.94
20568,26799.0,38035.0,Nissan,Rogue,,2024.0,4,SUV,of_Origin_Japan,10.196157166498947,10.406942,26798.99999999998,33087.543,-6288.542968750018,6288.542968750018,-23.47
8238,69999.0,3000.0,Chrysler,Pacifica,,2026.0,6,Minivan,of_Origin_USA,11.156250521031495,11.004214,69998.99999999994,60126.0,9872.999999999942,9872.999999999942,14.1
7763,26910.0,50833.0,Chevrolet,Blazer,,2023.0,4,SUV,of_Origin_USA,10.200290403937228,10.331318,26909.99999999998,30677.516,-3767.515625000018,3767.515625000018,-14.0
7016,47787.0,29082.0,Cadillac,XT5,,2024.0,4,SUV,of_Origin_USA,10.774529840937115,10.435536,47787.00000000002,34047.336,13739.664062500022,13739.664062500022,28.75
37350,18000.0,142000.0,Porsche,Cayenne,,2013.0,6,SUV,baseline_value_here,9.798182590890704,9.804942,17999.999999999993,18122.09,-122.08984375000728,122.08984375000728,-0.68
11953,24446.0,53965.0,Hyundai,Elantra,,2023.0,4,Sedan,of_Origin_South Korea,10.104262787988329,10.090411,24445.99999999999,24109.705,336.2949218749891,336.2949218749891,1.38
22691,29000.0,127684.0,Tesla,Model,3,2022.0,Electric,Sedan,of_Origin_USA,10.275085591132715,10.315435,28999.999999999996,30194.113,-1194.1132812500036,1194.1132812500036,-4.12
4208,48990.0,35003.0,Acura,RDX,,2025.0,4,SUV,of_Origin_Japan,10.79939188675334,10.550992,48990.00000000004,38214.33,10775.671875000036,10775.671875000036,22.0
38712,17995.0,183000.0,Ford,Transit,Cargo Van,2019.0,6,Van,of_Origin_USA,9.797904789961063,9.916355,17994.999999999996,20258.014,-2263.0136718750036,2263.0136718750036,-12.58
35213,25990.0,145171.0,Toyota,RAV,4,2019.0,4,SUV,of_Origin_Japan,10.165505603232393,9.856175,25990.0,19074.793,6915.20703125,6915.20703125,26.61
13470,13990.0,211338.0,Jeep,Grand,Cherokee,2019.0,6,SUV,of_Origin_USA,9.546169544733285,9.791539,13989.999999999989,17880.809,-3890.808593750011,3890.808593750011,-27.81
30353,50388.0,52799.0,Lexus,RX,,2023.0,4,SUV,of_Origin_Japan,10.827528176270343,10.376354,50388.00000000003,32090.748,18297.25195312503,18297.25195312503,36.31
7811,13588.0,75986.0,Chevrolet,Cruze,,2018.0,4,Sedan,of_Origin_USA,9.517015920920498,9.667663,13588.000000000005,15797.379,-2209.3789062499945,2209.3789062499945,-16.26
14022,26790.0,85868.0,Kia,Sorento,,2022.0,4,SUV,of_Origin_South Korea,10.19582128920296,10.110494,26789.99999999998,24598.8,2191.199218749982,2191.199218749982,8.18
33722,43988.0,41577.0,Toyota,Crown,,2025.0,4,SUV,of_Origin_Japan,10.691694881645189,10.757204,43988.0,46966.168,-2978.16796875,2978.16796875,-6.77
248,37998.0,44435.0,Acura,RDX,,2022.0,4,SUV,of_Origin_Japan,10.545315122572783,10.282404,37998.0,29213.018,8784.982421875,8784.982421875,23.12
35652,55490.0,47561.0,BMW,2,Series,2023.0,baseline_value_here,baseline_value_here,baseline_value_here,10.923976124422659,10.83522,55489.99999999999,50777.094,4712.906249999993,4712.906249999993,8.49
38769,11999.0,221000.0,BMW,X5,,2015.0,6,SUV,baseline_value_here,9.392661928770137,9.41684,11998.999999999993,12292.668,-293.6679687500073,293.6679687500073,-2.45
20848,117800.0,48266.0,Porsche,911,Carrera 4S Coupe,2013.0,baseline_value_here,baseline_value_here,baseline_value_here,11.676752039127939,10.3671665,117800.0,31797.25,86002.75,86002.75,73.01
6620,30754.0,58831.0,Buick,Envision,,2022.0,4,SUV,of_Origin_USA,10.333807861642468,10.294687,30753.999999999975,29574.076,1179.9238281249745,1179.9238281249745,3.84
14228,18000.0,45368.0,Kia,Soul,,2020.0,4,Hatchback,of_Origin_South Korea,9.798182590890704,9.763583,17999.999999999993,17387.828,612.1718749999927,612.1718749999927,3.4
26017,22200.0,104583.0,Toyota,Corolla,Sedan,2020.0,4,Sedan,of_Origin_Japan,10.007892611890918,10.146176,22200.000000000004,25492.438,-3292.4374999999964,3292.4374999999964,-14.83
1541,24699.0,165648.0,Tesla,Model,3,2022.0,Electric,Sedan,of_Origin_USA,10.114558522616068,10.225962,24698.999999999996,27609.783,-2910.7832031250036,2910.7832031250036,-11.79
17315,13990.0,124880.0,MINI,3,Door,2015.0,baseline_value_here,baseline_value_here,of_Origin_UK,9.546169544733285,9.211239,13989.999999999989,10007.989,3982.010742187489,3982.010742187489,28.46
31713,32871.0,131213.0,Volkswagen,Atlas,,2022.0,4,SUV,baseline_value_here,10.400376510563246,10.197664,32871.00000000002,26839.42,6031.580078125022,6031.580078125022,18.35
31320,18495.0,118525.0,Toyota,Corolla,Sedan,2020.0,4,Sedan,of_Origin_Japan,9.825309771472105,9.952504,18495.000000000015,21003.756,-2508.7558593749854,2508.7558593749854,-13.56
32465,55995.0,16516.0,Ford,Mustang,Fastback,2019.0,4,Coupe,of_Origin_USA,10.933035538594716,10.824413,55995.0,50231.29,5763.7109375,5763.7109375,10.29
17822,9990.0,295856.0,Mazda,Mazda3,Sport,2019.0,4,Sedan,of_Origin_Japan,9.209439966733019,9.321439,9990.0,11174.049,-1184.048828125,1184.048828125,-11.85
20257,18875.0,75128.0,Nissan,Qashqai,,2023.0,4,SUV,of_Origin_Japan,9.845646552846278,10.295134,18874.99999999999,29587.28,-10712.279296875011,10712.279296875011,-56.75
12978,17500.0,182000.0,Infiniti,QX60,,2019.0,6,SUV,of_Origin_Japan,9.770013301136158,9.927149,17500.000000000015,20477.87,-2977.8691406249854,2977.8691406249854,-17.02
33607,34998.0,10000.0,Kia,Niro,,2025.0,4,SUV,of_Origin_South Korea,10.463074768634808,10.735756,34997.99999999999,45969.535,-10971.535156250007,10971.535156250007,-31.35
22537,25880.0,100900.0,Tesla,Model,3,2022.0,Electric,Sedan,of_Origin_USA,10.161264387744689,10.381212,25880.00000000001,32247.03,-6367.029296874989,6367.029296874989,-24.6
33524,51987.0,62880.0,Toyota,Sienna,,2023.0,4,Minivan,of_Origin_Japan,10.858768201701478,10.769925,51986.999999999956,47567.457,4419.542968749956,4419.542968749956,8.5
2914,49995.0,81625.0,Audi,S5,Sportback,2023.0,6,Hatchback,baseline_value_here,10.819698281210112,10.661455,49994.99999999997,42677.695,7317.304687499971,7317.304687499971,14.64
17794,45500.0,17108.0,Mazda,CX-90,MHEV,2025.0,6,SUV,of_Origin_Japan,10.725489582719506,10.886012,45499.99999999997,53422.824,-7922.824218750029,7922.824218750029,-17.41
10323,83604.0,3245.0,GMC,Sierra,1500,2026.0,8,Pickup Truck,of_Origin_USA,11.33385860589677,11.29366,83604.00000000007,80309.86,3294.1406250000728,3294.1406250000728,3.94
34660,12998.0,135741.0,Hyundai,Tucson,,2017.0,4,SUV,of_Origin_South Korea,9.47262771040802,9.523508,12998.000000000007,13676.509,-678.5087890624927,678.5087890624927,-5.22
6415,29567.0,48955.0,Buick,Envision,,2022.0,4,SUV,of_Origin_USA,10.294447974441411,10.273987,29567.00000000001,28968.152,598.8476562500109,598.8476562500109,2.03
26715,79735.0,499.0,Ford,F-150,,2026.0,6,Pickup Truck,of_Origin_USA,11.286476456647293,11.307776,79735.00000000006,81451.59,-1716.5937499999418,1716.5937499999418,-2.15
38641,32888.0,38722.0,Toyota,GR86,,2022.0,4,Coupe,of_Origin_Japan,10.40089353434265,10.28146,32888.000000000015,29185.45,3702.5507812500146,3702.5507812500146,11.26
12045,11990.0,50908.0,Hyundai,Elantra,,2015.0,4,Sedan,of_Origin_South Korea,9.391911647379434,9.366966,11990.00000000001,11694.58,295.4199218750091,295.4199218750091,2.46
4282,29888.0,105223.0,Acura,RDX,,2020.0,4,SUV,of_Origin_Japan,10.305245798712965,10.102886,29887.99999999998,24412.37,5475.630859374982,5475.630859374982,18.32
16238,54798.0,15624.0,Lincoln,Corsair,,2025.0,4,SUV,of_Origin_USA,10.911427224594425,10.724875,54798.00000000001,45472.066,9325.933593750007,9325.933593750007,17.02
33525,21988.0,45600.0,Volkswagen,Jetta,,2021.0,4,Sedan,baseline_value_here,9.99829760729877,10.268515,21987.999999999996,28810.06,-6822.060546875004,6822.060546875004,-31.03
25000,89888.0,57000.0,Audi,RS7,,2021.0,6,Sedan,baseline_value_here,11.406330854797588,10.944262,89887.99999999994,56627.152,33260.84765624994,33260.84765624994,37.0
2515,19950.0,102569.0,Land,Rover,Range Rover Evoque,2017.0,6,SUV,baseline_value_here,9.901034546375062,10.187448,19950.00000000001,26566.596,-6616.595703124989,6616.595703124989,-33.17
4632,18888.0,137000.0,Audi,A4,,2017.0,4,Sedan,baseline_value_here,9.84633502103182,9.7383795,18888.0,16955.041,1932.958984375,1932.958984375,10.23
20428,25995.0,35140.0,Nissan,Rogue,,2023.0,4,SUV,of_Origin_Japan,10.16569795901424,10.334564,25995.00000000002,30777.27,-4782.269531249982,4782.269531249982,-18.4
37155,23595.0,73806.0,Volkswagen,Taos,,2024.0,4,SUV,baseline_value_here,10.068832485122966,10.476206,23595.000000000007,35460.605,-11865.605468749993,11865.605468749993,-50.29
25992,41800.0,60251.0,Toyota,RAV,4,2023.0,4,SUV,of_Origin_Japan,10.640675541671662,10.611403,41799.99999999997,40594.133,1205.867187499971,1205.867187499971,2.88
35714,22888.0,38557.0,Hyundai,Elantra,,2023.0,4,Sedan,of_Origin_South Korea,10.038411724792649,10.109718,22888.000000000015,24579.736,-1691.7363281249854,1691.7363281249854,-7.39
9586,6995.0,194246.0,Ford,Edge,,2016.0,4,SUV,of_Origin_USA,8.853093836138493,9.051741,6995.000000000002,8532.379,-1537.3789062499982,1537.3789062499982,-21.98
2991,9996.0,173677.0,Mazda,Mazda3,,2015.0,4,Sedan,of_Origin_Japan,9.210040326967182,9.279702,9996.00000000001,10717.239,-721.2392578124909,721.2392578124909,-7.22
31476,7200.0,76472.0,Hyundai,ACCENT,,2016.0,4,Hatchback,of_Origin_South Korea,8.881975184248867,9.174113,7200.000000000005,9643.213,-2443.2128906249955,2443.2128906249955,-33.93
2562,21580.0,91436.0,Honda,Civic,Hatchback,2021.0,4,Sedan,of_Origin_Japan,9.979568576941464,10.014591,21580.000000000007,22349.215,-769.2148437499927,769.2148437499927,-3.56
679,21495.0,7650.0,Nissan,Kicks,,2024.0,4,SUV,of_Origin_Japan,9.975622150295328,10.449243,21495.00000000001,34517.22,-13022.218749999989,13022.218749999989,-60.58
33790,30999.0,78890.0,Honda,CR-V,,2021.0,4,SUV,of_Origin_Japan,10.341742483467284,10.186092,30999.000000000022,26530.617,4468.382812500022,4468.382812500022,14.41
26992,23088.0,20456.0,Kia,K4,,2025.0,4,Sedan,of_Origin_South Korea,10.047111592619004,10.271166,23088.000000000007,28886.547,-5798.546874999993,5798.546874999993,-25.11
28596,46000.0,40000.0,Mazda,CX-50,,2025.0,4,SUV,of_Origin_Japan,10.736418414365376,10.5210495,46000.000000000044,37087.027,8912.972656250044,8912.972656250044,19.38
3856,62058.0,10.0,Acura,RDX,,2025.0,4,SUV,of_Origin_Japan,11.03584082443394,10.877732,62057.99999999997,52982.312,9075.68749999997,9075.68749999997,14.62
38097,12900.0,112000.0,Volkswagen,Jetta,,2019.0,4,Sedan,baseline_value_here,9.465060106725137,9.970274,12900.0,21380.342,-8480.341796875,8480.341796875,-65.74
31810,38500.0,64144.0,Toyota,RAV,4 Hybrid,2021.0,4,SUV,of_Origin_Japan,10.55843949396453,10.46611,38499.99999999997,35104.4,3395.601562499971,3395.601562499971,8.82
9321,42973.0,153555.0,Ford,F-150,,2022.0,6,Pickup Truck,of_Origin_USA,10.668350560637673,10.573651,42972.99999999999,39090.15,3882.8515624999927,3882.8515624999927,9.04
27708,39988.0,76505.0,RAM,ProMaster,Cargo Van,2022.0,6,Van,of_Origin_USA,10.59635969527664,10.544276,39987.99999999999,37958.543,2029.4570312499927,2029.4570312499927,5.08
35926,26999.0,122500.0,Subaru,Forester,,2020.0,4,SUV,of_Origin_Japan,10.203592144986466,10.008954,26998.999999999996,22223.578,4775.421874999996,4775.421874999996,17.69
38475,14888.0,102704.0,Land,Rover,Discovery Sport,2015.0,6,SUV,baseline_value_here,9.608377964255551,9.949872,14888.000000000005,20948.541,-6060.5410156249945,6060.5410156249945,-40.71
35409,32990.0,42807.0,Subaru,Crosstrek,,2024.0,4,SUV,of_Origin_Japan,10.403990075979044,10.450682,32989.999999999985,34566.93,-1576.9296875000146,1576.9296875000146,-4.78
21418,45590.0,5000.0,Subaru,Forester,,2026.0,4,SUV,of_Origin_Japan,10.727465607601715,10.744867,45590.000000000015,46390.305,-800.3046874999854,800.3046874999854,-1.76
36542,40998.0,41572.0,Kia,Sorento,,2024.0,4,SUV,of_Origin_South Korea,10.621302955145095,10.331732,40997.99999999999,30690.217,10307.783203124993,10307.783203124993,25.14
23052,10990.0,170739.0,Toyota,Yaris,Hatchback,2018.0,4,Hatchback,of_Origin_Japan,9.3048320350689,9.448988,10989.999999999996,12694.311,-1704.3105468750036,1704.3105468750036,-15.51
25542,17688.0,103335.0,Toyota,Corolla,Hatchback 5-Door,2019.0,4,Hatchback,of_Origin_Japan,9.780698256443507,9.866886,17688.0,19280.207,-1592.20703125,1592.20703125,-9.0
14582,28691.0,11.0,Kia,K4,,2025.0,4,Sedan,of_Origin_South Korea,10.264373617246324,10.339115,28690.999999999978,30917.66,-2226.660156250022,2226.660156250022,-7.76
645,80880.0,74880.0,Mercedes-Benz,AMG,GT,2022.0,6,Coupe,baseline_value_here,11.300734217613963,11.112236,80879.99999999997,66984.805,13895.19531249997,13895.19531249997,17.18
9346,17450.0,98605.0,Ford,Escape,,2021.0,4,SUV,of_Origin_USA,9.767152232578871,10.053908,17450.0,23245.465,-5795.46484375,5795.46484375,-33.21
2809,27995.0,78819.0,Volvo,XC40,,2021.0,4,SUV,of_Origin_Sweden,10.23981692180943,10.382854,27994.99999999999,32300.031,-4305.031250000011,4305.031250000011,-15.38
35537,45995.0,56214.0,Toyota,RAV,4 Hybrid,2024.0,4,SUV,of_Origin_Japan,10.736309715168556,10.659557,45995.00000000002,42596.777,3398.222656250022,3398.222656250022,7.39
33099,25995.0,46651.0,Hyundai,Kona,,2023.0,4,SUV,of_Origin_South Korea,10.16569795901424,10.245451,25995.00000000002,28153.176,-2158.175781249982,2158.175781249982,-8.3
23412,9990.0,238554.0,Volkswagen,Tiguan,,2019.0,4,SUV,baseline_value_here,9.209439966733019,9.519658,9990.0,13623.952,-3633.9521484375,3633.9521484375,-36.38
36308,28995.0,90126.0,Volkswagen,Golf,GTI,2022.0,4,Hatchback,baseline_value_here,10.274913168420769,10.198925,28995.000000000007,26873.281,2121.7187500000073,2121.7187500000073,7.32
34854,17950.0,95000.0,Kia,Forte,,2023.0,4,Sedan,of_Origin_South Korea,9.79540110267107,9.973568,17949.999999999996,21450.889,-3500.8886718750036,3500.8886718750036,-19.5
346,20399.0,43636.0,Nissan,Sentra,,2024.0,4,Sedan,of_Origin_Japan,9.923290179832307,10.238191,20398.999999999985,27949.508,-7550.507812500015,7550.507812500015,-37.01
4825,87530.0,2000.0,Audi,SQ5,,2025.0,6,SUV,baseline_value_here,11.379748295315627,11.343478,87530.00000000001,84412.125,3117.8750000000146,3117.8750000000146,3.56
34956,25864.0,116555.0,Honda,CR-V,,2021.0,4,SUV,of_Origin_Japan,10.160645982437616,10.105416,25864.000000000022,24474.217,1389.7832031250218,1389.7832031250218,5.37
17437,8995.0,153450.0,MINI,Countryman,,2014.0,4,SUV,of_Origin_UK,9.104535313079205,9.048226,8994.999999999993,8502.442,492.5576171874927,492.5576171874927,5.48
7239,4995.0,207839.0,Cadillac,DTS,,2008.0,8,Sedan,of_Origin_USA,8.516392871245468,8.433255,4995.000000000001,4596.4414,398.5585937500009,398.5585937500009,7.98
24610,59888.0,61894.0,Volvo,XC90,Recharge,2024.0,4,SUV,of_Origin_Sweden,11.000248127840763,10.839361,59887.99999999997,50987.797,8900.20312499997,8900.20312499997,14.86
12704,25499.0,77958.0,Infiniti,QX60,,2020.0,6,SUV,of_Origin_Japan,10.146433731146518,10.447149,25499.0,34445.04,-8946.0390625,8946.0390625,-35.08
12745,85997.0,8266.0,Infiniti,QX80,,2026.0,8,SUV,of_Origin_Japan,11.36207931915127,11.432527,85996.99999999997,92273.82,-6276.820312500029,6276.820312500029,-7.3
3513,50470.0,5.0,Acura,Integra,,2025.0,4,Hatchback,of_Origin_Japan,10.829154192888762,10.800446,50470.00000000002,49041.65,1428.3515625000218,1428.3515625000218,2.83
26651,18995.0,54000.0,Nissan,Kicks,,2021.0,4,SUV,of_Origin_Japan,9.851983709669012,10.262535,18994.999999999993,28638.297,-9643.296875000007,9643.296875000007,-50.77
27809,16888.0,120901.0,Hyundai,Santa,Fe,2019.0,4,SUV,of_Origin_South Korea,9.734417801417921,9.717095,16887.999999999996,16597.96,290.03906249999636,290.03906249999636,1.72
38730,20797.0,36156.0,Volkswagen,Taos,,2022.0,4,SUV,baseline_value_here,9.942612107220178,10.539804,20797.0,37789.176,-16992.17578125,16992.17578125,-81.7
23582,23298.0,46793.0,Volkswagen,Jetta,,2022.0,4,Sedan,baseline_value_here,10.056165720177834,10.33911,23298.00000000002,30917.512,-7619.511718749982,7619.511718749982,-32.7
9423,36850.0,45189.0,Ford,F-150,,2020.0,6,Pickup Truck,of_Origin_USA,10.514638034291343,10.550981,36850.00000000002,38213.89,-1363.8906249999782,1363.8906249999782,-3.7
35161,7500.0,165347.0,Hyundai,Santa,Fe,2013.0,4,SUV,of_Origin_South Korea,8.922791623969637,8.871179,7500.0000000000055,7122.6724,377.32763671875546,377.32763671875546,5.03
34863,54920.0,15.0,GMC,Terrain,,2027.0,4,SUV,of_Origin_USA,10.913651068019124,10.788841,54920.0,48475.832,6444.16796875,6444.16796875,11.73
10051,10990.0,217025.0,GMC,Savana,Cargo Van,2016.0,6,Van,of_Origin_USA,9.3048320350689,9.306578,10989.999999999996,11009.203,-19.203125000003638,19.203125000003638,-0.17
7915,18995.0,235723.0,Chevrolet,Silverado,1500,2018.0,8,Pickup Truck,of_Origin_USA,9.851983709669012,9.940356,18994.999999999993,20750.135,-1755.1347656250073,1755.1347656250073,-9.24
2926,14800.0,261396.0,Ford,F-150,,2015.0,6,Pickup Truck,of_Origin_USA,9.60245002503719,9.253983,14800.00000000001,10445.085,4354.915039062509,4354.915039062509,29.43
35437,45423.0,90.0,GMC,Terrain,,2027.0,4,SUV,of_Origin_USA,10.723795878712753,10.899974,45423.00000000004,54173.95,-8750.949218749964,8750.949218749964,-19.27
31096,40450.0,88.0,Chevrolet,Bolt,,2027.0,Electric,Hatchback,of_Origin_USA,10.60784664405992,10.6585245,40450.00000000002,42552.805,-2102.804687499978,2102.804687499978,-5.2
30046,17995.0,212576.0,RAM,1500,,2015.0,baseline_value_here,baseline_value_here,of_Origin_USA,9.797904789961063,9.20973,17994.999999999996,9992.899,8002.100585937496,8002.100585937496,44.47
24756,46895.0,74955.0,Volvo,XC90,,2022.0,4,SUV,of_Origin_Sweden,10.755687662950674,10.496821,46895.000000000015,36199.254,10695.746093750015,10695.746093750015,22.81
4193,22998.0,137269.0,Acura,TLX,,2019.0,4,Sedan,of_Origin_Japan,10.043206015705211,9.806682,22998.00000000002,18153.643,4844.357421875018,4844.357421875018,21.06
21893,5990.0,248901.0,Subaru,Legacy,,2012.0,4,Sedan,of_Origin_Japan,8.698013622083925,8.573201,5990.000000000002,5287.031,702.9692382812518,702.9692382812518,11.74
19323,17948.0,101275.0,Mitsubishi,Outlander,,2020.0,4,SUV,of_Origin_Japan,9.795289682058142,10.092367,17948.000000000007,24156.91,-6208.910156249993,6208.910156249993,-34.59
32244,42572.0,10.0,Honda,HR-V,,2027.0,4,SUV,of_Origin_Japan,10.658975528502648,10.602461,42572.00000000002,40232.727,2339.273437500022,2339.273437500022,5.49
25613,29997.0,131999.0,Lexus,RX,,2018.0,4,SUV,of_Origin_Japan,10.308885991755306,9.799859,29997.000000000022,18030.203,11966.796875000022,11966.796875000022,39.89
17875,27988.0,83223.0,Mazda,CX-5,,2022.0,4,SUV,of_Origin_Japan,10.239566854825899,10.2341795,27987.999999999975,27837.62,150.38085937497453,150.38085937497453,0.54
38484,41995.0,81662.0,Lexus,IS,,2022.0,4,Sedan,of_Origin_Japan,10.645329654634832,10.082509,41995.0,23919.93,18075.0703125,18075.0703125,43.04
16340,52995.0,71111.0,Lincoln,Aviator,,2023.0,6,SUV,of_Origin_USA,10.877971717988014,10.736196,52995.00000000004,45989.75,7005.250000000036,7005.250000000036,13.22
37565,14986.0,157460.0,Kia,Sedona,,2015.0,6,Minivan,of_Origin_South Korea,9.614938437644996,9.2709055,14986.000000000002,10623.368,4362.631835937502,4362.631835937502,29.11
30745,81867.0,32846.0,Mercedes-Benz,GLE,,2024.0,6,SUV,baseline_value_here,11.31286347309934,11.166927,81866.99999999996,70750.38,11116.617187499956,11116.617187499956,13.58
30764,23992.0,58362.0,Hyundai,Santa,Fe,2022.0,4,SUV,of_Origin_South Korea,10.085517400120422,10.202385,23992.000000000004,26966.426,-2974.4257812499964,2974.4257812499964,-12.4
35225,14990.0,129800.0,Mazda,CX-5,,2016.0,4,SUV,of_Origin_Japan,9.615205300012315,9.599968,14990.000000000004,14763.309,226.69140625000364,226.69140625000364,1.51
20197,22450.0,73000.0,Nissan,Sentra,,2024.0,4,Sedan,of_Origin_Japan,10.019090435608215,10.157601,22449.999999999985,25785.371,-3335.3710937500146,3335.3710937500146,-14.86
34013,7499.0,177000.0,Nissan,Sentra,,2014.0,4,Sedan,of_Origin_Japan,8.922658299524402,9.153756,7499.000000000001,9448.869,-1949.869140624999,1949.869140624999,-26.0
38770,11500.0,102600.0,Hyundai,Elantra,,2019.0,4,Sedan,of_Origin_South Korea,9.350189267092581,9.659952,11499.999999999998,15676.035,-4176.035156250002,4176.035156250002,-36.31
29631,37900.0,113875.0,BMW,X5,,2020.0,6,SUV,baseline_value_here,10.542732775946709,10.469907,37900.000000000015,35237.934,2662.0664062500146,2662.0664062500146,7.02
24517,91760.0,2424.0,Volvo,XC90,,2026.0,4,SUV,of_Origin_Sweden,11.426942649738638,11.201377,91759.99999999999,73230.2,18529.796874999985,18529.796874999985,20.19
710,24990.0,82561.0,Toyota,Camry,,2018.0,4,Sedan,of_Origin_Japan,10.126271039034782,9.836339,24990.0,18700.125,6289.875,6289.875,25.17
38136,11995.0,160000.0,Hyundai,Santa,Fe Sport,2018.0,4,SUV,of_Origin_South Korea,9.392328539868899,9.370367,11994.99999999999,11734.422,260.5781249999909,260.5781249999909,2.17
11028,11990.0,241405.0,Honda,Civic,Sedan,2018.0,4,Sedan,of_Origin_Japan,9.391911647379434,9.24445,11990.00000000001,10345.977,1644.023437500009,1644.023437500009,13.71
6282,3900.0,230238.0,Buick,Regal,,2013.0,4,Sedan,of_Origin_USA,8.268988209506656,8.327142,3899.9999999999973,4133.583,-233.58300781250273,233.58300781250273,-5.99
14812,31950.0,60432.0,Land,Rover,Discovery Sport,2020.0,4,SUV,baseline_value_here,10.37195875822042,10.364254,31950.000000000015,31704.771,245.22851562501455,245.22851562501455,0.77
22482,17950.0,150847.0,Tesla,Model,3,2020.0,Electric,Sedan,of_Origin_USA,9.79540110267107,10.062217,17949.999999999996,23439.41,-5489.410156250004,5489.410156250004,-30.58
24679,52499.0,61949.0,Volvo,XC60,Recharge,2024.0,4,SUV,of_Origin_Sweden,10.868568448579715,10.839361,52499.000000000015,50987.797,1511.2031250000146,1511.2031250000146,2.88
35417,11500.0,131000.0,Audi,Q3,,2016.0,4,SUV,baseline_value_here,9.350189267092581,9.639351,11499.999999999998,15356.372,-3856.372070312502,3856.372070312502,-33.53
6247,30307.0,21569.0,Buick,Encore,GX,2025.0,4,SUV,of_Origin_USA,10.319166983051264,10.565117,30307.000000000015,38757.945,-8450.945312499985,8450.945312499985,-27.88
25427,73805.0,35639.0,GMC,Yukon,,2024.0,8,SUV,of_Origin_USA,11.20919530809684,11.285277,73804.99999999999,79639.445,-5834.445312500015,5834.445312500015,-7.91
38663,49998.0,75185.0,RAM,2500,,2020.0,baseline_value_here,baseline_value_here,of_Origin_USA,10.81975828421028,10.476768,49998.0,35480.53,14517.46875,14517.46875,29.04
8315,42592.0,30526.0,Chrysler,Pacifica,,2024.0,6,Minivan,of_Origin_USA,10.659445199506749,10.657373,42592.00000000001,42503.848,88.15234375000728,88.15234375000728,0.21
17549,46998.0,7095.0,MINI,3,Door,2025.0,baseline_value_here,baseline_value_here,of_Origin_UK,10.757881603870102,10.682355,46998.00000000004,43579.06,3418.9414062500364,3418.9414062500364,7.27
8455,31288.0,78142.0,Chrysler,Pacifica,,2022.0,6,Minivan,of_Origin_USA,10.351021877059864,10.404633,31288.000000000022,33011.203,-1723.2031249999782,1723.2031249999782,-5.51
4044,44888.0,26443.0,Acura,RDX,,2024.0,4,SUV,of_Origin_Japan,10.71194805485153,10.438478,44888.0,34147.656,10740.34375,10740.34375,23.93
38749,11995.0,153585.0,Nissan,Kicks,,2022.0,4,SUV,of_Origin_Japan,9.392328539868899,10.067662,11994.99999999999,23567.402,-11572.40234375001,11572.40234375001,-96.48
29787,27950.0,69000.0,Honda,Accord,Sedan,2022.0,4,Sedan,of_Origin_Japan,10.238208256118535,10.140901,27950.0,25358.295,2591.705078125,2591.705078125,9.27
8513,54989.0,374.0,Chrysler,Pacifica,Hybrid,2024.0,6,Minivan,of_Origin_USA,10.91490662950186,10.987824,54989.000000000015,59148.562,-4159.562499999985,4159.562499999985,-7.56
27417,28695.0,48280.0,Nissan,Rogue,,2025.0,4,SUV,of_Origin_Japan,10.264513019212119,10.500068,28695.000000000015,36316.96,-7621.960937499985,7621.960937499985,-26.56
35658,43617.0,27707.0,Mazda,CX-50,,2024.0,4,SUV,of_Origin_Japan,10.683225188177172,10.436272,43617.000000000015,34072.38,9544.621093750015,9544.621093750015,21.88
38160,22588.0,77058.0,Honda,Civic,Sedan,2022.0,4,Sedan,of_Origin_Japan,10.025218341107275,10.104045,22587.99999999999,24440.674,-1852.673828125011,1852.673828125011,-8.2
10062,51888.0,29172.0,GMC,Sierra,1500,2024.0,8,Pickup Truck,of_Origin_USA,10.856862100640145,10.958703,51887.999999999956,57450.883,-5562.882812500044,5562.882812500044,-10.72
32606,24999.0,77670.0,Volkswagen,Golf,R,2016.0,4,Hatchback,baseline_value_here,10.126631103850338,9.6410475,24999.0,15382.449,9616.55078125,9616.55078125,38.47
29350,15888.0,112889.0,Volkswagen,Touareg,,2014.0,6,SUV,baseline_value_here,9.673382324888367,9.824894,15888.0,18487.31,-2599.310546875,2599.310546875,-16.36
12140,39998.0,1360.0,Hyundai,Tucson,,2026.0,4,SUV,of_Origin_South Korea,10.596609732783568,10.598716,39997.99999999999,40082.33,-84.32812500000728,84.32812500000728,-0.21
29122,20900.0,47464.0,Subaru,Impreza,,2020.0,4,Sedan,of_Origin_Japan,9.94755228369823,10.104031,20900.000000000015,24440.324,-3540.3242187499854,3540.3242187499854,-16.94
12701,15995.0,151000.0,Infiniti,Q60,,2017.0,6,Sedan,of_Origin_Japan,9.680093969966709,9.809054,15995.0,18196.771,-2201.771484375,2201.771484375,-13.77
6388,38595.0,65263.0,Buick,Enclave,,2022.0,6,SUV,of_Origin_USA,10.560903923140275,10.681804,38595.00000000002,43555.043,-4960.042968749978,4960.042968749978,-12.85
5221,60899.0,90.0,BMW,X2,,2025.0,4,SUV,baseline_value_here,11.016988453697989,11.075891,60899.00000000004,64593.887,-3694.8867187499636,3694.8867187499636,-6.07
36269,48995.0,8358.0,Volkswagen,Tiguan,,2026.0,4,SUV,baseline_value_here,10.799493941107576,10.991309,48994.99999999999,59355.04,-10360.039062500007,10360.039062500007,-21.15
7359,38989.0,51041.0,Cadillac,XT5,,2023.0,4,SUV,of_Origin_USA,10.571060481976643,10.331318,38988.999999999985,30677.516,8311.484374999985,8311.484374999985,21.32
2480,45791.0,54164.0,Volkswagen,Atlas,Cross Sport,2024.0,4,SUV,baseline_value_here,10.731864682356177,10.578037,45790.99999999997,39261.977,6529.023437499971,6529.023437499971,14.26
2552,29799.0,65590.0,Volkswagen,Golf,GTI,2022.0,4,Hatchback,baseline_value_here,10.302263672493496,10.400954,29798.99999999999,32889.996,-3090.996093750011,3090.996093750011,-10.37
6467,28930.0,28077.0,Buick,Encore,GX,2025.0,4,SUV,of_Origin_USA,10.272668963567046,10.565125,28930.00000000001,38758.277,-9828.277343749989,9828.277343749989,-33.97
4538,35788.0,47552.0,Audi,Q3,,2024.0,4,SUV,baseline_value_here,10.485395862604143,10.564777,35787.99999999997,38744.79,-2956.789062500029,2956.789062500029,-8.26
37281,32499.0,90153.0,Lexus,RX,,2018.0,4,SUV,of_Origin_Japan,10.388995368317829,9.914109,32499.000000000007,20212.566,12286.433593750007,12286.433593750007,37.81
12741,20950.0,91941.0,Infiniti,QX50,,2019.0,4,SUV,of_Origin_Japan,9.949941656908011,10.046213,20949.999999999985,23067.266,-2117.2656250000146,2117.2656250000146,-10.11
38181,47900.0,13644.0,Mercedes-Benz,GLB,,2025.0,4,SUV,baseline_value_here,10.776891660007811,10.924621,47900.0,55525.777,-7625.77734375,7625.77734375,-15.92
36679,47999.0,70763.0,Genesis,GV70,,2025.0,4,SUV,of_Origin_South Korea,10.778956289890028,10.360555,47998.99999999998,31587.7,16411.300781249978,16411.300781249978,34.19
31974,23559.0,47104.0,Kia,Seltos,,2024.0,4,SUV,of_Origin_South Korea,10.067305637765523,10.316398,23559.000000000004,30223.184,-6664.183593749996,6664.183593749996,-28.29
26053,39987.0,97786.0,Chevrolet,Silverado,2500 HD,2019.0,8,Pickup Truck,of_Origin_USA,10.59633468808707,10.517089,39986.99999999997,36940.426,3046.574218749971,3046.574218749971,7.62
25684,34300.0,74135.0,Toyota,RAV,4 Hybrid,2023.0,4,SUV,of_Origin_Japan,10.442929787247998,10.571192,34300.00000000003,38994.12,-4694.121093749971,4694.121093749971,-13.69
11988,12021.0,175789.0,Hyundai,Santa,Fe,2019.0,4,SUV,of_Origin_South Korea,9.394493583599107,9.420671,12021.000000000002,12339.866,-318.8662109374982,318.8662109374982,-2.65
3016,37900.0,30229.0,Honda,CR-V,,2025.0,4,SUV,of_Origin_Japan,10.542732775946709,10.549218,37900.000000000015,38146.6,-246.60156249998545,246.60156249998545,-0.65
1109,15499.0,82807.0,Chevrolet,Equinox,,2019.0,4,SUV,of_Origin_USA,9.648595302907339,9.96132,15499.00000000001,21189.748,-5690.748046874991,5690.748046874991,-36.72
9595,14998.0,65067.0,Ford,EcoSport,,2021.0,4,SUV,of_Origin_USA,9.61573881119536,10.140143,14998.00000000001,25339.1,-10341.09960937499,10341.09960937499,-68.95
23814,48788.0,44280.0,Volkswagen,Atlas,,2024.0,4,SUV,baseline_value_here,10.795260156596557,10.598769,48787.99999999997,40084.47,8703.53124999997,8703.53124999997,17.84
29344,9499.0,107037.0,Volkswagen,Passat,,2013.0,4,Sedan,baseline_value_here,9.159047077588632,9.374746,9498.999999999995,11785.927,-2286.9267578125055,2286.9267578125055,-24.08
7701,66713.0,707.0,Chevrolet,Silverado,1500,2026.0,8,Pickup Truck,of_Origin_USA,11.108170104931304,11.285876,66712.99999999999,79687.16,-12974.156250000015,12974.156250000015,-19.45
31052,1250.0,225581.0,Volkswagen,Jetta,Sedan,2017.0,4,Sedan,baseline_value_here,7.1316985104669115,9.203889,1250.0000000000005,9934.693,-8684.693359375,8684.693359375,-694.78
34052,27995.0,24450.0,Ford,Edge,,2022.0,4,SUV,of_Origin_USA,10.23981692180943,10.341135,27994.99999999999,30980.174,-2985.173828125011,2985.173828125011,-10.66
37833,9500.0,225000.0,Toyota,Venza,,2009.0,4,SUV,of_Origin_Japan,9.15915233520675,8.595228,9500.000000000005,5404.8027,4095.1972656250055,4095.1972656250055,43.11
27822,30995.0,47701.0,Hyundai,Santa,Fe,2023.0,4,SUV,of_Origin_South Korea,10.34161344288384,10.244384,30994.99999999999,28123.146,2871.853515624989,2871.853515624989,9.27
14841,7999.0,118000.0,Land,Rover,Range Rover Evoque,2015.0,6,SUV,baseline_value_here,8.987196820661973,9.90338,7999.0,19996.857,-11997.857421875,11997.857421875,-149.99
33136,8995.0,141343.0,Hyundai,Santa,Fe,2013.0,4,SUV,of_Origin_South Korea,9.104535313079205,8.987115,8994.999999999993,7998.3447,996.6552734374927,996.6552734374927,11.08
26909,35499.0,87837.0,Volkswagen,Atlas,,2022.0,4,SUV,baseline_value_here,10.477287975463508,10.364173,35499.00000000002,31702.201,3796.798828125022,3796.798828125022,10.7
12624,9705.0,183468.0,Infiniti,QX60,,2015.0,6,SUV,of_Origin_Japan,9.18049952996516,9.513839,9704.999999999993,13544.895,-3839.8945312500073,3839.8945312500073,-39.57
32238,30500.0,77046.0,Audi,Q3,,2023.0,4,SUV,baseline_value_here,10.32551474894327,10.452264,30499.99999999998,34621.664,-4121.664062500018,4121.664062500018,-13.51
2186,11800.0,161000.0,Audi,Q5,,2016.0,4,SUV,baseline_value_here,9.375939552625749,9.502948,11799.999999999998,13398.167,-1598.1669921875018,1598.1669921875018,-13.54
2371,17500.0,113780.0,Honda,CR-V,,2015.0,4,SUV,of_Origin_Japan,9.770013301136158,9.491385,17500.000000000015,13244.133,4255.867187500015,4255.867187500015,24.32
27504,33000.0,26967.0,Hyundai,Kona,,2025.0,4,SUV,of_Origin_South Korea,10.404293143019792,10.50251,32999.99999999999,36405.773,-3405.7734375000073,3405.7734375000073,-10.32
38708,18995.0,73909.0,Toyota,Corolla,Sedan,2020.0,4,Sedan,of_Origin_Japan,9.851983709669012,10.042967,18994.999999999993,22992.5,-3997.5000000000073,3997.5000000000073,-21.05
9610,6995.0,174000.0,Ford,Focus,,2015.0,4,Hatchback,of_Origin_USA,8.853093836138493,8.826457,6995.000000000002,6811.109,183.89111328125182,183.89111328125182,2.63
6512,26498.0,65802.0,Buick,Envision,,2022.0,4,SUV,of_Origin_USA,10.184862275413241,10.245602,26497.999999999985,28157.418,-1659.4179687500146,1659.4179687500146,-6.26
2990,32995.0,77895.0,Hyundai,Palisade,,2021.0,6,SUV,of_Origin_South Korea,10.404141620980623,10.368304,32995.00000000001,31833.447,1161.5527343750073,1161.5527343750073,3.52
14869,97490.0,33995.0,Land,Rover,Range Rover Sport,2024.0,4,SUV,baseline_value_here,11.487515345033014,10.617266,97490.00000000003,40832.81,56657.19140625003,56657.19140625003,58.12
7365,39698.0,90753.0,Cadillac,XT6,,2022.0,6,SUV,of_Origin_USA,10.589081277441158,10.587858,39697.99999999996,39649.477,48.52343749996362,48.52343749996362,0.12
22933,55388.0,20963.0,Toyota,Sienna,,2025.0,4,Minivan,of_Origin_Japan,10.922136297063853,10.914638,55387.99999999999,54974.207,413.7929687499927,413.7929687499927,0.75
18488,46888.0,55249.0,Mercedes-Benz,GLC,,2023.0,4,SUV,baseline_value_here,10.755538385347368,10.551561,46887.99999999998,38236.094,8651.906249999978,8651.906249999978,18.45
7981,56888.0,45602.0,Chevrolet,Colorado,,2024.0,4,Pickup Truck,of_Origin_USA,10.948857279808518,10.623592,56887.99999999999,41091.973,15796.027343749993,15796.027343749993,27.77
18690,35988.0,194387.0,Mercedes-Benz,GLE,,2021.0,4,SUV,baseline_value_here,10.49096861519108,9.844279,35987.999999999985,18849.209,17138.791015624985,17138.791015624985,47.62
34134,35599.0,93106.0,RAM,1500,Classic,2021.0,baseline_value_here,baseline_value_here,of_Origin_USA,10.480100916840122,10.411277,35599.000000000015,33231.273,2367.7265625000146,2367.7265625000146,6.65
27070,25880.0,122188.0,Toyota,RAV,4,2022.0,4,SUV,of_Origin_Japan,10.161264387744689,10.123369,25880.00000000001,24917.586,962.4140625000109,962.4140625000109,3.72
17591,10249.0,102000.0,MINI,Countryman,,2014.0,4,SUV,of_Origin_UK,9.235032984566555,9.28721,10249.000000000007,10798.018,-549.0175781249927,549.0175781249927,-5.36
20470,23999.0,65136.0,Nissan,Altima,,2024.0,4,Sedan,of_Origin_Japan,10.085809109330082,10.18363,23998.999999999985,26465.365,-2466.3652343750146,2466.3652343750146,-10.28
31969,15995.0,89000.0,Honda,Civic,,2016.0,4,Sedan,of_Origin_Japan,9.680093969966709,9.604945,15995.0,14836.977,1158.0234375,1158.0234375,7.24
36398,25950.0,122055.0,Dodge,Challenger,,2018.0,8,Coupe,of_Origin_USA,10.163965423497029,10.412542,25950.000000000022,33273.36,-7323.359374999978,7323.359374999978,-28.22
12154,22995.0,24643.0,Hyundai,Elantra,,2025.0,4,Sedan,of_Origin_South Korea,10.043075566743182,10.258584,22995.000000000015,28525.365,-5530.365234374985,5530.365234374985,-24.05
35947,31995.0,9100.0,Hyundai,Elantra,,2025.0,4,Sedan,of_Origin_South Korea,10.373366173968712,10.36105,31994.99999999999,31603.338,391.6621093749891,391.6621093749891,1.22
30437,14268.0,136270.0,Chevrolet,Traverse,,2016.0,6,SUV,of_Origin_USA,9.565844630930576,9.753354,14268.000000000005,17210.861,-2942.8613281249945,2942.8613281249945,-20.63
36396,4000.0,63020.0,Toyota,Tacoma,,2008.0,4,Pickup Truck,of_Origin_Japan,8.294299608857235,9.720667,4000.0000000000014,16657.35,-12657.349609374998,12657.349609374998,-316.43
14214,19888.0,56531.0,Kia,Soul,,2022.0,4,Hatchback,of_Origin_South Korea,9.897922094063247,9.983454,19888.000000000015,21664.01,-1776.0097656249854,1776.0097656249854,-8.93
8257,22950.0,128000.0,Chrysler,Pacifica,,2019.0,6,Minivan,of_Origin_USA,10.041116787524166,9.967217,22949.999999999996,21315.09,1634.9101562499964,1634.9101562499964,7.12
8829,48999.0,50792.0,Dodge,Challenger,,2023.0,6,Coupe,of_Origin_USA,10.799575577092764,10.772973,48999.0,47712.664,1286.3359375,1286.3359375,2.63
584,38995.0,29929.0,Audi,Q5,,2022.0,4,SUV,baseline_value_here,10.571214355749163,10.551059,38995.00000000003,38216.88,778.1210937500291,778.1210937500291,2.0
3212,35842.0,50.0,Kia,K4,,2025.0,4,Sedan,of_Origin_South Korea,10.486903568942912,10.316217,35842.000000000015,30217.736,5624.263671875015,5624.263671875015,15.69
17290,32998.0,60800.0,MINI,3,Door,2022.0,baseline_value_here,baseline_value_here,of_Origin_UK,10.404232536959167,10.235885,32997.99999999997,27885.129,5112.871093749971,5112.871093749971,15.49
5502,71888.0,7036.0,BMW,4,Series,2025.0,baseline_value_here,baseline_value_here,baseline_value_here,11.182878541740678,11.191407,71887.99999999999,72503.74,-615.7421875000146,615.7421875000146,-0.86
510,42988.0,60938.0,Acura,MDX,,2022.0,6,SUV,of_Origin_Japan,10.66869954799624,10.666923,42988.00000000001,42911.676,76.32421875000728,76.32421875000728,0.18
506,27880.0,62000.0,Mazda,CX-5,,2022.0,4,SUV,of_Origin_Japan,10.235700732236957,10.260838,27879.99999999998,28589.723,-709.7226562500182,709.7226562500182,-2.55
37869,39999.0,45483.0,Toyota,RAV,4,2022.0,4,SUV,of_Origin_Japan,10.596634733096073,10.318283,39998.99999999997,30280.223,9718.77734374997,9718.77734374997,24.3
24962,25770.0,103000.0,BMW,5,Series,2019.0,baseline_value_here,baseline_value_here,baseline_value_here,10.15700510770532,10.350939,25769.999999999996,31285.4,-5515.400390625004,5515.400390625004,-21.4
235,23900.0,11993.0,Kia,K4,,2025.0,4,Sedan,of_Origin_South Korea,10.081675578048475,10.344572,23899.999999999993,31086.842,-7186.841796875007,7186.841796875007,-30.07
34627,37588.0,39319.0,Toyota,RAV,4,2024.0,4,SUV,of_Origin_Japan,10.534466733384463,10.4074,37587.99999999996,33102.69,4485.308593749964,4485.308593749964,11.93
33355,25621.0,25832.0,Subaru,Impreza,,2023.0,4,Sedan,of_Origin_Japan,10.15120663641638,10.252503,25621.000000000007,28352.434,-2731.4335937499927,2731.4335937499927,-10.66
36594,12200.0,256000.0,Nissan,Titan,,2012.0,8,Pickup Truck,of_Origin_Japan,9.409273194575334,9.280828,12200.0,10729.318,1470.681640625,1470.681640625,12.05
8903,28633.0,126604.0,Dodge,Challenger,,2021.0,8,Coupe,of_Origin_USA,10.262350101920273,10.674504,28632.999999999996,43238.266,-14605.265625000004,14605.265625000004,-51.01
31289,58500.0,7700.0,Jeep,Wrangler,,2025.0,6,SUV,of_Origin_USA,10.97679912709094,11.119708,58499.99999999996,67487.2,-8987.203125000036,8987.203125000036,-15.36
1599,65461.0,44256.0,Chevrolet,Silverado,1500,2025.0,8,Pickup Truck,of_Origin_USA,11.08922510059791,10.957942,65461.000000000015,57407.176,8053.824218750015,8053.824218750015,12.3
31354,49489.0,41121.0,Audi,Q7,,2023.0,6,SUV,baseline_value_here,10.809525907945932,11.051143,49489.00000000004,63014.92,-13525.921874999964,13525.921874999964,-27.33
38148,7800.0,266955.0,Honda,Civic,Sedan,2012.0,4,Sedan,of_Origin_Japan,8.962007209588313,8.526034,7799.999999999997,5043.402,2756.5981445312473,2756.5981445312473,35.34
2585,23999.0,25809.0,Mazda,Mazda3,Sport,2023.0,4,Sedan,of_Origin_Japan,10.085809109330082,10.252503,23998.999999999985,28352.434,-4353.433593750015,4353.433593750015,-18.14
4642,26995.0,129506.0,Audi,Q5,,2021.0,4,SUV,baseline_value_here,10.203443985863297,10.289158,26994.999999999993,29410.996,-2415.9960937500073,2415.9960937500073,-8.95
12082,26076.0,28021.0,Hyundai,Elantra,,2025.0,4,Sedan,of_Origin_South Korea,10.168808978749206,10.271598,26075.99999999998,28899.03,-2823.029296875018,2823.029296875018,-10.83
13123,62815.0,7.0,Infiniti,QX50,,2025.0,4,SUV,of_Origin_Japan,11.047965097076188,10.905716,62815.00000000005,54485.918,8329.082031250051,8329.082031250051,13.26
8674,35995.0,58044.0,Chrysler,Grand,Caravan,2024.0,6,Minivan,of_Origin_USA,10.49116310015384,10.582597,35995.0,39441.406,-3446.40625,3446.40625,-9.57
5630,41333.0,19542.0,BMW,X1,,2024.0,4,SUV,baseline_value_here,10.629440684821251,10.645404,41333.00000000001,41998.117,-665.1171874999927,665.1171874999927,-1.61
6343,28489.0,47819.0,Buick,Encore,GX,2023.0,4,SUV,of_Origin_USA,10.257308427491955,10.329601,28489.000000000025,30624.898,-2135.8984374999745,2135.8984374999745,-7.5
32007,23777.0,62830.0,Tesla,Model,3,2018.0,Electric,Sedan,of_Origin_USA,10.07651606241849,10.31559,23776.999999999993,30198.78,-6421.779296875007,6421.779296875007,-27.01
7165,66995.0,37325.0,Cadillac,CT4-V,,2023.0,6,Sedan,of_Origin_USA,11.112388195098362,10.928332,66995.00000000006,55732.258,11262.742187500058,11262.742187500058,16.81
29431,14900.0,98078.0,GMC,Canyon,,2017.0,4,Pickup Truck,of_Origin_USA,9.60918360377546,10.012213,14899.999999999993,22296.12,-7396.119140625007,7396.119140625007,-49.64
21116,23998.0,160320.0,RAM,ProMaster,Cargo Van,2021.0,6,Van,of_Origin_USA,10.085767441795337,10.174068,23998.000000000015,26213.512,-2215.5117187499854,2215.5117187499854,-9.23
28637,42995.0,139841.0,RAM,1500,,2023.0,baseline_value_here,baseline_value_here,of_Origin_USA,10.668862367092954,10.421557,42995.0,33574.684,9420.31640625,9420.31640625,21.91
10713,35988.0,86117.0,Genesis,GV70,,2022.0,4,SUV,of_Origin_South Korea,10.49096861519108,10.1079645,35987.999999999985,24536.664,11451.335937499985,11451.335937499985,31.82
36244,32698.0,13208.0,Nissan,Rogue,,2024.0,4,SUV,of_Origin_Japan,10.39509977537798,10.511862,32698.000000000022,36747.836,-4049.835937499978,4049.835937499978,-12.39
32479,22409.0,114161.0,Ford,Edge,,2022.0,4,SUV,of_Origin_USA,10.017262566794972,10.111476,22408.999999999993,24622.979,-2213.9785156250073,2213.9785156250073,-9.88
27721,72999.0,56000.0,Audi,Q8,,2025.0,6,SUV,baseline_value_here,11.198214720130528,11.224837,72998.99999999997,74968.55,-1969.546875000029,1969.546875000029,-2.7
34735,96270.0,499.0,Ford,F-150,,2026.0,6,Pickup Truck,of_Origin_USA,11.474922410170022,11.307776,96270.00000000007,81451.59,14818.406250000073,14818.406250000073,15.39
19426,22500.0,90069.0,Mitsubishi,RVR,,2023.0,4,SUV,of_Origin_Japan,10.021315031649332,10.262844,22500.000000000015,28647.148,-6147.148437499985,6147.148437499985,-27.32
34941,49388.0,85305.0,Toyota,Sienna,,2021.0,4,Minivan,of_Origin_Japan,10.807483006316131,10.240217,49387.999999999985,28006.209,21381.791015624985,21381.791015624985,43.29
33345,42352.0,2.0,Honda,HR-V,,2027.0,4,SUV,of_Origin_Japan,10.653794535823947,10.602486,42352.00000000001,40233.723,2118.2773437500073,2118.2773437500073,5.0
5544,28770.0,104000.0,BMW,X3,,2021.0,4,SUV,baseline_value_here,10.267123214370452,10.38685,28769.99999999998,32429.361,-3659.361328125018,3659.361328125018,-12.72
13143,62802.0,90.0,Infiniti,QX50,,2025.0,4,SUV,of_Origin_Japan,11.047758122015944,10.9166975,62802.00000000004,55087.566,7714.433593750036,7714.433593750036,12.28
15800,65483.0,1000.0,Lexus,NX,,2026.0,4,SUV,of_Origin_Japan,11.089561116974233,10.932193,65483.00000000003,55947.83,9535.17187500003,9535.17187500003,14.56
9557,30819.0,23669.0,Ford,Escape,PHEV,2024.0,Electric,SUV,of_Origin_USA,10.335919108874107,10.867303,30819.0,52432.6,-21613.6015625,21613.6015625,-70.13
28975,10900.0,150154.0,Subaru,Impreza,,2016.0,4,Sedan,of_Origin_Japan,9.296609807128359,9.464734,10900.000000000004,12895.795,-1995.7949218749964,1995.7949218749964,-18.31
22637,35490.0,57331.0,Tesla,Model,3,2022.0,Electric,Sedan,of_Origin_USA,10.477034422194833,10.579177,35490.00000000001,39306.746,-3816.7460937499927,3816.7460937499927,-10.75
26094,15995.0,178652.0,Honda,Civic,Sedan,2019.0,4,Sedan,of_Origin_Japan,9.680093969966709,9.58353,15995.0,14522.604,1472.396484375,1472.396484375,9.21
29216,17990.0,89180.0,Infiniti,QX50,,2019.0,4,SUV,of_Origin_Japan,9.79762691183662,10.045002,17990.000000000004,23039.342,-5049.341796874996,5049.341796874996,-28.07
28515,34488.0,39524.0,Toyota,RAV,4,2024.0,4,SUV,of_Origin_Japan,10.448395711599277,10.410286,34488.00000000002,33198.363,1289.6367187500218,1289.6367187500218,3.74
17420,35995.0,76134.0,MINI,Countryman,,2025.0,4,SUV,of_Origin_UK,10.49116310015384,10.448933,35995.0,34506.523,1488.4765625,1488.4765625,4.14
22613,28880.0,89787.0,Tesla,Model,3,2023.0,Electric,Sedan,of_Origin_USA,10.270939218446076,10.49441,28879.999999999985,36112.05,-7232.050781250015,7232.050781250015,-25.04
14776,30834.0,46036.0,Land,Rover,Range Rover Evoque,2021.0,6,SUV,baseline_value_here,10.336405687425593,10.8683605,30833.999999999993,52488.086,-21654.085937500007,21654.085937500007,-70.23
15289,58900.0,11960.0,Lexus,RX,,2024.0,4,SUV,of_Origin_Japan,10.983613347424248,10.561669,58900.000000000015,38624.555,20275.445312500015,20275.445312500015,34.42
38325,26992.0,147889.0,RAM,1500,,2019.0,baseline_value_here,baseline_value_here,of_Origin_USA,10.203332852113716,10.089632,26992.000000000022,24090.926,2901.074218750022,2901.074218750022,10.75
18838,63040.0,5279.0,Mercedes-Benz,GLB,,2025.0,4,SUV,baseline_value_here,11.051540587350107,10.922837,63039.999999999956,55426.84,7613.160156249956,7613.160156249956,12.08
317,21888.0,95837.0,BMW,X3,,2017.0,4,SUV,baseline_value_here,9.993739506513155,9.933486,21888.000000000004,20608.059,1279.9414062500036,1279.9414062500036,5.85
37159,12500.0,78000.0,Nissan,Sentra,,2020.0,4,Sedan,of_Origin_Japan,9.433563920090563,10.034491,12500.0,22798.424,-10298.423828125,10298.423828125,-82.39
13293,64294.0,90.0,Infiniti,QX50,,2025.0,4,SUV,of_Origin_Japan,11.07123714670454,10.9166975,64294.000000000044,55087.566,9206.433593750044,9206.433593750044,14.32
27325,45000.0,23226.0,Toyota,Venza,,2023.0,4,SUV,of_Origin_Japan,10.714439990727769,10.6670265,44999.999999999985,42916.137,2083.8632812499854,2083.8632812499854,4.63
18279,45563.0,90.0,Mazda,CX-30,,2025.0,4,SUV,of_Origin_Japan,10.726873210019802,10.9166975,45562.99999999996,55087.566,-9524.566406250036,9524.566406250036,-20.9
31161,84260.0,499.0,Ford,F-150,,2026.0,6,Pickup Truck,of_Origin_USA,11.341674403490117,11.307776,84260.00000000003,81451.59,2808.406250000029,2808.406250000029,3.33
29346,11995.0,139050.0,Nissan,Rogue,,2016.0,4,SUV,of_Origin_Japan,9.392328539868899,9.577946,11994.99999999999,14441.72,-2446.719726562509,2446.719726562509,-20.4
8242,52989.0,10.0,Chrysler,Pacifica,,2027.0,6,Minivan,of_Origin_USA,10.877858495486807,10.894717,52988.999999999956,53889.918,-900.9179687500437,900.9179687500437,-1.7
35615,24613.0,71484.0,Volkswagen,Taos,,2024.0,4,SUV,baseline_value_here,10.111070665732282,10.495644,24612.99999999999,36156.64,-11543.640625000011,11543.640625000011,-46.9
13649,47995.0,36343.0,Jeep,Wrangler,,2024.0,6,SUV,of_Origin_USA,10.77887295308428,10.893461,47995.00000000001,53822.273,-5827.273437499993,5827.273437499993,-12.14
26302,42701.0,16696.0,Toyota,RAV,4,2025.0,4,SUV,of_Origin_Japan,10.662001036527325,10.573619,42700.99999999996,39088.88,3612.1210937499636,3612.1210937499636,8.46
29364,13280.0,178240.0,Nissan,Murano,,2018.0,6,SUV,of_Origin_Japan,9.49408972140025,9.774728,13279.999999999996,17582.703,-4302.703125000004,4302.703125000004,-32.4
6294,28900.0,14995.0,Buick,Encore,GX,2025.0,4,SUV,of_Origin_USA,10.27163147557801,10.572417,28900.0,39041.938,-10141.9375,10141.9375,-35.09
27051,29998.0,76447.0,Volkswagen,Golf,R,2019.0,4,Hatchback,baseline_value_here,10.308919326755392,10.087434,29998.000000000025,24038.025,5959.9746093750255,5959.9746093750255,19.87
19548,36995.0,78700.0,Mitsubishi,Outlander,Plug-In Hybrid,2023.0,4,SUV,of_Origin_Japan,10.51856507767415,10.558737,36994.99999999999,38511.45,-1516.4492187500073,1516.4492187500073,-4.1
1149,15945.0,137427.0,Lincoln,MKC,,2019.0,4,SUV,of_Origin_USA,9.67696329306244,9.779286,15945.0,17663.043,-1718.04296875,1718.04296875,-10.77
15397,43500.0,77518.0,Lexus,NX,,2023.0,4,SUV,of_Origin_Japan,10.680539205318292,10.572004,43500.00000000004,39025.816,4474.183593750036,4474.183593750036,10.29
7861,58988.0,67880.0,Chevrolet,Silverado,1500,2023.0,8,Pickup Truck,of_Origin_USA,10.985106264827667,10.835964,58988.000000000044,50814.883,8173.117187500044,8173.117187500044,13.86
17921,17895.0,129021.0,Mazda,Mazda3,,2019.0,4,Sedan,of_Origin_Japan,9.792332503169966,9.800675,17895.00000000001,18044.93,-149.9296874999891,149.9296874999891,-0.84
22780,73495.0,18227.0,Toyota,Tundra,Hybrid,2025.0,6,Pickup Truck,of_Origin_Japan,11.204986261951303,11.170901,73495.00000000006,71032.1,2462.898437500058,2462.898437500058,3.35
29966,6000.0,242000.0,Chevrolet,Silverado,1500,2010.0,8,Pickup Truck,of_Origin_USA,8.699681400989514,9.174231,6000.000000000005,9644.344,-3644.3437499999955,3644.3437499999955,-60.74
32142,32888.0,185800.0,Ford,F-150,,2021.0,6,Pickup Truck,of_Origin_USA,10.40089353434265,10.364857,32888.000000000015,31723.887,1164.1132812500146,1164.1132812500146,3.54
18588,45000.0,8038.0,Mercedes-Benz,CLA,,2024.0,4,Sedan,baseline_value_here,10.714439990727769,10.584884,44999.999999999985,39531.71,5468.289062499985,5468.289062499985,12.15
6599,6900.0,330000.0,Buick,Lacrosse,,2016.0,4,Sedan,of_Origin_USA,8.839421607620602,8.25146,6900.000000000005,3832.2185,3067.7814941406295,3067.7814941406295,44.46
30333,29193.0,99779.0,Jeep,Grand,Cherokee,2022.0,6,SUV,of_Origin_USA,10.281718487690524,10.50541,29193.000000000022,36511.508,-7318.507812499978,7318.507812499978,-25.07
7874,16498.0,140218.0,Chevrolet,Equinox,,2021.0,4,SUV,of_Origin_USA,9.711055051991444,9.921631,16497.999999999993,20365.178,-3867.1777343750073,3867.1777343750073,-23.44
37338,8500.0,274000.0,Acura,RDX,,2013.0,6,SUV,of_Origin_Japan,9.04793908261736,8.864244,8500.000000000005,7073.4463,1426.5537109375055,1426.5537109375055,16.78
32674,14990.0,145222.0,Kia,Sorento,,2017.0,4,SUV,of_Origin_South Korea,9.615205300012315,9.471861,14990.000000000004,12988.036,2001.9638671875036,2001.9638671875036,13.36
29972,16950.0,131923.0,Hyundai,Kona,,2020.0,4,SUV,of_Origin_South Korea,9.738082108118487,9.752553,16950.00000000001,17197.08,-247.0800781249891,247.0800781249891,-1.46
31696,39000.0,83605.0,Ford,F-150,,2021.0,6,Pickup Truck,of_Origin_USA,10.571342565808699,10.569438,39000.0,38925.79,74.2109375,74.2109375,0.19
33071,27990.0,169867.0,Dodge,Durango,,2022.0,6,SUV,of_Origin_USA,10.239638308916676,10.307173,27989.99999999999,29945.65,-1955.650390625011,1955.650390625011,-6.99
37754,12880.0,109870.0,Toyota,Prius,,2009.0,4,Hatchback,of_Origin_Japan,9.463508636396089,8.9721775,12880.000000000011,7879.743,5000.256835937511,5000.256835937511,38.82
13694,42999.0,35252.0,Jeep,Wrangler,,2023.0,6,SUV,of_Origin_USA,10.668955394675699,10.852581,42998.99999999997,51666.336,-8667.33593750003,8667.33593750003,-20.16
8909,44620.0,39752.0,Dodge,Durango,,2024.0,6,SUV,of_Origin_USA,10.705959879210065,10.86081,44619.99999999998,52093.273,-7473.273437500022,7473.273437500022,-16.75
9401,22773.0,73853.0,Ford,Escape,,2021.0,4,SUV,of_Origin_USA,10.03337481337055,10.098353,22772.99999999999,24301.959,-1528.958984375011,1528.958984375011,-6.71
9041,50992.0,6286.0,Dodge,Durango,,2024.0,6,SUV,of_Origin_USA,10.839443647384186,11.014153,50992.00000000002,60726.535,-9734.535156249978,9734.535156249978,-19.09
10813,51571.0,50375.0,Genesis,GV70,,2024.0,6,SUV,of_Origin_South Korea,10.850734168530728,10.805426,51571.0,49286.492,2284.5078125,2284.5078125,4.43
12114,12990.0,228476.0,Hyundai,Elantra,,2021.0,4,Sedan,of_Origin_South Korea,9.472012088995733,9.202036,12990.0,9916.299,3073.701171875,3073.701171875,23.66
12461,33986.0,150.0,Hyundai,Elantra,,2025.0,4,Sedan,of_Origin_South Korea,10.433733377541598,10.334929,33985.99999999999,30788.514,3197.4863281249927,3197.4863281249927,9.41
14735,26950.0,83000.0,Land,Rover,Range Rover Velar,2018.0,6,SUV,baseline_value_here,10.201775681400134,10.370739,26950.000000000022,31911.05,-4961.050781249978,4961.050781249978,-18.41
16297,48888.0,4500.0,Lincoln,Corsair,,2025.0,4,SUV,of_Origin_USA,10.797307701282914,10.725352,48887.99999999999,45493.754,3394.2460937499927,3394.2460937499927,6.94
26233,28000.0,21802.0,Honda,CR-V,,2021.0,4,SUV,of_Origin_Japan,10.239995502805316,10.221678,28000.00000000002,27491.754,508.2460937500182,508.2460937500182,1.82
31950,51640.0,300.0,Honda,CR-V,Hybrid,2026.0,4,SUV,of_Origin_Japan,10.852071209606546,10.91445,51640.00000000004,54963.88,-3323.8789062499636,3323.8789062499636,-6.44
30829,29990.0,43091.0,Subaru,Crosstrek,,2024.0,4,SUV,of_Origin_Japan,10.30865261563529,10.343487,29990.000000000007,31053.121,-1063.1210937499927,1063.1210937499927,-3.54
4448,50298.0,19869.0,Audi,A5,Sportback,2025.0,6,Hatchback,baseline_value_here,10.8257404751745,10.976197,50297.99999999998,58464.8,-8166.800781250022,8166.800781250022,-16.24
28965,15950.0,119000.0,Hyundai,Tucson,,2019.0,4,SUV,of_Origin_South Korea,9.677276802172448,9.74587,15950.000000000004,17082.521,-1132.5214843749964,1132.5214843749964,-7.1
36289,100720.0,2000.0,Ford,F-150,,2026.0,6,Pickup Truck,of_Origin_USA,11.520109597183636,11.305192,100720.0,81241.35,19478.6484375,19478.6484375,19.34
27909,27491.0,47389.0,Chevrolet,Trax,,2025.0,4,SUV,of_Origin_USA,10.221650332241495,10.481697,27490.99999999998,35655.867,-8164.867187500018,8164.867187500018,-29.7
20854,89995.0,39058.0,Porsche,Cayenne,,2023.0,6,SUV,baseline_value_here,11.407520503880274,11.15354,89995.00000000001,69809.5,20185.500000000015,20185.500000000015,22.43
11963,38118.0,68137.0,Hyundai,Palisade,,2022.0,6,SUV,of_Origin_South Korea,10.548468124475464,10.598972,38117.99999999997,40092.613,-1974.613281250029,1974.613281250029,-5.18
16467,42950.0,49905.0,Lincoln,Nautilus,,2023.0,4,SUV,of_Origin_USA,10.667815210028436,10.329773,42949.99999999997,30630.156,12319.84374999997,12319.84374999997,28.68
29367,12499.0,133163.0,Chevrolet,Equinox,,2021.0,4,SUV,of_Origin_USA,9.433483923290392,9.932859,12499.0,20595.15,-8096.150390625,8096.150390625,-64.77
10965,50689.0,57982.0,Genesis,GV70,,2023.0,6,SUV,of_Origin_South Korea,10.833483931466395,10.734241,50688.99999999999,45899.926,4789.074218749993,4789.074218749993,9.45
16207,31950.0,63576.0,Lincoln,Corsair,,2022.0,4,SUV,of_Origin_USA,10.37195875822042,10.261601,31950.000000000015,28611.57,3338.4296875000146,3338.4296875000146,10.45
25642,63888.0,12000.0,Porsche,Cayenne,,2020.0,6,SUV,baseline_value_here,11.06490248157219,10.903674,63887.99999999997,54374.78,9513.21874999997,9513.21874999997,14.89
32477,24409.0,82250.0,Ford,Escape,,2023.0,4,SUV,of_Origin_USA,10.102748163387005,10.234986,24408.99999999999,27860.088,-3451.087890625011,3451.087890625011,-14.14
8101,29888.0,82516.0,Chevrolet,Express,2500,2023.0,6,Van,of_Origin_USA,10.305245798712965,10.539114,29887.99999999998,37763.094,-7875.093750000018,7875.093750000018,-26.35
31921,73000.0,45553.0,Mercedes-Benz,GLS,,2022.0,6,SUV,baseline_value_here,11.19822841866684,11.051704,73000.00000000003,63050.33,9949.67187500003,9949.67187500003,13.63
11325,32190.0,60693.0,Honda,Civic,Sedan,2025.0,4,Sedan,of_Origin_Japan,10.379442189358636,10.457908,32189.999999999993,34817.625,-2627.6250000000073,2627.6250000000073,-8.16
32222,43694.0,12932.0,Chevrolet,Equinox,,2026.0,4,SUV,of_Origin_USA,10.684988958061645,10.77334,43694.00000000001,47730.184,-4036.1835937499927,4036.1835937499927,-9.24
20316,24889.0,28188.0,Nissan,Rogue,,2023.0,4,SUV,of_Origin_Japan,10.122221395361638,10.395088,24889.000000000015,32697.621,-7808.621093749985,7808.621093749985,-31.37
23061,17995.0,67261.0,Toyota,Corolla,Sedan,2016.0,4,Sedan,of_Origin_Japan,9.797904789961063,9.646021,17994.999999999996,15459.147,2535.8525390624964,2535.8525390624964,14.09
25868,13777.0,173000.0,Volkswagen,Tiguan,,2018.0,4,SUV,baseline_value_here,9.530828396153142,9.606421,13777.000000000011,14858.898,-1081.898437499989,1081.898437499989,-7.85
34716,3000.0,227000.0,Mitsubishi,Outlander,,2010.0,4,SUV,of_Origin_Japan,8.006700845440367,8.843883,2999.9999999999995,6930.854,-3930.8540039062505,3930.8540039062505,-131.03
38519,45867.0,73138.0,Mercedes-Benz,GLC,,2023.0,4,SUV,baseline_value_here,10.733522985158196,10.463409,45867.00000000003,35009.715,10857.28515625003,10857.28515625003,23.67
7358,70092.0,26052.0,Cadillac,XT6,,2025.0,6,SUV,of_Origin_USA,11.157578210689957,10.987165,70092.0,59109.594,10982.40625,10982.40625,15.67
18467,69999.0,15000.0,Mercedes-Benz,GLE,,2024.0,6,SUV,baseline_value_here,11.156250521031495,11.146657,69998.99999999994,69330.664,668.3359374999418,668.3359374999418,0.95
25763,58888.0,35093.0,BMW,3,Series,2023.0,baseline_value_here,baseline_value_here,baseline_value_here,10.983409594982758,10.9346,58888.00000000001,56082.664,2805.3359375000073,2805.3359375000073,4.76
29849,16990.0,127641.0,Audi,A4,,2017.0,4,Sedan,baseline_value_here,9.740439071085758,9.774525,16989.99999999999,17579.133,-589.1328125000109,589.1328125000109,-3.47
26181,30999.0,169682.0,RAM,1500,Classic,2023.0,baseline_value_here,baseline_value_here,of_Origin_USA,10.341742483467284,10.353829,30999.000000000022,31375.967,-376.9667968749782,376.9667968749782,-1.22
32871,28995.0,137621.0,Tesla,Model,3,2022.0,Electric,Sedan,of_Origin_USA,10.274913168420769,10.309428,28995.000000000007,30013.27,-1018.2695312499927,1018.2695312499927,-3.51
23659,20998.0,118970.0,Volkswagen,Jetta,,2023.0,4,Sedan,baseline_value_here,9.952230096524119,10.181664,20998.00000000001,26413.396,-5415.396484374989,5415.396484374989,-25.79
33100,32791.0,65772.0,Honda,CR-V,,2022.0,4,SUV,of_Origin_Japan,10.397939862184174,10.29357,32791.000000000015,29541.04,3249.9609375000146,3249.9609375000146,9.91
15447,48998.0,5550.0,Lexus,IS,,2024.0,4,Sedan,of_Origin_Japan,10.799555168721248,10.333681,48997.99999999997,30750.102,18247.89843749997,18247.89843749997,37.24
21073,36666.0,84278.0,RAM,ProMaster,Cargo Van,2023.0,6,Van,of_Origin_USA,10.509632446974212,10.539449,36665.99999999999,37775.734,-1109.7343750000073,1109.7343750000073,-3.03
2060,16995.0,89404.0,Subaru,Crosstrek,,2018.0,4,SUV,of_Origin_Japan,9.740733301234702,9.9134245,16994.999999999993,20198.73,-3203.7304687500073,3203.7304687500073,-18.85
4175,44990.0,30230.0,Acura,RDX,,2023.0,4,SUV,of_Origin_Japan,10.714217748749789,10.388127,44989.99999999996,32470.8,12519.199218749964,12519.199218749964,27.83
22354,25995.0,175914.0,Tesla,Model,X,2016.0,Electric,Sedan,of_Origin_USA,10.16569795901424,9.845218,25995.00000000002,18866.906,7128.093750000018,7128.093750000018,27.42
6438,20495.0,129814.0,Buick,Envision,,2021.0,4,SUV,of_Origin_USA,9.927985024136515,9.938697,20494.99999999998,20715.73,-220.7304687500182,220.7304687500182,-1.08
32301,52770.0,499.0,Ford,Mustang,Fastback,2026.0,8,Coupe,of_Origin_USA,10.873717076381238,11.411875,52770.00000000002,90387.72,-37617.71874999998,37617.71874999998,-71.29
17933,20750.0,126789.0,Mazda,Mazda3,,2022.0,4,Sedan,of_Origin_Japan,9.940349717268694,9.976589,20749.999999999985,21515.797,-765.7968750000146,765.7968750000146,-3.69
34130,31900.0,60400.0,Lexus,RX,,2016.0,4,SUV,of_Origin_Japan,10.370392636243981,9.761512,31899.99999999999,17351.846,14548.154296874989,14548.154296874989,45.61
31417,14888.0,152773.0,Lexus,CT,,2014.0,4,Hatchback,of_Origin_Japan,9.608377964255551,9.423793,14888.000000000005,12378.446,2509.5537109375055,2509.5537109375055,16.86
3100,20770.0,103000.0,BMW,X3,,2019.0,4,SUV,baseline_value_here,9.941313062076109,10.110682,20770.000000000007,24603.424,-3833.4238281249927,3833.4238281249927,-18.46
10771,47999.0,96611.0,Genesis,GV80,,2022.0,6,SUV,of_Origin_South Korea,10.778956289890028,10.466955,47998.99999999998,35134.074,12864.925781249978,12864.925781249978,26.8
32835,19995.0,99500.0,Nissan,Murano,,2018.0,6,SUV,of_Origin_Japan,9.903287532533462,10.123171,19995.00000000001,24912.643,-4917.642578124989,4917.642578124989,-24.59
25059,21770.0,103000.0,BMW,X3,,2019.0,4,SUV,baseline_value_here,9.988334087946246,10.110682,21769.999999999985,24603.424,-2833.4238281250146,2833.4238281250146,-13.02
1732,34992.0,90.0,Ford,Escape,PHEV,2024.0,4,SUV,of_Origin_USA,10.462903320468884,10.8492985,34992.000000000015,51497.01,-16505.011718749985,16505.011718749985,-47.17
23632,28450.0,79000.0,Volkswagen,Jetta,GLI,2024.0,4,Sedan,baseline_value_here,10.255938588321637,10.287153,28449.99999999999,29352.094,-902.0937500000109,902.0937500000109,-3.17
11811,8990.0,93438.0,Hyundai,Elantra,,2014.0,4,Sedan,of_Origin_South Korea,9.103979355984773,9.129725,8990.000000000002,9224.489,-234.48925781249818,234.48925781249818,-2.61
758,88857.0,48865.0,BMW,X5,,2024.0,6,SUV,baseline_value_here,11.394794868921728,11.067278,88856.99999999997,64039.945,24817.05468749997,24817.05468749997,27.93
26632,37963.0,56621.0,RAM,1500,Classic,2022.0,baseline_value_here,baseline_value_here,of_Origin_USA,10.544393621250382,10.6787,37962.99999999998,43420.086,-5457.085937500022,5457.085937500022,-14.37
11875,5990.0,197467.0,Hyundai,Elantra,,2013.0,4,Sedan,of_Origin_South Korea,8.698013622083925,8.595005,5990.000000000002,5403.596,586.4038085937518,586.4038085937518,9.79
35659,28815.0,64195.0,Ford,Bronco,Sport,2022.0,4,SUV,of_Origin_USA,10.268686067415738,10.254386,28815.00000000001,28405.86,409.1406250000109,409.1406250000109,1.42
10322,44988.0,27479.0,GMC,Sierra,1500,2024.0,8,Pickup Truck,of_Origin_USA,10.7141732944266,10.958178,44987.99999999999,57420.7,-12432.699218750007,12432.699218750007,-27.64
3053,39980.0,122639.0,Jeep,Gladiator,,2021.0,6,Pickup Truck,of_Origin_USA,10.596159620247837,10.466788,39980.00000000002,35128.21,4851.789062500022,4851.789062500022,12.14
15329,99800.0,10982.0,Lexus,GX,,2024.0,6,SUV,of_Origin_Japan,11.510933482289435,10.973795,99799.99999999994,58324.516,41475.48437499994,41475.48437499994,41.56
6269,30092.0,151269.0,Buick,Enclave,,2021.0,6,SUV,of_Origin_USA,10.312047865551595,10.272505,30091.999999999993,28925.252,1166.7480468749927,1166.7480468749927,3.88
37920,4000.0,241000.0,Buick,Enclave,,2011.0,6,SUV,of_Origin_USA,8.294299608857235,8.628253,4000.0000000000014,5586.3086,-1586.3085937499986,1586.3085937499986,-39.66
25765,43829.0,44827.0,Hyundai,Palisade,,2023.0,6,SUV,of_Origin_South Korea,10.688073793412855,10.729523,43828.99999999999,45683.883,-1854.8828125000073,1854.8828125000073,-4.23
2657,56995.0,45640.0,Volvo,XC60,Recharge,2023.0,4,SUV,of_Origin_Sweden,10.95073636891568,10.826723,56995.0,50347.45,6647.55078125,6647.55078125,11.66
19181,44798.0,20.0,Mitsubishi,Outlander,,2025.0,4,SUV,of_Origin_Japan,10.709941096725379,10.82533,44798.00000000001,50277.348,-5479.347656249993,5479.347656249993,-12.23
17087,62112.0,90.0,MINI,Countryman,,2027.0,4,SUV,of_Origin_UK,11.036710585787613,11.010478,62111.99999999995,60503.8,1608.199218749949,1608.199218749949,2.59
2314,11999.0,189098.0,Honda,Civic,Sedan,2018.0,4,Sedan,of_Origin_Japan,9.392661928770137,9.425104,11998.999999999993,12394.69,-395.6904296875073,395.6904296875073,-3.3
11912,25900.0,30330.0,Hyundai,Elantra,,2025.0,4,Sedan,of_Origin_South Korea,10.16203685698089,10.261129,25899.99999999999,28598.066,-2698.066406250011,2698.066406250011,-10.42
33638,13499.0,224000.0,Honda,Civic,,2018.0,4,Sedan,of_Origin_Japan,9.51044496442652,9.34385,13498.999999999996,11427.324,2071.6757812499964,2071.6757812499964,15.35
36902,39888.0,29323.0,Hyundai,Santa,Fe Hybrid,2024.0,4,SUV,of_Origin_South Korea,10.593855875645637,10.543173,39888.0,37916.684,1971.31640625,1971.31640625,4.94
21867,7990.0,188434.0,Subaru,Legacy,,2015.0,4,Sedan,of_Origin_Japan,8.986071187374463,9.250766,7990.0000000000055,10411.536,-2421.5361328124945,2421.5361328124945,-30.31
27024,36910.0,67464.0,RAM,1500,Classic,2023.0,baseline_value_here,baseline_value_here,of_Origin_USA,10.516264888585782,10.678702,36909.99999999997,43420.168,-6510.167968750029,6510.167968750029,-17.64
21813,25385.0,77049.0,Subaru,Crosstrek,,2024.0,4,SUV,of_Origin_Japan,10.141953119948122,10.265895,25384.999999999978,28734.682,-3349.681640625022,3349.681640625022,-13.2
36964,12499.0,152100.0,Audi,Q5,,2015.0,4,SUV,baseline_value_here,9.433483923290392,9.444543,12499.0,12638.004,-139.00390625,139.00390625,-1.11
4140,47900.0,14983.0,Acura,ADX,,2025.0,4,SUV,of_Origin_Japan,10.776891660007811,10.503433,47900.0,36439.395,11460.60546875,11460.60546875,23.93
34254,34998.0,47725.0,Cadillac,XT5,,2022.0,4,SUV,of_Origin_USA,10.463074768634808,10.277235,34997.99999999999,29062.402,5935.597656249993,5935.597656249993,16.96
26258,42995.0,23076.0,Honda,Passport,,2023.0,6,SUV,of_Origin_Japan,10.668862367092954,10.797153,42995.0,48880.46,-5885.4609375,5885.4609375,-13.69
26006,4900.0,185006.0,Dodge,Grand,Caravan,2013.0,6,Minivan,of_Origin_USA,8.497194544909547,8.840149,4899.999999999998,6905.021,-2005.0209960937518,2005.0209960937518,-40.92
17063,55262.0,90.0,MINI,Countryman,,2027.0,4,SUV,of_Origin_UK,10.919858885820327,11.010478,55262.00000000001,60503.8,-5241.800781249993,5241.800781249993,-9.49
13373,25388.0,93293.0,Jeep,Grand,Cherokee,2020.0,6,SUV,of_Origin_USA,10.142071288338215,10.362106,25387.999999999985,31636.75,-6248.750000000015,6248.750000000015,-24.61
37312,10988.0,172635.0,Jeep,Cherokee,,2014.0,4,SUV,of_Origin_USA,9.304650051446924,8.943404,10987.999999999996,7656.219,3331.7807617187464,3331.7807617187464,30.32
6898,65975.0,321.0,Cadillac,Optiq,,2026.0,Electric,SUV,of_Origin_USA,11.097046318513192,11.222427,65975.00000000001,74788.09,-8813.093749999985,8813.093749999985,-13.36
34402,31999.0,67450.0,Volkswagen,Atlas,,2022.0,4,SUV,baseline_value_here,10.373491181781864,10.454478,31999.000000000007,34698.42,-2699.4218749999927,2699.4218749999927,-8.44
1060,32288.0,85000.0,Lincoln,Aviator,,2020.0,6,SUV,of_Origin_USA,10.382481893932408,10.415699,32287.999999999985,33378.56,-1090.5585937500146,1090.5585937500146,-3.38
18698,46985.0,149583.0,Mercedes-Benz,S-Class,,2016.0,8,Sedan,baseline_value_here,10.757604963978993,10.244056,46985.00000000003,28113.922,18871.07812500003,18871.07812500003,40.16
10263,21988.0,139547.0,GMC,Terrain,,2022.0,4,SUV,of_Origin_USA,9.99829760729877,10.0234,21987.999999999996,22546.97,-558.9707031250036,558.9707031250036,-2.54
12890,6900.0,189100.0,Infiniti,QX60,,2014.0,6,SUV,of_Origin_Japan,8.839421607620602,9.378142,6900.000000000005,11826.024,-4926.024414062495,4926.024414062495,-71.39
29918,26995.0,37251.0,Kia,K4,,2025.0,4,Sedan,of_Origin_South Korea,10.203443985863297,10.257797,26994.999999999993,28502.93,-1507.9296875000073,1507.9296875000073,-5.59
8946,11990.0,200316.0,Dodge,Grand,Caravan,2018.0,6,Minivan,of_Origin_USA,9.391911647379434,9.426759,11990.00000000001,12415.218,-425.2177734374909,425.2177734374909,-3.55
34379,24888.0,65950.0,Nissan,Maxima,,2022.0,6,Sedan,of_Origin_Japan,10.122181217776706,10.561841,24887.999999999985,38631.184,-13743.183593750015,13743.183593750015,-55.22
33077,51611.0,15.0,Chevrolet,Bolt,,2027.0,Electric,Hatchback,of_Origin_USA,10.851509482571737,10.624402,51611.00000000004,41125.258,10485.742187500036,10485.742187500036,20.32
4665,33958.0,80135.0,Audi,A5,Sportback,2021.0,6,Hatchback,baseline_value_here,10.43290919358419,10.488123,33957.999999999985,35885.734,-1927.7343750000146,1927.7343750000146,-5.68
26179,24999.0,95701.0,Chevrolet,Equinox,,2022.0,4,SUV,of_Origin_USA,10.126631103850338,10.181932,24999.0,26420.477,-1421.4765625,1421.4765625,-5.69
38268,49999.0,42379.0,Mercedes-Benz,E-Class,,2023.0,6,Sedan,baseline_value_here,10.819778284410283,11.090579,49999.00000000001,65549.69,-15550.687499999993,15550.687499999993,-31.1
37438,51495.0,30493.0,Toyota,Sienna,,2024.0,4,Minivan,of_Origin_Japan,10.849259413732451,10.842138,51494.999999999956,51129.594,365.40624999995634,365.40624999995634,0.71
22291,27880.0,38600.0,Tesla,Model,3,2021.0,Electric,Sedan,of_Origin_USA,10.235700732236957,10.536931,27879.99999999998,37680.746,-9800.746093750018,9800.746093750018,-35.15
13842,32999.0,298.0,Kia,Sportage,,2025.0,4,SUV,of_Origin_South Korea,10.404262840448617,10.608392,32998.99999999998,40472.055,-7473.054687500022,7473.054687500022,-22.65
2796,11999.0,223477.0,Honda,Civic,Hatchback,2017.0,4,Sedan,of_Origin_Japan,9.392661928770137,9.30552,11998.999999999993,10997.564,1001.4355468749927,1001.4355468749927,8.35
8534,43995.0,39837.0,Chrysler,Pacifica,,2024.0,6,Minivan,of_Origin_USA,10.691853999677008,10.611374,43995.00000000003,40592.934,3402.066406250029,3402.066406250029,7.73
23100,35792.0,24750.0,Toyota,RAV,4,2025.0,4,SUV,of_Origin_Japan,10.48550762254391,10.493455,35791.99999999999,36077.59,-285.5898437500073,285.5898437500073,-0.8
26836,25999.0,89044.0,RAM,1500,,2017.0,baseline_value_here,baseline_value_here,of_Origin_USA,10.165851817003619,10.067023,25998.999999999985,23552.348,2446.6523437499854,2446.6523437499854,9.41
22712,15990.0,232163.0,Toyota,Camry,,2021.0,4,Sedan,of_Origin_Japan,9.679781342959442,9.521543,15990.000000000005,13649.651,2340.3486328125055,2340.3486328125055,14.64
21256,68995.0,1025.0,RAM,1500,,2026.0,baseline_value_here,baseline_value_here,of_Origin_USA,11.14180381088452,11.168541,68995.00000000003,70864.64,-1869.640624999971,1869.640624999971,-2.71
10351,20499.0,118430.0,GMC,Terrain,,2021.0,4,SUV,of_Origin_USA,9.9281801651265,10.012499,20499.000000000015,22302.5,-1803.4999999999854,1803.4999999999854,-8.8
11863,24706.0,39242.0,Hyundai,Kona,,2023.0,4,SUV,of_Origin_South Korea,10.11484188327536,10.261405,24705.99999999998,28605.951,-3899.951171875018,3899.951171875018,-15.79
6256,27500.0,7808.0,Buick,Envista,,2024.0,4,SUV,of_Origin_USA,10.221977646629885,10.579689,27499.99999999998,39326.883,-11826.882812500018,11826.882812500018,-43.01
5490,79888.0,44414.0,BMW,X6,,2024.0,6,SUV,baseline_value_here,11.28839345018658,11.09433,79887.99999999994,65796.02,14091.976562499942,14091.976562499942,17.64
35637,20436.0,121286.0,Mazda,CX-5,,2017.0,4,SUV,of_Origin_Japan,9.925102262508537,9.789742,20436.00000000001,17848.709,2587.291015625011,2587.291015625011,12.66
950,28989.0,86494.0,Hyundai,Santa,Fe Hybrid,2022.0,4,SUV,of_Origin_South Korea,10.274706221915702,10.273446,28989.000000000022,28952.492,36.50781250002183,36.50781250002183,0.13
28473,33990.0,77179.0,Audi,A5,,2021.0,6,Hatchback,baseline_value_here,10.43385106267516,10.585752,33990.00000000001,39566.03,-5576.031249999993,5576.031249999993,-16.4
19277,36262.0,23238.0,Mitsubishi,Outlander,,2024.0,4,SUV,of_Origin_Japan,10.498553216683446,10.4392185,36261.99999999998,34172.938,2089.062499999978,2089.062499999978,5.76
32020,7393.0,182000.0,Volkswagen,Tiguan,,2013.0,4,SUV,baseline_value_here,8.908424139496578,9.111164,7393.0000000000055,9054.831,-1661.8310546874945,1661.8310546874945,-22.48
38659,18995.0,131589.0,Honda,Civic,Sedan,2021.0,4,Sedan,of_Origin_Japan,9.851983709669012,9.905992,18994.999999999993,20049.143,-1054.1425781250073,1054.1425781250073,-5.55
13298,27987.0,122801.0,Jeep,Grand,Cherokee,2021.0,6,SUV,of_Origin_USA,10.239531125865787,10.35506,27986.999999999978,31414.592,-3427.591796875022,3427.591796875022,-12.25
17140,59320.0,90.0,MINI,Countryman,,2027.0,4,SUV,of_Origin_UK,10.990718653830616,11.010478,59320.00000000005,60503.8,-1183.800781249949,1183.800781249949,-2.0
29696,43488.0,24671.0,Audi,Q5,,2023.0,4,SUV,baseline_value_here,10.680263311535647,10.794294,43488.00000000002,48740.902,-5252.902343749978,5252.902343749978,-12.08
31160,49285.0,499.0,Ford,Bronco,Sport,2026.0,4,SUV,of_Origin_USA,10.80539534404283,10.903771,49285.000000000044,54380.07,-5095.070312499956,5095.070312499956,-10.34
34482,33700.0,208975.0,Chevrolet,Silverado,1500,2023.0,8,Pickup Truck,of_Origin_USA,10.425282789490705,10.472733,33699.99999999999,35337.65,-1637.6484375000073,1637.6484375000073,-4.86
1917,52585.0,10.0,Chrysler,Pacifica,,2027.0,6,Minivan,of_Origin_USA,10.870205203603206,10.894717,52585.00000000001,53889.918,-1304.9179687499927,1304.9179687499927,-2.48
4190,33988.0,76476.0,Acura,RDX,,2021.0,4,SUV,of_Origin_Japan,10.433792221839603,10.186251,33988.00000000001,26534.816,7453.183593750007,7453.183593750007,21.93
7953,91980.0,4650.0,Chevrolet,Corvette,,2023.0,8,Coupe,of_Origin_USA,11.429337312963495,11.4248295,91979.99999999996,91566.3,413.70312499995634,413.70312499995634,0.45
8057,19900.0,240000.0,Chevrolet,Express,Commercial Cutaway,2012.0,6,Van,of_Origin_USA,9.898525260706313,8.633739,19899.999999999993,5617.0474,14282.952636718743,14282.952636718743,71.77
8120,25295.0,50475.0,Chevrolet,Trax,,2024.0,4,SUV,of_Origin_USA,10.138401559449253,10.359967,25294.999999999996,31569.146,-6274.146484375004,6274.146484375004,-24.8
26387,18795.0,135375.0,Honda,CR-V,,2015.0,4,SUV,of_Origin_Japan,9.841399360222706,9.457755,18794.999999999993,12806.102,5988.898437499993,5988.898437499993,31.86
5534,64998.0,63331.0,BMW,X5,,2024.0,6,SUV,baseline_value_here,11.082127164144046,11.028277,64998.00000000004,61590.39,3407.6093750000364,3407.6093750000364,5.24
12073,25888.0,10979.0,Hyundai,Elantra,,2025.0,4,Sedan,of_Origin_South Korea,10.161573447047902,10.36968,25887.999999999993,31877.287,-5989.287109375007,5989.287109375007,-23.14
28465,21000.0,88000.0,Ford,Mustang,,2017.0,8,Coupe,of_Origin_USA,9.952325334619427,10.510877,20999.99999999998,36711.65,-15711.648437500018,15711.648437500018,-74.82
28584,14595.0,141799.0,Honda,Civic,Coupe,2016.0,4,Sedan,of_Origin_Japan,9.588502797556337,9.499387,14594.999999999989,13350.537,1244.462890624989,1244.462890624989,8.53
6717,75396.0,8898.0,Cadillac,XT5,,2025.0,4,SUV,of_Origin_USA,11.230522765406084,10.713472,75396.00000000003,44956.477,30439.52343750003,30439.52343750003,40.37
10302,48860.0,68578.0,GMC,Canyon,,2024.0,4,Pickup Truck,of_Origin_USA,10.79673481124167,10.584034,48859.999999999985,39498.133,9361.867187499985,9361.867187499985,19.16
8069,46895.0,45876.0,Chevrolet,Silverado,1500,2023.0,8,Pickup Truck,of_Origin_USA,10.755687662950674,10.865264,46895.000000000015,52325.8,-5430.800781249985,5430.800781249985,-11.58
8479,32495.0,99578.0,Chrysler,Pacifica,,2023.0,6,Minivan,of_Origin_USA,10.388872283820167,10.340892,32495.000000000022,30972.64,1522.3593750000218,1522.3593750000218,4.68
34241,21804.0,80894.0,Ford,Edge,,2019.0,4,SUV,of_Origin_USA,9.989894580276866,9.959618,21803.999999999985,21153.705,650.2949218749854,650.2949218749854,2.98
13488,34410.0,1012.0,Jeep,Compass,,2025.0,4,SUV,of_Origin_USA,10.446131559688638,10.757864,34410.0,46997.17,-12587.171875,12587.171875,-36.58
32483,18409.0,80274.0,Ford,Escape,,2021.0,4,SUV,of_Origin_USA,9.820649274227124,10.090866,18409.00000000001,24120.676,-5711.675781249989,5711.675781249989,-31.03
15490,14500.0,146210.0,Lexus,IS,,2011.0,4,Sedan,of_Origin_Japan,9.581972891547895,9.070512,14500.000000000004,8694.073,5805.926757812504,5805.926757812504,40.04
15015,54995.0,1723.0,Land,Rover,Range Rover Evoque,2026.0,4,SUV,baseline_value_here,10.915015734297125,11.0652685,54995.00000000002,63911.39,-8916.390624999978,8916.390624999978,-16.21
1139,39995.0,109786.0,Cadillac,Escalade,ESV,2017.0,8,SUV,of_Origin_USA,10.59653472809574,10.570159,39995.00000000001,38953.867,1041.1328125000073,1041.1328125000073,2.6
38,18990.0,64000.0,Hyundai,Elantra,,2022.0,4,Sedan,of_Origin_South Korea,9.851720461714246,10.003952,18990.000000000015,22112.688,-3122.6874999999854,3122.6874999999854,-16.44
4312,30999.0,74006.0,Acura,TLX,,2019.0,4,Sedan,of_Origin_Japan,10.341742483467284,9.958011,30999.000000000022,21119.738,9879.261718750022,9879.261718750022,31.87
5537,66695.0,71374.0,BMW,X5,,2024.0,6,SUV,baseline_value_here,11.10790026009045,10.982797,66695.00000000001,58851.918,7843.082031250015,7843.082031250015,11.76
9569,13888.0,197377.0,Ford,E-350,,2012.0,6,Van,of_Origin_USA,9.53885243891622,8.810645,13888.000000000004,6704.2437,7183.756347656254,7183.756347656254,51.73
6973,89995.0,43338.0,Cadillac,Escalade,,2022.0,8,SUV,of_Origin_USA,11.407520503880274,11.226931,89995.00000000001,75125.65,14869.351562500015,14869.351562500015,16.52
26761,51690.0,499.0,Ford,Bronco,Sport,2026.0,4,SUV,of_Origin_USA,10.853038964104712,10.903771,51690.00000000001,54380.07,-2690.0703124999927,2690.0703124999927,-5.2
25449,19950.0,90806.0,Mercedes-Benz,CLA,,2019.0,4,Sedan,baseline_value_here,9.901034546375062,10.04511,19950.00000000001,23041.826,-3091.826171874989,3091.826171874989,-15.5
26038,17995.0,165126.0,Jeep,Cherokee,,2019.0,4,SUV,of_Origin_USA,9.797904789961063,9.612678,17994.999999999996,14952.154,3042.8457031249964,3042.8457031249964,16.91
7056,47990.0,22600.0,Cadillac,Lyriq,,2024.0,Electric,SUV,of_Origin_USA,10.778768772309705,10.862329,47990.0,52172.426,-4182.42578125,4182.42578125,-8.72
32862,12999.0,149232.0,Honda,Accord,Coupe,2015.0,4,Sedan,of_Origin_Japan,9.472704636443673,9.345696,12998.99999999999,11448.444,1550.555664062491,1550.555664062491,11.93
33787,21491.0,48000.0,Honda,Civic,Sedan,2019.0,4,Sedan,of_Origin_Japan,9.975436051848712,10.005829,21491.000000000004,22154.23,-663.2304687499964,663.2304687499964,-3.09
35222,10999.0,123365.0,Audi,Q5,,2015.0,4,SUV,baseline_value_here,9.305650551780507,9.528959,10998.999999999998,13751.271,-2752.271484375002,2752.271484375002,-25.02
1522,25500.0,95037.0,Audi,Q5,,2021.0,4,SUV,baseline_value_here,10.146472946063877,10.425583,25500.0,33710.113,-8210.11328125,8210.11328125,-32.2
28266,42300.0,50416.0,BMW,X4,,2022.0,4,SUV,baseline_value_here,10.652566005416872,10.495743,42300.00000000003,36160.23,6139.769531250029,6139.769531250029,14.51
9428,23999.0,37247.0,Ford,Escape,,2022.0,4,SUV,of_Origin_USA,10.085809109330082,10.320846,23998.999999999985,30357.918,-6358.917968750015,6358.917968750015,-26.5
33347,40102.0,2.0,Honda,HR-V,,2027.0,4,SUV,of_Origin_Japan,10.59920642346389,10.602486,40101.99999999997,40233.723,-131.7226562500291,131.7226562500291,-0.33
30946,40867.0,29192.0,Mercedes-Benz,GLA,,2023.0,4,SUV,baseline_value_here,10.618102639711314,10.602731,40866.99999999997,40243.586,623.4140624999709,623.4140624999709,1.53
35264,14688.0,87230.0,Chevrolet,Cruze,,2018.0,4,Sedan,of_Origin_USA,9.594854193331415,9.6529045,14687.999999999996,15565.937,-877.9365234375036,877.9365234375036,-5.98
28149,85454.0,82012.0,Mercedes-Benz,E-Class,,2018.0,6,Sedan,baseline_value_here,11.355745200582605,10.461058,85453.99999999999,34927.473,50526.527343749985,50526.527343749985,59.13
11374,29888.0,79995.0,Honda,CR-V,,2020.0,4,SUV,of_Origin_Japan,10.305245798712965,10.137904,29887.99999999998,25282.422,4605.578124999982,4605.578124999982,15.41
10321,53092.0,84633.0,GMC,Sierra,1500 Limited,2022.0,8,Pickup Truck,of_Origin_USA,10.879800371798126,10.741253,53092.00000000004,46222.93,6869.070312500036,6869.070312500036,12.94
35841,43888.0,13589.0,Lexus,UX,,2025.0,4,SUV,of_Origin_Japan,10.689418998189405,10.828545,43888.00000000001,50439.242,-6551.242187499993,6551.242187499993,-14.93
33293,103920.0,90.0,BMW,4,Series,2027.0,baseline_value_here,baseline_value_here,baseline_value_here,11.551386274084942,11.367337,103920.00000000007,86450.36,17469.640625000073,17469.640625000073,16.81
387,17995.0,98940.0,Volkswagen,Jetta,,2019.0,4,Sedan,baseline_value_here,9.797904789961063,10.034122,17994.999999999996,22790.033,-4795.033203125004,4795.033203125004,-26.65
38246,19388.0,76672.0,Kia,Sedona,,2019.0,6,Minivan,of_Origin_South Korea,9.872461173931006,10.14099,19388.000000000015,25360.568,-5972.568359374985,5972.568359374985,-30.81
11196,23499.0,42224.0,Honda,Civic,Sedan,2022.0,4,Sedan,of_Origin_Japan,10.06475570013225,10.179036,23499.00000000001,26344.062,-2845.062499999989,2845.062499999989,-12.11
15570,71301.0,3752.0,Lexus,RX,,2026.0,4,SUV,of_Origin_Japan,11.174679656499864,10.749699,71301.00000000003,46614.977,24686.02343750003,24686.02343750003,34.62
16343,19999.0,121424.0,Lincoln,MKX,,2018.0,4,SUV,of_Origin_USA,9.903487552536127,9.720759,19998.99999999998,16658.89,3340.109374999982,3340.109374999982,16.7
17573,2990.0,232675.0,MINI,3,Door,2006.0,baseline_value_here,baseline_value_here,of_Origin_UK,8.003363058629947,8.973258,2989.999999999998,7888.263,-4898.263183593752,4898.263183593752,-163.82
18595,87900.0,3391.0,Mercedes-Benz,EQE,,2024.0,Electric,SUV,baseline_value_here,11.383966460172834,11.153117,87900.00000000007,69780.01,18119.992187500073,18119.992187500073,20.61
9040,14900.0,93902.0,Dodge,Grand,Caravan,2017.0,6,Minivan,of_Origin_USA,9.60918360377546,9.8696,14899.999999999993,19332.61,-4432.609375000007,4432.609375000007,-29.75
34675,14777.0,240000.0,Honda,Civic,Sedan,2021.0,4,Sedan,of_Origin_Japan,9.600894867348593,9.528538,14777.000000000004,13745.476,1031.5244140625036,1031.5244140625036,6.98
30352,33888.0,102145.0,GMC,Sierra,1500,2019.0,8,Pickup Truck,of_Origin_USA,10.43084575693648,10.482544,33888.000000000015,35686.08,-1798.0781249999854,1798.0781249999854,-5.31
38264,8990.0,89454.0,Mercedes-Benz,B-Class,,2009.0,4,Hatchback,baseline_value_here,9.103979355984773,9.363336,8990.000000000002,11652.194,-2662.194335937498,2662.194335937498,-29.61
21902,31995.0,34926.0,Subaru,WRX,,2024.0,4,Sedan,of_Origin_Japan,10.373366173968712,10.434531,31994.99999999999,34013.125,-2018.125000000011,2018.125000000011,-6.31
25338,16995.0,104226.0,Honda,Civic,Sedan,2019.0,4,Sedan,of_Origin_Japan,9.740733301234702,9.931164,16994.999999999993,20560.256,-3565.2558593750073,3565.2558593750073,-20.98
9004,7400.0,118647.0,Dodge,Journey,,2012.0,4,SUV,of_Origin_USA,8.909370405197466,8.8499975,7399.999999999995,6973.3716,426.62841796874545,426.62841796874545,5.77
15608,27795.0,101606.0,Lexus,IS,,2018.0,4,Sedan,of_Origin_Japan,10.232647404434218,9.794961,27794.999999999993,17942.102,9852.898437499993,9852.898437499993,35.45
8007,27510.0,35488.0,Chevrolet,Bolt,EUV,2023.0,Electric,Hatchback,of_Origin_USA,10.22234120367599,10.361539,27510.00000000001,31618.803,-4108.802734374989,4108.802734374989,-14.94
20486,25995.0,35810.0,Nissan,Rogue,,2023.0,4,SUV,of_Origin_Japan,10.16569795901424,10.334564,25995.00000000002,30777.27,-4782.269531249982,4782.269531249982,-18.4
19518,19495.0,109457.0,Mitsubishi,RVR,,2021.0,4,SUV,of_Origin_Japan,9.877964595305043,10.121405,19495.00000000002,24868.68,-5373.679687499982,5373.679687499982,-27.56
32588,48840.0,300.0,Honda,CR-V,Hybrid,2026.0,4,SUV,of_Origin_Japan,10.796325403035505,10.91445,48839.99999999996,54963.88,-6123.878906250036,6123.878906250036,-12.54
13849,59790.0,14379.0,Kia,Carnival,,2026.0,4,Minivan,of_Origin_South Korea,10.998610426939969,10.882661,59789.999999999985,53244.09,6545.910156249985,6545.910156249985,10.95
18687,18985.0,96716.0,Mercedes-Benz,CLA,,2018.0,4,Sedan,baseline_value_here,9.851457144441744,9.911099,18985.0,20151.818,-1166.818359375,1166.818359375,-6.15
2591,19400.0,69543.0,Mitsubishi,RVR,,2021.0,4,SUV,of_Origin_Japan,9.873079890114703,10.229149,19400.0,27697.924,-8297.923828125,8297.923828125,-42.77
18607,26995.0,100793.0,Mercedes-Benz,CLA,,2017.0,4,Sedan,baseline_value_here,10.203443985863297,9.812404,26994.999999999993,18257.822,8737.177734374993,8737.177734374993,32.37
30408,38995.0,1.0,Ford,Mustang,Fastback,2025.0,4,baseline_value_here,of_Origin_USA,10.571214355749163,10.79244,38995.00000000003,48650.62,-9655.62109374997,9655.62109374997,-24.76
7883,18298.0,70718.0,Chevrolet,Equinox,,2018.0,4,SUV,of_Origin_USA,9.814601692527686,9.818068,18297.999999999985,18361.531,-63.53125000001455,63.53125000001455,-0.35
14961,38888.0,30336.0,Land,Rover,Discovery Sport,2024.0,4,SUV,baseline_value_here,10.568466713268153,10.626282,38888.000000000015,41202.633,-2314.6328124999854,2314.6328124999854,-5.95
19517,22995.0,67100.0,Mitsubishi,RVR,,2024.0,4,SUV,of_Origin_Japan,10.043075566743182,10.354387,22995.000000000015,31393.479,-8398.478515624985,8398.478515624985,-36.52
9369,41167.0,28571.0,Ford,Mustang,Fastback,2024.0,8,Coupe,of_Origin_USA,10.625416534521525,11.146163,41166.99999999999,69296.42,-28129.421875000007,28129.421875000007,-68.33
9135,66799.0,19912.0,Dodge,Durango,,2024.0,6,SUV,of_Origin_USA,11.109458359524737,10.911755,66799.0,54815.94,11983.05859375,11983.05859375,17.94
15436,46568.0,44817.0,Lexus,RX,,2023.0,4,SUV,of_Origin_Japan,10.748690362694553,10.363238,46568.000000000015,31672.586,14895.414062500015,14895.414062500015,31.99
27025,26000.0,155000.0,BMW,X6,,2019.0,6,SUV,baseline_value_here,10.165890277802454,10.209263,25999.999999999985,27152.543,-1152.5429687500146,1152.5429687500146,-4.43
22675,56888.0,105600.0,Tesla,Model,S,2022.0,Electric,Sedan,of_Origin_USA,10.948857279808518,10.389057,56887.99999999999,32501.008,24386.992187499993,24386.992187499993,42.87
27152,6990.0,214173.0,Nissan,Maxima,,2013.0,6,Sedan,of_Origin_Japan,8.852378886511985,9.016865,6990.000000000002,8239.899,-1249.8994140624982,1249.8994140624982,-17.88
4758,67040.0,726.0,Audi,A5,,2025.0,6,Coupe,baseline_value_here,11.113059651512495,11.264606,67039.99999999997,78010.11,-10970.10937500003,10970.10937500003,-16.36
9515,16950.0,174741.0,Ford,Mustang,Fastback,2015.0,8,Coupe,of_Origin_USA,9.738082108118487,9.921131,16950.00000000001,20355.004,-3405.003906249989,3405.003906249989,-20.09
4340,19500.0,132757.0,Audi,Q5,,2018.0,4,SUV,baseline_value_here,9.87822102528824,9.893458,19500.0,19799.418,-299.41796875,299.41796875,-1.54
16891,66570.0,90.0,MINI,Countryman,,2027.0,4,SUV,of_Origin_UK,11.106024326263507,11.010478,66569.99999999999,60503.8,6066.199218749985,6066.199218749985,9.11
25042,63995.0,22600.0,Porsche,Macan,,2023.0,4,SUV,baseline_value_here,11.066575860388603,10.606451,63995.00000000005,40393.586,23601.41406250005,23601.41406250005,36.88
27543,50268.0,450.0,GMC,Terrain,,2026.0,4,SUV,of_Origin_USA,10.825143863908693,10.886637,50267.99999999997,53456.207,-3188.207031250029,3188.207031250029,-6.34
30558,60425.0,69454.0,Acura,MDX,,2025.0,6,SUV,of_Origin_Japan,11.0091747548762,10.7790785,60425.00000000005,48004.867,12420.132812500051,12420.132812500051,20.55
1344,51889.0,2695.0,Buick,Envision,,2026.0,4,SUV,of_Origin_USA,10.856881372361785,10.853899,51889.00000000001,51734.477,154.52343750000728,154.52343750000728,0.3
28368,14340.0,170158.0,Hyundai,TUCSON,,2021.0,baseline_value_here,baseline_value_here,of_Origin_South Korea,9.570877846729212,9.715229,14340.000000000002,16567.01,-2227.009765624998,2227.009765624998,-15.53
16436,47777.0,11447.0,Lincoln,Corsair,,2024.0,4,SUV,of_Origin_USA,10.7743205614855,10.564389,47776.99999999998,38729.754,9047.246093749978,9047.246093749978,18.94
15569,63999.0,8550.0,Lexus,NX,,2026.0,4,SUV,of_Origin_Japan,11.06663836234181,10.753858,63999.00000000002,46809.258,17189.742187500022,17189.742187500022,26.86
31593,33400.0,27300.0,Mazda,MX-5,Miata RF,2018.0,4,baseline_value_here,of_Origin_Japan,10.416341118636355,9.984328,33399.99999999997,21682.963,11717.03710937497,11717.03710937497,35.08
12028,11888.0,128000.0,Hyundai,Santa,Fe Sport,2016.0,4,SUV,of_Origin_South Korea,9.383368881858544,9.395913,11887.999999999996,12038.078,-150.07812500000364,150.07812500000364,-1.26
5585,22770.0,102000.0,BMW,X3,,2019.0,4,SUV,baseline_value_here,10.033243075528665,10.123483,22770.0,24920.414,-2150.4140625,2150.4140625,-9.44
18573,22594.0,113501.0,Mercedes-Benz,GLC,,2018.0,6,SUV,baseline_value_here,10.02548392184538,10.231472,22593.999999999996,27762.348,-5168.347656250004,5168.347656250004,-22.87
22928,42444.0,10220.0,Toyota,RAV,4 Hybrid,2025.0,4,SUV,of_Origin_Japan,10.655964399172069,10.849519,42444.00000000002,51508.36,-9064.359374999978,9064.359374999978,-21.36
19594,10500.0,184940.0,Mitsubishi,RVR,,2019.0,4,SUV,of_Origin_Japan,9.259225769705994,9.688854,10500.000000000005,16135.744,-5635.7441406249945,5635.7441406249945,-53.67
32300,59995.0,499.0,Ford,Explorer,,2026.0,4,SUV,of_Origin_USA,11.002033172315251,10.903771,59995.00000000005,54380.07,5614.929687500051,5614.929687500051,9.36
24942,27900.0,116158.0,BMW,X5,,2018.0,6,SUV,baseline_value_here,10.236417809461043,10.215235,27899.999999999978,27315.188,584.8124999999782,584.8124999999782,2.1
12655,36695.0,30948.0,Infiniti,QX50,,2023.0,4,SUV,of_Origin_Japan,10.510423036277007,10.374471,36694.999999999985,32030.36,4664.640624999985,4664.640624999985,12.71
32521,2488.0,195551.0,Hyundai,Elantra,GT,2013.0,4,Sedan,of_Origin_South Korea,7.819636302367592,8.604294,2488.000000000001,5454.032,-2966.032226562499,2966.032226562499,-119.21
5479,67898.0,69369.0,BMW,X7,,2021.0,6,SUV,baseline_value_here,11.125776585897835,10.767032,67897.99999999999,47430.016,20467.984374999985,20467.984374999985,30.15
10879,49521.0,14755.0,Genesis,GV70,,2024.0,6,SUV,of_Origin_South Korea,10.810172294265048,10.877007,49520.99999999997,52943.875,-3422.875000000029,3422.875000000029,-6.91
1548,15995.0,127000.0,Mercedes-Benz,CLA,,2017.0,4,Sedan,baseline_value_here,9.680093969966709,9.768934,15995.0,17481.125,-1486.125,1486.125,-9.29
7529,43339.0,25.0,Chevrolet,Blazer,,2025.0,4,SUV,of_Origin_USA,10.67683127509035,10.779867,43339.000000000015,48042.742,-4703.742187499985,4703.742187499985,-10.85
918,30988.0,132000.0,RAM,ProMaster,Cargo Van,2022.0,6,Van,of_Origin_USA,10.341387581787455,10.334283,30988.000000000015,30768.613,219.38671875001455,219.38671875001455,0.71
32641,24495.0,155573.0,Hyundai,Tucson,Hybrid,2022.0,4,SUV,of_Origin_South Korea,10.106265117897465,10.025168,24494.999999999993,22586.873,1908.1269531249927,1908.1269531249927,7.79
26136,26995.0,75249.0,Ford,Bronco,Sport,2023.0,4,SUV,of_Origin_USA,10.203443985863297,10.258668,26994.999999999993,28527.76,-1532.7597656250073,1532.7597656250073,-5.68
979,49000.0,23198.0,Honda,Odyssey,,2024.0,6,Minivan,of_Origin_Japan,10.799595985047786,10.793072,49000.00000000002,48681.348,318.6523437500218,318.6523437500218,0.65
35446,112900.0,29726.0,Porsche,Panamera,,2023.0,6,Sedan,baseline_value_here,11.634266607494453,11.243207,112900.00000000007,76358.445,36541.55468750007,36541.55468750007,32.37
10596,77888.0,10.0,GMC,Sierra,2500HD,2025.0,8,Pickup Truck,of_Origin_USA,11.263040015213013,11.164533,77887.99999999996,70581.16,7306.843749999956,7306.843749999956,9.38
27203,8999.0,181000.0,Subaru,Impreza,,2014.0,4,Sedan,of_Origin_Japan,9.104979856318357,9.148612,8999.000000000004,9400.383,-401.38281249999636,401.38281249999636,-4.46
32362,24987.0,197241.0,Acura,RDX,,2021.0,4,SUV,of_Origin_Japan,10.12615098861346,9.810584,24986.999999999996,18224.629,6762.371093749996,6762.371093749996,27.06
8224,51284.0,15.0,Chrysler,Grand,Caravan,2027.0,6,Minivan,of_Origin_USA,10.84515359074151,10.893158,51283.99999999996,53805.953,-2521.9531250000364,2521.9531250000364,-4.92
22050,33999.0,84700.0,Subaru,Outback,,2023.0,4,SUV,of_Origin_Japan,10.4341158035983,10.227126,33999.00000000003,27641.953,6357.046875000029,6357.046875000029,18.7
17729,27999.0,122690.0,Mazda,CX-5,,2025.0,4,SUV,of_Origin_Japan,10.239959789157341,10.303931,27999.000000000004,29848.734,-1849.7343749999964,1849.7343749999964,-6.61
17361,47998.0,18907.0,MINI,Countryman,,2026.0,4,SUV,of_Origin_UK,10.778935456339678,10.730463,47998.0,45726.86,2271.140625,2271.140625,4.73
26300,33695.0,49505.0,Toyota,Corolla,Cross,2025.0,4,Sedan,of_Origin_Japan,10.425134414933702,10.255829,33694.999999999985,28446.879,5248.121093749985,5248.121093749985,15.58
35422,19987.0,158642.0,GMC,Sierra,1500 Limited,2019.0,8,Pickup Truck,of_Origin_USA,9.902887372464095,10.32639,19986.999999999985,30526.717,-10539.716796875015,10539.716796875015,-52.73
555,52988.0,8021.0,Jeep,Wrangler,,2025.0,6,SUV,of_Origin_USA,10.877839623823553,11.119708,52987.99999999997,67487.2,-14499.20312500003,14499.20312500003,-27.36
16355,5500.0,200000.0,Lincoln,MKZ,,2013.0,6,Sedan,of_Origin_USA,8.612685172875459,8.960734,5500.000000000004,7790.0767,-2290.0766601562464,2290.0766601562464,-41.64
27103,37988.0,77576.0,Audi,A5,Coupe,2023.0,6,Coupe,baseline_value_here,10.545051923118718,11.117177,37988.00000000001,67316.6,-29328.601562499993,29328.601562499993,-77.2
6576,30995.0,38259.0,Buick,Encore,GX,2021.0,4,SUV,of_Origin_USA,10.34161344288384,10.162573,30994.99999999999,25913.887,5081.113281249989,5081.113281249989,16.39
21904,18995.0,129435.0,Subaru,WRX,,2018.0,4,Sedan,of_Origin_Japan,9.851983709669012,9.765737,18994.999999999993,17425.312,1569.6874999999927,1569.6874999999927,8.26
12212,64949.0,6060.0,Hyundai,Palisade,,2026.0,6,SUV,of_Origin_South Korea,11.081373022098745,11.190598,64948.99999999997,72445.055,-7496.054687500029,7496.054687500029,-11.54
33413,18999.0,94649.0,Toyota,Prius,Prime,2018.0,Electric,Hatchback,of_Origin_Japan,9.852194258148577,9.539567,18998.999999999993,13897.928,5101.072265624993,5101.072265624993,26.85
12877,45991.0,38380.0,Infiniti,QX60,,2023.0,6,SUV,of_Origin_Japan,10.736222747303128,10.74506,45991.00000000003,46399.242,-408.2421874999709,408.2421874999709,-0.89
32124,13995.0,109000.0,MINI,Convertible,,2015.0,4,baseline_value_here,of_Origin_UK,9.54652685348758,9.3873415,13995.00000000001,11935.324,2059.675781250009,2059.675781250009,14.72
15404,48999.0,19654.0,Lexus,IS,,2024.0,4,Sedan,of_Origin_Japan,10.799575577092764,10.2971325,48999.0,29646.482,19352.517578125,19352.517578125,39.5
5805,52888.0,76053.0,BMW,X5,,2023.0,6,SUV,baseline_value_here,10.875950656715467,10.908193,52888.000000000015,54621.035,-1733.0351562499854,1733.0351562499854,-3.28
37595,22777.0,114853.0,Chevrolet,Silverado,1500,2017.0,8,Pickup Truck,of_Origin_USA,10.033550436834297,10.241184,22777.000000000007,28033.305,-5256.304687499993,5256.304687499993,-23.08
35651,15995.0,163813.0,Cadillac,XT5,,2017.0,4,SUV,of_Origin_USA,9.680093969966709,9.362614,15995.0,11643.784,4351.2158203125,4351.2158203125,27.2
21896,32888.0,19231.0,Subaru,Crosstrek,,2024.0,4,SUV,of_Origin_Japan,10.40089353434265,10.429213,32888.000000000015,33832.7,-944.6992187499854,944.6992187499854,-2.87
406,59555.0,55435.0,Audi,Q7,,2024.0,6,SUV,baseline_value_here,10.994672325375442,11.070255,59555.00000000004,64230.902,-4675.902343749964,4675.902343749964,-7.85
7784,26614.0,76616.0,Chevrolet,Blazer,,2023.0,4,SUV,of_Origin_USA,10.189230245606858,10.257146,26614.0,28484.37,-1870.369140625,1870.369140625,-7.03
24862,12999.0,168120.0,Honda,CR-V,,2013.0,4,SUV,of_Origin_Japan,9.472704636443673,9.17965,12998.99999999999,9696.761,3302.239257812491,3302.239257812491,25.4
19571,16495.0,78672.0,Mitsubishi,Mirage,,2022.0,3,Hatchback,of_Origin_Japan,9.71087320625674,9.620496,16494.999999999996,15069.52,1425.4804687499964,1425.4804687499964,8.64
849,18499.0,90513.0,Infiniti,Q50,,2019.0,6,Sedan,of_Origin_Japan,9.825526011066415,10.26879,18498.999999999985,28818.002,-10319.001953125015,10319.001953125015,-55.78
11149,28888.0,19544.0,Honda,Civic,Sedan,2024.0,4,Sedan,of_Origin_Japan,10.271216178807896,10.253594,28888.00000000001,28383.383,504.6171875000109,504.6171875000109,1.75
24935,129974.0,35260.0,Land,Rover,Range Rover,2023.0,6,SUV,baseline_value_here,11.775097403251916,11.081601,129973.99999999993,64963.816,65010.18359374993,65010.18359374993,50.02
33271,26800.0,186000.0,Toyota,4-Runner,,2015.0,6,SUV,of_Origin_Japan,10.196194479235656,9.533661,26800.000000000022,13816.081,12983.918945312522,12983.918945312522,48.45
11976,27950.0,52000.0,Hyundai,Sonata,,2024.0,4,Sedan,of_Origin_South Korea,10.238208256118535,10.147906,27950.0,25536.578,2413.421875,2413.421875,8.63
32775,42929.0,48495.0,Volvo,XC40,,2024.0,4,SUV,of_Origin_Sweden,10.667326161218606,10.680319,42928.99999999997,43490.414,-561.4140625000291,561.4140625000291,-1.31
36833,21995.0,138116.0,Toyota,Camry,,2020.0,4,Sedan,of_Origin_Japan,9.998615897627705,9.866128,21994.999999999985,19265.594,2729.4062499999854,2729.4062499999854,12.41
38375,119999.0,43000.0,Audi,TT,RS,2019.0,4,Coupe,baseline_value_here,11.695247021764184,10.54317,119999.00000000006,37916.574,82082.42578125006,82082.42578125006,68.4
37122,18900.0,13800.0,Mitsubishi,Mirage,,2024.0,3,Hatchback,of_Origin_Japan,9.846970109700957,9.959903,18900.000000000004,21159.738,-2259.7382812499964,2259.7382812499964,-11.96
18712,29888.0,113000.0,Mercedes-Benz,C-Class,Coupe,2017.0,4,Sedan,baseline_value_here,10.305245798712965,9.790813,29887.99999999998,17867.836,12020.164062499982,12020.164062499982,40.22
20284,14777.0,130000.0,Nissan,Rogue,,2018.0,4,SUV,of_Origin_Japan,9.600894867348593,9.830212,14777.000000000004,18585.887,-3808.8867187499964,3808.8867187499964,-25.78
16459,1236.0,49000.0,Lincoln,Aviator,,2023.0,6,SUV,of_Origin_USA,7.1204443723924875,10.799334,1235.9999999999995,48987.145,-47751.14453125,47751.14453125,-3863.36
15280,24888.0,100850.0,Lexus,NX,,2017.0,4,SUV,of_Origin_Japan,10.122181217776706,9.815039,24887.999999999985,18305.998,6582.001953124985,6582.001953124985,26.45
30102,13995.0,127000.0,Nissan,Sentra,,2019.0,4,Sedan,of_Origin_Japan,9.54652685348758,9.832447,13995.00000000001,18627.482,-4632.482421874991,4632.482421874991,-33.1
4038,36000.0,84130.0,Acura,RDX,,2022.0,4,SUV,of_Origin_Japan,10.491301994830229,10.233735,35999.99999999998,27825.25,8174.749999999978,8174.749999999978,22.71
10045,52966.0,19808.0,GMC,Canyon,,2024.0,4,Pickup Truck,of_Origin_USA,10.8774243571031,10.683414,52966.00000000001,43625.258,9340.742187500007,9340.742187500007,17.64
22194,23488.0,73056.0,Subaru,Crosstrek,,2019.0,4,SUV,of_Origin_Japan,10.064287505439836,10.060393,23488.00000000001,23396.707,91.29296875001091,91.29296875001091,0.39
5480,50900.0,17615.0,BMW,5,Series,2023.0,baseline_value_here,baseline_value_here,baseline_value_here,10.837637848711049,10.974422,50899.999999999985,58361.13,-7461.128906250015,7461.128906250015,-14.66
742,29999.0,25489.0,Cadillac,CT5,,2020.0,4,Sedan,of_Origin_USA,10.308952660644293,10.068054,29999.000000000007,23576.643,6422.357421875007,6422.357421875007,21.41
27582,29888.0,95929.0,Toyota,Prius,,2024.0,4,Hatchback,of_Origin_Japan,10.305245798712965,10.395354,29887.99999999998,32706.322,-2818.322265625018,2818.322265625018,-9.43
27843,15950.0,119871.0,Ford,Escape,,2018.0,4,SUV,of_Origin_USA,9.677276802172448,9.74116,15950.000000000004,17002.26,-1052.2597656249964,1052.2597656249964,-6.6
288,37600.0,29462.0,Honda,CR-V,,2024.0,4,SUV,of_Origin_Japan,10.534785924769006,10.436133,37599.99999999998,34067.668,3532.332031249978,3532.332031249978,9.39
8997,58980.0,10501.0,Dodge,Challenger,,2023.0,6,Coupe,of_Origin_USA,10.984970637125501,11.143519,58980.000000000044,69113.47,-10133.468749999956,10133.468749999956,-17.18
14148,14995.0,121564.0,Kia,Soul,,2021.0,4,Hatchback,of_Origin_South Korea,9.615538777855802,9.56584,14994.999999999989,14267.931,727.0693359374891,727.0693359374891,4.85
17380,32800.0,8946.0,MINI,5,Door,2025.0,baseline_value_here,baseline_value_here,of_Origin_UK,10.39821428171237,10.68384,32800.00000000002,43643.816,-10843.816406249978,10843.816406249978,-33.06
11050,34321.0,47182.0,Honda,CR-V,,2024.0,4,SUV,of_Origin_Japan,10.443541826962248,10.3987255,34320.99999999998,32816.773,1504.2265624999782,1504.2265624999782,4.38
9179,66019.0,3360.0,Dodge,Durango,,2026.0,6,SUV,of_Origin_USA,11.097713005407185,11.224592,66019.00000000004,74950.18,-8931.179687499956,8931.179687499956,-13.53
9245,92441.0,28433.0,Ford,F-150,,2025.0,6,Pickup Truck,of_Origin_USA,11.43433669980983,11.117744,92440.99999999997,67354.81,25086.18749999997,25086.18749999997,27.14
38034,26888.0,55132.0,Kia,Sportage,,2023.0,4,SUV,of_Origin_South Korea,10.199472560025471,10.254953,26888.0,28421.984,-1533.984375,1533.984375,-5.71
25197,26900.0,63956.0,Mazda,CX-30,,2023.0,4,SUV,of_Origin_Japan,10.199918739620157,10.341745,26900.000000000004,30999.09,-4099.089843749996,4099.089843749996,-15.24
12188,19888.0,81000.0,Hyundai,Elantra,,2022.0,4,Sedan,of_Origin_South Korea,9.897922094063247,9.960946,19888.000000000015,21181.826,-1293.8261718749854,1293.8261718749854,-6.51
1630,33987.0,42148.0,Volkswagen,Golf,GTI,2024.0,4,Hatchback,baseline_value_here,10.433762800123432,10.728895,33987.00000000001,45655.223,-11668.222656249993,11668.222656249993,-34.33
8822,16888.0,130265.0,Dodge,Charger,,2016.0,8,Sedan,of_Origin_USA,9.734417801417921,10.081025,16887.999999999996,23884.459,-6996.458984375004,6996.458984375004,-41.43
32478,34409.0,21263.0,Ford,Bronco,Sport,2024.0,4,SUV,of_Origin_USA,10.446102498791525,10.429444,34408.99999999997,33840.54,568.4609374999709,568.4609374999709,1.65
37179,53550.0,36294.0,Acura,Integra,,2024.0,4,Hatchback,of_Origin_Japan,10.888389749837856,10.602247,53549.99999999997,40224.133,13325.86718749997,13325.86718749997,24.88
17253,22998.0,61538.0,MINI,3,Door,2023.0,baseline_value_here,baseline_value_here,of_Origin_UK,10.043206015705211,10.336064,22998.00000000002,30823.477,-7825.476562499982,7825.476562499982,-34.03
17320,44995.0,23214.0,MINI,3,Door,2024.0,baseline_value_here,baseline_value_here,of_Origin_UK,10.714328875912717,10.533104,44995.00000000001,37536.81,7458.191406250007,7458.191406250007,16.58
27241,11599.0,148161.0,Kia,Sportage,,2015.0,4,SUV,of_Origin_South Korea,9.358760377094455,9.15487,11598.999999999993,9459.4,2139.5996093749927,2139.5996093749927,18.45
29941,13999.0,80488.0,Chevrolet,Equinox,,2021.0,4,SUV,of_Origin_USA,9.546812608597396,10.094023,13999.0,24196.94,-10197.939453125,10197.939453125,-72.85
13040,54764.0,90.0,Infiniti,QX50,,2025.0,4,SUV,of_Origin_Japan,10.910806582757846,10.9166975,54763.99999999997,55087.566,-323.5664062500291,323.5664062500291,-0.59
32010,14995.0,91000.0,Audi,Q3,,2015.0,4,SUV,baseline_value_here,9.615538777855802,9.667802,14994.999999999989,15799.579,-804.5791015625109,804.5791015625109,-5.37
21105,108223.0,3210.0,RAM,1500,,2026.0,baseline_value_here,baseline_value_here,of_Origin_USA,11.591958432258252,11.176713,108223.00000000001,71446.125,36776.875000000015,36776.875000000015,33.98
23640,30555.0,33112.0,Volkswagen,Taos,,2024.0,4,SUV,baseline_value_here,10.32731634466125,10.617118,30555.0,40826.773,-10271.7734375,10271.7734375,-33.62
17499,5500.0,254690.0,MINI,Clubman,,2016.0,4,Wagon,of_Origin_UK,8.612685172875459,8.979642,5500.000000000004,7938.7886,-2438.7885742187464,2438.7885742187464,-44.34
12994,10900.0,172000.0,Infiniti,QX30,,2018.0,4,SUV,of_Origin_Japan,9.296609807128359,9.575106,10900.000000000004,14400.76,-3500.7597656249964,3500.7597656249964,-32.12
17213,9995.0,126500.0,MINI,3,Door,2015.0,baseline_value_here,baseline_value_here,of_Origin_UK,9.209940291954844,9.203608,9995.00000000001,9931.898,63.101562500009095,63.101562500009095,0.63
25616,23521.0,50476.0,Hyundai,Elantra,,2023.0,4,Sedan,of_Origin_South Korea,10.065691432410983,10.084457,23521.000000000022,23966.58,-445.5800781249782,445.5800781249782,-1.89
9031,32888.0,72210.0,Dodge,Charger,,2023.0,6,Sedan,of_Origin_USA,10.40089353434265,10.654038,32888.000000000015,42362.332,-9474.332031249985,9474.332031249985,-28.81
33599,38488.0,28206.0,Chrysler,Grand,Caravan,2024.0,6,Minivan,of_Origin_USA,10.55812776516606,10.668066,38488.00000000002,42960.773,-4472.773437499978,4472.773437499978,-11.62
24475,58740.0,988.0,Volvo,XC40,,2026.0,4,SUV,of_Origin_Sweden,10.98089322878203,11.197962,58740.000000000044,72980.54,-14240.539062499956,14240.539062499956,-24.24
13890,22571.0,62568.0,Kia,K4,,2025.0,4,Sedan,of_Origin_South Korea,10.02446547908903,10.150193,22571.000000000004,25595.047,-3024.0468749999964,3024.0468749999964,-13.4
35011,47995.0,28676.0,Kia,Carnival,,2024.0,4,Minivan,of_Origin_South Korea,10.77887295308428,10.630179,47995.00000000001,41363.547,6631.453125000007,6631.453125000007,13.82
19466,19373.0,148478.0,Mitsubishi,Outlander,,2020.0,4,SUV,of_Origin_Japan,9.871687239986331,9.953516,19373.000000000015,21025.02,-1652.0195312499854,1652.0195312499854,-8.53
3042,35900.0,27552.0,Honda,Civic,Hatchback,2025.0,4,Sedan,of_Origin_Japan,10.488520429241627,10.529534,35900.00000000002,37403.055,-1503.0546874999782,1503.0546874999782,-4.19
25279,15995.0,148000.0,Volkswagen,Atlas,,2019.0,4,SUV,baseline_value_here,9.680093969966709,9.87295,15995.0,19397.473,-3402.47265625,3402.47265625,-21.27
9546,32998.0,48020.0,Ford,Bronco,Sport,2025.0,4,SUV,of_Origin_USA,10.404232536959167,10.473319,32997.99999999997,35358.383,-2360.382812500029,2360.382812500029,-7.15
32017,14995.0,88000.0,Dodge,Grand,Caravan,2016.0,6,Minivan,of_Origin_USA,9.615538777855802,9.643074,14994.999999999989,15413.656,-418.6562500000109,418.6562500000109,-2.79
12145,27880.0,74897.0,Hyundai,Tucson,Hybrid,2022.0,4,SUV,of_Origin_South Korea,10.235700732236957,10.126612,27879.99999999998,24998.516,2881.484374999982,2881.484374999982,10.34
11351,24995.0,85838.0,Honda,Accord,Hybrid,2020.0,4,Sedan,of_Origin_Japan,10.126471091048971,10.183331,24994.999999999978,26457.441,-1462.4414062500218,1462.4414062500218,-5.85
20622,36450.0,134000.0,Porsche,Cayenne,,2019.0,6,SUV,baseline_value_here,10.503724171902725,10.304575,36449.999999999985,29867.957,6582.042968749985,6582.042968749985,18.06
22333,26990.0,84400.0,Tesla,Model,3,2022.0,Electric,Sedan,of_Origin_USA,10.203258756085228,10.459894,26989.999999999993,34886.86,-7896.859375000007,7896.859375000007,-29.26
27054,26621.0,49096.0,Subaru,Impreza,,2024.0,4,Sedan,of_Origin_Japan,10.189493220606964,10.219905,26620.999999999996,27443.057,-822.0566406250036,822.0566406250036,-3.09
10083,60543.0,72432.0,GMC,Sierra,1500,2024.0,8,Pickup Truck,of_Origin_USA,11.01112565241155,10.844704,60543.000000000015,51260.93,9282.070312500015,9282.070312500015,15.33
6501,27995.0,81907.0,Buick,Envision,,2023.0,4,SUV,of_Origin_USA,10.23981692180943,10.234986,27994.99999999999,27860.088,134.9121093749891,134.9121093749891,0.48
7036,17258.0,116485.0,Cadillac,ATS,Sedan,2018.0,6,Sedan,of_Origin_USA,9.756089025531404,10.0258875,17258.000000000015,22603.121,-5345.121093749985,5345.121093749985,-30.97
13164,65560.0,90.0,Infiniti,QX55,,2025.0,4,SUV,of_Origin_Japan,11.09073628594461,10.9166975,65560.00000000001,55087.566,10472.433593750015,10472.433593750015,15.97
34959,56694.0,140000.0,GMC,Yukon,XL,2022.0,8,SUV,of_Origin_USA,10.945441302405941,10.959412,56694.000000000044,57491.605,-797.6054687499563,797.6054687499563,-1.41
31630,30000.0,54600.0,Ford,Maverick,,2022.0,4,Pickup Truck,of_Origin_USA,10.308985993422082,10.560507,29999.99999999999,38579.676,-8579.675781250011,8579.675781250011,-28.6
34072,40990.0,45278.0,Toyota,RAV,4,2025.0,4,SUV,of_Origin_Japan,10.621107809394994,10.503604,40989.99999999997,36445.617,4544.382812499971,4544.382812499971,11.09
22276,29880.0,135149.0,Tesla,Model,Y,2021.0,Electric,Sedan,of_Origin_USA,10.304978105888882,10.205693,29880.00000000002,27055.79,2824.210937500018,2824.210937500018,9.45
24835,43490.0,34564.0,Volvo,XC60,,2025.0,4,SUV,of_Origin_Sweden,10.680309299119006,10.856562,43489.99999999996,51872.414,-8382.414062500036,8382.414062500036,-19.27
7062,29999.0,104000.0,Cadillac,CT6,,2017.0,6,Sedan,of_Origin_USA,10.308952660644293,9.966329,29999.000000000007,21296.152,8702.847656250007,8702.847656250007,29.01
9581,45087.0,26833.0,Ford,Mustang,Convertible,2025.0,4,baseline_value_here,of_Origin_USA,10.716371414698406,10.521845,45086.99999999996,37116.54,7970.460937499964,7970.460937499964,17.68
2670,30988.0,26974.0,Jeep,Compass,,2024.0,4,SUV,of_Origin_USA,10.341387581787455,10.434773,30988.000000000015,34021.367,-3033.3671874999854,3033.3671874999854,-9.79
25682,44995.0,23517.0,Jeep,Grand,Cherokee L,2023.0,6,SUV,of_Origin_USA,10.714328875912717,10.869757,44995.00000000001,52561.42,-7566.421874999993,7566.421874999993,-16.82
18567,51141.0,20500.0,Mercedes-Benz,GLC,,2024.0,4,SUV,baseline_value_here,10.84236135641054,10.633919,51140.99999999997,41518.51,9622.48828124997,9622.48828124997,18.82
4187,27888.0,100384.0,Acura,MDX,,2018.0,6,SUV,of_Origin_Japan,10.23598762483351,10.080447,27888.00000000002,23870.658,4017.341796875018,4017.341796875018,14.41
17931,19990.0,106601.0,Mazda,CX-5,,2019.0,4,SUV,of_Origin_Japan,9.903037451255743,10.028356,19990.00000000001,22658.979,-2668.978515624989,2668.978515624989,-13.35
30901,8995.0,233260.0,Nissan,Altima,,2016.0,4,Sedan,of_Origin_Japan,9.104535313079205,9.07462,8994.999999999993,8729.869,265.1308593749927,265.1308593749927,2.95
36176,64980.0,31090.0,Chevrolet,Express,Passenger,2025.0,6,Van,of_Origin_USA,11.081850198455246,10.793808,64980.00000000002,48717.203,16262.796875000022,16262.796875000022,25.03
11243,42999.0,20284.0,Honda,CR-V,,2026.0,4,SUV,of_Origin_Japan,10.668955394675699,10.595367,42998.99999999997,39948.34,3050.660156249971,3050.660156249971,7.09
3045,13200.0,126000.0,Nissan,Pathfinder,,2017.0,6,SUV,of_Origin_Japan,9.488047863280759,9.971178,13199.999999999989,21399.682,-8199.681640625011,8199.681640625011,-62.12
32801,7999.0,85483.0,Nissan,Sentra,,2015.0,4,Sedan,of_Origin_Japan,8.987196820661973,9.532653,7999.0,13802.16,-5803.16015625,5803.16015625,-72.55
28538,23495.0,108936.0,Mazda,CX-30,,2021.0,4,SUV,of_Origin_Japan,10.064585472878456,10.121405,23494.999999999993,24868.68,-1373.6796875000073,1373.6796875000073,-5.85
26082,24995.0,44880.0,Volkswagen,Taos,,2024.0,4,SUV,baseline_value_here,10.126471091048971,10.575683,24994.999999999978,39169.637,-14174.636718750022,14174.636718750022,-56.71
30344,35488.0,29800.0,GMC,Terrain,,2024.0,4,SUV,of_Origin_USA,10.476978068292311,10.434165,35488.00000000003,34000.67,1487.328125000029,1487.328125000029,4.19
13964,20400.0,22053.0,Kia,Forte,,2022.0,4,Sedan,of_Origin_South Korea,9.923339198238729,10.08482,20399.999999999993,23975.268,-3575.2675781250073,3575.2675781250073,-17.53
8864,34880.0,49255.0,Dodge,Charger,,2023.0,6,Sedan,of_Origin_USA,10.459697547336718,10.737662,34880.00000000002,46057.258,-11177.257812499978,11177.257812499978,-32.04
18490,19995.0,141250.0,Mercedes-Benz,C-Class,Coupe,2018.0,6,Coupe,baseline_value_here,9.903287532533462,10.093097,19995.00000000001,24174.541,-4179.541015624989,4179.541015624989,-20.9
35427,40981.0,34387.0,Nissan,Frontier,,2023.0,6,Pickup Truck,of_Origin_Japan,10.620888224896778,10.890897,40980.999999999985,53684.42,-12703.421875000015,12703.421875000015,-31.0
29644,24988.0,67905.0,Kia,Seltos,,2024.0,4,SUV,of_Origin_South Korea,10.126191007021934,10.279305,24987.999999999996,29122.639,-4134.638671875004,4134.638671875004,-16.55
17007,55262.0,90.0,MINI,Countryman,,2027.0,4,SUV,of_Origin_UK,10.919858885820327,11.010478,55262.00000000001,60503.8,-5241.800781249993,5241.800781249993,-9.49
33475,30995.0,5771.0,Subaru,Impreza,,2024.0,4,Sedan,of_Origin_Japan,10.34161344288384,10.333681,30994.99999999999,30750.102,244.8984374999891,244.8984374999891,0.79
33978,12750.0,123869.0,Volkswagen,Golf,Standard Model,2018.0,4,Wagon,baseline_value_here,9.453364978883542,9.902308,12750.0,19975.432,-7225.431640625,7225.431640625,-56.67
279,12888.0,136833.0,Audi,A3,,2017.0,4,Sedan,baseline_value_here,9.46412951340478,9.74576,12888.000000000004,17080.648,-4192.648437499996,4192.648437499996,-32.53
203,51495.0,52480.0,RAM,1500,,2022.0,baseline_value_here,baseline_value_here,of_Origin_USA,10.849259413732451,10.687405,51494.999999999956,43799.68,7695.320312499956,7695.320312499956,14.94
7199,84998.0,87138.0,Cadillac,Escalade,,2021.0,8,SUV,of_Origin_USA,11.350394770697367,11.05606,84998.00000000004,63325.543,21672.457031250044,21672.457031250044,25.5
35241,5800.0,184000.0,Honda,Civic,Sedan,2012.0,4,Sedan,of_Origin_Japan,8.665785595466064,8.929458,5799.999999999996,7550.169,-1750.1689453125036,1750.1689453125036,-30.18
36192,31888.0,42659.0,Ford,Edge,,2021.0,4,SUV,of_Origin_USA,10.370016401720026,10.175914,31887.999999999993,26261.932,5626.068359374993,5626.068359374993,17.64
37864,54988.0,30094.0,Kia,EV9,,2024.0,Electric,Sedan,of_Origin_South Korea,10.914888444211941,10.742168,54988.00000000003,46265.27,8722.73046875003,8722.73046875003,15.86
33453,45890.0,499.0,Ford,Bronco,Sport,2026.0,4,SUV,of_Origin_USA,10.734024298391375,10.903771,45890.000000000015,54380.07,-8490.070312499985,8490.070312499985,-18.5
11940,23652.0,62876.0,Hyundai,Kona,,2022.0,4,SUV,of_Origin_South Korea,10.071245235769604,10.169745,23652.00000000002,26100.432,-2448.431640624982,2448.431640624982,-10.35
16255,55297.0,46521.0,Lincoln,Aviator,,2023.0,6,SUV,of_Origin_USA,10.920492020491126,10.8005495,55296.99999999996,49046.746,6250.253906249964,6250.253906249964,11.3
9532,6999.0,217440.0,Ford,Mustang,Convertible,2006.0,6,baseline_value_here,of_Origin_USA,8.85366542803745,8.712051,6998.999999999999,6074.6934,924.3066406249991,924.3066406249991,13.21
14929,103888.0,9513.0,Land,Rover,Range Rover Sport,2025.0,4,SUV,baseline_value_here,11.55107830045275,10.91477,103888.0,54981.496,48906.50390625,48906.50390625,47.08
7066,56990.0,52200.0,Cadillac,Lyriq,,2024.0,Electric,SUV,of_Origin_USA,10.950648639613158,10.82194,56989.99999999996,50107.223,6882.777343749964,6882.777343749964,12.08
2602,18499.0,34373.0,Ford,Ranger,,2009.0,4,Pickup Truck,of_Origin_USA,9.825526011066415,9.25831,18498.999999999985,10490.392,8008.608398437485,8008.608398437485,43.29
33799,36991.0,26000.0,Volvo,XC60,,2022.0,4,SUV,of_Origin_Sweden,10.51845695203205,10.650091,36991.00000000003,42195.44,-5204.441406249971,5204.441406249971,-14.07
22851,54575.0,4526.0,Toyota,RAV,4,2026.0,4,SUV,of_Origin_Japan,10.907349504658427,10.908899,54575.0,54659.65,-84.6484375,84.6484375,-0.16
10166,96999.0,50837.0,GMC,Sierra,3500HD,2024.0,8,Pickup Truck,of_Origin_USA,11.48246625748552,10.884484,96998.99999999997,53341.266,43657.73437499997,43657.73437499997,45.01
19668,3990.0,203000.0,Mitsubishi,Galant,,2009.0,4,Sedan,of_Origin_Japan,8.291797105048733,8.472754,3989.999999999997,4781.6665,-791.6665039062532,791.6665039062532,-19.84
31446,31900.0,65822.0,Tesla,Model,3,2019.0,Electric,Sedan,of_Origin_USA,10.370392636243981,10.293767,31899.99999999999,29546.871,2353.128906249989,2353.128906249989,7.38
14136,36095.0,7188.0,Kia,Seltos,,2025.0,4,SUV,of_Origin_South Korea,10.493937334857732,10.618474,36095.00000000003,40882.18,-4787.179687499971,4787.179687499971,-13.26
29530,61999.0,12960.0,Ford,Explorer,,2026.0,4,SUV,of_Origin_USA,11.03488966402723,10.77334,61999.000000000044,47730.184,14268.816406250044,14268.816406250044,23.01
30053,29995.0,29200.0,Honda,Civic,Hatchback,2024.0,4,Sedan,of_Origin_Japan,10.30881931842128,10.266156,29995.000000000007,28742.191,1252.8085937500073,1252.8085937500073,4.18
22821,40900.0,12002.0,Toyota,RAV,4 Hybrid,2024.0,4,SUV,of_Origin_Japan,10.61890979160975,10.729081,40900.00000000001,45663.715,-4763.714843749993,4763.714843749993,-11.65
27957,11888.0,180237.0,Nissan,Pathfinder,,2018.0,6,SUV,of_Origin_Japan,9.383368881858544,9.770355,11887.999999999996,17505.984,-5617.984375000004,5617.984375000004,-47.26
30883,8821.0,133215.0,Nissan,Versa,,2012.0,4,Sedan,of_Origin_Japan,9.085003880664885,9.119954,8821.000000000004,9134.782,-313.78222656249636,313.78222656249636,-3.56
8029,19900.0,61663.0,Chevrolet,Malibu,,2023.0,4,Sedan,of_Origin_USA,9.898525260706313,10.11857,19899.999999999993,24798.291,-4898.291015625007,4898.291015625007,-24.61
33411,15000.0,230000.0,Audi,S4,,2013.0,6,Sedan,baseline_value_here,9.61587214452889,9.283275,14999.99999999999,10755.599,4244.401367187491,4244.401367187491,28.3
966,48995.0,37231.0,BMW,X3,,2024.0,4,SUV,baseline_value_here,10.799493941107576,10.620491,48994.99999999999,40964.727,8030.273437499993,8030.273437499993,16.39
29419,12995.0,121222.0,Nissan,Frontier,,2013.0,6,Pickup Truck,of_Origin_Japan,9.472396896788991,9.856796,12995.000000000005,19086.639,-6091.6386718749945,6091.6386718749945,-46.88
13145,41982.0,25.0,Infiniti,QX50,,2025.0,4,SUV,of_Origin_Japan,10.645020053422533,10.789602,41982.00000000001,48512.74,-6530.738281249993,6530.738281249993,-15.56
22986,48741.0,35226.0,Toyota,Tacoma,,2024.0,4,Pickup Truck,of_Origin_Japan,10.794296360395592,10.787875,48741.0,48429.02,311.98046875,311.98046875,0.64
2800,36990.0,94253.0,Volvo,XC90,,2022.0,4,SUV,of_Origin_Sweden,10.518429918794682,10.454045,36990.0,34683.4,2306.6015625,2306.6015625,6.24
35818,24499.0,33806.0,Volkswagen,Jetta,,2023.0,4,Sedan,baseline_value_here,10.106428396532818,10.419717,24499.0,33512.94,-9013.94140625,9013.94140625,-36.79
4542,116800.0,45774.0,Audi,RS6,Avant,2023.0,6,Wagon,baseline_value_here,11.66822691098345,11.119245,116800.00000000007,67455.93,49344.07031250007,49344.07031250007,42.25
13196,54340.0,90.0,Infiniti,QX50,,2025.0,4,SUV,of_Origin_Japan,10.903034285460993,10.9166975,54339.999999999985,55087.566,-747.5664062500146,747.5664062500146,-1.38
22243,24388.0,97600.0,Tesla,Model,3,2021.0,Electric,Sedan,of_Origin_USA,10.101887489959422,10.345281,24387.999999999996,31108.877,-6720.876953125004,6720.876953125004,-27.56
27846,29000.0,79116.0,Ford,F-150,,2019.0,6,Pickup Truck,of_Origin_USA,10.275085591132715,10.450894,28999.999999999996,34574.285,-5574.285156250004,5574.285156250004,-19.22
25266,12750.0,182062.0,Hyundai,Tucson,,2020.0,4,SUV,of_Origin_South Korea,9.453364978883542,9.578124,12750.0,14444.295,-1694.294921875,1694.294921875,-13.29
17625,9990.0,96144.0,Mazda,Mazda3,,2013.0,4,Sedan,of_Origin_Japan,9.209439966733019,9.394805,9990.0,12024.744,-2034.744140625,2034.744140625,-20.37
34106,14999.0,150000.0,GMC,Terrain,,2018.0,4,SUV,of_Origin_USA,9.615805480084347,9.580621,14999.000000000004,14480.406,518.5937500000036,518.5937500000036,3.46
38273,13495.0,118339.0,Volkswagen,Jetta,Sedan,2017.0,4,Sedan,baseline_value_here,9.510148624225804,9.781135,13495.000000000002,17695.72,-4200.720703124998,4200.720703124998,-31.13
35763,15000.0,160129.0,RAM,1500,,2014.0,baseline_value_here,baseline_value_here,of_Origin_USA,9.61587214452889,9.368822,14999.99999999999,11716.305,3283.695312499991,3283.695312499991,21.89
29584,14950.0,158000.0,Ford,Explorer,,2016.0,6,SUV,of_Origin_USA,9.612533466213927,9.629866,14949.999999999987,15211.393,-261.39257812501273,261.39257812501273,-1.75
34004,35953.0,25465.0,Mazda,CX-5,,2024.0,4,SUV,of_Origin_Japan,10.489995622606362,10.4436,35953.00000000001,34322.99,1630.0117187500073,1630.0117187500073,4.53
13308,39565.0,75880.0,Jeep,Wrangler,,2023.0,6,SUV,of_Origin_USA,10.585725442588037,10.696889,39565.0,44217.074,-4652.07421875,4652.07421875,-11.76
22120,31388.0,40363.0,Subaru,WRX,,2023.0,4,Sedan,of_Origin_Japan,10.354212792049157,10.404972,31388.00000000001,33022.414,-1634.414062499989,1634.414062499989,-5.21
13467,59395.0,1450.0,Jeep,Grand,Cherokee,2025.0,6,SUV,of_Origin_USA,10.991982163015953,11.124706,59395.000000000044,67825.37,-8430.367187499956,8430.367187499956,-14.19
14754,108895.0,7150.0,Land,Rover,Range Rover Sport,2024.0,4,SUV,baseline_value_here,11.598148577300632,10.706568,108895.0,44647.133,64247.8671875,64247.8671875,59.0
34845,15995.0,98616.0,Nissan,Rogue,,2018.0,4,SUV,of_Origin_Japan,9.680093969966709,9.899969,15995.0,19928.754,-3933.75390625,3933.75390625,-24.59
1220,44200.0,14895.0,GMC,Sierra,1500,2024.0,8,Pickup Truck,of_Origin_USA,10.69650269224425,10.985529,44200.00000000001,59012.938,-14812.937499999993,14812.937499999993,-33.51
18715,67886.0,42360.0,Mercedes-Benz,GLE,,2024.0,6,SUV,baseline_value_here,11.125599837189851,11.090208,67886.00000000006,65525.38,2360.621093750058,2360.621093750058,3.48
34995,4600.0,231000.0,BMW,3,Series,2006.0,baseline_value_here,baseline_value_here,baseline_value_here,8.434028950155469,8.824783,4600.0,6799.717,-2199.716796875,2199.716796875,-47.82
11819,23450.0,67000.0,Hyundai,Elantra,Hybrid,2023.0,4,Sedan,of_Origin_South Korea,10.06266841688844,10.193918,23450.00000000001,26739.064,-3289.064453124989,3289.064453124989,-14.03
29647,2995.0,290416.0,Buick,Enclave,,2011.0,6,SUV,of_Origin_USA,8.005033344637111,8.2254305,2995.0000000000023,3733.7288,-738.7287597656227,738.7287597656227,-24.67
38756,32490.0,75377.0,Toyota,Camry,,2023.0,4,Sedan,of_Origin_Japan,10.38871840689063,10.111471,32490.000000000004,24622.86,7867.140625000004,7867.140625000004,24.21
17978,30988.0,51946.0,Mazda,CX-5,,2022.0,4,SUV,of_Origin_Japan,10.341387581787455,10.337175,30988.000000000015,30857.742,130.25781250001455,130.25781250001455,0.42
3690,60728.0,1660.0,Acura,RDX,,2026.0,4,SUV,of_Origin_Japan,11.014176622429687,10.774171,60728.00000000002,47769.848,12958.152343750022,12958.152343750022,21.34
6581,26777.0,63694.0,Buick,Envision,,2022.0,4,SUV,of_Origin_USA,10.195335933857326,10.261601,26777.000000000022,28611.57,-1834.5703124999782,1834.5703124999782,-6.85
32728,44988.0,19000.0,Honda,CR-V,Hybrid,2025.0,4,SUV,of_Origin_Japan,10.7141732944266,10.7866125,44987.99999999999,48367.91,-3379.9101562500073,3379.9101562500073,-7.51
8235,51687.0,7.0,Chrysler,Grand,Caravan,2027.0,6,Minivan,of_Origin_USA,10.852980925238,10.899387,51686.999999999956,54142.184,-2455.1835937500437,2455.1835937500437,-4.75
21226,39980.0,53170.0,RAM,2500,,2020.0,baseline_value_here,baseline_value_here,of_Origin_USA,10.596159620247837,10.564278,39980.00000000002,38725.434,1254.5664062500218,1254.5664062500218,3.14
8931,70281.0,594.0,Dodge,Durango,,2025.0,6,SUV,of_Origin_USA,11.160270999494303,11.125094,70281.00000000004,67851.695,2429.3046875000437,2429.3046875000437,3.46
35190,3000.0,238.0,Volkswagen,Golf,City,2007.0,4,Hatchback,baseline_value_here,8.006700845440367,8.235309,2999.9999999999995,3770.804,-770.8039550781255,770.8039550781255,-25.69
29872,5000.0,105876.0,Chevrolet,Spark,,2013.0,4,Hatchback,of_Origin_USA,8.517393171418904,8.710438,5000.000000000003,6064.8975,-1064.8974609374973,1064.8974609374973,-21.3
36934,35988.0,61966.0,Volkswagen,Atlas,,2023.0,4,SUV,baseline_value_here,10.49096861519108,10.520576,35987.999999999985,37069.453,-1081.4531250000146,1081.4531250000146,-3.01
4370,44995.0,424.0,Audi,A4,Sedan,2025.0,4,Sedan,baseline_value_here,10.714328875912717,10.679293,44995.00000000001,43445.81,1549.1914062500073,1549.1914062500073,3.44
18734,60900.0,19958.0,Mercedes-Benz,EQE,,2024.0,Electric,SUV,baseline_value_here,11.017004873924424,11.006341,60900.000000000044,60254.008,645.9921875000437,645.9921875000437,1.06
10840,67500.0,5000.0,Genesis,GV70,,2026.0,6,SUV,of_Origin_South Korea,11.119897691565697,11.206265,67499.99999999996,73589.08,-6089.078125000044,6089.078125000044,-9.02
2606,15985.0,119000.0,Ford,Escape,,2022.0,4,SUV,of_Origin_USA,9.679468618185965,10.078289,15985.000000000004,23819.195,-7834.195312499996,7834.195312499996,-49.01
151,31777.0,60000.0,Toyota,Prius,,2024.0,4,Hatchback,of_Origin_Japan,10.366529505448312,10.524321,31777.000000000004,37208.547,-5431.546874999996,5431.546874999996,-17.09
28678,11999.0,103705.0,Nissan,Sentra,,2016.0,4,Sedan,of_Origin_Japan,9.392661928770137,9.561189,11998.999999999993,14201.719,-2202.7187500000073,2202.7187500000073,-18.36
20774,114990.0,21477.0,Porsche,Cayenne,,2025.0,6,SUV,baseline_value_here,11.65260914341328,11.200442,114989.99999999991,73161.8,41828.20312499991,41828.20312499991,36.38
11897,7990.0,139186.0,Hyundai,Elantra,,2015.0,4,Sedan,of_Origin_South Korea,8.986071187374463,9.024521,7990.0000000000055,8303.234,-313.23437499999454,313.23437499999454,-3.92
32250,36472.0,10.0,Honda,HR-V,,2027.0,4,SUV,of_Origin_Japan,10.504327539810888,10.602461,36471.99999999997,40232.727,-3760.726562500029,3760.726562500029,-10.31
7889,11995.0,239063.0,Chevrolet,Equinox,,2023.0,4,SUV,of_Origin_USA,9.392328539868899,9.737299,11994.99999999999,16936.73,-4941.730468750009,4941.730468750009,-41.2
29586,24900.0,181000.0,Audi,Q7,,2018.0,6,SUV,baseline_value_here,10.122663242288953,9.92339,24900.00000000001,20401.045,4498.955078125011,4498.955078125011,18.07
13636,38788.0,100709.0,Jeep,Grand,Cherokee 4xe,2022.0,Electric,SUV,of_Origin_USA,10.565891980261542,10.470511,38787.99999999999,35259.246,3528.7539062499927,3528.7539062499927,9.1
32852,26795.0,121040.0,Ford,Mustang,Mach-E,2021.0,Electric,SUV,of_Origin_USA,10.196007901628159,10.324141,26795.00000000001,30458.115,-3663.115234374989,3663.115234374989,-13.67
31802,31989.0,73768.0,RAM,1500,Classic,2021.0,baseline_value_here,baseline_value_here,of_Origin_USA,10.373178632943564,10.512246,31988.999999999996,36761.96,-4772.960937500004,4772.960937500004,-14.92
7888,5788.0,104037.0,Chevrolet,Cruze,,2015.0,4,Sedan,of_Origin_USA,8.663714844079005,9.2407875,5788.0,10308.154,-4520.154296875,4520.154296875,-78.1
34806,51798.0,13908.0,Acura,RDX,,2025.0,4,SUV,of_Origin_Japan,10.855126123041925,10.657757,51798.000000000015,42520.15,9277.851562500015,9277.851562500015,17.91
34844,26000.0,115000.0,Lexus,NX,,2019.0,4,SUV,of_Origin_Japan,10.165890277802454,9.9648695,25999.999999999985,21265.1,4734.900390624985,4734.900390624985,18.21
20534,29388.0,16526.0,Nissan,Rogue,,2024.0,4,SUV,of_Origin_Japan,10.288375733655462,10.468244,29388.00000000002,35179.37,-5791.371093749982,5791.371093749982,-19.71
22007,6980.0,207687.0,Subaru,Impreza,,2012.0,4,Sedan,of_Origin_Japan,8.850947451970402,8.785027,6980.000000000005,6534.6465,445.35351562500455,445.35351562500455,6.38
27686,1499.0,220247.0,Volkswagen,Jetta,Sedan,2014.0,4,Sedan,baseline_value_here,7.313220387090301,8.817456,1499.0,6750.07,-5251.06982421875,5251.06982421875,-350.3
1559,27995.0,17000.0,Toyota,Corolla,Sedan,2025.0,4,Sedan,of_Origin_Japan,10.23981692180943,10.322444,27994.99999999999,30406.482,-2411.482421875011,2411.482421875011,-8.61
1572,24725.0,77635.0,Jeep,Wrangler,,2020.0,6,SUV,of_Origin_USA,10.115610600566873,10.495515,24725.000000000015,36151.99,-11426.988281249985,11426.988281249985,-46.22
29939,17900.0,98414.0,Jaguar,F-Pace,,2018.0,4,SUV,of_Origin_UK,9.792611856190192,9.834677,17900.0,18669.066,-769.06640625,769.06640625,-4.3
38215,11000.0,183400.0,Mercedes-Benz,E-Class,,2011.0,6,Sedan,baseline_value_here,9.305741456739435,9.2834835,10999.999999999993,10757.845,242.15527343749272,242.15527343749272,2.2
11253,20390.0,81572.0,Honda,Civic,Sedan,2021.0,4,Sedan,of_Origin_Japan,9.922848906014748,10.025339,20389.999999999996,22590.729,-2200.7285156250036,2200.7285156250036,-10.79
22590,36990.0,123217.0,Tesla,Model,Y,2023.0,Electric,Sedan,of_Origin_USA,10.518429918794682,10.387437,36990.0,32448.389,4541.611328125,4541.611328125,12.28
12181,35488.0,13152.0,Hyundai,Tucson,,2025.0,4,SUV,of_Origin_South Korea,10.476978068292311,10.595234,35488.00000000003,39943.008,-4455.007812499971,4455.007812499971,-12.55
11037,25995.0,86829.0,Honda,Accord,Sedan,2020.0,4,Sedan,of_Origin_Japan,10.16569795901424,10.003542,25995.00000000002,22103.621,3891.378906250018,3891.378906250018,14.97
2601,59888.0,33139.0,Ford,F-150,,2022.0,6,Pickup Truck,of_Origin_USA,11.000248127840763,10.841506,59887.99999999997,51097.273,8790.72656249997,8790.72656249997,14.68
38623,26488.0,142835.0,GMC,Sierra,1500,2017.0,8,Pickup Truck,of_Origin_USA,10.184484831459187,10.184936,26487.999999999993,26499.941,-11.941406250007276,11.941406250007276,-0.05
25454,23778.0,17577.0,Mazda,Mazda3,Sport,2022.0,4,Sedan,of_Origin_Japan,10.076558117215898,10.202687,23778.000000000015,26974.58,-3196.5800781249854,3196.5800781249854,-13.44
33775,81867.0,12885.0,Mercedes-Benz,GLE,,2024.0,6,SUV,baseline_value_here,11.31286347309934,11.2376995,81866.99999999996,75939.055,5927.945312499956,5927.945312499956,7.24
17892,33788.0,49011.0,Mazda,CX-5,,2025.0,4,SUV,of_Origin_Japan,10.427890584715806,10.500068,33787.99999999999,36316.96,-2528.9609375000073,2528.9609375000073,-7.48
22444,44900.0,40060.0,Tesla,Model,S,2018.0,Electric,Sedan,of_Origin_USA,10.712215345197256,10.3525095,44899.99999999997,31334.58,13565.41992187497,13565.41992187497,30.21
21103,48888.0,150.0,RAM,ProMaster,Cargo Van,2025.0,6,Van,of_Origin_USA,10.797307701282914,10.858191,48887.99999999999,51956.977,-3068.9765625000073,3068.9765625000073,-6.28
11095,27950.0,119000.0,Honda,Accord,Sedan,2021.0,4,Sedan,of_Origin_Japan,10.238208256118535,9.973683,27950.0,21453.363,6496.63671875,6496.63671875,23.24
19506,33998.0,50299.0,Mitsubishi,Outlander,,2023.0,4,SUV,of_Origin_Japan,10.434086391401058,10.364835,33997.99999999999,31723.191,2274.8085937499927,2274.8085937499927,6.69
19391,31888.0,58500.0,Mitsubishi,Outlander,Plug-In Hybrid,2022.0,Electric,SUV,of_Origin_Japan,10.370016401720026,10.611422,31887.999999999993,40594.867,-8706.867187500007,8706.867187500007,-27.3
55,47998.0,62156.0,Hyundai,Palisade,,2025.0,6,SUV,of_Origin_South Korea,10.778935456339678,10.840605,47998.0,51051.242,-3053.2421875,3053.2421875,-6.36
880,23498.0,53123.0,Volkswagen,Taos,,2022.0,4,SUV,baseline_value_here,10.064713146035349,10.512076,23498.000000000007,36755.723,-13257.722656249993,13257.722656249993,-56.42
28080,10999.0,209325.0,Honda,Odyssey,,2014.0,6,Minivan,of_Origin_Japan,9.305650551780507,9.306473,10998.999999999998,11008.048,-9.047851562501819,9.047851562501819,-0.08
32637,17995.0,94616.0,Nissan,Rogue,,2020.0,4,SUV,of_Origin_Japan,9.797904789961063,10.119426,17994.999999999996,24819.514,-6824.513671875004,6824.513671875004,-37.92
4386,35998.0,69989.0,Audi,Q5,,2023.0,4,SUV,baseline_value_here,10.49124643927466,10.493472,35998.0,36078.21,-80.2109375,80.2109375,-0.22
2735,15999.0,108000.0,Honda,Civic,Hatchback,2017.0,4,Sedan,of_Origin_Japan,9.680344001221918,9.727776,15999.000000000002,16776.191,-777.1914062499982,777.1914062499982,-4.86
34129,20495.0,103172.0,Honda,Civic,Sedan,2021.0,4,Sedan,of_Origin_Japan,9.927985024136515,9.989053,20494.99999999998,21785.652,-1290.6523437500182,1290.6523437500182,-6.3
1004,16887.0,22791.0,Kia,Forte,,2021.0,4,Sedan,of_Origin_South Korea,9.734358589528156,9.991416,16886.999999999996,21837.2,-4950.199218750004,4950.199218750004,-29.31
26609,18988.0,93000.0,Audi,Q5,,2015.0,4,SUV,baseline_value_here,9.851615143125416,9.660724,18987.99999999999,15688.135,3299.865234374989,3299.865234374989,17.38
30321,19592.0,74617.0,Subaru,Outback,,2016.0,4,SUV,of_Origin_Japan,9.882927638570767,9.724393,19591.999999999993,16719.535,2872.4648437499927,2872.4648437499927,14.66
7022,25988.0,99559.0,Cadillac,XT5,,2019.0,4,SUV,of_Origin_USA,10.16542865055825,9.924613,25987.999999999985,20426.004,5561.996093749985,5561.996093749985,21.4
9567,14999.0,118094.0,Ford,Escape,,2018.0,4,SUV,of_Origin_USA,9.615805480084347,9.738787,14999.000000000004,16961.947,-1962.9472656249964,1962.9472656249964,-13.09
27936,41888.0,37800.0,Audi,A5,,2025.0,6,Coupe,baseline_value_here,10.642778541610305,11.044468,41888.00000000002,62595.707,-20707.707031249978,20707.707031249978,-49.44
12144,11990.0,188504.0,Hyundai,Elantra,,2021.0,4,Sedan,of_Origin_South Korea,9.391911647379434,9.454868,11990.00000000001,12769.184,-779.1835937499909,779.1835937499909,-6.5
9493,23885.0,95488.0,Ford,Escape,,2020.0,4,SUV,of_Origin_USA,10.081047792228372,10.025696,23884.999999999985,22598.787,1286.2128906249854,1286.2128906249854,5.39
29789,30999.0,114688.0,BMW,4,Series Gran Coupe,2018.0,baseline_value_here,baseline_value_here,baseline_value_here,10.341742483467284,10.149196,30999.000000000022,25569.527,5429.472656250022,5429.472656250022,17.51
13459,31999.0,84053.0,Jeep,Wrangler,Unlimited,2021.0,6,SUV,of_Origin_USA,10.373491181781864,10.476613,31999.000000000007,35475.047,-3476.0468749999927,3476.0468749999927,-10.86
19296,35688.0,67082.0,Mitsubishi,Outlander,,2024.0,4,SUV,of_Origin_Japan,10.482597797038709,10.354387,35688.0,31393.479,4294.521484375,4294.521484375,12.03
31433,17899.0,55267.0,Nissan,Qashqai,,2020.0,4,SUV,of_Origin_Japan,9.792555991828847,10.233115,17899.000000000007,27808.006,-9909.005859374993,9909.005859374993,-55.36
10380,79343.0,8685.0,GMC,Sierra,1500,2026.0,8,Pickup Truck,of_Origin_USA,11.281548108728915,11.281152,79342.99999999997,79311.56,31.437499999970896,31.437499999970896,0.04
12959,19992.0,121500.0,Infiniti,Q50,,2019.0,6,Sedan,of_Origin_Japan,9.903137491271833,10.113926,19992.000000000007,24683.38,-4691.380859374993,4691.380859374993,-23.47
37287,74899.0,3680.0,Mercedes-Benz,GLC,,2026.0,4,SUV,baseline_value_here,11.22390916950531,10.989892,74898.99999999994,59270.984,15628.015624999942,15628.015624999942,20.87
16124,51900.0,123953.0,Lincoln,Navigator,,2019.0,6,SUV,of_Origin_USA,10.857093336791094,10.187361,51899.99999999998,26564.291,25335.708984374978,25335.708984374978,48.82
19479,15000.0,152895.0,Mitsubishi,RVR,,2018.0,4,SUV,of_Origin_Japan,9.61587214452889,9.730069,14999.99999999999,16814.715,-1814.714843750009,1814.714843750009,-12.1
32221,61499.0,44826.0,Toyota,4-Runner,,2023.0,6,SUV,of_Origin_Japan,11.02679245379461,10.755158,61499.00000000001,46870.188,14628.812500000007,14628.812500000007,23.79
1320,21599.0,73269.0,Ford,Escape,,2023.0,4,SUV,of_Origin_USA,9.980448593672257,10.265883,21599.000000000015,28734.354,-7135.353515624985,7135.353515624985,-33.04
402,89900.0,6700.0,Mercedes-Benz,C-Class,Sedan,2024.0,8,Sedan,baseline_value_here,11.40646434386837,11.613037,89900.00000000007,110528.43,-20628.429687499927,20628.429687499927,-22.95
7976,16888.0,171855.0,Chevrolet,Express,2500,2018.0,6,Van,of_Origin_USA,9.734417801417921,9.754151,16887.999999999996,17224.59,-336.58984375000364,336.58984375000364,-1.99
36166,407.0,80173.0,Kia,Soul,,2023.0,4,Hatchback,of_Origin_South Korea,6.0112671744041615,9.956051,406.9999999999999,21078.387,-20671.38671875,20671.38671875,-5078.96
20843,63900.0,52695.0,Porsche,Macan,,2022.0,4,SUV,baseline_value_here,11.065090289695444,10.525797,63900.000000000015,37263.52,26636.480468750015,26636.480468750015,41.68
28756,56888.0,15871.0,Mazda,CX-90,MHEV,2025.0,6,SUV,of_Origin_Japan,10.948857279808518,11.124108,56887.99999999999,67784.82,-10896.820312500007,10896.820312500007,-19.15
17450,13900.0,46000.0,MINI,Convertible,,2007.0,4,baseline_value_here,of_Origin_UK,9.539716058977092,9.484924,13899.99999999999,13158.83,741.1699218749909,741.1699218749909,5.33
23820,17698.0,100980.0,Volkswagen,Tiguan,,2018.0,4,SUV,baseline_value_here,9.781263419790754,9.98684,17698.000000000007,21737.502,-4039.5019531249927,4039.5019531249927,-22.82
903,35995.0,128200.0,BMW,X5,,2019.0,6,SUV,baseline_value_here,10.49116310015384,10.328279,35995.0,30584.414,5410.5859375,5410.5859375,15.03
8521,12990.0,56565.0,Chrysler,Sebring,,2008.0,4,Sedan,of_Origin_USA,9.472012088995733,8.522021,12990.0,5023.1987,7966.80126953125,7966.80126953125,61.33
28202,62998.0,26286.0,Acura,MDX,,2025.0,6,SUV,of_Origin_Japan,11.050874132231819,10.912563,62997.99999999998,54860.293,8137.707031249978,8137.707031249978,12.92
36400,23990.0,223611.0,Acura,MDX,,2017.0,6,SUV,of_Origin_Japan,10.085434038999999,9.633899,23989.999999999985,15272.869,8717.130859374985,8717.130859374985,36.34
13405,40888.0,36211.0,Jeep,Wrangler,,2024.0,6,SUV,of_Origin_USA,10.61861635720246,10.893461,40888.0,53822.273,-12934.2734375,12934.2734375,-31.63
24982,36907.0,25322.0,Mazda,CX-5,,2024.0,4,SUV,of_Origin_Japan,10.516183608698446,10.4436,36906.999999999985,34322.99,2584.0117187499854,2584.0117187499854,7.0
6380,26795.0,6156.0,Buick,Encore,GX,2024.0,4,SUV,of_Origin_USA,10.196007901628159,10.517293,26795.00000000001,36947.97,-10152.968749999989,10152.968749999989,-37.89
29861,64607.0,7524.0,Nissan,Ariya,,2026.0,Electric,SUV,of_Origin_Japan,11.076093521112565,11.071059,64607.00000000005,64282.562,324.43750000005093,324.43750000005093,0.5
4204,44390.0,41811.0,Acura,RDX,,2024.0,4,SUV,of_Origin_Japan,10.700792025170644,10.407823,44390.00000000001,33116.684,11273.316406250007,11273.316406250007,25.4
19436,22284.0,57419.0,Mitsubishi,RVR,,2022.0,4,SUV,of_Origin_Japan,10.011669085380657,10.329425,22284.00000000001,30619.496,-8335.496093749989,8335.496093749989,-37.41
31562,29950.0,78777.0,Mercedes-Benz,E-Class,,2016.0,6,Sedan,baseline_value_here,10.307317991967832,10.315065,29949.999999999996,30182.943,-232.94335937500364,232.94335937500364,-0.78
10170,68999.0,81500.0,GMC,Yukon,XL,2023.0,8,SUV,of_Origin_USA,11.141861783579396,11.177987,68998.99999999994,71537.22,-2538.218750000058,2538.218750000058,-3.68
16199,39950.0,69115.0,Lincoln,Nautilus,,2023.0,4,SUV,of_Origin_USA,10.595408982170255,10.29284,39950.00000000003,29519.494,10430.50585937503,10430.50585937503,26.11
25480,36245.0,54717.0,Hyundai,Palisade,,2022.0,6,SUV,of_Origin_South Korea,10.498084309366796,10.647265,36244.99999999998,42076.375,-5831.375000000022,5831.375000000022,-16.09
35167,23799.0,22400.0,Mitsubishi,RVR,,2024.0,4,SUV,of_Origin_Japan,10.077440859659566,10.437193,23798.999999999996,34103.78,-10304.781250000004,10304.781250000004,-43.3
8607,31900.0,79011.0,Chrysler,Grand,Caravan,2023.0,6,Minivan,of_Origin_USA,10.370392636243981,10.419118,31899.99999999999,33492.88,-1592.878906250011,1592.878906250011,-4.99
22703,11990.0,153647.0,Toyota,Corolla,Sedan,2014.0,4,Sedan,of_Origin_Japan,9.391911647379434,9.226248,11990.00000000001,10159.346,1830.654296875009,1830.654296875009,15.27
7366,44788.0,26000.0,Cadillac,XT4,,2024.0,4,SUV,of_Origin_USA,10.709717852539962,10.446856,44787.99999999998,34434.92,10353.078124999978,10353.078124999978,23.12
18725,15995.0,189923.0,Mercedes-Benz,C-Class,Sedan,2018.0,6,Coupe,baseline_value_here,9.680093969966709,9.844261,15995.0,18848.867,-2853.8671875,2853.8671875,-17.84
32491,26409.0,53835.0,Ford,Bronco,Sport,2022.0,4,SUV,of_Origin_USA,10.181498005291179,10.292353,26409.00000000002,29505.111,-3096.111328124982,3096.111328124982,-11.72
37555,5888.0,230322.0,Ford,Edge,,2015.0,4,SUV,of_Origin_USA,8.68084148294457,8.788074,5887.999999999999,6554.591,-666.5908203125009,666.5908203125009,-11.32
10819,42440.0,65144.0,Genesis,GV70,,2024.0,6,SUV,of_Origin_South Korea,10.655870155127044,10.748729,42439.99999999999,46569.79,-4129.789062500007,4129.789062500007,-9.73
34816,19995.0,176245.0,Chevrolet,Silverado,1500,2016.0,8,Pickup Truck,of_Origin_USA,9.903287532533462,9.954772,19995.00000000001,21051.445,-1056.445312499989,1056.445312499989,-5.28
7275,25998.0,30997.0,Cadillac,XT4,,2020.0,4,SUV,of_Origin_USA,10.165813354725493,10.15629,25997.999999999993,25751.578,246.42187499999272,246.42187499999272,0.95
25099,7450.0,166900.0,Hyundai,Elantra,GT,2016.0,4,Sedan,of_Origin_South Korea,8.916103530553727,9.0466385,7449.999999999995,8488.951,-1038.9511718750045,1038.9511718750045,-13.95
20276,15980.0,219881.0,Nissan,Rogue,,2023.0,4,SUV,of_Origin_Japan,9.679155795585109,9.881854,15979.999999999996,19570.977,-3590.9765625000036,3590.9765625000036,-22.47
33117,28591.0,38885.0,Honda,Civic,Sedan,2023.0,4,Sedan,of_Origin_Japan,10.26088223739921,10.219518,28591.000000000025,27432.432,1158.5683593750255,1158.5683593750255,4.05
9394,29999.0,21737.0,Ford,Escape,,2023.0,4,SUV,of_Origin_USA,10.308952660644293,10.531228,29999.000000000007,37466.457,-7467.457031249993,7467.457031249993,-24.89
32857,19995.0,176240.0,Volvo,V90,Cross Country,2017.0,4,Wagon,of_Origin_Sweden,9.903287532533462,9.657186,19995.00000000001,15632.723,4362.277343750011,4362.277343750011,21.82
20271,48995.0,10703.0,Nissan,Pathfinder,,2024.0,6,SUV,of_Origin_Japan,10.799493941107576,10.926242,48994.99999999999,55615.87,-6620.871093750007,6620.871093750007,-13.51
2620,40988.0,17464.0,Acura,ADX,,2025.0,4,SUV,of_Origin_Japan,10.621059017006598,10.565789,40988.00000000001,38784.016,2203.9843750000073,2203.9843750000073,5.38
13439,26910.0,87310.0,Jeep,Grand,Cherokee,2021.0,6,SUV,of_Origin_USA,10.200290403937228,10.472052,26909.99999999998,35313.594,-8403.593750000018,8403.593750000018,-31.23
25989,37588.0,72146.0,Toyota,Camry,,2025.0,4,Sedan,of_Origin_Japan,10.534466733384463,10.401683,37587.99999999996,32913.97,4674.031249999964,4674.031249999964,12.43
37295,74299.0,7165.0,Mercedes-Benz,GLC,,2026.0,4,SUV,baseline_value_here,11.215866230705851,10.980854,74299.00000000003,58737.7,15561.30078125003,15561.30078125003,20.94
8731,7990.0,180134.0,Dodge,Journey,,2015.0,4,SUV,of_Origin_USA,8.986071187374463,9.070873,7990.0000000000055,8697.216,-707.2158203124945,707.2158203124945,-8.85
26635,16462.0,80291.0,Hyundai,Elantra,,2019.0,4,Sedan,of_Origin_South Korea,9.708870717648022,9.722819,16462.000000000004,16693.244,-231.24414062499636,231.24414062499636,-1.4
37416,12999.0,163982.0,Volkswagen,Golf,Standard Model,2017.0,4,Hatchback,baseline_value_here,9.472704636443673,9.455998,12998.99999999999,12783.623,215.3769531249909,215.3769531249909,1.66
29552,47649.0,2698.0,Ford,Bronco,Sport,2026.0,4,SUV,of_Origin_USA,10.771637909082347,10.853899,47648.999999999956,51734.477,-4085.4765625000437,4085.4765625000437,-8.57
24826,11298.0,167949.0,Volvo,XC60,,2015.0,6,SUV,of_Origin_Sweden,9.332469505209247,9.566257,11298.000000000004,14273.893,-2975.8925781249964,2975.8925781249964,-26.34
22520,35888.0,84652.0,Tesla,Model,Y,2023.0,Electric,Sedan,of_Origin_USA,10.488186120839014,10.504805,35888.00000000001,36489.406,-601.4062499999927,601.4062499999927,-1.68
11014,21990.0,80945.0,Honda,Civic,Coupe,2020.0,4,Sedan,of_Origin_Japan,9.998388557730848,10.030819,21990.000000000015,22714.867,-724.8671874999854,724.8671874999854,-3.3
543,66488.0,71472.0,Mercedes-Benz,GLE,,2021.0,6,SUV,baseline_value_here,11.104791799427783,10.886288,66487.99999999999,53437.55,13050.449218749985,13050.449218749985,19.63
10685,44249.0,11657.0,Genesis,G70,,2025.0,4,Sedan,of_Origin_South Korea,10.697610650436076,10.36916,44249.00000000001,31860.691,12388.308593750007,12388.308593750007,28.0
11417,32388.0,17172.0,Honda,Accord,Sedan,2024.0,4,Sedan,of_Origin_Japan,10.385574137962314,10.303703,32388.000000000025,29841.932,2546.0683593750255,2546.0683593750255,7.86
23698,50449.0,18754.0,Volkswagen,Golf,R,2025.0,4,Hatchback,baseline_value_here,10.828738025781755,10.696536,50448.99999999999,44201.477,6247.523437499993,6247.523437499993,12.38
13513,24900.0,97300.0,Jeep,Cherokee,,2021.0,4,SUV,of_Origin_USA,10.122663242288953,10.059268,24900.00000000001,23370.393,1529.607421875011,1529.607421875011,6.14
2590,19995.0,101000.0,Audi,Q5,,2019.0,4,SUV,baseline_value_here,9.903287532533462,10.126211,19995.00000000001,24988.504,-4993.503906249989,4993.503906249989,-24.97
10095,26666.0,103720.0,GMC,Canyon,,2017.0,4,Pickup Truck,of_Origin_USA,10.191182124909785,9.904933,26666.000000000015,20027.93,6638.070312500015,6638.070312500015,24.89
20417,23995.0,32592.0,Nissan,Rogue,,2023.0,4,SUV,of_Origin_Japan,10.085642428772983,10.326402,23994.999999999993,30527.064,-6532.064453125007,6532.064453125007,-27.22
1437,26895.0,47642.0,Nissan,Rogue,,2023.0,4,SUV,of_Origin_Japan,10.199732855648397,10.363017,26895.00000000002,31665.578,-4770.578124999982,4770.578124999982,-17.74
4198,11990.0,186334.0,Acura,TSX,,2011.0,4,Sedan,of_Origin_Japan,9.391911647379434,8.873748,11990.00000000001,7140.998,4849.001953125009,4849.001953125009,40.44
7765,10450.0,135000.0,Chevrolet,Cruze,,2018.0,4,Sedan,of_Origin_USA,9.254452946594503,9.547819,10449.99999999999,14013.099,-3563.098632812509,3563.098632812509,-34.1
1423,27672.0,97703.0,Toyota,RAV,4 Hybrid,2019.0,4,SUV,of_Origin_Japan,10.228212487576084,10.217624,27672.000000000004,27380.523,291.47656250000364,291.47656250000364,1.05
37158,24995.0,76971.0,Toyota,Corolla,Hatchback 5-Door,2023.0,4,Sedan,of_Origin_Japan,10.126471091048971,10.133196,24994.999999999978,25163.66,-168.66015625002183,168.66015625002183,-0.67
28067,2500.0,181194.0,Hyundai,Elantra,GT,2013.0,4,Sedan,of_Origin_South Korea,7.824445930877619,8.61468,2500.0000000000005,5510.9863,-3010.9863281249995,3010.9863281249995,-120.44
4337,32500.0,126272.0,Audi,Q7,,2021.0,6,SUV,baseline_value_here,10.389026137075234,10.638821,32499.99999999997,41722.535,-9222.53515625003,9222.53515625003,-28.38
32844,24995.0,136440.0,Toyota,RAV,4 Hybrid,2018.0,4,SUV,of_Origin_Japan,10.126471091048971,10.006744,24994.999999999978,22174.523,2820.476562499978,2820.476562499978,11.28
15535,69995.0,5600.0,Lexus,TX,,2025.0,4,SUV,of_Origin_Japan,11.156193376541639,10.687291,69995.00000000006,43794.71,26200.28906250006,26200.28906250006,37.43
9232,83995.0,19021.0,Ford,Mustang,Shelby,2017.0,8,Coupe,of_Origin_USA,11.33852445764401,11.42954,83995.00000000006,91998.62,-8003.617187499942,8003.617187499942,-9.53
28210,25995.0,222715.0,Toyota,Sequoia,,2015.0,6,SUV,of_Origin_Japan,10.16569795901424,9.337853,25995.00000000002,11358.997,14636.002929687518,14636.002929687518,56.3
28072,12999.0,156637.0,Hyundai,Elantra,,2020.0,4,Sedan,of_Origin_South Korea,9.472704636443673,9.523436,12998.99999999999,13675.518,-676.5175781250091,676.5175781250091,-5.2
38761,46999.0,25675.0,BMW,X3,,2023.0,4,SUV,baseline_value_here,10.757902880692196,10.610095,46999.00000000002,40541.05,6457.949218750022,6457.949218750022,13.74
26847,30000.0,71000.0,Audi,Q3,,2022.0,4,SUV,baseline_value_here,10.308985993422082,10.440195,29999.99999999999,34206.324,-4206.324218750011,4206.324218750011,-14.02
13251,62045.0,10.0,Infiniti,QX50,,2025.0,4,SUV,of_Origin_Japan,11.03563132441303,10.877732,62045.00000000001,52982.312,9062.687500000007,9062.687500000007,14.61
2199,19998.0,76530.0,BMW,3,Series,2017.0,baseline_value_here,baseline_value_here,baseline_value_here,9.903437551286085,10.310383,19997.99999999998,30041.936,-10043.935546875018,10043.935546875018,-50.22
20954,33888.0,93999.0,RAM,1500,Classic,2022.0,baseline_value_here,baseline_value_here,of_Origin_USA,10.43084575693648,10.518425,33888.000000000015,36989.816,-3101.8164062499854,3101.8164062499854,-9.15
10764,67055.0,8213.0,Genesis,GV70,,2026.0,6,SUV,of_Origin_South Korea,11.113283370164853,11.207491,67054.99999999999,73679.31,-6624.312500000015,6624.312500000015,-9.88
22355,21888.0,113100.0,Tesla,Model,3,2020.0,Electric,Sedan,of_Origin_USA,9.993739506513155,10.218282,21888.000000000004,27398.547,-5510.546874999996,5510.546874999996,-25.18
30179,40950.0,39462.0,Toyota,RAV,4 Hybrid,2024.0,4,SUV,of_Origin_Japan,10.620131509007471,10.670738,40950.0,43075.73,-2125.73046875,2125.73046875,-5.19
8309,15999.0,139259.0,Chrysler,300,,2019.0,baseline_value_here,baseline_value_here,of_Origin_USA,9.680344001221918,10.090552,15999.000000000002,24113.107,-8114.107421874998,8114.107421874998,-50.72
4047,43287.0,40352.0,Acura,RDX,,2024.0,4,SUV,of_Origin_Japan,10.675630739322571,10.407259,43287.0,33098.02,10188.98046875,10188.98046875,23.54
26203,21988.0,99908.0,Audi,Q5,,2019.0,4,SUV,baseline_value_here,9.99829760729877,10.127294,21987.999999999996,25015.568,-3027.5683593750036,3027.5683593750036,-13.77
29007,17856.0,58419.0,Kia,Rio,5-door,2022.0,4,Sedan,of_Origin_South Korea,9.790150867197125,9.947944,17856.00000000001,20908.182,-3052.181640624989,3052.181640624989,-17.09
8847,57600.0,8477.0,Dodge,Durango,,2026.0,6,SUV,of_Origin_USA,10.961295207644392,11.233026,57600.000000000044,75584.94,-17984.937499999956,17984.937499999956,-31.22
9517,10680.0,188145.0,Ford,Explorer,,2015.0,6,SUV,of_Origin_USA,9.276221741089696,9.422152,10680.000000000004,12358.1455,-1678.1455078124964,1678.1455078124964,-15.71
30973,51800.0,64959.0,Ford,E-450,,2022.0,6,Van,of_Origin_USA,10.85516473308054,10.599803,51800.00000000003,40125.93,11674.07031250003,11674.07031250003,22.54
13691,24999.0,136253.0,Jeep,Wrangler,Unlimited,2018.0,6,SUV,of_Origin_USA,10.126631103850338,9.981443,24999.0,21620.498,3378.501953125,3378.501953125,13.51
19658,23488.0,56298.0,Mitsubishi,Eclipse,Cross,2024.0,4,Coupe,of_Origin_Japan,10.064287505439836,10.229043,23488.00000000001,27694.992,-4206.992187499989,4206.992187499989,-17.91
4643,38898.0,134582.0,Audi,RS3,Sedan,2019.0,5,Sedan,baseline_value_here,10.568723822335235,10.232659,38898.000000000015,27795.332,11102.667968750015,11102.667968750015,28.54
10339,19995.0,118876.0,GMC,Sierra,1500,2015.0,8,Pickup Truck,of_Origin_USA,9.903287532533462,10.030703,19995.00000000001,22712.225,-2717.224609374989,2717.224609374989,-13.59
25967,29390.0,65632.0,Honda,CR-V,,2022.0,4,SUV,of_Origin_Japan,10.288443784012753,10.30322,29390.000000000015,29827.506,-437.50585937498545,437.50585937498545,-1.49
16637,72330.0,14.0,Lincoln,Nautilus,,2025.0,4,SUV,of_Origin_USA,11.189008085269668,10.803623,72329.99999999999,49197.734,23132.265624999985,23132.265624999985,31.98
29358,43770.0,67000.0,Audi,Q8,,2021.0,6,SUV,baseline_value_here,10.686726776622612,10.771161,43770.00000000002,47626.285,-3856.285156249978,3856.285156249978,-8.81
8369,29395.0,96061.0,Chrysler,Grand,Caravan,2023.0,6,Minivan,of_Origin_USA,10.288613889648762,10.389094,29394.999999999993,32502.217,-3107.2167968750073,3107.2167968750073,-10.57
14015,8990.0,127200.0,Kia,Forte,Koup,2016.0,4,Sedan,of_Origin_South Korea,9.103979355984773,9.166685,8990.000000000002,9571.839,-581.8388671874982,581.8388671874982,-6.47
2715,29937.0,29681.0,Honda,Civic,Sedan,2024.0,4,Sedan,of_Origin_Japan,10.306883855475181,10.266156,29937.00000000001,28742.191,1194.808593750011,1194.808593750011,3.99
8268,44494.0,23745.0,Chrysler,Pacifica,,2024.0,6,Minivan,of_Origin_USA,10.703132102290963,10.675394,44494.00000000004,43276.754,1217.2460937500364,1217.2460937500364,2.74
31466,4750.0,196610.0,Honda,CR-V,,2005.0,4,SUV,of_Origin_Japan,8.46611040118692,8.389415,4749.999999999996,4399.2417,350.75830078124636,350.75830078124636,7.38
28660,6800.0,209000.0,Acura,MDX,,2008.0,6,SUV,of_Origin_Japan,8.824824939175638,8.449078,6799.999999999996,4669.7627,2130.2373046874964,2130.2373046874964,31.33
23514,25999.0,40724.0,Volkswagen,Taos,,2022.0,4,SUV,baseline_value_here,10.165851817003619,10.5119,25998.999999999985,36749.24,-10750.238281250015,10750.238281250015,-41.35
26012,54999.0,14834.0,RAM,2500,,2024.0,baseline_value_here,baseline_value_here,of_Origin_USA,10.915088464214607,10.855247,54998.99999999995,51804.24,3194.761718749949,3194.761718749949,5.81
15116,62998.0,15064.0,Land,Rover,Range Rover Evoque,2025.0,4,SUV,baseline_value_here,11.050874132231819,10.771345,62997.99999999998,47635.05,15362.949218749978,15362.949218749978,24.39
18702,77958.0,91820.0,Mercedes-Benz,GLE,,2021.0,4,SUV,baseline_value_here,11.263938326448413,10.266863,77957.99999999994,28762.51,49195.49023437494,49195.49023437494,63.11
27309,24888.0,59654.0,Jeep,Wrangler,Unlimited,2017.0,6,SUV,of_Origin_USA,10.122181217776706,10.291922,24887.999999999985,29492.395,-4604.394531250015,4604.394531250015,-18.5
20338,23564.0,25194.0,Nissan,Kicks,,2024.0,4,SUV,of_Origin_Japan,10.067517839357832,10.378911,23564.00000000001,32172.906,-8608.906249999989,8608.906249999989,-36.53
11308,24100.0,73051.0,Honda,CR-V,,2019.0,4,SUV,of_Origin_Japan,10.090008612393838,10.060393,24100.000000000022,23396.707,703.2929687500218,703.2929687500218,2.92
1556,43888.0,32147.0,Ford,Bronco,,2023.0,4,SUV,of_Origin_USA,10.689418998189405,10.369176,43888.00000000001,31861.209,12026.791015625007,12026.791015625007,27.4
10832,27999.0,88716.0,Genesis,G70,,2020.0,4,Sedan,of_Origin_South Korea,10.239959789157341,9.787774,27999.000000000004,17813.607,10185.392578125004,10185.392578125004,36.38
9664,76265.0,25.0,Ford,Transit,Cargo Van,2025.0,6,Van,of_Origin_USA,11.241982508522725,10.878104,76265.00000000004,53002.023,23262.976562500044,23262.976562500044,30.5
28310,21585.0,140336.0,Audi,Q3,,2021.0,4,SUV,baseline_value_here,9.97980023538529,10.098603,21584.99999999998,24308.031,-2723.031250000018,2723.031250000018,-12.62
36163,30999.0,42102.0,Hyundai,Sonata,,2025.0,4,Sedan,of_Origin_South Korea,10.341742483467284,10.225472,30999.000000000022,27596.28,3402.720703125022,3402.720703125022,10.98
9,41998.0,98637.0,Genesis,GV70,,2023.0,6,SUV,of_Origin_South Korea,10.645401087458245,10.519004,41998.00000000001,37011.24,4986.761718750007,4986.761718750007,11.87
20416,10995.0,152645.0,Nissan,Rogue,,2018.0,4,SUV,of_Origin_Japan,9.305286849285137,9.723826,10995.000000000007,16710.066,-5715.066406249993,5715.066406249993,-51.98
35627,15995.0,141800.0,Mercedes-Benz,CLA,,2017.0,4,Sedan,baseline_value_here,9.680093969966709,9.697803,15995.0,16280.789,-285.7890625,285.7890625,-1.79
33323,33783.0,45120.0,Toyota,RAV,4,2023.0,4,SUV,of_Origin_Japan,10.42774259661378,10.363356,33782.999999999985,31676.3,2106.6992187499854,2106.6992187499854,6.24
28646,45988.0,37125.0,Volkswagen,Atlas,,2024.0,4,SUV,baseline_value_here,10.736157516440208,10.620491,45988.00000000001,40964.727,5023.273437500007,5023.273437500007,10.92
36785,69972.0,6500.0,Mercedes-Benz,CLE,,2024.0,4,Coupe,baseline_value_here,11.155864732338893,10.950049,69972.0,56955.86,13016.140625,13016.140625,18.6
36875,52988.0,1799.0,Lexus,IS,,2025.0,4,Sedan,of_Origin_Japan,10.877839623823553,10.371786,52987.99999999997,31944.484,21043.51562499997,21043.51562499997,39.71
9319,20998.0,100647.0,Ford,Edge,,2021.0,4,SUV,of_Origin_USA,9.952230096524119,10.040243,20998.00000000001,22929.957,-1931.957031249989,1931.957031249989,-9.2
14892,57998.0,5641.0,Land,Rover,Range Rover Evoque,2026.0,4,SUV,baseline_value_here,10.968181048000611,10.974397,57997.999999999956,58359.625,-361.62500000004366,361.62500000004366,-0.62
11271,61490.0,10702.0,Honda,Pilot,,2025.0,6,SUV,of_Origin_Japan,11.026646101622237,11.071263,61489.99999999996,64295.684,-2805.6835937500364,2805.6835937500364,-4.56
14710,124898.0,53944.0,Land,Rover,Range Rover,2023.0,6,SUV,baseline_value_here,11.735260689676494,11.040165,124898.00000000006,62326.934,62571.06640625006,62571.06640625006,50.1
31029,29000.0,107100.0,Ford,F-150,,2018.0,6,Pickup Truck,of_Origin_USA,10.275085591132715,10.178924,28999.999999999996,26341.098,2658.9023437499964,2658.9023437499964,9.17
37,27770.0,48000.0,Audi,A5,Coupe,2019.0,6,Coupe,baseline_value_here,10.23174758973532,10.771927,27769.99999999999,47662.77,-19892.76953125001,19892.76953125001,-71.63
37553,52000.0,17000.0,Chrysler,Pacifica,,2021.0,6,Minivan,of_Origin_USA,10.859018228147887,10.523324,52000.000000000044,37171.48,14828.519531250044,14828.519531250044,28.52
8456,49995.0,47853.0,Chrysler,Pacifica,,2024.0,6,Minivan,of_Origin_USA,10.819698281210112,10.575812,49994.99999999997,39174.715,10820.28515624997,10820.28515624997,21.64
14971,69990.0,57404.0,Land,Rover,Range Rover Sport,2022.0,6,SUV,baseline_value_here,11.15612194133691,11.059652,69989.99999999997,63553.453,6436.546874999971,6436.546874999971,9.2
1648,40000.0,32178.0,Lexus,NX,,2023.0,4,SUV,of_Origin_Japan,10.596659732783579,10.388141,40000.0,32471.234,7528.765625,7528.765625,18.82
34399,20995.0,175497.0,Ford,F-150,,2019.0,6,Pickup Truck,of_Origin_USA,9.95208722237219,10.113655,20995.000000000004,24676.695,-3681.6953124999964,3681.6953124999964,-17.54
30534,31989.0,106415.0,Jeep,Wrangler,Unlimited,2019.0,6,SUV,of_Origin_USA,10.373178632943564,10.320985,31988.999999999996,30362.146,1626.8535156249964,1626.8535156249964,5.09
20797,83990.0,25881.0,Porsche,Cayenne,,2022.0,6,SUV,baseline_value_here,11.338464929228103,11.019732,83990.00000000006,61066.34,22923.66015625006,22923.66015625006,27.29
11074,43998.0,22613.0,Honda,CR-V,Hybrid,2024.0,4,SUV,of_Origin_Japan,10.691922185369403,10.702307,43998.00000000003,44457.29,-459.2890624999709,459.2890624999709,-1.04
9285,15602.0,105194.0,Ford,Escape,,2019.0,4,SUV,of_Origin_USA,9.655218482441182,9.925171,15601.999999999993,20437.402,-4835.402343750007,4835.402343750007,-30.99
20760,39980.0,90867.0,Porsche,Cayenne,,2019.0,6,SUV,baseline_value_here,10.596159620247837,10.532966,39980.00000000002,37531.617,2448.382812500022,2448.382812500022,6.12
29954,31750.0,83725.0,Mercedes-Benz,GLC,,2021.0,6,SUV,baseline_value_here,10.36567949988784,10.674541,31750.00000000001,43239.875,-11489.874999999989,11489.874999999989,-36.19
1001,55988.0,11347.0,Dodge,Durango,,2024.0,6,SUV,of_Origin_USA,10.93291052185124,11.029034,55988.00000000001,61636.99,-5648.988281249993,5648.988281249993,-10.09
3038,44900.0,54372.0,Honda,Ridgeline,,2024.0,6,Pickup Truck,of_Origin_Japan,10.712215345197256,10.886544,44899.99999999997,53451.26,-8551.26171875003,8551.26171875003,-19.05
10856,85587.0,8738.0,Genesis,GV80,,2026.0,6,SUV,of_Origin_South Korea,11.357300365386841,11.207491,85586.99999999997,73679.31,11907.68749999997,11907.68749999997,13.91
17142,59320.0,90.0,MINI,Countryman,,2027.0,4,SUV,of_Origin_UK,10.990718653830616,11.010478,59320.00000000005,60503.8,-1183.800781249949,1183.800781249949,-2.0
30979,18880.0,104602.0,Mazda,CX-5,,2018.0,4,SUV,of_Origin_Japan,9.845911404398532,9.87674,18879.99999999999,19471.148,-591.1484375000109,591.1484375000109,-3.13
14896,28880.0,104118.0,Land,Rover,Discovery,2019.0,4,SUV,baseline_value_here,10.270939218446076,10.124594,28879.999999999985,24948.117,3931.8828124999854,3931.8828124999854,13.61
13609,72210.0,14238.0,Jeep,Grand,Cherokee,2025.0,6,SUV,of_Origin_USA,11.187347667846776,11.100116,72210.00000000001,66177.82,6032.179687500015,6032.179687500015,8.35
2766,22500.0,109307.0,Toyota,Camry,,2022.0,4,Sedan,of_Origin_Japan,10.021315031649332,10.04079,22500.000000000015,22942.492,-442.49218749998545,442.49218749998545,-1.97
33056,39900.0,78700.0,Jeep,Grand,Cherokee,2024.0,6,SUV,of_Origin_USA,10.594156665220533,10.707868,39899.99999999998,44705.207,-4805.207031250022,4805.207031250022,-12.04
28517,35488.0,89056.0,Toyota,RAV,4,2023.0,4,SUV,of_Origin_Japan,10.476978068292311,10.2695265,35488.00000000003,28839.229,6648.771484375029,6648.771484375029,18.74
33963,14000.0,23500.0,Hyundai,ACCENT,,2017.0,4,Hatchback,of_Origin_South Korea,9.546884034617925,9.498961,13999.999999999995,13344.859,655.1406249999945,655.1406249999945,4.68
37425,30888.0,23424.0,Volkswagen,Taos,,2025.0,4,SUV,baseline_value_here,10.338155412452387,10.773202,30888.000000000004,47723.586,-16835.585937499996,16835.585937499996,-54.51
33613,14950.0,72000.0,Hyundai,Tucson,,2017.0,4,SUV,of_Origin_South Korea,9.612533466213927,9.682317,14949.999999999987,16030.596,-1080.5957031250127,1080.5957031250127,-7.23
22036,20888.0,120616.0,Subaru,Impreza,,2020.0,4,Sedan,of_Origin_Japan,9.946977983610656,9.907386,20888.0,20077.117,810.8828125,810.8828125,3.88
37041,45895.0,44937.0,Volkswagen,Atlas,Cross Sport,2024.0,4,SUV,baseline_value_here,10.734133246281708,10.575683,45895.00000000004,39169.637,6725.363281250036,6725.363281250036,14.65
31228,2000.0,76000.0,Chevrolet,Malibu,,2007.0,4,Sedan,of_Origin_USA,7.601402334583733,8.335932,2000.0,4170.0864,-2170.08642578125,2170.08642578125,-108.5
27549,1400.0,196400.0,Nissan,Altima,,2008.0,4,Sedan,of_Origin_Japan,7.244941546337007,8.653497,1399.9999999999993,5729.1484,-4329.148437500001,4329.148437500001,-309.22
30966,6995.0,293409.0,Toyota,Corolla,Sedan,2014.0,4,Sedan,of_Origin_Japan,8.853093836138493,8.714597,6995.000000000002,6090.1777,904.8222656250018,904.8222656250018,12.94
18656,61971.0,22990.0,Mercedes-Benz,GLC,,2024.0,4,SUV,baseline_value_here,11.034437949116182,10.837718,61970.999999999956,50904.082,11066.917968749956,11066.917968749956,17.86
33656,33900.0,38780.0,Audi,Q3,,2023.0,4,SUV,baseline_value_here,10.431199791458543,10.565985,33900.00000000001,38791.598,-4891.597656249993,4891.597656249993,-14.43
15237,87752.0,18.0,Land,Rover,Range Rover Velar,2025.0,4,SUV,baseline_value_here,11.382281328777903,11.005315,87752.00000000006,60192.21,27559.78906250006,27559.78906250006,31.41
14247,29748.0,90.0,Kia,K4,,2025.0,4,Sedan,of_Origin_South Korea,10.300550796963453,10.399903,29747.999999999993,32855.45,-3107.4492187500073,3107.4492187500073,-10.45
15604,48995.0,49117.0,Lexus,NX,,2022.0,4,SUV,of_Origin_Japan,10.799493941107576,10.578118,48994.99999999999,39265.16,9729.839843749993,9729.839843749993,19.86
15279,25888.0,89000.0,Lexus,NX,,2017.0,4,SUV,of_Origin_Japan,10.161573447047902,9.853296,25887.999999999993,19019.95,6868.050781249993,6868.050781249993,26.53
14238,43888.0,61854.0,Kia,Telluride,,2023.0,6,SUV,of_Origin_South Korea,10.689418998189405,10.698123,43888.00000000001,44271.676,-383.6757812499927,383.6757812499927,-0.87
22373,24895.0,104200.0,Tesla,Model,3,2020.0,Electric,Sedan,of_Origin_USA,10.122462426978117,10.248256,24894.99999999998,28232.252,-3337.251953125018,3337.251953125018,-13.41
37185,39950.0,29208.0,Acura,Integra,,2025.0,4,Hatchback,of_Origin_Japan,10.595408982170255,10.747545,39950.00000000003,46514.703,-6564.703124999971,6564.703124999971,-16.43
20713,58888.0,63000.0,Porsche,Macan,,2023.0,4,SUV,baseline_value_here,10.983409594982758,10.518425,58888.00000000001,36989.816,21898.183593750007,21898.183593750007,37.19
34719,23975.0,135355.0,Dodge,Challenger,,2013.0,6,Coupe,of_Origin_USA,10.084808608996498,9.497516,23974.99999999998,13325.578,10649.421874999982,10649.421874999982,44.42
31846,73900.0,75195.0,BMW,X7,,2023.0,6,SUV,baseline_value_here,11.210481638644469,11.058672,73900.0,63491.176,10408.82421875,10408.82421875,14.09
35720,51640.0,300.0,Honda,CR-V,Hybrid,2026.0,4,SUV,of_Origin_Japan,10.852071209606546,10.91445,51640.00000000004,54963.88,-3323.8789062499636,3323.8789062499636,-6.44
26310,33748.0,35221.0,Nissan,Rogue,,2024.0,4,SUV,of_Origin_Japan,10.42670606623208,10.43123,33748.000000000015,33901.01,-153.01171874998545,153.01171874998545,-0.45
36617,8500.0,239000.0,Chevrolet,Traverse,,2015.0,6,SUV,of_Origin_USA,9.04793908261736,9.085481,8500.000000000005,8825.207,-325.20703124999454,325.20703124999454,-3.83
25744,34888.0,51000.0,BMW,X1,,2023.0,4,SUV,baseline_value_here,10.459926872262475,10.545636,34887.99999999998,38010.203,-3122.203125000022,3122.203125000022,-8.95
31233,16990.0,98850.0,Honda,Civic,Sedan,2017.0,4,Sedan,of_Origin_Japan,9.740439071085758,9.752241,16989.99999999999,17191.717,-201.7167968750109,201.7167968750109,-1.19
8047,39995.0,189874.0,Chevrolet,Tahoe,,2020.0,8,SUV,of_Origin_USA,10.59653472809574,10.60331,39995.00000000001,40266.89,-271.8906249999927,271.8906249999927,-0.68
22033,27228.0,24810.0,Subaru,Impreza,,2024.0,4,Sedan,of_Origin_Japan,10.212037860792206,10.264263,27227.99999999998,28687.83,-1459.8300781250182,1459.8300781250182,-5.36
6234,22300.0,12626.0,Buick,Encore,GX,2020.0,4,SUV,of_Origin_USA,10.012386799492118,10.24676,22300.0,28190.064,-5890.064453125,5890.064453125,-26.41
9404,10995.0,93672.0,Ford,Transit,Connect,2012.0,6,Van,of_Origin_USA,9.305286849285137,9.55716,10995.000000000007,14144.621,-3149.6210937499927,3149.6210937499927,-28.65
7077,59880.0,75606.0,Cadillac,CT5-V,,2024.0,6,Sedan,of_Origin_USA,11.00011453846092,10.719329,59879.99999999999,45220.543,14659.457031249993,14659.457031249993,24.48
32635,12995.0,167896.0,Subaru,Outback,,2014.0,4,SUV,of_Origin_Japan,9.472396896788991,9.285985,12995.000000000005,10784.792,2210.2080078125055,2210.2080078125055,17.01
1451,22989.0,84505.0,Mazda,CX-5,,2021.0,4,SUV,of_Origin_Japan,10.042814617757227,10.158014,22988.999999999985,25796.021,-2807.0214843750146,2807.0214843750146,-12.21
25711,13980.0,86000.0,Ford,Mustang,Coupe,2013.0,6,Coupe,of_Origin_USA,9.545454543987825,9.818155,13980.000000000004,18363.143,-4383.142578124996,4383.142578124996,-31.35
20722,33900.0,95895.0,Porsche,Cayman,,2006.0,6,Coupe,baseline_value_here,10.431199791458543,10.094017,33900.00000000001,24196.8,9703.199218750007,9703.199218750007,28.62
8067,21225.0,56856.0,Chevrolet,Trailblazer,,2021.0,4,SUV,of_Origin_USA,9.962982124321767,10.172149,21224.99999999999,26163.236,-4938.236328125011,4938.236328125011,-23.27
12915,33772.0,59576.0,Infiniti,QX50,,2023.0,4,SUV,of_Origin_Japan,10.427416945679095,10.3414135,33771.99999999997,30988.803,2783.197265624971,2783.197265624971,8.24
18482,76900.0,21785.0,Mercedes-Benz,GLE,,2025.0,6,SUV,baseline_value_here,11.250274159310356,11.202044,76900.00000000003,73279.04,3620.960937500029,3620.960937500029,4.71
25732,48900.0,42206.0,Honda,Pilot,,2024.0,6,SUV,of_Origin_Japan,10.797553125151618,10.809271,48900.00000000001,49476.38,-576.3789062499927,576.3789062499927,-1.18
36103,36499.0,51101.0,Toyota,Corolla,Cross,2026.0,4,Sedan,of_Origin_Japan,10.505067539570582,10.38478,36498.99999999998,32362.287,4136.712890624978,4136.712890624978,11.33
8707,10990.0,139797.0,Dodge,Journey,,2016.0,4,SUV,of_Origin_USA,9.3048320350689,9.347131,10989.999999999996,11464.878,-474.87792968750364,474.87792968750364,-4.32
2292,27990.0,87596.0,Honda,CR-V,,2023.0,4,SUV,of_Origin_Japan,10.239638308916676,10.2632885,27989.99999999999,28659.883,-669.8828125000109,669.8828125000109,-2.39
4408,22770.0,103000.0,Audi,Q5,,2021.0,4,SUV,baseline_value_here,10.033243075528665,10.22347,22770.0,27541.064,-4771.064453125,4771.064453125,-20.95
12030,20282.0,28586.0,Hyundai,Venue,,2024.0,4,SUV,of_Origin_South Korea,9.917538375758788,10.365514,20282.00000000001,31744.74,-11462.740234374989,11462.740234374989,-56.52
7996,40995.0,48023.0,Chevrolet,Silverado,1500,2024.0,8,Pickup Truck,of_Origin_USA,10.621229779951454,10.883363,40995.00000000002,53281.477,-12286.476562499978,12286.476562499978,-29.97
34103,79800.0,22545.0,Porsche,Cayenne,,2023.0,6,SUV,baseline_value_here,11.287291314687705,11.090861,79800.00000000004,65568.195,14231.804687500044,14231.804687500044,17.83
37336,27985.0,15556.0,Volkswagen,Taos,,2024.0,4,SUV,baseline_value_here,10.239459664115659,10.676096,27984.999999999996,43307.145,-15322.144531250004,15322.144531250004,-54.75
5603,40777.0,69210.0,BMW,4,Series,2019.0,baseline_value_here,baseline_value_here,baseline_value_here,10.61589799927692,10.521858,40776.999999999985,37117.035,3659.9648437499854,3659.9648437499854,8.98
30828,17950.0,79935.0,Mercedes-Benz,C-Class,Sedan,2017.0,4,Sedan,baseline_value_here,9.79540110267107,9.883581,17949.999999999996,19604.809,-1654.8085937500036,1654.8085937500036,-9.22
37698,24990.0,83120.0,Toyota,RAV,4,2018.0,4,SUV,of_Origin_Japan,10.126271039034782,9.896692,24990.0,19863.555,5126.4453125,5126.4453125,20.51
6337,15495.0,158927.0,Buick,Enclave,,2016.0,6,SUV,of_Origin_USA,9.648337205086833,9.629866,15495.000000000011,15211.393,283.6074218750109,283.6074218750109,1.83
36970,34990.0,144308.0,RAM,1500,,2022.0,baseline_value_here,baseline_value_here,of_Origin_USA,10.462846164547514,10.363684,34989.999999999985,31686.695,3303.3046874999854,3303.3046874999854,9.44
34410,48900.0,142819.0,Audi,TT,RS Coupe,2019.0,4,Coupe,baseline_value_here,10.797553125151618,10.009724,48900.00000000001,22240.688,26659.312500000007,26659.312500000007,54.52
31076,17995.0,96691.0,Audi,A4,Sedan,2018.0,4,Sedan,baseline_value_here,9.797904789961063,9.906111,17994.999999999996,20051.533,-2056.5332031250036,2056.5332031250036,-11.43
11168,11988.0,215000.0,Honda,Accord,Sedan,2017.0,4,Sedan,of_Origin_Japan,9.391744841707654,9.352841,11988.000000000004,11530.542,457.45800781250364,457.45800781250364,3.82
27053,31621.0,40927.0,Subaru,Crosstrek,,2024.0,4,SUV,of_Origin_Japan,10.36160835987009,10.407677,31620.999999999975,33111.85,-1490.8515625000255,1490.8515625000255,-4.71
36464,125000.0,40000.0,Chevrolet,Corvette,Z06,2018.0,8,Coupe,of_Origin_USA,11.736077016252437,10.961044,124999.9999999999,57585.55,67414.4492187499,67414.4492187499,53.93
37692,16999.0,166055.0,Jeep,Cherokee,,2019.0,4,SUV,of_Origin_USA,9.740968623038354,9.625643,16999.00000000001,15147.288,1851.711914062511,1851.711914062511,10.89
23537,37695.0,25515.0,Volkswagen,Tiguan,,2024.0,4,SUV,baseline_value_here,10.537309267011258,10.646833,37694.99999999998,42058.2,-4363.199218750022,4363.199218750022,-11.58
33391,40995.0,60000.0,Honda,Ridgeline,,2022.0,6,Pickup Truck,of_Origin_Japan,10.621229779951454,10.766292,40995.00000000002,47394.93,-6399.929687499978,6399.929687499978,-15.61
30574,84730.0,499.0,Ford,F-150,,2026.0,6,Pickup Truck,of_Origin_USA,11.347236811318073,11.394631,84730.00000000001,88842.48,-4112.476562499985,4112.476562499985,-4.85
34245,46995.0,5325.0,Toyota,RAV,4,2025.0,4,SUV,of_Origin_Japan,10.757817770687463,10.879195,46995.00000000001,53059.88,-6064.878906249993,6064.878906249993,-12.91
154,17998.0,100939.0,Toyota,RAV,4,2016.0,4,SUV,of_Origin_Japan,9.798071479779479,9.634648,17997.99999999999,15284.322,2713.677734374989,2713.677734374989,15.08
33588,15995.0,213497.0,Chevrolet,Colorado,,2020.0,4,Pickup Truck,of_Origin_USA,9.680093969966709,9.877649,15995.0,19488.854,-3493.853515625,3493.853515625,-21.84
9100,129998.0,3038.0,Dodge,Charger,,2021.0,6,Sedan,of_Origin_USA,11.77528203710044,10.9332,129997.99999999994,56004.203,73993.79687499994,73993.79687499994,56.92
9531,11990.0,214799.0,Ford,Edge,,2019.0,4,SUV,of_Origin_USA,9.391911647379434,9.389173,11990.00000000001,11957.2,32.799804687509095,32.799804687509095,0.27
5203,70158.0,1380.0,BMW,X1,,2026.0,4,SUV,baseline_value_here,11.158519373808797,11.017581,70157.99999999996,60935.098,9222.902343749956,9222.902343749956,13.15
2662,25995.0,18062.0,Buick,Envista,,2025.0,4,SUV,of_Origin_USA,10.16569795901424,10.579555,25995.00000000002,39321.594,-13326.593749999982,13326.593749999982,-51.27
34797,39621.0,43570.0,Subaru,Outback,,2024.0,4,SUV,of_Origin_Japan,10.587139798534272,10.345769,39621.00000000001,31124.072,8496.927734375007,8496.927734375007,21.45
36187,17900.0,140517.0,Honda,Civic,Sedan,2021.0,4,Sedan,of_Origin_Japan,9.792611856190192,9.897643,17900.0,19882.451,-1982.451171875,1982.451171875,-11.08
21854,13990.0,160164.0,Subaru,Legacy,,2019.0,4,Sedan,of_Origin_Japan,9.546169544733285,9.599487,13989.999999999989,14756.214,-766.2138671875109,766.2138671875109,-5.48
11006,14990.0,138294.0,Honda,Civic,Sedan,2018.0,4,Sedan,of_Origin_Japan,9.615205300012315,9.707295,14990.000000000004,16436.086,-1446.0859374999964,1446.0859374999964,-9.65
38043,12998.0,160823.0,Honda,Pilot,,2011.0,6,SUV,of_Origin_Japan,9.47262771040802,9.295326,12998.000000000007,10886.017,2111.9833984375073,2111.9833984375073,16.25
37560,40900.0,68712.0,Audi,Q8,,2019.0,6,SUV,baseline_value_here,10.61890979160975,10.703084,40900.00000000001,44491.86,-3591.8593749999927,3591.8593749999927,-8.78
38080,13985.0,189952.0,GMC,Acadia,,2017.0,4,SUV,of_Origin_USA,9.545812108263812,9.210096,13984.999999999996,9996.561,3988.4394531249964,3988.4394531249964,28.52
2187,10999.0,149377.0,Honda,Civic,Sedan,2014.0,4,Sedan,of_Origin_Japan,9.305650551780507,9.233819,10998.999999999998,10236.564,762.4355468749982,762.4355468749982,6.93
32643,15750.0,185653.0,Mazda,CX-9,,2017.0,4,SUV,of_Origin_Japan,9.664659134301736,9.514256,15750.000000000013,13550.541,2199.4589843750127,2199.4589843750127,13.96
14171,14998.0,99966.0,Kia,Forte,,2019.0,4,Sedan,of_Origin_South Korea,9.61573881119536,9.66001,14998.00000000001,15676.946,-678.9462890624909,678.9462890624909,-4.53
5042,63439.0,7603.0,Audi,A5,,2025.0,6,Coupe,baseline_value_here,11.05784985630873,11.268963,63439.00000000001,78350.695,-14911.695312499993,14911.695312499993,-23.51
17718,35588.0,74473.0,Mazda,CX-9,,2022.0,4,SUV,of_Origin_Japan,10.479791880329213,10.257805,35587.99999999999,28503.146,7084.853515624993,7084.853515624993,19.91
5149,73689.0,329.0,Audi,Q5,,2026.0,4,SUV,baseline_value_here,11.207622383761045,11.0345,73689.0,61974.85,11714.1484375,11714.1484375,15.9
6509,28739.0,11773.0,Buick,Envista,,2024.0,4,SUV,of_Origin_USA,10.266045159633016,10.564389,28739.000000000007,38729.754,-9990.753906249993,9990.753906249993,-34.76
8603,47508.0,19677.0,Chrysler,Pacifica,,2024.0,6,Minivan,of_Origin_USA,10.768674445759071,10.674087,47507.999999999985,43220.207,4287.792968749985,4287.792968749985,9.03
10298,53092.0,84633.0,GMC,Sierra,1500 Limited,2022.0,8,Pickup Truck,of_Origin_USA,10.879800371798126,10.741253,53092.00000000004,46222.93,6869.070312500036,6869.070312500036,12.94
31013,7400.0,145000.0,Ford,Fusion,,2013.0,4,Sedan,of_Origin_USA,8.909370405197466,8.764656,7399.999999999995,6402.859,997.1411132812455,997.1411132812455,13.47
22208,27495.0,51948.0,Subaru,Impreza,,2024.0,4,Sedan,of_Origin_Japan,10.22179581852967,10.2300005,27494.99999999998,27721.523,-226.5234375000182,226.5234375000182,-0.82
29905,34495.0,96611.0,RAM,1500,Classic,2023.0,baseline_value_here,baseline_value_here,of_Origin_USA,10.448598654268668,10.560702,34494.99999999997,38587.22,-4092.218750000029,4092.218750000029,-11.86
35186,34050.0,49400.0,Ford,Maverick,,2024.0,4,Pickup Truck,of_Origin_USA,10.435614679722034,10.651642,34050.0,42260.926,-8210.92578125,8210.92578125,-24.11
6095,57315.0,10.0,Buick,Envision,,2025.0,4,SUV,of_Origin_USA,10.956335095836494,10.819473,57315.00000000001,49983.75,7331.250000000007,7331.250000000007,12.79
11368,26990.0,37445.0,Honda,Civic,Sedan,2023.0,4,Sedan,of_Origin_Japan,10.203258756085228,10.277782,26989.999999999993,29078.316,-2088.3164062500073,2088.3164062500073,-7.74
8678,17999.0,47244.0,Chrysler,200,,2013.0,baseline_value_here,baseline_value_here,of_Origin_USA,9.798127036878302,10.0709095,17999.000000000007,23644.06,-5645.060546874993,5645.060546874993,-31.36
22214,30017.0,85838.0,Subaru,WRX,,2023.0,4,Sedan,of_Origin_Japan,10.30955248071626,10.178622,30016.99999999999,26333.16,3683.839843749989,3683.839843749989,12.27
38782,11900.0,230000.0,Tesla,Model,3,2018.0,Electric,Sedan,of_Origin_USA,9.38437770918244,9.6826725,11899.999999999998,16036.3,-4136.299804687502,4136.299804687502,-34.76
20855,76888.0,59596.0,Porsche,Cayenne,,2023.0,6,SUV,baseline_value_here,11.250118102349248,11.000866,76887.99999999996,59925.01,16962.988281249956,16962.988281249956,22.06
30748,7999.0,203295.0,Mercedes-Benz,C-Class,Sedan,2013.0,4,Sedan,baseline_value_here,8.987196820661973,8.885921,7999.0,7228.4663,770.53369140625,770.53369140625,9.63
34397,55995.0,39690.0,Audi,S5,Cabriolet,2023.0,6,Hatchback,baseline_value_here,10.933035538594716,10.854065,55995.0,51743.062,4251.9375,4251.9375,7.59
12908,39995.0,77176.0,Infiniti,QX60,,2023.0,6,SUV,of_Origin_Japan,10.59653472809574,10.63956,39995.00000000001,41753.383,-1758.3828124999927,1758.3828124999927,-4.4
29220,23990.0,57990.0,Mazda,CX-30,,2024.0,4,SUV,of_Origin_Japan,10.085434038999999,10.395145,23989.999999999985,32699.492,-8709.492187500015,8709.492187500015,-36.3
36389,33995.0,10060.0,Hyundai,Kona,,2025.0,4,SUV,of_Origin_South Korea,10.433998149618517,10.623766,33995.00000000002,41099.105,-7104.105468749978,7104.105468749978,-20.9
12077,57088.0,9286.0,Hyundai,Palisade,,2026.0,6,SUV,of_Origin_South Korea,10.952366732602407,11.196458,57087.999999999985,72870.86,-15782.859375000015,15782.859375000015,-27.65
34076,42990.0,67247.0,Dodge,Durango,,2024.0,6,SUV,of_Origin_USA,10.66874607044333,10.783225,42990.000000000015,48204.34,-5214.339843749985,5214.339843749985,-12.13
38242,31230.0,99.0,Kia,Seltos,,2027.0,4,SUV,of_Origin_South Korea,10.349166470257595,10.55966,31230.000000000004,38547.02,-7317.019531249996,7317.019531249996,-23.43
34335,19353.0,51571.0,Nissan,Qashqai,,2021.0,4,SUV,of_Origin_Japan,9.870654395440887,10.270436,19352.99999999999,28865.479,-9512.478515625011,9512.478515625011,-49.15
23810,23021.0,104337.0,Volkswagen,Atlas,,2019.0,4,SUV,baseline_value_here,10.044205559475007,10.124594,23020.99999999998,24948.117,-1927.1171875000182,1927.1171875000182,-8.37
23470,31985.0,86480.0,Volkswagen,Atlas,Cross Sport,2022.0,4,SUV,baseline_value_here,10.373053586050816,10.368984,31984.99999999998,31855.102,129.8984374999818,129.8984374999818,0.41
5525,47888.0,77977.0,BMW,X5,,2022.0,6,SUV,baseline_value_here,10.77664111193259,10.823374,47888.00000000002,50179.098,-2291.097656249978,2291.097656249978,-4.78
25766,49351.0,36022.0,Toyota,Highlander,,2024.0,6,SUV,of_Origin_Japan,10.806733570889474,10.837141,49350.99999999996,50874.72,-1523.7187500000364,1523.7187500000364,-3.09
6517,29595.0,22026.0,Buick,Encore,GX,2023.0,4,SUV,of_Origin_USA,10.295394496045441,10.330051,29594.999999999985,30638.688,-1043.6875000000146,1043.6875000000146,-3.53
3363,51999.0,10.0,Chrysler,Pacifica,,2027.0,6,Minivan,of_Origin_USA,10.858998997563564,10.894717,51998.99999999997,53889.918,-1890.917968750029,1890.917968750029,-3.64
25847,20888.0,65115.0,Hyundai,Tucson,,2022.0,4,SUV,of_Origin_South Korea,9.946977983610656,10.162181,20888.0,25903.73,-5015.73046875,5015.73046875,-24.01
32940,12498.0,191225.0,Toyota,Venza,,2013.0,4,SUV,of_Origin_Japan,9.433403920090221,9.22764,12497.99999999999,10173.503,2324.497070312491,2324.497070312491,18.6
34028,63395.0,499.0,Ford,Explorer,,2026.0,4,SUV,of_Origin_USA,11.057156046952317,10.903771,63395.00000000004,54380.07,9014.929687500036,9014.929687500036,14.22
28501,34792.0,9632.0,Subaru,Crosstrek,,2025.0,4,SUV,of_Origin_Japan,10.457171496104019,10.692565,34791.999999999985,44026.29,-9234.289062500015,9234.289062500015,-26.54
7065,68999.0,20191.0,Cadillac,XT6,,2025.0,6,SUV,of_Origin_USA,11.141861783579396,10.981633,68998.99999999994,58783.48,10215.519531249942,10215.519531249942,14.81
23410,7990.0,297039.0,Volkswagen,Jetta,,2021.0,4,Sedan,baseline_value_here,8.986071187374463,9.425266,7990.0000000000055,12396.7,-4406.7001953124945,4406.7001953124945,-55.15
31418,39888.0,8117.0,Mazda,CX-5,,2025.0,4,SUV,of_Origin_Japan,10.593855875645637,10.709445,39888.0,44775.78,-4887.78125,4887.78125,-12.25
25810,51995.0,31886.0,Mercedes-Benz,GLC,,2024.0,4,SUV,baseline_value_here,10.85892207152791,10.616615,51995.00000000004,40806.26,11188.738281250036,11188.738281250036,21.52
16293,46000.0,13081.0,Lincoln,Corsair,,2024.0,4,SUV,of_Origin_USA,10.736418414365376,10.5413885,46000.000000000044,37849.086,8150.914062500044,8150.914062500044,17.72
3900,33988.0,59133.0,Acura,RDX,,2021.0,4,SUV,of_Origin_Japan,10.433792221839603,10.270001,33988.00000000001,28852.928,5135.072265625007,5135.072265625007,15.11
5470,20990.0,104952.0,BMW,X1,,2020.0,4,SUV,baseline_value_here,9.951849053414007,10.202846,20990.000000000007,26978.85,-5988.849609374993,5988.849609374993,-28.53
6210,5990.0,262472.0,Buick,Encore,,2017.0,4,SUV,of_Origin_USA,8.698013622083925,8.883801,5990.000000000002,7213.163,-1223.1630859374982,1223.1630859374982,-20.42
7353,20000.0,100364.0,Cadillac,ATS,Sedan,2018.0,6,Sedan,of_Origin_USA,9.90353755128617,10.05502,20000.000000000015,23271.328,-3271.3281249999854,3271.3281249999854,-16.36
28688,40995.0,30583.0,Honda,CR-V,Hybrid,2026.0,4,SUV,of_Origin_Japan,10.621229779951454,10.903623,40995.00000000002,54371.98,-13376.980468749978,13376.980468749978,-32.63
32018,26998.0,24700.0,Nissan,Rogue,,2024.0,4,SUV,of_Origin_Japan,10.203555107263542,10.43424,26998.00000000002,34003.234,-7005.234374999982,7005.234374999982,-25.95
29580,21500.0,90301.0,Hyundai,Tucson,,2021.0,4,SUV,of_Origin_South Korea,9.975854724662028,9.989406,21499.999999999985,21793.342,-293.34179687501455,293.34179687501455,-1.36
8679,34995.0,75461.0,Chrysler,Grand,Caravan,2024.0,6,Minivan,of_Origin_USA,10.462989048226156,10.505231,34995.00000000002,36504.965,-1509.9648437499782,1509.9648437499782,-4.31
37561,8000.0,74447.0,Honda,Accord,,2018.0,4,Sedan,of_Origin_Japan,8.987321812850125,9.8424015,8000.0000000000055,18813.846,-10813.845703124995,10813.845703124995,-135.17
4561,34995.0,44465.0,Audi,Q3,,2023.0,4,SUV,baseline_value_here,10.462989048226156,10.565981,34995.00000000002,38791.45,-3796.449218749978,3796.449218749978,-10.85
27481,29888.0,95929.0,Toyota,Prius,Prime,2024.0,4,Hatchback,of_Origin_Japan,10.305245798712965,10.395354,29887.99999999998,32706.322,-2818.322265625018,2818.322265625018,-9.43
12783,15000.0,159070.0,Infiniti,Q50,,2017.0,6,Sedan,of_Origin_Japan,9.61587214452889,9.723751,14999.99999999999,16708.807,-1708.806640625009,1708.806640625009,-11.39
10920,32900.0,41000.0,Genesis,G70,,2023.0,4,Sedan,of_Origin_South Korea,10.401258331428318,10.104537,32899.999999999985,24452.705,8447.294921874985,8447.294921874985,25.68
22962,45800.0,51354.0,Toyota,RAV,4,2023.0,4,SUV,of_Origin_Japan,10.732061203925053,10.632455,45800.00000000003,41457.777,4342.222656250029,4342.222656250029,9.48
6401,27300.0,15075.0,Buick,Envista,,2024.0,4,SUV,of_Origin_USA,10.214678610538817,10.434776,27299.999999999978,34021.465,-6721.464843750022,6721.464843750022,-24.62
26955,17499.0,62970.0,Subaru,Crosstrek,,2016.0,4,SUV,of_Origin_Japan,9.769956159911606,9.757479,17499.000000000015,17282.002,216.99804687501455,216.99804687501455,1.24
30067,15000.0,179327.0,Dodge,Durango,,2014.0,6,SUV,of_Origin_USA,9.61587214452889,9.291624,14999.99999999999,10845.786,4154.213867187491,4154.213867187491,27.69
18721,13495.0,136717.0,Mercedes-Benz,B-Class,,2018.0,4,Hatchback,baseline_value_here,9.510148624225804,9.726758,13495.000000000002,16759.127,-3264.126953124998,3264.126953124998,-24.19
34734,76585.0,499.0,Ford,F-150,,2026.0,6,Pickup Truck,of_Origin_USA,11.246169571400625,11.307776,76585.00000000003,81451.59,-4866.593749999971,4866.593749999971,-6.35
28758,31888.0,25121.0,Buick,Encore,GX,2024.0,4,SUV,of_Origin_USA,10.370016401720026,10.430757,31887.999999999993,33884.977,-1996.9765625000073,1996.9765625000073,-6.26
7569,47570.0,9200.0,Chevrolet,Equinox,,2026.0,4,SUV,of_Origin_USA,10.769978610857677,10.800687,47570.00000000001,49053.48,-1483.4804687499927,1483.4804687499927,-3.12
2689,44999.0,74167.0,Mercedes-Benz,E-Class,,2019.0,6,Sedan,baseline_value_here,10.714417768752456,10.76172,44998.999999999985,47178.734,-2179.7343750000146,2179.7343750000146,-4.84
8349,68497.0,4246.0,Chrysler,Pacifica,Hybrid,2024.0,Electric,Minivan,of_Origin_USA,11.134559826743782,10.802367,68497.00000000004,49135.98,19361.019531250044,19361.019531250044,28.27
2005,11999.0,246516.0,Honda,Pilot,,2015.0,6,SUV,of_Origin_Japan,9.392661928770137,9.167659,11998.999999999993,9581.165,2417.8349609374927,2417.8349609374927,20.15
17095,56862.0,90.0,MINI,Countryman,,2027.0,4,SUV,of_Origin_UK,10.94840014498095,11.010478,56861.99999999997,60503.8,-3641.800781250029,3641.800781250029,-6.4
14094,35841.0,16211.0,Kia,Sportage,,2025.0,4,SUV,of_Origin_South Korea,10.486875669103334,10.543833,35841.0,37941.715,-2100.71484375,2100.71484375,-5.86
1535,46697.0,29727.0,GMC,Canyon,,2024.0,4,Pickup Truck,of_Origin_USA,10.751456616187443,10.639201,46697.000000000015,41738.414,4958.585937500015,4958.585937500015,10.62
517,41995.0,13163.0,Lexus,UX,,2025.0,4,SUV,of_Origin_Japan,10.645329654634832,10.846562,41995.0,51356.3,-9361.30078125,9361.30078125,-22.29
15653,37888.0,59432.0,Lexus,NX,,2022.0,4,SUV,of_Origin_Japan,10.542416111476454,10.306668,37887.99999999999,29930.547,7957.453124999993,7957.453124999993,21.0
25570,10998.0,98659.0,Hyundai,Elantra,,2019.0,4,Sedan,of_Origin_South Korea,9.305559638557117,9.692754,10998.000000000005,16198.794,-5200.7939453124945,5200.7939453124945,-47.29
29322,21999.0,169338.0,Honda,Pilot,,2018.0,6,SUV,of_Origin_Japan,9.998797732340453,9.800801,21999.0,18047.201,3951.798828125,3951.798828125,17.96
21165,29295.0,195632.0,RAM,1500,,2019.0,baseline_value_here,baseline_value_here,of_Origin_USA,10.285206266914292,9.847011,29295.000000000004,18900.766,10394.234375000004,10394.234375000004,35.48
31930,55460.0,19082.0,Acura,RDX,,2025.0,4,SUV,of_Origin_Japan,10.923435350020556,10.562575,55460.00000000005,38659.562,16800.43750000005,16800.43750000005,30.29
6440,36495.0,76642.0,Buick,Enclave,,2022.0,6,SUV,of_Origin_USA,10.50495794452417,10.631373,36495.00000000003,41412.965,-4917.964843749971,4917.964843749971,-13.48
12120,38366.0,3889.0,Hyundai,Tucson,,2026.0,4,SUV,of_Origin_South Korea,10.554952994101429,10.646591,38365.99999999996,42048.01,-3682.0117187500364,3682.0117187500364,-9.6
9050,7995.0,245245.0,Dodge,Grand,Caravan,2017.0,6,Minivan,of_Origin_USA,8.98669669562029,9.146301,7994.999999999998,9378.684,-1383.6835937500018,1383.6835937500018,-17.31
2280,15489.0,109454.0,Nissan,Rogue,,2019.0,4,SUV,of_Origin_Japan,9.647949933410914,9.997642,15488.999999999989,21973.578,-6484.578125000011,6484.578125000011,-41.87
8784,61900.0,1290.0,Dodge,Durango,,2026.0,6,SUV,of_Origin_USA,11.033291613631048,11.24088,61900.0,76180.96,-14280.9609375,14280.9609375,-23.07
12901,15995.0,103534.0,Infiniti,QX50,,2017.0,4,SUV,of_Origin_Japan,9.680093969966709,9.811163,15995.0,18235.182,-2240.181640625,2240.181640625,-14.01
15600,67854.0,304.0,Lexus,RX,,2026.0,4,SUV,of_Origin_Japan,11.125128354515471,10.760974,67854.00000000001,47143.562,20710.437500000015,20710.437500000015,30.52
9417,44695.0,4015.0,Ford,Bronco,Sport,2025.0,4,SUV,of_Origin_USA,10.707639291138985,10.729248,44695.00000000002,45671.336,-976.3359374999782,976.3359374999782,-2.18
34837,22998.0,114237.0,Volkswagen,Atlas,Cross Sport,2020.0,4,SUV,baseline_value_here,10.043206015705211,10.158328,22998.00000000002,25804.117,-2806.117187499982,2806.117187499982,-12.2
37269,47999.0,98000.0,BMW,M4,,2015.0,6,Coupe,baseline_value_here,10.778956289890028,10.20417,47998.99999999998,27014.613,20984.386718749978,20984.386718749978,43.72
13529,42980.0,67229.0,Jeep,Gladiator,,2021.0,6,Pickup Truck,of_Origin_USA,10.668513436561481,10.655306,42979.99999999996,42416.06,563.9414062499636,563.9414062499636,1.31
30088,43495.0,60694.0,Lexus,RX,,2022.0,4,SUV,of_Origin_Japan,10.680424258825756,10.308846,43494.99999999997,29995.814,13499.18554687497,13499.18554687497,31.04
29697,42495.0,92885.0,Tesla,Model,Y,2023.0,Electric,Sedan,of_Origin_USA,10.657165232836105,10.488853,42494.99999999997,35911.957,6583.042968749971,6583.042968749971,15.49
14108,23493.0,74115.0,Kia,Seltos,,2023.0,4,SUV,of_Origin_South Korea,10.064500348383831,10.171503,23492.99999999999,26146.348,-2653.347656250011,2653.347656250011,-11.29
887,43998.0,45479.0,Honda,Civic,Type R,2020.0,4,Sedan,of_Origin_Japan,10.691922185369403,10.287687,43998.00000000003,29367.775,14630.22460937503,14630.22460937503,33.25
20391,22995.0,66665.0,Nissan,Pathfinder,,2018.0,6,SUV,of_Origin_Japan,10.043075566743182,10.326779,22995.000000000015,30538.596,-7543.595703124985,7543.595703124985,-32.81
13404,14998.0,139356.0,Jeep,Grand,Cherokee,2014.0,6,SUV,of_Origin_USA,9.61573881119536,9.553162,14998.00000000001,14088.169,909.8310546875091,909.8310546875091,6.07
31262,15000.0,159000.0,BMW,2,Series,2015.0,baseline_value_here,baseline_value_here,baseline_value_here,9.61587214452889,9.6449795,14999.99999999999,15443.056,-443.0556640625091,443.0556640625091,-2.95
32303,49675.0,499.0,Ford,Ranger,,2026.0,4,Pickup Truck,of_Origin_USA,10.813277198067922,11.021171,49674.999999999956,61154.227,-11479.226562500044,11479.226562500044,-23.11
6272,20971.0,35805.0,Buick,Encore,GX,2021.0,4,SUV,of_Origin_USA,9.950943493692423,10.18053,20970.99999999998,26383.438,-5412.437500000018,5412.437500000018,-25.81
15292,39999.0,26104.0,Lexus,UX,,2024.0,4,SUV,of_Origin_Japan,10.596634733096073,10.758442,39998.99999999997,47024.344,-7025.343750000029,7025.343750000029,-17.56
28737,63046.0,361.0,Chevrolet,Blazer,,2025.0,4,SUV,of_Origin_USA,11.051635758976346,10.800053,63046.000000000015,49022.383,14023.617187500015,14023.617187500015,22.24
4236,29950.0,75578.0,Acura,TLX,,2021.0,4,Sedan,of_Origin_Japan,10.307317991967832,10.057617,29949.999999999996,23331.842,6618.158203124996,6618.158203124996,22.1
100,27999.0,191574.0,RAM,1500,,2019.0,baseline_value_here,baseline_value_here,of_Origin_USA,10.239959789157341,9.8909445,27999.000000000004,19749.705,8249.294921875004,8249.294921875004,29.46
1906,42999.0,48312.0,Audi,Q7,,2021.0,6,SUV,baseline_value_here,10.668955394675699,10.868308,42998.99999999997,52485.332,-9486.33203125003,9486.33203125003,-22.06
5114,67739.0,90.0,Audi,Q5,,2025.0,4,SUV,baseline_value_here,11.123432126371762,11.075891,67738.99999999996,64593.887,3145.1132812499563,3145.1132812499563,4.64
21924,40785.0,22231.0,Subaru,Outback,,2025.0,4,SUV,of_Origin_Japan,10.616094164252292,10.504744,40784.999999999985,36487.176,4297.824218749985,4297.824218749985,10.54
11295,31390.0,15145.0,Honda,HR-V,,2025.0,4,SUV,of_Origin_Japan,10.354276506607956,10.604467,31390.000000000025,40313.535,-8923.535156249975,8923.535156249975,-28.43
30091,43995.0,29541.0,Acura,RDX,,2024.0,4,SUV,of_Origin_Japan,10.691853999677008,10.436133,43995.00000000003,34067.668,9927.33203125003,9927.33203125003,22.56
33853,24888.0,132309.0,Mazda,CX-5,,2022.0,4,SUV,of_Origin_Japan,10.122181217776706,10.092809,24887.999999999985,24167.58,720.4199218749854,720.4199218749854,2.89
4014,59900.0,10201.0,Acura,ZDX,,2024.0,Electric,SUV,of_Origin_Japan,11.000448478455008,10.930934,59900.00000000002,55877.44,4022.558593750022,4022.558593750022,6.72
29233,12990.0,177078.0,Toyota,Corolla,Sedan,2016.0,4,Sedan,of_Origin_Japan,9.472012088995733,9.342337,12990.0,11410.041,1579.958984375,1579.958984375,12.16
10972,34000.0,83600.0,Genesis,G80,,2021.0,6,Sedan,of_Origin_South Korea,10.434145214930487,10.366239,33999.99999999999,31767.756,2232.2441406249927,2232.2441406249927,6.57
32019,25250.0,137083.0,Kia,Sorento,,2021.0,4,SUV,of_Origin_South Korea,10.136621037879685,9.826094,25249.99999999998,18509.504,6740.496093749982,6740.496093749982,26.7
11931,25988.0,75000.0,Hyundai,Tucson,,2023.0,4,SUV,of_Origin_South Korea,10.16542865055825,10.171558,25987.999999999985,26147.795,-159.79492187501455,159.79492187501455,-0.61
32474,25409.0,76810.0,Ford,Edge,,2023.0,4,SUV,of_Origin_USA,10.142898076314209,10.257146,25408.999999999978,28484.37,-3075.369140625022,3075.369140625022,-12.1
27513,31995.0,21967.0,Subaru,Crosstrek,,2024.0,4,SUV,of_Origin_Japan,10.373366173968712,10.413754,31994.99999999999,33313.715,-1318.714843750011,1318.714843750011,-4.12
24750,59999.0,49956.0,Volvo,XC90,,2024.0,4,SUV,of_Origin_Sweden,11.002099841204238,10.680863,59999.00000000002,43514.105,16484.894531250022,16484.894531250022,27.48
31171,4500.0,215145.0,Nissan,Pathfinder,,2011.0,6,SUV,of_Origin_Japan,8.412054873292933,9.057478,4499.999999999999,8581.478,-4081.477539062501,4081.477539062501,-90.7
8426,32888.0,78870.0,Chrysler,Grand,Caravan,2024.0,6,Minivan,of_Origin_USA,10.40089353434265,10.461478,32888.000000000015,34942.168,-2054.1679687499854,2054.1679687499854,-6.25
21171,42995.0,91539.0,RAM,1500,,2023.0,baseline_value_here,baseline_value_here,of_Origin_USA,10.668862367092954,10.567832,42995.0,38863.324,4131.67578125,4131.67578125,9.61
12761,61160.0,12049.0,Infiniti,QX50,,2025.0,4,SUV,of_Origin_Japan,11.021265010465248,10.667848,61159.999999999956,42951.395,18208.605468749956,18208.605468749956,29.77
16776,85070.0,250.0,Lincoln,Aviator,,2026.0,6,SUV,of_Origin_USA,11.351241480926113,11.32383,85069.99999999996,82769.72,2300.2812499999563,2300.2812499999563,2.7
490,44888.0,63432.0,GMC,Canyon,,2024.0,4,Pickup Truck,of_Origin_USA,10.71194805485153,10.597084,44888.0,40016.977,4871.0234375,4871.0234375,10.85
22648,23995.0,93200.0,Tesla,Model,3,2021.0,Electric,Sedan,of_Origin_USA,10.085642428772983,10.362234,23994.999999999993,31640.793,-7645.792968750007,7645.792968750007,-31.86
25608,43995.0,35712.0,Chevrolet,Colorado,,2024.0,4,Pickup Truck,of_Origin_USA,10.691853999677008,10.663665,43995.00000000003,42772.105,1222.894531250029,1222.894531250029,2.78
37546,16995.0,135680.0,Toyota,Corolla,Sedan,2020.0,4,Sedan,of_Origin_Japan,9.740733301234702,9.876489,16994.999999999993,19466.246,-2471.2460937500073,2471.2460937500073,-14.54
4024,41995.0,40752.0,Acura,RDX,,2023.0,4,SUV,of_Origin_Japan,10.645329654634832,10.373436,41995.0,31997.234,9997.765625,9997.765625,23.81
11167,47499.0,20810.0,Honda,Odyssey,,2025.0,6,Minivan,of_Origin_Japan,10.768484990022733,10.860993,47499.00000000002,52102.812,-4603.812499999978,4603.812499999978,-9.69
28008,25999.0,141229.0,Toyota,RAV,4,2021.0,4,SUV,of_Origin_Japan,10.165851817003619,10.027992,25998.999999999985,22650.746,3348.2539062499854,3348.2539062499854,12.88
6169,81740.0,226.0,Buick,Enclave,,2026.0,6,SUV,of_Origin_USA,11.311310990955839,11.238472,81739.99999999993,75997.734,5742.265624999927,5742.265624999927,7.03
11300,50999.0,22477.0,Honda,Odyssey,,2025.0,6,Minivan,of_Origin_Japan,10.839580911706463,10.862777,50999.00000000001,52195.816,-1196.8164062499927,1196.8164062499927,-2.35
27602,29799.0,89509.0,Volkswagen,Atlas,,2021.0,4,SUV,baseline_value_here,10.302263672493496,10.266863,29798.99999999999,28762.51,1036.490234374989,1036.490234374989,3.48
31549,13950.0,204000.0,Chrysler,Pacifica,,2017.0,6,Minivan,of_Origin_USA,9.543306469268108,9.355227,13950.000000000002,11558.091,2391.909179687502,2391.909179687502,17.15
21164,92999.0,11000.0,RAM,1500,,2026.0,baseline_value_here,baseline_value_here,of_Origin_USA,11.440354772135393,11.1560545,92999.00000000001,69985.28,23013.718750000015,23013.718750000015,24.75
8317,63498.0,6500.0,Chrysler,Pacifica,Hybrid,2024.0,6,Minivan,of_Origin_USA,11.058779436725285,10.928712,63497.999999999956,55753.414,7744.585937499956,7744.585937499956,12.2
3982,10888.0,224000.0,Acura,MDX,,2014.0,6,SUV,of_Origin_Japan,9.29550838434606,9.184981,10887.999999999996,9748.598,1139.4023437499964,1139.4023437499964,10.46
27832,39995.0,33735.0,Ford,Edge,,2024.0,4,SUV,of_Origin_USA,10.59653472809574,10.407117,39995.00000000001,33093.316,6901.683593750007,6901.683593750007,17.26
15318,42599.0,45000.0,Lexus,NX,,2022.0,4,SUV,of_Origin_Japan,10.659609532257463,10.318166,42599.00000000004,30276.67,12322.330078125036,12322.330078125036,28.93
17955,45647.0,11253.0,Mazda,CX-5,,2024.0,4,SUV,of_Origin_Japan,10.728715073453282,10.535207,45647.00000000003,37615.83,8031.171875000029,8031.171875000029,17.59
25080,27888.0,49417.0,Mercedes-Benz,C-Class,Coupe,2019.0,4,Coupe,baseline_value_here,10.23598762483351,10.484418,27888.00000000002,35753.016,-7865.015624999982,7865.015624999982,-28.2
4880,66839.0,90.0,Audi,A5,,2025.0,6,Coupe,baseline_value_here,11.11005698270933,11.322469,66838.99999999994,82657.16,-15818.156250000058,15818.156250000058,-23.67
2650,72499.0,74654.0,Mercedes-Benz,S-Class,,2018.0,6,Sedan,baseline_value_here,11.191341840842766,10.541674,72498.99999999996,37859.88,34639.121093749956,34639.121093749956,47.78
12102,46706.0,36721.0,Hyundai,Palisade,,2023.0,6,SUV,of_Origin_South Korea,10.751649325357784,10.779202,46705.999999999985,48010.816,-1304.8164062500146,1304.8164062500146,-2.79
16420,42977.0,56876.0,Lincoln,Aviator,,2022.0,6,SUV,of_Origin_USA,10.668443635842506,10.735082,42976.99999999998,45938.55,-2961.550781250022,2961.550781250022,-6.89
2663,27688.0,30031.0,Volkswagen,Tiguan,,2022.0,4,SUV,baseline_value_here,10.228790501392256,10.551059,27688.0,38216.88,-10528.87890625,10528.87890625,-38.03
16458,58998.0,110069.0,Lincoln,Navigator,,2022.0,6,SUV,of_Origin_USA,10.985275773591676,10.492075,58998.00000000001,36027.84,22970.160156250007,22970.160156250007,38.93
2333,31850.0,70188.0,Audi,SQ5,,2019.0,6,SUV,baseline_value_here,10.368824057681683,10.599966,31850.000000000022,40132.477,-8282.476562499978,8282.476562499978,-26.0
10216,47701.0,103976.0,GMC,Sierra,1500,2020.0,8,Pickup Truck,of_Origin_USA,10.772728604718623,10.57773,47701.000000000015,39249.92,8451.078125000015,8451.078125000015,17.72
6044,67327.0,7100.0,Buick,Enclave,,2026.0,6,SUV,of_Origin_USA,11.117331476657327,11.222226,67327.0,74773.05,-7446.046875,7446.046875,-11.06
4324,26987.0,66263.0,Audi,A4,Allroad Quattro,2019.0,4,Sedan,baseline_value_here,10.203147601747316,10.106972,26987.00000000001,24512.316,2474.683593750011,2474.683593750011,9.17
35454,42021.0,46870.0,Jeep,Wrangler,,2023.0,6,SUV,of_Origin_USA,10.645948569648995,10.838926,42021.00000000004,50965.625,-8944.624999999964,8944.624999999964,-21.29
8706,36488.0,104435.0,Dodge,Durango,,2023.0,6,SUV,of_Origin_USA,10.504766124286546,10.588678,36487.99999999998,39682.008,-3194.007812500022,3194.007812500022,-8.75
17091,65212.0,90.0,MINI,Countryman,,2027.0,4,SUV,of_Origin_UK,11.085414114542965,11.010478,65212.000000000044,60503.8,4708.199218750044,4708.199218750044,7.22
16116,44998.0,80387.0,Lincoln,Aviator,,2023.0,6,SUV,of_Origin_USA,10.714395546283317,10.649673,44997.99999999998,42177.82,2820.179687499978,2820.179687499978,6.27
4309,24590.0,104970.0,Acura,ILX,,2019.0,4,Sedan,of_Origin_Japan,10.11013580132114,9.931164,24590.000000000007,20560.256,4029.7441406250073,4029.7441406250073,16.39
34638,19900.0,124745.0,Audi,S5,,2014.0,6,Coupe,baseline_value_here,9.898525260706313,9.91991,19899.999999999993,20330.17,-430.1699218750073,430.1699218750073,-2.16
26613,63995.0,40769.0,Chevrolet,Silverado,1500,2024.0,8,Pickup Truck,of_Origin_USA,11.066575860388603,10.897634,63995.00000000005,54047.31,9947.691406250051,9947.691406250051,15.54
31111,87388.0,224.0,RAM,1500,,2026.0,baseline_value_here,baseline_value_here,of_Origin_USA,11.37812469559926,11.14261,87388.00000000007,69050.62,18337.382812500073,18337.382812500073,20.98
1895,11990.0,77819.0,Hyundai,Elantra,,2018.0,4,Sedan,of_Origin_South Korea,9.391911647379434,9.618844,11990.00000000001,15044.647,-3054.647460937491,3054.647460937491,-25.48
35478,46900.0,47102.0,Mercedes-Benz,C-Class,Sedan,2022.0,4,Sedan,baseline_value_here,10.75579427616868,10.496785,46899.99999999996,36197.94,10702.058593749964,10702.058593749964,22.82
1161,19895.0,94203.0,Honda,Accord,Sedan,2017.0,4,Sedan,of_Origin_Japan,9.898273985483241,9.758455,19895.000000000015,17298.887,2596.1132812500146,2596.1132812500146,13.05
22885,39595.0,22951.0,Toyota,RAV,4,2025.0,4,SUV,of_Origin_Japan,10.586483382039699,10.563083,39595.00000000004,38679.184,915.8164062500364,915.8164062500364,2.31
17991,13998.0,107187.0,Mazda,Mazda3,,2017.0,4,Sedan,of_Origin_Japan,9.546741177474825,9.73915,13997.999999999996,16968.113,-2970.1132812500036,2970.1132812500036,-21.22
5734,29998.0,89513.0,BMW,3,Series,2021.0,baseline_value_here,baseline_value_here,baseline_value_here,10.308919326755392,10.53327,29998.000000000025,37543.04,-7545.0390624999745,7545.0390624999745,-25.15
31041,21998.0,150.0,Nissan,Kicks,Play,2025.0,4,SUV,of_Origin_Japan,9.998752276761909,10.795328,21997.999999999996,48791.316,-26793.316406250004,26793.316406250004,-121.8
24978,37995.0,38052.0,Lincoln,Nautilus,,2022.0,4,SUV,of_Origin_USA,10.545236170010073,10.301421,37994.999999999985,29773.904,8221.095703124985,8221.095703124985,21.64
31178,70029.0,795.0,GMC,Sierra,1500,2026.0,8,Pickup Truck,of_Origin_USA,11.156679000649563,11.285876,70028.99999999994,79687.16,-9658.156250000058,9658.156250000058,-13.79
30889,13900.0,154000.0,BMW,X1,,2018.0,4,SUV,baseline_value_here,9.539716058977092,9.791419,13899.99999999999,17878.66,-3978.660156250009,3978.660156250009,-28.62
28077,23673.0,93399.0,Hyundai,Elantra,,2024.0,4,Sedan,of_Origin_South Korea,10.072132678513839,10.016088,23672.999999999996,22382.684,1290.3164062499964,1290.3164062499964,5.45
28671,33832.0,31368.0,Honda,CR-V,,2024.0,4,SUV,of_Origin_Japan,10.429191936530588,10.4122925,33832.000000000015,33265.043,566.9570312500146,566.9570312500146,1.68
7216,112888.0,56885.0,Cadillac,Escalade,,2024.0,8,SUV,of_Origin_USA,11.63416031403583,11.288654,112888.0000000001,79908.84,32979.1562500001,32979.1562500001,29.21
2676,26995.0,68892.0,Toyota,Camry,,2024.0,4,Sedan,of_Origin_Japan,10.203443985863297,10.141083,26994.999999999993,25362.914,1632.0859374999927,1632.0859374999927,6.05
36385,37500.0,18000.0,Ford,Focus,,2016.0,4,Hatchback,of_Origin_USA,10.53212287826962,9.679847,37500.00000000001,15991.046,21508.954101562507,21508.954101562507,57.36
28390,63038.0,12097.0,Cadillac,XT4,,2025.0,4,SUV,of_Origin_USA,11.05150886146178,10.690757,63037.999999999985,43946.754,19091.246093749985,19091.246093749985,30.29
34461,50000.0,7736.0,Hyundai,Tucson,Hybrid,2025.0,4,SUV,of_Origin_South Korea,10.819798284210286,10.632302,50000.000000000015,41451.45,8548.550781250015,8548.550781250015,17.1
8496,44495.0,56931.0,Chrysler,Pacifica,,2025.0,6,Minivan,of_Origin_USA,10.703154576473747,10.651537,44495.00000000002,42256.492,2238.507812500022,2238.507812500022,5.03
10118,14990.0,181246.0,GMC,Terrain,,2018.0,4,SUV,of_Origin_USA,9.615205300012315,9.393042,14990.000000000004,12003.557,2986.4433593750036,2986.4433593750036,19.92
16714,63945.0,499.0,Lincoln,Nautilus,,2026.0,4,SUV,of_Origin_USA,11.065794256184425,10.903771,63945.00000000001,54380.07,9564.929687500007,9564.929687500007,14.96
1471,30887.0,40927.0,Ford,Escape,,2023.0,4,SUV,of_Origin_USA,10.338123037944072,10.458067,30887.0,34823.168,-3936.16796875,3936.16796875,-12.74
25604,44998.0,62235.0,Toyota,Sienna,,2022.0,4,Minivan,of_Origin_Japan,10.714395546283317,10.729707,44997.99999999998,45692.293,-694.2929687500218,694.2929687500218,-1.54
21909,25786.0,111459.0,Subaru,Forester,,2021.0,4,SUV,of_Origin_Japan,10.157625767952561,10.108036,25786.000000000007,24538.42,1247.5800781250073,1247.5800781250073,4.84
4405,15995.0,168284.0,Audi,Q5,,2018.0,4,SUV,baseline_value_here,9.680093969966709,9.6652775,15995.0,15759.742,235.2578125,235.2578125,1.47
8781,56495.0,7726.0,Dodge,Challenger,,2023.0,6,Coupe,of_Origin_USA,10.941925118168168,11.152539,56495.00000000002,69739.695,-13244.695312499978,13244.695312499978,-23.44
13142,64810.0,90.0,Infiniti,QX55,,2025.0,4,SUV,of_Origin_Japan,11.079230621020361,10.9166975,64810.00000000002,55087.566,9722.433593750022,9722.433593750022,15.0
22718,18450.0,134000.0,Toyota,C-HR,,2019.0,4,SUV,of_Origin_Japan,9.822873848541882,9.895824,18449.999999999985,19846.324,-1396.3242187500146,1396.3242187500146,-7.57
8375,19995.0,107803.0,Chrysler,Pacifica,,2017.0,6,Minivan,of_Origin_USA,9.903287532533462,9.780205,19995.00000000001,17679.273,2315.726562500011,2315.726562500011,11.58
7093,22261.0,146584.0,Cadillac,XT4,,2019.0,4,SUV,of_Origin_USA,10.010636468053171,9.726698,22261.0,16758.121,5502.87890625,5502.87890625,24.72
21023,57210.0,1211.0,RAM,ProMaster,Cargo Van,2025.0,6,Van,of_Origin_USA,10.954501466571443,10.910047,57210.000000000015,54722.395,2487.6054687500146,2487.6054687500146,4.35
28331,63867.0,28625.0,Mercedes-Benz,C-Class,Convertible,2023.0,4,Sedan,baseline_value_here,11.064573732459593,10.44606,63867.00000000005,34407.543,29459.45703125005,29459.45703125005,46.13
33211,13500.0,90350.0,Ford,Escape,,2018.0,4,SUV,of_Origin_USA,9.510519035757246,9.796299,13500.000000000004,17966.125,-4466.124999999996,4466.124999999996,-33.08
9300,72945.0,4088.0,Ford,Bronco,,2026.0,4,SUV,of_Origin_USA,11.197474720370833,10.814554,72944.99999999996,49738.477,23206.523437499956,23206.523437499956,31.81
266,22995.0,76171.0,Honda,Civic,Sedan,2022.0,4,Sedan,of_Origin_Japan,10.043075566743182,10.103461,22995.000000000015,24426.412,-1431.4121093749854,1431.4121093749854,-6.22
2202,59945.0,33094.0,Chevrolet,Traverse,,2026.0,6,SUV,of_Origin_USA,11.001199435961073,11.110974,59944.99999999998,66900.34,-6955.343750000022,6955.343750000022,-11.6
9304,16297.0,100689.0,Ford,Escape,,2020.0,4,SUV,of_Origin_USA,9.698797679880165,10.022897,16297.000000000005,22535.62,-6238.6191406249945,6238.6191406249945,-38.28
2088,38988.0,78600.0,Jeep,Wrangler,Unlimited,2021.0,6,SUV,of_Origin_USA,10.571034834045788,10.5076065,38987.999999999985,36591.79,2396.2109374999854,2396.2109374999854,6.15
34682,11998.0,132171.0,Volkswagen,Tiguan,,2017.0,4,SUV,baseline_value_here,9.392578591964389,9.821335,11998.0,18421.625,-6423.625,6423.625,-53.54
12171,38888.0,73372.0,Hyundai,Palisade,,2023.0,6,SUV,of_Origin_South Korea,10.568466713268153,10.65748,38888.000000000015,42508.387,-3620.3867187499854,3620.3867187499854,-9.31
18704,64500.0,79875.0,Mercedes-Benz,GLS,,2021.0,8,SUV,baseline_value_here,11.07443600653965,11.067829,64500.000000000015,64075.254,424.74609375001455,424.74609375001455,0.66
22938,35888.0,63270.0,Toyota,Highlander,,2021.0,6,SUV,of_Origin_Japan,10.488186120839014,10.553656,35888.00000000001,38316.258,-2428.2578124999927,2428.2578124999927,-6.77
30892,15950.0,81751.0,Hyundai,Kona,,2020.0,4,SUV,of_Origin_South Korea,9.677276802172448,9.956536,15950.000000000004,21088.621,-5138.621093749996,5138.621093749996,-32.22
35074,7900.0,125000.0,Chrysler,Town,& Country,2015.0,6,Minivan,of_Origin_USA,8.974744612722734,9.366558,7900.000000000007,11689.807,-3789.8066406249927,3789.8066406249927,-47.97
22806,40498.0,50350.0,Toyota,RAV,4,2023.0,4,SUV,of_Origin_Japan,10.60903256143177,10.364835,40498.000000000015,31723.191,8774.808593750015,8774.808593750015,21.67
34847,23498.0,60275.0,Volkswagen,Jetta,GLI,2021.0,4,Sedan,baseline_value_here,10.064713146035349,10.314163,23498.000000000007,30155.725,-6657.724609374993,6657.724609374993,-28.33
35024,33897.0,26691.0,Kia,Seltos,,2024.0,4,SUV,of_Origin_South Korea,10.431111294577999,10.365594,33896.99999999997,31747.283,2149.716796874971,2149.716796874971,6.34
5341,64997.0,3489.0,BMW,X1,,2026.0,4,SUV,baseline_value_here,11.082111779173623,10.989892,64997.00000000002,59270.984,5726.015625000022,5726.015625000022,8.81
26987,5500.0,163000.0,Kia,Sorento,,2013.0,4,SUV,of_Origin_South Korea,8.612685172875459,8.881962,5500.000000000004,7199.904,-1699.9038085937464,1699.9038085937464,-30.91
25828,36888.0,20449.0,Mazda,CX-5,,2024.0,4,SUV,of_Origin_Japan,10.515668682606062,10.422493,36887.99999999998,33606.113,3281.886718749978,3281.886718749978,8.9
25209,56888.0,26000.0,Mercedes-Benz,GLC,,2024.0,4,SUV,baseline_value_here,10.948857279808518,10.841187,56887.99999999999,51080.953,5807.046874999993,5807.046874999993,10.21
171,20175.0,134082.0,Honda,CR-V,,2019.0,4,SUV,of_Origin_Japan,9.9122490582047,9.868717,20174.999999999996,19315.543,859.4570312499964,859.4570312499964,4.26
34228,34895.0,90552.0,Volkswagen,Atlas,Cross Sport,2024.0,4,SUV,baseline_value_here,10.46012748844141,10.425541,34894.999999999985,33708.7,1186.3007812499854,1186.3007812499854,3.4
33555,53995.0,64166.0,Toyota,4-Runner,,2022.0,6,SUV,of_Origin_Japan,10.896665248728718,10.654518,53995.00000000002,42382.656,11612.343750000022,11612.343750000022,21.51
11968,18067.0,86778.0,Hyundai,Elantra,,2022.0,4,Sedan,of_Origin_South Korea,9.801897696774494,9.936614,18066.999999999993,20672.625,-2605.6250000000073,2605.6250000000073,-14.42
8873,12995.0,148452.0,Dodge,Grand,Caravan,2019.0,6,Minivan,of_Origin_USA,9.472396896788991,9.834282,12995.000000000005,18661.695,-5666.6953124999945,5666.6953124999945,-43.61
37494,12999.0,94638.0,Chevrolet,Cruze,,2018.0,4,Sedan,of_Origin_USA,9.472704636443673,9.641512,12998.99999999999,15389.596,-2390.595703125009,2390.595703125009,-18.39
1978,44995.0,67596.0,BMW,X3,,2021.0,4,SUV,baseline_value_here,10.714328875912717,10.363909,44995.00000000001,31693.828,13301.171875000007,13301.171875000007,29.56
467,44988.0,136858.0,Chevrolet,Tahoe,,2020.0,8,SUV,of_Origin_USA,10.7141732944266,10.82537,44987.99999999999,50279.36,-5291.359375000007,5291.359375000007,-11.76
35619,57988.0,17444.0,Lincoln,Nautilus,,2024.0,4,SUV,of_Origin_USA,10.968008616369326,10.443183,57988.000000000015,34308.684,23679.316406250015,23679.316406250015,40.83
33601,26988.0,70800.0,Chevrolet,Equinox,,2023.0,4,SUV,of_Origin_USA,10.203184654566114,10.281972,26988.000000000004,29200.4,-2212.4003906249964,2212.4003906249964,-8.2
14176,29888.0,17184.0,Kia,Sportage,,2024.0,4,SUV,of_Origin_South Korea,10.305245798712965,10.374056,29887.99999999998,32017.074,-2129.074218750018,2129.074218750018,-7.12
30477,11988.0,113850.0,Chevrolet,Trax,,2017.0,4,SUV,of_Origin_USA,9.391744841707654,9.578631,11988.000000000004,14451.626,-2463.6259765624964,2463.6259765624964,-20.55
8295,27880.0,109123.0,Chrysler,Pacifica,,2022.0,6,Minivan,of_Origin_USA,10.235700732236957,10.288097,27879.99999999998,29379.82,-1499.8203125000182,1499.8203125000182,-5.38
13831,20950.0,64000.0,Kia,Sportage,,2020.0,4,SUV,of_Origin_South Korea,9.949941656908011,10.018432,20949.999999999985,22435.215,-1485.2148437500146,1485.2148437500146,-7.09
1563,31995.0,42000.0,Ford,Maverick,,2022.0,4,Pickup Truck,of_Origin_USA,10.373366173968712,10.5261,31994.99999999999,37274.82,-5279.820312500011,5279.820312500011,-16.5
24827,26995.0,97811.0,Volvo,XC60,,2019.0,4,SUV,of_Origin_Sweden,10.203443985863297,10.220014,26994.999999999993,27446.041,-451.0410156250073,451.0410156250073,-1.67
4757,73730.0,5663.0,Audi,Q5,,2025.0,4,SUV,baseline_value_here,11.208178613891855,10.9094925,73729.99999999997,54692.082,19037.91796874997,19037.91796874997,25.82
6715,98900.0,4500.0,Cadillac,Lyriq,,2026.0,Electric,SUV,of_Origin_USA,11.501874628783144,11.190829,98900.00000000003,72461.85,26438.14843750003,26438.14843750003,26.73
33160,27450.0,56000.0,Mazda,Mazda3,,2024.0,4,Sedan,of_Origin_Japan,10.22015787614662,10.224967,27450.000000000004,27582.334,-132.33398437499636,132.33398437499636,-0.48
17245,30588.0,52963.0,MINI,3,Door,2022.0,baseline_value_here,baseline_value_here,of_Origin_UK,10.3283957461889,10.271857,30588.00000000001,28906.525,1681.474609375011,1681.474609375011,5.5
8413,42988.0,31984.0,Chrysler,Pacifica,,2024.0,6,Minivan,of_Origin_USA,10.66869954799624,10.641186,42988.00000000001,41821.332,1166.6679687500073,1166.6679687500073,2.71
28242,40000.0,76000.0,BMW,M6,,2009.0,baseline_value_here,Coupe,baseline_value_here,10.596659732783579,10.595597,40000.0,39957.523,42.4765625,42.4765625,0.11
27372,27990.0,112997.0,Audi,S5,Coupe,2018.0,6,Hatchback,baseline_value_here,10.239638308916676,10.086146,27989.99999999999,24007.096,3982.904296874989,3982.904296874989,14.23
13820,16990.0,142518.0,Kia,Sorento,,2019.0,4,SUV,of_Origin_South Korea,9.740439071085758,9.621209,16989.99999999999,15080.274,1909.725585937489,1909.725585937489,11.24
31469,5900.0,121890.0,Audi,A6,Sedan,2007.0,6,Sedan,baseline_value_here,8.682877107057168,9.364638,5899.999999999995,11667.385,-5767.384765625005,5767.384765625005,-97.75
8234,51687.0,7.0,Chrysler,Grand,Caravan,2027.0,6,Minivan,of_Origin_USA,10.852980925238,10.899387,51686.999999999956,54142.184,-2455.1835937500437,2455.1835937500437,-4.75
28830,35694.0,89663.0,Chevrolet,Camaro,,2015.0,6,Coupe,of_Origin_USA,10.482765901936562,9.890391,35694.00000000002,19738.783,15955.216796875022,15955.216796875022,44.7
35030,17488.0,115150.0,Honda,Civic,Coupe,2016.0,4,Sedan,of_Origin_Japan,9.769327390849192,9.547513,17488.000000000007,14008.809,3479.1914062500073,3479.1914062500073,19.89
32755,10490.0,137217.0,Nissan,Versa,Note,2018.0,4,Sedan,of_Origin_Japan,9.258273025731485,9.72042,10489.999999999998,16653.236,-6163.236328125002,6163.236328125002,-58.75
252,19999.0,39805.0,Nissan,Sentra,,2024.0,4,Sedan,of_Origin_Japan,9.903487552536127,10.234258,19998.99999999998,27839.795,-7840.794921875018,7840.794921875018,-39.21
19693,48978.0,90.0,Nissan,Murano,,2025.0,6,SUV,of_Origin_Japan,10.79914691380121,11.181949,48977.99999999996,71821.18,-22843.179687500036,22843.179687500036,-46.64
17447,37995.0,11500.0,MINI,5,Door,2025.0,baseline_value_here,baseline_value_here,of_Origin_UK,10.545236170010073,10.686781,37994.999999999985,43772.37,-5777.371093750015,5777.371093750015,-15.21
24736,37999.0,16613.0,Volvo,XC40,,2025.0,4,SUV,of_Origin_Sweden,10.545341438708522,10.919067,37998.999999999985,55218.277,-17219.277343750015,17219.277343750015,-45.32
14821,15999.0,119727.0,Land,Rover,Range Rover Evoque,2017.0,6,SUV,baseline_value_here,9.680344001221918,10.170011,15999.000000000002,26107.354,-10108.353515624998,10108.353515624998,-63.18
16127,11995.0,116017.0,Lincoln,MKZ,,2015.0,6,Sedan,of_Origin_USA,9.392328539868899,9.635651,11994.99999999999,15299.65,-3304.650390625009,3304.650390625009,-27.55
18678,60900.0,9620.0,Mercedes-Benz,CLA,,2023.0,4,Sedan,baseline_value_here,11.017004873924424,10.499569,60900.000000000044,36298.85,24601.148437500044,24601.148437500044,40.4
16509,58888.0,27449.0,Lincoln,Aviator,,2023.0,6,SUV,of_Origin_USA,10.983409594982758,10.864306,58888.00000000001,52275.723,6612.277343750007,6612.277343750007,11.23
22840,18888.0,101828.0,Toyota,Corolla,Sedan,2021.0,4,Sedan,of_Origin_Japan,9.84633502103182,10.004662,18888.0,22128.383,-3240.3828125,3240.3828125,-17.16
2383,15995.0,149889.0,Hyundai,Kona,,2021.0,4,SUV,of_Origin_South Korea,9.680093969966709,9.770918,15995.0,17515.838,-1520.837890625,1520.837890625,-9.51
492,56995.0,149851.0,Mercedes-Benz,GLS,,2021.0,8,SUV,baseline_value_here,10.95073636891568,10.821531,56995.0,50086.727,6908.2734375,6908.2734375,12.12
2724,14999.0,149230.0,Subaru,Crosstrek,,2018.0,4,SUV,of_Origin_Japan,9.615805480084347,9.73322,14999.000000000004,16867.783,-1868.7832031249964,1868.7832031249964,-12.46
15181,88009.0,75.0,Land,Rover,Defender,2025.0,4,SUV,baseline_value_here,11.385205723367857,10.987447,88008.99999999999,59126.227,28882.773437499985,28882.773437499985,32.82
34744,52995.0,37952.0,Toyota,Sienna,,2024.0,4,Minivan,of_Origin_Japan,10.877971717988014,10.823834,52995.00000000004,50202.22,2792.7812500000364,2792.7812500000364,5.27
23446,33965.0,114202.0,Volkswagen,Atlas,,2022.0,4,SUV,baseline_value_here,10.433115303264715,10.261577,33965.00000000002,28610.861,5354.138671875022,5354.138671875022,15.76
4539,35990.0,112818.0,Audi,Q7,,2022.0,6,SUV,baseline_value_here,10.491024186183038,10.782107,35990.000000000015,48150.49,-12160.488281249985,12160.488281249985,-33.79
27201,120000.0,195000.0,BMW,X1,,2016.0,4,SUV,baseline_value_here,11.695255355062795,9.307877,120000.00000000004,11023.514,108976.48632812504,108976.48632812504,90.81
25335,14888.0,200000.0,Audi,Q7,,2017.0,6,SUV,baseline_value_here,9.608377964255551,9.749736,14888.000000000005,17148.697,-2260.6972656249945,2260.6972656249945,-15.18
8428,37988.0,49472.0,Chrysler,Pacifica,,2024.0,6,Minivan,of_Origin_USA,10.545051923118718,10.582788,37988.00000000001,39448.965,-1460.9648437499927,1460.9648437499927,-3.85
2308,23995.0,78353.0,Ford,Edge,,2023.0,4,SUV,of_Origin_USA,10.085642428772983,10.25562,23994.999999999993,28440.938,-4445.937500000007,4445.937500000007,-18.53
33916,11500.0,127000.0,Cadillac,CTS,Coupe,2011.0,6,Sedan,of_Origin_USA,9.350189267092581,9.128955,11499.999999999998,9217.383,2282.617187499998,2282.617187499998,19.85
23037,46388.0,118335.0,Toyota,4-Runner,,2022.0,6,SUV,of_Origin_Japan,10.74481764114354,10.425708,46387.99999999996,33714.33,12673.671874999964,12673.671874999964,27.32
38240,35819.0,25.0,Kia,Seltos,,2027.0,4,SUV,of_Origin_South Korea,10.486261675614703,10.474857,35819.0,35412.816,406.18359375,406.18359375,1.13
17345,11888.0,172449.0,MINI,Countryman,,2016.0,4,SUV,of_Origin_UK,9.383368881858544,9.280926,11887.999999999996,10730.362,1157.6376953124964,1157.6376953124964,9.74
17638,8990.0,254564.0,Mazda,Mazda3,,2018.0,4,Sedan,of_Origin_Japan,9.103979355984773,9.254604,8990.000000000002,10451.582,-1461.5820312499982,1461.5820312499982,-16.26
11886,5990.0,244775.0,Hyundai,Elantra,,2016.0,4,Sedan,of_Origin_South Korea,8.698013622083925,8.577544,5990.000000000002,5310.047,679.9531250000018,679.9531250000018,11.35
4581,44995.0,72523.0,Audi,Q7,,2022.0,6,SUV,baseline_value_here,10.714328875912717,10.879947,44995.00000000001,53099.77,-8104.769531249993,8104.769531249993,-18.01
2220,33888.0,36521.0,Honda,CR-V,,2024.0,4,SUV,of_Origin_Japan,10.43084575693648,10.431596,33888.000000000015,33913.43,-25.429687499985448,25.429687499985448,-0.08
27429,35944.0,64450.0,Ford,Escape,,2022.0,4,SUV,of_Origin_USA,10.489745271417972,10.254386,35943.99999999999,28405.86,7538.140624999993,7538.140624999993,20.97
30040,52468.0,6883.0,Audi,Q5,,2025.0,4,SUV,baseline_value_here,10.867977797989518,10.919051,52468.00000000003,55217.383,-2749.382812499971,2749.382812499971,-5.24
27912,33995.0,29222.0,Nissan,370Z,Coupe,2020.0,6,Coupe,of_Origin_Japan,10.433998149618517,10.722762,33995.00000000002,45376.066,-11381.066406249978,11381.066406249978,-33.48
2367,86980.0,5.0,GMC,Sierra,1500,2025.0,8,Pickup Truck,of_Origin_USA,11.373444982981379,11.181494,86980.00000000003,71788.516,15191.48437500003,15191.48437500003,17.47
17622,38998.0,27582.0,Mazda,CX-50,,2025.0,4,SUV,of_Origin_Japan,10.571291283757406,10.558938,38997.99999999999,38519.2,478.8007812499927,478.8007812499927,1.23
34996,21995.0,180700.0,Toyota,Highlander,,2018.0,6,SUV,of_Origin_Japan,9.998615897627705,9.777548,21994.999999999985,17632.36,4362.640624999985,4362.640624999985,19.83
24885,29995.0,62310.0,Chevrolet,Camaro,,2021.0,6,Coupe,of_Origin_USA,10.30881931842128,10.672746,29995.000000000007,43162.293,-13167.292968749993,13167.292968749993,-43.9
19375,32500.0,55022.0,Mitsubishi,Outlander,,2024.0,4,SUV,of_Origin_Japan,10.389026137075234,10.397076,32499.99999999997,32762.674,-262.6738281250291,262.6738281250291,-0.81
3998,28880.0,134593.0,Acura,MDX,,2020.0,6,SUV,of_Origin_Japan,10.270939218446076,10.202339,28879.999999999985,26965.191,1914.8085937499854,1914.8085937499854,6.63
37346,37999.0,93500.0,BMW,4,Series,2019.0,baseline_value_here,baseline_value_here,baseline_value_here,10.545341438708522,10.429527,37998.999999999985,33843.348,4155.652343749985,4155.652343749985,10.94
9053,38995.0,982.0,Dodge,Hornet,,2024.0,4,SUV,of_Origin_USA,10.571214355749163,10.6107645,38995.00000000003,40568.203,-1573.203124999971,1573.203124999971,-4.03
30359,31995.0,45895.0,Toyota,Corolla,Cross,2022.0,4,Sedan,of_Origin_Japan,10.373366173968712,10.168946,31994.99999999999,26079.58,5915.419921874989,5915.419921874989,18.49
34244,13995.0,150513.0,Toyota,RAV,4,2012.0,4,SUV,of_Origin_Japan,9.54652685348758,9.172431,13995.00000000001,9627.002,4367.998046875009,4367.998046875009,31.21
35147,28995.0,210901.0,Honda,CR-V,,2023.0,4,SUV,of_Origin_Japan,10.274913168420769,9.895814,28995.000000000007,19846.115,9148.884765625007,9148.884765625007,31.55
5692,8995.0,166000.0,BMW,3,Series,2015.0,baseline_value_here,baseline_value_here,baseline_value_here,9.104535313079205,9.616599,8994.999999999993,15010.909,-6015.909179687507,6015.909179687507,-66.88
17305,27488.0,100656.0,MINI,Countryman,,2023.0,4,SUV,of_Origin_UK,10.221541203633324,10.24354,27488.000000000022,28099.42,-611.4199218749782,611.4199218749782,-2.22
1140,41488.0,74511.0,Ford,F-150,,2020.0,6,Pickup Truck,of_Origin_USA,10.633183610843151,10.599659,41487.99999999998,40120.152,1367.8476562499782,1367.8476562499782,3.3
17558,18500.0,45893.0,MINI,Clubman,,2017.0,4,Wagon,of_Origin_UK,9.825580063659602,9.8480835,18500.0,18921.057,-421.056640625,421.056640625,-2.28
11040,27450.0,117000.0,Honda,Pilot,,2019.0,6,SUV,of_Origin_Japan,10.22015787614662,10.190985,27450.000000000004,26660.736,789.2636718750036,789.2636718750036,2.88
36528,23495.0,170082.0,Chevrolet,Silverado,1500,2016.0,8,Pickup Truck,of_Origin_USA,10.064585472878456,9.982153,23494.999999999993,21635.846,1859.1542968749927,1859.1542968749927,7.91
22395,20790.0,121412.0,Tesla,Model,3,2018.0,Electric,Sedan,of_Origin_USA,9.942275479743389,10.029818,20790.000000000004,22692.13,-1902.1308593749964,1902.1308593749964,-9.15
18679,48186.0,12500.0,Mercedes-Benz,GLB,,2025.0,4,SUV,baseline_value_here,10.782844554116963,10.886016,48185.999999999985,53423.027,-5237.027343750015,5237.027343750015,-10.87
5024,86640.0,90.0,Audi,SQ5,,2025.0,6,SUV,baseline_value_here,11.36952842362119,11.425397,86639.99999999997,91618.27,-4978.273437500029,4978.273437500029,-5.75
29771,10995.0,264157.0,Hyundai,Santa,Fe XL,2019.0,4,SUV,of_Origin_South Korea,9.305286849285137,8.763527,10995.000000000007,6395.6323,4599.367675781257,4599.367675781257,41.83
12824,32426.0,35501.0,Infiniti,Q50,,2023.0,6,Sedan,of_Origin_Japan,10.386746688084312,10.701995,32425.999999999975,44443.43,-12017.429687500025,12017.429687500025,-37.06
5129,70139.0,90.0,Audi,A5,,2025.0,6,Coupe,baseline_value_here,11.15824852369417,11.322469,70139.00000000001,82657.16,-12518.156249999985,12518.156249999985,-17.85
21822,25770.0,79000.0,Subaru,WRX,,2020.0,4,Sedan,of_Origin_Japan,10.15700510770532,10.094721,25769.999999999996,24213.838,1556.1621093749964,1556.1621093749964,6.04
13303,52995.0,4538.0,Jeep,Wrangler,,2025.0,6,SUV,of_Origin_USA,10.877971717988014,11.107797,52995.00000000004,66688.09,-13693.093749999964,13693.093749999964,-25.84
960,51700.0,269.0,Honda,CR-V,Hybrid,2026.0,4,SUV,of_Origin_Japan,10.853232402669228,10.993953,51700.00000000003,59512.16,-7812.160156249971,7812.160156249971,-15.11
23720,25288.0,16550.0,Volkswagen,Jetta,,2025.0,4,Sedan,baseline_value_here,10.138124797561552,10.561179,25288.000000000004,38605.625,-13317.624999999996,13317.624999999996,-52.66
3892,48900.0,36795.0,Acura,MDX,,2022.0,6,SUV,of_Origin_Japan,10.797553125151618,10.725115,48900.00000000001,45482.953,3417.0468750000073,3417.0468750000073,6.99
22864,35588.0,135340.0,Toyota,Highlander,,2020.0,6,SUV,of_Origin_Japan,10.479791880329213,10.202339,35587.99999999999,26965.191,8622.808593749993,8622.808593749993,24.23
16505,34500.0,120000.0,Lincoln,Aviator,,2020.0,6,SUV,of_Origin_USA,10.448743588106625,10.277325,34499.99999999998,29065.008,5434.992187499978,5434.992187499978,15.75
20685,50990.0,44149.0,Porsche,Macan,,2022.0,4,SUV,baseline_value_here,10.839404425545462,10.515227,50990.000000000044,36871.723,14118.277343750044,14118.277343750044,27.69
38087,30995.0,1565.0,Nissan,Rogue,,2026.0,4,SUV,of_Origin_Japan,10.34161344288384,10.774171,30994.99999999999,47769.848,-16774.84765625001,16774.84765625001,-54.12
16831,72345.0,250.0,Lincoln,Nautilus,,2026.0,4,SUV,of_Origin_USA,11.189215443730982,10.967007,72344.99999999997,57929.93,14415.07031249997,14415.07031249997,19.93
4550,25888.0,122100.0,Audi,S4,Sedan,2018.0,6,Sedan,baseline_value_here,10.161573447047902,10.308044,25887.999999999993,29971.766,-4083.7656250000073,4083.7656250000073,-15.77
20525,21880.0,75730.0,Nissan,Rogue,,2023.0,4,SUV,of_Origin_Japan,9.99337395933065,10.293478,21879.99999999998,29538.334,-7658.333984375018,7658.333984375018,-35.0
455,59900.0,29739.0,Volvo,XC60,Recharge,2024.0,4,SUV,of_Origin_Sweden,11.000448478455008,10.745246,59900.00000000002,46407.87,13492.128906250022,13492.128906250022,22.52
20609,49880.0,75000.0,Porsche,Cayenne,,2019.0,6,SUV,baseline_value_here,10.817395447708488,10.58545,49879.99999999996,39554.11,10325.890624999964,10325.890624999964,20.7
24636,27999.0,88375.0,Volvo,S60,,2022.0,4,Sedan,of_Origin_Sweden,10.239959789157341,10.290261,27999.000000000004,29443.467,-1444.4667968749964,1444.4667968749964,-5.16
22658,17990.0,153954.0,Tesla,Model,3,2021.0,Electric,Sedan,of_Origin_USA,9.79762691183662,10.167106,17990.000000000004,26031.621,-8041.621093749996,8041.621093749996,-44.7
35388,24800.0,57211.0,Volkswagen,Taos,,2022.0,4,SUV,baseline_value_here,10.118639253920785,10.504068,24799.999999999985,36462.547,-11662.546875000015,11662.546875000015,-47.03
2003,13777.0,70000.0,Toyota,Yaris,,2015.0,4,Hatchback,of_Origin_Japan,9.530828396153142,9.521368,13777.000000000011,13647.27,129.7304687500109,129.7304687500109,0.94
6231,28189.0,17915.0,Buick,Encore,GX,2024.0,4,SUV,of_Origin_USA,10.246722584108158,10.443183,28188.999999999978,34308.684,-6119.683593750022,6119.683593750022,-21.71
33640,17488.0,80000.0,RAM,Promaster,,2016.0,6,Van,of_Origin_USA,9.769327390849192,9.914901,17488.000000000007,20228.572,-2740.5722656249927,2740.5722656249927,-15.67
38105,8600.0,149000.0,Hyundai,ACCENT,,2015.0,4,Hatchback,of_Origin_South Korea,9.059633754551479,8.903056,8599.999999999995,7353.4155,1246.5844726562445,1246.5844726562445,14.5
32740,39000.0,68844.0,BMW,X5,,2020.0,6,SUV,baseline_value_here,10.571342565808699,10.756477,39000.0,46932.047,-7932.046875,7932.046875,-20.34
36275,1500.0,82376.0,Toyota,Camry,,2005.0,4,Sedan,of_Origin_Japan,7.313886831633462,8.871058,1499.9999999999998,7121.8164,-5621.81640625,5621.81640625,-374.79
37291,75099.0,4855.0,Mercedes-Benz,C-Class,Sedan,2026.0,4,Sedan,baseline_value_here,11.226575837752225,10.766545,75098.99999999994,47406.953,27692.04687499994,27692.04687499994,36.87
16216,23490.0,97124.0,Lincoln,MKT,,2018.0,6,SUV,of_Origin_USA,10.064372648053766,10.12978,23490.000000000015,25077.842,-1587.8417968749854,1587.8417968749854,-6.76
36921,22999.0,125224.0,Nissan,Rogue,,2023.0,4,SUV,of_Origin_Japan,10.043249494911286,10.174565,22998.999999999993,26226.541,-3227.5410156250073,3227.5410156250073,-14.03
4591,16995.0,156338.0,Audi,Q5,,2018.0,4,SUV,baseline_value_here,9.740733301234702,9.760152,16994.999999999993,17328.264,-333.2636718750073,333.2636718750073,-1.96
20359,16999.0,73999.0,Nissan,Kicks,,2021.0,4,SUV,of_Origin_Japan,9.740968623038354,10.157093,16999.00000000001,25772.266,-8773.265624999989,8773.265624999989,-51.61
20228,25995.0,31099.0,Nissan,Rogue,,2023.0,4,SUV,of_Origin_Japan,10.16569795901424,10.375556,25995.00000000002,32065.143,-6070.142578124982,6070.142578124982,-23.35
22688,27887.0,98136.0,Tesla,Model,S,2017.0,Electric,Sedan,of_Origin_USA,10.235951767759802,10.240773,27887.000000000007,28021.785,-134.78515624999272,134.78515624999272,-0.48
4041,30968.0,81281.0,Acura,TLX,,2021.0,4,Sedan,of_Origin_Japan,10.3407419831337,10.025339,30968.000000000015,22590.729,8377.271484375015,8377.271484375015,27.05
15453,44488.0,53000.0,Lexus,NX,,2022.0,4,SUV,of_Origin_Japan,10.702997246586362,10.336208,44488.0,30827.916,13660.083984375,13660.083984375,30.71
1591,18995.0,65667.0,Hyundai,Elantra,,2022.0,4,Sedan,of_Origin_South Korea,9.851983709669012,9.998816,18994.999999999993,21999.393,-3004.3925781250073,3004.3925781250073,-15.82
13559,49610.0,80432.0,Jeep,Grand,Cherokee L,2022.0,6,SUV,of_Origin_USA,10.811967862318307,10.574597,49610.00000000003,39127.15,10482.85156250003,10482.85156250003,21.13
28685,39950.0,117935.0,RAM,1500,,2022.0,baseline_value_here,baseline_value_here,of_Origin_USA,10.595408982170255,10.428013,39950.00000000003,33792.133,6157.867187500029,6157.867187500029,15.41
7989,38995.0,127585.0,Chevrolet,Silverado,1500,2023.0,8,Pickup Truck,of_Origin_USA,10.571214355749163,10.709649,38995.00000000003,44784.92,-5789.921874999971,5789.921874999971,-14.85
36610,33988.0,161323.0,Honda,CR-V,Hybrid,2024.0,4,SUV,of_Origin_Japan,10.433792221839603,10.341056,33988.00000000001,30977.723,3010.2773437500073,3010.2773437500073,8.86
9461,16950.0,114042.0,Ford,Explorer,,2018.0,6,SUV,of_Origin_USA,9.738082108118487,10.046914,16950.00000000001,23083.441,-6133.441406249989,6133.441406249989,-36.19
21833,16900.0,79257.0,Subaru,Forester,,2015.0,4,SUV,of_Origin_Japan,9.735128070758227,9.62246,16899.999999999985,15099.156,1800.8437499999854,1800.8437499999854,10.66
14244,5999.0,226510.0,Kia,Forte,,2016.0,4,Sedan,of_Origin_South Korea,8.699514748210191,8.669176,5998.999999999995,5819.7017,179.29833984374545,179.29833984374545,2.99
21826,23770.0,113000.0,Subaru,Forester,,2020.0,4,SUV,of_Origin_Japan,10.076221629305257,10.058552,23770.000000000015,23353.66,416.33984375001455,416.33984375001455,1.75
12678,53595.0,44095.0,Infiniti,QX80,,2024.0,8,SUV,of_Origin_Japan,10.889229717408499,10.943933,53595.00000000002,56608.523,-3013.523437499978,3013.523437499978,-5.62
29931,10999.0,46057.0,Ford,Escape,,2018.0,4,SUV,of_Origin_USA,9.305650551780507,9.7999,10998.999999999998,18030.943,-7031.943359375002,7031.943359375002,-63.93
11056,35498.0,5698.0,Honda,Civic,Sedan,2025.0,4,Sedan,of_Origin_Japan,10.477259806052668,10.578628,35497.99999999999,39285.16,-3787.1601562500073,3787.1601562500073,-10.67
19331,35388.0,29263.0,Mitsubishi,Outlander,,2024.0,4,SUV,of_Origin_Japan,10.474156316370632,10.436133,35387.99999999998,34067.668,1320.3320312499782,1320.3320312499782,3.73
5669,12995.0,98956.0,BMW,3,Series,2014.0,baseline_value_here,baseline_value_here,baseline_value_here,9.472396896788991,9.936284,12995.000000000005,20665.805,-7670.8046874999945,7670.8046874999945,-59.03
28710,10600.0,156516.0,Nissan,Rogue,,2019.0,4,SUV,of_Origin_Japan,9.268703615273097,9.808964,10599.99999999999,18195.121,-7595.121093750009,7595.121093750009,-71.65
19291,35950.0,62018.0,Mitsubishi,Outlander,,2025.0,4,SUV,of_Origin_Japan,10.489912179174006,10.45666,35949.99999999998,34774.22,1175.7812499999782,1175.7812499999782,3.27
17444,34888.0,9662.0,MINI,5,Door,2024.0,baseline_value_here,baseline_value_here,of_Origin_UK,10.459926872262475,10.608738,34887.99999999998,40486.07,-5598.070312500022,5598.070312500022,-16.05
7925,43988.0,71913.0,Chevrolet,Silverado,1500,2025.0,8,Pickup Truck,of_Origin_USA,10.691694881645189,10.89438,43988.0,53871.727,-9883.7265625,9883.7265625,-22.47
10944,39888.0,97822.0,Genesis,GV70,,2023.0,6,SUV,of_Origin_South Korea,10.593855875645637,10.541114,39888.0,37838.69,2049.30859375,2049.30859375,5.14
4069,32795.0,68056.0,Acura,Integra,,2024.0,4,Hatchback,of_Origin_Japan,10.398061835716069,10.289221,32795.00000000002,29412.846,3382.154296875022,3382.154296875022,10.31
18445,53900.0,46703.0,Mercedes-Benz,GLE,,2022.0,6,SUV,baseline_value_here,10.894904309600681,10.956748,53899.999999999985,57338.67,-3438.6718750000146,3438.6718750000146,-6.38
30759,8995.0,233260.0,Nissan,Altima,,2016.0,4,Sedan,of_Origin_Japan,9.104535313079205,9.07462,8994.999999999993,8729.869,265.1308593749927,265.1308593749927,2.95
27261,29688.0,160366.0,Jeep,Grand,Cherokee,2021.0,6,SUV,of_Origin_USA,10.298531885816375,10.241645,29688.000000000007,28046.223,1641.7773437500073,1641.7773437500073,5.53
24789,43499.0,26970.0,Volvo,S60,,2024.0,4,Sedan,of_Origin_Sweden,10.680516217076775,10.570697,43498.999999999985,38974.824,4524.175781249985,4524.175781249985,10.4
31604,17619.0,177680.0,Infiniti,QX60,,2020.0,6,SUV,of_Origin_Japan,9.77678989949017,10.103303,17618.999999999996,24422.547,-6803.546875000004,6803.546875000004,-38.61
22812,64488.0,10758.0,Toyota,Highlander,Hybrid,2025.0,4,SUV,of_Origin_Japan,11.074249945604157,10.872777,64488.000000000044,52720.414,11767.585937500044,11767.585937500044,18.25
16461,11800.0,174121.0,Lincoln,MKC,,2016.0,4,SUV,of_Origin_USA,9.375939552625749,9.18491,11799.999999999998,9747.9,2052.099609374998,2052.099609374998,17.39
21060,13900.0,131039.0,RAM,1500,,2011.0,baseline_value_here,baseline_value_here,of_Origin_USA,9.539716058977092,9.32948,13899.99999999999,11264.274,2635.725585937491,2635.725585937491,18.96
25768,31498.0,46002.0,Mazda,CX-5,,2022.0,4,SUV,of_Origin_Japan,10.357711078278063,10.319182,31498.000000000025,30307.467,1190.5332031250255,1190.5332031250255,3.78
12059,12999.0,140644.0,Hyundai,Tucson,,2018.0,4,SUV,of_Origin_South Korea,9.472704636443673,9.555577,12998.99999999999,14122.245,-1123.245117187509,1123.245117187509,-8.64
4522,26689.0,78000.0,Audi,Q5,,2019.0,4,SUV,baseline_value_here,10.19204424239857,10.187593,26689.0,26570.473,118.52734375,118.52734375,0.44
8130,10988.0,147885.0,Chevrolet,Equinox,,2015.0,4,SUV,of_Origin_USA,9.304650051446924,9.165973,10987.999999999996,9565.021,1422.9785156249964,1422.9785156249964,12.95
7371,25499.0,86171.0,Cadillac,XT5,,2019.0,4,SUV,of_Origin_USA,10.146433731146518,9.959124,25499.0,21143.258,4355.7421875,4355.7421875,17.08
20405,25949.0,43425.0,Nissan,Rogue,,2023.0,4,SUV,of_Origin_Japan,10.163926888594034,10.375929,25948.999999999978,32077.102,-6128.101562500022,6128.101562500022,-23.62
20605,55898.0,61280.0,Porsche,Macan,,2023.0,4,SUV,baseline_value_here,10.931301769895523,10.461216,55898.00000000003,34933.004,20964.99609375003,20964.99609375003,37.51
19416,23500.0,73450.0,Mitsubishi,Eclipse,Cross,2023.0,4,Coupe,of_Origin_Japan,10.064798252418377,10.198556,23499.999999999978,26863.365,-3363.365234375022,3363.365234375022,-14.31
34968,8000.0,105509.0,Volkswagen,Tiguan,,2013.0,4,SUV,baseline_value_here,8.987321812850125,9.463191,8000.0000000000055,12875.909,-4875.9091796874945,4875.9091796874945,-60.95
36500,39995.0,114753.0,Infiniti,QX80,,2024.0,8,SUV,of_Origin_Japan,10.59653472809574,10.74312,39995.00000000001,46309.324,-6314.324218749993,6314.324218749993,-15.79
10346,52951.0,51681.0,GMC,Sierra,1500,2024.0,8,Pickup Truck,of_Origin_USA,10.87714112179876,10.893977,52951.00000000004,53850.05,-899.0507812499636,899.0507812499636,-1.7
988,24998.0,33401.0,Mercedes-Benz,GLC,,2017.0,6,SUV,baseline_value_here,10.126591103050316,10.610659,24997.999999999993,40563.91,-15565.910156250007,15565.910156250007,-62.27
21011,32888.0,78666.0,RAM,ProMaster,Cargo Van,2022.0,6,Van,of_Origin_USA,10.40089353434265,10.526709,32888.000000000015,37297.508,-4409.507812499985,4409.507812499985,-13.41
8983,6995.0,193950.0,Dodge,Journey,,2014.0,4,SUV,of_Origin_USA,8.853093836138493,8.87815,6995.000000000002,7172.5073,-177.50732421874818,177.50732421874818,-2.54
9047,35695.0,102965.0,Dodge,Durango,,2023.0,6,SUV,of_Origin_USA,10.482793916672314,10.5921955,35695.000000000015,39821.824,-4126.824218749985,4126.824218749985,-11.56
36278,30988.0,63447.0,Honda,CR-V,,2022.0,4,SUV,of_Origin_Japan,10.341387581787455,10.306385,30988.000000000015,29922.07,1065.9296875000146,1065.9296875000146,3.44
6367,23995.0,22855.0,Buick,Encore,GX,2022.0,4,SUV,of_Origin_USA,10.085642428772983,10.347583,23994.999999999993,31180.58,-7185.580078125007,7185.580078125007,-29.95
12100,33498.0,70294.0,Hyundai,Tucson,Hybrid,2024.0,4,SUV,of_Origin_South Korea,10.419270866621346,10.396423,33497.999999999985,32741.309,756.6914062499854,756.6914062499854,2.26
8976,5988.0,266454.0,Dodge,Grand,Caravan,2013.0,6,Minivan,of_Origin_USA,8.697679732264463,8.29616,5988.000000000005,4007.4492,1980.5507812500045,1980.5507812500045,33.08
22547,33388.0,82500.0,Tesla,Model,Y,2020.0,Electric,Sedan,of_Origin_USA,10.415981783402664,10.343381,33387.999999999985,31049.834,2338.1660156249854,2338.1660156249854,7.0
11349,57890.0,3108.0,Honda,Odyssey,,2026.0,6,Minivan,of_Origin_Japan,10.966317211064466,11.098471,57890.0,66069.04,-8179.0390625,8179.0390625,-14.13
20650,20995.0,140269.0,Porsche,Macan,,2016.0,4,SUV,baseline_value_here,9.95208722237219,9.6104355,20995.000000000004,14918.666,6076.333984375004,6076.333984375004,28.94
285,21999.0,136600.0,Toyota,RAV,4,2019.0,4,SUV,of_Origin_Japan,9.998797732340453,9.908354,21999.0,20096.562,1902.4375,1902.4375,8.65
7689,53703.0,25.0,Chevrolet,Express,2500,2025.0,6,Van,of_Origin_USA,10.891242765618587,10.878104,53702.99999999999,53002.023,700.9765624999927,700.9765624999927,1.31
18738,19895.0,101155.0,Mercedes-Benz,C-Class,Sedan,2018.0,6,Coupe,baseline_value_here,9.898273985483241,10.236406,19895.000000000015,27899.68,-8004.679687499985,8004.679687499985,-40.23
22830,39895.0,21822.0,Toyota,RAV,4,2025.0,4,SUV,of_Origin_Japan,10.59403134722596,10.553954,39895.00000000003,38327.695,1567.304687500029,1567.304687500029,3.93
7432,36786.0,10.0,Chevrolet,Bolt,,2027.0,Electric,Hatchback,of_Origin_USA,10.512899800876138,10.61878,36786.00000000002,40894.7,-4108.699218749978,4108.699218749978,-11.17
23671,22499.0,78272.0,Volkswagen,Taos,,2022.0,4,SUV,baseline_value_here,10.021270588192511,10.3997965,22498.99999999999,32851.938,-10352.937500000011,10352.937500000011,-46.02
14513,53216.0,150.0,Kia,,,2027.0,Electric,baseline_value_here,of_Origin_South Korea,10.88213317315705,10.931393,53215.99999999999,55903.082,-2687.0820312500073,2687.0820312500073,-5.05
629,41990.0,20466.0,Chevrolet,Blazer,EV,2024.0,Electric,SUV,of_Origin_USA,10.645210588588755,10.823638,41989.999999999985,50192.355,-8202.355468750015,8202.355468750015,-19.53
31093,42555.0,88.0,Chevrolet,Bolt,,2027.0,Electric,Hatchback,of_Origin_USA,10.658576134636256,10.6585245,42554.99999999997,42552.805,2.195312499970896,2.195312499970896,0.01
19606,15488.0,141010.0,Mitsubishi,Outlander,Plug-In Hybrid,2018.0,4,SUV,of_Origin_Japan,9.647885373547759,9.79162,15487.999999999996,17882.258,-2394.2578125000036,2394.2578125000036,-15.46
16485,24500.0,99008.0,Lincoln,Nautilus,,2019.0,4,SUV,of_Origin_USA,10.106469212026385,9.931539,24499.99999999998,20567.963,3932.037109374982,3932.037109374982,16.05
4362,57958.0,28537.0,Audi,SQ5,,2024.0,6,SUV,baseline_value_here,10.967491143007656,11.130268,57958.0,68203.66,-10245.65625,10245.65625,-17.68
8634,47900.0,4924.0,Chrysler,Grand,Caravan,2026.0,6,Minivan,of_Origin_USA,10.776891660007811,10.985717,47900.0,59024.027,-11124.02734375,11124.02734375,-23.22
10341,21888.0,139206.0,GMC,Sierra,1500,2018.0,8,Pickup Truck,of_Origin_USA,9.993739506513155,10.223471,21888.000000000004,27541.09,-5653.089843749996,5653.089843749996,-25.83
24686,31141.0,74560.0,Volvo,XC60,,2019.0,4,SUV,of_Origin_Sweden,10.34631266940137,10.272697,31140.999999999975,28930.824,2210.1757812499745,2210.1757812499745,7.1
34374,49888.0,20450.0,Nissan,Pathfinder,,2024.0,6,SUV,of_Origin_Japan,10.817555816557183,10.832318,49887.99999999996,50629.95,-741.9492187500364,741.9492187500364,-1.49
37242,23999.0,49560.0,Honda,Civic,Sedan,2022.0,4,Sedan,of_Origin_Japan,10.085809109330082,10.168575,23998.999999999985,26069.906,-2070.9062500000146,2070.9062500000146,-8.63
10284,43994.0,144798.0,GMC,Sierra,1500 Limited,2022.0,8,Pickup Truck,of_Origin_USA,10.69183127007966,10.643788,43993.99999999997,41930.32,2063.679687499971,2063.679687499971,4.69
18504,49998.0,163121.0,Mercedes-Benz,GLS,,2021.0,8,SUV,baseline_value_here,10.81975828421028,10.800313,49998.0,49035.15,962.8515625,962.8515625,1.93
6066,63290.0,26.0,Buick,Enclave,,2025.0,6,SUV,of_Origin_USA,11.055498417928932,11.108082,63289.99999999996,66707.11,-3417.1093750000364,3417.1093750000364,-5.4
11346,26990.0,99730.0,Honda,CR-V,,2021.0,4,SUV,of_Origin_Japan,10.203258756085228,10.128375,26989.999999999993,25042.637,1947.3632812499927,1947.3632812499927,7.22
38669,9600.0,153973.0,Honda,CR-V,,2011.0,4,SUV,of_Origin_Japan,9.169622538697624,9.1600685,9600.0,9508.709,91.291015625,91.291015625,0.95
25231,48900.0,27737.0,Toyota,Highlander,Hybrid,2022.0,4,SUV,of_Origin_Japan,10.797553125151618,10.61303,48900.00000000001,40660.234,8239.765625000007,8239.765625000007,16.85
31988,4200.0,252128.0,Chevrolet,Trax,,2013.0,4,SUV,of_Origin_USA,8.343077871169383,8.205612,4200.000000000004,3660.4414,539.5585937500036,539.5585937500036,12.85
34691,92000.0,30000.0,Ford,Transit,Cargo Van,2023.0,6,Van,of_Origin_USA,11.429554725537322,10.733798,92000.00000000007,45879.617,46120.38281250007,46120.38281250007,50.13
24886,7995.0,154000.0,Honda,Civic,Sedan,2010.0,4,Sedan,of_Origin_Japan,8.98669669562029,8.990746,7994.999999999998,8027.4404,-32.44042968750182,32.44042968750182,-0.41
4163,13995.0,188900.0,Acura,RLX,,2015.0,6,Sedan,of_Origin_Japan,9.54652685348758,9.44163,13995.00000000001,12601.246,1393.753906250009,1393.753906250009,9.96
23019,41900.0,63634.0,Toyota,Highlander,,2023.0,6,SUV,of_Origin_Japan,10.643064971973882,10.725977,41900.00000000003,45522.18,-3622.179687499971,3622.179687499971,-8.64
13122,62495.0,6.0,Infiniti,QX50,,2025.0,4,SUV,of_Origin_Japan,11.042857833676406,10.905716,62495.00000000002,54485.918,8009.082031250022,8009.082031250022,12.82
27081,56995.0,37342.0,GMC,Sierra,1500,2024.0,8,Pickup Truck,of_Origin_USA,10.95073636891568,10.884585,56995.0,53346.66,3648.33984375,3648.33984375,6.4
3035,45500.0,51780.0,Toyota,RAV,4,2023.0,4,SUV,of_Origin_Japan,10.725489582719506,10.644609,45499.99999999997,41964.766,3535.234374999971,3535.234374999971,7.77
22325,33990.0,130000.0,Tesla,Model,Y,2022.0,Electric,Sedan,of_Origin_USA,10.43385106267516,10.29794,33990.00000000001,29670.44,4319.560546875007,4319.560546875007,12.71
744,31984.0,76450.0,Cadillac,XT5,,2022.0,4,SUV,of_Origin_USA,10.373022321884237,10.210182,31983.999999999975,27177.52,4806.4804687499745,4806.4804687499745,15.03
4614,57898.0,29238.0,Audi,S4,Sedan,2024.0,6,Sedan,baseline_value_here,10.96645539225477,11.127227,57897.999999999985,67996.54,-10098.539062500015,10098.539062500015,-17.44
33594,12500.0,94220.0,Hyundai,Elantra,,2017.0,4,Sedan,of_Origin_South Korea,9.433563920090563,9.494862,12500.0,13290.255,-790.2548828125,790.2548828125,-6.32
22324,24990.0,103000.0,Tesla,Model,3,2022.0,Electric,Sedan,of_Origin_USA,10.126271039034782,10.381979,24990.0,32271.766,-7281.765625,7281.765625,-29.14
36820,21950.0,68122.0,Hyundai,Santa,Fe,2021.0,4,SUV,of_Origin_South Korea,9.99656797555214,10.053552,21949.999999999993,23237.176,-1287.1757812500073,1287.1757812500073,-5.86
30836,33988.0,105815.0,Honda,Passport,,2022.0,6,SUV,of_Origin_Japan,10.433792221839603,10.462446,33988.00000000001,34976.008,-988.0078124999927,988.0078124999927,-2.91
1073,15888.0,117331.0,Honda,CR-V,,2015.0,4,SUV,of_Origin_Japan,9.673382324888367,9.509048,15888.0,13480.16,2407.83984375,2407.83984375,15.16
17738,20780.0,185313.0,Mazda,CX-9,,2021.0,4,SUV,of_Origin_Japan,9.941794386690715,9.906986,20780.0,20069.096,710.904296875,710.904296875,3.42
1411,49980.0,39139.0,Hyundai,Palisade,,2025.0,6,SUV,of_Origin_South Korea,10.819398212191988,10.909667,49980.000000000044,54701.63,-4721.628906249956,4721.628906249956,-9.45
11109,41900.0,49552.0,Honda,Odyssey,,2022.0,6,Minivan,of_Origin_Japan,10.643064971973882,10.684418,41900.00000000003,43669.047,-1769.046874999971,1769.046874999971,-4.22
17244,10500.0,82925.0,MINI,3,Door,2015.0,baseline_value_here,baseline_value_here,of_Origin_UK,9.259225769705994,9.440402,10500.000000000005,12585.776,-2085.7763671874945,2085.7763671874945,-19.86
26332,21999.0,65714.0,Volkswagen,Taos,,2023.0,4,SUV,baseline_value_here,9.998797732340453,10.497653,21999.0,36229.37,-14230.37109375,14230.37109375,-64.69
21243,69777.0,17845.0,RAM,1500,,2025.0,baseline_value_here,baseline_value_here,of_Origin_USA,11.15307405282242,10.9345255,69776.99999999996,56078.492,13698.507812499956,13698.507812499956,19.63
13927,29153.0,55004.0,Kia,Sportage,,2023.0,4,SUV,of_Origin_South Korea,10.280347403633957,10.254953,29152.999999999978,28421.984,731.0156249999782,731.0156249999782,2.51
9575,18950.0,122787.0,Ford,Escape,,2021.0,4,SUV,of_Origin_USA,9.84961197956681,9.967046,18949.999999999985,21311.432,-2361.4316406250146,2361.4316406250146,-12.46
2589,23490.0,56560.0,Volkswagen,Golf,Standard Model,2021.0,4,Hatchback,baseline_value_here,10.064372648053766,10.238538,23490.000000000015,27959.213,-4469.212890624985,4469.212890624985,-19.03
33205,20450.0,105000.0,Nissan,Sentra,,2023.0,4,Sedan,of_Origin_Japan,9.925787060030896,10.087636,20450.00000000001,24042.885,-3592.884765624989,3592.884765624989,-17.57
38520,19999.0,71796.0,Mazda,Mazda3,,2019.0,4,Sedan,of_Origin_Japan,9.903487552536127,9.9666815,19998.99999999998,21303.668,-1304.6679687500182,1304.6679687500182,-6.52
11943,34223.0,62007.0,Hyundai,Tucson,Hybrid,2024.0,4,SUV,of_Origin_South Korea,10.440682431322188,10.441085,34223.00000000002,34236.777,-13.777343749978172,13.777343749978172,-0.04
28690,20000.0,126000.0,Cadillac,ATS,Coupe,2017.0,6,Coupe,of_Origin_USA,9.90353755128617,9.932512,20000.000000000015,20588.002,-588.0019531249854,588.0019531249854,-2.94
11107,24498.0,37781.0,Honda,Civic,Sedan,2024.0,4,Sedan,of_Origin_Japan,10.106387579373278,10.256247,24497.99999999998,28458.764,-3960.763671875018,3960.763671875018,-16.17
33467,23995.0,86259.0,Chevrolet,Bolt,EUV,2023.0,Electric,Hatchback,of_Origin_USA,10.085642428772983,10.181672,23994.999999999993,26413.598,-2418.5976562500073,2418.5976562500073,-10.08
35919,3500.0,265000.0,Mercedes-Benz,M-Class,,2009.0,6,SUV,baseline_value_here,8.160803920954665,8.8543625,3499.9999999999977,7003.8813,-3503.8813476562523,3503.8813476562523,-100.11
9558,45995.0,38186.0,Ford,Mustang,Convertible,2025.0,4,baseline_value_here,of_Origin_USA,10.736309715168556,10.496384,45995.00000000002,36183.41,9811.589843750022,9811.589843750022,21.33
11246,49499.0,53625.0,Honda,Odyssey,,2025.0,6,Minivan,of_Origin_Japan,10.809727948556782,10.838428,49499.00000000002,50940.21,-1441.2109374999782,1441.2109374999782,-2.91
34756,58190.0,499.0,Ford,Ranger,,2026.0,4,Pickup Truck,of_Origin_USA,10.971485982586401,11.021171,58189.99999999998,61154.227,-2964.226562500022,2964.226562500022,-5.09
34109,24950.0,119000.0,Mazda,CX-5,,2021.0,4,SUV,of_Origin_Japan,10.124669180536797,10.100039,24949.999999999996,24342.947,607.0527343749964,607.0527343749964,2.43
606,36300.0,25694.0,BMW,X1,,2023.0,4,SUV,baseline_value_here,10.499600568082863,10.610095,36299.99999999999,40541.05,-4241.050781250007,4241.050781250007,-11.68
7528,32029.0,4100.0,Chevrolet,Trax,,2026.0,4,SUV,of_Origin_USA,10.374428242603203,10.814554,32028.99999999998,49738.477,-17709.47656250002,17709.47656250002,-55.29
17242,6900.0,151749.0,MINI,Countryman,,2012.0,4,SUV,of_Origin_UK,8.839421607620602,8.876872,6900.000000000005,7163.346,-263.34619140624545,263.34619140624545,-3.82
11947,6295.0,154051.0,Hyundai,Elantra,,2014.0,4,Sedan,of_Origin_South Korea,8.74766979009724,8.855413,6295.000000000001,7011.2466,-716.2465820312491,716.2465820312491,-11.38
37767,41888.0,103563.0,Audi,S5,Sportback,2023.0,6,Hatchback,baseline_value_here,10.642778541610305,10.601886,41888.00000000002,40209.594,1678.4062500000218,1678.4062500000218,4.01
17701,39995.0,31215.0,Mazda,CX-50,,2024.0,4,SUV,of_Origin_Japan,10.59653472809574,10.413115,39995.00000000001,33292.402,6702.597656250007,6702.597656250007,16.76
414,20488.0,131016.0,Mercedes-Benz,C-Class,Sedan,2019.0,4,Coupe,baseline_value_here,9.9276434357472,10.05459,20488.000000000015,23261.322,-2773.3222656249854,2773.3222656249854,-13.54
7194,4500.0,183128.0,Cadillac,ATS,,2014.0,6,Sedan,of_Origin_USA,8.412054873292933,9.2222595,4499.999999999999,10118.904,-5618.904296875001,5618.904296875001,-124.86
13055,61052.0,90.0,Infiniti,QX50,,2025.0,4,SUV,of_Origin_Japan,11.019497618380658,10.9166975,61052.0,55087.566,5964.43359375,5964.43359375,9.77
26307,15998.0,78567.0,Honda,Odyssey,,2015.0,6,Minivan,of_Origin_Japan,9.680281499268713,10.017323,15998.00000000001,22410.344,-6412.343749999991,6412.343749999991,-40.08
3519,71565.0,12685.0,Acura,MDX,,2026.0,6,SUV,of_Origin_Japan,11.178375379831667,11.099086,71565.0,66109.695,5455.3046875,5455.3046875,7.62
34635,27490.0,114794.0,Ford,Explorer,,2020.0,4,SUV,of_Origin_USA,10.221613957361983,9.961112,27489.999999999985,21185.342,6304.658203124985,6304.658203124985,22.93
10281,24459.0,56731.0,GMC,Terrain,,2022.0,4,SUV,of_Origin_USA,10.104794409241164,10.285712,24459.000000000007,29309.826,-4850.826171874993,4850.826171874993,-19.83
7798,40591.0,41935.0,Chevrolet,Silverado,1500,2024.0,8,Pickup Truck,of_Origin_USA,10.611326281839062,10.897779,40590.99999999997,54055.195,-13464.19531250003,13464.19531250003,-33.17
29373,25695.0,57495.0,Mazda,Mazda6,,2020.0,4,Sedan,of_Origin_Japan,10.154090616746489,10.109835,25695.00000000001,24582.596,1112.404296875011,1112.404296875011,4.33
20637,99000.0,10893.0,Porsche,Macan,,2024.0,Electric,SUV,baseline_value_here,11.502885230075814,11.164276,99000.00000000004,70563.055,28436.945312500044,28436.945312500044,28.72
26906,34988.0,60466.0,Kia,Sportage,,2026.0,4,SUV,of_Origin_South Korea,10.46278900535916,10.4862385,34987.999999999985,35818.168,-830.1679687500146,830.1679687500146,-2.37
18428,30993.0,82501.0,Mercedes-Benz,CLA,,2022.0,4,Sedan,baseline_value_here,10.34154891634728,10.215137,30993.0,27312.504,3680.49609375,3680.49609375,11.88
31716,10999.0,169000.0,Land,Rover,Range Rover Evoque,2013.0,4,SUV,baseline_value_here,9.305650551780507,9.156116,10998.999999999998,9471.191,1527.8085937499982,1527.8085937499982,13.89
5498,74588.0,52611.0,BMW,X5,,2024.0,6,SUV,baseline_value_here,11.219748322236468,11.180517,74588.00000000001,71718.445,2869.5546875000146,2869.5546875000146,3.85
23654,28995.0,71308.0,Volkswagen,Tiguan,,2024.0,4,SUV,baseline_value_here,10.274913168420769,10.504294,28995.000000000007,36470.793,-7475.792968749993,7475.792968749993,-25.78
7084,65510.0,30624.0,Cadillac,XT6,,2025.0,6,SUV,of_Origin_USA,11.089973346454478,10.965576,65510.00000000005,57847.117,7662.882812500051,7662.882812500051,11.7
12613,55986.0,5580.0,Infiniti,QX60,,2025.0,6,SUV,of_Origin_Japan,10.93287479991082,11.009334,55986.00000000004,60434.6,-4448.601562499964,4448.601562499964,-7.95
385,27900.0,23077.0,Mazda,CX-5,,2022.0,4,SUV,of_Origin_Japan,10.236417809461043,10.353175,27899.999999999978,31355.447,-3455.447265625022,3455.447265625022,-12.39
28638,18995.0,139275.0,Jeep,Cherokee,,2020.0,4,SUV,of_Origin_USA,9.851983709669012,9.869012,18994.999999999993,19321.236,-326.2363281250073,326.2363281250073,-1.72
19464,36690.0,78841.0,Mitsubishi,Outlander,Plug-In Hybrid,2024.0,4,SUV,of_Origin_Japan,10.510286772360844,10.577706,36689.99999999999,39248.984,-2558.9843750000073,2558.9843750000073,-6.97
36263,25043.0,82586.0,Toyota,Camry,,2022.0,4,Sedan,of_Origin_Japan,10.128389556865201,10.080394,25043.000000000007,23869.383,1173.6171875000073,1173.6171875000073,4.69
31451,17500.0,239000.0,GMC,Sierra,1500,2017.0,8,Pickup Truck,of_Origin_USA,9.770013301136158,9.884647,17500.000000000015,19625.725,-2125.7246093749854,2125.7246093749854,-12.15
2207,14995.0,179508.0,Jeep,Wrangler,Unlimited,2014.0,6,SUV,of_Origin_USA,9.615538777855802,9.291624,14994.999999999989,10845.786,4149.213867187489,4149.213867187489,27.67
20598,59900.0,53325.0,Porsche,Cayenne,,2021.0,6,SUV,baseline_value_here,11.000448478455008,10.886452,59900.00000000002,53446.316,6453.683593750022,6453.683593750022,10.77
19251,17598.0,71900.0,Mitsubishi,Eclipse,Cross,2018.0,4,Coupe,of_Origin_Japan,9.775597361230211,10.041587,17598.000000000007,22960.791,-5362.791015624993,5362.791015624993,-30.47
31071,37999.0,29602.0,Toyota,RAV,4,2023.0,4,SUV,of_Origin_Japan,10.545341438708522,10.396035,37998.999999999985,32728.602,5270.398437499985,5270.398437499985,13.87
33896,11499.0,221000.0,Toyota,RAV,4,2015.0,4,SUV,of_Origin_Japan,9.350102314351341,9.168143,11498.999999999996,9585.808,1913.1923828124964,1913.1923828124964,16.64
26356,25000.0,31066.0,Mercedes-Benz,GLA,,2020.0,4,SUV,baseline_value_here,10.12667110305036,10.403132,25000.000000000004,32961.72,-7961.718749999996,7961.718749999996,-31.85
28220,19997.0,140129.0,RAM,1500,,2016.0,baseline_value_here,baseline_value_here,of_Origin_USA,9.903387547535795,9.722101,19997.000000000004,16681.262,3315.7382812500036,3315.7382812500036,16.58
29670,18000.0,96000.0,Audi,A3,,2017.0,4,Sedan,baseline_value_here,9.798182590890704,9.845909,17999.999999999993,18879.957,-879.9570312500073,879.9570312500073,-4.89
27266,26995.0,185000.0,Ford,Ranger,,2023.0,4,Pickup Truck,of_Origin_USA,10.203443985863297,10.299157,26994.999999999993,29706.568,-2711.5683593750073,2711.5683593750073,-10.04
30544,25960.0,71245.0,Mazda,CX-3,,2021.0,4,SUV,of_Origin_Japan,10.164350690877352,10.211769,25960.00000000001,27220.684,-1260.683593749989,1260.683593749989,-4.86
26965,44999.0,11420.0,Chevrolet,Corvette,,2006.0,8,Coupe,of_Origin_USA,10.714417768752456,10.643911,44998.999999999985,41935.48,3063.5195312499854,3063.5195312499854,6.81
30871,22999.0,75336.0,Dodge,Grand,Caravan,2019.0,6,Minivan,of_Origin_USA,10.043249494911286,10.153609,22998.999999999993,25682.635,-2683.6347656250073,2683.6347656250073,-11.67
10161,38987.0,167055.0,GMC,Sierra,1500,2020.0,8,Pickup Truck,of_Origin_USA,10.5710091854571,10.477021,38986.99999999999,35489.53,3497.4687499999927,3497.4687499999927,8.97
17474,9999.0,114444.0,MINI,Coupe,,2013.0,4,Hatchback,of_Origin_UK,9.210340371976184,8.941664,9999.00000000001,7642.904,2356.096191406259,2356.096191406259,23.56
2864,24995.0,146663.0,Honda,Odyssey,,2018.0,6,Minivan,of_Origin_Japan,10.126471091048971,9.999179,24994.999999999978,22007.387,2987.613281249978,2987.613281249978,11.95
30347,22997.0,103092.0,Mazda,CX-5,,2021.0,4,SUV,of_Origin_Japan,10.04316253460861,10.134934,22997.000000000007,25207.447,-2210.4472656249927,2210.4472656249927,-9.61
33367,54888.0,19829.0,Toyota,Sienna,,2023.0,4,Minivan,of_Origin_Japan,10.91306824312329,10.453753,54888.000000000015,34673.28,20214.718750000015,20214.718750000015,36.83
25618,44995.0,54843.0,Lexus,RX,,2022.0,4,SUV,of_Origin_Japan,10.714328875912717,10.337511,44995.00000000001,30868.104,14126.896484375007,14126.896484375007,31.4
17970,29559.0,70894.0,Mazda,CX-5,,2024.0,4,SUV,of_Origin_Japan,10.294177375062137,10.342416,29558.999999999975,31019.88,-1460.8808593750255,1460.8808593750255,-4.94
13588,31784.0,19310.0,Jeep,Compass,,2024.0,4,SUV,of_Origin_USA,10.36674975937051,10.442668,31784.00000000003,34291.02,-2507.019531249971,2507.019531249971,-7.89
27491,41995.0,45122.0,Hyundai,IONIQ,5,2025.0,Electric,SUV,of_Origin_South Korea,10.645329654634832,10.6981325,41995.0,44272.098,-2277.09765625,2277.09765625,-5.42
33203,20450.0,65000.0,Kia,Forte,,2023.0,4,Sedan,of_Origin_South Korea,9.925787060030896,10.048779,20450.00000000001,23126.52,-2676.519531249989,2676.519531249989,-13.09
24901,32697.0,84285.0,Lincoln,Nautilus,,2022.0,4,SUV,of_Origin_USA,10.395069192935358,10.17159,32697.0,26148.617,6548.3828125,6548.3828125,20.03
34333,10000.0,75402.0,Hyundai,Tucson,,2013.0,4,SUV,of_Origin_South Korea,9.210440366976517,9.346113,10000.00000000001,11453.217,-1453.216796874991,1453.216796874991,-14.53
14713,56900.0,72729.0,Land,Rover,Range Rover Sport,2022.0,4,SUV,baseline_value_here,10.949068194652432,10.426054,56899.99999999997,33726.0,23173.99999999997,23173.99999999997,40.73
18433,81867.0,37228.0,Mercedes-Benz,GLE,,2024.0,6,SUV,baseline_value_here,11.31286347309934,11.16774,81866.99999999996,70807.89,11059.109374999956,11059.109374999956,13.51
8245,49995.0,10.0,Chrysler,Grand,Caravan,2027.0,6,Minivan,of_Origin_USA,10.819698281210112,10.894717,49994.99999999997,53889.918,-3894.917968750029,3894.917968750029,-7.79
34504,38975.0,69906.0,Honda,CR-V,Hybrid,2024.0,4,SUV,of_Origin_Japan,10.57070135106957,10.631566,38975.00000000003,41420.94,-2445.941406249971,2445.941406249971,-6.28
22309,33990.0,115000.0,Tesla,Model,Y,2022.0,Electric,Sedan,of_Origin_USA,10.43385106267516,10.340656,33990.00000000001,30965.346,3024.6542968750073,3024.6542968750073,8.9
30282,14800.0,164976.0,Audi,A4,Sedan,2018.0,4,Sedan,baseline_value_here,9.60245002503719,9.565047,14800.00000000001,14256.627,543.3730468750091,543.3730468750091,3.67
4469,34995.0,44815.0,Audi,Q3,,2024.0,4,SUV,baseline_value_here,10.462989048226156,10.575683,34995.00000000002,39169.637,-4174.636718749978,4174.636718749978,-11.93
34133,25988.0,75168.0,Honda,Accord,Sedan,2021.0,4,Sedan,of_Origin_Japan,10.16542865055825,10.057617,25987.999999999985,23331.842,2656.1582031249854,2656.1582031249854,10.22
29197,12950.0,141127.0,Ford,Edge,,2016.0,4,SUV,of_Origin_USA,9.468928284223587,9.347396,12949.999999999996,11467.918,1482.0820312499964,1482.0820312499964,11.44
29762,10800.0,127000.0,Mazda,3,,2014.0,baseline_value_here,baseline_value_here,of_Origin_Japan,9.287394001418473,9.589753,10799.99999999999,14613.262,-3813.261718750009,3813.261718750009,-35.31
9027,50988.0,4486.0,Dodge,Hornet,,2024.0,4,SUV,of_Origin_USA,10.839365202168324,10.576467,50988.00000000002,39200.355,11787.644531250022,11787.644531250022,23.12
34147,8800.0,239116.0,BMW,X4,,2015.0,4,SUV,baseline_value_here,9.082620630373812,8.97738,8800.000000000004,7920.848,879.1518554687536,879.1518554687536,9.99
16191,62488.0,36812.0,Lincoln,Aviator,,2023.0,6,SUV,of_Origin_USA,11.042745820234675,10.916322,62487.99999999997,55066.87,7421.128906249971,7421.128906249971,11.88
26395,38990.0,116177.0,Jeep,Grand,Cherokee 4xe,2023.0,4,SUV,of_Origin_USA,10.571086129249698,10.271829,38990.00000000001,28905.7,10084.300781250007,10084.300781250007,25.86
21133,65288.0,12.0,RAM,ProMaster,Cargo Van,2025.0,6,Van,of_Origin_USA,11.086578847782176,10.902168,65287.99999999996,54292.96,10995.039062499964,10995.039062499964,16.84
10234,30000.0,33893.0,GMC,Terrain,,2024.0,4,SUV,of_Origin_USA,10.308985993422082,10.349456,29999.99999999999,31239.04,-1239.039062500011,1239.039062500011,-4.13
7117,31989.0,96107.0,Cadillac,XT4,,2023.0,4,SUV,of_Origin_USA,10.373178632943564,10.225908,31988.999999999996,27608.309,4380.691406249996,4380.691406249996,13.69
21079,29888.0,132759.0,RAM,ProMaster,Cargo Van,2021.0,6,Van,of_Origin_USA,10.305245798712965,10.2533245,29887.99999999998,28375.725,1512.2753906249818,1512.2753906249818,5.06
35384,50499.0,48439.0,Ford,F-150,,2024.0,6,Pickup Truck,of_Origin_USA,10.829728615263452,10.914432,50499.00000000004,54962.883,-4463.882812499964,4463.882812499964,-8.84
34297,24588.0,120580.0,RAM,1500,,2018.0,baseline_value_here,baseline_value_here,of_Origin_USA,10.110054467445536,10.03311,24588.0,22766.963,1821.037109375,1821.037109375,7.41
32281,27783.0,29808.0,Toyota,Corolla,Sedan,2025.0,4,Sedan,of_Origin_Japan,10.23221559442391,10.315367,27782.99999999998,30192.041,-2409.041015625018,2409.041015625018,-8.67
12198,55500.0,20356.0,Hyundai,Palisade,,2025.0,6,SUV,of_Origin_South Korea,10.92415631759022,10.93499,55499.99999999996,56104.547,-604.5468750000364,604.5468750000364,-1.09
16367,17999.0,173000.0,Lincoln,Navigator,,2015.0,6,SUV,of_Origin_USA,9.798127036878302,9.446376,17999.000000000007,12661.192,5337.807617187507,5337.807617187507,29.66
35783,30999.0,98746.0,Mitsubishi,Outlander,,2024.0,4,SUV,of_Origin_Japan,10.341742483467284,10.275305,30999.000000000022,29006.357,1992.6425781250218,1992.6425781250218,6.43
25319,29900.0,51.0,Kia,Niro,,2025.0,4,SUV,of_Origin_South Korea,10.305647203635566,10.626641,29899.999999999996,41217.45,-11317.449218750004,11317.449218750004,-37.85
8261,30995.0,108325.0,Chrysler,Pacifica,,2023.0,6,Minivan,of_Origin_USA,10.34161344288384,10.332913,30994.99999999999,30726.504,268.4960937499891,268.4960937499891,0.87
28044,27915.0,6188.0,Hyundai,Elantra,,2024.0,4,Sedan,of_Origin_South Korea,10.236955280137042,10.278906,27915.000000000007,29111.004,-1196.0039062499927,1196.0039062499927,-4.28
11909,22998.0,22325.0,Hyundai,Elantra,,2025.0,4,Sedan,of_Origin_South Korea,10.043206015705211,10.27404,22998.00000000002,28969.7,-5971.699218749982,5971.699218749982,-25.97
36567,120000.0,65000.0,Porsche,718,Boxster,2023.0,baseline_value_here,baseline_value_here,baseline_value_here,11.695255355062795,10.857148,120000.00000000004,51902.848,68097.15234375004,68097.15234375004,56.75
31847,16988.0,134965.0,Audi,Q5,,2018.0,4,SUV,baseline_value_here,9.740321354781914,9.892509,16987.999999999985,19780.639,-2792.6386718750146,2792.6386718750146,-16.44
10963,45888.0,34034.0,Genesis,GV70,,2022.0,4,SUV,of_Origin_South Korea,10.733980715911525,10.229656,45887.99999999998,27711.98,18176.019531249978,18176.019531249978,39.61
13678,37888.0,69370.0,Jeep,Wrangler,Unlimited,2021.0,6,SUV,of_Origin_USA,10.542416111476454,10.577339,37887.99999999999,39234.58,-1346.5781250000073,1346.5781250000073,-3.55
15649,37490.0,50031.0,Lexus,RX,,2019.0,4,SUV,of_Origin_Japan,10.531856183153893,10.112455,37490.0,24647.107,12842.892578125,12842.892578125,34.26
4004,54999.0,39000.0,Acura,MDX,,2024.0,6,SUV,of_Origin_Japan,10.915088464214607,10.809202,54998.99999999995,49472.98,5526.019531249949,5526.019531249949,10.05
20784,43950.0,57294.0,Porsche,Macan,,2020.0,4,SUV,baseline_value_here,10.69083065598303,10.389566,43950.0,32517.564,11432.435546875,11432.435546875,26.01
79,15950.0,93600.0,Land,Rover,Discovery Sport,2018.0,6,SUV,baseline_value_here,9.677276802172448,10.34184,15950.000000000004,31002.018,-15052.017578124996,15052.017578124996,-94.37
5551,45777.0,57900.0,BMW,X3,,2021.0,4,SUV,baseline_value_here,10.731558905352594,10.419233,45777.00000000003,33496.742,12280.25781250003,12280.25781250003,26.83
10063,17980.0,127991.0,GMC,Terrain,,2022.0,4,SUV,of_Origin_USA,9.797070923831638,10.073916,17980.000000000015,23715.266,-5735.265624999985,5735.265624999985,-31.9
5807,69998.0,64174.0,BMW,X5,,2024.0,6,SUV,baseline_value_here,11.156236235215168,11.122923,69997.99999999997,67704.516,2293.484374999971,2293.484374999971,3.28
1132,57895.0,90334.0,GMC,Sierra,1500,2023.0,8,Pickup Truck,of_Origin_USA,10.966403576545964,10.757419,57895.000000000044,46976.246,10918.753906250044,10918.753906250044,18.86
35434,41860.0,90.0,GMC,Terrain,,2027.0,4,SUV,of_Origin_USA,10.642109884868974,10.899974,41860.00000000003,54173.95,-12313.94921874997,12313.94921874997,-29.42
23021,51900.0,33044.0,Toyota,RAV,4,2024.0,4,SUV,of_Origin_Japan,10.857093336791094,10.685691,51899.99999999998,43724.68,8175.320312499978,8175.320312499978,15.75
30926,10900.0,206000.0,Honda,Accord,Sedan,2014.0,4,Sedan,of_Origin_Japan,9.296609807128359,8.984804,10900.000000000004,7979.8813,2920.1186523437536,2920.1186523437536,26.79
754,15990.0,186617.0,RAM,1500,,2017.0,baseline_value_here,baseline_value_here,of_Origin_USA,9.679781342959442,9.691608,15990.000000000005,16180.25,-190.24999999999454,190.24999999999454,-1.19
35181,17999.0,125427.0,Mazda,CX-5,,2017.0,4,SUV,of_Origin_Japan,9.798127036878302,9.787678,17999.000000000007,17811.893,187.10742187500728,187.10742187500728,1.04
6628,6999.0,149100.0,Buick,Verano,,2015.0,4,Sedan,of_Origin_USA,8.85366542803745,9.025607,6998.999999999999,8312.26,-1313.259765625001,1313.259765625001,-18.76
10544,66775.0,247.0,GMC,Canyon,,2026.0,4,Pickup Truck,of_Origin_USA,11.109099013530573,10.994239,66775.00000000001,59529.19,7245.808593750015,7245.808593750015,10.85
25892,44998.0,18110.0,Acura,TLX,,2024.0,4,Sedan,of_Origin_Japan,10.714395546283317,10.253922,44997.99999999998,28392.697,16605.302734374978,16605.302734374978,36.9
12955,43598.0,30634.0,Infiniti,QX60,,2024.0,6,SUV,of_Origin_Japan,10.68278949329428,10.762005,43597.999999999985,47192.188,-3594.1875000000146,3594.1875000000146,-8.24
21952,31188.0,18799.0,Subaru,Impreza,,2025.0,4,Sedan,of_Origin_Japan,10.347820747529674,10.310062,31187.99999999999,30032.31,1155.689453124989,1155.689453124989,3.71
38657,18880.0,133207.0,Mazda,CX-5,,2021.0,4,SUV,of_Origin_Japan,9.845911404398532,10.015571,18879.99999999999,22371.115,-3491.115234375011,3491.115234375011,-18.49
32101,24738.0,21723.0,Toyota,Corolla,Sedan,2024.0,4,Sedan,of_Origin_Japan,10.116136224757685,10.245651,24737.999999999978,28158.814,-3420.814453125022,3420.814453125022,-13.83
35903,8799.0,262000.0,Honda,Accord,Coupe,2014.0,4,Sedan,of_Origin_Japan,9.082507000466299,9.054629,8799.000000000007,8557.064,241.93554687500728,241.93554687500728,2.75
31973,20705.0,108851.0,Honda,Accord,Sedan,2018.0,4,Sedan,of_Origin_Japan,9.938178792326058,9.780947,20704.99999999999,17692.396,3012.603515624989,3012.603515624989,14.55
481,34388.0,41624.0,Subaru,Ascent,,2022.0,4,SUV,of_Origin_Japan,10.44549202478312,10.329395,34388.0,30618.59,3769.41015625,3769.41015625,10.96
18675,49995.0,68928.0,Mercedes-Benz,C-Class,Convertible,2021.0,4,Sedan,baseline_value_here,10.819698281210112,10.224632,49994.99999999997,27573.102,22421.89843749997,22421.89843749997,44.85
32051,29987.0,106317.0,RAM,1500,Classic,2020.0,baseline_value_here,baseline_value_here,of_Origin_USA,10.308552580622953,10.313362,29987.000000000007,30131.576,-144.57617187499272,144.57617187499272,-0.48
13074,61964.0,150.0,Infiniti,QX50,,2025.0,4,SUV,of_Origin_Japan,11.034324988498975,10.795328,61964.00000000002,48791.316,13172.683593750022,13172.683593750022,21.26
22352,31995.0,148365.0,Tesla,Model,Y,2021.0,Electric,Sedan,of_Origin_USA,10.373366173968712,10.176037,31994.99999999999,26265.164,5729.835937499989,5729.835937499989,17.91
264,9499.0,164334.0,Toyota,RAV,4,2010.0,4,SUV,of_Origin_Japan,9.159047077588632,9.072337,9498.999999999995,8709.959,789.0410156249945,789.0410156249945,8.31
21882,18777.0,167000.0,Subaru,Forester,,2022.0,4,SUV,of_Origin_Japan,9.840441250818493,9.997851,18777.00000000001,21978.19,-3201.189453124989,3201.189453124989,-17.05
6377,37995.0,14133.0,Buick,Envision,,2023.0,4,SUV,of_Origin_USA,10.545236170010073,10.472301,37994.999999999985,35322.387,2672.6132812499854,2672.6132812499854,7.03
18410,46367.0,97603.0,Mercedes-Benz,GLE,,2022.0,6,SUV,baseline_value_here,10.744364845120408,10.729221,46366.99999999997,45670.117,696.8828124999709,696.8828124999709,1.5
7970,39995.0,48969.0,Chevrolet,Silverado,1500,2024.0,8,Pickup Truck,of_Origin_USA,10.59653472809574,10.838226,39995.00000000001,50929.96,-10934.960937499993,10934.960937499993,-27.34
16356,16199.0,132780.0,Lincoln,MKC,,2018.0,4,SUV,of_Origin_USA,9.692766521220475,9.692866,16199.0,16200.617,-1.6171875,1.6171875,-0.01
37521,16995.0,82958.0,Hyundai,Elantra,,2019.0,4,Sedan,of_Origin_South Korea,9.740733301234702,9.733256,16994.999999999993,16868.395,126.60546874999272,126.60546874999272,0.74
28150,17499.0,107524.0,Toyota,Venza,,2015.0,4,SUV,of_Origin_Japan,9.769956159911606,9.500215,17499.000000000015,13361.594,4137.406250000015,4137.406250000015,23.64
25858,59555.0,55435.0,Audi,Q7,,2024.0,6,SUV,baseline_value_here,10.994672325375442,11.070255,59555.00000000004,64230.902,-4675.902343749964,4675.902343749964,-7.85
26044,14995.0,165000.0,Subaru,Crosstrek,,2018.0,4,SUV,of_Origin_Japan,9.615538777855802,9.62403,14994.999999999989,15122.878,-127.87792968751091,127.87792968751091,-0.85
7770,75900.0,59684.0,Chevrolet,Corvette,,2020.0,8,Coupe,of_Origin_USA,11.237185138527495,10.949899,75900.00000000001,56947.277,18952.722656250015,18952.722656250015,24.97
9284,40888.0,4936.0,Ford,Escape,,2026.0,4,SUV,of_Origin_USA,10.61861635720246,10.825316,40888.0,50276.676,-9388.67578125,9388.67578125,-22.96
38499,29991.0,45.0,Hyundai,Elantra,,2025.0,4,Sedan,of_Origin_South Korea,10.308685958415747,10.310183,29990.99999999998,30035.92,-44.91992187501819,44.91992187501819,-0.15
30916,42990.0,69218.0,Tesla,Model,Y,2022.0,Electric,Sedan,of_Origin_USA,10.66874607044333,10.571604,42990.000000000015,39010.188,3979.8125000000146,3979.8125000000146,9.26
13908,23885.0,72966.0,Kia,Sportage,,2020.0,4,SUV,of_Origin_South Korea,10.081047792228372,9.982676,23884.999999999985,21647.156,2237.8437499999854,2237.8437499999854,9.37
1180,16995.0,89321.0,Ford,Explorer,,2015.0,6,SUV,of_Origin_USA,9.740733301234702,9.831242,16994.999999999993,18605.041,-1610.0410156250073,1610.0410156250073,-9.47
351,16888.0,83690.0,Honda,Civic,Sedan,2018.0,4,Sedan,of_Origin_Japan,9.734417801417921,9.827088,16887.999999999996,18527.926,-1639.9257812500036,1639.9257812500036,-9.71
32776,7500.0,141199.0,Volkswagen,Beetle,Convertible,2013.0,4,Coupe,baseline_value_here,8.922791623969637,9.443978,7500.0000000000055,12630.87,-5130.8701171874945,5130.8701171874945,-68.41
33540,5995.0,155000.0,Chevrolet,Equinox,,2014.0,4,SUV,of_Origin_USA,8.698847859222488,9.0360365,5994.999999999995,8399.416,-2404.4160156250045,2404.4160156250045,-40.11
21985,27499.0,101876.0,Subaru,Ascent,,2022.0,4,SUV,of_Origin_Japan,10.221941283654663,10.191769,27499.000000000022,26681.645,817.3554687500218,817.3554687500218,2.97
7882,25796.0,45564.0,Chevrolet,Trax,,2024.0,4,SUV,of_Origin_USA,10.158013485079007,10.3037195,25796.00000000001,29842.416,-4046.416015624989,4046.416015624989,-15.69
6345,29995.0,29384.0,Buick,Encore,GX,2024.0,4,SUV,of_Origin_USA,10.30881931842128,10.435299,29995.000000000007,34039.25,-4044.2499999999927,4044.2499999999927,-13.48
28469,16999.0,120070.0,Mitsubishi,Eclipse,Cross,2018.0,4,Coupe,of_Origin_Japan,9.740968623038354,9.7836895,16999.00000000001,17740.992,-741.9921874999891,741.9921874999891,-4.36
37016,48995.0,76015.0,Honda,Pilot,,2024.0,6,SUV,of_Origin_Japan,10.799493941107576,10.683379,48994.99999999999,43623.72,5371.281249999993,5371.281249999993,10.96
22782,27998.0,23045.0,Toyota,Corolla,Sedan,2023.0,4,Sedan,of_Origin_Japan,10.239924074233857,10.486628,27998.000000000007,35832.11,-7834.109374999993,7834.109374999993,-27.98
19564,9995.0,160481.0,Mitsubishi,RVR,,2014.0,4,SUV,of_Origin_Japan,9.209940291954844,9.287595,9995.00000000001,10802.169,-807.1689453124909,807.1689453124909,-8.08
22509,36995.0,82901.0,Tesla,Model,Y,2021.0,Electric,Sedan,of_Origin_USA,10.51856507767415,10.357711,36994.99999999999,31497.992,5497.007812499993,5497.007812499993,14.86
25562,15985.0,158003.0,Acura,TLX,,2019.0,4,Sedan,of_Origin_Japan,9.679468618185965,9.696211,15985.000000000004,16254.895,-269.89453124999636,269.89453124999636,-1.69
23706,27995.0,64325.0,Volkswagen,Tiguan,,2024.0,4,SUV,baseline_value_here,10.23981692180943,10.465278,27994.99999999999,35075.184,-7080.183593750011,7080.183593750011,-25.29
7230,47995.0,40156.0,Cadillac,XT6,,2023.0,6,SUV,of_Origin_USA,10.77887295308428,10.820254,47995.00000000001,50022.81,-2027.8085937499927,2027.8085937499927,-4.23
9347,63995.0,4410.0,Ford,Mustang,Mach-E,2025.0,Electric,SUV,of_Origin_USA,11.066575860388603,11.0678425,63995.00000000005,64076.11,-81.10937499994907,81.10937499994907,-0.13
18682,26985.0,115676.0,Mercedes-Benz,C-Class,Sedan,2017.0,4,Sedan,baseline_value_here,10.203073491990732,9.7900305,26984.999999999996,17853.85,9131.150390624996,9131.150390624996,33.84
970,49974.0,30111.0,Jeep,Wrangler,,2024.0,6,SUV,of_Origin_USA,10.8192781593686,10.908701,49973.99999999999,54648.805,-4674.804687500007,4674.804687500007,-9.35
33889,46888.0,61660.0,Toyota,Tacoma,,2023.0,4,Pickup Truck,of_Origin_Japan,10.755538385347368,10.715955,46887.99999999998,45068.22,1819.7812499999782,1819.7812499999782,3.88
5719,28888.0,73096.0,BMW,X3,,2020.0,4,SUV,baseline_value_here,10.271216178807896,10.302063,28888.00000000001,29793.02,-905.0195312499891,905.0195312499891,-3.13
12671,32795.0,51279.0,Infiniti,QX55,,2023.0,4,SUV,of_Origin_Japan,10.398061835716069,10.368782,32795.00000000002,31848.662,946.3378906250218,946.3378906250218,2.89
7823,17950.0,73540.0,Chevrolet,Malibu,Hybrid,2019.0,4,Sedan,of_Origin_USA,9.79540110267107,9.870644,17949.999999999996,19352.791,-1402.7910156250036,1402.7910156250036,-7.81
10017,83488.0,49567.0,GMC,Yukon,,2023.0,8,SUV,of_Origin_USA,11.332470165633982,11.269067,83487.99999999997,78358.836,5129.164062499971,5129.164062499971,6.14
36169,407.0,47.0,Kia,Seltos,,2027.0,4,SUV,of_Origin_South Korea,6.0112671744041615,10.474857,406.9999999999999,35412.816,-35005.81640625,35005.81640625,-8600.94
28234,4900.0,227890.0,Jeep,TJ,,2006.0,6,SUV,of_Origin_USA,8.497194544909547,8.576605,4899.999999999998,5305.06,-405.0600585937518,405.0600585937518,-8.27
22542,31990.0,106000.0,Tesla,Model,Y,2021.0,Electric,Sedan,of_Origin_USA,10.373209892223665,10.294738,31989.999999999996,29575.57,2414.4296874999964,2414.4296874999964,7.55
8964,15990.0,47400.0,Dodge,Grand,Caravan,2016.0,6,Minivan,of_Origin_USA,9.679781342959442,9.786141,15990.000000000005,17784.547,-1794.5468749999945,1794.5468749999945,-11.22
23408,11990.0,77164.0,Volkswagen,Jetta,Sedan,2015.0,4,Sedan,baseline_value_here,9.391911647379434,9.63032,11990.00000000001,15218.3,-3228.299804687491,3228.299804687491,-26.92
3945,42295.0,43478.0,Acura,RDX,,2024.0,4,SUV,of_Origin_Japan,10.652447797915286,10.411823,42295.00000000001,33249.44,9045.558593750007,9045.558593750007,21.39
20386,28369.0,46085.0,Nissan,Rogue,,2023.0,4,SUV,of_Origin_Japan,10.253087527802897,10.363067,28369.000000000007,31667.148,-3298.1484374999927,3298.1484374999927,-11.63
13129,63510.0,15.0,Infiniti,QX50,,2025.0,4,SUV,of_Origin_Japan,11.058968398224943,10.82533,63510.000000000044,50277.348,13232.652343750044,13232.652343750044,20.84
5784,62089.0,10063.0,BMW,X3,,2025.0,4,SUV,baseline_value_here,11.036340224358938,10.913078,62088.99999999995,54888.55,7200.449218749949,7200.449218749949,11.6
12712,86888.0,20171.0,Infiniti,QX80,,2025.0,8,SUV,of_Origin_Japan,11.37238672096279,11.125631,86888.00000000007,67888.14,18999.859375000073,18999.859375000073,21.87
34234,5500.0,203000.0,Ford,Fusion,,2012.0,4,Sedan,of_Origin_USA,8.612685172875459,8.25824,5500.000000000004,3858.2947,1641.7053222656286,1641.7053222656286,29.85
34714,26990.0,74228.0,Volkswagen,Tiguan,,2023.0,4,SUV,baseline_value_here,10.203258756085228,10.454881,26989.999999999993,34712.387,-7722.386718750007,7722.386718750007,-28.61
2671,56495.0,65095.0,Toyota,GR,Supra,2022.0,6,Coupe,of_Origin_Japan,10.941925118168168,10.507583,56495.00000000002,36590.918,19904.082031250022,19904.082031250022,35.23
21864,22785.0,114912.0,Subaru,Forester,,2019.0,4,SUV,of_Origin_Japan,10.033901591258061,9.964306,22785.000000000007,21253.117,1531.8828125000073,1531.8828125000073,6.72
21001,71710.0,1001.0,RAM,1500,,2025.0,baseline_value_here,baseline_value_here,of_Origin_USA,11.180399431835866,11.057181,71709.99999999997,63396.605,8313.39453124997,8313.39453124997,11.59
32290,91465.0,499.0,Ford,F-150,,2026.0,6,Pickup Truck,of_Origin_USA,11.423722597509459,11.394631,91465.00000000007,88842.48,2622.5234375000728,2622.5234375000728,2.87
1449,36995.0,66524.0,Chrysler,Pacifica,,2024.0,6,Minivan,of_Origin_USA,10.51856507767415,10.525531,36994.99999999999,37253.605,-258.6054687500073,258.6054687500073,-0.7
13484,16888.0,133451.0,Jeep,Cherokee,,2017.0,4,SUV,of_Origin_USA,9.734417801417921,9.567484,16887.999999999996,14291.41,2596.5898437499964,2596.5898437499964,15.38
3701,46473.0,4.0,Acura,ADX,,2025.0,4,SUV,of_Origin_Japan,10.746648295413559,10.905716,46473.00000000004,54485.918,-8012.917968749964,8012.917968749964,-17.24
10367,91788.0,1200.0,GMC,Sierra,2500HD,2024.0,8,Pickup Truck,of_Origin_USA,11.427247743720848,11.092164,91788.00000000007,65653.67,26134.328125000073,26134.328125000073,28.47
10820,45998.0,76213.0,Genesis,GV80,,2024.0,6,SUV,of_Origin_South Korea,10.736374936104498,10.686171,45997.99999999998,43745.66,2252.339843749978,2252.339843749978,4.9
28799,54577.0,8688.0,Honda,CR-V,Hybrid,2026.0,4,SUV,of_Origin_Japan,10.9073861501318,10.917387,54577.000000000015,55125.566,-548.5664062499854,548.5664062499854,-1.01
2559,19999.0,62411.0,Toyota,Prius,,2018.0,Electric,Hatchback,of_Origin_Japan,9.903487552536127,9.706967,19998.99999999998,16430.695,3568.304687499982,3568.304687499982,17.84
36403,24995.0,99000.0,Honda,Pilot,,2018.0,6,SUV,of_Origin_Japan,10.126471091048971,10.111138,24994.999999999978,24614.666,380.3339843749782,380.3339843749782,1.52
25478,26888.0,62237.0,Ford,Bronco,Sport,2024.0,4,SUV,of_Origin_USA,10.199472560025471,10.333424,26888.0,30742.186,-3854.185546875,3854.185546875,-14.33
26039,11995.0,185096.0,Toyota,Matrix,,2014.0,4,Hatchback,of_Origin_Japan,9.392328539868899,9.148882,11994.99999999999,9402.92,2592.080078124991,2592.080078124991,21.61
34981,30998.0,24470.0,GMC,Terrain,,2024.0,4,SUV,of_Origin_USA,10.341710224882465,10.433951,30998.000000000025,33993.41,-2995.4101562499745,2995.4101562499745,-9.66
25067,52590.0,29156.0,RAM,1500,,2025.0,baseline_value_here,baseline_value_here,of_Origin_USA,10.870300281424473,10.904056,52589.99999999997,54395.527,-1805.527343750029,1805.527343750029,-3.43
24981,28988.0,76275.0,Land,Rover,Discovery Sport,2022.0,4,SUV,baseline_value_here,10.274671726667417,10.40893,28987.999999999978,33153.37,-4165.371093750022,4165.371093750022,-14.37
22003,17888.0,178240.0,Subaru,Ascent,,2019.0,4,SUV,of_Origin_Japan,9.791941277791215,9.700946,17887.999999999996,16332.049,1555.9511718749964,1555.9511718749964,8.7
11212,25998.0,110798.0,Honda,CR-V,,2021.0,4,SUV,of_Origin_Japan,10.165813354725493,10.0951805,25997.999999999993,24224.97,1773.0292968749927,1773.0292968749927,6.82
27287,41891.0,43999.0,BMW,X1,,2025.0,4,SUV,baseline_value_here,10.642850156893036,10.717253,41891.00000000001,45126.754,-3235.7539062499927,3235.7539062499927,-7.72
23152,59995.0,3000.0,Toyota,Crown,,2026.0,4,Sedan,of_Origin_Japan,11.002033172315251,10.671889,59995.00000000005,43125.344,16869.65625000005,16869.65625000005,28.12
18887,83340.0,2160.0,Mercedes-Benz,GLC,,2026.0,4,SUV,baseline_value_here,11.330695903944534,11.112164,83340.00000000004,66979.95,16360.046875000044,16360.046875000044,19.63
20929,36999.0,123512.0,RAM,1500,,2021.0,baseline_value_here,baseline_value_here,of_Origin_USA,10.51867319162636,10.322974,36998.99999999997,30422.61,6576.390624999971,6576.390624999971,17.77
24580,47988.0,52168.0,Volvo,XC60,Recharge,2022.0,Electric,SUV,of_Origin_Sweden,10.778727096960669,10.876766,47988.00000000002,52931.152,-4943.152343749978,4943.152343749978,-10.3
29011,52705.0,60.0,Ford,Ranger,,2025.0,4,Pickup Truck,of_Origin_USA,10.872484580041217,10.934653,52704.99999999997,56085.66,-3380.660156250029,3380.660156250029,-6.41
20982,47398.0,200.0,RAM,ProMaster,Cargo Van,2025.0,6,Van,of_Origin_USA,10.76635641041421,10.856645,47398.00000000004,51876.72,-4478.718749999964,4478.718749999964,-9.45
32873,37895.0,61635.0,Mercedes-Benz,CLA,,2024.0,4,Sedan,baseline_value_here,10.542600844603587,10.371022,37894.999999999985,31920.09,5974.910156249985,5974.910156249985,15.77
19641,23798.0,39239.0,Mitsubishi,RVR,,2024.0,4,SUV,of_Origin_Japan,10.077398841970112,10.341346,23797.99999999998,30986.705,-7188.705078125018,7188.705078125018,-30.21
36461,44629.0,10.0,Chevrolet,Equinox,,2027.0,4,SUV,of_Origin_USA,10.706161557623316,10.790572,44629.00000000003,48559.812,-3930.812499999971,3930.812499999971,-8.81
27736,29495.0,156717.0,Ford,F-150,,2020.0,6,Pickup Truck,of_Origin_USA,10.29200993991398,10.348236,29494.999999999978,31200.957,-1705.9570312500218,1705.9570312500218,-5.78
11479,54892.0,4938.0,Honda,CR-V,Hybrid,2026.0,4,SUV,of_Origin_Japan,10.913141114814492,10.907964,54892.00000000002,54608.535,283.4648437500218,283.4648437500218,0.52
23498,47195.0,45885.0,Volkswagen,Atlas,,2024.0,4,SUV,baseline_value_here,10.76206442221981,10.575264,47195.0,39153.24,8041.76171875,8041.76171875,17.04
28131,26760.0,48498.0,Hyundai,Kona,,2024.0,4,SUV,of_Origin_South Korea,10.194700882751727,10.30664,26760.000000000022,29929.691,-3169.691406249978,3169.691406249978,-11.84
6547,19995.0,132215.0,Buick,Enclave,,2020.0,6,SUV,of_Origin_USA,9.903287532533462,10.2213,19995.00000000001,27481.373,-7486.373046874989,7486.373046874989,-37.44
36168,34051.0,47.0,Kia,Seltos,,2027.0,4,SUV,of_Origin_South Korea,10.435644047003947,10.474857,34050.999999999985,35412.816,-1361.8164062500146,1361.8164062500146,-4.0
38323,10490.0,126000.0,Volkswagen,Tiguan,,2013.0,4,SUV,baseline_value_here,9.258273025731485,9.385779,10489.999999999998,11916.693,-1426.6933593750018,1426.6933593750018,-13.6
34741,97770.0,499.0,Ford,F-150,,2026.0,6,Pickup Truck,of_Origin_USA,11.490383288533735,11.394631,97769.99999999997,88842.48,8927.52343749997,8927.52343749997,9.13
15276,40900.0,25064.0,Lexus,NX,,2022.0,4,SUV,of_Origin_Japan,10.61890979160975,10.390845,40900.00000000001,32559.178,8340.822265625007,8340.822265625007,20.39
30597,80980.0,499.0,Ford,F-150,,2026.0,6,Pickup Truck,of_Origin_USA,11.301969838237989,11.307776,80980.00000000006,81451.59,-471.5937499999418,471.5937499999418,-0.58
26371,22900.0,157000.0,RAM,1500,,2016.0,baseline_value_here,baseline_value_here,of_Origin_USA,10.038935856711177,9.69502,22900.0,16235.543,6664.45703125,6664.45703125,29.1
740,16999.0,113960.0,Volkswagen,Golf,SportWagen,2018.0,4,Wagon,baseline_value_here,9.740968623038354,9.973433,16999.00000000001,21447.984,-4448.984374999989,4448.984374999989,-26.17
28705,43215.0,300.0,Honda,CR-V,,2026.0,4,SUV,of_Origin_Japan,10.673966076032396,10.760974,43214.999999999985,47143.562,-3928.5625000000146,3928.5625000000146,-9.09
148,24977.0,126400.0,Lexus,IS,,2019.0,4,Sedan,of_Origin_Japan,10.125750716423031,9.832447,24977.00000000002,18627.482,6349.517578125018,6349.517578125018,25.42
8396,43480.0,48154.0,Chrysler,Pacifica,,2024.0,6,Minivan,of_Origin_USA,10.680079340050709,10.582419,43480.00000000004,39434.41,4045.5898437500364,4045.5898437500364,9.3
22921,46200.0,60251.0,Toyota,RAV,4,2023.0,4,SUV,of_Origin_Japan,10.740756721857226,10.611403,46200.00000000003,40594.133,5605.867187500029,5605.867187500029,12.13
32289,80980.0,499.0,Ford,F-150,,2026.0,6,Pickup Truck,of_Origin_USA,11.301969838237989,11.307776,80980.00000000006,81451.59,-471.5937499999418,471.5937499999418,-0.58
29487,9949.0,172715.0,Toyota,Prius,c,2015.0,4,Hatchback,of_Origin_Japan,9.205327830152639,9.474833,9949.000000000002,13026.692,-3077.692382812498,3077.692382812498,-30.93
22608,43888.0,86897.0,Tesla,Model,Y,2023.0,Electric,Sedan,of_Origin_USA,10.689418998189405,10.501852,43888.00000000001,36381.824,7506.175781250007,7506.175781250007,17.1
6535,31752.0,5000.0,Buick,Envista,,2026.0,4,SUV,of_Origin_USA,10.365742488046086,10.813619,31751.999999999996,49691.965,-17939.964843750004,17939.964843750004,-56.5
16234,32146.0,86068.0,Lincoln,Nautilus,,2022.0,4,SUV,of_Origin_USA,10.378074412714673,10.190021,32145.999999999978,26635.043,5510.957031249978,5510.957031249978,17.14
11125,25390.0,114660.0,Honda,Accord,Sedan,2022.0,4,Sedan,of_Origin_Japan,10.142150059508008,10.020287,25390.0,22476.871,2913.12890625,2913.12890625,11.47
5763,47999.0,55205.0,BMW,3,Series,2022.0,baseline_value_here,baseline_value_here,baseline_value_here,10.778956289890028,10.835118,47998.99999999998,50771.914,-2772.914062500022,2772.914062500022,-5.78
25701,19777.0,125000.0,Toyota,Corolla,Sedan,2020.0,4,Sedan,of_Origin_Japan,9.892325487829936,10.090591,19777.0,24114.05,-4337.05078125,4337.05078125,-21.93
22968,18995.0,92000.0,Toyota,Corolla,Sedan,2019.0,4,Hatchback,of_Origin_Japan,9.851983709669012,9.884786,18994.999999999993,19628.438,-633.4375000000073,633.4375000000073,-3.33
16100,66888.0,11517.0,Lincoln,Nautilus,,2025.0,4,SUV,of_Origin_USA,11.110789808082927,10.797274,66888.00000000001,48886.336,18001.664062500015,18001.664062500015,26.91
16326,6750.0,205542.0,Lincoln,MKC,,2015.0,4,SUV,of_Origin_USA,8.81744592104187,8.889795,6749.9999999999945,7256.533,-506.53320312500546,506.53320312500546,-7.5
37886,13500.0,168000.0,Toyota,Corolla,Sedan,2017.0,4,Sedan,of_Origin_Japan,9.510519035757246,9.502102,13500.000000000004,13386.837,113.16308593750364,113.16308593750364,0.84
16285,72888.0,97035.0,Lincoln,Navigator,L,2023.0,6,SUV,of_Origin_USA,11.196693014979088,10.621672,72887.99999999994,41013.12,31874.87890624994,31874.87890624994,43.73
33238,3995.0,136000.0,Dodge,Journey,,2011.0,4,SUV,of_Origin_USA,8.293049139768444,8.808837,3994.9999999999986,6692.1304,-2697.1303710937514,2697.1303710937514,-67.51
16346,66998.0,80804.0,Lincoln,Navigator,L,2022.0,6,SUV,of_Origin_USA,11.112432972888584,10.5816,66997.99999999999,39402.117,27595.882812499985,27595.882812499985,41.19
14856,36495.0,137287.0,Land,Rover,Range Rover Sport,2020.0,4,SUV,baseline_value_here,10.50495794452417,10.202557,36495.00000000003,26971.055,9523.94531250003,9523.94531250003,26.1
2812,41999.0,58278.0,Jeep,Wrangler,,2023.0,6,SUV,of_Origin_USA,10.645424897265505,10.80416,41998.99999999998,49224.16,-7225.160156250022,7225.160156250022,-17.2
2678,32995.0,172000.0,Toyota,Tacoma,,2020.0,4,Pickup Truck,of_Origin_Japan,10.404141620980623,10.407936,32995.00000000001,33120.44,-125.44140624999272,125.44140624999272,-0.38
22676,34999.0,65700.0,Tesla,Model,3,2022.0,Electric,Sedan,of_Origin_USA,10.46310334047155,10.549668,34998.99999999997,38163.777,-3164.777343750029,3164.777343750029,-9.04
34285,27500.0,86324.0,Mazda,CX-5,,2023.0,4,SUV,of_Origin_Japan,10.221977646629885,10.267148,27499.99999999998,28770.713,-1270.7128906250182,1270.7128906250182,-4.62
4677,24850.0,96000.0,Audi,A4,Sedan,2020.0,4,Sedan,baseline_value_here,10.120653272163802,10.104828,24850.0,24459.818,390.181640625,390.181640625,1.57
23481,25999.0,88506.0,Volkswagen,Taos,,2024.0,4,SUV,baseline_value_here,10.165851817003619,10.42606,25998.999999999985,33726.195,-7727.195312500015,7727.195312500015,-29.72
7193,32857.0,113047.0,Cadillac,XT4,,2024.0,4,SUV,of_Origin_USA,10.399950525466283,10.188319,32857.000000000015,26589.764,6267.236328125015,6267.236328125015,19.07
33835,8999.0,156958.0,Mazda,Mazda3,,2014.0,4,Sedan,of_Origin_Japan,9.104979856318357,9.231383,8999.000000000004,10211.659,-1212.6591796874964,1212.6591796874964,-13.48
24988,35498.0,56701.0,Mazda,CX-5,,2024.0,4,SUV,of_Origin_Japan,10.477259806052668,10.396048,35497.99999999999,32729.008,2768.9921874999927,2768.9921874999927,7.8
16916,58220.0,90.0,MINI,Countryman,,2027.0,4,SUV,of_Origin_UK,10.972001393380205,11.010478,58220.00000000004,60503.8,-2283.8007812499636,2283.8007812499636,-3.92
18503,57770.0,139000.0,Mercedes-Benz,G-Class,,2014.0,8,SUV,baseline_value_here,10.964242198647998,10.145814,57770.00000000003,25483.201,32286.79882812503,32286.79882812503,55.89
36744,34995.0,14973.0,Honda,Civic,Sedan,2025.0,4,Sedan,of_Origin_Japan,10.462989048226156,10.500626,34995.00000000002,36337.23,-1342.2304687499782,1342.2304687499782,-3.84
15363,42990.0,52603.0,Lexus,NX,,2022.0,4,SUV,of_Origin_Japan,10.66874607044333,10.598797,42990.000000000015,40085.58,2904.4218750000146,2904.4218750000146,6.76
34605,22950.0,7528.0,Nissan,Kicks,,2024.0,4,SUV,of_Origin_Japan,10.041116787524166,10.550507,22949.999999999996,38195.785,-15245.785156250004,15245.785156250004,-66.43
23092,37900.0,16999.0,Toyota,RAV,4,2023.0,4,SUV,of_Origin_Japan,10.542732775946709,10.40353,37900.000000000015,32974.83,4925.171875000015,4925.171875000015,13.0
4321,12999.0,88547.0,Acura,TLX,,2015.0,4,Sedan,of_Origin_Japan,9.472704636443673,9.514019,12998.99999999999,13547.336,-548.3359375000091,548.3359375000091,-4.22
1628,17795.0,99137.0,Hyundai,Santa,Fe Sport,2017.0,4,SUV,of_Origin_South Korea,9.786728991925932,9.621166,17794.99999999999,15079.627,2715.373046874989,2715.373046874989,15.26
22439,31850.0,75917.0,Tesla,Model,Y,2021.0,Electric,Sedan,of_Origin_USA,10.368824057681683,10.408411,31850.000000000022,33136.176,-1286.1757812499782,1286.1757812499782,-4.04
5342,90736.0,10935.0,BMW,X5,,2026.0,6,SUV,baseline_value_here,11.415720491177032,11.422913,90735.99999999997,91390.945,-654.9453125000291,654.9453125000291,-0.72
27384,23495.0,41181.0,Nissan,Qashqai,,2023.0,4,SUV,of_Origin_Japan,10.064585472878456,10.373582,23494.999999999993,32001.902,-8506.902343750007,8506.902343750007,-36.21
16835,77295.0,250.0,Lincoln,Nautilus,,2026.0,4,SUV,of_Origin_USA,11.255397486794188,10.967007,77294.99999999997,57929.93,19365.07031249997,19365.07031249997,25.05
21951,21888.0,91873.0,Subaru,WRX,,2021.0,4,Sedan,of_Origin_Japan,9.993739506513155,10.086657,21888.000000000004,24019.348,-2131.3476562499964,2131.3476562499964,-9.74
29260,12990.0,191052.0,Tesla,Model,S,2014.0,Electric,Sedan,of_Origin_USA,9.472012088995733,9.6177,12990.0,15027.439,-2037.439453125,2037.439453125,-15.68
25105,44988.0,4569.0,Toyota,RAV,4,2025.0,4,SUV,of_Origin_Japan,10.7141732944266,10.668829,44987.99999999999,42993.562,1994.4374999999927,1994.4374999999927,4.43
33703,39488.0,45887.0,Lexus,UX,,2024.0,4,SUV,of_Origin_Japan,10.583777431093518,10.660127,39488.000000000015,42621.035,-3133.0351562499854,3133.0351562499854,-7.93
25297,44595.0,56146.0,Porsche,Macan,,2020.0,4,SUV,baseline_value_here,10.705399447887462,10.356723,44595.0,31466.887,13128.11328125,13128.11328125,29.44
25404,32898.0,93878.0,Jeep,Grand,Cherokee,2023.0,6,SUV,of_Origin_USA,10.401197541154744,10.631563,32898.00000000001,41420.824,-8522.824218749993,8522.824218749993,-25.91
25352,22888.0,124700.0,Audi,Q5,,2019.0,4,SUV,baseline_value_here,10.038411724792649,10.020891,22888.000000000015,22490.465,397.53515625001455,397.53515625001455,1.74
649,17999.0,89590.0,Honda,Accord,Coupe,2016.0,4,Coupe,of_Origin_Japan,9.798127036878302,9.682034,17999.000000000007,16026.056,1972.9443359375073,1972.9443359375073,10.96
7382,11995.0,240545.0,Cadillac,XT5,,2017.0,4,SUV,of_Origin_USA,9.392328539868899,9.003092,11994.99999999999,8127.176,3867.824218749991,3867.824218749991,32.25
37771,49895.0,110132.0,Toyota,Tundra,,2023.0,6,Pickup Truck,of_Origin_Japan,10.817696118205959,10.617435,49895.0,40839.742,9055.2578125,9055.2578125,18.15
17326,29900.0,18002.0,MINI,5,Door,2023.0,baseline_value_here,baseline_value_here,of_Origin_UK,10.305647203635566,10.459419,29899.999999999996,34870.293,-4970.292968750004,4970.292968750004,-16.62
15536,40753.0,51941.0,Lexus,IS,,2023.0,4,Sedan,of_Origin_Japan,10.615309273360882,10.21585,40753.000000000015,27331.996,13421.003906250015,13421.003906250015,32.93
38723,16950.0,25220.0,Mitsubishi,Mirage,,2024.0,3,Hatchback,of_Origin_Japan,9.738082108118487,9.651842,16950.00000000001,15549.407,1400.592773437511,1400.592773437511,8.26
13824,13990.0,139976.0,Kia,Soul,,2021.0,4,Hatchback,of_Origin_South Korea,9.546169544733285,9.533352,13989.999999999989,13811.8125,178.1874999999891,178.1874999999891,1.27
198,34880.0,63068.0,Jeep,Wrangler,Unlimited,2022.0,Electric,SUV,of_Origin_USA,10.459697547336718,10.595115,34880.00000000002,39938.246,-5058.246093749978,5058.246093749978,-14.5
4329,14990.0,127794.0,Audi,A4,,2017.0,4,Sedan,baseline_value_here,9.615205300012315,9.774525,14990.000000000004,17579.133,-2589.1328124999964,2589.1328124999964,-17.27
28511,23768.0,75500.0,Hyundai,Tucson,,2022.0,4,SUV,of_Origin_South Korea,10.076137489633352,10.1239605,23768.000000000004,24932.324,-1164.3242187499964,1164.3242187499964,-4.9
25135,52995.0,14121.0,Nissan,Pathfinder,,2025.0,6,SUV,of_Origin_Japan,10.877971717988014,11.014559,52995.00000000004,60751.215,-7756.214843749964,7756.214843749964,-14.64
4536,33488.0,104967.0,Audi,S5,Cabriolet,2018.0,6,Hatchback,baseline_value_here,10.418972305682843,10.134089,33488.00000000003,25186.156,8301.84375000003,8301.84375000003,24.79
13992,24990.0,67766.0,Kia,Forte,5,2023.0,4,Sedan,of_Origin_South Korea,10.126271039034782,10.048447,24990.0,23118.846,1871.154296875,1871.154296875,7.49
435,64995.0,19371.0,Porsche,Cayenne,,2021.0,6,SUV,baseline_value_here,11.082081008522668,10.947631,64995.000000000044,56818.273,8176.726562500044,8176.726562500044,12.58
8389,52988.0,2725.0,Chrysler,Pacifica,,2026.0,6,Minivan,of_Origin_USA,10.877839623823553,11.004214,52987.99999999997,60126.0,-7138.000000000029,7138.000000000029,-13.47
31072,34410.0,63228.0,Toyota,RAV,4,2022.0,4,SUV,of_Origin_Japan,10.446131559688638,10.306179,34410.0,29915.906,4494.09375,4494.09375,13.06
13818,9990.0,89691.0,Kia,Forte,5-Door,2016.0,4,Sedan,of_Origin_South Korea,9.209439966733019,9.324831,9990.0,11212.021,-1222.021484375,1222.021484375,-12.23
23503,8990.0,205019.0,Volkswagen,Passat,,2016.0,4,Sedan,baseline_value_here,9.103979355984773,9.124956,8990.000000000002,9180.594,-190.59374999999818,190.59374999999818,-2.12
27365,16990.0,126768.0,Volkswagen,Tiguan,,2018.0,4,SUV,baseline_value_here,9.740439071085758,9.923899,16989.99999999999,20411.418,-3421.417968750011,3421.417968750011,-20.14
15554,84900.0,6656.0,Lexus,TX,,2025.0,4,SUV,of_Origin_Japan,11.349241150793087,10.920024,84900.00000000001,55271.12,29628.878906250015,29628.878906250015,34.9
31875,25998.0,126206.0,Toyota,RAV,4,2021.0,4,SUV,of_Origin_Japan,10.165813354725493,10.063281,25997.999999999993,23464.371,2533.6289062499927,2533.6289062499927,9.75
22119,33994.0,54417.0,Subaru,Outback,,2024.0,4,SUV,of_Origin_Japan,10.43396873396056,10.398716,33994.0,32816.46,1177.5390625,1177.5390625,3.46
32469,25409.0,102255.0,Ford,Edge,,2023.0,4,SUV,of_Origin_USA,10.142898076314209,10.191755,25408.999999999978,26681.29,-1272.2890625000218,1272.2890625000218,-5.01
13697,55995.0,1001.0,Jeep,Grand,Cherokee,2025.0,6,SUV,of_Origin_USA,10.933035538594716,11.124706,55995.0,67825.37,-11830.3671875,11830.3671875,-21.13
29124,35898.0,44457.0,Mazda,CX-9,,2022.0,4,SUV,of_Origin_Japan,10.488464718935205,10.330298,35898.00000000001,30646.256,5251.744140625007,5251.744140625007,14.63
28062,9200.0,105000.0,Subaru,Forester,,2014.0,4,SUV,of_Origin_Japan,9.127067452782361,9.448891,9200.0,12693.076,-3493.076171875,3493.076171875,-37.97
20480,26999.0,30151.0,Nissan,Rogue,,2024.0,4,SUV,of_Origin_Japan,10.203592144986466,10.434999,26998.999999999996,34029.06,-7030.058593750004,7030.058593750004,-26.04
2951,58616.0,95718.0,Audi,S7,,2021.0,6,Sedan,baseline_value_here,10.978780035882622,10.710286,58616.00000000005,44813.46,13802.539062500051,13802.539062500051,23.55
22293,26900.0,101344.0,Tesla,Model,3,2023.0,Electric,Sedan,of_Origin_USA,10.199918739620157,10.442262,26900.000000000004,34277.09,-7377.089843749996,7377.089843749996,-27.42
20260,13995.0,138927.0,Nissan,Kicks,,2021.0,4,SUV,of_Origin_Japan,9.54652685348758,10.029351,13995.00000000001,22681.55,-8686.55078124999,8686.55078124999,-62.07
2115,79966.0,36952.0,BMW,8,Series Gran Coupe,2023.0,baseline_value_here,baseline_value_here,baseline_value_here,11.28936932855449,10.933245,79965.99999999994,56006.715,23959.28515624994,23959.28515624994,29.96
6495,15995.0,76204.0,Buick,Encore,,2019.0,4,SUV,of_Origin_USA,9.680093969966709,9.962233,15995.0,21209.096,-5214.095703125,5214.095703125,-32.6
13509,43995.0,34191.0,Jeep,Wrangler,,2024.0,6,SUV,of_Origin_USA,10.691853999677008,10.888307,43995.00000000003,53545.547,-9550.54687499997,9550.54687499997,-21.71
27869,26963.0,23111.0,Mitsubishi,Eclipse,Cross,2024.0,4,Coupe,of_Origin_Japan,10.20225792197333,10.315081,26962.999999999993,30183.404,-3220.4042968750073,3220.4042968750073,-11.94
1069,22992.0,73877.0,Volkswagen,Taos,,2024.0,4,SUV,baseline_value_here,10.042945100762001,10.476206,22992.0,35460.605,-12468.60546875,12468.60546875,-54.23
17396,45998.0,36804.0,MINI,Countryman,,2025.0,Electric,SUV,of_Origin_UK,10.736374936104498,10.615078,45997.99999999998,40743.574,5254.425781249978,5254.425781249978,11.42
14053,16993.0,102398.0,Kia,Sorento,,2017.0,4,SUV,of_Origin_South Korea,9.740615619563487,9.571303,16993.000000000004,14346.104,2646.8964843750036,2646.8964843750036,15.58
17442,31600.0,25549.0,MINI,3,Door,2024.0,baseline_value_here,baseline_value_here,of_Origin_UK,10.360944044643913,10.454894,31600.000000000004,34712.85,-3112.8515624999964,3112.8515624999964,-9.85
27785,38977.0,15637.0,Volkswagen,Tiguan,,2025.0,4,SUV,baseline_value_here,10.570752663381969,10.81115,38976.99999999996,49569.42,-10592.421875000036,10592.421875000036,-27.18
30911,29990.0,193459.0,Tesla,Model,Y,2023.0,Electric,Sedan,of_Origin_USA,10.30865261563529,10.158221,29990.000000000007,25801.36,4188.640625000007,4188.640625000007,13.97
4491,37899.0,49709.0,Audi,Q3,,2023.0,4,SUV,baseline_value_here,10.542706391070517,10.544335,37898.99999999998,37960.79,-61.78906250002183,61.78906250002183,-0.16
23387,51366.0,220.0,Toyota,Prius,Plug-In Hybrid,2026.0,4,Hatchback,of_Origin_Japan,10.84675122191171,10.840814,51366.00000000003,51061.906,304.0937500000291,304.0937500000291,0.59
19320,32888.0,103451.0,Mitsubishi,Outlander,Plug-In Hybrid,2023.0,4,SUV,of_Origin_Japan,10.40089353434265,10.470571,32888.000000000015,35261.332,-2373.3320312499854,2373.3320312499854,-7.22
24564,36888.0,35017.0,Volvo,XC40,,2022.0,4,SUV,of_Origin_Sweden,10.515668682606062,10.627009,36887.99999999998,41232.63,-4344.628906250022,4344.628906250022,-11.78
34099,25490.0,92061.0,Toyota,Corolla,Sedan,2023.0,4,Sedan,of_Origin_Japan,10.14608072767165,10.316982,25489.999999999985,30240.857,-4750.857421875015,4750.857421875015,-18.64
25494,24858.0,37009.0,Kia,Sportage,,2023.0,4,SUV,of_Origin_South Korea,10.120975138994181,10.236495,24858.00000000002,27902.154,-3044.154296874982,3044.154296874982,-12.25
37399,34346.0,99.0,Kia,Seltos,,2027.0,4,SUV,of_Origin_South Korea,10.444269957591922,10.55966,34346.000000000015,38547.02,-4201.019531249985,4201.019531249985,-12.23
28277,59495.0,10673.0,Ford,F-150,,2025.0,6,Pickup Truck,of_Origin_USA,10.993664362383136,11.197881,59494.999999999985,72974.625,-13479.625000000015,13479.625000000015,-22.66
28018,24388.0,107568.0,Acura,MDX,,2019.0,6,SUV,of_Origin_Japan,10.101887489959422,10.242619,24387.999999999996,28073.545,-3685.5449218750036,3685.5449218750036,-15.11
25731,25998.0,79456.0,Toyota,Corolla,Cross,2023.0,4,Sedan,of_Origin_Japan,10.165813354725493,10.102791,25997.999999999993,24410.041,1587.9589843749927,1587.9589843749927,6.11
38566,36995.0,16787.0,Honda,Civic,Sedan,2025.0,4,Sedan,of_Origin_Japan,10.51856507767415,10.527397,36994.99999999999,37323.2,-328.1992187500073,328.1992187500073,-0.89
20905,59995.0,61000.0,Porsche,Boxster,,2015.0,6,baseline_value_here,baseline_value_here,11.002033172315251,10.385886,59995.00000000005,32398.11,27596.89062500005,27596.89062500005,46.0
18577,11800.0,150076.0,Mercedes-Benz,CLA,,2015.0,4,Sedan,baseline_value_here,9.375939552625749,9.364878,11799.999999999998,11670.179,129.82128906249818,129.82128906249818,1.1
35861,24990.0,113278.0,Tesla,Model,3,2022.0,Electric,Sedan,of_Origin_USA,10.126271039034782,10.362924,24990.0,31662.62,-6672.619140625,6672.619140625,-26.7
30456,56999.0,54764.0,GMC,Sierra,1500,2024.0,8,Pickup Truck,of_Origin_USA,10.950806546816688,10.890573,56999.000000000044,53667.02,3331.9804687500437,3331.9804687500437,5.85
17800,36495.0,20449.0,Mazda,CX-5,,2024.0,4,SUV,of_Origin_Japan,10.50495794452417,10.422493,36495.00000000003,33606.113,2888.886718750029,2888.886718750029,7.92
37433,17000.0,100190.0,Infiniti,QX50,,2019.0,4,SUV,of_Origin_Japan,9.741027444837728,10.0196085,16999.99999999999,22461.635,-5461.634765625011,5461.634765625011,-32.13
7271,103998.0,43670.0,Cadillac,Escalade,ESV,2023.0,8,SUV,of_Origin_USA,11.552136562692667,11.220853,103998.00000000004,74670.43,29327.570312500044,29327.570312500044,28.2
30942,61995.0,25968.0,GMC,Sierra,1500,2024.0,8,Pickup Truck,of_Origin_USA,11.034825145816942,10.969155,61995.00000000005,58054.535,3940.464843750051,3940.464843750051,6.36
16772,73487.0,250.0,Lincoln,Nautilus,,2026.0,4,SUV,of_Origin_USA,11.204877406565574,10.967007,73486.99999999994,57929.93,15557.070312499942,15557.070312499942,21.17
19093,42289.0,100.0,Mitsubishi,Eclipse,Cross,2025.0,4,Coupe,of_Origin_Japan,10.652305930466534,10.503739,42289.0,36450.555,5838.4453125,5838.4453125,13.81
34602,31862.0,56917.0,Buick,Envision,,2023.0,4,SUV,of_Origin_USA,10.36920074098965,10.336251,31862.000000000004,30829.238,1032.7617187500036,1032.7617187500036,3.24
7370,4995.0,207839.0,Cadillac,DTS,,2008.0,8,Sedan,of_Origin_USA,8.516392871245468,8.433255,4995.000000000001,4596.4414,398.5585937500009,398.5585937500009,7.98
11801,29500.0,109997.0,Hyundai,Palisade,,2022.0,6,SUV,of_Origin_South Korea,10.292179440058462,10.359423,29500.000000000007,31551.96,-2051.9609374999927,2051.9609374999927,-6.96
2190,36900.0,166000.0,Lexus,NX,,2024.0,4,SUV,of_Origin_Japan,10.515993929932415,10.339366,36899.99999999999,30925.416,5974.583984374993,5974.583984374993,16.19
3075,26406.0,3939.0,Mazda,Mazda3,Sport,2025.0,4,Sedan,of_Origin_Japan,10.181384405503108,10.432789,26405.99999999998,33953.914,-7547.914062500018,7547.914062500018,-28.58
723,13800.0,80312.0,Audi,Q5,,2014.0,4,SUV,baseline_value_here,9.53249633228804,9.626028,13800.000000000011,15153.125,-1353.124999999989,1353.124999999989,-9.81
7778,39998.0,60345.0,Chevrolet,Silverado,1500,2024.0,8,Pickup Truck,of_Origin_USA,10.596609732783568,10.851727,39997.99999999999,51622.203,-11624.203125000007,11624.203125000007,-29.06
30978,23495.0,63336.0,Hyundai,Kona,,2023.0,4,SUV,of_Origin_South Korea,10.064585472878456,10.215636,23494.999999999993,27326.156,-3831.1562500000073,3831.1562500000073,-16.31
35294,2900.0,149800.0,Kia,Sorento,,2012.0,4,SUV,of_Origin_South Korea,7.972810784121404,8.837963,2900.0000000000005,6889.9424,-3989.9423828124995,3989.9423828124995,-137.58
31169,66660.0,499.0,Ford,Explorer,,2026.0,4,SUV,of_Origin_USA,11.10737535324936,10.903771,66660.00000000003,54380.07,12279.92968750003,12279.92968750003,18.42
8776,14888.0,152768.0,Dodge,Grand,Caravan,2018.0,6,Minivan,of_Origin_USA,9.608377964255551,9.709393,14888.000000000005,16470.594,-1582.5937499999945,1582.5937499999945,-10.63
34092,43490.0,79363.0,Mercedes-Benz,C-Class,Sedan,2024.0,8,Sedan,baseline_value_here,10.680309299119006,11.252806,43489.99999999996,77094.92,-33604.92187500004,33604.92187500004,-77.27
8821,18888.0,128054.0,Dodge,Challenger,,2015.0,6,Coupe,of_Origin_USA,9.84633502103182,9.668984,18888.0,15818.275,3069.724609375,3069.724609375,16.25
25424,23770.0,103000.0,Audi,Q5,,2021.0,4,SUV,baseline_value_here,10.076221629305257,10.22347,23770.000000000015,27541.064,-3771.0644531249854,3771.0644531249854,-15.86
33728,11500.0,46980.0,Chevrolet,Malibu,Hybrid,2010.0,4,Sedan,of_Origin_USA,9.350189267092581,8.899932,11499.999999999998,7330.474,4169.525878906248,4169.525878906248,36.26
30474,10999.0,133000.0,Ford,Fusion,,2016.0,4,Sedan,of_Origin_USA,9.305650551780507,9.234699,10998.999999999998,10245.58,753.4199218749982,753.4199218749982,6.85
35666,12950.0,228582.0,GMC,Terrain,,2018.0,4,SUV,of_Origin_USA,9.468928284223587,9.169824,12949.999999999996,9601.931,3348.0693359374964,3348.0693359374964,25.85
36346,48998.0,11729.0,Kia,Carnival,Hybrid,2026.0,4,Minivan,of_Origin_South Korea,10.799555168721248,11.0540695,48997.99999999997,63199.63,-14201.62890625003,14201.62890625003,-28.98
33170,33999.0,63812.0,RAM,1500,,2019.0,baseline_value_here,baseline_value_here,of_Origin_USA,10.4341158035983,10.382456,33999.00000000003,32287.158,1711.841796875029,1711.841796875029,5.03
24670,34999.0,45429.0,Volvo,XC60,,2022.0,4,SUV,of_Origin_Sweden,10.46310334047155,10.582704,34998.99999999997,39445.617,-4446.617187500029,4446.617187500029,-12.7
17581,3495.0,250813.0,MINI,Countryman,,2013.0,4,SUV,of_Origin_UK,8.159374736775426,8.579289,3495.0,5319.3237,-1824.32373046875,1824.32373046875,-52.2
8574,28779.0,97875.0,Chrysler,Grand,Caravan,2023.0,6,Minivan,of_Origin_USA,10.267435980441359,10.384903,28779.000000000007,32366.268,-3587.2675781249927,3587.2675781249927,-12.46
24877,38795.0,13800.0,Hyundai,Tucson,,2026.0,4,SUV,of_Origin_South Korea,10.566072427513433,10.643739,38794.99999999998,41928.242,-3133.242187500022,3133.242187500022,-8.08
7168,41995.0,47823.0,Cadillac,XT5,,2023.0,4,SUV,of_Origin_USA,10.645329654634832,10.32904,41995.0,30607.701,11387.298828125,11387.298828125,27.12
26160,60697.0,38353.0,Ford,F-350,Super Duty,2025.0,8,Pickup Truck,of_Origin_USA,11.013666027575601,10.921244,60696.99999999995,55338.582,5358.417968749949,5358.417968749949,8.83
2983,24990.0,16241.0,Honda,Civic,Sedan,2022.0,4,Sedan,of_Origin_Japan,10.126271039034782,10.235476,24990.0,27873.723,-2883.72265625,2883.72265625,-11.54
13674,29494.0,9667.0,Jeep,Compass,,2024.0,4,SUV,of_Origin_USA,10.291976036437175,10.564965,29493.99999999998,38752.07,-9258.070312500018,9258.070312500018,-31.39
13366,12888.0,84114.0,Jeep,Grand,Cherokee,2017.0,6,SUV,of_Origin_USA,9.46412951340478,10.114944,12888.000000000004,24708.535,-11820.535156249996,11820.535156249996,-91.72
28747,15000.0,166278.0,Toyota,Camry,,2016.0,4,Sedan,of_Origin_Japan,9.61587214452889,9.386958,14999.99999999999,11930.749,3069.250976562491,3069.250976562491,20.46
33105,27995.0,59618.0,Jeep,Compass,,2022.0,4,SUV,of_Origin_USA,10.23981692180943,10.261304,27994.99999999999,28603.059,-608.0585937500109,608.0585937500109,-2.17
11381,22900.0,115157.0,Honda,Civic,Sedan,2022.0,4,Sedan,of_Origin_Japan,10.038935856711177,10.010248,22900.0,22252.357,647.642578125,647.642578125,2.83
22129,15800.0,116212.0,Subaru,Outback,,2018.0,4,SUV,of_Origin_Japan,9.6678285081515,9.866182,15800.00000000001,19266.64,-3466.640624999991,3466.640624999991,-21.94
7862,9998.0,146872.0,Chevrolet,Cruze,,2017.0,4,Sedan,of_Origin_USA,9.21024036697585,9.366888,9998.0,11693.665,-1695.6650390625,1695.6650390625,-16.96
26184,85999.0,29608.0,BMW,X5,,2025.0,6,SUV,baseline_value_here,11.362102575235644,11.197604,85998.99999999994,72954.445,13044.554687499942,13044.554687499942,15.17
33329,39995.0,95522.0,Kia,Carnival,,2023.0,4,Minivan,of_Origin_South Korea,10.59653472809574,10.374251,39995.00000000001,32023.336,7971.664062500007,7971.664062500007,19.93
28478,21999.0,131524.0,Audi,A4,,2018.0,4,Sedan,baseline_value_here,9.998797732340453,9.806228,21999.0,18145.404,3853.595703125,3853.595703125,17.52
17667,31987.0,42272.0,Mazda,CX-5,,2023.0,4,SUV,of_Origin_Japan,10.37311611145178,10.373582,31987.000000000004,32001.902,-14.902343749996362,14.902343749996362,-0.05
28813,25995.0,24560.0,Nissan,Rogue,,2024.0,4,SUV,of_Origin_Japan,10.16569795901424,10.43424,25995.00000000002,34003.234,-8008.234374999982,8008.234374999982,-30.81
37186,50950.0,48242.0,Acura,MDX,,2024.0,6,SUV,of_Origin_Japan,10.83861966554364,10.792539,50949.99999999996,48655.402,2294.5976562499636,2294.5976562499636,4.5
14707,91898.0,37481.0,Land,Rover,Range Rover Sport,2022.0,4,SUV,baseline_value_here,11.428445426891757,10.538064,91898.00000000001,37723.46,54174.539062500015,54174.539062500015,58.95
27925,29367.0,49098.0,Honda,HR-V,,2024.0,4,SUV,of_Origin_Japan,10.28766092517667,10.392886,29367.0,32625.697,-3258.697265625,3258.697265625,-11.1
33589,54995.0,41522.0,Toyota,Tacoma,,2025.0,4,Pickup Truck,of_Origin_Japan,10.915015734297125,10.8587675,54995.00000000002,51986.965,3008.035156250022,3008.035156250022,5.47
30019,34988.0,129526.0,Lexus,RX,,2021.0,4,SUV,of_Origin_Japan,10.46278900535916,10.031564,34987.999999999985,22731.793,12256.207031249985,12256.207031249985,35.03
24852,13888.0,125105.0,Volvo,V60,,2016.0,6,Wagon,of_Origin_Sweden,9.53885243891622,9.877653,13888.000000000004,19488.928,-5600.927734374996,5600.927734374996,-40.33
12906,41982.0,3532.0,Infiniti,QX50,,2025.0,4,SUV,of_Origin_Japan,10.645020053422533,10.705467,41982.00000000001,44598.023,-2616.0234374999927,2616.0234374999927,-6.23
34961,24288.0,118804.0,Toyota,RAV,4,2019.0,4,SUV,of_Origin_Japan,10.097778851943309,9.951903,24287.999999999996,20991.139,3296.8613281249964,3296.8613281249964,13.57
20195,20450.0,105000.0,Nissan,NV200,Cargo Vans,2021.0,4,Van,of_Origin_Japan,9.925787060030896,10.1801405,20450.00000000001,26373.172,-5923.171874999989,5923.171874999989,-28.96
17771,31498.0,46002.0,Mazda,CX-5,,2022.0,4,SUV,of_Origin_Japan,10.357711078278063,10.319182,31498.000000000025,30307.467,1190.5332031250255,1190.5332031250255,3.78
21468,33779.0,1694.0,Subaru,Impreza,,2026.0,4,Sedan,of_Origin_Japan,10.427624190361792,10.530168,33779.00000000003,37426.746,-3647.746093749971,3647.746093749971,-10.8
26403,27500.0,115000.0,Mercedes-Benz,S-Class,,2015.0,6,Sedan,baseline_value_here,10.221977646629885,9.973924,27499.99999999998,21458.521,6041.478515624982,6041.478515624982,21.97
9364,34795.0,9264.0,Ford,Bronco,Sport,2024.0,4,SUV,of_Origin_USA,10.457257716627431,10.562556,34795.0,38658.83,-3863.828125,3863.828125,-11.1
14796,38880.0,56408.0,Land,Rover,Range Rover Velar,2022.0,4,SUV,baseline_value_here,10.568260978408226,10.457429,38879.99999999997,34800.957,4079.042968749971,4079.042968749971,10.49
32241,7495.0,203078.0,Mitsubishi,Lancer,,2017.0,4,Sedan,of_Origin_Japan,8.922124823918258,9.32644,7495.000000000001,11230.076,-3735.076171874999,3735.076171874999,-49.83
21126,15990.0,254320.0,RAM,ProMaster,City Cargo Van,2022.0,6,Van,of_Origin_USA,9.679781342959442,9.888517,15990.000000000005,19701.826,-3711.8261718749945,3711.8261718749945,-23.21
22294,33900.0,100605.0,Tesla,Model,3,2021.0,Electric,Sedan,of_Origin_USA,10.431199791458543,10.283868,33900.00000000001,29255.816,4644.183593750007,4644.183593750007,13.7
29609,30900.0,47487.0,Audi,A3,Sedan,2022.0,4,Sedan,baseline_value_here,10.33854382482173,10.480701,30899.999999999996,35620.387,-4720.386718750004,4720.386718750004,-15.28
23614,9990.0,141860.0,Volkswagen,Passat,,2016.0,4,Sedan,baseline_value_here,9.209439966733019,9.515344,9990.0,13565.295,-3575.294921875,3575.294921875,-35.79
3907,14948.0,139836.0,Acura,RDX,,2018.0,6,SUV,of_Origin_Japan,9.612399686949514,9.96626,14947.999999999998,21294.69,-6346.689453125002,6346.689453125002,-42.46
21847,39635.0,25369.0,Subaru,WRX,,2024.0,4,Sedan,of_Origin_Japan,10.58749307517879,10.448414,39634.999999999985,34488.625,5146.374999999985,5146.374999999985,12.98
9758,38990.0,250.0,Ford,Bronco,Sport,2026.0,4,SUV,of_Origin_USA,10.571086129249698,10.967007,38990.00000000001,57929.93,-18939.929687499993,18939.929687499993,-48.58
15441,45388.0,25503.0,Lexus,NX,,2022.0,4,SUV,of_Origin_Japan,10.723025063923394,10.356507,45387.99999999997,31460.105,13927.89453124997,13927.89453124997,30.69
14678,50548.0,150.0,Kia,,,2027.0,Electric,baseline_value_here,of_Origin_South Korea,10.830698441859274,10.931393,50548.00000000004,55903.082,-5355.082031249964,5355.082031249964,-10.59
17756,39998.0,12373.0,Mazda,CX-50,,2024.0,4,SUV,of_Origin_Japan,10.596609732783568,10.509782,39997.99999999999,36671.477,3326.5234374999927,3326.5234374999927,8.32
4638,27995.0,69739.0,Audi,A4,Sedan,2023.0,4,Sedan,baseline_value_here,10.23981692180943,10.329516,27994.99999999999,30622.299,-2627.298828125011,2627.298828125011,-9.38
32460,18988.0,93840.0,Audi,Q3,,2018.0,4,SUV,baseline_value_here,9.851615143125416,10.011041,18987.99999999999,22270.0,-3282.000000000011,3282.000000000011,-17.28
35366,26021.0,71206.0,Jeep,Cherokee,,2022.0,4,SUV,of_Origin_USA,10.166697613063421,10.234857,26021.000000000007,27856.475,-1835.4746093749927,1835.4746093749927,-7.05
28215,52992.0,15065.0,Volkswagen,Atlas,Cross Sport,2025.0,4,SUV,baseline_value_here,10.877915108339828,10.771345,52992.0,47635.05,5356.94921875,5356.94921875,10.11
17973,33650.0,17500.0,Mazda,CX-30,,2023.0,4,SUV,of_Origin_Japan,10.423798052313334,10.3957,33650.00000000002,32717.648,932.3515625000218,932.3515625000218,2.77
18572,43587.0,131349.0,Mercedes-Benz,S-Class,,2019.0,6,Sedan,baseline_value_here,10.682537162096777,10.38294,43587.00000000001,32302.805,11284.195312500007,11284.195312500007,25.89
5521,53588.0,24249.0,BMW,X3,,2024.0,4,SUV,baseline_value_here,10.889099102116994,10.640136,53587.99999999998,41777.44,11810.558593749978,11810.558593749978,22.04
1049,58490.0,33369.0,Genesis,GV70,,2024.0,6,SUV,of_Origin_South Korea,10.976628175230568,10.905873,58489.99999999996,54494.492,3995.5078124999636,3995.5078124999636,6.83
31259,15000.0,159500.0,BMW,2,Series,2015.0,baseline_value_here,baseline_value_here,baseline_value_here,9.61587214452889,9.6449795,14999.99999999999,15443.056,-443.0556640625091,443.0556640625091,-2.95
18411,81827.0,3047.0,Mercedes-Benz,GLC,,2025.0,4,SUV,baseline_value_here,11.312374762308654,11.007123,81827.00000000004,60301.15,21525.851562500044,21525.851562500044,26.31
29136,54900.0,11877.0,Volkswagen,Atlas,Cross Sport,2026.0,4,SUV,baseline_value_here,10.91328684226798,10.95084,54899.99999999996,57000.906,-2100.9062500000364,2100.9062500000364,-3.83
38104,40870.0,300.0,Honda,Civic,Sedan,2026.0,4,Sedan,of_Origin_Japan,10.618176044083802,10.659741,40870.00000000002,42604.617,-1734.6171874999782,1734.6171874999782,-4.24
5677,49982.0,29851.0,BMW,X3,,2024.0,4,SUV,baseline_value_here,10.819438226597178,10.637561,49981.99999999999,41670.004,8311.996093749993,8311.996093749993,16.63
20,15999.0,95421.0,Nissan,Versa,,2023.0,4,Sedan,of_Origin_Japan,9.680344001221918,10.098819,15999.000000000002,24313.271,-8314.271484374998,8314.271484374998,-51.97
8843,47809.0,75413.0,Dodge,Durango,,2025.0,6,SUV,of_Origin_USA,10.77499010162015,10.810112,47809.00000000002,49518.016,-1709.0156249999782,1709.0156249999782,-3.57
26719,59745.0,499.0,Ford,Explorer,,2026.0,4,SUV,of_Origin_USA,10.997857521946106,10.903771,59745.000000000015,54380.07,5364.929687500015,5364.929687500015,8.98
36497,31999.0,53000.0,Land,Rover,Range Rover Evoque,2021.0,6,SUV,baseline_value_here,10.373491181781864,10.886938,31999.000000000007,53472.32,-21473.320312499993,21473.320312499993,-67.11
31904,23000.0,61572.0,Audi,A4,,2017.0,4,Sedan,baseline_value_here,10.043292972227004,9.962318,22999.999999999996,21210.916,1789.0839843749964,1789.0839843749964,7.78
35650,4950.0,228507.0,Ford,Flex,,2013.0,6,SUV,of_Origin_USA,8.507344855361422,8.972948,4949.999999999996,7885.8184,-2935.8183593750036,2935.8183593750036,-59.31
36823,8999.0,164096.0,Ford,Escape,,2017.0,4,SUV,of_Origin_USA,9.104979856318357,9.362614,8999.000000000004,11643.784,-2644.7841796874964,2644.7841796874964,-29.39
37161,12750.0,141847.0,Hyundai,Santa,Fe Sport,2017.0,4,SUV,of_Origin_South Korea,9.453364978883542,9.477111,12750.0,13056.407,-306.4072265625,306.4072265625,-2.4
35814,18888.0,117305.0,BMW,X6,,2014.0,6,SUV,baseline_value_here,9.84633502103182,9.868252,18888.0,19306.557,-418.556640625,418.556640625,-2.22
2885,11999.0,155000.0,Infiniti,QX56,,2011.0,8,SUV,of_Origin_Japan,9.392661928770137,9.5307,11998.999999999993,13775.228,-1776.2275390625073,1776.2275390625073,-14.8
748,9498.0,172441.0,Hyundai,Sonata,,2017.0,4,Sedan,of_Origin_South Korea,9.158941808890182,9.05875,9497.999999999995,8592.403,905.5966796874945,905.5966796874945,9.53
2757,26888.0,121384.0,Ford,F-150,,2018.0,6,Pickup Truck,of_Origin_USA,10.199472560025471,10.174343,26888.0,26220.713,667.287109375,667.287109375,2.48
13381,57999.0,1004.0,Jeep,Wrangler,4xe,2024.0,4,SUV,of_Origin_USA,10.968198289528557,10.742316,57999.00000000002,46272.11,11726.890625000022,11726.890625000022,20.22
2418,17999.0,143500.0,Dodge,Charger,,2018.0,6,Sedan,of_Origin_USA,9.798127036878302,9.932675,17999.000000000007,20591.36,-2592.3593749999927,2592.3593749999927,-14.4
26079,11900.0,165000.0,Toyota,Corolla,Sedan,2013.0,4,Sedan,of_Origin_Japan,9.38437770918244,9.091642,11899.999999999998,8879.76,3020.240234374998,3020.240234374998,25.38
31482,44998.0,37054.0,BMW,X4,,2022.0,4,SUV,baseline_value_here,10.714395546283317,10.539033,44997.99999999998,37760.03,7237.968749999978,7237.968749999978,16.09
27030,15900.0,98000.0,Lincoln,MKX,,2013.0,4,SUV,of_Origin_USA,9.674137279312397,9.112326,15900.000000000004,9065.355,6834.644531250004,6834.644531250004,42.99
31074,31910.0,85108.0,Toyota,RAV,4,2023.0,4,SUV,of_Origin_Japan,10.370706056919774,10.2680235,31909.99999999998,28795.914,3114.085937499982,3114.085937499982,9.76
14962,63361.0,8848.0,Land,Rover,Range Rover Evoque,2026.0,4,SUV,baseline_value_here,11.056619591646689,10.991309,63361.000000000015,59355.04,4005.9609375000146,4005.9609375000146,6.32
31483,36998.0,95815.0,Ford,F-150,,2019.0,6,Pickup Truck,of_Origin_USA,10.518646164234097,10.433956,36997.99999999997,33993.57,3004.429687499971,3004.429687499971,8.12
2417,52995.0,29746.0,Lexus,IS,,2024.0,4,Sedan,of_Origin_Japan,10.877971717988014,10.266156,52995.00000000004,28742.191,24252.808593750036,24252.808593750036,45.76
31252,23995.0,75000.0,Toyota,Corolla,Hatchback 5-Door,2025.0,4,Sedan,of_Origin_Japan,10.085642428772983,10.176714,23994.999999999993,26282.955,-2287.9550781250073,2287.9550781250073,-9.54
9599,5988.0,103426.0,Ford,Escape,,2014.0,4,SUV,of_Origin_USA,8.697679732264463,9.186072,5988.000000000005,9759.241,-3771.2412109374955,3771.2412109374955,-62.98
12623,46495.0,78574.0,Infiniti,QX60,,2024.0,6,SUV,of_Origin_Japan,10.747121566370009,10.67347,46494.99999999996,43193.547,3301.4531249999636,3301.4531249999636,7.1
22650,32799.0,114000.0,Tesla,Model,Y,2020.0,Electric,Sedan,of_Origin_USA,10.398183794372235,10.195653,32799.0,26785.49,6013.509765625,6013.509765625,18.33
3953,50495.0,45878.0,Acura,MDX,,2024.0,6,SUV,of_Origin_Japan,10.829649404205545,10.83739,50494.99999999996,50887.383,-392.3828125000364,392.3828125000364,-0.78
12733,16888.0,135000.0,Infiniti,QX50,,2019.0,4,SUV,of_Origin_Japan,9.734417801417921,9.896698,16887.999999999996,19863.668,-2975.6679687500036,2975.6679687500036,-17.62
11359,41886.0,39158.0,Honda,CR-V,Hybrid,2024.0,4,SUV,of_Origin_Japan,10.64273079523902,10.670738,41886.00000000001,43075.73,-1189.7304687499927,1189.7304687499927,-2.84
28023,32395.0,66074.0,Kia,Sportage,,2023.0,4,SUV,of_Origin_South Korea,10.38579023736888,10.210038,32394.99999999999,27173.605,5221.394531249989,5221.394531249989,16.12
33031,18500.0,33307.0,Nissan,Sentra,,2024.0,4,Sedan,of_Origin_Japan,9.825580063659602,10.251402,18500.0,28321.219,-9821.21875,9821.21875,-53.09
10721,73588.0,17955.0,Genesis,G80,,2025.0,6,Sedan,of_Origin_South Korea,11.20625083702549,11.0479965,73588.0,62816.973,10771.02734375,10771.02734375,14.64
33608,29988.0,65000.0,Audi,A4,Sedan,2020.0,4,Sedan,baseline_value_here,10.308585926738967,10.222216,29988.00000000001,27506.547,2481.453125000011,2481.453125000011,8.27
15641,46995.0,18590.0,Lexus,UX,,2025.0,4,SUV,of_Origin_Japan,10.757817770687463,10.789757,46995.00000000001,48520.234,-1525.2343749999927,1525.2343749999927,-3.25
20380,20450.0,105000.0,Nissan,Sentra,,2023.0,4,Sedan,of_Origin_Japan,9.925787060030896,10.087636,20450.00000000001,24042.885,-3592.884765624989,3592.884765624989,-17.57
4626,61698.0,61251.0,Audi,TT,RS Coupe,2020.0,4,Coupe,baseline_value_here,11.030023002306708,10.490501,61698.00000000001,35971.19,25726.808593750007,25726.808593750007,41.7
22558,34990.0,101105.0,Tesla,Model,Y,2024.0,Electric,Sedan,of_Origin_USA,10.462846164547514,10.572389,34989.999999999985,39040.82,-4050.8203125000146,4050.8203125000146,-11.58
30928,12000.0,255800.0,Toyota,RAV,4,2013.0,4,SUV,of_Origin_Japan,9.392745258631441,8.674311,11999.999999999998,5849.6655,6150.334472656248,6150.334472656248,51.25
8336,39888.0,85229.0,Chrysler,Pacifica,Hybrid,2023.0,6,Minivan,of_Origin_USA,10.593855875645637,10.559401,39888.0,38537.02,1350.98046875,1350.98046875,3.39
34319,33864.0,71941.0,Jeep,Wrangler,,2023.0,6,SUV,of_Origin_USA,10.430137311649004,10.7364645,33863.999999999985,46002.12,-12138.121093750015,12138.121093750015,-35.84
2450,26990.0,14957.0,Toyota,Corolla,Hatchback 5-Door,2025.0,4,Sedan,of_Origin_Japan,10.203258756085228,10.308834,26989.999999999993,29995.443,-3005.4433593750073,3005.4433593750073,-11.14
485,15888.0,120000.0,Volkswagen,Jetta,,2021.0,4,Sedan,baseline_value_here,9.673382324888367,10.033828,15888.0,22783.318,-6895.318359375,6895.318359375,-43.4
34275,26111.0,58481.0,Hyundai,Tucson,,2023.0,4,SUV,of_Origin_South Korea,10.170150257763833,10.249048,26110.999999999985,28254.637,-2143.6367187500146,2143.6367187500146,-8.21
9270,64990.0,47555.0,Ford,F-150,,2024.0,6,Pickup Truck,of_Origin_USA,11.082004077752629,10.933864,64989.99999999999,56041.39,8948.609374999993,8948.609374999993,13.77
1399,52888.0,49044.0,Ford,F-150,,2022.0,6,Pickup Truck,of_Origin_USA,10.875950656715467,10.790402,52888.000000000015,48551.57,4336.429687500015,4336.429687500015,8.2
32764,27333.0,25693.0,Mazda,CX-30,,2024.0,4,SUV,of_Origin_Japan,10.215886627524746,10.4436,27333.00000000001,34322.99,-6989.988281249989,6989.988281249989,-25.57
20741,29950.0,127000.0,Porsche,Cayenne,,2018.0,6,SUV,baseline_value_here,10.307317991967832,10.2147665,29949.999999999996,27302.4,2647.5996093749964,2647.5996093749964,8.84
14211,34595.0,13244.0,Kia,Seltos,,2026.0,4,SUV,of_Origin_South Korea,10.451493347426403,10.649623,34595.00000000003,42175.688,-7580.687499999971,7580.687499999971,-21.91
14898,30888.0,117000.0,Land,Rover,Discovery,2019.0,4,SUV,baseline_value_here,10.338155412452387,10.068638,30888.000000000004,23590.408,7297.591796875004,7297.591796875004,23.63
11838,21950.0,123000.0,Hyundai,Tucson,,2022.0,4,SUV,of_Origin_South Korea,9.99656797555214,9.956475,21949.999999999993,21087.334,862.6660156249927,862.6660156249927,3.93
26119,18495.0,97455.0,Kia,Forte,,2023.0,4,Sedan,of_Origin_South Korea,9.825309771472105,9.968107,18495.000000000015,21334.064,-2839.0644531249854,2839.0644531249854,-15.35
13501,28998.0,109750.0,Jeep,Wrangler,Unlimited,2020.0,6,SUV,of_Origin_USA,10.275016625615446,10.369755,28998.000000000004,31879.658,-2881.6582031249964,2881.6582031249964,-9.94
4089,34888.0,58120.0,Acura,RDX,,2020.0,4,SUV,of_Origin_Japan,10.459926872262475,10.238601,34887.99999999998,27960.973,6927.027343749978,6927.027343749978,19.86
3094,69995.0,11800.0,Land,Rover,Range Rover Velar,2026.0,4,SUV,baseline_value_here,11.156193376541639,10.9737835,69995.00000000006,58323.848,11671.152343750058,11671.152343750058,16.67
13567,29777.0,67000.0,Jeep,Wrangler,JK Unlimited,2018.0,6,SUV,of_Origin_USA,10.301525144815496,10.28966,29777.000000000015,29425.781,351.21875000001455,351.21875000001455,1.18
22682,32990.0,145054.0,Tesla,Model,Y,2021.0,Electric,Sedan,of_Origin_USA,10.403990075979044,10.201075,32989.999999999985,26931.111,6058.888671874985,6058.888671874985,18.37
19470,24983.0,43708.0,Mitsubishi,RVR,,2023.0,4,SUV,of_Origin_Japan,10.125990898962915,10.375929,24983.000000000004,32077.102,-7094.101562499996,7094.101562499996,-28.4
2644,20995.0,133748.0,Honda,Accord,Sedan,2021.0,4,Sedan,of_Origin_Japan,9.95208722237219,9.904583,20995.000000000004,20020.92,974.0800781250036,974.0800781250036,4.64
29731,29992.0,78078.0,Jeep,Grand,Cherokee,2020.0,6,SUV,of_Origin_USA,10.308719300084501,10.456943,29991.99999999999,34784.035,-4792.035156250011,4792.035156250011,-15.98
8358,29899.0,61387.0,Chrysler,Grand,Caravan,2022.0,6,Minivan,of_Origin_USA,10.305613759378778,10.490361,29899.0,35966.15,-6067.1484375,6067.1484375,-20.29
21812,29590.0,56621.0,Subaru,Crosstrek,,2024.0,4,SUV,of_Origin_Japan,10.295225540024292,10.332664,29590.00000000001,30718.826,-1128.826171874989,1128.826171874989,-3.81
14063,7000.0,188000.0,Kia,Soul,,2018.0,4,Hatchback,of_Origin_South Korea,8.853808274977197,9.001929,6999.999999999998,8117.732,-1117.7319335937518,1117.7319335937518,-15.97
36218,22881.0,144011.0,Mazda,CX-5,,2021.0,4,SUV,of_Origin_Japan,10.03810585426089,10.029134,22881.000000000004,22676.62,204.38085937500364,204.38085937500364,0.89
1375,36995.0,134148.0,Toyota,Tundra,,2019.0,6,Pickup Truck,of_Origin_Japan,10.51856507767415,10.302769,36994.99999999999,29814.055,7180.945312499993,7180.945312499993,19.41
34659,25495.0,39452.0,Kia,Soul,,2023.0,4,Hatchback,of_Origin_South Korea,10.146276856097172,10.071942,25494.999999999993,23668.494,1826.5058593749927,1826.5058593749927,7.16
35472,58875.0,47263.0,BMW,iX,,2024.0,Electric,SUV,baseline_value_here,10.983188816312477,10.995869,58875.0,59626.293,-751.29296875,751.29296875,-1.28
14911,54888.0,90889.0,Land,Rover,Defender,2020.0,4,SUV,baseline_value_here,10.91306824312329,10.224937,54888.000000000015,27581.518,27306.482421875015,27306.482421875015,49.75
30890,40000.0,60350.0,Ford,Mustang,Convertible,2017.0,8,Coupe,of_Origin_USA,10.596659732783579,10.904072,40000.0,54396.41,-14396.41015625,14396.41015625,-35.99
9018,65777.0,64678.0,Dodge,Durango,,2022.0,6,SUV,of_Origin_USA,11.094040714902595,10.693329,65777.00000000003,44059.938,21717.06250000003,21717.06250000003,33.02
7109,37988.0,83100.0,Cadillac,CT5,,2022.0,4,Sedan,of_Origin_USA,10.545051923118718,9.999766,37988.00000000001,22020.32,15967.679687500007,15967.679687500007,42.03
4896,65263.0,9700.0,Audi,Q5,,2025.0,4,SUV,baseline_value_here,11.08619586155734,10.91477,65262.99999999997,54981.496,10281.50390624997,10281.50390624997,15.75
27275,19900.0,149001.0,Chevrolet,Traverse,,2018.0,6,SUV,of_Origin_USA,9.898525260706313,9.912362,19899.999999999993,20177.281,-277.2812500000073,277.2812500000073,-1.39
22574,18995.0,147027.0,Tesla,Model,3,2019.0,Electric,Sedan,of_Origin_USA,9.851983709669012,9.967455,18994.999999999993,21320.152,-2325.1523437500073,2325.1523437500073,-12.24
25947,42900.0,40411.0,Toyota,Sienna,,2021.0,4,Minivan,of_Origin_Japan,10.666650414667744,10.337382,42900.000000000015,30864.129,12035.871093750015,12035.871093750015,28.06
38342,1500.0,124000.0,Jeep,Compass,,2012.0,4,SUV,of_Origin_USA,7.313886831633462,8.7698765,1499.9999999999998,6436.3774,-4936.37744140625,4936.37744140625,-329.09
15333,52995.0,53094.0,Lexus,RX,,2024.0,4,SUV,of_Origin_Japan,10.877971717988014,10.664548,52995.00000000004,42809.895,10185.105468750036,10185.105468750036,19.22
4865,75189.0,90.0,Audi,Q5,,2025.0,4,SUV,baseline_value_here,11.227773522372072,11.075891,75188.99999999994,64593.887,10595.113281249942,10595.113281249942,14.09
30658,34490.0,10803.0,Honda,CR-V,,2025.0,4,SUV,of_Origin_Japan,10.448453699421849,10.6375,34489.99999999997,41667.46,-7177.460937500029,7177.460937500029,-20.81
37766,8922.0,92196.0,Kia,Rondo,,2015.0,4,Minivan,of_Origin_South Korea,9.09638749190015,9.332577,8921.999999999995,11299.212,-2377.2119140625055,2377.2119140625055,-26.64
29623,42215.0,300.0,Honda,CR-V,,2026.0,4,SUV,of_Origin_Japan,10.650554575085504,10.760974,42215.000000000015,47143.562,-4928.562499999985,4928.562499999985,-11.67
12040,24509.0,46566.0,Hyundai,Elantra,,2025.0,4,Sedan,of_Origin_South Korea,10.106836476522158,10.199432,24508.999999999996,26886.92,-2377.9199218750036,2377.9199218750036,-9.7
15409,33988.0,69750.0,Lexus,NX,,2021.0,4,SUV,of_Origin_Japan,10.433792221839603,10.22062,33988.00000000001,27462.693,6525.306640625007,6525.306640625007,19.2
29034,33950.0,47937.0,Kia,Sportage,,2024.0,4,SUV,of_Origin_South Korea,10.432673587634051,10.301374,33949.99999999999,29772.512,4177.488281249993,4177.488281249993,12.3
21153,41488.0,94646.0,RAM,1500,,2021.0,baseline_value_here,baseline_value_here,of_Origin_USA,10.633183610843151,10.416174,41487.99999999998,33394.418,8093.582031249978,8093.582031249978,19.51
25090,26888.0,72185.0,Hyundai,Tucson,Hybrid,2022.0,4,SUV,of_Origin_South Korea,10.199472560025471,10.307766,26888.0,29963.42,-3075.419921875,3075.419921875,-11.44
32824,23599.0,94235.0,Audi,A5,Sportback,2019.0,6,Coupe,baseline_value_here,10.069001991013701,10.453434,23599.0,34662.203,-11063.203125,11063.203125,-46.88
5579,87900.0,49652.0,BMW,X6,,2025.0,6,SUV,baseline_value_here,11.383966460172834,11.129052,87900.00000000007,68120.77,19779.226562500073,19779.226562500073,22.5
27510,10999.0,93900.0,Chevrolet,Cruze,,2018.0,4,Sedan,of_Origin_USA,9.305650551780507,9.641512,10998.999999999998,15389.596,-4390.595703125002,4390.595703125002,-39.92
27643,46445.0,499.0,Ford,Maverick,,2026.0,4,Pickup Truck,of_Origin_USA,10.74604562643277,11.060836,46445.000000000044,63628.715,-17183.714843749956,17183.714843749956,-37.0
18440,87900.0,32655.0,Mercedes-Benz,GLE,,2024.0,6,SUV,baseline_value_here,11.383966460172834,11.115235,87900.00000000007,67186.016,20713.984375000073,20713.984375000073,23.57
21143,52388.0,108111.0,RAM,2500,,2022.0,baseline_value_here,baseline_value_here,of_Origin_USA,10.866451924607954,10.465691,52387.99999999997,35089.67,17298.32812499997,17298.32812499997,33.02
30064,14499.0,48756.0,Hyundai,Elantra,,2020.0,4,Sedan,of_Origin_South Korea,9.581903928408666,9.902416,14499.000000000004,19977.586,-5478.585937499996,5478.585937499996,-37.79
14241,33988.0,49711.0,Kia,Sportage,,2023.0,4,SUV,of_Origin_South Korea,10.433792221839603,10.243478,33988.00000000001,28097.678,5890.322265625007,5890.322265625007,17.33
1891,59980.0,32600.0,Mercedes-Benz,CLA,,2023.0,4,Sedan,baseline_value_here,11.001783124388094,10.419531,59979.99999999996,33506.71,26473.289062499964,26473.289062499964,44.14
11230,24990.0,28093.0,Honda,Civic,Sedan,2023.0,4,Sedan,of_Origin_Japan,10.126271039034782,10.284141,24990.0,29263.797,-4273.796875,4273.796875,-17.1
3970,27990.0,117511.0,Acura,MDX,,2020.0,6,SUV,of_Origin_Japan,10.239638308916676,10.272608,27989.99999999999,28928.23,-938.2304687500109,938.2304687500109,-3.35
2966,14490.0,141700.0,Toyota,Camry,,2015.0,4,Sedan,of_Origin_Japan,9.581283046045924,9.374005,14489.99999999999,11777.196,2712.803710937491,2712.803710937491,18.72
37648,134900.0,331.0,Tesla,Cybertruck,,2024.0,Electric,Pickup Truck,of_Origin_USA,11.812296455066814,11.260748,134899.99999999988,77709.67,57190.32812499988,57190.32812499988,42.39
33695,35995.0,57690.0,Subaru,Forester,,2024.0,4,SUV,of_Origin_Japan,10.49116310015384,10.395145,35995.0,32699.492,3295.5078125,3295.5078125,9.16
38098,3400.0,311675.0,BMW,3,Series,2006.0,baseline_value_here,baseline_value_here,baseline_value_here,8.131824785007195,8.558392,3399.999999999999,5209.294,-1809.293945312501,1809.293945312501,-53.21
22879,32888.0,179883.0,Toyota,RAV,4 Hybrid,2024.0,4,SUV,of_Origin_Japan,10.40089353434265,10.222194,32888.000000000015,27505.943,5382.056640625015,5382.056640625015,16.36
17782,38700.0,28620.0,Mazda,CX-50,,2025.0,4,SUV,of_Origin_Japan,10.563620718477313,10.50465,38700.000000000015,36483.766,2216.2343750000146,2216.2343750000146,5.73
12089,21021.0,51933.0,Hyundai,Elantra,,2023.0,4,Sedan,of_Origin_South Korea,9.9533247873833,10.095755,21021.00000000001,24238.883,-3217.882812499989,3217.882812499989,-15.31
19631,12888.0,185541.0,Mitsubishi,RVR,,2019.0,4,SUV,of_Origin_Japan,9.46412951340478,9.706083,12888.000000000004,16416.174,-3528.1738281249964,3528.1738281249964,-27.38
9256,16990.0,117897.0,Ford,Escape,,2021.0,4,SUV,of_Origin_USA,9.740439071085758,10.010465,16989.99999999999,22257.176,-5267.175781250011,5267.175781250011,-31.0
9306,15888.0,105767.0,Ford,Escape,,2019.0,4,SUV,of_Origin_USA,9.673382324888367,9.925171,15888.0,20437.402,-4549.40234375,4549.40234375,-28.63
30139,25995.0,15992.0,Nissan,Rogue,,2024.0,4,SUV,of_Origin_Japan,10.16569795901424,10.468244,25995.00000000002,35179.37,-9184.371093749982,9184.371093749982,-35.33
38330,24996.0,94242.0,Honda,Accord,Sedan,2021.0,4,Sedan,of_Origin_Japan,10.126511096649761,10.006479,24995.999999999978,22168.645,2827.355468749978,2827.355468749978,11.31
20974,34995.0,74524.0,RAM,1500,Classic,2022.0,baseline_value_here,baseline_value_here,of_Origin_USA,10.462989048226156,10.607259,34995.00000000002,40426.227,-5431.226562499978,5431.226562499978,-15.52
36115,28999.0,74739.0,Mitsubishi,Outlander,,2022.0,4,SUV,of_Origin_Japan,10.275051108968611,10.257805,28999.00000000001,28503.146,495.8535156250109,495.8535156250109,1.71
9519,67777.0,12500.0,Ford,Mustang,Fastback,2018.0,4,Coupe,of_Origin_USA,11.123992937496425,10.510881,67777.00000000003,36711.824,31065.17578125003,31065.17578125003,45.83
9088,44995.0,37782.0,Dodge,Durango,,2023.0,6,SUV,of_Origin_USA,10.714328875912717,10.851226,44995.00000000001,51596.363,-6601.363281249993,6601.363281249993,-14.67
13661,46510.0,1034.0,Jeep,Compass,,2025.0,4,SUV,of_Origin_USA,10.74744412273953,10.757864,46509.99999999996,46997.17,-487.1718750000364,487.1718750000364,-1.05
27156,8490.0,202668.0,Mazda,Mazda3,,2014.0,4,Sedan,of_Origin_Japan,9.046762057999363,9.052794,8489.999999999995,8541.376,-51.37597656250546,51.37597656250546,-0.61
25179,33888.0,27027.0,Mercedes-Benz,E-Class,,2017.0,4,Sedan,baseline_value_here,10.43084575693648,10.03216,33888.000000000015,22745.346,11142.654296875015,11142.654296875015,32.88
38547,34239.0,51.0,Honda,HR-V,,2027.0,4,SUV,of_Origin_Japan,10.441149830255679,10.592134,34239.00000000001,39819.395,-5580.394531249993,5580.394531249993,-16.3
11285,9880.0,205487.0,Honda,Civic,Sedan,2015.0,4,Sedan,of_Origin_Japan,9.198369000194964,9.113817,9880.000000000007,9078.889,801.1113281250073,801.1113281250073,8.11
9488,13498.0,126922.0,Ford,Escape,,2018.0,4,SUV,of_Origin_USA,9.510370887608827,9.718135,13498.000000000004,16615.225,-3117.2246093749964,3117.2246093749964,-23.09
6546,23999.0,146402.0,Buick,Envision,,2021.0,4,SUV,of_Origin_USA,10.085809109330082,9.921015,23998.999999999985,20352.635,3646.3652343749854,3646.3652343749854,15.19
20807,17495.0,176342.0,Porsche,Macan,,2017.0,4,SUV,baseline_value_here,9.769727562356604,9.547199,17494.999999999996,14004.414,3490.5859374999964,3490.5859374999964,19.95
11382,13999.0,128784.0,Honda,Civic,Sedan,2016.0,4,Sedan,of_Origin_Japan,9.546812608597396,9.517401,13999.0,13593.23,405.76953125,405.76953125,2.9
32889,20000.0,130200.0,Jeep,Wrangler,,2019.0,6,SUV,of_Origin_USA,9.90353755128617,10.142399,20000.000000000015,25396.318,-5396.318359374985,5396.318359374985,-26.98
16757,56718.0,250.0,Lincoln,Nautilus,,2026.0,4,SUV,of_Origin_USA,10.945864530585146,10.967007,56717.99999999997,57929.93,-1211.929687500029,1211.929687500029,-2.14
26031,41888.0,34109.0,Lexus,SC,,2006.0,8,baseline_value_here,of_Origin_Japan,10.642778541610305,10.439964,41888.00000000002,34198.43,7689.570312500022,7689.570312500022,18.36
2681,55888.0,31005.0,Toyota,Sienna,,2024.0,4,Minivan,of_Origin_Japan,10.931122859815252,10.821634,55888.00000000005,50091.887,5796.113281250051,5796.113281250051,10.37
7433,36971.0,10.0,Chevrolet,Bolt,,2027.0,Electric,Hatchback,of_Origin_USA,10.517916148384668,10.61878,36970.99999999998,40894.7,-3923.699218750022,3923.699218750022,-10.61
17094,56862.0,90.0,MINI,Countryman,,2027.0,4,SUV,of_Origin_UK,10.94840014498095,11.010478,56861.99999999997,60503.8,-3641.800781250029,3641.800781250029,-6.4
6520,22991.0,73431.0,Buick,Encore,GX,2022.0,4,SUV,of_Origin_USA,10.042901608318806,10.218768,22990.99999999999,27411.877,-4420.876953125011,4420.876953125011,-19.23
33793,6990.0,225410.0,Hyundai,Elantra,,2015.0,4,Sedan,of_Origin_South Korea,8.852378886511985,8.5453415,6990.000000000002,5141.741,1848.2587890625018,1848.2587890625018,26.44
27087,14900.0,107000.0,BMW,X6,,2012.0,6,SUV,baseline_value_here,9.60918360377546,9.862518,14899.999999999993,19196.174,-4296.173828125007,4296.173828125007,-28.83
6470,27995.0,81907.0,Buick,Envision,,2023.0,4,SUV,of_Origin_USA,10.23981692180943,10.234986,27994.99999999999,27860.088,134.9121093749891,134.9121093749891,0.48
19453,15888.0,74800.0,Mitsubishi,RVR,,2022.0,4,SUV,of_Origin_Japan,9.673382324888367,10.257805,15888.0,28503.146,-12615.146484375,12615.146484375,-79.4
7044,22472.0,173453.0,Cadillac,XT5,,2021.0,4,SUV,of_Origin_USA,10.020069867615993,9.796873,22472.000000000004,17976.443,4495.556640625004,4495.556640625004,20.01
6320,40998.0,34500.0,Buick,Envision,,2025.0,4,SUV,of_Origin_USA,10.621302955145095,10.539793,40997.99999999999,37788.742,3209.2578124999927,3209.2578124999927,7.83
18727,31988.0,100000.0,Mercedes-Benz,GLB,,2022.0,4,SUV,baseline_value_here,10.373147372686288,10.322184,31987.999999999975,30398.566,1589.4335937499745,1589.4335937499745,4.97
25596,54995.0,79018.0,Land,Rover,Defender,2022.0,4,SUV,baseline_value_here,10.915015734297125,10.400815,54995.00000000002,32885.418,22109.582031250022,22109.582031250022,40.2
15602,75800.0,9950.0,Lexus,RX,,2026.0,4,SUV,of_Origin_Japan,11.235866764155578,10.902415,75799.99999999993,54306.37,21493.628906249927,21493.628906249927,28.36
22149,9980.0,115069.0,Subaru,Legacy,,2011.0,4,Sedan,of_Origin_Japan,9.208438564686587,9.137926,9980.0,9300.455,679.544921875,679.544921875,6.81
14174,23695.0,59069.0,Kia,Forte,,2024.0,4,Sedan,of_Origin_South Korea,10.07306153650758,10.136172,23695.000000000015,25238.672,-1543.6718749999854,1543.6718749999854,-6.51
8277,34639.0,66746.0,Chrysler,Grand,Caravan,2024.0,6,Minivan,of_Origin_USA,10.45276436267637,10.52712,34638.99999999998,37312.844,-2673.843750000022,2673.843750000022,-7.72
15520,57567.0,17938.0,Lexus,NX,,2024.0,4,SUV,of_Origin_Japan,10.96072213675026,10.480921,57567.0,35628.2,21938.80078125,21938.80078125,38.11
19110,50500.0,6875.0,Mitsubishi,Outlander,,2025.0,4,SUV,of_Origin_Japan,10.829748417047593,10.6972275,50500.00000000004,44232.047,6267.953125000036,6267.953125000036,12.41
18499,49900.0,69850.0,Mercedes-Benz,GLC,,2022.0,4,SUV,baseline_value_here,10.817796321618971,10.451354,49900.000000000015,34590.18,15309.820312500015,15309.820312500015,30.68
32037,24500.0,9588.0,Kia,K4,,2026.0,4,Sedan,of_Origin_South Korea,10.106469212026385,10.553878,24499.99999999998,38324.77,-13824.769531250018,13824.769531250018,-56.43
31258,30000.0,86000.0,Tesla,Model,3,2022.0,Electric,Sedan,of_Origin_USA,10.308985993422082,10.457851,29999.99999999999,34815.664,-4815.664062500011,4815.664062500011,-16.05
25917,39888.0,54310.0,Jeep,Wrangler,Unlimited,2021.0,6,SUV,of_Origin_USA,10.593855875645637,10.637811,39888.0,41680.418,-1792.41796875,1792.41796875,-4.49
33216,53999.0,39500.0,Ford,Mustang,,2021.0,4,Coupe,of_Origin_USA,10.896739325546411,10.597247,53998.99999999999,40023.504,13975.496093749993,13975.496093749993,25.88
8814,24977.0,140000.0,Dodge,Challenger,,2018.0,8,Coupe,of_Origin_USA,10.125750716423031,10.31193,24977.00000000002,30088.445,-5111.445312499982,5111.445312499982,-20.46
15043,69052.0,105.0,Land,Rover,Discovery Sport,2025.0,4,SUV,baseline_value_here,11.142629604671352,11.006461,69052.00000000006,60261.25,8790.750000000058,8790.750000000058,12.73
7118,41595.0,47079.0,Cadillac,CT4,,2023.0,4,Sedan,of_Origin_USA,10.635759287780123,10.126359,41595.0,24992.197,16602.802734375,16602.802734375,39.92
36397,39888.0,90092.0,Lexus,RX,,2022.0,4,SUV,of_Origin_Japan,10.593855875645637,10.2216425,39888.0,27490.785,12397.21484375,12397.21484375,31.08
4142,63988.0,32420.0,Acura,MDX,,2025.0,6,SUV,of_Origin_Japan,11.066466472569608,10.893097,63988.0,53802.668,10185.33203125,10185.33203125,15.92
17646,8490.0,194490.0,Mazda,Mazda3,,2015.0,4,Sedan,of_Origin_Japan,9.046762057999363,9.196242,8489.999999999995,9859.009,-1369.0087890625055,1369.0087890625055,-16.12
15468,35998.0,94639.0,Lexus,RC,,2020.0,6,Coupe,of_Origin_Japan,10.49124643927466,10.271271,35998.0,28889.576,7108.423828125,7108.423828125,19.75
2103,26900.0,89000.0,BMW,5,Series,2019.0,baseline_value_here,baseline_value_here,baseline_value_here,10.199918739620157,10.437663,26900.000000000004,34119.82,-7219.820312499996,7219.820312499996,-26.84
38591,46900.0,67953.0,Jeep,Grand,Cherokee,2022.0,6,SUV,of_Origin_USA,10.75579427616868,10.686496,46899.99999999996,43759.89,3140.1093749999636,3140.1093749999636,6.7
34431,86888.0,501.0,Jeep,Grand,Wagoneer,2026.0,6,SUV,of_Origin_USA,11.37238672096279,11.262689,86888.00000000007,77860.63,9027.367187500073,9027.367187500073,10.39
24858,40995.0,68024.0,Volvo,XC60,,2022.0,4,SUV,of_Origin_Sweden,10.621229779951454,10.539681,40995.00000000002,37784.527,3210.472656250022,3210.472656250022,7.83
8520,16995.0,98767.0,Chrysler,Pacifica,,2018.0,6,Minivan,of_Origin_USA,9.740733301234702,9.926938,16994.999999999993,20473.553,-3478.5527343750073,3478.5527343750073,-20.47
23427,9990.0,183855.0,Volkswagen,Tiguan,,2017.0,4,SUV,baseline_value_here,9.209439966733019,9.526122,9990.0,13712.309,-3722.30859375,3722.30859375,-37.26
22617,24995.0,214446.0,Tesla,Model,Y,2020.0,Electric,Sedan,of_Origin_USA,10.126471091048971,9.863577,24994.999999999978,19216.506,5778.494140624978,5778.494140624978,23.12
2139,11900.0,122000.0,Ford,Escape,,2017.0,4,SUV,of_Origin_USA,9.38437770918244,9.590924,11899.999999999998,14630.387,-2730.386718750002,2730.386718750002,-22.94
37921,26147.0,59029.0,Nissan,Rogue,,2022.0,4,SUV,of_Origin_Japan,10.17152798473262,10.329678,26146.999999999996,30627.234,-4480.234375000004,4480.234375000004,-17.13
27702,34990.0,279000.0,Lexus,LX,,2013.0,6,SUV,of_Origin_Japan,10.462846164547514,8.979552,34989.999999999985,7938.0767,27051.923339843735,27051.923339843735,77.31
16448,68500.0,15367.0,Lincoln,Navigator,L,2021.0,6,SUV,of_Origin_USA,11.134603622683905,10.698272,68499.99999999999,44278.26,24221.738281249985,24221.738281249985,35.36
22442,19888.0,152987.0,Tesla,Model,3,2019.0,Electric,Sedan,of_Origin_USA,9.897922094063247,9.969262,19888.000000000015,21358.719,-1470.7187499999854,1470.7187499999854,-7.4
12993,18400.0,106701.0,Infiniti,QX50,,2019.0,4,SUV,of_Origin_Japan,9.820160289946374,10.028356,18399.999999999993,22658.979,-4258.978515625007,4258.978515625007,-23.15
32742,28888.0,123165.0,Mercedes-Benz,E-Class,,2016.0,6,Sedan,baseline_value_here,10.271216178807896,10.062745,28888.00000000001,23451.799,5436.201171875011,5436.201171875011,18.82
32888,19995.0,156978.0,Toyota,RAV,4,2017.0,4,SUV,of_Origin_Japan,9.903287532533462,9.683051,19995.00000000001,16042.372,3952.627929687511,3952.627929687511,19.77
16302,115569.0,11712.0,Lincoln,Navigator,,2025.0,6,SUV,of_Origin_USA,11.657631685969488,11.111695,115569.00000000009,66948.59,48620.40625000009,48620.40625000009,42.07
36917,33770.0,91000.0,Jeep,Wrangler,Unlimited,2021.0,6,SUV,of_Origin_USA,10.427357725022913,10.45605,33769.99999999999,34753.0,-983.0000000000073,983.0000000000073,-2.91
5785,22990.0,165689.0,BMW,X6,,2017.0,6,SUV,baseline_value_here,10.042858113983936,9.915349,22989.99999999999,20237.643,2752.357421874989,2752.357421874989,11.97
15021,31888.0,137482.0,Land,Rover,Range Rover Velar,2020.0,4,SUV,baseline_value_here,10.370016401720026,10.061503,31887.999999999993,23422.695,8465.304687499993,8465.304687499993,26.55
19278,18500.0,142300.0,Mitsubishi,RVR,,2022.0,4,SUV,of_Origin_Japan,9.825580063659602,10.08975,18500.0,24093.775,-5593.775390625,5593.775390625,-30.24
21146,81980.0,4987.0,RAM,1500,,2025.0,baseline_value_here,baseline_value_here,of_Origin_USA,11.314242792081028,11.04144,81979.99999999994,62406.453,19573.54687499994,19573.54687499994,23.88
37736,9995.0,180408.0,Nissan,Pathfinder,,2017.0,6,SUV,of_Origin_Japan,9.209940291954844,9.728705,9995.00000000001,16791.799,-6796.798828124991,6796.798828124991,-68.0
3912,40995.0,43555.0,Acura,RDX,,2023.0,4,SUV,of_Origin_Japan,10.621229779951454,10.417604,40995.00000000002,33442.223,7552.777343750022,7552.777343750022,18.42
12885,16988.0,173284.0,Infiniti,QX60,,2020.0,6,SUV,of_Origin_Japan,9.740321354781914,10.119657,16987.999999999985,24825.242,-7837.242187500015,7837.242187500015,-46.13
5589,12980.0,162634.0,BMW,4,Series,2015.0,baseline_value_here,baseline_value_here,baseline_value_here,9.471242028892995,9.647318,12980.000000000004,15479.213,-2499.2128906249964,2499.2128906249964,-19.25
29311,59823.0,18054.0,Toyota,Tundra,,2025.0,6,Pickup Truck,of_Origin_Japan,10.999162197216895,11.030415,59823.00000000002,61722.164,-1899.1640624999782,1899.1640624999782,-3.17
15665,44888.0,20041.0,Lexus,NX,,2025.0,4,SUV,of_Origin_Japan,10.71194805485153,10.554797,44888.0,38360.023,6527.9765625,6527.9765625,14.54
7248,14777.0,84231.0,Cadillac,SRX,,2015.0,4,SUV,of_Origin_USA,9.600894867348593,9.384134,14777.000000000004,11897.104,2879.8964843750036,2879.8964843750036,19.49
35239,3900.0,238000.0,MINI,3,Door,2005.0,baseline_value_here,baseline_value_here,of_Origin_UK,8.268988209506656,8.825925,3899.9999999999973,6807.485,-2907.4848632812527,2907.4848632812527,-74.55
12652,42795.0,18502.0,Infiniti,QX50,,2025.0,4,SUV,of_Origin_Japan,10.664199919258497,10.561908,42794.999999999985,38633.766,4161.234374999985,4161.234374999985,9.72
8142,19995.0,111829.0,Chevrolet,Malibu,,2023.0,4,Sedan,of_Origin_USA,9.903287532533462,9.963158,19995.00000000001,21228.727,-1233.726562499989,1233.726562499989,-6.17
2111,14895.0,171545.0,Chrysler,Pacifica,,2017.0,6,Minivan,of_Origin_USA,9.608847999516849,9.504288,14895.000000000007,13416.133,1478.8671875000073,1478.8671875000073,9.93
38059,15995.0,132000.0,Audi,S5,,2011.0,6,Coupe,baseline_value_here,9.680093969966709,9.69518,15995.0,16238.145,-243.14453125,243.14453125,-1.52
452,42798.0,7125.0,Toyota,RAV,4,2025.0,4,SUV,of_Origin_Japan,10.664270016810953,10.6972275,42797.99999999999,44232.047,-1434.0468750000073,1434.0468750000073,-3.35
20677,92990.0,25443.0,Porsche,Boxster,718,2018.0,4,baseline_value_here,baseline_value_here,11.44025799325892,10.187328,92989.99999999993,26563.43,66426.57031249993,66426.57031249993,71.43
5523,71688.0,38986.0,BMW,X5,,2024.0,6,SUV,baseline_value_here,11.180092597802776,11.0951395,71688.00000000003,65849.31,5838.687500000029,5838.687500000029,8.14
36416,32999.0,103377.0,Hyundai,Palisade,,2022.0,6,SUV,of_Origin_South Korea,10.404262840448617,10.381198,32998.99999999998,32246.568,752.4316406249782,752.4316406249782,2.28
2020,14888.0,186000.0,Chevrolet,Silverado,2500 HD,2012.0,8,Pickup Truck,of_Origin_USA,9.608377964255551,9.536027,14888.000000000005,13848.8125,1039.1875000000055,1039.1875000000055,6.98
13233,63204.0,90.0,Infiniti,QX50,,2025.0,4,SUV,of_Origin_Japan,11.054138690929658,10.9166975,63204.00000000003,55087.566,8116.433593750029,8116.433593750029,12.84
17975,30583.0,57011.0,Mazda,CX-5,,2024.0,4,SUV,of_Origin_Japan,10.328232275376248,10.395318,30582.999999999975,32705.137,-2122.1367187500255,2122.1367187500255,-6.94
10125,13999.0,247343.0,GMC,Sierra,1500,2017.0,8,Pickup Truck,of_Origin_USA,9.546812608597396,9.884647,13999.0,19625.725,-5626.724609375,5626.724609375,-40.19
26516,29250.0,50938.0,Audi,Q5,,2022.0,4,SUV,baseline_value_here,10.283669040109793,10.666757,29249.999999999985,42904.56,-13654.558593750015,13654.558593750015,-46.68
27546,48888.0,358.0,Chevrolet,Blazer,EV,2024.0,Electric,SUV,of_Origin_USA,10.797307701282914,11.023645,48887.99999999999,61305.76,-12417.761718750007,12417.761718750007,-25.4
29962,64245.0,70500.0,Ford,F-150,,2023.0,6,Pickup Truck,of_Origin_USA,11.070474744010092,10.820158,64244.99999999997,50017.99,14227.01171874997,14227.01171874997,22.14
31009,10990.0,216000.0,Nissan,Rogue,,2015.0,4,SUV,of_Origin_Japan,9.3048320350689,9.237646,10989.999999999996,10275.819,714.1806640624964,714.1806640624964,6.5
37573,54888.0,35624.0,GMC,Sierra,1500,2024.0,8,Pickup Truck,of_Origin_USA,10.91306824312329,10.934758,54888.000000000015,56091.543,-1203.5429687499854,1203.5429687499854,-2.19
34204,42995.0,42349.0,Chevrolet,Silverado,1500,2024.0,8,Pickup Truck,of_Origin_USA,10.668862367092954,10.850564,42995.0,51562.227,-8567.2265625,8567.2265625,-19.93
17829,50197.0,7290.0,Mazda,CX-50,,2025.0,4,SUV,of_Origin_Japan,10.823730464248712,10.6972275,50197.00000000004,44232.047,5964.953125000036,5964.953125000036,11.88
28754,32995.0,30651.0,Mazda,CX-5,,2023.0,4,SUV,of_Origin_Japan,10.404141620980623,10.388127,32995.00000000001,32470.8,524.1992187500073,524.1992187500073,1.59
30571,42395.0,230.0,Ford,Maverick,,2026.0,4,Pickup Truck,of_Origin_USA,10.654809297147146,11.07227,42395.00000000003,64360.47,-21965.46874999997,21965.46874999997,-51.81
30757,16595.0,162250.0,Kia,Seltos,,2021.0,4,SUV,of_Origin_South Korea,9.716916981452759,9.712655,16595.0,16524.42,70.580078125,70.580078125,0.43
4114,59488.0,26795.0,Acura,MDX,,2025.0,6,SUV,of_Origin_Japan,10.993546700492846,10.903904,59488.0,54387.28,5100.71875,5100.71875,8.57
36423,37988.0,22789.0,Audi,Q5,,2022.0,4,SUV,baseline_value_here,10.545051923118718,10.742149,37988.00000000001,46264.387,-8276.386718749993,8276.386718749993,-21.79
27710,50888.0,39207.0,Jeep,Wrangler,,2024.0,6,SUV,of_Origin_USA,10.837402069163833,10.856861,50888.000000000015,51887.95,-999.9492187499854,999.9492187499854,-1.97
7877,24998.0,39274.0,Chevrolet,Equinox,,2024.0,4,SUV,of_Origin_USA,10.126591103050316,10.378026,24997.999999999993,32144.443,-7146.443359375007,7146.443359375007,-28.59
19990,33929.0,90.0,Nissan,Kicks,,2025.0,4,SUV,of_Origin_Japan,10.432054857778276,10.9166975,33929.0,55087.566,-21158.56640625,21158.56640625,-62.36
1148,21995.0,135270.0,Ford,Explorer,,2020.0,4,SUV,of_Origin_USA,9.998615897627705,9.88031,21994.999999999985,19540.781,2454.2187499999854,2454.2187499999854,11.16
11211,29880.0,62337.0,Honda,Accord,Sedan,2024.0,4,Sedan,of_Origin_Japan,10.304978105888882,10.225578,29880.00000000002,27599.201,2280.798828125018,2280.798828125018,7.63
36861,44995.0,31588.0,Honda,CR-V,Hybrid,2024.0,4,SUV,of_Origin_Japan,10.714328875912717,10.664134,44995.00000000001,42792.18,2202.8203125000073,2202.8203125000073,4.9
525,29998.0,98534.0,Acura,RDX,,2020.0,4,SUV,of_Origin_Japan,10.308919326755392,10.082135,29998.000000000025,23910.988,6087.0117187500255,6087.0117187500255,20.29
390,36985.0,153578.0,Mercedes-Benz,GLE,,2020.0,4,SUV,baseline_value_here,10.518294741644821,10.009239,36984.99999999997,22229.916,14755.08398437497,14755.08398437497,39.89
2107,12488.0,131400.0,Volkswagen,Golf,Standard Model,2017.0,4,Hatchback,baseline_value_here,9.432603535863086,9.645724,12488.000000000007,15454.563,-2966.5634765624927,2966.5634765624927,-23.76
32518,30409.0,71805.0,Ford,Explorer,,2021.0,4,SUV,of_Origin_USA,10.32252678067141,10.11239,30408.999999999993,24645.484,5763.515624999993,5763.515624999993,18.95
19493,30915.0,24590.0,Mitsubishi,Outlander,,2022.0,4,SUV,of_Origin_Japan,10.33902912822676,10.349707,30914.999999999975,31246.875,-331.87500000002547,331.87500000002547,-1.07
23517,21988.0,110220.0,Volkswagen,Tiguan,,2023.0,4,SUV,baseline_value_here,9.99829760729877,10.345437,21987.999999999996,31113.744,-9125.744140625004,9125.744140625004,-41.5
8779,44310.0,25550.0,Dodge,Durango,,2024.0,6,SUV,of_Origin_USA,10.69898823220789,10.914793,44310.00000000004,54982.754,-10672.753906249964,10672.753906249964,-24.09
20291,14998.0,119691.0,Nissan,Sentra,,2021.0,4,Sedan,of_Origin_Japan,9.61573881119536,9.973683,14998.00000000001,21453.363,-6455.363281249991,6455.363281249991,-43.04
20683,59888.0,87675.0,Porsche,Cayenne,,2022.0,6,SUV,baseline_value_here,11.000248127840763,10.764946,59887.99999999997,47331.195,12556.80468749997,12556.80468749997,20.97
21915,8995.0,145101.0,Subaru,Legacy,,2013.0,4,Sedan,of_Origin_Japan,9.104535313079205,9.213698,8994.999999999993,10032.637,-1037.6367187500073,1037.6367187500073,-11.54
34107,33993.0,87183.0,Subaru,WRX,STI,2020.0,4,Sedan,of_Origin_Japan,10.433939317437297,10.076193,33992.99999999999,23769.316,10223.683593749993,10223.683593749993,30.08
30351,9995.0,121067.0,Dodge,Journey,,2015.0,4,SUV,of_Origin_USA,9.209940291954844,9.234345,9995.00000000001,10241.955,-246.9550781249909,246.9550781249909,-2.47
11140,17499.0,176515.0,Honda,CR-V,,2017.0,4,SUV,of_Origin_Japan,9.769956159911606,9.535854,17499.000000000015,13846.422,3652.5781250000146,3652.5781250000146,20.87
2899,44759.0,86896.0,BMW,X5,,2021.0,6,SUV,baseline_value_here,10.709070162425862,10.667556,44759.00000000001,42938.86,1820.1406250000073,1820.1406250000073,4.07
25891,44246.0,62800.0,Mercedes-Benz,GLC,,2023.0,4,SUV,baseline_value_here,10.697542851527611,10.518425,44245.99999999997,36989.816,7256.183593749971,7256.183593749971,16.4
16360,61998.0,28280.0,Lincoln,Aviator,,2023.0,6,SUV,of_Origin_USA,11.034873534864897,10.864817,61998.000000000015,52302.402,9695.597656250015,9695.597656250015,15.64
443,71990.0,42490.0,Ford,F-150,,2023.0,6,Pickup Truck,of_Origin_USA,11.184296390185041,10.933043,71990.00000000001,55995.39,15994.609375000015,15994.609375000015,22.22
10026,48998.0,29528.0,GMC,Canyon,,2024.0,4,Pickup Truck,of_Origin_USA,10.799555168721248,10.687602,48997.99999999997,43808.33,5189.671874999971,5189.671874999971,10.59
25774,29998.0,79509.0,Acura,TLX,,2021.0,4,Sedan,of_Origin_Japan,10.308919326755392,10.048689,29998.000000000025,23124.447,6873.5527343750255,6873.5527343750255,22.91
172,12495.0,129000.0,Mazda,Mazda3,,2015.0,4,Sedan,of_Origin_Japan,9.433163872079467,9.386467,12494.999999999995,11924.891,570.1093749999945,570.1093749999945,4.56
26060,32293.0,83506.0,Kia,Seltos,,2024.0,4,SUV,of_Origin_South Korea,10.382636733441567,10.203247,32293.000000000015,26989.686,5303.314453125015,5303.314453125015,16.42
18798,73330.0,90.0,Mercedes-Benz,EQB,,2025.0,Electric,SUV,baseline_value_here,11.202738717978361,11.3389635,73329.99999999997,84031.88,-10701.88281250003,10701.88281250003,-14.59
487,34999.0,70579.0,Mercedes-Benz,CLA,,2024.0,4,Sedan,baseline_value_here,10.46310334047155,10.332698,34998.99999999997,30719.88,4279.119140624971,4279.119140624971,12.23
36273,23885.0,47665.0,Nissan,Rogue,,2023.0,4,SUV,of_Origin_Japan,10.081047792228372,10.363017,23884.999999999985,31665.578,-7780.578125000015,7780.578125000015,-32.58
13311,54510.0,11423.0,Jeep,Grand,Cherokee 4xe,2023.0,4,SUV,of_Origin_USA,10.906157795147806,10.576658,54510.00000000002,39207.867,15302.132812500022,15302.132812500022,28.07
28162,24997.0,155700.0,Toyota,Tundra,,2013.0,6,Pickup Truck,of_Origin_Japan,10.126551100650167,9.850474,24996.999999999985,18966.35,6030.650390624985,6030.650390624985,24.13
37543,9980.0,178646.0,Mazda,Mazda3,,2014.0,4,Sedan,of_Origin_Japan,9.208438564686587,9.150166,9980.0,9414.999,565.0009765625,565.0009765625,5.66
28749,20480.0,109257.0,Hyundai,Santa,Fe Sport,2017.0,4,SUV,of_Origin_South Korea,9.92725290608639,9.562821,20479.999999999985,14224.927,6255.073242187485,6255.073242187485,30.54
19544,25999.0,40746.0,Mitsubishi,RVR,,2024.0,4,SUV,of_Origin_Japan,10.165851817003619,10.341622,25998.999999999985,30995.275,-4996.275390625015,4996.275390625015,-19.22
686,43490.0,59452.0,Porsche,Macan,,2019.0,4,SUV,baseline_value_here,10.680309299119006,10.218201,43489.99999999996,27396.326,16093.673828124964,16093.673828124964,37.01
28527,43994.0,10722.0,Toyota,RAV,4,2025.0,4,SUV,of_Origin_Japan,10.69183127007966,10.652288,43993.99999999997,42288.26,1705.738281249971,1705.738281249971,3.88
2913,26950.0,52582.0,Jeep,Wrangler,,2019.0,6,SUV,of_Origin_USA,10.201775681400134,10.4585495,26950.000000000022,34839.977,-7889.976562499978,7889.976562499978,-29.28
16163,47999.0,101737.0,Lincoln,Navigator,L,2019.0,6,SUV,of_Origin_USA,10.778956289890028,10.253454,47998.99999999998,28379.404,19619.595703124978,19619.595703124978,40.88
2968,16888.0,47697.0,Mercedes-Benz,C-Class,Sedan,2012.0,4,Sedan,baseline_value_here,9.734417801417921,9.663445,16887.999999999996,15730.8955,1157.1044921874964,1157.1044921874964,6.85
16689,128790.0,499.0,Lincoln,Navigator,L,2025.0,6,SUV,of_Origin_USA,11.765946214434567,11.163846,128790.00000000006,70532.71,58257.28906250006,58257.28906250006,45.23
13407,28900.0,21754.0,Jeep,Compass,,2023.0,4,SUV,of_Origin_USA,10.27163147557801,10.385816,28900.0,32395.822,-3495.822265625,3495.822265625,-12.1
2584,17995.0,111131.0,Toyota,Camry,,2018.0,4,Sedan,of_Origin_Japan,9.797904789961063,9.756659,17994.999999999996,17267.832,727.1679687499964,727.1679687499964,4.04
24667,58999.0,73416.0,Volvo,XC90,Recharge,2023.0,4,SUV,of_Origin_Sweden,10.985292722887856,10.751775,58998.99999999995,46711.86,12287.140624999949,12287.140624999949,20.83
1130,15352.0,134712.0,Nissan,Pathfinder,,2018.0,6,SUV,of_Origin_Japan,9.639066173658899,10.000373,15351.99999999999,22033.682,-6681.681640625009,6681.681640625009,-43.52
21888,30995.0,55392.0,Subaru,Outback,,2021.0,4,SUV,of_Origin_Japan,10.34161344288384,10.260305,30994.99999999999,28574.512,2420.488281249989,2420.488281249989,7.81
10833,39888.0,36673.0,Genesis,G80,,2021.0,6,Sedan,of_Origin_South Korea,10.593855875645637,10.62797,39888.0,41272.246,-1384.24609375,1384.24609375,-3.47
22253,32888.0,32660.0,Tesla,Model,3,2023.0,Electric,Sedan,of_Origin_USA,10.40089353434265,10.719059,32888.000000000015,45208.34,-12320.339843749985,12320.339843749985,-37.46
30846,12995.0,221245.0,Honda,Pilot,,2015.0,6,SUV,of_Origin_Japan,9.472396896788991,9.337853,12995.000000000005,11358.997,1636.0029296875055,1636.0029296875055,12.59
20166,13990.0,222465.0,Nissan,Rogue,,2022.0,4,SUV,of_Origin_Japan,9.546169544733285,9.744283,13989.999999999989,17055.434,-3065.433593750011,3065.433593750011,-21.91
38221,9700.0,177000.0,Hyundai,Elantra,,2018.0,4,Sedan,of_Origin_South Korea,9.179984251961283,9.122862,9699.999999999996,9161.386,538.6142578124964,538.6142578124964,5.55
35901,21999.0,133000.0,Tesla,Model,3,2020.0,Electric,Sedan,of_Origin_USA,9.998797732340453,10.141098,21999.0,25363.303,-3364.302734375,3364.302734375,-15.29
464,18998.0,160498.0,Honda,CR-V,,2018.0,4,SUV,of_Origin_Japan,9.85214162518454,9.629782,18998.000000000004,15210.115,3787.8847656250036,3787.8847656250036,19.94
28854,28495.0,55752.0,Nissan,Rogue,,2025.0,4,SUV,of_Origin_Japan,10.257519005529442,10.497058,28494.999999999978,36207.816,-7712.816406250022,7712.816406250022,-27.07
4248,52950.0,62808.0,Acura,MDX,,2023.0,6,SUV,of_Origin_Japan,10.877122236592484,10.726098,52949.999999999985,45527.695,7422.304687499985,7422.304687499985,14.02
27802,53995.0,53132.0,Ford,F-150,,2020.0,6,Pickup Truck,of_Origin_USA,10.896665248728718,10.645949,53995.00000000002,42021.035,11973.964843750022,11973.964843750022,22.18
14872,26450.0,42570.0,Land,Rover,Range Rover Evoque,2019.0,4,SUV,baseline_value_here,10.183049243755137,10.281811,26450.00000000002,29195.693,-2745.693359374982,2745.693359374982,-10.38
5209,61247.0,1000.0,BMW,X1,,2026.0,4,SUV,baseline_value_here,11.022686474812627,11.017581,61247.00000000004,60935.098,311.9023437500364,311.9023437500364,0.51
4240,44900.0,83783.0,Acura,MDX,,2023.0,6,SUV,of_Origin_Japan,10.712215345197256,10.602073,44899.99999999997,40217.113,4682.886718749971,4682.886718749971,10.43
11366,41500.0,1542.0,Honda,CR-V,,2026.0,4,SUV,of_Origin_Japan,10.633472802314019,10.774171,41500.000000000015,47769.848,-6269.847656249985,6269.847656249985,-15.11
8890,41980.0,53125.0,Dodge,Durango,,2022.0,6,SUV,of_Origin_USA,10.64497241395799,10.742766,41979.99999999998,46292.94,-4312.941406250022,4312.941406250022,-10.27
1506,14990.0,84469.0,Dodge,Journey,,2017.0,4,SUV,of_Origin_USA,9.615205300012315,9.690647,14990.000000000004,16164.702,-1174.7021484374964,1174.7021484374964,-7.84
36979,15990.0,140652.0,Honda,Civic,Sedan,2019.0,4,Sedan,of_Origin_Japan,9.679781342959442,9.76449,15990.000000000005,17403.605,-1413.6054687499945,1413.6054687499945,-8.84
23925,65255.0,4300.0,Volkswagen,Atlas,Cross Sport,2026.0,4,SUV,baseline_value_here,11.086073274980416,10.985996,65254.999999999985,59040.523,6214.476562499985,6214.476562499985,9.52
22846,76995.0,12000.0,Toyota,Tundra,,2025.0,6,Pickup Truck,of_Origin_Japan,11.251508751434526,11.110679,76995.00000000003,66880.57,10114.42968750003,10114.42968750003,13.14
28476,9995.0,151915.0,Toyota,Matrix,,2012.0,4,Hatchback,of_Origin_Japan,9.209940291954844,9.077453,9995.00000000001,8754.634,1240.366210937509,1240.366210937509,12.41
10153,73995.0,11287.0,GMC,Sierra,1500,2025.0,8,Pickup Truck,of_Origin_USA,11.21176631667128,11.155234,73995.00000000003,69927.91,4067.093750000029,4067.093750000029,5.5
17648,24450.0,93000.0,Mazda,Mazda3,Sport,2022.0,4,Sedan,of_Origin_Japan,10.104426393862145,10.071064,24449.99999999999,23647.713,802.2871093749891,802.2871093749891,3.28
20356,25389.0,20630.0,Nissan,Rogue,,2023.0,4,SUV,of_Origin_Japan,10.142110674698724,10.383885,25389.0,32333.35,-6944.349609375,6944.349609375,-27.35
8433,34888.0,60198.0,Chrysler,Pacifica,,2024.0,6,Minivan,of_Origin_USA,10.459926872262475,10.541693,34887.99999999998,37860.6,-2972.601562500022,2972.601562500022,-8.52
4687,78698.0,17063.0,Audi,Q8,,2025.0,6,SUV,baseline_value_here,11.273385727844461,11.241881,78697.99999999997,76257.29,2440.710937499971,2440.710937499971,3.1
1261,55898.0,35139.0,GMC,Sierra,1500,2024.0,8,Pickup Truck,of_Origin_USA,10.931301769895523,10.934758,55898.00000000003,56091.543,-193.5429687499709,193.5429687499709,-0.35
9008,44950.0,36900.0,Dodge,Durango,,2024.0,6,SUV,of_Origin_USA,10.713328286593352,10.891506,44950.0,53717.15,-8767.1484375,8767.1484375,-19.5
36735,37490.0,76207.0,Toyota,Camry,,2025.0,4,Sedan,of_Origin_Japan,10.531856183153893,10.384034,37490.0,32338.16,5151.83984375,5151.83984375,13.74
21253,24998.0,153571.0,RAM,1500,Classic,2021.0,baseline_value_here,baseline_value_here,of_Origin_USA,10.126591103050316,10.246638,24997.999999999993,28186.625,-3188.6250000000073,3188.6250000000073,-12.76
37745,27950.0,39093.0,BMW,3,Series,2013.0,baseline_value_here,baseline_value_here,baseline_value_here,10.238208256118535,10.424557,27950.0,33675.54,-5725.5390625,5725.5390625,-20.48
10201,84578.0,83406.0,GMC,Yukon,XL,2023.0,8,SUV,of_Origin_USA,11.345441287830552,11.196244,84578.00000000001,72855.3,11722.703125000015,11722.703125000015,13.86
3115,28719.0,43386.0,Infiniti,QX50,,2022.0,4,SUV,of_Origin_Japan,10.26534902316216,10.328207,28719.000000000007,30582.227,-1863.2265624999927,1863.2265624999927,-6.49
36571,43900.0,106700.0,Mercedes-Benz,E-Class,,2019.0,6,Sedan,baseline_value_here,10.689692377847104,10.622668,43899.99999999997,41054.016,2845.984374999971,2845.984374999971,6.48
38041,34888.0,27374.0,Hyundai,IONIQ,6,2024.0,Electric,Sedan,of_Origin_South Korea,10.459926872262475,10.724718,34887.99999999998,45464.91,-10576.910156250022,10576.910156250022,-30.32
2380,28888.0,69000.0,Hyundai,Tucson,Hybrid,2022.0,4,SUV,of_Origin_South Korea,10.271216178807896,10.327857,28888.00000000001,30571.525,-1683.525390624989,1683.525390624989,-5.83
7080,49900.0,50211.0,Cadillac,Lyriq,,2024.0,Electric,SUV,of_Origin_USA,10.817796321618971,10.816183,49900.000000000015,49819.562,80.43750000001455,80.43750000001455,0.16
7163,45194.0,13543.0,Cadillac,XT4,,2024.0,4,SUV,of_Origin_USA,10.718741740232511,10.5413885,45194.0,37849.086,7344.9140625,7344.9140625,16.25
17536,14900.0,155000.0,MINI,Countryman,,2017.0,4,SUV,of_Origin_UK,9.60918360377546,9.536249,14899.999999999993,13851.89,1048.1103515624927,1048.1103515624927,7.03
11341,33190.0,34386.0,Honda,HR-V,,2024.0,4,SUV,of_Origin_Japan,10.41003403381723,10.485728,33189.999999999985,35799.9,-2609.8984375000146,2609.8984375000146,-7.86
20431,23985.0,103510.0,Nissan,Rogue,,2022.0,4,SUV,of_Origin_Japan,10.085225605791667,10.197619,23985.000000000015,26838.217,-2853.2167968749854,2853.2167968749854,-11.9
6619,14900.0,145138.0,Buick,Enclave,,2016.0,6,SUV,of_Origin_USA,9.60918360377546,9.731931,14899.999999999993,16846.049,-1946.0488281250073,1946.0488281250073,-13.06
36408,25947.0,69938.0,Mazda,CX-30,,2022.0,4,SUV,of_Origin_Japan,10.163849814332947,10.246418,25947.00000000002,28180.416,-2233.416015624982,2233.416015624982,-8.61
7837,40994.0,59056.0,Chevrolet,Silverado,1500,2024.0,8,Pickup Truck,of_Origin_USA,10.621205387030278,10.882425,40993.99999999999,53231.547,-12237.546875000007,12237.546875000007,-29.85
10074,13900.0,128000.0,GMC,Safari,,2005.0,6,Van,of_Origin_USA,9.539716058977092,9.64614,13899.99999999999,15460.991,-1560.991210937509,1560.991210937509,-11.23
13604,25795.0,21200.0,Jeep,Compass,,2021.0,4,SUV,of_Origin_USA,10.157974720130268,10.213713,25794.999999999993,27273.643,-1478.6425781250073,1478.6425781250073,-5.73
2336,34450.0,46922.0,Tesla,Model,3,2023.0,Electric,Sedan,of_Origin_USA,10.44729330359671,10.666771,34450.000000000015,42905.17,-8455.171874999985,8455.171874999985,-24.54
226,19888.0,39642.0,Ford,Escape,,2020.0,4,SUV,of_Origin_USA,9.897922094063247,10.143694,19888.000000000015,25429.23,-5541.230468749985,5541.230468749985,-27.86
4366,42968.0,17479.0,Audi,Q5,,2024.0,4,SUV,baseline_value_here,10.668234204447975,10.645637,42968.00000000001,42007.89,960.1093750000073,960.1093750000073,2.23
2870,32995.0,14350.0,Nissan,Rogue,,2025.0,4,SUV,of_Origin_Japan,10.404141620980623,10.659305,32995.00000000001,42586.01,-9591.011718749993,9591.011718749993,-29.07
27155,9990.0,145339.0,Subaru,Impreza,,2016.0,4,Sedan,of_Origin_Japan,9.209439966733019,9.517907,9990.0,13600.116,-3610.1162109375,3610.1162109375,-36.14
8984,32950.0,16115.0,Dodge,Hornet,,2024.0,4,SUV,of_Origin_USA,10.402776888483789,10.61748,32950.00000000002,40841.574,-7891.574218749978,7891.574218749978,-23.95
30075,7999.0,140611.0,Ford,Escape,,2014.0,4,SUV,of_Origin_USA,8.987196820661973,9.080331,7999.0,8779.871,-780.87109375,780.87109375,-9.76
37870,19998.0,79999.0,Mazda,CX-3,,2021.0,4,SUV,of_Origin_Japan,9.903437551286085,10.180265,19997.99999999998,26376.467,-6378.466796875018,6378.466796875018,-31.9
27225,21300.0,80404.0,Nissan,Qashqai,,2023.0,4,SUV,of_Origin_Japan,9.966509298952284,10.287579,21299.999999999985,29364.582,-8064.582031250015,8064.582031250015,-37.86
38572,113888.0,19885.0,GMC,HUMMER,EV SUV,2024.0,Electric,SUV,of_Origin_USA,11.642979568827707,10.825356,113888.00000000009,50278.64,63609.35937500009,63609.35937500009,55.85
4422,64900.0,42653.0,Audi,RS5,Coupe,2021.0,6,Coupe,baseline_value_here,11.080618310893968,10.936885,64900.00000000002,56210.965,8689.035156250022,8689.035156250022,13.39
29507,35000.0,44100.0,Dodge,Charger,,2021.0,6,Sedan,of_Origin_USA,10.463131911491967,10.622179,35000.00000000001,41033.934,-6033.933593749993,6033.933593749993,-17.24
36203,6998.0,117469.0,Dodge,Journey,,2014.0,4,SUV,of_Origin_USA,8.85352256068954,9.159734,6997.999999999996,9505.525,-2507.5253906250036,2507.5253906250036,-35.83
33909,7799.0,230000.0,Toyota,Corolla,Sedan,2010.0,4,Sedan,of_Origin_Japan,8.961879012677683,8.618968,7798.999999999996,5534.671,2264.3291015624964,2264.3291015624964,29.03
1096,19460.0,89379.0,Hyundai,Tucson,,2021.0,4,SUV,of_Origin_South Korea,9.876167741881165,9.979069,19460.0,21569.217,-2109.216796875,2109.216796875,-10.84
22457,36995.0,164645.0,Tesla,Model,Y,2021.0,Electric,Sedan,of_Origin_USA,10.51856507767415,10.132556,36994.99999999999,25147.56,11847.439453124993,11847.439453124993,32.02
38137,45995.0,31530.0,Toyota,GR,Corolla,2023.0,6,Coupe,of_Origin_Japan,10.736309715168556,10.543029,45995.00000000002,37911.223,8083.777343750022,8083.777343750022,17.58
29427,5000.0,182000.0,Ford,Escape,,2015.0,4,SUV,of_Origin_USA,8.517393171418904,9.079568,5000.000000000003,8773.174,-3773.1738281249973,3773.1738281249973,-75.46
30880,30063.0,33000.0,Hyundai,Kona,,2025.0,4,SUV,of_Origin_South Korea,10.311083721653247,10.488779,30063.000000000025,35909.285,-5846.2851562499745,5846.2851562499745,-19.45
1507,25595.0,130483.0,Kia,Carnival,,2022.0,4,Minivan,of_Origin_South Korea,10.150191368259351,10.131008,25595.000000000015,25108.666,486.33398437501455,486.33398437501455,1.9
19409,29995.0,87639.0,Mitsubishi,Outlander,,2024.0,4,SUV,of_Origin_Japan,10.30881931842128,10.28685,29995.000000000007,29343.193,651.8066406250073,651.8066406250073,2.17
30581,38795.0,39504.0,Honda,CR-V,Hybrid,2024.0,4,SUV,of_Origin_Japan,10.566072427513433,10.670738,38794.99999999998,43075.73,-4280.730468750022,4280.730468750022,-11.03
27529,46990.0,33022.0,GMC,Sierra,1500,2024.0,8,Pickup Truck,of_Origin_USA,10.757711372994065,10.882237,46989.999999999985,53221.547,-6231.546875000015,6231.546875000015,-13.26
4154,43988.0,112266.0,Acura,MDX,,2023.0,6,SUV,of_Origin_Japan,10.691694881645189,10.497968,43988.0,36240.773,7747.2265625,7747.2265625,17.61
16838,78795.0,250.0,Lincoln,Nautilus,,2026.0,4,SUV,of_Origin_USA,11.274617513136246,10.967007,78794.99999999996,57929.93,20865.070312499956,20865.070312499956,26.48
31658,45815.0,300.0,Honda,CR-V,,2026.0,4,SUV,of_Origin_Japan,10.732388654073693,10.760974,45815.0,47143.562,-1328.5625,1328.5625,-2.9
17520,11977.0,146609.0,MINI,Countryman,,2013.0,4,SUV,of_Origin_UK,9.390826912824407,8.979469,11976.999999999989,7937.418,4039.582031249989,4039.582031249989,33.73
38700,9995.0,113599.0,Hyundai,Elantra,,2020.0,4,Sedan,of_Origin_South Korea,9.209940291954844,9.686943,9995.00000000001,16104.934,-6109.933593749991,6109.933593749991,-61.13
8937,46849.0,21506.0,Dodge,Durango,,2024.0,6,SUV,of_Origin_USA,10.754706287666568,10.9082775,46849.00000000001,54625.67,-7776.671874999993,7776.671874999993,-16.6
20161,12990.0,157317.0,Nissan,Rogue,,2020.0,4,SUV,of_Origin_Japan,9.472012088995733,9.912338,12990.0,20176.799,-7186.798828125,7186.798828125,-55.33
15036,69052.0,107.0,Land,Rover,Discovery Sport,2025.0,4,SUV,baseline_value_here,11.142629604671352,11.006461,69052.00000000006,60261.25,8790.750000000058,8790.750000000058,12.73
25252,22900.0,112534.0,Acura,RDX,,2018.0,6,SUV,of_Origin_Japan,10.038935856711177,10.0335655,22900.0,22777.344,122.65625,122.65625,0.54
2435,24950.0,46761.0,Audi,Q3,,2020.0,4,SUV,baseline_value_here,10.124669180536797,10.380944,24949.999999999996,32238.389,-7288.388671875004,7288.388671875004,-29.21
37038,30795.0,112886.0,BMW,X3,,2022.0,4,SUV,baseline_value_here,10.33514009039794,10.292671,30795.000000000015,29514.512,1280.4882812500146,1280.4882812500146,4.16
38391,33841.0,78577.0,Acura,RDX,,2021.0,4,SUV,of_Origin_Japan,10.429457913628571,10.1854925,33840.99999999998,26514.705,7326.294921874978,7326.294921874978,21.65
22398,42995.0,68617.0,Tesla,Model,Y,2022.0,Electric,Sedan,of_Origin_USA,10.668862367092954,10.531298,42995.0,37469.066,5525.93359375,5525.93359375,12.85
28785,21988.0,77717.0,Volkswagen,Taos,,2022.0,4,SUV,baseline_value_here,9.99829760729877,10.409921,21987.999999999996,33186.24,-11198.238281250004,11198.238281250004,-50.93
29843,28888.0,122658.0,Jeep,Grand,Cherokee,2022.0,6,SUV,of_Origin_USA,10.271216178807896,10.450045,28888.00000000001,34544.918,-5656.917968749989,5656.917968749989,-19.58
33657,33888.0,66181.0,BMW,5,Series,2017.0,baseline_value_here,baseline_value_here,baseline_value_here,10.43084575693648,10.427374,33888.000000000015,33770.547,117.45312500001455,117.45312500001455,0.35
16314,48394.0,50108.0,Lincoln,Aviator,,2023.0,6,SUV,of_Origin_USA,10.787151781583189,10.799703,48394.0,49005.227,-611.2265625,611.2265625,-1.26
8018,59510.0,16081.0,Chevrolet,Silverado,1500,2024.0,8,Pickup Truck,of_Origin_USA,10.993916448396218,11.020903,59510.00000000001,61137.84,-1627.8398437499927,1627.8398437499927,-2.74
7128,83500.0,113000.0,Cadillac,Escalade,,2023.0,8,SUV,of_Origin_USA,11.332613886815139,11.131557,83500.00000000001,68291.66,15208.343750000015,15208.343750000015,18.21
23737,17995.0,122733.0,Volkswagen,Beetle,,2018.0,4,Hatchback,baseline_value_here,9.797904789961063,9.750251,17994.999999999996,17157.531,837.4687499999964,837.4687499999964,4.65
5873,54354.0,4698.0,Buick,Envision,,2026.0,4,SUV,of_Origin_USA,10.9032918846381,10.814554,54354.00000000001,49738.477,4615.523437500007,4615.523437500007,8.49
24795,32995.0,101532.0,Volvo,XC60,,2021.0,4,SUV,of_Origin_Sweden,10.404141620980623,10.313888,32995.00000000001,30147.414,2847.5859375000073,2847.5859375000073,8.63
22560,35990.0,56000.0,Tesla,Model,3,2023.0,Electric,Sedan,of_Origin_USA,10.491024186183038,10.659746,35990.000000000015,42604.82,-6614.820312499985,6614.820312499985,-18.38
5581,33888.0,29000.0,BMW,X1,,2023.0,4,SUV,baseline_value_here,10.43084575693648,10.602968,33888.000000000015,40253.145,-6365.144531249985,6365.144531249985,-18.78
32380,28587.0,36292.0,Nissan,Rogue,,2024.0,4,SUV,of_Origin_Japan,10.26074232833987,10.431596,28587.000000000004,33913.43,-5326.429687499996,5326.429687499996,-18.63
21078,46991.0,200.0,RAM,ProMaster,Cargo Van,2025.0,6,Van,of_Origin_USA,10.757732653438401,10.856645,46990.999999999985,51876.72,-4885.718750000015,4885.718750000015,-10.4
22498,36888.0,99938.0,Tesla,Model,Y,2022.0,Electric,Sedan,of_Origin_USA,10.515668682606062,10.381212,36887.99999999998,32247.03,4640.970703124978,4640.970703124978,12.58
36313,33888.0,49452.0,Kia,Sorento,,2023.0,4,SUV,of_Origin_South Korea,10.43084575693648,10.243302,33888.000000000015,28092.748,5795.251953125015,5795.251953125015,17.1
18625,29993.0,69020.0,Mercedes-Benz,C-Class,Sedan,2021.0,4,Sedan,baseline_value_here,10.308752640641625,10.224632,29992.999999999996,27573.102,2419.8984374999964,2419.8984374999964,8.07
14829,29450.0,123000.0,Land,Rover,Range Rover Evoque,2023.0,6,SUV,baseline_value_here,10.290483144360632,10.693644,29450.000000000025,44073.805,-14623.804687499975,14623.804687499975,-49.66
15364,20999.0,135920.0,Lexus,RX,,2014.0,4,SUV,of_Origin_Japan,9.95227771670556,9.363128,20998.999999999985,11649.771,9349.228515624985,9349.228515624985,44.52
38729,74295.0,499.0,Ford,Explorer,,2026.0,4,SUV,of_Origin_USA,11.215812393455844,10.903771,74294.99999999996,54380.07,19914.929687499956,19914.929687499956,26.81
30854,20981.0,72775.0,Nissan,Kicks,,2023.0,4,SUV,of_Origin_Japan,9.95142020629143,10.302292,20981.0,29799.84,-8818.83984375,8818.83984375,-42.03
4077,29990.0,13000.0,Acura,TLX,,2020.0,4,Sedan,of_Origin_Japan,10.30865261563529,10.150114,29990.000000000007,25593.021,4396.978515625007,4396.978515625007,14.66
24791,67504.0,31392.0,Volvo,XC90,Recharge,2024.0,4,SUV,of_Origin_Sweden,11.119956948191346,10.890846,67503.99999999997,53681.71,13822.28906249997,13822.28906249997,20.48
20992,33995.0,92852.0,RAM,1500,Classic,2022.0,baseline_value_here,baseline_value_here,of_Origin_USA,10.433998149618517,10.518039,33995.00000000002,36975.53,-2980.531249999978,2980.531249999978,-8.77
9110,18400.0,152507.0,Dodge,Grand,Caravan,2019.0,6,Minivan,of_Origin_USA,9.820160289946374,9.828689,18399.999999999993,18557.602,-157.60156250000728,157.60156250000728,-0.86
37033,41995.0,39626.0,Honda,CR-V,Hybrid,2025.0,4,SUV,of_Origin_Japan,10.645329654634832,10.7549925,41995.0,46862.41,-4867.41015625,4867.41015625,-11.59
24976,25888.0,64664.0,Audi,Q3,,2022.0,4,SUV,baseline_value_here,10.161573447047902,10.464589,25887.999999999993,35051.04,-9163.039062500007,9163.039062500007,-35.39
7362,33500.0,58745.0,Cadillac,XLR,,2005.0,8,baseline_value_here,of_Origin_USA,10.419330568113901,10.519779,33499.99999999998,37039.945,-3539.945312500022,3539.945312500022,-10.57
16300,48877.0,105691.0,Lincoln,Navigator,L,2018.0,6,SUV,of_Origin_USA,10.797082676478094,10.086859,48876.99999999999,24024.205,24852.794921874993,24852.794921874993,50.85
32163,14495.0,227496.0,Toyota,RAV,4,2016.0,4,SUV,of_Origin_Japan,9.581628028282761,9.167897,14495.000000000011,9583.449,4911.550781250011,4911.550781250011,33.88
9328,17477.0,117423.0,Ford,Mustang,,2016.0,8,Coupe,of_Origin_USA,9.768698226187489,10.290854,17476.999999999985,29460.938,-11983.937500000015,11983.937500000015,-68.57
33746,69777.0,64954.0,Porsche,Taycan,,2020.0,Electric,Sedan,baseline_value_here,11.15307405282242,10.740865,69776.99999999996,46204.992,23572.007812499956,23572.007812499956,33.78
12184,26995.0,62110.0,Hyundai,Sonata,Hybrid,2022.0,4,Sedan,of_Origin_South Korea,10.203443985863297,10.153736,26994.999999999993,25685.893,1309.1074218749927,1309.1074218749927,4.85
19673,10000.0,167000.0,Mitsubishi,Lancer,,2013.0,4,Sedan,of_Origin_Japan,9.210440366976517,9.092443,10000.00000000001,8886.877,1113.123046875009,1113.123046875009,11.13
28175,6200.0,230600.0,Nissan,Altima,,2015.0,4,Sedan,of_Origin_Japan,8.732465848349879,9.014647,6200.000000000005,8221.64,-2021.6396484374955,2021.6396484374955,-32.61
22550,32999.0,45469.0,Tesla,Model,Y,2023.0,Electric,Sedan,of_Origin_USA,10.404262840448617,10.653196,32998.99999999998,42326.67,-9327.671875000022,9327.671875000022,-28.27
2854,10999.0,134000.0,Ford,Explorer,,2011.0,6,SUV,of_Origin_USA,9.305650551780507,9.334059,10998.999999999998,11315.972,-316.9716796875018,316.9716796875018,-2.88
17259,17995.0,72357.0,MINI,5,Door,2020.0,baseline_value_here,baseline_value_here,of_Origin_UK,9.797904789961063,10.01884,17994.999999999996,22444.375,-4449.375000000004,4449.375000000004,-24.73
9067,56475.0,33704.0,Dodge,Durango,,2024.0,6,SUV,of_Origin_USA,10.941571048129415,10.888307,56474.99999999995,53545.547,2929.453124999949,2929.453124999949,5.19
28682,27363.0,152072.0,Ford,F-150,,2017.0,6,Pickup Truck,of_Origin_USA,10.21698355988089,10.008184,27363.000000000015,22206.48,5156.519531250015,5156.519531250015,18.84
31917,19800.0,66000.0,Ford,Mustang,Convertible,2013.0,6,Coupe,of_Origin_USA,9.893487720457795,10.198128,19800.00000000001,26851.863,-7051.863281249989,7051.863281249989,-35.62
27048,20999.0,98446.0,BMW,3,Series,2018.0,baseline_value_here,baseline_value_here,baseline_value_here,9.95227771670556,10.235391,20998.999999999985,27871.355,-6872.355468750015,6872.355468750015,-32.73
131,33998.0,61479.0,Honda,CR-V,,2024.0,4,SUV,of_Origin_Japan,10.434086391401058,10.396353,33997.99999999999,32738.998,1259.0019531249927,1259.0019531249927,3.7
25637,17588.0,115078.0,Kia,Forte,,2021.0,4,Sedan,of_Origin_South Korea,9.775028985632325,9.713842,17588.000000000004,16544.053,1043.9472656250036,1043.9472656250036,5.94
31607,31998.0,97005.0,RAM,1500,,2019.0,baseline_value_here,baseline_value_here,of_Origin_USA,10.373459931293572,10.287998,31998.00000000001,29376.906,2621.093750000011,2621.093750000011,8.19
29438,29777.0,125788.0,Porsche,Boxster,,2008.0,6,baseline_value_here,baseline_value_here,10.301525144815496,9.855631,29777.000000000015,19064.408,10712.591796875015,10712.591796875015,35.98
15372,53900.0,62433.0,Lexus,RX,,2024.0,4,SUV,of_Origin_Japan,10.894904309600681,10.393783,53899.999999999985,32654.959,21245.041015624985,21245.041015624985,39.42
31919,35017.0,54000.0,Subaru,Crosstrek,,2024.0,4,SUV,of_Origin_Japan,10.463617493986263,10.398716,35017.00000000002,32816.46,2200.539062500022,2200.539062500022,6.28
18510,17770.0,95000.0,Mercedes-Benz,C-Class,Sedan,2016.0,6,Sedan,baseline_value_here,9.785323194185485,10.211215,17769.999999999985,27205.604,-9435.603515625015,9435.603515625015,-53.1
21886,34995.0,39154.0,Subaru,Forester,,2024.0,4,SUV,of_Origin_Japan,10.462989048226156,10.408588,34995.00000000002,33142.055,1852.9453125000218,1852.9453125000218,5.29
15557,35990.0,55694.0,Lexus,ES,,2020.0,4,Sedan,of_Origin_Japan,10.491024186183038,10.089497,35990.000000000015,24087.664,11902.335937500015,11902.335937500015,33.07
11007,15990.0,194225.0,Honda,HR-V,,2020.0,4,SUV,of_Origin_Japan,9.679781342959442,9.691368,15990.000000000005,16176.361,-186.36132812499454,186.36132812499454,-1.17
27523,55995.0,64134.0,Toyota,4-Runner,,2023.0,6,SUV,of_Origin_Japan,10.933035538594716,10.717194,55995.0,45124.086,10870.9140625,10870.9140625,19.41
16497,52995.0,62462.0,Lincoln,Aviator,,2023.0,6,SUV,of_Origin_USA,10.877971717988014,10.770673,52995.00000000004,47603.035,5391.964843750036,5391.964843750036,10.17
10258,25995.0,50565.0,GMC,Terrain,,2022.0,4,SUV,of_Origin_USA,10.16569795901424,10.276505,25995.00000000002,29041.207,-3046.207031249982,3046.207031249982,-11.72
12953,10999.0,186183.0,Infiniti,QX60,,2014.0,6,SUV,of_Origin_Japan,9.305650551780507,9.386071,10998.999999999998,11920.171,-921.1708984375018,921.1708984375018,-8.38
30812,24750.0,99418.0,BMW,3,Series,2021.0,baseline_value_here,baseline_value_here,baseline_value_here,10.11662117122102,10.514696,24750.00000000002,36852.14,-12102.140624999982,12102.140624999982,-48.9
38343,4490.0,202000.0,Mitsubishi,Lancer,,2014.0,4,Sedan,of_Origin_Japan,8.409830673087738,9.095093,4489.999999999999,8910.455,-4420.455078125001,4420.455078125001,-98.45
32203,35995.0,29064.0,Mitsubishi,Outlander,,2024.0,4,SUV,of_Origin_Japan,10.49116310015384,10.436272,35995.0,34072.38,1922.62109375,1922.62109375,5.34
972,48000.0,21985.0,Honda,Ridgeline,,2025.0,6,Pickup Truck,of_Origin_Japan,10.778977123006351,10.998636,48000.00000000004,59791.543,-11791.542968749964,11791.542968749964,-24.57
38515,18990.0,169000.0,Mazda,CX-5,,2019.0,4,SUV,of_Origin_Japan,9.851720461714246,9.728759,18990.000000000015,16792.695,2197.3046875000146,2197.3046875000146,11.57
14230,8995.0,112580.0,Kia,Soul,,2012.0,4,Hatchback,of_Origin_South Korea,9.104535313079205,8.82976,8994.999999999993,6833.6436,2161.3564453124927,2161.3564453124927,24.03
5242,115601.0,90.0,BMW,M3,,2027.0,6,Sedan,baseline_value_here,11.657908536108815,11.587841,115600.99999999999,107778.31,7822.687499999985,7822.687499999985,6.77
13360,42998.0,26704.0,Jeep,Wrangler,,2024.0,6,SUV,of_Origin_USA,10.668932138591325,10.909757,42997.999999999985,54706.53,-11708.531250000015,11708.531250000015,-27.23
9541,49395.0,8599.0,Ford,Maverick,,2025.0,4,Pickup Truck,of_Origin_USA,10.807624728237712,10.929734,49394.99999999997,55810.445,-6415.445312500029,6415.445312500029,-12.99
16279,48888.0,60504.0,Lincoln,Aviator,,2022.0,6,SUV,of_Origin_USA,10.797307701282914,10.704366,48887.99999999999,44548.926,4339.074218749993,4339.074218749993,8.88
15255,58938.0,5108.0,Lexus,NX,,2026.0,4,SUV,of_Origin_Japan,10.98425828974124,10.744867,58938.0,46390.305,12547.6953125,12547.6953125,21.29
33747,29995.0,105139.0,Toyota,RAV,4,2022.0,4,SUV,of_Origin_Japan,10.30881931842128,10.20131,29995.000000000007,26937.457,3057.5429687500073,3057.5429687500073,10.19
30709,79745.0,250.0,Lincoln,Nautilus,,2026.0,4,SUV,of_Origin_USA,11.286601862649388,10.967007,79744.99999999999,57929.93,21815.070312499985,21815.070312499985,27.36
4688,49995.0,54088.0,Audi,Q7,,2024.0,6,SUV,baseline_value_here,10.819698281210112,11.002286,49994.99999999997,60010.168,-10015.16796875003,10015.16796875003,-20.03
10804,72990.0,6800.0,Genesis,GV80,,2025.0,4,SUV,of_Origin_South Korea,11.198091424858745,10.618474,72989.99999999997,40882.18,32107.82031249997,32107.82031249997,43.99
31774,6999.0,128100.0,Hyundai,Elantra,Touring,2009.0,4,Sedan,of_Origin_South Korea,8.85366542803745,8.553379,6998.999999999999,5183.2427,1815.757324218749,1815.757324218749,25.94
26172,29995.0,62507.0,Toyota,Camry,,2023.0,4,Sedan,of_Origin_Japan,10.30881931842128,10.185478,29995.000000000007,26514.326,3480.6738281250073,3480.6738281250073,11.6
2622,17395.0,86034.0,Volkswagen,Jetta,,2021.0,4,Sedan,baseline_value_here,9.76399557371753,10.131256,17395.000000000015,25114.893,-7719.892578124985,7719.892578124985,-44.38
33472,71900.0,85061.0,Lincoln,Navigator,,2023.0,6,SUV,of_Origin_USA,11.183045451818261,10.648438,71899.99999999997,42125.76,29774.23828124997,29774.23828124997,41.41
24671,46988.0,67850.0,Volvo,XC60,,2023.0,4,SUV,of_Origin_Sweden,10.757668810746772,10.779794,46988.0,48039.215,-1051.21484375,1051.21484375,-2.24
3088,43900.0,19090.0,Lexus,NX,,2024.0,4,SUV,of_Origin_Japan,10.689692377847104,10.481744,43899.99999999997,35657.535,8242.46484374997,8242.46484374997,18.78
26526,27995.0,35965.0,Nissan,Rogue,,2023.0,4,SUV,of_Origin_Japan,10.23981692180943,10.334564,27994.99999999999,30777.27,-2782.269531250011,2782.269531250011,-9.94
508,45995.0,14524.0,Lexus,NX,,2022.0,4,SUV,of_Origin_Japan,10.736309715168556,10.42417,45995.00000000002,33662.504,12332.496093750022,12332.496093750022,26.81
12672,21400.0,74549.0,Infiniti,QX50,,2019.0,4,SUV,of_Origin_Japan,9.97119292889014,10.0597315,21399.99999999998,23381.227,-1981.2265625000182,1981.2265625000182,-9.26
10084,44788.0,5650.0,GMC,Terrain,,2026.0,4,SUV,of_Origin_USA,10.709717852539962,10.802365,44787.99999999998,49135.887,-4347.886718750022,4347.886718750022,-9.71
30949,24488.0,78940.0,Nissan,Rogue,,2021.0,4,SUV,of_Origin_Japan,10.105979316119466,10.186092,24488.000000000015,26530.617,-2042.6171874999854,2042.6171874999854,-8.34
8021,66995.0,81724.0,Chevrolet,Suburban,,2024.0,8,SUV,of_Origin_USA,11.112388195098362,11.18907,66995.00000000006,72334.46,-5339.460937499942,5339.460937499942,-7.97
17785,25880.0,24963.0,Mazda,Mazda3,,2025.0,4,Sedan,of_Origin_Japan,10.161264387744689,10.267035,25880.00000000001,28767.45,-2887.449218749989,2887.449218749989,-11.16
4113,37288.0,72389.0,Acura,RDX,,2022.0,4,SUV,of_Origin_Japan,10.526453655972313,10.26998,37288.00000000002,28852.322,8435.677734375022,8435.677734375022,22.62
8804,19450.0,130000.0,Dodge,Charger,,2019.0,8,Sedan,of_Origin_USA,9.875653761606692,10.454404,19450.0,34695.84,-15245.83984375,15245.83984375,-78.38
28370,3900.0,299999.0,Toyota,Corolla,,2007.0,4,Sedan,of_Origin_Japan,8.268988209506656,8.214814,3899.9999999999973,3694.2896,205.71044921874727,205.71044921874727,5.27
30272,14990.0,155170.0,Honda,Civic,Sedan,2020.0,4,Sedan,of_Origin_Japan,9.615205300012315,9.847129,14990.000000000004,18903.0,-3912.9999999999964,3912.9999999999964,-26.1
11297,39995.0,69372.0,Honda,CR-V,Hybrid,2024.0,4,SUV,of_Origin_Japan,10.59653472809574,10.614514,39995.00000000001,40720.617,-725.6171874999927,725.6171874999927,-1.81
32573,27409.0,94547.0,Ford,Escape,,2023.0,4,SUV,of_Origin_USA,10.218663189296832,10.225363,27409.00000000001,27593.252,-184.2519531249891,184.2519531249891,-0.67
37360,21000.0,51600.0,Mazda,Mazda3,,2021.0,4,Sedan,of_Origin_Japan,9.952325334619427,10.134524,20999.99999999998,25197.111,-4197.111328125018,4197.111328125018,-19.99
935,28988.0,76621.0,Kia,Sportage,,2024.0,4,SUV,of_Origin_South Korea,10.274671726667417,10.221136,28987.999999999978,27476.865,1511.1347656249782,1511.1347656249782,5.21
28592,76326.0,8748.0,Toyota,Tacoma,,2025.0,4,Pickup Truck,of_Origin_Japan,11.242782020993799,11.069861,76325.99999999999,64205.61,12120.390624999985,12120.390624999985,15.88
8159,55200.0,7114.0,Chrysler,Pacifica,,2026.0,6,Minivan,of_Origin_USA,10.918736348043124,10.988444,55200.00000000001,59185.24,-3985.2382812499927,3985.2382812499927,-7.22
12889,37395.0,70783.0,Infiniti,QX60,,2022.0,6,SUV,of_Origin_Japan,10.529319025811207,10.642789,37395.000000000015,41888.434,-4493.433593749985,4493.433593749985,-12.02
10162,40995.0,144351.0,GMC,Yukon,XL,2019.0,8,SUV,of_Origin_USA,10.621229779951454,10.671033,40995.00000000002,43088.426,-2093.425781249978,2093.425781249978,-5.11
14742,130000.0,29593.0,Land,Rover,Range Rover,2023.0,6,SUV,baseline_value_here,11.775297421715827,11.087455,130000.00000000009,65345.215,64654.78515625009,64654.78515625009,49.73
6302,26888.0,38241.0,Buick,Encore,GX,2024.0,4,SUV,of_Origin_USA,10.199472560025471,10.384697,26888.0,32359.602,-5471.6015625,5471.6015625,-20.35
34046,22990.0,78842.0,Toyota,Corolla,Sedan,2023.0,4,Sedan,of_Origin_Japan,10.042858113983936,10.131958,22989.99999999999,25132.527,-2142.527343750011,2142.527343750011,-9.32
33234,23000.0,113935.0,Toyota,Corolla,Sedan,2021.0,4,Sedan,of_Origin_Japan,10.043292972227004,10.035612,22999.999999999996,22824.01,175.99023437499636,175.99023437499636,0.77
27787,15000.0,190000.0,BMW,X2,,2018.0,4,SUV,baseline_value_here,9.61587214452889,9.518657,14999.99999999999,13610.315,1389.684570312491,1389.684570312491,9.26
27416,24688.0,138711.0,Toyota,Tacoma,,2013.0,4,Pickup Truck,of_Origin_Japan,10.114113079291366,9.869042,24688.00000000002,19321.826,5366.173828125018,5366.173828125018,21.74
13098,122795.0,9831.0,Infiniti,QX80,,2026.0,8,SUV,of_Origin_Japan,11.718279720874756,11.42371,122795.00000000006,91463.836,31331.16406250006,31331.16406250006,25.52
834,19995.0,107995.0,Toyota,Corolla,Sedan,2021.0,4,Sedan,of_Origin_Japan,9.903287532533462,9.996456,19995.00000000001,21947.545,-1952.544921874989,1952.544921874989,-9.77
5558,19888.0,118928.0,BMW,X1,,2020.0,4,SUV,baseline_value_here,9.897922094063247,10.1602545,19888.000000000015,25853.875,-5965.874999999985,5965.874999999985,-30.0
14132,58990.0,13201.0,Kia,Sorento,,2026.0,4,SUV,of_Origin_South Korea,10.985140168879203,10.749376,58989.99999999996,46599.953,12390.046874999964,12390.046874999964,21.0
30467,25995.0,52675.0,Nissan,Rogue,,2024.0,4,SUV,of_Origin_Japan,10.16569795901424,10.403904,25995.00000000002,32987.16,-6992.160156249982,6992.160156249982,-26.9
28562,25720.0,135356.0,Hyundai,PALISADE,,2020.0,baseline_value_here,baseline_value_here,of_Origin_South Korea,10.155063057844572,9.72495,25720.0,16728.85,8991.150390625,8991.150390625,34.96
37871,30477.0,17326.0,Hyundai,Kona,,2026.0,4,SUV,of_Origin_South Korea,10.324760390849805,10.568325,30476.999999999978,38882.492,-8405.492187500022,8405.492187500022,-27.58
38511,17491.0,99500.0,Dodge,Grand,Caravan,2018.0,6,Minivan,of_Origin_USA,9.76949891253281,9.927937,17490.99999999999,20494.006,-3003.005859375011,3003.005859375011,-17.17
31915,60654.0,195.0,Ford,Explorer,,2025.0,4,SUV,of_Origin_USA,11.012957351205019,10.798687,60653.99999999995,48955.477,11698.523437499949,11698.523437499949,19.29
6391,31995.0,7962.0,Buick,Encore,GX,2024.0,4,SUV,of_Origin_USA,10.373366173968712,10.537204,31994.99999999999,37691.023,-5696.023437500011,5696.023437500011,-17.8
35295,22000.0,125000.0,Honda,Civic,Sedan,2019.0,4,Sedan,of_Origin_Japan,9.99884318585288,9.835901,21999.999999999993,18691.941,3308.0585937499927,3308.0585937499927,15.04
32980,27995.0,70650.0,Volkswagen,Taos,,2024.0,4,SUV,baseline_value_here,10.23981692180943,10.504294,27994.99999999999,36470.793,-8475.792968750011,8475.792968750011,-30.28
2884,49500.0,59675.0,Toyota,Sienna,,2022.0,4,Minivan,of_Origin_Japan,10.809748150372926,10.727191,49500.0,45577.48,3922.51953125,3922.51953125,7.92
6479,22785.0,95205.0,Buick,Envista,,2024.0,4,SUV,of_Origin_USA,10.033901591258061,10.249225,22785.000000000007,28259.621,-5474.621093749993,5474.621093749993,-24.03
20718,79900.0,11498.0,Porsche,Macan,,2025.0,4,SUV,baseline_value_here,11.288543647320601,10.913162,79899.99999999997,54893.16,25006.83984374997,25006.83984374997,31.3
29738,11000.0,163600.0,Toyota,Camry,,2011.0,4,Sedan,of_Origin_Japan,9.305741456739435,8.961068,10999.999999999993,7792.6777,3207.3222656249927,3207.3222656249927,29.16
38527,21489.0,69472.0,Nissan,Rogue,,2022.0,4,SUV,of_Origin_Japan,9.975342989636555,10.290655,21488.99999999998,29455.066,-7966.066406250018,7966.066406250018,-37.07
25502,42700.0,15873.0,BMW,X2,,2024.0,4,SUV,baseline_value_here,10.661977618146238,10.613798,42700.00000000003,40691.46,2008.539062500029,2008.539062500029,4.7
18597,14995.0,97500.0,Mercedes-Benz,CLA,,2016.0,4,Sedan,baseline_value_here,9.615538777855802,9.667212,14994.999999999989,15790.254,-795.2539062500109,795.2539062500109,-5.3
27819,35995.0,33256.0,Jeep,Wrangler,,2023.0,6,SUV,of_Origin_USA,10.49116310015384,10.844463,35995.0,51248.613,-15253.61328125,15253.61328125,-42.38
19126,54242.0,100.0,Mitsubishi,Outlander,Plug-In Hybrid,2025.0,Electric,SUV,of_Origin_Japan,10.901229230819263,11.033878,54241.99999999998,61936.33,-7694.328125000022,7694.328125000022,-14.19
2459,20995.0,98445.0,Honda,Civic,Hatchback,2021.0,4,Sedan,of_Origin_Japan,9.95208722237219,10.012193,20995.000000000004,22295.672,-1300.6718749999964,1300.6718749999964,-6.2
18709,33995.0,74067.0,Mercedes-Benz,GLB,,2024.0,4,SUV,baseline_value_here,10.433998149618517,10.476206,33995.00000000002,35460.605,-1465.6054687499782,1465.6054687499782,-4.31
27591,14450.0,192374.0,Honda,CR-V,,2017.0,4,SUV,of_Origin_Japan,9.57851889529833,9.412595,14450.0,12240.594,2209.40625,2209.40625,15.29
36628,20500.0,86000.0,Volkswagen,Jetta,,2022.0,4,Sedan,baseline_value_here,9.928228944424575,10.209855,20499.999999999993,27168.629,-6668.628906250007,6668.628906250007,-32.53
9446,17998.0,120733.0,Ford,Escape,,2020.0,4,SUV,of_Origin_USA,9.798071479779479,9.924522,17997.99999999999,20424.152,-2426.152343750011,2426.152343750011,-13.48
37296,621.0,189889.0,Ford,F-150,,2015.0,6,Pickup Truck,of_Origin_USA,6.432940092739179,9.654592,620.9999999999999,15592.222,-14971.2216796875,14971.2216796875,-2410.82
2461,14450.0,118291.0,Ford,Edge,,2018.0,4,SUV,of_Origin_USA,9.57851889529833,9.740821,14450.0,16996.488,-2546.48828125,2546.48828125,-17.62
30718,25995.0,54191.0,Jeep,Compass,,2024.0,4,SUV,of_Origin_USA,10.16569795901424,10.36564,25995.00000000002,31748.736,-5753.736328124982,5753.736328124982,-22.13
30349,59788.0,22820.0,Lexus,RX,,2024.0,4,SUV,of_Origin_Japan,10.998576976530199,10.4392185,59788.000000000015,34172.938,25615.062500000015,25615.062500000015,42.84
23472,31885.0,82315.0,Volkswagen,Atlas,,2022.0,4,SUV,baseline_value_here,10.36992232096731,10.374426,31884.999999999993,32028.924,-143.92382812500728,143.92382812500728,-0.45
12067,6990.0,181611.0,Hyundai,Elantra,,2013.0,4,Sedan,of_Origin_South Korea,8.852378886511985,8.62623,6990.000000000002,5575.0186,1414.9814453125018,1414.9814453125018,20.24
14936,38998.0,157165.0,Land,Rover,Range Rover,2019.0,4,SUV,baseline_value_here,10.571291283757406,9.858298,38997.99999999999,19115.332,19882.667968749993,19882.667968749993,50.98
22258,23995.0,88594.0,Tesla,Model,3,2021.0,Electric,Sedan,of_Origin_USA,10.085642428772983,10.353054,23994.999999999993,31351.648,-7356.648437500007,7356.648437500007,-30.66
32547,22409.0,110616.0,Ford,Escape,,2020.0,4,SUV,of_Origin_USA,10.017262566794972,9.980443,22408.999999999993,21598.879,810.1210937499927,810.1210937499927,3.62
19663,13995.0,100192.0,Mitsubishi,RVR,,2016.0,4,SUV,of_Origin_Japan,9.54652685348758,9.634648,13995.00000000001,15284.322,-1289.322265624991,1289.322265624991,-9.21
16204,50695.0,54599.0,Lincoln,Nautilus,,2024.0,4,SUV,of_Origin_USA,10.833602291003352,10.373439,50694.999999999956,31997.324,18697.675781249956,18697.675781249956,36.88
7885,62888.0,128307.0,Chevrolet,Suburban,,2024.0,8,SUV,of_Origin_USA,11.049126546631992,11.094355,62888.000000000015,65797.65,-2909.6484374999854,2909.6484374999854,-4.63
20698,82995.0,25827.0,Porsche,Cayenne,,2023.0,6,SUV,baseline_value_here,11.326547692846342,11.0938,82995.0,65761.14,17233.859375,17233.859375,20.76
30022,3999.0,233390.0,Subaru,Forester,,2012.0,4,SUV,of_Origin_Japan,8.294049640102028,8.953381,3998.9999999999995,7732.993,-3733.9931640625005,3733.9931640625005,-93.37
15590,41999.0,46301.0,Lexus,UX,,2024.0,4,SUV,of_Origin_Japan,10.645424897265505,10.6983595,41998.99999999998,44282.15,-2283.148437500022,2283.148437500022,-5.44
36941,16499.0,80793.0,Subaru,Crosstrek,,2020.0,4,SUV,of_Origin_Japan,9.711115659888671,10.153737,16498.999999999985,25685.916,-9186.916015625015,9186.916015625015,-55.68
37332,8000.0,125235.0,GMC,Sierra,1500,2015.0,8,Pickup Truck,of_Origin_USA,8.987321812850125,10.006457,8000.0000000000055,22168.158,-14168.158203124995,14168.158203124995,-177.1
5816,27998.0,53850.0,BMW,2,Series Gran Coupe,2021.0,baseline_value_here,baseline_value_here,baseline_value_here,10.239924074233857,10.767372,27998.000000000007,47446.168,-19448.167968749993,19448.167968749993,-69.46
10679,63900.0,4888.0,Genesis,GV70,,2026.0,6,SUV,of_Origin_South Korea,11.065090289695444,11.206265,63900.000000000015,73589.08,-9689.078124999985,9689.078124999985,-15.16
21090,45498.0,200.0,RAM,ProMaster,Cargo Van,2025.0,6,Van,of_Origin_USA,10.725445626675544,10.856645,45498.00000000002,51876.72,-6378.718749999978,6378.718749999978,-14.02
1082,19790.0,72780.0,Volkswagen,Passat,,2018.0,4,Sedan,baseline_value_here,9.89298256789098,9.965383,19789.999999999996,21276.014,-1486.0136718750036,1486.0136718750036,-7.51
13889,19497.0,87900.0,Kia,Sportage,,2021.0,4,SUV,of_Origin_South Korea,9.878067175189218,9.989924,19497.000000000015,21804.65,-2307.6503906249854,2307.6503906249854,-11.84
16341,6900.0,241124.0,Lincoln,MKS,,2011.0,8,Sedan,of_Origin_USA,8.839421607620602,8.58419,6900.000000000005,5345.4624,1554.5375976562545,1554.5375976562545,22.53
8273,30344.0,76647.0,Chrysler,Grand,Caravan,2023.0,6,Minivan,of_Origin_USA,10.320387038269956,10.455099,30344.000000000022,34719.97,-4375.968749999978,4375.968749999978,-14.42
11958,15498.0,109366.0,Hyundai,Tucson,,2018.0,4,SUV,of_Origin_South Korea,9.648530784697051,9.647457,15498.00000000001,15481.368,16.631835937509095,16.631835937509095,0.11
7791,56498.0,40798.0,Chevrolet,Traverse,,2025.0,6,SUV,of_Origin_USA,10.941978217862857,10.926106,56498.00000000002,55608.34,889.6601562500218,889.6601562500218,1.57
9473,16490.0,168199.0,Ford,Explorer,,2018.0,6,SUV,of_Origin_USA,9.71057005652877,9.812291,16489.999999999996,18255.768,-1765.7675781250036,1765.7675781250036,-10.71
12103,12490.0,147454.0,Hyundai,Tucson,,2017.0,4,SUV,of_Origin_South Korea,9.43276366396591,9.4223,12490.000000000002,12359.984,130.01562500000182,130.01562500000182,1.04
32739,26888.0,100000.0,Honda,CR-V,,2021.0,4,SUV,of_Origin_Japan,10.199472560025471,10.128375,26888.0,25042.637,1845.36328125,1845.36328125,6.86
24757,66895.0,27565.0,Volvo,XC90,,2024.0,4,SUV,of_Origin_Sweden,11.110894453596346,10.745483,66895.0,46418.895,20476.10546875,20476.10546875,30.61
33062,31900.0,33400.0,Volkswagen,Taos,,2025.0,4,SUV,baseline_value_here,10.370392636243981,10.742323,31899.99999999999,46272.418,-14372.417968750011,14372.417968750011,-45.05
2486,15995.0,136264.0,Mazda,Mazda3,,2018.0,4,Sedan,of_Origin_Japan,9.680093969966709,9.741007,15995.0,16999.65,-1004.650390625,1004.650390625,-6.28
38674,2950.0,285000.0,Dodge,Grand,Caravan,2013.0,6,Minivan,of_Origin_USA,7.989899374942939,8.126378,2949.9999999999995,3381.5261,-431.52612304687545,431.52612304687545,-14.63
36581,21998.0,87764.0,Volkswagen,Taos,,2023.0,4,SUV,baseline_value_here,9.998752276761909,10.404232,21997.999999999996,32997.984,-10999.984375000004,10999.984375000004,-50.0
30423,36970.0,20.0,Honda,HR-V,,2027.0,4,SUV,of_Origin_Japan,10.517889100523476,10.583055,36969.99999999999,39459.465,-2489.4648437500073,2489.4648437500073,-6.73
20343,32995.0,25990.0,Nissan,Rogue,,2024.0,4,SUV,of_Origin_Japan,10.404141620980623,10.380013,32995.00000000001,32208.395,786.6054687500073,786.6054687500073,2.38
12940,9999.0,283542.0,Infiniti,QX80,,2016.0,8,SUV,of_Origin_Japan,9.210340371976184,9.265972,9999.00000000001,10571.083,-572.0830078124909,572.0830078124909,-5.72
6239,8980.0,186500.0,Buick,Encore,,2018.0,4,SUV,of_Origin_USA,9.10286651367095,9.389291,8980.000000000002,11958.614,-2978.614257812498,2978.614257812498,-33.17
31571,32725.0,74543.0,Ford,Maverick,,2023.0,4,Pickup Truck,of_Origin_USA,10.39592514798884,10.52633,32725.0,37283.39,-4558.390625,4558.390625,-13.93
28461,52995.0,85090.0,Toyota,Sienna,,2022.0,4,Minivan,of_Origin_Japan,10.877971717988014,10.648361,52995.00000000004,42122.508,10872.492187500036,10872.492187500036,20.52
14209,33999.0,52538.0,Kia,Sorento,,2023.0,4,SUV,of_Origin_South Korea,10.4341158035983,10.259473,33999.00000000003,28550.73,5448.269531250029,5448.269531250029,16.02
33247,9500.0,181000.0,Nissan,Pathfinder,,2013.0,6,SUV,of_Origin_Japan,9.15915233520675,9.284726,9500.000000000005,10771.223,-1271.2226562499945,1271.2226562499945,-13.38
28500,31392.0,46126.0,Subaru,Crosstrek,,2024.0,4,SUV,of_Origin_Japan,10.354340217107467,10.438602,31391.99999999999,34151.887,-2759.886718750011,2759.886718750011,-8.79
26402,16888.0,156895.0,Nissan,Kicks,,2022.0,4,SUV,of_Origin_Japan,9.734417801417921,10.066798,16887.999999999996,23547.049,-6659.048828125004,6659.048828125004,-39.43
2674,16888.0,117367.0,Mercedes-Benz,CLA,,2018.0,4,Sedan,baseline_value_here,9.734417801417921,9.862699,16887.999999999996,19199.633,-2311.6328125000036,2311.6328125000036,-13.69
1366,73498.0,5203.0,Toyota,4-Runner,Hybrid,2025.0,6,SUV,of_Origin_Japan,11.205027079666197,11.175018,73498.00000000001,71325.15,2172.8515625000146,2172.8515625000146,2.96
14601,55950.0,9078.0,Kia,Sorento,Hybrid,2026.0,4,SUV,of_Origin_South Korea,10.932231586681333,10.763316,55950.000000000015,47254.113,8695.886718750015,8695.886718750015,15.54
31253,8888.0,156000.0,MINI,3,Door,2016.0,baseline_value_here,baseline_value_here,of_Origin_UK,9.092569836241674,9.21386,8887.999999999995,10034.254,-1146.2539062500055,1146.2539062500055,-12.9
30309,43995.0,103142.0,Ford,F-150,,2022.0,6,Pickup Truck,of_Origin_USA,10.691853999677008,10.619747,43995.00000000003,40934.26,3060.738281250029,3060.738281250029,6.96
21872,15880.0,107234.0,Subaru,Impreza,,2019.0,4,Sedan,of_Origin_Japan,9.672878705110646,9.923731,15879.999999999993,20407.992,-4527.992187500007,4527.992187500007,-28.51
38537,50099.0,278.0,Hyundai,Tucson,Hybrid,2026.0,4,SUV,of_Origin_South Korea,10.821776287072955,10.7440405,50098.99999999996,46351.96,3747.0390624999636,3747.0390624999636,7.48
35001,12995.0,107930.0,Volkswagen,Golf,Standard Model,2015.0,4,Hatchback,baseline_value_here,9.472396896788991,9.39447,12995.000000000005,12020.719,974.2812500000055,974.2812500000055,7.5
19254,12990.0,73159.0,Mitsubishi,Mirage,,2022.0,3,Hatchback,of_Origin_Japan,9.472012088995733,9.639128,12990.0,15352.945,-2362.9453125,2362.9453125,-18.19
7637,45511.0,15.0,Chevrolet,Bolt,,2027.0,Electric,Hatchback,of_Origin_USA,10.725731306430482,10.624402,45510.99999999996,41125.258,4385.742187499964,4385.742187499964,9.64
30485,13988.0,166474.0,Volkswagen,Golf,SportWagen,2015.0,4,Hatchback,baseline_value_here,9.546026585476431,9.265823,13988.00000000001,10569.511,3418.489257812509,3418.489257812509,24.44
28958,15998.0,100447.0,Hyundai,Kona,,2019.0,4,SUV,of_Origin_South Korea,9.680281499268713,9.8072195,15998.00000000001,18163.41,-2165.410156249991,2165.410156249991,-13.54
18502,28995.0,153099.0,Mercedes-Benz,GLS,,2018.0,6,SUV,baseline_value_here,10.274913168420769,10.080193,28995.000000000007,23864.58,5130.419921875007,5130.419921875007,17.69
8839,58995.0,21505.0,Dodge,Challenger,,2022.0,6,Coupe,of_Origin_USA,10.985224923979393,10.98214,58995.00000000001,58813.258,181.74218750000728,181.74218750000728,0.31
25664,32995.0,16941.0,Toyota,RAV,4,2023.0,4,SUV,of_Origin_Japan,10.404141620980623,10.40353,32995.00000000001,32974.83,20.171875000007276,20.171875000007276,0.06
16147,32895.0,96298.0,Lincoln,Navigator,,2016.0,6,SUV,of_Origin_USA,10.401106348814837,9.9004965,32895.0,19939.268,12955.732421875,12955.732421875,39.39
23682,17888.0,121500.0,Volkswagen,Taos,,2022.0,4,SUV,baseline_value_here,9.791941277791215,10.240928,17887.999999999996,28026.115,-10138.115234375004,10138.115234375004,-56.68
20655,91898.0,28054.0,Porsche,Cayenne,,2024.0,6,SUV,baseline_value_here,11.428445426891757,11.130521,91898.00000000001,68220.89,23677.109375000015,23677.109375000015,25.76
26120,23995.0,51667.0,Nissan,Rogue,,2020.0,4,SUV,of_Origin_Japan,10.085642428772983,10.209389,23994.999999999993,27155.963,-3160.9628906250073,3160.9628906250073,-13.17
15272,48995.0,55513.0,Lexus,RX,,2022.0,4,SUV,of_Origin_Japan,10.799493941107576,10.327634,48994.99999999999,30564.703,18430.296874999993,18430.296874999993,37.62
30832,15999.0,194500.0,Lexus,NX,,2015.0,4,SUV,of_Origin_Japan,9.680344001221918,9.301857,15999.000000000002,10957.35,5041.650390625002,5041.650390625002,31.51
27405,10000.0,151699.0,Mitsubishi,Outlander,,2017.0,4,SUV,of_Origin_Japan,9.210440366976517,9.6750555,10000.00000000001,15914.607,-5914.607421874991,5914.607421874991,-59.15
11291,24290.0,39493.0,Honda,Civic,Sedan,2022.0,4,Sedan,of_Origin_Japan,10.097861190354225,10.214274,24290.00000000002,27288.967,-2998.966796874982,2998.966796874982,-12.35
32704,16990.0,114213.0,Mitsubishi,Outlander,,2020.0,4,SUV,of_Origin_Japan,9.740439071085758,10.062408,16989.99999999999,23443.904,-6453.904296875011,6453.904296875011,-37.99
483,11488.0,85270.0,Chevrolet,Cruze,,2018.0,4,Sedan,of_Origin_USA,9.349145334853365,9.6356325,11487.999999999998,15299.373,-3811.373046875002,3811.373046875002,-33.18
17170,63970.0,90.0,MINI,Countryman,,2027.0,4,SUV,of_Origin_UK,11.066185134649654,11.010478,63970.000000000044,60503.8,3466.1992187500437,3466.1992187500437,5.42
33165,25850.0,78000.0,Audi,A3,Sedan,2023.0,4,Sedan,baseline_value_here,10.160104563907877,10.286688,25850.000000000022,29338.438,-3488.437499999978,3488.437499999978,-13.49
29066,23678.0,64051.0,Subaru,Crosstrek,,2019.0,4,SUV,of_Origin_Japan,10.072343858376511,10.084857,23677.999999999978,23976.16,-298.1601562500218,298.1601562500218,-1.26
17073,56862.0,90.0,MINI,Countryman,,2027.0,4,SUV,of_Origin_UK,10.94840014498095,11.010478,56861.99999999997,60503.8,-3641.800781250029,3641.800781250029,-6.4
20762,79900.0,44275.0,Porsche,Taycan,,2021.0,Electric,Sedan,baseline_value_here,11.288543647320601,10.83778,79899.99999999997,50907.234,28992.76562499997,28992.76562499997,36.29
37363,24499.0,139306.0,Porsche,Cayenne,,2016.0,6,SUV,baseline_value_here,10.106428396532818,9.925295,24499.0,20439.938,4059.0625,4059.0625,16.57
17019,65212.0,90.0,MINI,Countryman,,2027.0,4,SUV,of_Origin_UK,11.085414114542965,11.010478,65212.000000000044,60503.8,4708.199218750044,4708.199218750044,7.22
1115,29986.0,78813.0,Jeep,Wrangler,Unlimited,2020.0,6,SUV,of_Origin_USA,10.308519233394938,10.453249,29985.99999999999,34655.793,-4669.792968750011,4669.792968750011,-15.57
15489,56700.0,10347.0,Lexus,NX,,2026.0,4,SUV,of_Origin_Japan,10.945547126244623,10.736248,56700.000000000044,45992.164,10707.835937500044,10707.835937500044,18.89
8836,58999.0,8150.0,Dodge,Durango,,2026.0,6,SUV,of_Origin_USA,10.985292722887856,11.233988,58998.99999999995,75657.7,-16658.70312500005,16658.70312500005,-28.24
7331,27595.0,80020.0,Cadillac,XT4,,2020.0,4,SUV,of_Origin_USA,10.225426113666,10.0343,27595.000000000015,22794.076,4800.923828125015,4800.923828125015,17.4
35831,32888.0,73723.0,Volvo,XC60,,2021.0,4,SUV,of_Origin_Sweden,10.40089353434265,10.395012,32888.000000000015,32695.127,192.87304687501455,192.87304687501455,0.59
12930,13995.0,183209.0,Infiniti,QX60,,2017.0,6,SUV,of_Origin_Japan,9.54652685348758,9.727972,13995.00000000001,16779.488,-2784.488281249991,2784.488281249991,-19.9
15400,41995.0,67730.0,Lexus,NX,,2022.0,4,SUV,of_Origin_Japan,10.645329654634832,10.293263,41995.0,29531.996,12463.00390625,12463.00390625,29.68
10961,20499.0,160145.0,Genesis,G70,,2019.0,4,Sedan,of_Origin_South Korea,9.9281801651265,9.303136,20499.000000000015,10971.373,9527.626953125015,9527.626953125015,46.48
11899,13990.0,79000.0,Hyundai,Elantra,,2019.0,4,Sedan,of_Origin_South Korea,9.546169544733285,9.734555,13989.999999999989,16890.322,-2900.322265625011,2900.322265625011,-20.73
25783,5800.0,262873.0,Honda,Civic,Sedan,2013.0,4,Sedan,of_Origin_Japan,8.665785595466064,8.626877,5799.999999999996,5578.625,221.37499999999636,221.37499999999636,3.82
27310,53968.0,16849.0,Audi,Q5,,2025.0,4,SUV,baseline_value_here,10.896165086628725,10.787623,53968.00000000004,48416.83,5551.171875000036,5551.171875000036,10.29
25818,24880.0,71631.0,Nissan,Rogue,,2023.0,4,SUV,of_Origin_Japan,10.121859738971446,10.250994,24879.999999999993,28309.66,-3429.6601562500073,3429.6601562500073,-13.78
15479,45988.0,19993.0,Lexus,UX,,2025.0,4,SUV,of_Origin_Japan,10.736157516440208,10.785197,45988.00000000001,48299.504,-2311.5039062499927,2311.5039062499927,-5.03
652,47995.0,39022.0,GMC,Canyon,,2023.0,4,Pickup Truck,of_Origin_USA,10.77887295308428,10.600753,47995.00000000001,40164.062,7830.937500000007,7830.937500000007,16.32
978,29950.0,119762.0,RAM,1500,Classic,2021.0,baseline_value_here,baseline_value_here,of_Origin_USA,10.307317991967832,10.3421,29949.999999999996,31010.09,-1060.0898437500036,1060.0898437500036,-3.54
12069,25995.0,50950.0,Hyundai,Tucson,,2023.0,4,SUV,of_Origin_South Korea,10.16569795901424,10.244779,25995.00000000002,28134.254,-2139.253906249982,2139.253906249982,-8.23
27189,25888.0,150.0,Ford,Escape,,2025.0,4,SUV,of_Origin_USA,10.161573447047902,10.798687,25887.999999999993,48955.477,-23067.476562500007,23067.476562500007,-89.1
19245,19950.0,105000.0,Mitsubishi,Eclipse,Cross,2022.0,4,Coupe,of_Origin_Japan,9.901034546375062,10.052571,19950.00000000001,23214.404,-3264.404296874989,3264.404296874989,-16.36
10183,17999.0,166266.0,GMC,Sierra,1500,2017.0,8,Pickup Truck,of_Origin_USA,9.798127036878302,10.053661,17999.000000000007,23239.723,-5240.722656249993,5240.722656249993,-29.12
18557,14999.0,142833.0,Mercedes-Benz,CLA,,2017.0,4,Sedan,baseline_value_here,9.615805480084347,9.695445,14999.000000000004,16242.45,-1243.4501953124964,1243.4501953124964,-8.29
22112,8888.0,138000.0,Subaru,Legacy,,2017.0,4,Sedan,of_Origin_Japan,9.092569836241674,9.683988,8887.999999999995,16057.404,-7169.4042968750055,7169.4042968750055,-80.66
35732,35995.0,23806.0,Volkswagen,Tiguan,,2026.0,4,SUV,baseline_value_here,10.49116310015384,10.831428,35995.0,50584.87,-14589.87109375,14589.87109375,-40.53
38568,39900.0,82500.0,Honda,Pilot,,2022.0,6,SUV,of_Origin_Japan,10.594156665220533,10.5447445,39899.99999999998,37976.324,1923.6757812499782,1923.6757812499782,4.82
22399,29795.0,60519.0,Tesla,Model,3,2021.0,Electric,Sedan,of_Origin_USA,10.302129435296166,10.467642,29794.999999999975,35158.207,-5363.2070312500255,5363.2070312500255,-18.0
33724,33995.0,127211.0,Kia,Telluride,,2022.0,6,SUV,of_Origin_South Korea,10.433998149618517,10.292308,33995.00000000002,29503.79,4491.210937500022,4491.210937500022,13.21
14867,31950.0,90899.0,Land,Rover,Range Rover Velar,2018.0,6,SUV,baseline_value_here,10.37195875822042,10.351937,31950.000000000015,31316.656,633.3437500000146,633.3437500000146,1.98
1018,29999.0,38950.0,Mazda,CX-5,,2025.0,4,SUV,of_Origin_Japan,10.308952660644293,10.526534,29999.000000000007,37291.0,-7291.999999999993,7291.999999999993,-24.31
11451,43649.0,10.0,Honda,HR-V,,2027.0,4,SUV,of_Origin_Japan,10.683958561267747,10.602461,43648.99999999996,40232.727,3416.2734374999636,3416.2734374999636,7.83
12754,28980.0,103766.0,Infiniti,QX55,,2022.0,4,SUV,of_Origin_Japan,10.274395721835582,10.197619,28980.000000000004,26838.217,2141.7832031250036,2141.7832031250036,7.39
215,30888.0,86690.0,Toyota,RAV,4,2019.0,4,SUV,of_Origin_Japan,10.338155412452387,10.053018,30888.000000000004,23224.768,7663.232421875004,7663.232421875004,24.81
28503,39992.0,52636.0,Subaru,OUTBACK,,2024.0,baseline_value_here,baseline_value_here,of_Origin_Japan,10.596459717781787,10.6984825,39992.00000000002,44287.598,-4295.597656249978,4295.597656249978,-10.74
17060,55262.0,90.0,MINI,Countryman,,2027.0,4,SUV,of_Origin_UK,10.919858885820327,11.010478,55262.00000000001,60503.8,-5241.800781249993,5241.800781249993,-9.49
22418,27388.0,88800.0,Tesla,Model,3,2021.0,Electric,Sedan,of_Origin_USA,10.217896751915566,10.365033,27388.00000000001,31729.484,-4341.484374999989,4341.484374999989,-15.85
26251,40990.0,90817.0,Tesla,Model,Y,2023.0,Electric,Sedan,of_Origin_USA,10.621107809394994,10.509033,40989.99999999997,36644.035,4345.964843749971,4345.964843749971,10.6
22868,40988.0,90605.0,Toyota,RAV,4 Hybrid,2025.0,4,SUV,of_Origin_Japan,10.621059017006598,10.61611,40988.00000000001,40785.64,202.35937500000728,202.35937500000728,0.49
37289,107601.0,6210.0,Mercedes-Benz,GLE,,2026.0,6,SUV,baseline_value_here,11.586194513897674,11.412186,107601.00000000006,90415.83,17185.17187500006,17185.17187500006,15.97
33691,9500.0,246000.0,Lincoln,MKX,,2017.0,4,SUV,of_Origin_USA,9.15915233520675,9.003092,9500.000000000005,8127.176,1372.8242187500055,1372.8242187500055,14.45
8565,30310.0,107901.0,Chrysler,Pacifica,,2023.0,6,Minivan,of_Origin_USA,10.319265961919356,10.332913,30309.999999999993,30726.504,-416.5039062500073,416.5039062500073,-1.37
331,29995.0,42913.0,Honda,CR-V,,2022.0,4,SUV,of_Origin_Japan,10.30881931842128,10.328207,29995.000000000007,30582.227,-587.2265624999927,587.2265624999927,-1.96
19415,26500.0,29927.0,Mitsubishi,Eclipse,Cross,2024.0,4,Coupe,of_Origin_Japan,10.184937747111391,10.287307,26500.000000000004,29356.602,-2856.6015624999964,2856.6015624999964,-10.78
10791,34990.0,82237.0,Genesis,GV80,,2021.0,6,SUV,of_Origin_South Korea,10.462846164547514,10.31625,34989.999999999985,30218.717,4771.283203124985,4771.283203124985,13.64
35215,16900.0,136384.0,Jeep,Cherokee,,2019.0,4,SUV,of_Origin_USA,9.735128070758227,9.793931,16899.999999999985,17923.629,-1023.6289062500146,1023.6289062500146,-6.06
7363,37989.0,43541.0,Cadillac,CT5,,2022.0,4,Sedan,of_Origin_USA,10.54507824618167,10.11947,37988.999999999985,24820.604,13168.396484374985,13168.396484374985,34.66
35949,3500.0,308803.0,Ford,F-150,,2011.0,6,Pickup Truck,of_Origin_USA,8.160803920954665,8.333876,3499.9999999999977,4161.519,-661.5190429687523,661.5190429687523,-18.9
14123,23950.0,41005.0,Kia,K4,,2025.0,4,Sedan,of_Origin_South Korea,10.083765355620846,10.19083,23949.999999999993,26656.617,-2706.6171875000073,2706.6171875000073,-11.3
27699,51498.0,63610.0,GMC,Sierra,1500,2024.0,8,Pickup Truck,of_Origin_USA,10.849317668987577,10.856052,51497.999999999985,51846.004,-348.00390625001455,348.00390625001455,-0.68
669,77990.0,91358.0,Mercedes-Benz,GLE,,2024.0,6,SUV,baseline_value_here,11.264348714399027,10.864926,77989.99999999999,52308.137,25681.863281249985,25681.863281249985,32.93
6398,47000.0,46937.0,Buick,Enclave,,2023.0,6,SUV,of_Origin_USA,10.757924157061597,10.806417,46999.99999999999,49335.402,-2335.4023437500073,2335.4023437500073,-4.97
15406,36998.0,43464.0,Lexus,IS,,2021.0,4,Sedan,of_Origin_Japan,10.518646164234097,10.129479,36997.99999999997,25070.309,11927.69140624997,11927.69140624997,32.24
2643,31888.0,115550.0,Lincoln,Aviator,,2020.0,6,SUV,of_Origin_USA,10.370016401720026,10.281637,31887.999999999993,29190.627,2697.3730468749927,2697.3730468749927,8.46
654,30228.0,39437.0,Mazda,CX-5,,2024.0,4,SUV,of_Origin_Japan,10.316557007504228,10.4074,30228.00000000002,33102.69,-2874.691406249982,2874.691406249982,-9.51
22096,21950.0,76877.0,Subaru,Crosstrek,,2021.0,4,SUV,of_Origin_Japan,9.99656797555214,10.186251,21949.999999999993,26534.816,-4584.816406250007,4584.816406250007,-20.89
222,24880.0,71631.0,Nissan,Rogue,,2023.0,4,SUV,of_Origin_Japan,10.121859738971446,10.250994,24879.999999999993,28309.66,-3429.6601562500073,3429.6601562500073,-13.78
35683,10995.0,140651.0,Kia,Rio,,2018.0,4,Sedan,of_Origin_South Korea,9.305286849285137,9.399417,10995.000000000007,12080.334,-1085.3339843749927,1085.3339843749927,-9.87
8613,43995.0,14573.0,Chrysler,Grand,Caravan,2025.0,6,Minivan,of_Origin_USA,10.691853999677008,10.87217,43995.00000000003,52688.445,-8693.44531249997,8693.44531249997,-19.76
33644,34888.0,30496.0,Mercedes-Benz,CLA,,2023.0,4,Sedan,baseline_value_here,10.459926872262475,10.433828,34887.99999999998,33989.227,898.7734374999782,898.7734374999782,2.58
29424,4000.0,358000.0,Honda,CR-V,,2010.0,4,SUV,of_Origin_Japan,8.294299608857235,8.131517,4000.0000000000014,3398.9548,601.0451660156264,601.0451660156264,15.03
30554,29990.0,190655.0,Tesla,Model,Y,2023.0,Electric,Sedan,of_Origin_USA,10.30865261563529,10.243303,29990.000000000007,28092.775,1897.2246093750073,1897.2246093750073,6.33
12771,19995.0,92180.0,Infiniti,QX50,,2019.0,4,SUV,of_Origin_Japan,9.903287532533462,10.044005,19995.00000000001,23016.393,-3021.392578124989,3021.392578124989,-15.11
6982,15898.0,131595.0,Cadillac,XT5,,2017.0,4,SUV,of_Origin_USA,9.67401149314871,9.571593,15898.000000000007,14350.264,1547.7363281250073,1547.7363281250073,9.74
33907,7200.0,170000.0,BMW,3,Series,2006.0,baseline_value_here,baseline_value_here,baseline_value_here,8.881975184248867,9.021559,7200.000000000005,8278.673,-1078.6728515624955,1078.6728515624955,-14.98
20950,65777.0,80.0,RAM,3500,,2025.0,baseline_value_here,baseline_value_here,of_Origin_USA,11.094040714902595,11.023472,65777.00000000003,61295.12,4481.878906250029,4481.878906250029,6.81
26448,51888.0,50000.0,Mercedes-Benz,GLC,,2024.0,4,SUV,baseline_value_here,10.856862100640145,10.745608,51887.999999999956,46424.695,5463.304687499956,5463.304687499956,10.53
21027,57888.0,68.0,RAM,ProMaster,Cargo Van,2025.0,6,Van,of_Origin_USA,10.96628266278324,10.877077,57888.00000000002,52947.61,4940.390625000022,4940.390625000022,8.53
37050,23995.0,63937.0,Honda,Civic,Hatchback,2023.0,4,Sedan,of_Origin_Japan,10.085642428772983,10.183456,23994.999999999993,26460.771,-2465.7714843750073,2465.7714843750073,-10.28
35221,17816.0,116598.0,Hyundai,Tucson,,2019.0,4,SUV,of_Origin_South Korea,9.78790833668397,9.751328,17815.999999999993,17176.033,639.9667968749927,639.9667968749927,3.59
21024,44988.0,83795.0,RAM,1500,,2022.0,baseline_value_here,baseline_value_here,of_Origin_USA,10.7141732944266,10.535533,44987.99999999999,37628.098,7359.902343749993,7359.902343749993,16.36
26795,24995.0,154251.0,BMW,4,Series,2016.0,baseline_value_here,baseline_value_here,baseline_value_here,10.126471091048971,9.882152,24994.999999999978,19576.8,5418.199218749978,5418.199218749978,21.68
37441,15400.0,91445.0,Mercedes-Benz,GLA,,2015.0,4,SUV,baseline_value_here,9.642187721358466,9.668807,15400.00000000001,15815.469,-415.4687499999909,415.4687499999909,-2.7
16999,60604.0,1518.0,MINI,Convertible,,2025.0,4,baseline_value_here,of_Origin_UK,11.012132676904612,10.796761,60603.999999999956,48861.258,11742.742187499956,11742.742187499956,19.38
29850,32990.0,97152.0,Mercedes-Benz,E-Class,,2020.0,6,Sedan,baseline_value_here,10.403990075979044,10.6532755,32989.999999999985,42330.023,-9340.023437500015,9340.023437500015,-28.31
28509,16950.0,56566.0,Kia,Forte,,2022.0,4,Sedan,of_Origin_South Korea,9.738082108118487,10.041308,16950.00000000001,22954.398,-6004.398437499989,6004.398437499989,-35.42
11122,50495.0,6086.0,Honda,CR-V,Hybrid,2026.0,4,SUV,of_Origin_Japan,10.829649404205545,10.897879,50494.99999999996,54060.56,-3565.5585937500364,3565.5585937500364,-7.06
33597,57999.0,1535.0,Audi,A5,,2025.0,6,Coupe,baseline_value_here,10.968198289528557,11.266292,57999.00000000002,78141.68,-20142.679687499978,20142.679687499978,-34.73
13861,41999.0,9416.0,Kia,Sportage,,2025.0,4,SUV,of_Origin_South Korea,10.645424897265505,10.564968,41998.99999999998,38752.18,3246.820312499978,3246.820312499978,7.73
36605,12995.0,196509.0,Toyota,Sienna,,2015.0,6,Minivan,of_Origin_Japan,9.472396896788991,9.5059395,12995.000000000005,13438.3125,-443.31249999999454,443.31249999999454,-3.41
38571,38888.0,96265.0,Honda,CR-V,Hybrid,2024.0,4,SUV,of_Origin_Japan,10.568466713268153,10.523007,38888.000000000015,37159.715,1728.2851562500146,1728.2851562500146,4.44
34048,50995.0,82185.0,GMC,Sierra,1500,2024.0,8,Pickup Truck,of_Origin_USA,10.839502477258012,10.780964,50994.99999999996,48095.46,2899.5390624999636,2899.5390624999636,5.69
23892,42158.0,2598.0,Volkswagen,Taos,,2026.0,4,SUV,baseline_value_here,10.649203463768854,11.017565,42157.999999999985,60934.11,-18776.109375000015,18776.109375000015,-44.54
22173,25777.0,135000.0,Subaru,WRX,STI,2018.0,4,Sedan,of_Origin_Japan,10.157276693964725,9.753071,25777.000000000007,17205.988,8571.011718750007,8571.011718750007,33.25
33586,33000.0,43487.0,Hyundai,Tucson,,2025.0,4,SUV,of_Origin_South Korea,10.404293143019792,10.470329,32999.99999999999,35252.824,-2252.8242187500073,2252.8242187500073,-6.83
22630,25888.0,200456.0,Tesla,Model,Y,2021.0,Electric,Sedan,of_Origin_USA,10.161573447047902,9.971009,25887.999999999993,21396.07,4491.929687499993,4491.929687499993,17.35
4025,49900.0,7350.0,Acura,ZDX,,2024.0,Electric,SUV,of_Origin_Japan,10.817796321618971,10.8716345,49900.000000000015,52660.215,-2760.2148437499854,2760.2148437499854,-5.53
21825,32999.0,35355.0,Subaru,Forester,,2022.0,4,SUV,of_Origin_Japan,10.404262840448617,10.351857,32998.99999999998,31314.146,1684.8535156249782,1684.8535156249782,5.11
17956,4480.0,248359.0,Mazda,Mazda3,,2013.0,4,Sedan,of_Origin_Japan,8.407601514786142,8.591566,4479.999999999996,5385.042,-905.0419921875036,905.0419921875036,-20.2
17138,59320.0,90.0,MINI,Countryman,,2027.0,4,SUV,of_Origin_UK,10.990718653830616,11.010478,59320.00000000005,60503.8,-1183.800781249949,1183.800781249949,-2.0
34159,26962.0,29563.0,Honda,Civic,Sedan,2022.0,4,Sedan,of_Origin_Japan,10.202220834799924,10.173956,26961.999999999993,26210.562,751.4374999999927,751.4374999999927,2.79
5646,20999.0,90600.0,BMW,4,Series Gran Coupe,2018.0,baseline_value_here,baseline_value_here,baseline_value_here,9.95227771670556,10.254981,20998.999999999985,28422.77,-7423.769531250015,7423.769531250015,-35.35
25032,59795.0,49153.0,Acura,MDX,,2025.0,6,SUV,of_Origin_Japan,10.998694048069405,10.848389,59795.0,51450.18,8344.8203125,8344.8203125,13.96
4613,22950.0,114001.0,Audi,A3,Sedan,2022.0,4,Sedan,baseline_value_here,10.041116787524166,10.134835,22949.999999999996,25204.947,-2254.9472656250036,2254.9472656250036,-9.83
16336,25888.0,108900.0,Lincoln,Continental,,2017.0,6,Sedan,of_Origin_USA,10.161573447047902,9.939257,25887.999999999993,20727.33,5160.669921874993,5160.669921874993,19.93
28199,40500.0,41941.0,Toyota,RAV,4 Hybrid,2023.0,4,SUV,of_Origin_Japan,10.609081944147828,10.643987,40499.99999999998,41938.64,-1438.6406250000218,1438.6406250000218,-3.55
5565,45900.0,135473.0,BMW,7,Series,2021.0,baseline_value_here,baseline_value_here,baseline_value_here,10.734242182303689,10.379534,45899.99999999998,32192.947,13707.052734374978,13707.052734374978,29.86
21086,41999.0,21938.0,RAM,1500,Classic,2023.0,baseline_value_here,baseline_value_here,of_Origin_USA,10.645424897265505,10.778956,41998.99999999998,47999.008,-6000.007812500022,6000.007812500022,-14.29
19525,22284.0,57419.0,Mitsubishi,RVR,,2022.0,4,SUV,of_Origin_Japan,10.011669085380657,10.329425,22284.00000000001,30619.496,-8335.496093749989,8335.496093749989,-37.41
29114,26888.0,29222.0,Honda,Civic,Sedan,2025.0,4,Sedan,of_Origin_Japan,10.199472560025471,10.527386,26888.0,37322.773,-10434.7734375,10434.7734375,-38.81
10141,91128.0,45750.0,GMC,HUMMER,EV SUV,2024.0,Electric,SUV,of_Origin_USA,11.420031364095168,10.812412,91127.99999999996,49632.05,41495.949218749956,41495.949218749956,45.54
35539,47495.0,71800.0,Volkswagen,Golf,R,2024.0,4,Hatchback,baseline_value_here,10.76840077595051,10.502288,47494.99999999997,36397.684,11097.31640624997,11097.31640624997,23.37
15473,41995.0,46523.0,Lexus,UX,,2025.0,4,SUV,of_Origin_Japan,10.645329654634832,10.737122,41995.0,46032.36,-4037.359375,4037.359375,-9.61
26175,35995.0,17588.0,Honda,CR-V,,2025.0,4,SUV,of_Origin_Japan,10.49116310015384,10.565789,35995.0,38784.016,-2789.015625,2789.015625,-7.75
36460,55454.0,10.0,GMC,Terrain,,2027.0,4,SUV,of_Origin_USA,10.923327160038841,10.790572,55453.99999999996,48559.812,6894.187499999964,6894.187499999964,12.43
30504,27995.0,66250.0,Honda,HR-V,,2022.0,4,SUV,of_Origin_Japan,10.23981692180943,10.293555,27994.99999999999,29540.615,-1545.615234375011,1545.615234375011,-5.52
37137,4500.0,152000.0,Mercedes-Benz,E-Class,,2006.0,6,Sedan,baseline_value_here,8.412054873292933,9.671908,4499.999999999999,15864.598,-11364.59765625,11364.59765625,-252.55
20230,16694.0,50638.0,Nissan,Kicks,,2020.0,4,SUV,of_Origin_Japan,9.722864552377755,10.235433,16694.00000000001,27872.525,-11178.525390624989,11178.525390624989,-66.96
33157,10000.0,216074.0,Mercedes-Benz,GLE,,2018.0,6,SUV,baseline_value_here,9.210440366976517,9.833745,10000.00000000001,18651.678,-8651.67773437499,8651.67773437499,-86.52
13593,45695.0,33719.0,Jeep,Wrangler,,2024.0,6,SUV,of_Origin_USA,10.729766045699256,10.888307,45694.99999999997,53545.547,-7850.546875000029,7850.546875000029,-17.18
5727,17990.0,121409.0,BMW,X2,,2018.0,4,SUV,baseline_value_here,9.79762691183662,9.934949,17990.000000000004,20638.23,-2648.2304687499964,2648.2304687499964,-14.72
31276,37000.0,96500.0,BMW,6,Series,2017.0,baseline_value_here,baseline_value_here,baseline_value_here,10.518700218288165,10.200099,37000.00000000001,26904.85,10095.150390625007,10095.150390625007,27.28
138,37998.0,65051.0,Jeep,Wrangler,,2023.0,6,SUV,of_Origin_USA,10.545315122572783,10.703398,37998.0,44505.82,-6507.8203125,6507.8203125,-17.13
30980,17995.0,157067.0,Volkswagen,Golf,GTI,2018.0,4,Wagon,baseline_value_here,9.797904789961063,9.775278,17994.999999999996,17592.383,402.61718749999636,402.61718749999636,2.24
22892,32995.0,30415.0,Toyota,Corolla,Sedan,2025.0,4,Sedan,of_Origin_Japan,10.404141620980623,10.513835,32995.00000000001,36820.418,-3825.4179687499927,3825.4179687499927,-11.59
12474,42136.0,11421.0,Hyundai,Sonata,,2025.0,4,Sedan,of_Origin_South Korea,10.648681493556756,10.36916,42135.99999999997,31860.691,10275.30859374997,10275.30859374997,24.39
22728,39688.0,24950.0,Toyota,RAV,4,2023.0,4,SUV,of_Origin_Japan,10.588829350196415,10.3945,39688.0,32678.387,7009.61328125,7009.61328125,17.66
23842,46995.0,5556.0,Volkswagen,Tiguan,,2026.0,4,SUV,baseline_value_here,10.757817770687463,10.974397,46995.00000000001,58359.625,-11364.624999999993,11364.624999999993,-24.18
11065,25839.0,35747.0,Honda,Civic,Sedan,2022.0,4,Sedan,of_Origin_Japan,10.159678957896539,10.200932,25839.00000000001,26927.26,-1088.259765624989,1088.259765624989,-4.21
20440,15985.0,136922.0,Nissan,Rogue,,2019.0,4,SUV,of_Origin_Japan,9.679468618185965,9.908338,15985.000000000004,20096.236,-4111.236328124996,4111.236328124996,-25.72
20579,28888.0,71598.0,Nissan,Rogue,,2024.0,4,SUV,of_Origin_Japan,10.271216178807896,10.2708,28888.00000000001,28875.969,12.031250000010914,12.031250000010914,0.04
35578,28995.0,12150.0,Chevrolet,Trax,,2025.0,4,SUV,of_Origin_USA,10.274913168420769,10.690757,28995.000000000007,43946.754,-14951.753906249993,14951.753906249993,-51.57
33823,76900.0,89820.0,Porsche,Macan,,2018.0,4,SUV,baseline_value_here,11.250274159310356,10.018923,76900.00000000003,22446.236,54453.76367187503,54453.76367187503,70.81
21865,16880.0,139857.0,Subaru,Outback,,2019.0,4,SUV,of_Origin_Japan,9.733944008101389,9.853273,16880.000000000007,19019.514,-2139.5136718749927,2139.5136718749927,-12.67
20425,24500.0,25692.0,Nissan,Rogue,,2024.0,4,SUV,of_Origin_Japan,10.106469212026385,10.377255,24499.99999999998,32119.684,-7619.683593750018,7619.683593750018,-31.1
19669,9449.0,213396.0,Mitsubishi,Outlander,,2016.0,4,SUV,of_Origin_Japan,9.153770020487789,9.229527,9449.000000000005,10192.724,-743.7236328124945,743.7236328124945,-7.87
24480,62190.0,1173.0,Volvo,XC40,,2026.0,4,SUV,of_Origin_Sweden,11.037965573724245,11.198671,62190.0,73032.34,-10842.34375,10842.34375,-17.43
15027,53500.0,99315.0,Land,Rover,Range Rover Velar,2020.0,4,SUV,baseline_value_here,10.887455624298198,10.219875,53500.00000000004,27442.244,26057.755859375036,26057.755859375036,48.71
12053,54995.0,15046.0,Hyundai,Palisade,,2025.0,6,SUV,of_Origin_South Korea,10.915015734297125,10.961617,54995.00000000002,57618.566,-2623.566406249978,2623.566406249978,-4.77
150,17999.0,181689.0,Nissan,Frontier,,2017.0,6,Pickup Truck,of_Origin_Japan,9.798127036878302,9.989618,17999.000000000007,21797.977,-3798.9765624999927,3798.9765624999927,-21.11
29126,31443.0,75544.0,Ford,Maverick,,2023.0,4,Pickup Truck,of_Origin_USA,10.355963464913646,10.562922,31442.999999999975,38672.95,-7229.9492187500255,7229.9492187500255,-22.99
30577,76520.0,499.0,Ford,Bronco,,2026.0,4,SUV,of_Origin_USA,11.245320491947627,10.903771,76520.00000000004,54380.07,22139.929687500044,22139.929687500044,28.93
17763,36988.0,51511.0,Mazda,CX-5,,2025.0,4,SUV,of_Origin_Japan,10.518375850127462,10.506105,36988.00000000002,36536.902,451.0976562500218,451.0976562500218,1.22
17365,51488.0,8246.0,MINI,Convertible,,2025.0,4,baseline_value_here,of_Origin_UK,10.849123471604749,10.745958,51488.00000000003,46440.945,5047.054687500029,5047.054687500029,9.8
4933,72545.0,90.0,Audi,Q5,,2025.0,4,SUV,baseline_value_here,11.191976122402302,11.075891,72545.00000000001,64593.887,7951.113281250015,7951.113281250015,10.96
18564,31365.0,55688.0,Mercedes-Benz,GLA,,2021.0,4,SUV,baseline_value_here,10.35347978269437,10.415003,31364.999999999996,33355.33,-1990.3281250000036,1990.3281250000036,-6.35
12025,20888.0,58000.0,Hyundai,Elantra,,2023.0,4,Sedan,of_Origin_South Korea,9.946977983610656,10.088094,20888.0,24053.895,-3165.89453125,3165.89453125,-15.16
29262,12490.0,240810.0,Dodge,Durango,,2018.0,6,SUV,of_Origin_USA,9.43276366396591,9.522643,12490.000000000002,13664.684,-1174.6835937499982,1174.6835937499982,-9.4
31671,21995.0,116514.0,Ford,Bronco,Sport,2023.0,4,SUV,of_Origin_USA,9.998615897627705,10.164818,21994.999999999985,25972.129,-3977.1289062500146,3977.1289062500146,-18.08
9402,42495.0,14555.0,Ford,Maverick,,2025.0,4,Pickup Truck,of_Origin_USA,10.657165232836105,10.893544,42494.99999999997,53826.74,-11331.73828125003,11331.73828125003,-26.67
36306,23894.0,136514.0,Subaru,Ascent,,2020.0,4,SUV,of_Origin_Japan,10.081424511012258,9.989355,23893.999999999996,21792.24,2101.7597656249964,2101.7597656249964,8.8
20446,26995.0,21141.0,Nissan,Rogue,,2023.0,4,SUV,of_Origin_Japan,10.203443985863297,10.321783,26994.999999999993,30386.393,-3391.3925781250073,3391.3925781250073,-12.56
10199,47994.0,75134.0,GMC,Sierra,1500,2022.0,8,Pickup Truck,of_Origin_USA,10.778852117797637,10.800871,47993.99999999999,49062.51,-1068.5117187500073,1068.5117187500073,-2.23
27730,23850.0,55169.0,Buick,Encore,GX,2023.0,4,SUV,of_Origin_USA,10.079581424158677,10.335554,23850.000000000004,30807.754,-6957.753906249996,6957.753906249996,-29.17
21950,41677.0,32147.0,Subaru,Outback,,2024.0,4,SUV,of_Origin_Japan,10.637728690631034,10.428036,41676.99999999996,33792.906,7884.093749999964,7884.093749999964,18.92
6896,75248.0,7286.0,Cadillac,XT5,,2025.0,4,SUV,of_Origin_USA,11.228557893486277,10.720611,75248.0,45278.543,29969.45703125,29969.45703125,39.83
6277,30495.0,54587.0,Buick,Envision,,2023.0,4,SUV,of_Origin_USA,10.325350806453928,10.338975,30494.999999999978,30913.324,-418.3242187500218,418.3242187500218,-1.37
8591,32291.0,84923.0,Chrysler,Grand,Caravan,2024.0,6,Minivan,of_Origin_USA,10.382574800514906,10.434334,32290.999999999993,34006.414,-1715.4140625000073,1715.4140625000073,-5.31
20626,58888.0,39000.0,Porsche,Macan,,2023.0,4,SUV,baseline_value_here,10.983409594982758,10.561338,58888.00000000001,38611.773,20276.226562500007,20276.226562500007,34.43
825,41999.0,31678.0,Mazda,CX-50,,2025.0,4,SUV,of_Origin_Japan,10.645424897265505,10.535687,41998.99999999998,37633.914,4365.085937499978,4365.085937499978,10.39
372,7988.0,196203.0,Honda,Civic,Sedan,2012.0,4,Sedan,of_Origin_Japan,8.985820874482043,8.892931,7988.000000000006,7279.3267,708.6733398437564,708.6733398437564,8.87
30685,44904.0,35160.0,Hyundai,Santa,Fe,2025.0,4,Pickup Truck,of_Origin_South Korea,10.71230442610505,10.694561,44903.99999999997,44114.258,789.7421874999709,789.7421874999709,1.76
26462,71888.0,74000.0,BMW,X5,,2024.0,6,SUV,baseline_value_here,11.182878541740678,11.094161,71887.99999999999,65784.914,6103.085937499985,6103.085937499985,8.49
15361,20588.0,138485.0,Lexus,RX,,2013.0,4,SUV,of_Origin_Japan,9.932512231576744,9.286401,20588.000000000004,10789.277,9798.722656250004,9798.722656250004,47.59
33275,33452.0,18147.0,Toyota,Corolla,Sedan,2024.0,4,Sedan,of_Origin_Japan,10.417896747633472,10.484813,33452.00000000003,35767.137,-2315.136718749971,2315.136718749971,-6.92
31437,33499.0,29369.0,Toyota,RAV,4,2019.0,4,SUV,of_Origin_Japan,10.419300717813158,10.140643,33499.00000000001,25351.766,8147.234375000007,8147.234375000007,24.32
18670,94995.0,2771.0,Mercedes-Benz,EQS,,2023.0,Electric,SUV,baseline_value_here,11.461590064433068,11.084429,94994.99999999994,65147.777,29847.22265624994,29847.22265624994,31.42
7846,5990.0,128524.0,Chevrolet,Sonic,,2014.0,4,Hatchback,of_Origin_USA,8.698013622083925,8.816447,5990.000000000002,6743.261,-753.2612304687482,753.2612304687482,-12.58
36569,52988.0,48010.0,Audi,SQ5,,2023.0,6,SUV,baseline_value_here,10.877839623823553,11.032392,52987.99999999997,61844.31,-8856.30859375003,8856.30859375003,-16.71
17976,36908.0,89937.0,Mazda,CX-90,MHEV,2024.0,6,SUV,of_Origin_Japan,10.516210702728278,10.799935,36907.999999999985,49016.633,-12108.632812500015,12108.632812500015,-32.81
34070,19990.0,145679.0,Tesla,Model,3,2020.0,Electric,Sedan,of_Origin_USA,9.903037451255743,10.1385355,19990.00000000001,25298.389,-5308.388671874989,5308.388671874989,-26.56
4251,41250.0,60863.0,Acura,RDX,,2024.0,4,SUV,of_Origin_Japan,10.627430633893226,10.395883,41249.999999999985,32723.607,8526.392578124985,8526.392578124985,20.67
26001,16999.0,68699.0,Ford,Mustang,Coupe,2014.0,6,baseline_value_here,of_Origin_USA,9.740968623038354,10.122397,16999.00000000001,24893.38,-7894.380859374989,7894.380859374989,-46.44
18454,29785.0,61312.0,Mercedes-Benz,GLC,,2020.0,4,SUV,baseline_value_here,10.301793763445813,10.330755,29785.000000000007,30660.26,-875.2597656249927,875.2597656249927,-2.94
35588,69995.0,20300.0,Chevrolet,Corvette,,2019.0,8,Coupe,of_Origin_USA,11.156193376541639,11.181801,69995.00000000006,71810.57,-1815.5703124999418,1815.5703124999418,-2.59
95,35998.0,36480.0,Honda,CR-V,,2024.0,4,SUV,of_Origin_Japan,10.49124643927466,10.36726,35998.0,31800.22,4197.779296875,4197.779296875,11.66
29633,7888.0,247114.0,Toyota,RAV,4,2011.0,4,SUV,of_Origin_Japan,8.97322466309509,8.740885,7888.000000000004,6252.4263,1635.5737304687536,1635.5737304687536,20.73
16826,69295.0,250.0,Lincoln,Nautilus,,2026.0,4,SUV,of_Origin_USA,11.146142463454408,10.967007,69295.00000000003,57929.93,11365.07031250003,11365.07031250003,16.4
27558,15250.0,335000.0,Honda,Odyssey,,2018.0,6,Minivan,of_Origin_Japan,9.632400353656184,9.471988,15250.000000000004,12989.684,2260.3164062500036,2260.3164062500036,14.82
7252,10850.0,205964.0,Cadillac,XTS,,2018.0,6,Sedan,of_Origin_USA,9.292012520620208,9.603133,10850.000000000004,14810.115,-3960.1152343749964,3960.1152343749964,-36.5
14109,40988.0,76203.0,Kia,Carnival,,2024.0,4,Minivan,of_Origin_South Korea,10.621059017006598,10.473885,40988.00000000001,35378.387,5609.613281250007,5609.613281250007,13.69
10163,43800.0,46370.0,GMC,Savana,Cargo Van,2021.0,6,Van,of_Origin_USA,10.687411927154141,10.55175,43799.999999999985,38243.312,5556.687499999985,5556.687499999985,12.69
2982,90900.0,17500.0,Porsche,Macan,,2024.0,Electric,SUV,baseline_value_here,11.417526281205168,11.037237,90899.99999999996,62144.715,28755.285156249956,28755.285156249956,31.63
36364,19950.0,147066.0,Honda,Odyssey,,2015.0,6,Minivan,of_Origin_Japan,9.901034546375062,9.681959,19950.00000000001,16024.863,3925.136718750011,3925.136718750011,19.67
16101,117995.0,18118.0,Lincoln,Navigator,L,2025.0,6,SUV,of_Origin_USA,11.678406004568156,11.015826,117994.99999999999,60828.26,57166.738281249985,57166.738281249985,48.45
22944,36365.0,185395.0,Toyota,Tacoma,,2021.0,4,Pickup Truck,of_Origin_Japan,10.50138955117934,10.442491,36365.0,34284.938,2080.0625,2080.0625,5.72
9001,36990.0,51709.0,Dodge,Challenger,,2017.0,6,Coupe,of_Origin_USA,10.518429918794682,10.538828,36990.0,37752.29,-762.2890625,762.2890625,-2.06
2945,44998.0,43235.0,Nissan,Frontier,,2023.0,6,Pickup Truck,of_Origin_Japan,10.714395546283317,10.857364,44997.99999999998,51914.035,-6916.035156250022,6916.035156250022,-15.37
38005,32995.0,21419.0,Subaru,Crosstrek,,2024.0,4,SUV,of_Origin_Japan,10.404141620980623,10.421038,32995.00000000001,33557.24,-562.2382812499927,562.2382812499927,-1.7
31340,49000.0,5420.0,Chevrolet,Colorado,,2024.0,4,Pickup Truck,of_Origin_USA,10.799595985047786,10.793383,49000.00000000002,48696.484,303.5156250000218,303.5156250000218,0.62
38091,4000.0,234000.0,Subaru,Outback,,2012.0,4,SUV,of_Origin_Japan,8.294299608857235,8.878166,4000.0000000000014,7172.6235,-3172.6235351562486,3172.6235351562486,-79.32
2955,35888.0,600.0,Volkswagen,Jetta,GLI,2025.0,4,Sedan,baseline_value_here,10.488186120839014,10.669046,35888.00000000001,43002.914,-7114.914062499993,7114.914062499993,-19.83
10036,26307.0,71465.0,GMC,Terrain,,2024.0,4,SUV,of_Origin_USA,10.177628354421241,10.297178,26306.999999999985,29647.84,-3340.8398437500146,3340.8398437500146,-12.7
11098,18500.0,101579.0,Honda,Civic,Sedan,2019.0,4,Sedan,of_Origin_Japan,9.825580063659602,9.921677,18500.0,20366.11,-1866.109375,1866.109375,-10.09
19463,19616.0,142637.0,Mitsubishi,Eclipse,Cross,2022.0,4,Coupe,of_Origin_Japan,9.884151816229386,9.9474,19616.0,20896.818,-1280.818359375,1280.818359375,-6.53
8554,29995.0,73741.0,Chrysler,Pacifica,,2020.0,6,Minivan,of_Origin_USA,10.30881931842128,10.289885,29995.000000000007,29432.377,562.6230468750073,562.6230468750073,1.88
31903,35000.0,141000.0,Honda,Pilot,,2020.0,6,SUV,of_Origin_Japan,10.463131911491967,10.195968,35000.00000000001,26793.922,8206.078125000007,8206.078125000007,23.45
25756,34999.0,32391.0,Volkswagen,Tiguan,,2024.0,4,SUV,baseline_value_here,10.46310334047155,10.616615,34998.99999999997,40806.26,-5807.261718750029,5807.261718750029,-16.59
30660,23990.0,47337.0,Nissan,Rogue,,2023.0,4,SUV,of_Origin_Japan,10.085434038999999,10.306446,23989.999999999985,29923.896,-5933.896484375015,5933.896484375015,-24.73
19777,22995.0,25.0,Nissan,Versa,,2025.0,4,Sedan,of_Origin_Japan,10.043075566743182,10.473808,22995.000000000015,35375.688,-12380.687499999985,12380.687499999985,-53.84
37111,29488.0,120462.0,Jeep,Grand,Cherokee,2021.0,6,SUV,of_Origin_USA,10.29177259143444,10.361545,29487.99999999999,31618.984,-2130.984375000011,2130.984375000011,-7.23
34966,33995.0,33396.0,Mazda,CX-5,,2023.0,4,SUV,of_Origin_Japan,10.433998149618517,10.388924,33995.00000000002,32496.67,1498.3300781250218,1498.3300781250218,4.41
11216,37990.0,26397.0,Honda,CR-V,,2024.0,4,SUV,of_Origin_Japan,10.54510456855174,10.488511,37990.000000000015,35899.664,2090.3359375000146,2090.3359375000146,5.5
35064,34500.0,72228.0,MINI,Convertible,,2022.0,4,baseline_value_here,of_Origin_UK,10.448743588106625,10.266252,34499.99999999998,28744.934,5755.066406249978,5755.066406249978,16.68
10817,28482.0,42865.0,Genesis,G70,,2022.0,4,Sedan,of_Origin_South Korea,10.257062697057004,10.053548,28482.000000000007,23237.086,5244.914062500007,5244.914062500007,18.41
27500,17900.0,147617.0,RAM,1500,,2016.0,baseline_value_here,baseline_value_here,of_Origin_USA,9.792611856190192,9.694951,17900.0,16234.428,1665.572265625,1665.572265625,9.3
12668,11995.0,160000.0,Infiniti,QX70,,2015.0,6,SUV,of_Origin_Japan,9.392328539868899,9.556171,11994.99999999999,14130.639,-2135.638671875009,2135.638671875009,-17.8
2978,17999.0,88900.0,Volkswagen,Tiguan,,2019.0,4,SUV,baseline_value_here,9.798127036878302,10.157843,17999.000000000007,25791.594,-7792.593749999993,7792.593749999993,-43.29
23608,9141.0,168846.0,Volkswagen,Tiguan,,2016.0,4,SUV,baseline_value_here,9.12063445889169,9.477764,9141.000000000002,13064.94,-3923.940429687498,3923.940429687498,-42.93
25538,17888.0,130000.0,Volkswagen,Golf,GTI,2018.0,4,Wagon,baseline_value_here,9.791941277791215,9.890675,17887.999999999996,19744.375,-1856.3750000000036,1856.3750000000036,-10.38
15029,119823.0,18124.0,Land,Rover,Range Rover Sport,2025.0,4,SUV,baseline_value_here,11.693779278489147,10.780061,119822.9999999999,48052.043,71770.9570312499,71770.9570312499,59.9
20324,32616.0,28789.0,Nissan,Murano,,2022.0,6,SUV,of_Origin_Japan,10.392588903827958,10.72441,32615.999999999975,45450.906,-12834.906250000025,12834.906250000025,-39.35
33645,9000.0,210000.0,Honda,Accord,,2018.0,4,Sedan,of_Origin_Japan,9.105090961257085,9.329694,9000.0,11266.681,-2266.6806640625,2266.6806640625,-25.19
27130,76000.0,32900.0,BMW,iX,,2025.0,Electric,SUV,baseline_value_here,11.23850177707664,11.108566,76000.0,66739.44,9260.5625,9260.5625,12.18
34713,25488.0,55945.0,Ford,Edge,,2023.0,4,SUV,of_Origin_USA,10.146002265529594,10.337775,25487.999999999993,30876.258,-5388.257812500007,5388.257812500007,-21.14
25690,28995.0,134684.0,Ford,F-150,,2019.0,6,Pickup Truck,of_Origin_USA,10.274913168420769,10.273717,28995.000000000007,28960.334,34.666015625007276,34.666015625007276,0.12
1048,37995.0,70854.0,Audi,A5,Sportback,2023.0,6,Hatchback,baseline_value_here,10.545236170010073,10.770986,37994.999999999985,47617.93,-9622.929687500015,9622.929687500015,-25.33
17824,27990.0,26720.0,Mazda,Mazda3,,2022.0,4,Sedan,of_Origin_Japan,10.239638308916676,10.20731,27989.99999999999,27099.56,890.4394531249891,890.4394531249891,3.18
2719,22950.0,89348.0,Mazda,CX-5,,2021.0,4,SUV,of_Origin_Japan,10.041116787524166,10.151609,22949.999999999996,25631.322,-2681.3222656250036,2681.3222656250036,-11.68
701,28498.0,32787.0,Volkswagen,Taos,,2024.0,4,SUV,baseline_value_here,10.257624277921856,10.552525,28498.000000000022,38272.94,-9774.941406249978,9774.941406249978,-34.3
18571,41988.0,92000.0,Mercedes-Benz,GLS,,2019.0,6,SUV,baseline_value_here,10.645162958200558,10.532966,41987.99999999996,37531.617,4456.382812499964,4456.382812499964,10.61
4456,23688.0,89000.0,Audi,Q3,,2020.0,4,SUV,baseline_value_here,10.072766084358127,10.237266,23688.00000000001,27923.664,-4235.664062499989,4235.664062499989,-17.88
34644,23000.0,185000.0,Acura,RDX,,2020.0,4,SUV,of_Origin_Japan,10.043292972227004,9.853061,22999.999999999996,19015.47,3984.5292968749964,3984.5292968749964,17.32
34235,37995.0,62722.0,Jeep,Wrangler,,2021.0,6,SUV,of_Origin_USA,10.545236170010073,10.598825,37994.999999999985,40086.727,-2091.7265625000146,2091.7265625000146,-5.51
31407,39498.0,20340.0,Honda,CR-V,,2025.0,4,SUV,of_Origin_Japan,10.58403063411305,10.554009,39498.00000000001,38329.816,1168.1835937500073,1168.1835937500073,2.96
33920,16990.0,105468.0,Honda,Civic,Sedan,2019.0,4,Sedan,of_Origin_Japan,9.740439071085758,9.909835,16989.99999999999,20126.35,-3136.349609375011,3136.349609375011,-18.46
123,27790.0,42875.0,Honda,Civic,Sedan,2024.0,4,Sedan,of_Origin_Japan,10.232467506256102,10.274475,27790.00000000001,28982.3,-1192.300781249989,1192.300781249989,-4.29
16327,37995.0,87724.0,Lincoln,Nautilus,,2022.0,4,SUV,of_Origin_USA,10.545236170010073,10.187643,37994.999999999985,26571.791,11423.208984374985,11423.208984374985,30.07
30472,14999.0,80000.0,Volkswagen,Jetta,Sedan,2017.0,4,Sedan,baseline_value_here,9.615805480084347,9.88101,14999.000000000004,19554.465,-4555.464843749996,4555.464843749996,-30.37
3930,9990.0,194000.0,Acura,RDX,,2014.0,6,SUV,of_Origin_Japan,9.209439966733019,9.333892,9990.0,11314.083,-1324.0830078125,1324.0830078125,-13.25
25950,38888.0,51147.0,Lexus,NX,,2023.0,4,SUV,of_Origin_Japan,10.568466713268153,10.401116,38888.000000000015,32895.33,5992.671875000015,5992.671875000015,15.41
14289,25292.0,50.0,Kia,K4,,2025.0,4,Sedan,of_Origin_South Korea,10.138282956590785,10.316217,25292.000000000004,30217.736,-4925.736328124996,4925.736328124996,-19.48
11026,11990.0,199083.0,Honda,Civic,Sedan,2017.0,4,Sedan,of_Origin_Japan,9.391911647379434,9.297015,11990.00000000001,10904.42,1085.580078125009,1085.580078125009,9.05
3924,38995.0,34434.0,Acura,RDX,,2023.0,4,SUV,of_Origin_Japan,10.571214355749163,10.3986635,38995.00000000003,32814.74,6180.261718750029,6180.261718750029,15.85
13516,38888.0,36737.0,Jeep,Grand,Cherokee L,2022.0,6,SUV,of_Origin_USA,10.568466713268153,10.776448,38888.000000000015,47878.766,-8990.765624999985,8990.765624999985,-23.12
29506,40999.0,13752.0,Volkswagen,Golf,GTI,2024.0,4,Hatchback,baseline_value_here,10.621327345686446,10.657519,40999.00000000003,42510.05,-1511.050781249971,1511.050781249971,-3.69
19271,16950.0,134800.0,Mitsubishi,Outlander,Plug-In Hybrid,2018.0,4,SUV,of_Origin_Japan,9.738082108118487,9.829384,16950.00000000001,18570.508,-1620.507812499989,1620.507812499989,-9.56
31805,3000.0,155526.0,Ford,Edge,,2013.0,4,SUV,of_Origin_USA,8.006700845440367,8.856769,2999.9999999999995,7020.756,-4020.7558593750005,4020.7558593750005,-134.03
30680,37988.0,10783.0,Subaru,Forester,,2025.0,4,SUV,of_Origin_Japan,10.545051923118718,10.691478,37988.00000000001,43978.45,-5990.449218749993,5990.449218749993,-15.77
15328,55888.0,23142.0,Lexus,RX,,2023.0,4,SUV,of_Origin_Japan,10.931122859815252,10.444856,55888.00000000005,34366.125,21521.87500000005,21521.87500000005,38.51
13507,32595.0,9380.0,Jeep,Compass,,2025.0,4,SUV,of_Origin_USA,10.39194486044011,10.713472,32595.00000000001,44956.477,-12361.476562499989,12361.476562499989,-37.92
30955,134999.0,23400.0,RAM,1500,,2024.0,baseline_value_here,baseline_value_here,of_Origin_USA,11.813030057420567,10.829329,134999.00000000012,50478.8,84520.19921875012,84520.19921875012,62.61
8407,30994.0,141582.0,Chrysler,Pacifica,,2022.0,6,Minivan,of_Origin_USA,10.34158118013602,10.193581,30993.999999999993,26730.037,4263.962890624993,4263.962890624993,13.76
19290,30012.0,73050.0,Mitsubishi,Outlander,Plug-In Hybrid,2022.0,Electric,SUV,of_Origin_Japan,10.309385900115851,10.545828,30011.999999999985,38017.49,-8005.488281250015,8005.488281250015,-26.67
22489,24998.0,58000.0,Tesla,Model,3,2019.0,Electric,Sedan,of_Origin_USA,10.126591103050316,10.361715,24997.999999999993,31624.383,-6626.382812500007,6626.382812500007,-26.51
22451,43888.0,64550.0,Tesla,Model,3,2024.0,Electric,Sedan,of_Origin_USA,10.689418998189405,10.740866,43888.00000000001,46205.035,-2317.0351562499927,2317.0351562499927,-5.28
17871,31638.0,51579.0,Mazda,CX-5,,2024.0,4,SUV,of_Origin_Japan,10.362145815819545,10.403578,31638.00000000001,32976.402,-1338.402343749989,1338.402343749989,-4.23
36876,35888.0,35020.0,Toyota,RAV,4,2022.0,4,SUV,of_Origin_Japan,10.488186120839014,10.353973,35888.00000000001,31380.486,4507.513671875007,4507.513671875007,12.56
17551,13500.0,83500.0,MINI,5,Door,2015.0,baseline_value_here,baseline_value_here,of_Origin_UK,9.510519035757246,9.366033,13500.000000000004,11683.665,1816.3349609375036,1816.3349609375036,13.45
2279,26770.0,76000.0,Audi,Q5,,2022.0,4,SUV,baseline_value_here,10.195074491065121,10.373804,26770.000000000007,32009.016,-5239.015624999993,5239.015624999993,-19.57
17462,15950.0,155689.0,MINI,Countryman,,2019.0,4,SUV,of_Origin_UK,9.677276802172448,9.682956,15950.000000000004,16040.843,-90.84277343749636,90.84277343749636,-0.57
21204,39588.0,79720.0,RAM,ProMaster,Cargo Van,2023.0,6,Van,of_Origin_USA,10.586306580877402,10.532909,39588.00000000002,37529.508,2058.492187500022,2058.492187500022,5.2
31755,11995.0,229332.0,Audi,A3,Sedan,2019.0,4,Sedan,baseline_value_here,9.392328539868899,9.438342,11994.99999999999,12559.875,-564.8750000000091,564.8750000000091,-4.71
30498,15900.0,154419.0,Honda,Accord,Sedan,2017.0,4,Sedan,of_Origin_Japan,9.674137279312397,9.605905,15900.000000000004,14851.22,1048.7802734375036,1048.7802734375036,6.6
4072,46950.0,24569.0,Acura,TLX,,2024.0,4,Sedan,of_Origin_Japan,10.75685978366411,10.264263,46950.00000000004,28687.83,18262.169921875036,18262.169921875036,38.9
21891,20995.0,112665.0,Subaru,Impreza,,2022.0,4,Sedan,of_Origin_Japan,9.95208722237219,10.020192,20995.000000000004,22474.748,-1479.7480468749964,1479.7480468749964,-7.05
11390,46999.0,87858.0,Honda,Odyssey,,2024.0,6,Minivan,of_Origin_Japan,10.757902880692196,10.585639,46999.00000000002,39561.58,7437.421875000022,7437.421875000022,15.82
5543,14990.0,124127.0,BMW,X1,,2017.0,4,SUV,baseline_value_here,9.615205300012315,9.851934,14990.000000000004,18994.064,-4004.0644531249964,4004.0644531249964,-26.71
22326,32980.0,69866.0,Tesla,Model,3,2022.0,Electric,Sedan,of_Origin_USA,10.403686917060819,10.554235,32980.00000000001,38338.48,-5358.480468749993,5358.480468749993,-16.25
28221,33997.0,194373.0,RAM,2500,,2018.0,baseline_value_here,baseline_value_here,of_Origin_USA,10.434056978338715,9.682525,33997.0,16033.929,17963.0712890625,17963.0712890625,52.84
2858,17699.0,135435.0,Subaru,Impreza,,2021.0,4,Sedan,of_Origin_Japan,9.78131991856192,9.905457,17698.999999999985,20038.418,-2339.4179687500146,2339.4179687500146,-13.22
34339,4000.0,169700.0,Volkswagen,Jetta,Sedan,2009.0,4,Sedan,baseline_value_here,8.294299608857235,8.69023,4000.0000000000014,5943.552,-1943.5517578124986,1943.5517578124986,-48.59
21083,59495.0,93829.0,RAM,2500,,2022.0,baseline_value_here,baseline_value_here,of_Origin_USA,10.993664362383136,10.518039,59494.999999999985,36975.53,22519.468749999985,22519.468749999985,37.85
1523,21450.0,75800.0,Toyota,Corolla,Sedan,2021.0,4,Sedan,of_Origin_Japan,9.973526543316103,10.051025,21450.000000000007,23178.543,-1728.5429687499927,1728.5429687499927,-8.06
17538,14198.0,87897.0,MINI,Countryman,,2015.0,4,SUV,of_Origin_UK,9.560926818574357,9.547134,14197.99999999999,14003.506,194.4941406249909,194.4941406249909,1.37
20362,31889.0,40117.0,Nissan,Rogue,,2024.0,4,SUV,of_Origin_Japan,10.370047760004104,10.408393,31889.00000000001,33135.574,-1246.574218749989,1246.574218749989,-3.91
25826,22900.0,87175.0,Porsche,Cayenne,,2013.0,6,SUV,baseline_value_here,10.038935856711177,10.09941,22900.0,24327.652,-1427.65234375,1427.65234375,-6.23
7150,29888.0,102336.0,Cadillac,XT5,,2020.0,4,SUV,of_Origin_USA,10.305245798712965,10.0001135,29887.99999999998,22027.965,7860.035156249982,7860.035156249982,26.3
26461,83888.0,73000.0,BMW,X7,,2024.0,6,SUV,baseline_value_here,11.337249775397376,10.971805,83888.0,58208.543,25679.45703125,25679.45703125,30.61
35371,40388.0,110796.0,Lexus,NX,,2022.0,4,SUV,of_Origin_Japan,10.606312749647344,10.407494,40387.999999999985,33105.79,7282.210937499985,7282.210937499985,18.03
1565,47995.0,37559.0,GMC,Canyon,,2024.0,4,Pickup Truck,of_Origin_USA,10.77887295308428,10.660688,47995.00000000001,42644.984,5350.015625000007,5350.015625000007,11.15
37367,26358.0,26358.0,Land,Rover,Range Rover Evoque,2020.0,4,SUV,baseline_value_here,10.179565051629774,10.434687,26358.000000000015,34018.414,-7660.414062499985,7660.414062499985,-29.06
36874,58988.0,41085.0,Toyota,Tacoma,,2025.0,4,Pickup Truck,of_Origin_Japan,10.985106264827667,10.861135,58988.000000000044,52110.168,6877.832031250044,6877.832031250044,11.66
32288,70395.0,499.0,Ford,F-150,,2026.0,6,Pickup Truck,of_Origin_USA,11.161891722350102,11.307776,70395.00000000004,81451.59,-11056.593749999956,11056.593749999956,-15.71
7354,84888.0,26811.0,Cadillac,Escalade,ESV,2016.0,8,SUV,of_Origin_USA,11.349099799712105,10.839339,84888.00000000001,50986.676,33901.324218750015,33901.324218750015,39.94
22931,40400.0,35963.0,Toyota,RAV,4,2025.0,4,SUV,of_Origin_Japan,10.606609816118151,10.550992,40400.0,38214.33,2185.671875,2185.671875,5.41
7572,35534.0,10.0,Chevrolet,Bolt,,2027.0,Electric,Hatchback,of_Origin_USA,10.478273405260996,10.61878,35534.00000000002,40894.7,-5360.699218749978,5360.699218749978,-15.09
32924,28065.0,97421.0,Hyundai,IONIQ,Hybrid,2020.0,4,Hatchback,of_Origin_South Korea,10.24231415831108,9.702705,28064.999999999975,16360.8125,11704.187499999975,11704.187499999975,41.7
184,22900.0,48412.0,Mazda,Mazda3,Sport,2023.0,4,Sedan,of_Origin_Japan,10.038935856711177,10.204882,22900.0,27033.84,-4133.83984375,4133.83984375,-18.05
28725,36592.0,37670.0,Subaru,Forester,,2025.0,4,SUV,of_Origin_Japan,10.507612244266937,10.549618,36592.00000000003,38161.848,-1569.847656249971,1569.847656249971,-4.29
27816,10995.0,265786.0,Ford,Edge,,2018.0,4,SUV,of_Origin_USA,9.305286849285137,8.806796,10995.000000000007,6678.4844,4316.515625000007,4316.515625000007,39.26
33357,25888.0,24513.0,Ford,Bronco,Sport,2023.0,4,SUV,of_Origin_USA,10.161573447047902,10.396592,25887.999999999993,32746.836,-6858.835937500007,6858.835937500007,-26.49
26121,12888.0,108030.0,Subaru,XV,Crosstrek,2013.0,4,SUV,of_Origin_Japan,9.46412951340478,9.388028,12888.000000000004,11943.523,944.4765625000036,944.4765625000036,7.33
35674,22999.0,53450.0,Nissan,Rogue,,2023.0,4,SUV,of_Origin_Japan,10.043249494911286,10.375868,22998.999999999993,32075.145,-9076.144531250007,9076.144531250007,-39.46
9068,2998.0,291135.0,Dodge,Grand,Caravan,2013.0,6,Minivan,of_Origin_USA,8.00603417874901,8.126378,2998.0000000000023,3381.5261,-383.5261230468727,383.5261230468727,-12.79
34167,22753.0,98037.0,Honda,CR-V,,2019.0,4,SUV,of_Origin_Japan,10.032496233099662,10.038536,22753.00000000001,22890.846,-137.8457031249891,137.8457031249891,-0.61
8861,45998.0,63894.0,Dodge,Durango,,2023.0,6,SUV,of_Origin_USA,10.736374936104498,10.769756,45997.99999999998,47559.426,-1561.4257812500218,1561.4257812500218,-3.39
20811,64995.0,70290.0,Porsche,Macan,,2022.0,4,SUV,baseline_value_here,11.082081008522668,10.440195,64995.000000000044,34206.324,30788.675781250044,30788.675781250044,47.37
1609,15988.0,122528.0,Honda,Civic,Sedan,2018.0,4,Sedan,of_Origin_Japan,9.67965626478542,9.761391,15987.999999999993,17349.744,-1361.7441406250073,1361.7441406250073,-8.52
474,24567.0,58479.0,Volkswagen,Tiguan,,2022.0,4,SUV,baseline_value_here,10.109200062120658,10.507643,24567.0,36593.117,-12026.1171875,12026.1171875,-48.95
10293,28995.0,51180.0,GMC,Terrain,,2024.0,4,SUV,of_Origin_USA,10.274913168420769,10.359967,28995.000000000007,31569.146,-2574.1464843749927,2574.1464843749927,-8.88
2615,42998.0,6866.0,Honda,CR-V,Hybrid,2025.0,4,SUV,of_Origin_Japan,10.668932138591325,10.876366,42997.999999999985,52909.953,-9911.953125000015,9911.953125000015,-23.05
2304,13999.0,107000.0,Chevrolet,Malibu,Hybrid,2018.0,4,Sedan,of_Origin_USA,9.546812608597396,9.662072,13999.0,15709.306,-1710.3056640625,1710.3056640625,-12.22
1038,23792.0,85592.0,Buick,Envision,,2021.0,4,SUV,of_Origin_USA,10.077146698751429,10.072557,23791.999999999996,23683.059,108.94140624999636,108.94140624999636,0.46
8530,55999.0,9792.0,Chrysler,Pacifica,Hybrid,2024.0,6,Minivan,of_Origin_USA,10.933106969717286,10.944635,55999.00000000001,56648.33,-649.3281249999927,649.3281249999927,-1.16
1536,36216.0,65507.0,Toyota,RAV,4,2024.0,4,SUV,of_Origin_Japan,10.497283900839735,10.354742,36216.000000000015,31404.617,4811.382812500015,4811.382812500015,13.29
38068,59880.0,47330.0,Volvo,XC60,Recharge,2024.0,Electric,SUV,of_Origin_Sweden,11.00011453846092,11.038188,59879.99999999999,62203.832,-2323.8320312500073,2323.8320312500073,-3.88
8458,19260.0,178365.0,Chrysler,Pacifica,,2017.0,6,Minivan,of_Origin_USA,9.865837605084222,9.493449,19259.99999999999,13271.496,5988.503906249989,5988.503906249989,31.09
4122,36288.0,99035.0,Acura,RDX,,2023.0,4,SUV,of_Origin_Japan,10.499269944026953,10.254051,36288.00000000002,28396.354,7891.646484375022,7891.646484375022,21.75
16170,30900.0,77880.0,Lincoln,Nautilus,,2022.0,4,SUV,of_Origin_USA,10.33854382482173,10.211847,30899.999999999996,27222.812,3677.1874999999964,3677.1874999999964,11.9
12626,70432.0,1100.0,Infiniti,QX60,,2026.0,6,SUV,of_Origin_Japan,11.162417182317173,11.120977,70431.99999999999,67572.92,2859.0781249999854,2859.0781249999854,4.06
17363,13540.0,193868.0,MINI,Countryman,,2019.0,4,SUV,of_Origin_UK,9.513477398982824,9.6396,13539.999999999995,15360.195,-1820.1953125000055,1820.1953125000055,-13.44
12725,12990.0,104045.0,Infiniti,QX50,,2014.0,4,SUV,of_Origin_Japan,9.472012088995733,9.448849,12990.0,12692.543,297.45703125,297.45703125,2.29
9060,52999.0,1050.0,Dodge,Durango,,2026.0,6,SUV,of_Origin_USA,10.87804719253426,11.24088,52999.000000000015,76180.96,-23181.960937499985,23181.960937499985,-43.74
24947,23900.0,25579.0,Mazda,CX-30,,2022.0,4,SUV,of_Origin_Japan,10.081675578048475,10.356507,23899.999999999993,31460.105,-7560.105468750007,7560.105468750007,-31.63
4396,23993.0,128101.0,Audi,Q5,,2019.0,4,SUV,baseline_value_here,10.085559078074873,10.02322,23992.999999999985,22542.906,1450.0937499999854,1450.0937499999854,6.04
22871,42888.0,33560.0,Toyota,RAV,4 Hybrid,2024.0,4,SUV,of_Origin_Japan,10.666370661780968,10.685691,42888.00000000002,43724.68,-836.6796874999782,836.6796874999782,-1.95
8003,55495.0,46207.0,Chevrolet,Silverado,1500,2024.0,8,Pickup Truck,of_Origin_USA,10.924066225065138,10.8310175,55495.00000000004,50564.13,4930.871093750036,4930.871093750036,8.89
35410,60896.0,85228.0,BMW,8,Series,2019.0,baseline_value_here,baseline_value_here,baseline_value_here,11.016939191400878,10.456389,60896.00000000004,34764.8,26131.199218750036,26131.199218750036,42.91
1245,67999.0,52252.0,Ford,F-150,,2024.0,6,Pickup Truck,of_Origin_USA,11.127262984158243,10.92488,67998.99999999994,55540.18,12458.820312499942,12458.820312499942,18.32
22640,35490.0,96312.0,Tesla,Model,Y,2021.0,Electric,Sedan,of_Origin_USA,10.477034422194833,10.33826,35490.00000000001,30891.22,4598.779296875007,4598.779296875007,12.96
20411,38595.0,117430.0,Nissan,Titan,,2020.0,8,Pickup Truck,of_Origin_Japan,10.560903923140275,10.578242,38595.00000000002,39270.027,-675.0273437499782,675.0273437499782,-1.75
34062,38990.0,6039.0,Ford,Mustang,Fastback,2024.0,8,Coupe,of_Origin_USA,10.571086129249698,11.316656,38990.00000000001,82178.086,-43188.08593749999,43188.08593749999,-110.77
13533,37995.0,75886.0,Jeep,Grand,Cherokee,2020.0,6,SUV,of_Origin_USA,10.545236170010073,10.444679,37994.999999999985,34360.062,3634.9374999999854,3634.9374999999854,9.57
37667,25888.0,113245.0,Lexus,NX,,2019.0,4,SUV,of_Origin_Japan,10.161573447047902,9.981209,25887.999999999993,21615.426,4272.574218749993,4272.574218749993,16.5
32109,19995.0,146520.0,BMW,X3,,2019.0,4,SUV,baseline_value_here,9.903287532533462,9.908068,19995.00000000001,20090.812,-95.81249999998909,95.81249999998909,-0.48
21828,15990.0,158000.0,Subaru,Crosstrek,,2018.0,4,SUV,of_Origin_Japan,9.679781342959442,9.68901,15990.000000000005,16138.253,-148.25292968749454,148.25292968749454,-0.93
23837,38695.0,4757.0,Volkswagen,Taos,,2026.0,4,SUV,baseline_value_here,10.56349151450282,10.985996,38695.00000000003,59040.523,-20345.52343749997,20345.52343749997,-52.58
8299,26977.0,100000.0,Chrysler,Pacifica,,2023.0,6,Minivan,of_Origin_USA,10.202776998029625,10.340892,26977.000000000007,30972.64,-3995.6406249999927,3995.6406249999927,-14.81
23067,59700.0,15885.0,Toyota,RAV,4 Plug-In Hybrid,2025.0,4,SUV,of_Origin_Japan,10.997104049659168,10.815406,59700.00000000003,49780.855,9919.14453125003,9919.14453125003,16.61
18796,67380.0,90.0,Mercedes-Benz,EQB,,2025.0,Electric,SUV,baseline_value_here,11.118118358049584,11.3389635,67380.00000000003,84031.88,-16651.88281249997,16651.88281249997,-24.71
11079,19500.0,122599.0,Honda,Civic,Sedan,2021.0,4,Sedan,of_Origin_Japan,9.87822102528824,9.937963,19500.0,20700.523,-1200.5234375,1200.5234375,-6.16
37460,26999.0,20387.0,Kia,Seltos,,2023.0,4,SUV,of_Origin_South Korea,10.203592144986466,10.2895355,26998.999999999996,29422.105,-2423.1054687500036,2423.1054687500036,-8.97
22141,28974.0,95472.0,Subaru,Forester,,2023.0,4,SUV,of_Origin_Japan,10.274188668207952,10.261337,28973.999999999978,28604.014,369.9863281249782,369.9863281249782,1.28
18545,13995.0,152000.0,Mercedes-Benz,CLA,,2018.0,4,Sedan,baseline_value_here,9.54652685348758,9.680217,13995.00000000001,15996.965,-2001.964843749991,2001.964843749991,-14.3
8723,5990.0,178291.0,Dodge,Journey,,2012.0,4,SUV,of_Origin_USA,8.698013622083925,8.622288,5990.000000000002,5553.078,436.9218750000018,436.9218750000018,7.29
11017,21990.0,153830.0,Honda,CR-V,,2020.0,4,SUV,of_Origin_Japan,9.998388557730848,9.945832,21990.000000000015,20864.08,1125.9199218750146,1125.9199218750146,5.12
13626,5999.0,322000.0,Jeep,Wrangler,,2011.0,6,SUV,of_Origin_USA,8.699514748210191,8.19372,5998.999999999995,3617.1562,2381.8437499999955,2381.8437499999955,39.7
4506,27888.0,97000.0,Audi,Q7,,2018.0,6,SUV,baseline_value_here,10.23598762483351,10.33187,27888.00000000002,30694.46,-2806.460937499982,2806.460937499982,-10.06
19414,29198.0,21850.0,Mitsubishi,RVR,,2021.0,4,SUV,of_Origin_Japan,10.281889741094604,10.25306,29198.00000000002,28368.229,829.7714843750182,829.7714843750182,2.84
356,29989.0,15195.0,Audi,Q3,,2022.0,4,SUV,baseline_value_here,10.308619271743055,10.5542145,29989.000000000004,38337.676,-8348.675781249996,8348.675781249996,-27.84
34302,17900.0,140000.0,Honda,Accord,Sedan,2019.0,4,Sedan,of_Origin_Japan,9.792611856190192,9.76449,17900.0,17403.605,496.39453125,496.39453125,2.77
31332,37888.0,39157.0,Mitsubishi,Outlander,Plug-In Hybrid,2023.0,4,SUV,of_Origin_Japan,10.542416111476454,10.64183,37887.99999999999,41848.305,-3960.3046875000073,3960.3046875000073,-10.45
32448,20950.0,153324.0,Hyundai,Santa,Fe,2022.0,4,SUV,of_Origin_South Korea,9.949941656908011,9.860246,20949.999999999985,19152.596,1797.4042968749854,1797.4042968749854,8.58
35288,5200.0,186000.0,Volkswagen,Jetta,Sedan,2013.0,4,Sedan,baseline_value_here,8.556606193773073,9.004113,5200.000000000001,8135.482,-2935.481933593749,2935.481933593749,-56.45
14111,15622.0,184055.0,Kia,Seltos,,2021.0,4,SUV,of_Origin_South Korea,9.656499466411903,9.655401,15621.999999999998,15604.852,17.14843749999818,17.14843749999818,0.11
3055,30995.0,37422.0,Ford,Bronco,Sport,2023.0,4,SUV,of_Origin_USA,10.34161344288384,10.376303,30994.99999999999,32089.096,-1094.095703125011,1094.095703125011,-3.53
12136,19998.0,85000.0,Hyundai,Elantra,,2024.0,4,Sedan,of_Origin_South Korea,9.903437551286085,10.019805,19997.99999999998,22466.047,-2468.046875000018,2468.046875000018,-12.34
9415,66438.0,37552.0,Ford,F-150,,2024.0,6,Pickup Truck,of_Origin_USA,11.10403951243997,10.967218,66438.00000000001,57942.195,8495.804687500015,8495.804687500015,12.79
24586,63488.0,27490.0,Volvo,XC90,Recharge,2024.0,Electric,SUV,of_Origin_Sweden,11.058621941528564,11.076381,63488.000000000044,64625.56,-1137.5585937499563,1137.5585937499563,-1.79
24972,53860.0,82700.0,BMW,8,Series Gran Coupe,2021.0,baseline_value_here,baseline_value_here,baseline_value_here,10.89416193284752,10.5585985,53860.0,38506.125,15353.875,15353.875,28.51
23060,55595.0,17275.0,Toyota,Highlander,Hybrid,2024.0,4,SUV,of_Origin_Japan,10.92586653520465,10.696591,55595.00000000005,44203.92,11391.078125000051,11391.078125000051,20.49
24867,35988.0,25526.0,Volkswagen,Tiguan,,2024.0,4,SUV,baseline_value_here,10.49096861519108,10.646833,35987.999999999985,42058.2,-6070.199218750015,6070.199218750015,-16.87
1388,25985.0,124052.0,Toyota,RAV,4,2021.0,4,SUV,of_Origin_Japan,10.165313210442681,10.063168,25984.999999999993,23461.709,2523.2910156249927,2523.2910156249927,9.71
27063,24999.0,46442.0,Mazda,CX-30,,2020.0,4,SUV,of_Origin_Japan,10.126631103850338,10.222187,24999.0,27505.76,-2506.759765625,2506.759765625,-10.03
16391,37992.0,64775.0,Lincoln,Nautilus,,2023.0,4,SUV,of_Origin_USA,10.545157211213365,10.30148,37992.00000000002,29775.664,8216.335937500022,8216.335937500022,21.63
27676,46981.0,104941.0,Ford,F-150,,2022.0,6,Pickup Truck,of_Origin_USA,10.757519828613711,10.665005,46981.00000000004,42829.457,4151.542968750036,4151.542968750036,8.84
33619,40995.0,24768.0,Chevrolet,Colorado,,2025.0,4,Pickup Truck,of_Origin_USA,10.621229779951454,10.779398,40995.00000000002,48020.203,-7025.203124999978,7025.203124999978,-17.14
7153,46999.0,35190.0,Cadillac,XT5,,2024.0,4,SUV,of_Origin_USA,10.757902880692196,10.411319,46999.00000000002,33232.668,13766.332031250022,13766.332031250022,29.29
27949,17888.0,173210.0,Honda,Odyssey,,2015.0,6,Minivan,of_Origin_Japan,9.791941277791215,9.574542,17887.999999999996,14392.645,3495.3554687499964,3495.3554687499964,19.54
640,31697.0,81313.0,Honda,Passport,,2020.0,6,SUV,of_Origin_Japan,10.364008866392371,10.404151,31697.000000000015,32995.31,-1298.3085937499854,1298.3085937499854,-4.1
31069,7800.0,330000.0,Lincoln,Navigator,L,2009.0,6,SUV,of_Origin_USA,8.962007209588313,8.102375,7799.999999999997,3301.3018,4498.698242187497,4498.698242187497,57.68
8638,28995.0,122000.0,Chrysler,Pacifica,,2022.0,6,Minivan,of_Origin_USA,10.274913168420769,10.243052,28995.000000000007,28085.703,909.2968750000073,909.2968750000073,3.14
11208,47999.0,23235.0,Honda,Odyssey,,2024.0,6,Minivan,of_Origin_Japan,10.778956289890028,10.793072,47998.99999999998,48681.348,-682.3476562500218,682.3476562500218,-1.42
21121,40949.0,64277.0,RAM,1500,Classic,2023.0,baseline_value_here,baseline_value_here,of_Origin_USA,10.620107089281216,10.689121,40949.00000000003,43874.934,-2925.933593749971,2925.933593749971,-7.15
19362,20888.0,121503.0,Mitsubishi,Eclipse,Cross,2022.0,4,Coupe,of_Origin_Japan,9.946977983610656,9.981912,20888.0,21630.625,-742.625,742.625,-3.56
15560,56688.0,15516.0,Lexus,NX,,2025.0,4,SUV,of_Origin_Japan,10.945335467367387,10.815406,56687.99999999997,49780.855,6907.144531249971,6907.144531249971,12.18
17582,11900.0,131584.0,MINI,3,Door,2016.0,baseline_value_here,baseline_value_here,of_Origin_UK,9.38437770918244,9.279562,11899.999999999998,10715.737,1184.2626953124982,1184.2626953124982,9.95
16869,64687.0,90.0,MINI,Countryman,,2027.0,4,SUV,of_Origin_UK,11.077330991880553,11.010478,64687.00000000004,60503.8,4183.199218750036,4183.199218750036,6.47
20265,16195.0,81647.0,Nissan,Kicks,,2020.0,4,SUV,of_Origin_Japan,9.692519577152051,10.132111,16194.999999999995,25136.363,-8941.363281250005,8941.363281250005,-55.21
14785,39985.0,118712.0,Land,Rover,Range Rover Sport,2019.0,4,SUV,baseline_value_here,10.596284671831778,10.07046,39985.00000000002,23633.441,16351.558593750022,16351.558593750022,40.89
15510,57565.0,3500.0,Lexus,IS,,2025.0,4,Sedan,of_Origin_Japan,10.96068739462369,10.432789,57564.99999999998,33953.914,23611.085937499978,23611.085937499978,41.02
23745,11500.0,119900.0,Volkswagen,Jetta,Sedan,2016.0,4,Sedan,baseline_value_here,9.350189267092581,9.627092,11499.999999999998,15169.263,-3669.262695312502,3669.262695312502,-31.91
21120,20985.0,180215.0,RAM,1500,,2018.0,baseline_value_here,baseline_value_here,of_Origin_USA,9.951610827717856,9.7604,20984.999999999985,17332.56,3652.4394531249854,3652.4394531249854,17.41
13124,63510.0,17.0,Infiniti,QX50,,2025.0,4,SUV,of_Origin_Japan,11.058968398224943,10.82533,63510.000000000044,50277.348,13232.652343750044,13232.652343750044,20.84
13299,9990.0,203755.0,Jeep,Cherokee,,2019.0,4,SUV,of_Origin_USA,9.209439966733019,9.412155,9990.0,12235.214,-2245.2138671875,2245.2138671875,-22.47
25587,45880.0,44055.0,Volvo,XC60,Recharge,2022.0,4,SUV,of_Origin_Sweden,10.733806366995315,10.784001,45879.999999999985,48241.773,-2361.7734375000146,2361.7734375000146,-5.15
13901,29995.0,14142.0,Kia,Seltos,,2025.0,4,SUV,of_Origin_South Korea,10.30881931842128,10.543275,29995.000000000007,37920.55,-7925.550781249993,7925.550781249993,-26.42
28666,26492.0,113701.0,Lexus,NX,,2019.0,4,SUV,of_Origin_Japan,10.184635826136912,9.967636,26492.0,21324.016,5167.984375,5167.984375,19.51
3009,88800.0,28908.0,Porsche,Cayenne,,2023.0,6,SUV,baseline_value_here,11.394153190178114,11.087692,88799.99999999993,65360.734,23439.265624999927,23439.265624999927,26.4
32972,29995.0,86771.0,Volkswagen,Tiguan,,2022.0,4,SUV,baseline_value_here,10.30881931842128,10.368415,29995.000000000007,31836.97,-1841.9707031249927,1841.9707031249927,-6.14
2412,51749.0,27749.0,Chevrolet,Silverado,1500,2024.0,8,Pickup Truck,of_Origin_USA,10.854179711127616,10.9589405,51749.00000000001,57464.527,-5715.527343749993,5715.527343749993,-11.04
28013,4500.0,235700.0,BMW,5,Series,2015.0,baseline_value_here,baseline_value_here,baseline_value_here,8.412054873292933,9.335136,4499.999999999999,11328.174,-6828.173828125001,6828.173828125001,-151.74
2836,23999.0,53218.0,Nissan,Altima,,2023.0,4,Sedan,of_Origin_Japan,10.085809109330082,10.214524,23998.999999999985,27295.787,-3296.7871093750146,3296.7871093750146,-13.74
5695,32389.0,80057.0,BMW,X3,,2022.0,4,SUV,baseline_value_here,10.385605012165374,10.393827,32388.99999999998,32656.422,-267.4218750000182,267.4218750000182,-0.83
20307,26889.0,21000.0,Nissan,Leaf,,2024.0,Electric,Hatchback,of_Origin_Japan,10.19950974926291,10.382976,26889.0,32303.945,-5414.9453125,5414.9453125,-20.14
14807,22490.0,108638.0,Land,Rover,Range Rover Evoque,2020.0,4,SUV,baseline_value_here,10.020870508171171,10.18338,22489.99999999999,26458.754,-3968.753906250011,3968.753906250011,-17.65
7922,22999.0,59866.0,Chevrolet,Malibu,,2024.0,4,Sedan,of_Origin_USA,10.043249494911286,10.148012,22998.999999999993,25539.281,-2540.2812500000073,2540.2812500000073,-11.05
10912,44988.0,9477.0,Genesis,G70,,2024.0,4,Sedan,of_Origin_South Korea,10.7141732944266,10.285275,44987.99999999999,29297.027,15690.972656249993,15690.972656249993,34.88
30959,36999.0,76405.0,RAM,1500,Classic,2023.0,baseline_value_here,baseline_value_here,of_Origin_USA,10.51867319162636,10.625775,36998.99999999997,41181.773,-4182.773437500029,4182.773437500029,-11.31
31809,48000.0,29688.0,Lexus,NX,,2024.0,4,SUV,of_Origin_Japan,10.778977123006351,10.436133,48000.00000000004,34067.668,13932.332031250036,13932.332031250036,29.03
29914,27995.0,71879.0,GMC,Terrain,,2024.0,4,SUV,of_Origin_USA,10.23981692180943,10.297178,27994.99999999999,29647.84,-1652.839843750011,1652.839843750011,-5.9
13965,50900.0,9499.0,Kia,Sorento,,2025.0,4,SUV,of_Origin_South Korea,10.837637848711049,10.625458,50899.999999999985,41168.7,9731.300781249985,9731.300781249985,19.12
27247,11995.0,189079.0,Mazda,Mazda3,,2018.0,4,Sedan,of_Origin_Japan,9.392328539868899,9.425104,11994.99999999999,12394.69,-399.6904296875091,399.6904296875091,-3.33
24964,29500.0,39242.0,Mazda,CX-5,,2022.0,4,SUV,of_Origin_Japan,10.292179440058462,10.328452,29500.000000000007,30589.725,-1089.7246093749927,1089.7246093749927,-3.69
29704,15995.0,159000.0,Ford,Edge,,2020.0,4,SUV,of_Origin_USA,9.680093969966709,9.806876,15995.0,18157.176,-2162.17578125,2162.17578125,-13.52
1521,37694.0,66358.0,Jeep,Grand,Cherokee,2021.0,6,SUV,of_Origin_USA,10.537282738645802,10.575648,37693.99999999998,39168.29,-1474.2890625000218,1474.2890625000218,-3.91
32,21742.0,95825.0,Land,Rover,Range Rover Evoque,2019.0,4,SUV,baseline_value_here,9.987047145635058,10.15845,21741.99999999999,25807.266,-4065.265625000011,4065.265625000011,-18.7
31753,22899.0,153343.0,Volkswagen,Tiguan,,2021.0,4,SUV,baseline_value_here,10.03889218954233,10.06099,22898.999999999996,23410.68,-511.67968750000364,511.67968750000364,-2.23
15425,89900.0,16590.0,Lexus,GX,,2024.0,6,SUV,of_Origin_Japan,11.40646434386837,10.945446,89900.00000000007,56694.266,33205.73437500007,33205.73437500007,36.94
21839,22888.0,97316.0,Subaru,Forester,,2020.0,4,SUV,of_Origin_Japan,10.038411724792649,10.1173315,22888.000000000015,24767.588,-1879.5878906249854,1879.5878906249854,-8.21
4185,44600.0,42995.0,Acura,Integra,,2024.0,4,Hatchback,of_Origin_Japan,10.70551155928146,10.355117,44599.99999999997,31416.39,13183.60937499997,13183.60937499997,29.56
37617,42825.0,88.0,Chevrolet,Equinox,,2027.0,4,SUV,of_Origin_USA,10.664900673766162,10.80287,42825.00000000001,49160.684,-6335.683593749993,6335.683593749993,-14.79
37682,3500.0,196859.0,Mazda,Mazda5,,2015.0,4,Minivan,of_Origin_Japan,8.160803920954665,9.354126,3499.9999999999977,11545.365,-8045.365234375002,8045.365234375002,-229.87
24706,31948.0,86689.0,Volvo,XC60,,2021.0,4,SUV,of_Origin_Sweden,10.371896160411321,10.51895,31947.999999999985,37009.26,-5061.261718750015,5061.261718750015,-15.84
24582,26999.0,104325.0,Volvo,XC60,,2020.0,4,SUV,of_Origin_Sweden,10.203592144986466,10.279712,26998.999999999996,29134.473,-2135.4726562500036,2135.4726562500036,-7.91
9589,22888.0,88640.0,Ford,Bronco,Sport,2021.0,4,SUV,of_Origin_USA,10.038411724792649,10.065626,22888.000000000015,23519.465,-631.4648437499854,631.4648437499854,-2.76
25968,23488.0,74311.0,Honda,CR-V,,2021.0,4,SUV,of_Origin_Japan,10.064287505439836,10.162522,23488.00000000001,25912.576,-2424.576171874989,2424.576171874989,-10.32
20745,78990.0,12858.0,Porsche,Macan,,2025.0,4,SUV,baseline_value_here,11.277089200908689,10.886016,78990.00000000007,53423.027,25566.972656250073,25566.972656250073,32.37
29179,39495.0,103220.0,Ford,F-150,,2020.0,6,Pickup Truck,of_Origin_USA,10.5839546799387,10.445979,39495.00000000002,34404.754,5090.246093750022,5090.246093750022,12.89
34595,23950.0,91020.0,Audi,A5,Coupe,2019.0,6,Coupe,baseline_value_here,10.083765355620846,10.47132,23949.999999999993,35287.773,-11337.773437500007,11337.773437500007,-47.34
25303,29888.0,46000.0,Ford,Mustang,Mach-E,2022.0,Electric,SUV,of_Origin_USA,10.305245798712965,10.622716,29887.99999999998,41055.973,-11167.972656250018,11167.972656250018,-37.37
31669,51640.0,300.0,Honda,CR-V,Hybrid,2026.0,4,SUV,of_Origin_Japan,10.852071209606546,10.91445,51640.00000000004,54963.88,-3323.8789062499636,3323.8789062499636,-6.44
17343,48998.0,14253.0,MINI,Countryman,,2025.0,4,SUV,of_Origin_UK,10.799555168721248,10.765636,48997.99999999997,47363.887,1634.113281249971,1634.113281249971,3.34
10113,75995.0,78056.0,GMC,Yukon,XL,2023.0,8,SUV,of_Origin_USA,11.238435986304431,11.192394,75995.00000000003,72575.34,3419.656250000029,3419.656250000029,4.5
37431,19980.0,63900.0,Ford,Explorer,,2018.0,6,SUV,of_Origin_USA,9.902537101000133,10.315945,19980.000000000015,30209.496,-10229.496093749985,10229.496093749985,-51.2
38546,31990.0,169800.0,Toyota,Tacoma,,2021.0,4,Pickup Truck,of_Origin_Japan,10.373209892223665,10.459804,31989.999999999996,34883.7,-2893.6992187500036,2893.6992187500036,-9.05
2256,12995.0,118636.0,Honda,Civic,Coupe,2016.0,4,Sedan,of_Origin_Japan,9.472396896788991,9.564164,12995.000000000005,14244.042,-1249.0419921874945,1249.0419921874945,-9.61
11076,15498.0,88827.0,Honda,Civic,Coupe,2015.0,4,Sedan,of_Origin_Japan,9.648530784697051,9.514019,15498.00000000001,13547.336,1950.664062500009,1950.664062500009,12.59
25778,16880.0,130829.0,Toyota,C-HR,,2021.0,4,SUV,of_Origin_Japan,9.733944008101389,10.032238,16880.000000000007,22747.125,-5867.124999999993,5867.124999999993,-34.76
30057,10499.0,242425.0,Chevrolet,Camaro,,2015.0,6,Coupe,of_Origin_USA,9.259130536145614,9.236433,10498.999999999993,10263.36,235.63964843749272,235.63964843749272,2.24
27972,11888.0,120766.0,Honda,CR-V,,2014.0,4,SUV,of_Origin_Japan,9.383368881858544,9.392047,11887.999999999996,11991.622,-103.62207031250364,103.62207031250364,-0.87
967,39700.0,32024.0,Honda,CR-V,Hybrid,2024.0,4,SUV,of_Origin_Japan,10.589131655274922,10.685456,39699.99999999998,43714.426,-4014.425781250022,4014.425781250022,-10.11
992,22988.0,46671.0,Infiniti,QX50,,2021.0,4,SUV,of_Origin_Japan,10.042771119638514,10.249615,22988.000000000007,28270.646,-5282.646484374993,5282.646484374993,-22.98
31355,32995.0,61307.0,Acura,RDX,,2020.0,4,SUV,of_Origin_Japan,10.404141620980623,10.212063,32995.00000000001,27228.68,5766.320312500007,5766.320312500007,17.48
32186,17888.0,122000.0,Acura,MDX,,2016.0,6,SUV,of_Origin_Japan,9.791941277791215,9.812178,17887.999999999996,18253.697,-365.69726562500364,365.69726562500364,-2.04
283,31999.0,88148.0,Hyundai,Palisade,,2021.0,6,SUV,of_Origin_South Korea,10.373491181781864,10.318752,31999.000000000007,30294.434,1704.5664062500073,1704.5664062500073,5.33
2594,15495.0,144053.0,Volkswagen,Tiguan,,2019.0,4,SUV,baseline_value_here,9.648337205086833,9.917533,15495.000000000011,20281.889,-4786.888671874989,4786.888671874989,-30.89
35854,41988.0,43027.0,Honda,CR-V,Hybrid,2024.0,4,SUV,of_Origin_Japan,10.645162958200558,10.6744995,41987.99999999996,43238.06,-1250.0585937500364,1250.0585937500364,-2.98
25500,63899.0,13000.0,BMW,4,Series,2025.0,baseline_value_here,baseline_value_here,baseline_value_here,11.065074640365626,11.185017,63899.000000000015,72041.87,-8142.867187499985,8142.867187499985,-12.74
31953,37370.0,300.0,Honda,Civic,Sedan,2026.0,4,Sedan,of_Origin_Japan,10.528650281554203,10.659741,37370.00000000002,42604.617,-5234.617187499978,5234.617187499978,-14.01
5972,55699.0,360.0,Buick,Envision,,2025.0,4,SUV,of_Origin_USA,10.927735425915376,10.800053,55699.00000000004,49022.383,6676.617187500036,6676.617187500036,11.99
32533,25409.0,65125.0,Ford,Escape,PHEV,2022.0,4,SUV,of_Origin_USA,10.142898076314209,10.367037,25408.999999999978,31793.125,-6384.125000000022,6384.125000000022,-25.13
20934,29995.0,65272.0,RAM,1500,Classic,2021.0,baseline_value_here,baseline_value_here,of_Origin_USA,10.30881931842128,10.5287485,29995.000000000007,37373.67,-7378.671874999993,7378.671874999993,-24.6
30768,28900.0,87800.0,BMW,5,Series,2019.0,baseline_value_here,baseline_value_here,baseline_value_here,10.27163147557801,10.440324,28900.0,34210.73,-5310.73046875,5310.73046875,-18.38
15311,55688.0,34721.0,Lexus,RX,,2024.0,4,SUV,of_Origin_Japan,10.927537919877333,10.431767,55687.999999999985,33919.25,21768.749999999985,21768.749999999985,39.09
31772,41995.0,36214.0,Honda,CR-V,Hybrid,2024.0,4,SUV,of_Origin_Japan,10.645329654634832,10.683992,41995.0,43650.477,-1655.4765625,1655.4765625,-3.94
33167,35995.0,132949.0,Dodge,Challenger,,2019.0,6,Coupe,of_Origin_USA,10.49116310015384,10.092181,35995.0,24152.418,11842.58203125,11842.58203125,32.9
29121,41800.0,107068.0,Ford,F-150,,2023.0,6,Pickup Truck,of_Origin_USA,10.640675541671662,10.683928,41799.99999999997,43647.645,-1847.644531250029,1847.644531250029,-4.42
18549,74995.0,34756.0,Mercedes-Benz,EQS,,2023.0,Electric,SUV,baseline_value_here,11.225190057762841,10.969931,74994.99999999999,58099.562,16895.437499999985,16895.437499999985,22.53
15736,63185.0,6200.0,Lexus,RX,,2025.0,4,SUV,of_Origin_Japan,11.053838036608653,10.687291,63185.000000000044,43794.71,19390.289062500044,19390.289062500044,30.69
36457,53414.0,10.0,GMC,Terrain,,2027.0,4,SUV,of_Origin_USA,10.885846884379987,10.790572,53413.999999999956,48559.812,4854.187499999956,4854.187499999956,9.09
35492,43388.0,62117.0,Tesla,Model,3,2024.0,Electric,Sedan,of_Origin_USA,10.677961231741842,10.734471,43387.99999999999,45910.52,-2522.5195312500073,2522.5195312500073,-5.81
25506,45495.0,76018.0,BMW,5,Series,2023.0,baseline_value_here,baseline_value_here,baseline_value_here,10.725379688986635,10.882057,45494.99999999998,53211.957,-7716.957031250022,7716.957031250022,-16.96
296,30995.0,79553.0,Honda,CR-V,,2022.0,4,SUV,of_Origin_Japan,10.34161344288384,10.254902,30994.99999999999,28420.52,2574.480468749989,2574.480468749989,8.31
8306,61998.0,10000.0,Chrysler,Pacifica,Hybrid,2024.0,6,Minivan,of_Origin_USA,11.034873534864897,10.94608,61998.000000000015,56730.234,5267.765625000015,5267.765625000015,8.5
13848,16999.0,92294.0,Kia,Forte,,2022.0,4,Sedan,of_Origin_South Korea,9.740968623038354,9.931621,16999.00000000001,20569.65,-3570.650390624989,3570.650390624989,-21.01
23505,8990.0,178521.0,Volkswagen,Golf,Standard Model,2015.0,4,Hatchback,baseline_value_here,9.103979355984773,9.26188,8990.000000000002,10527.908,-1537.9082031249982,1537.9082031249982,-17.11
17159,61470.0,90.0,MINI,Countryman,,2027.0,4,SUV,of_Origin_UK,11.02632079786699,11.010478,61470.0,60503.8,966.19921875,966.19921875,1.57
24805,27895.0,138341.0,Volvo,XC60,,2020.0,4,SUV,of_Origin_Sweden,10.236238588355487,10.14945,27895.000000000004,25576.04,2318.9609375000036,2318.9609375000036,8.31
15537,40490.0,34839.0,Lexus,UX,,2025.0,4,SUV,of_Origin_Japan,10.608835006177392,10.780117,40490.000000000015,48054.75,-7564.749999999985,7564.749999999985,-18.68
11858,19999.0,110016.0,Hyundai,Elantra,,2023.0,4,Sedan,of_Origin_South Korea,9.903487552536127,9.904395,19998.99999999998,20017.16,-18.16015625001819,18.16015625001819,-0.09
36538,70888.0,5987.0,Lexus,RX,,2025.0,4,SUV,of_Origin_Japan,11.168870552387599,10.920473,70888.00000000004,55295.953,15592.046875000044,15592.046875000044,22.0
5688,22550.0,141411.0,BMW,3,Series,2020.0,baseline_value_here,baseline_value_here,baseline_value_here,10.023534689845578,10.312398,22549.99999999998,30102.537,-7552.537109375018,7552.537109375018,-33.49
1337,31999.0,113846.0,Toyota,RAV,4 Hybrid,2023.0,4,SUV,of_Origin_Japan,10.373491181781864,10.457859,31999.000000000007,34815.93,-2816.9296874999927,2816.9296874999927,-8.8
26208,19191.0,214222.0,Mazda,CX-5,,2021.0,4,SUV,of_Origin_Japan,9.862248804519531,9.771243,19191.00000000001,17521.535,1669.464843750011,1669.464843750011,8.7
38588,41645.0,88.0,Chevrolet,Bolt,EV,2027.0,Electric,Hatchback,of_Origin_USA,10.636960604567639,10.6585245,41645.00000000001,42552.805,-907.8046874999927,907.8046874999927,-2.18
8947,34461.0,97430.0,Dodge,Charger,,2023.0,6,Sedan,of_Origin_USA,10.447612546703045,10.534211,34461.00000000001,37578.395,-3117.3945312499927,3117.3945312499927,-9.05
33455,91165.0,499.0,Ford,F-150,,2026.0,6,Pickup Truck,of_Origin_USA,11.420437299535067,11.394631,91165.00000000003,88842.48,2322.523437500029,2322.523437500029,2.55
16395,24992.0,143201.0,Lincoln,Corsair,,2021.0,4,SUV,of_Origin_USA,10.12635106464302,9.920653,24992.000000000015,20345.28,4646.720703125015,4646.720703125015,18.59
4648,35995.0,39084.0,Audi,Q3,,2023.0,4,SUV,baseline_value_here,10.49116310015384,10.561338,35995.0,38611.773,-2616.7734375,2616.7734375,-7.27
34277,41910.0,45312.0,Jeep,Wrangler,,2023.0,6,SUV,of_Origin_USA,10.643303601288238,10.801245,41910.0,49080.855,-7170.85546875,7170.85546875,-17.11
7818,15995.0,179751.0,Chevrolet,Equinox,,2022.0,4,SUV,of_Origin_USA,9.680093969966709,9.905731,15995.0,20043.924,-4048.923828125,4048.923828125,-25.31
4502,20999.0,163688.0,Audi,Q7,,2018.0,6,SUV,baseline_value_here,9.95227771670556,9.978172,20998.999999999985,21549.889,-550.8886718750146,550.8886718750146,-2.62
22800,35588.0,62185.0,Toyota,RAV,4 Hybrid,2021.0,4,SUV,of_Origin_Japan,10.479791880329213,10.481959,35587.99999999999,35665.223,-77.22265625000728,77.22265625000728,-0.22
4350,34898.0,40287.0,Audi,A5,Coupe,2022.0,6,Hatchback,baseline_value_here,10.460213454484876,10.786236,34897.99999999999,48349.69,-13451.691406250007,13451.691406250007,-38.55
27935,11888.0,102600.0,Cadillac,ATS,Sedan,2015.0,6,Coupe,of_Origin_USA,9.383368881858544,9.748712,11887.999999999996,17131.14,-5243.140625000004,5243.140625000004,-44.1
28048,14000.0,70617.0,Toyota,Prius,c,2014.0,4,Hatchback,of_Origin_Japan,9.546884034617925,9.67087,13999.999999999995,15848.129,-1848.1289062500055,1848.1289062500055,-13.2
36546,56998.0,48657.0,Mercedes-Benz,CLA,,2023.0,4,Sedan,baseline_value_here,10.950789002803143,10.3792,56998.00000000001,32182.203,24815.796875000007,24815.796875000007,43.54
36615,15995.0,134436.0,Subaru,Crosstrek,,2017.0,4,SUV,of_Origin_Japan,9.680093969966709,9.764752,15995.0,17408.17,-1413.169921875,1413.169921875,-8.84
28514,39888.0,18649.0,Lexus,RX,,2018.0,4,SUV,of_Origin_Japan,10.593855875645637,9.97448,39888.0,21470.455,18417.544921875,18417.544921875,46.17
22605,20900.0,150123.0,Tesla,Model,S,2014.0,Electric,Sedan,of_Origin_USA,9.94755228369823,9.711665,20900.000000000015,16508.068,4391.931640625015,4391.931640625015,21.01
17743,32998.0,57813.0,Mazda,CX-5,,2024.0,4,SUV,of_Origin_Japan,10.404232536959167,10.331761,32997.99999999997,30691.125,2306.874999999971,2306.874999999971,6.99
18877,61545.0,90.0,Mercedes-Benz,GLB,,2025.0,4,SUV,baseline_value_here,11.027540141686016,11.075891,61545.00000000004,64593.887,-3048.8867187499636,3048.8867187499636,-4.95
21988,14490.0,195146.0,Subaru,WRX,,2018.0,4,Sedan,of_Origin_Japan,9.581283046045924,9.382979,14489.99999999999,11883.37,2606.629882812491,2606.629882812491,17.99
27042,31389.0,62492.0,Kia,Sorento,,2024.0,4,SUV,of_Origin_South Korea,10.354244649836,10.273495,31389.000000000015,28953.9,2435.0996093750146,2435.0996093750146,7.76
15515,60900.0,4507.0,Lexus,NX,,2026.0,4,SUV,of_Origin_Japan,11.017004873924424,10.745803,60900.000000000044,46433.727,14466.273437500044,14466.273437500044,23.75
18562,36898.0,35412.0,Mercedes-Benz,A-Class,Hatchback,2022.0,4,Sedan,baseline_value_here,10.515939729390396,10.384927,36897.999999999985,32367.04,4530.960937499985,4530.960937499985,12.28
15516,58991.0,706.0,Lexus,NX,,2026.0,4,SUV,of_Origin_Japan,10.985157120473925,10.977637,58990.99999999996,58549.055,441.9453124999636,441.9453124999636,0.75
3888,45490.0,20268.0,Acura,RDX,,2023.0,4,SUV,of_Origin_Japan,10.725269783175804,10.385638,45489.99999999997,32390.076,13099.92382812497,13099.92382812497,28.8
31557,34999.0,110928.0,Chevrolet,Silverado,1500 LTD,2022.0,8,Pickup Truck,of_Origin_USA,10.46310334047155,10.697719,34998.99999999997,44253.777,-9254.77734375003,9254.77734375003,-26.44
38437,43986.0,40350.0,BMW,3,Series,2023.0,baseline_value_here,baseline_value_here,baseline_value_here,10.69164941469965,10.902338,43986.00000000001,54302.18,-10316.179687499993,10316.179687499993,-23.45
22469,59950.0,91662.0,Tesla,Model,S,2021.0,Electric,Sedan,of_Origin_USA,11.00128284088368,10.346092,59950.000000000015,31134.135,28815.865234375015,28815.865234375015,48.07
27940,12888.0,187459.0,Mercedes-Benz,E-Class,,2014.0,6,Sedan,baseline_value_here,9.46412951340478,9.552289,12888.000000000004,14075.88,-1187.8798828124964,1187.8798828124964,-9.22
13571,44466.0,68357.0,Jeep,Grand,Cherokee,2023.0,6,SUV,of_Origin_USA,10.702502620019327,10.763434,44465.99999999997,47259.703,-2793.703125000029,2793.703125000029,-6.28
35530,27999.0,19786.0,Volkswagen,Jetta,,2025.0,4,Sedan,baseline_value_here,10.239959789157341,10.520888,27999.000000000004,37081.05,-9082.050781249996,9082.050781249996,-32.44
23649,46495.0,5705.0,Volkswagen,Tiguan,,2025.0,4,SUV,baseline_value_here,10.747121566370009,10.9094925,46494.99999999996,54692.082,-8197.082031250036,8197.082031250036,-17.63
32258,39772.0,11.0,Honda,HR-V,,2027.0,4,SUV,of_Origin_Japan,10.590943569100782,10.583055,39771.99999999996,39459.465,312.5351562499636,312.5351562499636,0.79
10275,48989.0,46287.0,GMC,Canyon,,2024.0,4,Pickup Truck,of_Origin_USA,10.79937147463262,10.615819,48988.999999999985,40773.777,8215.222656249985,8215.222656249985,16.77
28453,21495.0,114482.0,Honda,CR-V,,2019.0,4,SUV,of_Origin_Japan,9.975622150295328,9.975338,21495.00000000001,21488.893,6.107421875010914,6.107421875010914,0.03
15668,55490.0,46502.0,Lexus,RX,,2024.0,4,SUV,of_Origin_Japan,10.923976124422659,10.396215,55489.99999999999,32734.502,22755.498046874993,22755.498046874993,41.01
14161,35450.0,2345.0,Kia,Seltos,,2025.0,4,SUV,of_Origin_South Korea,10.475906740307126,10.580226,35450.00000000003,39348.004,-3898.003906249971,3898.003906249971,-11.0
31923,33500.0,102700.0,Honda,Odyssey,,2019.0,6,Minivan,of_Origin_Japan,10.419330568113901,10.2883,33499.99999999998,29385.762,4114.238281249978,4114.238281249978,12.28
31951,39415.0,300.0,Honda,CR-V,,2026.0,4,SUV,of_Origin_Japan,10.5819271042238,10.760974,39415.00000000003,47143.562,-7728.562499999971,7728.562499999971,-19.61
10781,41998.0,71204.0,Genesis,GV70,,2024.0,6,SUV,of_Origin_South Korea,10.645401087458245,10.731473,41998.00000000001,45773.066,-3775.0664062499927,3775.0664062499927,-8.99
11273,35390.0,22078.0,Honda,CR-V,,2025.0,4,SUV,of_Origin_Japan,10.474212829509952,10.603853,35389.99999999999,40288.785,-4898.785156250007,4898.785156250007,-13.84
33055,23900.0,30200.0,Hyundai,Elantra,,2025.0,4,Sedan,of_Origin_South Korea,10.081675578048475,10.271418,23899.999999999993,28893.82,-4993.820312500007,4993.820312500007,-20.89
22881,36695.0,53558.0,Toyota,RAV,4,2024.0,4,SUV,of_Origin_Japan,10.510423036277007,10.401199,36694.999999999985,32898.06,3796.9414062499854,3796.9414062499854,10.35
5741,54654.0,839.0,BMW,2,Series Gran Coupe,2026.0,baseline_value_here,baseline_value_here,baseline_value_here,10.908795980727936,11.299457,54653.99999999999,80776.734,-26122.734375000007,26122.734375000007,-47.8
19577,34995.0,11202.0,Mitsubishi,Eclipse,Cross,2025.0,4,Coupe,of_Origin_Japan,10.462989048226156,10.40056,34995.00000000002,32877.043,2117.957031250022,2117.957031250022,6.05
37077,24995.0,133976.0,Honda,CR-V,,2022.0,4,SUV,of_Origin_Japan,10.126471091048971,10.092809,24994.999999999978,24167.58,827.4199218749782,827.4199218749782,3.31
17518,34998.0,12583.0,MINI,3,Door,2024.0,baseline_value_here,baseline_value_here,of_Origin_UK,10.463074768634808,10.586982,34997.99999999999,39614.74,-4616.738281250007,4616.738281250007,-13.19
34942,18999.0,112636.0,BMW,X1,,2018.0,4,SUV,baseline_value_here,9.852194258148577,9.939118,18998.999999999993,20724.465,-1725.4648437500073,1725.4648437500073,-9.08
28466,28995.0,69891.0,Ford,Escape,,2024.0,4,SUV,of_Origin_USA,10.274913168420769,10.315362,28995.000000000007,30191.896,-1196.8964843749927,1196.8964843749927,-4.13
37023,20995.0,96323.0,Nissan,Rogue,,2021.0,4,SUV,of_Origin_Japan,9.95208722237219,10.150958,20995.000000000004,25614.63,-4619.630859374996,4619.630859374996,-22.0
10225,23313.0,93956.0,GMC,Terrain,,2023.0,4,SUV,of_Origin_USA,10.056809317479777,10.225363,23312.999999999985,27593.252,-4280.251953125015,4280.251953125015,-18.36
12156,15088.0,115300.0,Hyundai,Santa,Fe Sport,2018.0,4,SUV,of_Origin_South Korea,9.62172128051365,9.640301,15087.999999999987,15370.966,-282.96582031251273,282.96582031251273,-1.88
38056,14495.0,96966.0,Ford,Escape,,2019.0,4,SUV,of_Origin_USA,9.581628028282761,9.942371,14495.000000000011,20791.994,-6296.994140624989,6296.994140624989,-43.44
14762,62400.0,82867.0,Land,Rover,Range Rover,2022.0,6,SUV,baseline_value_here,11.041336579870135,10.896997,62399.999999999985,54012.94,8387.058593749985,8387.058593749985,13.44
20240,46980.0,11339.0,Nissan,Murano,,2025.0,6,SUV,of_Origin_Japan,10.757498543639837,11.023819,46980.00000000001,61316.402,-14336.402343749993,14336.402343749993,-30.52
11129,25999.0,108781.0,Honda,Pilot,,2020.0,6,SUV,of_Origin_Japan,10.165851817003619,10.310193,25998.999999999985,30036.234,-4037.2343750000146,4037.2343750000146,-15.53
33592,37995.0,86839.0,Volvo,XC60,,2023.0,4,SUV,of_Origin_Sweden,10.545236170010073,10.500265,37994.999999999985,36324.133,1670.8671874999854,1670.8671874999854,4.4
1919,57890.0,22.0,RAM,ProMaster,Cargo Van,2025.0,6,Van,of_Origin_USA,10.966317211064466,10.902168,57890.0,54292.96,3597.0390625,3597.0390625,6.21
49,48770.0,32000.0,BMW,3,Series,2025.0,baseline_value_here,baseline_value_here,baseline_value_here,10.794891152902334,10.993802,48770.00000000003,59503.195,-10733.19531249997,10733.19531249997,-22.01
19299,23950.0,81577.0,Mitsubishi,Eclipse,Cross,2023.0,4,Coupe,of_Origin_Japan,10.083765355620846,10.091373,23949.999999999993,24132.916,-182.91601562500728,182.91601562500728,-0.76
26338,22773.0,117952.0,Toyota,C-HR,,2021.0,4,SUV,of_Origin_Japan,10.03337481337055,10.105673,22772.99999999999,24480.496,-1707.496093750011,1707.496093750011,-7.5
38778,44995.0,60531.0,Acura,MDX,,2023.0,6,SUV,of_Origin_Japan,10.714328875912717,10.728014,44995.00000000001,45615.008,-620.0078124999927,620.0078124999927,-1.38
14027,23321.0,86082.0,Kia,Sportage,,2023.0,4,SUV,of_Origin_South Korea,10.057152400080279,10.153127,23321.000000000007,25670.244,-2349.2441406249927,2349.2441406249927,-10.07
6216,35495.0,33431.0,Buick,Envision,,2023.0,4,SUV,of_Origin_USA,10.477175293058746,10.370131,35495.00000000002,31891.64,3603.359375000022,3603.359375000022,10.15
32548,24409.0,48714.0,Ford,Escape,,2023.0,4,SUV,of_Origin_USA,10.102748163387005,10.329131,24408.99999999999,30610.502,-6201.501953125011,6201.501953125011,-25.41
5605,14995.0,152733.0,BMW,4,Series Gran Coupe,2016.0,baseline_value_here,baseline_value_here,baseline_value_here,9.615538777855802,9.81495,14994.999999999989,18304.375,-3309.375000000011,3309.375000000011,-22.07
1440,29988.0,111394.0,RAM,1500,Classic,2021.0,baseline_value_here,baseline_value_here,of_Origin_USA,10.308585926738967,10.344639,29988.00000000001,31088.916,-1100.916015624989,1100.916015624989,-3.67
13663,40498.0,63652.0,Jeep,Wrangler,,2023.0,6,SUV,of_Origin_USA,10.60903256143177,10.769756,40498.000000000015,47559.426,-7061.425781249985,7061.425781249985,-17.44
35950,27300.0,142291.0,RAM,1500,Classic,2019.0,baseline_value_here,baseline_value_here,of_Origin_USA,10.214678610538817,10.090817,27299.999999999978,24119.502,3180.498046874978,3180.498046874978,11.65
16771,71035.0,250.0,Lincoln,Aviator,,2026.0,6,SUV,of_Origin_USA,11.170942069774485,11.32383,71034.99999999994,82769.72,-11734.718750000058,11734.718750000058,-16.52
1632,31995.0,93791.0,Ford,F-150,,2021.0,6,Pickup Truck,of_Origin_USA,10.373366173968712,10.548943,31994.99999999999,38136.09,-6141.089843750011,6141.089843750011,-19.19
34950,24990.0,65501.0,Toyota,Corolla,Sedan,2021.0,4,Sedan,of_Origin_Japan,10.126271039034782,10.08875,24990.0,24069.682,920.318359375,920.318359375,3.68
38671,42541.0,15.0,GMC,Terrain,,2027.0,4,SUV,of_Origin_USA,10.658247102223596,10.788841,42541.00000000001,48475.832,-5934.832031249993,5934.832031249993,-13.95
25339,26888.0,64022.0,BMW,3,Series,2019.0,baseline_value_here,baseline_value_here,baseline_value_here,10.199472560025471,10.535854,26888.0,37640.195,-10752.1953125,10752.1953125,-39.99
28078,14999.0,204439.0,Acura,MDX,,2016.0,6,SUV,of_Origin_Japan,9.615805480084347,9.449709,14999.000000000004,12703.467,2295.5332031250036,2295.5332031250036,15.3
143,32499.0,22273.0,Lexus,UX,,2020.0,4,SUV,of_Origin_Japan,10.388995368317829,10.43707,32499.000000000007,34099.586,-1600.5859374999927,1600.5859374999927,-4.93
38303,12995.0,198000.0,Chevrolet,Colorado,,2021.0,4,Pickup Truck,of_Origin_USA,9.472396896788991,9.996814,12995.000000000005,21955.396,-8960.396484374995,8960.396484374995,-68.95
37130,28995.0,44989.0,Volkswagen,Jetta,GLI,2023.0,4,Sedan,baseline_value_here,10.274913168420769,10.381666,28995.000000000007,32261.672,-3266.6718749999927,3266.6718749999927,-11.27
16440,32550.0,95217.0,Lincoln,Corsair,,2022.0,4,SUV,of_Origin_USA,10.39056336913101,10.292056,32549.999999999975,29496.361,3053.6386718749745,3053.6386718749745,9.38
31639,37968.0,26547.0,Audi,Q3,,2023.0,4,SUV,baseline_value_here,10.544525316297522,10.603978,37967.99999999997,40293.816,-2325.816406250029,2325.816406250029,-6.13
38241,46800.0,29200.0,Acura,TLX,,2024.0,4,Sedan,of_Origin_Japan,10.753659849198824,10.266156,46800.00000000003,28742.191,18057.80859375003,18057.80859375003,38.59
3070,12958.0,133072.0,Volkswagen,Jetta,,2020.0,4,Sedan,baseline_value_here,9.469545806435415,9.94766,12958.0,20902.262,-7944.26171875,7944.26171875,-61.31
3884,42490.0,88405.0,Acura,MDX,,2023.0,6,SUV,of_Origin_Japan,10.657047567781314,10.591273,42489.99999999997,39785.117,2704.882812499971,2704.882812499971,6.37
8763,79885.0,23868.0,Dodge,Durango,,2023.0,6,SUV,of_Origin_USA,11.28835589737794,10.8714695,79885.00000000003,52651.527,27233.47265625003,27233.47265625003,34.09
29345,13499.0,203747.0,Honda,Accord,Hybrid,2015.0,4,Sedan,of_Origin_Japan,9.51044496442652,9.338067,13498.999999999996,11361.424,2137.5761718749964,2137.5761718749964,15.84
27433,9999.0,87156.0,Hyundai,Genesis,Sedan,2012.0,6,Coupe,of_Origin_South Korea,9.210340371976184,9.602551,9999.00000000001,14801.501,-4802.500976562491,4802.500976562491,-48.03
2947,9999.0,202326.0,Kia,Niro,,2020.0,4,SUV,of_Origin_South Korea,9.210340371976184,9.595378,9999.00000000001,14695.695,-4696.695312499991,4696.695312499991,-46.97
8974,18017.0,88112.0,Dodge,Journey,,2018.0,4,SUV,of_Origin_USA,9.799126537211386,9.799198,18017.00000000001,18018.291,-1.291015624989086,1.291015624989086,-0.01
36789,23555.0,93775.0,Honda,Civic,Sedan,2020.0,4,Sedan,of_Origin_Japan,10.067135844064461,9.996298,23555.0,21944.07,1610.9296875,1610.9296875,6.84
9486,19900.0,99000.0,Ford,Ranger,,2011.0,4,Pickup Truck,of_Origin_USA,9.898525260706313,9.318166,19899.999999999993,11137.532,8762.467773437493,8762.467773437493,44.03
4745,71530.0,90.0,Audi,A5,,2025.0,6,Coupe,baseline_value_here,11.177886201152898,11.322469,71530.00000000001,82657.16,-11127.156249999985,11127.156249999985,-15.56
36898,17500.0,71500.0,MINI,Countryman,,2018.0,4,SUV,of_Origin_UK,9.770013301136158,9.903694,17500.000000000015,20003.133,-2503.1328124999854,2503.1328124999854,-14.3
17453,27488.0,90348.0,MINI,Convertible,,2021.0,4,baseline_value_here,of_Origin_UK,10.221541203633324,10.082282,27488.000000000022,23914.5,3573.500000000022,3573.500000000022,13.0
6311,34071.0,6395.0,Buick,Encore,GX,2024.0,4,SUV,of_Origin_USA,10.43623121160305,10.560328,34070.99999999999,38572.76,-4501.761718750007,4501.761718750007,-13.21
35550,61000.0,8915.0,RAM,1500,,2025.0,baseline_value_here,baseline_value_here,of_Origin_USA,11.0186455364637,11.042291,60999.999999999956,62459.566,-1459.5664062500437,1459.5664062500437,-2.39
23716,42792.0,4475.0,Volkswagen,Taos,,2026.0,4,SUV,baseline_value_here,10.66412981679203,10.985996,42792.000000000015,59040.523,-16248.523437499985,16248.523437499985,-37.97
34990,2998.0,196545.0,Volkswagen,Golf,Standard Model,2012.0,4,Hatchback,baseline_value_here,8.00603417874901,8.827747,2998.0000000000023,6819.9043,-3821.9042968749977,3821.9042968749977,-127.48
4558,8988.0,160000.0,Audi,A4,,2012.0,4,Sedan,baseline_value_here,9.103756886573398,8.984672,8987.999999999993,7978.8237,1009.1762695312427,1009.1762695312427,11.23
7850,11998.0,144700.0,Chevrolet,Cruze,,2018.0,4,Sedan,of_Origin_USA,9.392578591964389,9.50591,11998.0,13437.915,-1439.9150390625,1439.9150390625,-12.0
6492,26887.0,12531.0,Buick,Encore,GX,2024.0,4,SUV,of_Origin_USA,10.199435369404942,10.538109,26887.0,37725.152,-10838.15234375,10838.15234375,-40.31
28271,13900.0,119456.0,Lexus,IS,,2012.0,4,baseline_value_here,of_Origin_Japan,9.539716058977092,9.301841,13899.99999999999,10957.172,2942.828124999991,2942.828124999991,21.17
8975,10000.0,210854.0,Dodge,Grand,Caravan,2019.0,6,Minivan,of_Origin_USA,9.210440366976517,9.518488,10000.00000000001,13608.018,-3608.017578124991,3608.017578124991,-36.08
10280,60681.0,54261.0,GMC,Acadia,,2024.0,4,SUV,of_Origin_USA,11.013402392708365,10.36564,60681.00000000004,31748.736,28932.263671875036,28932.263671875036,47.68
38064,20995.0,125100.0,Subaru,Crosstrek,,2018.0,4,SUV,of_Origin_Japan,9.95208722237219,9.828453,20995.000000000004,18553.23,2441.7695312500036,2441.7695312500036,11.63
1901,22880.0,28277.0,Chevrolet,Malibu,,2024.0,4,Sedan,of_Origin_USA,10.038062150832348,10.264351,22879.99999999998,28690.348,-5810.347656250018,5810.347656250018,-25.39
15597,42290.0,58901.0,Lexus,NX,,2022.0,4,SUV,of_Origin_Japan,10.652329576439035,10.337211,42290.0,30858.832,11431.16796875,11431.16796875,27.03
37961,38365.0,5788.0,Kia,Sportage,,2026.0,4,SUV,of_Origin_South Korea,10.554926929696283,10.658015,38364.999999999985,42531.137,-4166.136718750015,4166.136718750015,-10.86
9392,35195.0,24511.0,Ford,Maverick,,2023.0,4,Pickup Truck,of_Origin_USA,10.468687718765452,10.652153,35195.000000000015,42282.535,-7087.535156249985,7087.535156249985,-20.14
29851,42789.0,215.0,Chevrolet,Bolt,,2027.0,Electric,Hatchback,of_Origin_USA,10.664059709410862,10.681812,42789.0,43555.414,-766.4140625,766.4140625,-1.79
26018,39950.0,58000.0,Porsche,Cayenne,,2018.0,6,SUV,baseline_value_here,10.595408982170255,10.593301,39950.00000000003,39865.867,84.1328125000291,84.1328125000291,0.21
14219,19888.0,45600.0,Kia,Forte,,2024.0,4,Sedan,of_Origin_South Korea,9.897922094063247,10.141691,19888.000000000015,25378.352,-5490.351562499985,5490.351562499985,-27.61
35977,66678.0,407.0,GMC,Sierra,1500,2026.0,8,Pickup Truck,of_Origin_USA,11.107645339751674,11.290617,66677.99999999996,80065.836,-13387.835937500044,13387.835937500044,-20.08
27381,45900.0,85097.0,Cadillac,Escalade,,2017.0,8,SUV,of_Origin_USA,10.734242182303689,10.667783,45899.99999999998,42948.605,2951.394531249978,2951.394531249978,6.43
11248,20698.0,114233.0,Honda,Accord,Sedan,2019.0,4,Sedan,of_Origin_Japan,9.937840668907791,9.87649,20698.000000000007,19466.266,1231.7343750000073,1231.7343750000073,5.95
35201,34999.0,109099.0,Volkswagen,Atlas,,2023.0,4,SUV,baseline_value_here,10.46310334047155,10.348941,34998.99999999997,31222.955,3776.044921874971,3776.044921874971,10.79
21793,12990.0,173592.0,Subaru,Forester,,2019.0,4,SUV,of_Origin_Japan,9.472012088995733,9.670217,12990.0,15837.778,-2847.7783203125,2847.7783203125,-21.92
14729,49999.0,9811.0,Land,Rover,Range Rover Evoque,2025.0,4,SUV,baseline_value_here,10.819778284410283,10.91477,49999.00000000001,54981.496,-4982.496093749993,4982.496093749993,-9.97
35775,27986.0,173810.0,RAM,1500,Classic,2021.0,baseline_value_here,baseline_value_here,of_Origin_USA,10.23949539562907,10.185799,27985.999999999996,26522.824,1463.1757812499964,1463.1757812499964,5.23
35625,49888.0,62771.0,Kia,Telluride,,2024.0,6,SUV,of_Origin_South Korea,10.817555816557183,10.766812,49887.99999999996,47419.613,2468.3867187499636,2468.3867187499636,4.95
24944,56994.0,105.0,RAM,2500,,2025.0,baseline_value_here,baseline_value_here,of_Origin_USA,10.95071882367088,11.040048,56994.000000000015,62319.62,-5325.621093749985,5325.621093749985,-9.34
29159,58888.0,55000.0,Mercedes-Benz,E-Class,,2019.0,6,Sedan,baseline_value_here,10.983409594982758,10.779816,58888.00000000001,48040.27,10847.730468750007,10847.730468750007,18.42
36197,46900.0,78750.0,Honda,Pilot,,2023.0,6,SUV,of_Origin_Japan,10.75579427616868,10.634162,46899.99999999996,41528.61,5371.390624999964,5371.390624999964,11.45
8058,32988.0,29910.0,Chevrolet,Silverado,3500,2011.0,8,Pickup Truck,of_Origin_USA,10.403929451547379,10.295517,32987.99999999997,29598.625,3389.374999999971,3389.374999999971,10.27
28815,31392.0,49296.0,Subaru,Crosstrek,,2024.0,4,SUV,of_Origin_Japan,10.354340217107467,10.392886,31391.99999999999,32625.697,-1233.697265625011,1233.697265625011,-3.93
4369,77995.0,34164.0,Audi,RS,e-tron GT,2022.0,Electric,Sedan,baseline_value_here,11.264412822305477,10.931988,77994.99999999999,55936.36,22058.640624999985,22058.640624999985,28.28
212,26500.0,95559.0,Acura,RDX,,2019.0,4,SUV,of_Origin_Japan,10.184937747111391,10.041837,26500.000000000004,22966.53,3533.4707031250036,3533.4707031250036,13.33
38396,44995.0,32588.0,Lexus,NX,,2024.0,4,SUV,of_Origin_Japan,10.714328875912717,10.426482,44995.00000000001,33740.445,11254.554687500007,11254.554687500007,25.01
31099,43150.0,88.0,Chevrolet,Bolt,,2027.0,Electric,Hatchback,of_Origin_USA,10.672460871214069,10.6585245,43149.99999999996,42552.805,597.1953124999636,597.1953124999636,1.38
28050,49750.0,48500.0,Ford,F-150,,2023.0,6,Pickup Truck,of_Origin_USA,10.81478584288724,10.879274,49750.00000000003,53064.082,-3314.082031249971,3314.082031249971,-6.66
17853,35336.0,3052.0,Mazda,CX-30,,2026.0,4,SUV,of_Origin_Japan,10.472685852626894,10.775378,35335.999999999985,47827.56,-12491.558593750015,12491.558593750015,-35.35
19387,18999.0,28950.0,Mitsubishi,RVR,,2025.0,4,SUV,of_Origin_Japan,9.852194258148577,10.558938,18998.999999999993,38519.2,-19520.199218750007,19520.199218750007,-102.74
3056,36485.0,74022.0,Volkswagen,Atlas,,2022.0,4,SUV,baseline_value_here,10.504683904348164,10.412386,36484.999999999985,33268.152,3216.8476562499854,3216.8476562499854,8.82
15586,49900.0,42620.0,Lexus,NX,,2023.0,4,SUV,of_Origin_Japan,10.817796321618971,10.419012,49900.000000000015,33489.332,16410.667968750015,16410.667968750015,32.89
17232,12995.0,107929.0,MINI,3,Door,2018.0,baseline_value_here,baseline_value_here,of_Origin_UK,9.472396896788991,9.624962,12995.000000000005,15136.977,-2141.9765624999945,2141.9765624999945,-16.48
3037,45888.0,28749.0,Kia,Carnival,,2024.0,4,Minivan,of_Origin_South Korea,10.733980715911525,10.626779,45887.99999999998,41223.113,4664.886718749978,4664.886718749978,10.17
30965,51800.0,62680.0,Ford,E-450,,2022.0,6,Van,of_Origin_USA,10.85516473308054,10.608762,51800.00000000003,40487.035,11312.96484375003,11312.96484375003,21.84
21261,34500.0,99598.0,RAM,1500,Classic,2022.0,baseline_value_here,baseline_value_here,of_Origin_USA,10.448743588106625,10.457205,34499.99999999998,34793.16,-293.1601562500218,293.1601562500218,-0.85
35255,51999.0,78047.0,Toyota,Sienna,,2025.0,4,Minivan,of_Origin_Japan,10.858998997563564,10.802412,51998.99999999997,49138.184,2860.816406249971,2860.816406249971,5.5
22644,29888.0,162814.0,Tesla,Model,Y,2021.0,Electric,Sedan,of_Origin_USA,10.305245798712965,10.129499,29887.99999999998,25070.81,4817.189453124982,4817.189453124982,16.12
33033,9800.0,114057.0,RAM,Cargo,Van,2014.0,6,Van,of_Origin_USA,9.19023970026918,9.586502,9799.999999999998,14565.826,-4765.826171875002,4765.826171875002,-48.63
19485,25222.0,91355.0,Mitsubishi,Eclipse,Cross,2022.0,4,Coupe,of_Origin_Japan,10.135511555656276,10.062033,25222.000000000022,23435.096,1786.9042968750218,1786.9042968750218,7.08
5665,24999.0,76629.0,BMW,2,Series Gran Coupe,2020.0,baseline_value_here,baseline_value_here,baseline_value_here,10.126631103850338,10.594558,24999.0,39916.008,-14917.0078125,14917.0078125,-59.67
32556,44995.0,42863.0,Chevrolet,Silverado,1500,2024.0,8,Pickup Truck,of_Origin_USA,10.714328875912717,10.850564,44995.00000000001,51562.227,-6567.226562499993,6567.226562499993,-14.6
23524,14995.0,141200.0,Volkswagen,Jetta,,2019.0,4,Sedan,baseline_value_here,9.615538777855802,9.828239,14994.999999999989,18549.268,-3554.267578125011,3554.267578125011,-23.7
17993,14788.0,173312.0,Mazda,Mazda3,,2021.0,4,Sedan,of_Origin_Japan,9.601638940166769,9.777816,14787.999999999996,17637.086,-2849.0859375000036,2849.0859375000036,-19.27
6349,39988.0,63184.0,Buick,Enclave,,2022.0,6,SUV,of_Origin_USA,10.59635969527664,10.704035,39987.99999999999,44534.184,-4546.183593750007,4546.183593750007,-11.37
11265,51499.0,23685.0,Honda,Odyssey,,2025.0,6,Minivan,of_Origin_Japan,10.849337086651827,10.866162,51498.999999999985,52372.83,-873.8281250000146,873.8281250000146,-1.7
4010,57900.0,37756.0,Acura,MDX,,2025.0,6,SUV,of_Origin_Japan,10.96648993456911,10.836763,57900.0,50855.508,7044.4921875,7044.4921875,12.17
28320,53995.0,29284.0,Chrysler,300,,2023.0,baseline_value_here,baseline_value_here,of_Origin_USA,10.896665248728718,10.791248,53995.00000000002,48592.66,5402.339843750022,5402.339843750022,10.01
20591,30900.0,72155.0,Porsche,Macan,,2018.0,4,SUV,baseline_value_here,10.33854382482173,10.063719,30899.999999999996,23474.645,7425.355468749996,7425.355468749996,24.03
14887,32300.0,137592.0,Land,Rover,Range Rover Velar,2020.0,4,SUV,baseline_value_here,10.382853468483827,10.061503,32300.000000000004,23422.695,8877.304687500004,8877.304687500004,27.48
36399,13900.0,203500.0,Chrysler,Crossfire,,2008.0,6,Coupe,of_Origin_USA,9.539716058977092,8.858842,13899.99999999999,7035.329,6864.670898437491,6864.670898437491,49.39
22522,44995.0,63028.0,Tesla,Model,Y,2022.0,Electric,Sedan,of_Origin_USA,10.714328875912717,10.558949,44995.00000000001,38519.64,6475.359375000007,6475.359375000007,14.39
23450,23450.0,106000.0,Volkswagen,Tiguan,,2022.0,4,SUV,baseline_value_here,10.06266841688844,10.322998,23450.00000000001,30423.334,-6973.333984374989,6973.333984374989,-29.74
2703,16500.0,120877.0,Toyota,Corolla,iM,2017.0,4,Sedan,of_Origin_Japan,9.711176264112805,9.72352,16499.999999999993,16704.951,-204.95117187500728,204.95117187500728,-1.24
38073,34900.0,15200.0,Mazda,CX-5,,2025.0,4,SUV,of_Origin_Japan,10.460270761075149,10.497482,34899.99999999998,36223.188,-1323.1875000000218,1323.1875000000218,-3.79
4045,9888.0,229288.0,Acura,RDX,,2014.0,6,SUV,of_Origin_Japan,9.19917830726999,9.248928,9887.999999999998,10392.419,-504.4189453125018,504.4189453125018,-5.1
23418,26750.0,81098.0,Volkswagen,Tiguan,,2024.0,4,SUV,baseline_value_here,10.19432713480299,10.439203,26750.00000000001,34172.414,-7422.414062499989,7422.414062499989,-27.75
5661,5488.0,180052.0,BMW,X3,,2009.0,4,SUV,baseline_value_here,8.610501368549889,8.756095,5487.999999999996,6348.2686,-860.2685546875036,860.2685546875036,-15.68
17431,22888.0,61275.0,MINI,Countryman,,2019.0,4,SUV,of_Origin_UK,10.038411724792649,10.090766,22888.000000000015,24118.26,-1230.2597656249854,1230.2597656249854,-5.38
14767,32898.0,70279.0,Land,Rover,Discovery Sport,2023.0,6,SUV,baseline_value_here,10.401197541154744,10.953696,32898.00000000001,57163.953,-24265.953124999993,24265.953124999993,-73.76
29649,38996.0,68000.0,Toyota,RAV,4,2023.0,4,SUV,of_Origin_Japan,10.571239999076129,10.33016,38996.0,30642.02,8353.98046875,8353.98046875,21.42
18026,15490.0,137257.0,Mazda,CX-5,,2016.0,4,SUV,of_Origin_Japan,9.648014489106362,9.592954,15489.99999999999,14660.11,829.8896484374909,829.8896484374909,5.36
2801,55999.0,97000.0,BMW,X5,,2022.0,6,SUV,baseline_value_here,10.933106969717286,10.738797,55999.00000000001,46109.555,9889.445312500007,9889.445312500007,17.66
34967,19490.0,133000.0,Honda,CR-V,,2019.0,4,SUV,of_Origin_Japan,9.877708099548641,9.895824,19490.000000000015,19846.324,-356.32421874998545,356.32421874998545,-1.83
26877,33595.0,56600.0,Honda,Civic,Sedan,2025.0,4,Sedan,of_Origin_Japan,10.422162291245519,10.465275,33595.00000000003,35075.086,-1480.085937499971,1480.085937499971,-4.41
27811,42000.0,43777.0,Mercedes-Benz,GLC,,2022.0,4,SUV,baseline_value_here,10.645448706505872,10.548572,41999.99999999999,38121.945,3878.0546874999927,3878.0546874999927,9.23
11812,8990.0,79926.0,Hyundai,Elantra,,2013.0,4,Sedan,of_Origin_South Korea,9.103979355984773,9.169483,8990.000000000002,9598.662,-608.6621093749982,608.6621093749982,-6.77
2119,35999.0,146358.0,BMW,M4,,2015.0,6,Coupe,baseline_value_here,10.491274217438248,9.929577,35999.00000000002,20527.652,15471.347656250022,15471.347656250022,42.98
2748,18900.0,137509.0,Mitsubishi,Eclipse,Cross,2022.0,4,Coupe,of_Origin_Japan,9.846970109700957,9.953619,18900.000000000004,21027.186,-2127.1855468749964,2127.1855468749964,-11.25
4884,90063.0,8000.0,Audi,Q7,,2026.0,6,SUV,baseline_value_here,11.408275807703808,11.430405,90062.99999999997,92078.23,-2015.226562500029,2015.226562500029,-2.24
13181,60840.0,1021.0,Infiniti,QX50,,2025.0,4,SUV,of_Origin_Japan,11.016019182793048,10.733124,60839.99999999998,45848.69,14991.308593749978,14991.308593749978,24.64
29741,8000.0,125800.0,Hyundai,ELANTRA,,2014.0,baseline_value_here,baseline_value_here,of_Origin_South Korea,8.987321812850125,9.109806,8000.0000000000055,9042.541,-1042.5410156249945,1042.5410156249945,-13.03
23817,30999.0,45882.0,Volkswagen,Atlas,Cross Sport,2022.0,4,SUV,baseline_value_here,10.341742483467284,10.494405,30999.000000000022,36111.88,-5112.878906249978,5112.878906249978,-16.49
36291,59900.0,10890.0,Mercedes-Benz,GLC,,2025.0,4,SUV,baseline_value_here,11.000448478455008,10.913683,59900.00000000002,54921.75,4978.250000000022,4978.250000000022,8.31
19402,25498.0,99400.0,Mitsubishi,Outlander,,2022.0,4,SUV,of_Origin_Japan,10.146394514691288,10.217063,25497.999999999996,27365.172,-1867.1718750000036,1867.1718750000036,-7.32
33445,84510.0,499.0,Lincoln,Nautilus,,2026.0,4,SUV,of_Origin_USA,11.344636982387701,10.903771,84510.00000000006,54380.07,30129.92968750006,30129.92968750006,35.65
22773,43495.0,26799.0,Toyota,RAV,4 Hybrid,2024.0,4,SUV,of_Origin_Japan,10.680424258825756,10.700937,43494.99999999997,44396.45,-901.4492187500291,901.4492187500291,-2.07
33934,14900.0,156000.0,Hyundai,Santa,Fe Sport,2017.0,4,SUV,of_Origin_South Korea,9.60918360377546,9.422026,14899.999999999993,12356.59,2543.4101562499927,2543.4101562499927,17.07
6726,69716.0,367.0,Cadillac,Optiq,,2026.0,Electric,SUV,of_Origin_USA,11.152199469448275,11.2324295,69716.0,75539.9,-5823.8984375,5823.8984375,-8.35
21238,36295.0,141564.0,RAM,1500,,2021.0,baseline_value_here,baseline_value_here,of_Origin_USA,10.4994628213438,10.290942,36294.999999999985,29463.523,6831.476562499985,6831.476562499985,18.82
33380,58694.0,22852.0,Chevrolet,Silverado,1500,2023.0,8,Pickup Truck,of_Origin_USA,10.980109823312622,10.944157,58693.99999999998,56621.215,2072.785156249978,2072.785156249978,3.53
34842,2950.0,253856.0,Dodge,RAM,1500,2006.0,8,Pickup Truck,of_Origin_USA,7.989899374942939,9.098623,2949.9999999999995,8941.973,-5991.97265625,5991.97265625,-203.12
1968,16995.0,127862.0,Honda,CR-V,,2017.0,4,SUV,of_Origin_Japan,9.740733301234702,9.792317,16994.999999999993,17894.73,-899.7304687500073,899.7304687500073,-5.29
16275,60950.0,43020.0,Lincoln,Aviator,,2023.0,6,SUV,of_Origin_USA,11.01782554166572,10.819906,60950.000000000015,50005.4,10944.601562500015,10944.601562500015,17.96
6482,22400.0,75521.0,Buick,Encore,GX,2022.0,4,SUV,of_Origin_USA,10.016860879703811,10.211553,22400.0,27214.791,-4814.791015625,4814.791015625,-21.49
19568,14995.0,146664.0,Mitsubishi,Mirage,,2022.0,3,Hatchback,of_Origin_Japan,9.615538777855802,9.337545,14994.999999999989,11355.498,3639.501953124989,3639.501953124989,24.27
15638,27888.0,121000.0,Lexus,IS,,2018.0,4,Sedan,of_Origin_Japan,10.23598762483351,9.762369,27888.00000000002,17366.73,10521.269531250018,10521.269531250018,37.73
20193,20790.0,74867.0,Nissan,Rogue,,2022.0,4,SUV,of_Origin_Japan,9.942275479743389,10.257805,20790.000000000004,28503.146,-7713.146484374996,7713.146484374996,-37.1
30677,53995.0,23550.0,Toyota,Highlander,Hybrid,2024.0,4,SUV,of_Origin_Japan,10.896665248728718,10.709154,53995.00000000002,44762.758,9232.242187500022,9232.242187500022,17.1
32016,30495.0,253000.0,Toyota,4-Runner,,2017.0,6,SUV,of_Origin_Japan,10.325350806453928,9.6321535,30494.999999999978,15246.236,15248.763671874978,15248.763671874978,50.0
22779,43995.0,17686.0,Toyota,RAV,4,2025.0,4,SUV,of_Origin_Japan,10.691853999677008,10.565789,43995.00000000003,38784.016,5210.984375000029,5210.984375000029,11.84
20948,16977.0,70000.0,RAM,ProMaster,City Wagon,2016.0,6,Van,of_Origin_USA,9.739673667297913,10.051653,16976.999999999993,23193.094,-6216.093750000007,6216.093750000007,-36.61
29937,51995.0,12855.0,Audi,Q5,,2025.0,4,SUV,baseline_value_here,10.85892207152791,10.886016,51995.00000000004,53423.027,-1428.0273437499636,1428.0273437499636,-2.75
11292,17990.0,182000.0,Honda,CR-V,,2017.0,4,SUV,of_Origin_Japan,9.79762691183662,9.517337,17990.000000000004,13592.361,4397.638671875004,4397.638671875004,24.44
28217,28600.0,58883.0,Ford,Edge,,2022.0,4,SUV,of_Origin_USA,10.261196961231647,10.284313,28600.000000000022,29268.848,-668.8476562499782,668.8476562499782,-2.34
22166,27992.0,41194.0,Subaru,Crosstrek,,2024.0,4,SUV,of_Origin_Japan,10.239709757902132,10.407823,27992.0,33116.684,-5124.68359375,5124.68359375,-18.31
28153,15900.0,124414.0,Nissan,350Z,,2005.0,6,Coupe,of_Origin_Japan,9.674137279312397,9.376602,15900.000000000004,11807.822,4092.1777343750036,4092.1777343750036,25.74
20186,26850.0,65000.0,Nissan,Altima,,2024.0,4,Sedan,of_Origin_Japan,10.198058343191331,10.188439,26850.00000000001,26592.959,257.0410156250109,257.0410156250109,0.96
320,29990.0,124050.0,Toyota,4-Runner,,2015.0,6,SUV,of_Origin_Japan,10.30865261563529,9.698227,29990.000000000007,16287.7,13702.299804687507,13702.299804687507,45.69
37730,13922.0,179424.0,Nissan,Rogue,,2020.0,4,SUV,of_Origin_Japan,9.541297427909285,9.867014,13921.999999999993,19282.67,-5360.669921875007,5360.669921875007,-38.51
27733,49443.0,19530.0,Toyota,RAV,4 Hybrid,2024.0,4,SUV,of_Origin_Japan,10.808595995007714,10.688718,49443.00000000001,43857.24,5585.761718750007,5585.761718750007,11.3
12871,12800.0,144000.0,Infiniti,QX50,,2016.0,4,SUV,of_Origin_Japan,9.45727857185611,9.576297,12800.0,14417.924,-1617.923828125,1617.923828125,-12.64
13969,17888.0,89644.0,Kia,Forte,,2022.0,4,Sedan,of_Origin_South Korea,9.791941277791215,9.922363,17887.999999999996,20380.1,-2492.0996093750036,2492.0996093750036,-13.93
19422,18000.0,99660.0,Mitsubishi,RVR,,2022.0,4,SUV,of_Origin_Japan,9.798182590890704,10.191179,17999.999999999993,26665.924,-8665.923828125007,8665.923828125007,-48.14
8958,41499.0,55490.0,Dodge,Durango,,2021.0,6,SUV,of_Origin_USA,10.63344870621879,10.625655,41499.0,41176.824,322.17578125,322.17578125,0.78
22037,8888.0,180905.0,Subaru,Impreza,,2012.0,4,Sedan,of_Origin_Japan,9.092569836241674,8.929031,8887.999999999995,7546.9507,1341.0493164062445,1341.0493164062445,15.09
36440,28388.0,10903.0,Volkswagen,Taos,,2025.0,4,SUV,baseline_value_here,10.253757025176343,10.913683,28388.00000000002,54921.75,-26533.74999999998,26533.74999999998,-93.47
943,39600.0,39274.0,Honda,CR-V,Hybrid,2023.0,4,SUV,of_Origin_Japan,10.586609649448985,10.64183,39599.99999999999,41848.305,-2248.3046875000073,2248.3046875000073,-5.68
18760,129999.0,4750.0,Mercedes-Benz,EQS,,2024.0,Electric,SUV,baseline_value_here,11.77528972943772,11.152589,129999.00000000006,69743.15,60255.85156250006,60255.85156250006,46.35
20769,95900.0,66980.0,Porsche,Panamera,,2018.0,6,Sedan,baseline_value_here,11.47107168834584,10.77312,95900.00000000003,47719.67,48180.32812500003,48180.32812500003,50.24
4250,38000.0,39000.0,Acura,TLX,,2021.0,4,Sedan,of_Origin_Japan,10.545367754151743,10.125846,38000.000000000015,24979.377,13020.623046875015,13020.623046875015,34.26
23047,50900.0,42133.0,Toyota,RAV,4,2024.0,4,SUV,of_Origin_Japan,10.837637848711049,10.673311,50899.999999999985,43186.71,7713.289062499985,7713.289062499985,15.15
34197,44603.0,5.0,GMC,Terrain,,2027.0,4,SUV,of_Origin_USA,10.705578820085252,10.796491,44602.999999999985,48848.074,-4245.074218750015,4245.074218750015,-9.52
37941,25999.0,64737.0,Toyota,Corolla,Sedan,2024.0,4,Sedan,of_Origin_Japan,10.165851817003619,10.188439,25998.999999999985,26592.959,-593.9589843750146,593.9589843750146,-2.28
29432,15986.0,156099.0,Subaru,Crosstrek,,2018.0,4,SUV,of_Origin_Japan,9.679531170964893,9.731822,15986.000000000013,16844.217,-858.2167968749873,858.2167968749873,-5.37
38292,59930.0,300.0,Honda,Ridgeline,,2026.0,6,Pickup Truck,of_Origin_Japan,11.000949179446842,11.167741,59930.0,70807.96,-10877.9609375,10877.9609375,-18.15
37792,9995.0,190000.0,Volkswagen,Tiguan,,2018.0,4,SUV,baseline_value_here,9.209940291954844,9.546042,9995.00000000001,13988.222,-3993.221679687491,3993.221679687491,-39.95
30072,69999.0,41164.0,BMW,X5,,2024.0,6,SUV,baseline_value_here,11.156250521031495,11.090208,69998.99999999994,65525.38,4473.621093749942,4473.621093749942,6.39
19302,33498.0,30875.0,Mitsubishi,Outlander,,2024.0,4,SUV,of_Origin_Japan,10.419270866621346,10.413115,33497.999999999985,33292.402,205.59765624998545,205.59765624998545,0.61
31439,26499.0,67180.0,Nissan,Murano,,2020.0,6,SUV,of_Origin_Japan,10.184900011974314,10.520034,26499.000000000007,37049.38,-10550.378906249993,10550.378906249993,-39.81
2942,9800.0,248507.0,GMC,Sierra,1500,2016.0,8,Pickup Truck,of_Origin_USA,9.19023970026918,9.67332,9799.999999999998,15887.007,-6087.006835937502,6087.006835937502,-62.11
22664,19995.0,151000.0,Tesla,Model,3,2019.0,Electric,Sedan,of_Origin_USA,9.903287532533462,9.925828,19995.00000000001,20450.836,-455.8359374999891,455.8359374999891,-2.28
4647,39995.0,33717.0,Audi,Q3,,2025.0,4,SUV,baseline_value_here,10.59653472809574,10.742471,39995.00000000001,46279.258,-6284.257812499993,6284.257812499993,-15.71
24850,28995.0,133635.0,Volvo,XC40,Recharge Pure Electric,2022.0,Electric,SUV,of_Origin_Sweden,10.274913168420769,10.503687,28995.000000000007,36448.64,-7453.640624999993,7453.640624999993,-25.71
11461,42454.0,10.0,Honda,Accord,Sedan,2025.0,4,Sedan,of_Origin_Japan,10.656199970433464,10.600837,42454.000000000015,40167.434,2286.5664062500146,2286.5664062500146,5.39
12777,32988.0,86021.0,Infiniti,Q60,,2021.0,6,Sedan,of_Origin_Japan,10.403929451547379,10.377508,32987.99999999997,32127.803,860.1972656249709,860.1972656249709,2.61
22169,24499.0,113789.0,Subaru,Outback,,2020.0,4,SUV,of_Origin_Japan,10.106428396532818,10.076047,24499.0,23765.848,733.15234375,733.15234375,2.99
2659,39988.0,70377.0,Toyota,Highlander,,2022.0,6,SUV,of_Origin_Japan,10.59635969527664,10.631455,39987.99999999999,41416.36,-1428.3593750000073,1428.3593750000073,-3.57
22649,41990.0,87000.0,Tesla,Model,Y,2023.0,Electric,Sedan,of_Origin_USA,10.645210588588755,10.497073,41989.999999999985,36208.367,5781.632812499985,5781.632812499985,13.77
38477,23991.0,130000.0,Jeep,Wrangler,JK Unlimited,2018.0,6,SUV,of_Origin_USA,10.085475720428844,10.01588,23990.99999999998,22378.03,1612.9707031249818,1612.9707031249818,6.72
38409,16922.0,34281.0,Hyundai,Elantra,GT,2018.0,4,Sedan,of_Origin_South Korea,9.736428922408086,9.705545,16922.000000000004,16407.346,514.6542968750036,514.6542968750036,3.04
18456,83900.0,54247.0,Mercedes-Benz,GLE,,2023.0,6,SUV,baseline_value_here,11.3373928113354,11.040165,83900.00000000003,62326.934,21573.06640625003,21573.06640625003,25.71
16817,62945.0,250.0,Lincoln,Nautilus,,2026.0,4,SUV,of_Origin_USA,11.05003249495954,10.967007,62944.999999999956,57929.93,5015.070312499956,5015.070312499956,7.97
20700,57995.0,61083.0,Porsche,Macan,,2022.0,4,SUV,baseline_value_here,10.968129321633084,10.481366,57994.99999999998,35644.07,22350.929687499978,22350.929687499978,38.54
5993,57988.0,2.0,Buick,Enclave,,2025.0,6,SUV,of_Origin_USA,10.968008616369326,11.162679,57988.000000000015,70450.42,-12462.421874999985,12462.421874999985,-21.49
35623,13970.0,158884.0,Nissan,Murano,,2016.0,6,SUV,of_Origin_Japan,9.544739031650487,9.673377,13969.999999999995,15887.916,-1917.9160156250055,1917.9160156250055,-13.73
19592,14995.0,137895.0,Mitsubishi,RVR,,2022.0,4,SUV,of_Origin_Japan,9.615538777855802,10.094152,14994.999999999989,24200.078,-9205.078125000011,9205.078125000011,-61.39
12611,22238.0,83800.0,Infiniti,Q50,,2021.0,6,Sedan,of_Origin_Japan,10.00960278332483,10.382562,22238.00000000001,32290.576,-10052.576171874989,10052.576171874989,-45.2
30983,20995.0,142250.0,Acura,MDX,,2017.0,6,SUV,of_Origin_Japan,9.95208722237219,9.90817,20995.000000000004,20092.863,902.1367187500036,902.1367187500036,4.3
32031,16488.0,88778.0,Honda,Civic,Sedan,2017.0,4,Sedan,of_Origin_Japan,9.710448770900967,9.755337,16487.999999999985,17245.021,-757.0214843750146,757.0214843750146,-4.59
22766,22998.0,54550.0,Toyota,Corolla,Sedan,2022.0,4,Sedan,of_Origin_Japan,10.043206015705211,10.181697,22998.00000000002,26414.254,-3416.253906249982,3416.253906249982,-14.85
19432,33999.0,57805.0,Mitsubishi,Outlander,,2023.0,4,SUV,of_Origin_Japan,10.4341158035983,10.370046,33999.00000000003,31888.934,2110.066406250029,2110.066406250029,6.21
21830,33770.0,70000.0,Subaru,Ascent,,2022.0,4,SUV,of_Origin_Japan,10.427357725022913,10.282599,33769.99999999999,29218.73,4551.269531249993,4551.269531249993,13.48
7949,14450.0,121692.0,Chevrolet,Equinox,,2019.0,4,SUV,of_Origin_USA,9.57851889529833,9.831873,14450.0,18616.791,-4166.791015625,4166.791015625,-28.84
30069,4999.0,268236.0,Dodge,Journey,,2017.0,4,SUV,of_Origin_USA,8.517193191416238,8.712284,4999.000000000004,6076.1074,-1077.1074218749964,1077.1074218749964,-21.55
19423,29000.0,61265.0,Mitsubishi,Outlander,,2024.0,4,SUV,of_Origin_Japan,10.275085591132715,10.368541,28999.999999999996,31840.979,-2840.9785156250036,2840.9785156250036,-9.8
15413,64988.0,928.0,Lexus,NX,,2026.0,4,SUV,of_Origin_Japan,11.0819733037874,10.776676,64987.99999999995,47889.68,17098.32031249995,17098.32031249995,26.31
32649,32795.0,71726.0,Acura,RDX,,2020.0,4,SUV,of_Origin_Japan,10.398061835716069,10.175689,32795.00000000002,26256.021,6538.978515625022,6538.978515625022,19.94
37837,10980.0,156750.0,Acura,TL,,2014.0,4,Sedan,of_Origin_Japan,9.303921785597714,9.231383,10980.000000000007,10211.659,768.3408203125073,768.3408203125073,7.0
8055,56925.0,35175.0,Chevrolet,Silverado,1500,2022.0,8,Pickup Truck,of_Origin_USA,10.949507457751732,10.860477,56925.00000000003,52075.938,4849.062500000029,4849.062500000029,8.52
29813,35995.0,39336.0,Jeep,Wrangler,Unlimited,2020.0,6,SUV,of_Origin_USA,10.49116310015384,10.777597,35995.0,47933.82,-11938.8203125,11938.8203125,-33.17
2792,53800.0,25328.0,Toyota,Crown,Signia,2025.0,4,SUV,of_Origin_Japan,10.893047333337728,10.79745,53800.00000000003,48894.96,4905.039062500029,4905.039062500029,9.12
19954,28414.0,199.0,Nissan,Kicks,Play,2025.0,4,SUV,of_Origin_Japan,10.254672453731223,10.795328,28414.000000000022,48791.316,-20377.316406249978,20377.316406249978,-71.72
8128,21789.0,81517.0,Chevrolet,Equinox,,2023.0,4,SUV,of_Origin_USA,9.989206427938665,10.234594,21788.999999999993,27849.17,-6060.169921875007,6060.169921875007,-27.81
16094,55888.0,44164.0,Lincoln,Aviator,,2023.0,6,SUV,of_Origin_USA,10.931122859815252,10.822655,55888.00000000005,50143.027,5744.972656250051,5744.972656250051,10.28
20550,23539.0,72493.0,Nissan,Rogue,,2023.0,4,SUV,of_Origin_Japan,10.066456380814268,10.307254,23539.0,29948.078,-6409.078125,6409.078125,-27.23
1590,44189.0,115792.0,RAM,1500,,2022.0,baseline_value_here,baseline_value_here,of_Origin_USA,10.696253798124786,10.418155,44189.00000000003,33460.633,10728.36718750003,10728.36718750003,24.28
37025,18800.0,182000.0,Cadillac,Escalade,ESV,2013.0,8,SUV,of_Origin_USA,9.841665338892785,9.565206,18799.999999999993,14258.884,4541.116210937493,4541.116210937493,24.15
8659,34291.0,87253.0,Chrysler,Pacifica,,2024.0,6,Minivan,of_Origin_USA,10.442667369798647,10.430188,34291.000000000015,33865.723,425.27734375001455,425.27734375001455,1.24
13836,15898.0,141163.0,Kia,Sportage,,2018.0,4,SUV,of_Origin_South Korea,9.67401149314871,9.555577,15898.000000000007,14122.245,1775.7548828125073,1775.7548828125073,11.17
8280,30637.0,78798.0,Chrysler,Grand,Caravan,2023.0,6,Minivan,of_Origin_USA,10.329996347572642,10.437244,30637.000000000022,34105.54,-3468.539062499978,3468.539062499978,-11.32
29217,38904.0,92039.0,Toyota,RAV,4,2023.0,4,SUV,of_Origin_Japan,10.56887805605103,10.260772,38903.99999999999,28587.842,10316.158203124993,10316.158203124993,26.52
23786,27688.0,52306.0,Volkswagen,Tiguan,,2023.0,4,SUV,baseline_value_here,10.228790501392256,10.559628,27688.0,38545.77,-10857.76953125,10857.76953125,-39.21
16429,32998.0,54934.0,Lincoln,Corsair,,2022.0,4,SUV,of_Origin_USA,10.404232536959167,10.285905,32997.99999999997,29315.475,3682.525390624971,3682.525390624971,11.16
12174,17995.0,82490.0,Hyundai,Elantra,,2022.0,4,Sedan,of_Origin_South Korea,9.797904789961063,9.941247,17994.999999999996,20768.627,-2773.6269531250036,2773.6269531250036,-15.41
2063,13998.0,149000.0,Mercedes-Benz,C-Class,Sedan,2016.0,6,Sedan,baseline_value_here,9.546741177474825,9.9488325,13997.999999999996,20926.775,-6928.775390625004,6928.775390625004,-49.5
31312,39499.0,39599.0,Ford,Bronco,,2023.0,4,SUV,of_Origin_USA,10.584055950889214,10.347608,39499.00000000002,31181.354,8317.646484375022,8317.646484375022,21.06
21266,49480.0,58518.0,RAM,1500,,2022.0,baseline_value_here,baseline_value_here,of_Origin_USA,10.809344036488135,10.681912,49479.999999999985,43559.777,5920.222656249985,5920.222656249985,11.96
9494,48888.0,18983.0,Ford,Explorer,,2025.0,4,SUV,of_Origin_USA,10.797307701282914,10.57641,48887.99999999999,39198.15,9689.851562499993,9689.851562499993,19.82
11287,28390.0,27486.0,Honda,Civic,Sedan,2024.0,4,Sedan,of_Origin_Japan,10.253827472516985,10.309964,28390.000000000015,30029.361,-1639.3613281249854,1639.3613281249854,-5.77
38203,105888.0,42286.0,Chevrolet,Tahoe,,2023.0,8,SUV,of_Origin_USA,11.570146654617513,11.278517,105888.00000000009,79102.84,26785.156250000087,26785.156250000087,25.3
15416,37488.0,111010.0,Lexus,RX,,2020.0,4,SUV,of_Origin_Japan,10.531802835594531,10.067933,37487.999999999985,23573.787,13914.212890624985,13914.212890624985,37.12
38390,10999.0,117525.0,BMW,X3,,2013.0,4,SUV,baseline_value_here,9.305650551780507,9.402718,10998.999999999998,12120.276,-1121.2763671875018,1121.2763671875018,-10.19
713,18995.0,78140.0,Toyota,RAV,4,2015.0,4,SUV,of_Origin_Japan,9.851983709669012,9.629974,18994.999999999993,15213.046,3781.9541015624927,3781.9541015624927,19.91
8048,33850.0,168000.0,Chevrolet,Silverado,1500,2023.0,8,Pickup Truck,of_Origin_USA,10.42972382000155,10.647483,33849.999999999985,42085.523,-8235.523437500015,8235.523437500015,-24.33
13878,27698.0,48848.0,Kia,Sorento,,2022.0,4,SUV,of_Origin_South Korea,10.229151590440738,10.187449,27698.00000000001,26566.646,1131.353515625011,1131.353515625011,4.08
22863,35088.0,43658.0,Toyota,Highlander,,2018.0,6,SUV,of_Origin_Japan,10.465642970023561,10.355123,35088.000000000015,31416.57,3671.4296875000146,3671.4296875000146,10.46
4121,60488.0,10465.0,Acura,MDX,,2025.0,6,SUV,of_Origin_Japan,11.010216809306185,11.023735,60487.999999999956,61311.258,-823.2578125000437,823.2578125000437,-1.36
29517,3995.0,161413.0,Ford,Escape,,2015.0,4,SUV,of_Origin_USA,8.293049139768444,9.146988,3994.9999999999986,9385.126,-5390.125976562502,5390.125976562502,-134.92
7780,27598.0,25431.0,Chevrolet,Trailblazer,,2024.0,4,SUV,of_Origin_USA,10.225534819164793,10.442536,27597.999999999993,34286.508,-6688.507812500007,6688.507812500007,-24.24
8421,44989.0,11088.0,Chrysler,Grand,Caravan,2025.0,6,Minivan,of_Origin_USA,10.714195521835219,10.884207,44989.00000000004,53326.465,-8337.464843749964,8337.464843749964,-18.53
22290,25995.0,68900.0,Tesla,Model,3,2021.0,Electric,Sedan,of_Origin_USA,10.16569795901424,10.462312,25995.00000000002,34971.305,-8976.304687499982,8976.304687499982,-34.53
27050,18900.0,203660.0,GMC,Terrain,,2019.0,4,SUV,of_Origin_USA,9.846970109700957,9.444739,18900.000000000004,12640.487,6259.512695312504,6259.512695312504,33.12
15531,89900.0,51694.0,Lexus,LX,,2019.0,6,SUV,of_Origin_Japan,11.40646434386837,10.452497,89900.00000000007,34629.723,55270.27734375007,55270.27734375007,61.48
19431,12999.0,148450.0,Mitsubishi,RVR,,2021.0,4,SUV,of_Origin_Japan,9.472704636443673,10.009778,12998.99999999999,22241.898,-9242.89843750001,9242.89843750001,-71.1
17389,34000.0,82355.0,MINI,Countryman,,2023.0,4,SUV,of_Origin_UK,10.434145214930487,10.293278,33999.99999999999,29532.418,4467.582031249993,4467.582031249993,13.14
8734,27609.0,91168.0,Dodge,Durango,,2019.0,6,SUV,of_Origin_USA,10.225933304924201,10.334697,27609.000000000022,30781.35,-3172.349609374978,3172.349609374978,-11.49
14815,6490.0,199054.0,Land,Rover,Range Rover Evoque,2015.0,6,SUV,baseline_value_here,8.778171881033469,9.502761,6490.000000000002,13395.662,-6905.662109374998,6905.662109374998,-106.4
12809,17495.0,104000.0,Infiniti,QX50,,2017.0,4,SUV,of_Origin_Japan,9.769727562356604,9.813012,17494.999999999996,18268.936,-773.9355468750036,773.9355468750036,-4.42
27684,34499.0,16207.0,Honda,Civic,Sedan,2025.0,4,Sedan,of_Origin_Japan,10.448714603019452,10.551335,34499.00000000003,38227.453,-3728.453124999971,3728.453124999971,-10.81
29909,23995.0,37000.0,Ford,Escape,,2020.0,4,SUV,of_Origin_USA,10.085642428772983,10.175646,23994.999999999993,26254.895,-2259.8945312500073,2259.8945312500073,-9.42
34202,5800.0,257362.0,BMW,X3,,2014.0,4,SUV,baseline_value_here,8.665785595466064,8.729234,5799.999999999996,6179.99,-379.99023437500364,379.99023437500364,-6.55
3004,17788.0,104115.0,Chevrolet,Malibu,,2021.0,4,Sedan,of_Origin_USA,9.78633556772527,9.874599,17788.000000000015,19429.504,-1641.5039062499854,1641.5039062499854,-9.23
2739,18992.0,135080.0,Volkswagen,Atlas,,2018.0,4,SUV,baseline_value_here,9.851825769212237,9.892509,18992.00000000001,19780.639,-788.6386718749891,788.6386718749891,-4.15
12085,21888.0,34195.0,Hyundai,Elantra,,2023.0,4,Sedan,of_Origin_South Korea,9.993739506513155,10.131587,21888.000000000004,25123.205,-3235.2050781249964,3235.2050781249964,-14.78
38094,8000.0,129783.0,Ford,Mustang,Coupe,2008.0,6,Coupe,of_Origin_USA,8.987321812850125,9.592246,8000.0000000000055,14649.739,-6649.7392578124945,6649.7392578124945,-83.12
17387,8500.0,140000.0,MINI,Clubman,,2010.0,4,Wagon,of_Origin_UK,9.04793908261736,8.767973,8500.000000000005,6424.1353,2075.8647460937555,2075.8647460937555,24.42
25636,36998.0,24086.0,GMC,Terrain,,2026.0,4,SUV,of_Origin_USA,10.518646164234097,10.643466,36997.99999999997,41916.81,-4918.808593750029,4918.808593750029,-13.29
8889,12888.0,83811.0,Dodge,Grand,Caravan,2013.0,6,Minivan,of_Origin_USA,9.46412951340478,9.505929,12888.000000000004,13438.172,-550.1718749999964,550.1718749999964,-4.27
36219,17821.0,198432.0,GMC,Sierra,1500,2016.0,8,Pickup Truck,of_Origin_USA,9.788188928172666,9.839623,17821.00000000001,18761.65,-940.6503906249891,940.6503906249891,-5.28
33336,103135.0,90.0,BMW,5,Series,2027.0,baseline_value_here,baseline_value_here,baseline_value_here,11.543803784615164,11.451129,103135.0,94006.414,9128.5859375,9128.5859375,8.85
33832,17499.0,139647.0,Honda,Civic,Sedan,2015.0,4,Sedan,of_Origin_Japan,9.769956159911606,9.392928,17499.000000000015,12002.194,5496.805664062515,5496.805664062515,31.41
10768,26200.0,78815.0,Genesis,G70,,2019.0,4,Sedan,of_Origin_South Korea,10.173552856959743,9.734072,26200.000000000022,16882.156,9317.843750000022,9317.843750000022,35.56
21933,28288.0,73475.0,Subaru,Crosstrek,,2024.0,4,SUV,of_Origin_Japan,10.250228315491283,10.332944,28288.000000000007,30727.441,-2439.4414062499927,2439.4414062499927,-8.62
2699,29888.0,88066.0,Mercedes-Benz,E-Class,,2018.0,6,Sedan,baseline_value_here,10.305245798712965,10.444133,29887.99999999998,34341.29,-4453.289062500018,4453.289062500018,-14.9
13669,38985.0,28275.0,Jeep,Grand,Cherokee 4xe,2022.0,4,SUV,of_Origin_USA,10.57095788630609,10.476207,38984.99999999998,35460.637,3524.363281249978,3524.363281249978,9.04
34218,36568.0,32843.0,Audi,Q5,,2023.0,4,SUV,baseline_value_here,10.506956165951394,10.58158,36568.00000000001,39401.33,-2833.3281249999927,2833.3281249999927,-7.75
16407,39999.0,132500.0,Lincoln,Navigator,,2018.0,6,SUV,of_Origin_USA,10.596634733096073,10.007835,39998.99999999997,22198.73,17800.26953124997,17800.26953124997,44.5
8387,48779.0,33673.0,Chrysler,Pacifica,,2024.0,6,Minivan,of_Origin_USA,10.795075671769911,10.641836,48779.00000000001,41848.543,6930.457031250007,6930.457031250007,14.21
12874,14888.0,60534.0,Infiniti,QX50,,2016.0,4,SUV,of_Origin_Japan,9.608377964255551,9.761512,14888.000000000005,17351.846,-2463.8457031249945,2463.8457031249945,-16.55
31751,2500.0,307197.0,Ford,Escape,,2013.0,4,SUV,of_Origin_USA,7.824445930877619,8.187746,2500.0000000000005,3595.6064,-1095.6064453124995,1095.6064453124995,-43.82
15573,31588.0,64500.0,Lexus,IS,,2018.0,4,Sedan,of_Origin_Japan,10.360564237707871,9.858446,31588.000000000007,19118.158,12469.841796875007,12469.841796875007,39.48
1970,67527.0,210.0,GMC,Canyon,,2026.0,4,Pickup Truck,of_Origin_USA,11.120297605663556,10.994239,67526.99999999999,59529.19,7997.808593749985,7997.808593749985,11.84
14736,22995.0,129652.0,Land,Rover,Range Rover Evoque,2020.0,4,SUV,baseline_value_here,10.043075566743182,10.073075,22995.000000000015,23695.326,-700.3261718749854,700.3261718749854,-3.05
32077,41990.0,95400.0,Lexus,NX,,2022.0,4,SUV,of_Origin_Japan,10.645210588588755,10.453297,41989.999999999985,34657.445,7332.554687499985,7332.554687499985,17.46
25093,25770.0,60000.0,Infiniti,Q50,,2021.0,6,Sedan,of_Origin_Japan,10.15700510770532,10.491719,25769.999999999996,36015.023,-10245.023437500004,10245.023437500004,-39.76
23730,27999.0,72364.0,Volkswagen,Tiguan,,2023.0,4,SUV,baseline_value_here,10.239959789157341,10.468549,27999.000000000004,35190.11,-7191.109374999996,7191.109374999996,-25.68
22286,24880.0,99000.0,Tesla,Model,3,2022.0,Electric,Sedan,of_Origin_USA,10.121859738971446,10.425661,24879.999999999993,33712.75,-8832.750000000007,8832.750000000007,-35.5
4610,64888.0,35000.0,Audi,Q8,,2023.0,6,SUV,baseline_value_here,11.080433396801446,11.081601,64888.00000000002,64963.816,-75.81640624997817,75.81640624997817,-0.12
31107,9995.0,208000.0,Honda,HR-V,,2017.0,4,SUV,of_Origin_Japan,9.209940291954844,9.318444,9995.00000000001,11140.635,-1145.634765624991,1145.634765624991,-11.46
30178,32988.0,22500.0,Hyundai,Tucson,,2024.0,4,SUV,of_Origin_South Korea,10.403929451547379,10.304578,32987.99999999997,29868.041,3119.958984374971,3119.958984374971,9.46
19712,27328.0,90.0,Nissan,Kicks,Play,2025.0,4,SUV,of_Origin_Japan,10.215703688424663,10.9166975,27328.000000000022,55087.566,-27759.566406249978,27759.566406249978,-101.58
25267,23995.0,142148.0,Toyota,Sienna,,2018.0,6,Minivan,of_Origin_Japan,10.085642428772983,10.025318,23994.999999999993,22590.254,1404.7460937499927,1404.7460937499927,5.85
8615,54995.0,24297.0,Chrysler,Pacifica,,2024.0,6,Minivan,of_Origin_USA,10.915015734297125,10.666636,54995.00000000002,42899.402,12095.597656250022,12095.597656250022,21.99
8082,84973.0,30236.0,Chevrolet,Corvette,,2021.0,8,Coupe,of_Origin_USA,11.350100606327963,11.180038,84972.99999999999,71684.12,13288.882812499985,13288.882812499985,15.64
30801,31183.0,102188.0,Volkswagen,Atlas,,2022.0,4,SUV,baseline_value_here,10.347660421747342,10.322196,31183.000000000007,30398.943,784.0566406250073,784.0566406250073,2.51
38405,36995.0,22367.0,BMW,X1,,2023.0,4,SUV,baseline_value_here,10.51856507767415,10.606451,36994.99999999999,40393.586,-3398.5859375000073,3398.5859375000073,-9.19
33579,29000.0,34744.0,Hyundai,Kona,,2025.0,4,SUV,of_Origin_South Korea,10.275085591132715,10.502313,28999.999999999996,36398.586,-7398.585937500004,7398.585937500004,-25.51
688,13495.0,142100.0,Acura,RDX,,2014.0,6,SUV,of_Origin_Japan,9.510148624225804,9.631639,13495.000000000002,15238.386,-1743.3857421874982,1743.3857421874982,-12.92
38433,31027.0,50.0,Kia,Seltos,,2027.0,4,SUV,of_Origin_South Korea,10.342645301610762,10.5108795,31027.0,36711.754,-5684.75390625,5684.75390625,-18.32
16457,59998.0,28610.0,Lincoln,Aviator,,2024.0,6,SUV,of_Origin_USA,11.002083174398681,10.908938,59998.00000000003,54661.785,5336.214843750029,5336.214843750029,8.89
37776,19980.0,374586.0,Tesla,Model,X,2018.0,Electric,Sedan,of_Origin_USA,9.902537101000133,9.323898,19980.000000000015,11201.568,8778.431640625015,8778.431640625015,43.94
23054,51900.0,5794.0,Toyota,RAV,4,2025.0,4,SUV,of_Origin_Japan,10.857093336791094,10.687291,51899.99999999998,43794.71,8105.289062499978,8105.289062499978,15.62
25746,14999.0,147740.0,Toyota,Camry,,2017.0,4,Sedan,of_Origin_Japan,9.615805480084347,9.599068,14999.000000000004,14750.022,248.97753906250364,248.97753906250364,1.66
22155,18498.0,118545.0,Subaru,Impreza,,2020.0,4,Sedan,of_Origin_Japan,9.82547195555139,9.952504,18498.000000000007,21003.756,-2505.7558593749927,2505.7558593749927,-13.55
12034,19990.0,119790.0,Hyundai,Santa,Fe,2020.0,4,SUV,of_Origin_South Korea,9.903037451255743,9.830749,19990.00000000001,18595.87,1394.130859375011,1394.130859375011,6.97
14147,18995.0,96110.0,Kia,Soul,,2023.0,4,Hatchback,of_Origin_South Korea,9.851983709669012,9.932564,18994.999999999993,20589.06,-1594.0605468750073,1594.0605468750073,-8.39
28882,61248.0,12191.0,Cadillac,XT4,,2025.0,4,SUV,of_Origin_USA,11.022702801743081,10.690757,61247.99999999997,43946.754,17301.24609374997,17301.24609374997,28.25
20259,19493.0,158281.0,Nissan,Rogue,,2024.0,4,SUV,of_Origin_Japan,9.877862004897155,10.138775,19492.999999999996,25304.445,-5811.445312500004,5811.445312500004,-29.81
33576,25000.0,26511.0,Mazda,CX-30,,2024.0,4,SUV,of_Origin_Japan,10.12667110305036,10.436708,25000.000000000004,34087.266,-9087.265624999996,9087.265624999996,-36.35
8437,45900.0,21015.0,Chrysler,Pacifica,,2024.0,6,Minivan,of_Origin_USA,10.734242182303689,10.6701145,45899.99999999998,43048.87,2851.128906249978,2851.128906249978,6.21
17216,5500.0,238631.0,MINI,3,Door,2016.0,baseline_value_here,baseline_value_here,of_Origin_UK,8.612685172875459,9.059045,5500.000000000004,8594.937,-3094.9365234374964,3094.9365234374964,-56.27
21996,21888.0,131911.0,Subaru,Ascent,,2019.0,4,SUV,of_Origin_Japan,9.993739506513155,9.895824,21888.000000000004,19846.324,2041.6757812500036,2041.6757812500036,9.33
14035,15767.0,109020.0,Kia,Forte,,2020.0,4,Sedan,of_Origin_South Korea,9.665737848832556,9.706656,15767.000000000002,16425.588,-658.5878906249982,658.5878906249982,-4.18
27910,27691.0,27437.0,Nissan,Rogue,,2024.0,4,SUV,of_Origin_Japan,10.228898841797916,10.435509,27690.999999999996,34046.39,-6355.390625000004,6355.390625000004,-22.95
23084,26999.0,103290.0,Toyota,RAV,4,2021.0,4,SUV,of_Origin_Japan,10.203592144986466,10.113558,26998.999999999996,24674.295,2324.7050781249964,2324.7050781249964,8.61
12963,10900.0,82685.0,Infiniti,EX,,2010.0,4,SUV,of_Origin_Japan,9.296609807128359,9.491862,10900.000000000004,13250.45,-2350.4501953124964,2350.4501953124964,-21.56
29957,16990.0,145581.0,Honda,Civic,Sedan,2017.0,4,Sedan,of_Origin_Japan,9.740439071085758,9.6754,16989.99999999999,15920.088,1069.912109374989,1069.912109374989,6.3
11252,21495.0,99074.0,Honda,CR-V,,2018.0,4,SUV,of_Origin_Japan,9.975622150295328,9.899969,21495.00000000001,19928.754,1566.246093750011,1566.246093750011,7.29
25720,39900.0,23345.0,Toyota,RAV,4,2025.0,4,SUV,of_Origin_Japan,10.594156665220533,10.563083,39899.99999999998,38679.184,1220.8164062499782,1220.8164062499782,3.06
16445,36998.0,52073.0,Lincoln,Nautilus,,2022.0,4,SUV,of_Origin_USA,10.518646164234097,10.295057,36997.99999999997,29585.021,7412.978515624971,7412.978515624971,20.04
5712,31495.0,80905.0,BMW,X4,,2018.0,6,SUV,baseline_value_here,10.357615832623573,10.413141,31494.999999999978,33293.293,-1798.2929687500218,1798.2929687500218,-5.71
8296,18995.0,149337.0,Chrysler,300,,2019.0,baseline_value_here,baseline_value_here,of_Origin_USA,9.851983709669012,10.035392,18994.999999999993,22818.98,-3823.9804687500073,3823.9804687500073,-20.13
22555,23990.0,86663.0,Tesla,Model,3,2021.0,Electric,Sedan,of_Origin_USA,10.085434038999999,10.370956,23989.999999999985,31917.99,-7927.990234375015,7927.990234375015,-33.05
17917,50988.0,10588.0,Mazda,CX-50,Hybrid,2025.0,4,SUV,of_Origin_Japan,10.839365202168324,10.691478,50988.00000000002,43978.45,7009.550781250022,7009.550781250022,13.75
28152,4800.0,277000.0,Mazda,Mazda3,,2013.0,4,Sedan,of_Origin_Japan,8.476579508530941,8.578057,4800.000000000003,5312.7725,-512.7724609374973,512.7724609374973,-10.68
13240,63060.0,6.0,Infiniti,QX50,,2025.0,4,SUV,of_Origin_Japan,11.051857790886416,10.905716,63060.00000000006,54485.918,8574.082031250058,8574.082031250058,13.6
17146,59320.0,90.0,MINI,Countryman,,2027.0,4,SUV,of_Origin_UK,10.990718653830616,11.010478,59320.00000000005,60503.8,-1183.800781249949,1183.800781249949,-2.0
10731,56888.0,400.0,Genesis,G70,,2025.0,4,Sedan,of_Origin_South Korea,10.948857279808518,10.340657,56887.99999999999,30965.375,25922.624999999993,25922.624999999993,45.57
15612,23000.0,155346.0,Lexus,ES,,2017.0,4,Sedan,of_Origin_Japan,10.043292972227004,9.605905,22999.999999999996,14851.22,8148.780273437496,8148.780273437496,35.43
14984,38880.0,107281.0,Land,Rover,Range Rover Sport,2018.0,6,SUV,baseline_value_here,10.568260978408226,10.27145,38879.99999999997,28894.758,9985.24218749997,9985.24218749997,25.68
8046,28995.0,49859.0,Chevrolet,Blazer,,2022.0,4,SUV,of_Origin_USA,10.274913168420769,10.2749605,28995.000000000007,28996.373,-1.373046874992724,1.373046874992724,-0.0
31994,103900.0,44400.0,Jeep,Grand,Cherokee,2018.0,6,SUV,of_Origin_USA,11.551193801680078,10.350504,103900.00000000001,31271.799,72628.20117187501,72628.20117187501,69.9
33130,13995.0,207927.0,Honda,Civic,Sedan,2018.0,4,Sedan,of_Origin_Japan,9.54652685348758,9.329694,13995.00000000001,11266.681,2728.319335937509,2728.319335937509,19.49
35006,28988.0,183989.0,Lexus,RX,,2018.0,4,SUV,of_Origin_Japan,10.274671726667417,9.557531,28987.999999999978,14149.869,14838.130859374978,14838.130859374978,51.19
17071,56862.0,90.0,MINI,Countryman,,2027.0,4,SUV,of_Origin_UK,10.94840014498095,11.010478,56861.99999999997,60503.8,-3641.800781250029,3641.800781250029,-6.4
28069,8000.0,190608.0,Honda,Civic,Sedan,2014.0,4,Sedan,of_Origin_Japan,8.987321812850125,9.14479,8000.0000000000055,9364.516,-1364.5156249999945,1364.5156249999945,-17.06
13478,5888.0,189192.0,Jeep,Grand,Cherokee,2011.0,6,SUV,of_Origin_USA,8.68084148294457,8.946327,5887.999999999999,7678.6343,-1790.634277343751,1790.634277343751,-30.41
13670,28106.0,121213.0,Jeep,Cherokee,,2022.0,4,SUV,of_Origin_USA,10.243773934619298,10.070354,28106.000000000015,23630.94,4475.060546875015,4475.060546875015,15.92
26019,52888.0,58810.0,Porsche,Cayenne,,2019.0,6,SUV,baseline_value_here,10.875950656715467,10.691978,52888.000000000015,44000.477,8887.523437500015,8887.523437500015,16.8
1568,44672.0,38226.0,Toyota,RAV,4 Hybrid,2023.0,4,SUV,of_Origin_Japan,10.707124571258316,10.621057,44672.00000000004,40987.9,3684.1015625000364,3684.1015625000364,8.25
1492,24999.0,68036.0,Hyundai,Sonata,,2023.0,4,Sedan,of_Origin_South Korea,10.126631103850338,10.04108,24999.0,22949.166,2049.833984375,2049.833984375,8.2
8270,34289.0,71388.0,Chrysler,Grand,Caravan,2024.0,6,Minivan,of_Origin_USA,10.442609045456965,10.514629,34288.99999999998,36849.68,-2560.679687500022,2560.679687500022,-7.47
32106,27017.0,105000.0,GMC,Sierra,1500,2019.0,8,Pickup Truck,of_Origin_USA,10.204258589529626,10.493248,27016.99999999999,36070.125,-9053.125000000011,9053.125000000011,-33.51
2891,11500.0,74413.0,Volkswagen,Tiguan,,2014.0,4,SUV,baseline_value_here,9.350189267092581,9.663835,11499.999999999998,15737.018,-4237.017578125002,4237.017578125002,-36.84
24625,38777.0,43121.0,Volvo,C40,Recharge Pure Electric,2022.0,Electric,SUV,of_Origin_Sweden,10.56560835449095,10.878942,38776.99999999996,53046.42,-14269.421875000036,14269.421875000036,-36.8
19664,24500.0,59620.0,Mitsubishi,Eclipse,Cross,2022.0,4,Coupe,of_Origin_Japan,10.106469212026385,10.191077,24499.99999999998,26663.203,-2163.203125000018,2163.203125000018,-8.83
30692,36888.0,67311.0,Lincoln,Corsair,,2022.0,4,SUV,of_Origin_USA,10.515668682606062,10.365243,36887.99999999998,31736.143,5151.857421874978,5151.857421874978,13.97
29279,24995.0,65683.0,Acura,MDX,,2017.0,6,SUV,of_Origin_Japan,10.126471091048971,10.296058,24994.999999999978,29614.635,-4619.634765625022,4619.634765625022,-18.48
30968,18495.0,149437.0,Toyota,RAV,4,2018.0,4,SUV,of_Origin_Japan,9.825309771472105,9.73322,18495.000000000015,16867.783,1627.2167968750146,1627.2167968750146,8.8
25645,31706.0,61425.0,Hyundai,Palisade,,2021.0,6,SUV,of_Origin_South Korea,10.364292755677457,10.462336,31706.00000000001,34972.14,-3266.140624999989,3266.140624999989,-10.3
25277,37995.0,112500.0,Mercedes-Benz,GLE,,2020.0,4,SUV,baseline_value_here,10.545236170010073,10.167584,37994.999999999985,26044.086,11950.914062499985,11950.914062499985,31.45
33291,110370.0,90.0,BMW,X6,,2027.0,6,SUV,baseline_value_here,11.611602697158974,11.512453,110370.00000000007,99951.77,10418.226562500073,10418.226562500073,9.44
29655,35000.0,115000.0,Audi,A6,,2019.0,6,Sedan,baseline_value_here,10.463131911491967,10.454158,35000.00000000001,34687.305,312.6953125000073,312.6953125000073,0.89
14987,123998.0,11014.0,Land,Rover,Defender,2025.0,4,SUV,baseline_value_here,11.728028780038526,10.913683,123997.99999999999,54921.75,69076.24999999999,69076.24999999999,55.71
10148,24949.0,45485.0,GMC,Terrain,,2021.0,4,SUV,of_Origin_USA,10.124629101179664,10.157708,24948.99999999999,25788.125,-839.1250000000109,839.1250000000109,-3.36
33297,81720.0,90.0,BMW,4,Series,2027.0,baseline_value_here,baseline_value_here,baseline_value_here,11.311066285763198,11.367337,81720.00000000001,86450.36,-4730.359374999985,4730.359374999985,-5.79
30958,5499.0,203611.0,Hyundai,Elantra,,2014.0,4,Sedan,of_Origin_South Korea,8.612503371220562,8.592633,5498.999999999999,5390.793,108.20703124999909,108.20703124999909,1.97
4914,69049.0,1700.0,Audi,Q5,,2026.0,4,SUV,baseline_value_here,11.142586158837439,11.017565,69049.00000000004,60934.11,8114.890625000044,8114.890625000044,11.75
31707,22998.0,85744.0,Mitsubishi,RVR,,2023.0,4,SUV,of_Origin_Japan,10.043206015705211,10.270344,22998.00000000002,28862.809,-5864.808593749982,5864.808593749982,-25.5
19388,21995.0,72498.0,Mitsubishi,RVR,,2024.0,4,SUV,of_Origin_Japan,9.998615897627705,10.330592,21994.999999999985,30655.26,-8660.259765625015,8660.259765625015,-39.37
35252,42995.0,10253.0,Mazda,CX-90,MHEV,2025.0,6,SUV,of_Origin_Japan,10.668862367092954,11.023735,42995.0,61311.258,-18316.2578125,18316.2578125,-42.6
25152,30988.0,79607.0,RAM,1500,Classic,2019.0,baseline_value_here,baseline_value_here,of_Origin_USA,10.341387581787455,10.332641,30988.000000000015,30718.123,269.87695312501455,269.87695312501455,0.87
32557,32900.0,53000.0,Subaru,Outback,,2022.0,4,SUV,of_Origin_Japan,10.401258331428318,10.336208,32899.999999999985,30827.916,2072.0839843749854,2072.0839843749854,6.3
20187,26990.0,154082.0,Nissan,Titan,,2018.0,8,Pickup Truck,of_Origin_Japan,10.203258756085228,10.192486,26989.999999999993,26700.787,289.2128906249927,289.2128906249927,1.07
15005,44888.0,33674.0,Land,Rover,Discovery Sport,2024.0,4,SUV,baseline_value_here,10.71194805485153,10.617266,44888.0,40832.81,4055.19140625,4055.19140625,9.03
16722,74895.0,499.0,Lincoln,Aviator,,2026.0,6,SUV,of_Origin_USA,11.223855763539852,11.278063,74895.00000000003,79066.945,-4171.945312499971,4171.945312499971,-5.57
8078,49995.0,78026.0,Chevrolet,Silverado,1500,2023.0,8,Pickup Truck,of_Origin_USA,10.819698281210112,10.79402,49994.99999999997,48727.516,1267.484374999971,1267.484374999971,2.54
38510,20991.0,73000.0,Mercedes-Benz,A-Class,Hatchback,2019.0,4,Hatchback,baseline_value_here,9.951896691743816,10.014416,20991.0,22345.293,-1354.29296875,1354.29296875,-6.45
1543,58999.0,24000.0,Toyota,4-Runner,,2023.0,6,SUV,of_Origin_Japan,10.985292722887856,10.73001,58998.99999999995,45706.152,13292.847656249949,13292.847656249949,22.53
22078,29850.0,21400.0,Subaru,Crosstrek,,2024.0,4,SUV,of_Origin_Japan,10.303973619097128,10.420523,29849.999999999993,33539.96,-3689.9609375000073,3689.9609375000073,-12.36
22359,29995.0,198276.0,Tesla,Model,Y,2022.0,Electric,Sedan,of_Origin_USA,10.30881931842128,10.095645,29995.000000000007,24236.225,5758.775390625007,5758.775390625007,19.2
36587,17999.0,137515.0,Nissan,Rogue,,2021.0,4,SUV,of_Origin_Japan,9.798127036878302,10.032984,17999.000000000007,22764.096,-4765.095703124993,4765.095703124993,-26.47
20881,107990.0,39555.0,Porsche,Cayenne,,2024.0,6,SUV,baseline_value_here,11.589803169300609,11.090501,107990.00000000007,65544.56,42445.43750000007,42445.43750000007,39.3
27978,26022.0,65873.0,Honda,Civic,Sedan,2020.0,4,Sedan,of_Origin_Japan,10.166736041346642,10.07456,26021.999999999985,23730.54,2291.4609374999854,2291.4609374999854,8.81
13176,63055.0,1500.0,Infiniti,QX50,,2025.0,4,SUV,of_Origin_Japan,11.051778499434786,10.731045,63055.000000000044,45753.47,17301.531250000044,17301.531250000044,27.44
13869,16999.0,81587.0,Kia,Rio,5-door,2022.0,4,Sedan,of_Origin_South Korea,9.740968623038354,9.942103,16999.00000000001,20786.422,-3787.421874999989,3787.421874999989,-22.28
33048,27999.0,74940.0,Mazda,CX-5,,2023.0,4,SUV,of_Origin_Japan,10.239959789157341,10.295929,27999.000000000004,29610.822,-1611.8222656249964,1611.8222656249964,-5.76
28279,69980.0,51241.0,Chevrolet,Corvette,Z51,2015.0,8,Coupe,of_Origin_USA,11.155979055616665,11.089711,69979.99999999997,65492.83,4487.171874999971,4487.171874999971,6.41
27776,21987.0,60166.0,Volkswagen,Jetta,,2022.0,4,Sedan,baseline_value_here,9.998252128980551,10.324224,21987.00000000001,30460.67,-8473.669921874989,8473.669921874989,-38.54
7777,99888.0,48000.0,Chevrolet,Corvette,Z06,2017.0,8,Coupe,of_Origin_USA,11.511814848463972,11.161837,99888.00000000006,70391.125,29496.87500000006,29496.87500000006,29.53
3891,28999.0,81458.0,Acura,TLX,,2022.0,4,Sedan,of_Origin_Japan,10.275051108968611,10.082509,28999.00000000001,23919.93,5079.070312500011,5079.070312500011,17.51
29722,11980.0,179900.0,Mazda,CX-5,,2016.0,4,SUV,of_Origin_Japan,9.3910773406399,9.429875,11980.000000000005,12453.975,-473.97460937499454,473.97460937499454,-3.96
16508,82000.0,55000.0,Lincoln,Navigator,,2023.0,6,SUV,of_Origin_USA,11.314486721293981,10.795439,82000.0,48796.715,33203.28515625,33203.28515625,40.49
29640,31950.0,131454.0,Chevrolet,Silverado,1500,2021.0,8,Pickup Truck,of_Origin_USA,10.37195875822042,10.579832,31950.000000000015,39332.508,-7382.507812499985,7382.507812499985,-23.11
29728,20000.0,198000.0,Toyota,4-Runner,,2014.0,6,SUV,of_Origin_Japan,9.90353755128617,9.337731,20000.000000000015,11357.61,8642.389648437515,8642.389648437515,43.21
29778,38888.0,45885.0,Subaru,Forester,,2025.0,4,SUV,of_Origin_Japan,10.568466713268153,10.505872,38888.000000000015,36528.367,2359.6328125000146,2359.6328125000146,6.07
2253,38500.0,7812.0,Honda,Accord,Hybrid,2024.0,4,Sedan,of_Origin_Japan,10.55843949396453,10.54935,38499.99999999997,38151.62,348.3789062499709,348.3789062499709,0.9
8893,53783.0,41891.0,Dodge,Durango,,2024.0,6,SUV,of_Origin_USA,10.892731304148873,10.8605175,53783.00000000001,52078.023,1704.9765625000073,1704.9765625000073,3.17
38528,18500.0,146259.0,Acura,ILX,,2020.0,4,Sedan,of_Origin_Japan,9.825580063659602,9.856676,18500.0,19084.346,-584.345703125,584.345703125,-3.16
22572,26990.0,199069.0,Tesla,Model,Y,2023.0,Electric,Sedan,of_Origin_USA,10.203258756085228,10.1349745,26989.999999999993,25208.457,1781.5429687499927,1781.5429687499927,6.6
32718,16999.0,108165.0,Subaru,BRZ,,2016.0,4,Coupe,of_Origin_Japan,9.740968623038354,9.609163,16999.00000000001,14899.697,2099.302734375011,2099.302734375011,12.35
456,38588.0,56126.0,Lexus,UX,,2024.0,4,SUV,of_Origin_Japan,10.560722540746825,10.659557,38588.00000000001,42596.777,-4008.7773437499927,4008.7773437499927,-10.39
35490,25999.0,155000.0,Toyota,Tundra,,2012.0,6,Pickup Truck,of_Origin_Japan,10.165851817003619,9.820084,25998.999999999985,18398.59,7600.410156249985,7600.410156249985,29.23
1910,19995.0,28592.0,Mazda,Mazda6,,2019.0,4,Sedan,of_Origin_Japan,9.903287532533462,10.047872,19995.00000000001,23105.555,-3110.554687499989,3110.554687499989,-15.56
27697,41999.0,116268.0,Audi,Q8,,2022.0,6,SUV,baseline_value_here,10.645424897265505,10.782911,41998.99999999998,48189.215,-6190.214843750022,6190.214843750022,-14.74
20229,6990.0,231635.0,Nissan,Rogue,,2015.0,4,SUV,of_Origin_Japan,8.852378886511985,9.138867,6990.000000000002,9309.214,-2319.213867187498,2319.213867187498,-33.18
9085,43988.0,64828.0,Dodge,Durango,,2024.0,6,SUV,of_Origin_USA,10.691694881645189,10.791588,43988.0,48609.16,-4621.16015625,4621.16015625,-10.51
19379,20999.0,62450.0,Mitsubishi,Outlander,,2022.0,4,SUV,of_Origin_Japan,9.95227771670556,10.306731,20998.999999999985,29932.432,-8933.431640625015,8933.431640625015,-42.54
4628,11995.0,152000.0,Audi,Q5,,2016.0,4,SUV,baseline_value_here,9.392328539868899,9.557344,11994.99999999999,14147.225,-2152.224609375009,2152.224609375009,-17.94
23445,35995.0,42681.0,Volkswagen,Atlas,,2022.0,4,SUV,baseline_value_here,10.49116310015384,10.5119,35995.0,36749.24,-754.23828125,754.23828125,-2.1
8482,30980.0,54237.0,Chrysler,Grand,Caravan,2022.0,6,Minivan,of_Origin_USA,10.341129392339514,10.519485,30980.00000000002,37029.066,-6049.066406249982,6049.066406249982,-19.53
107,30860.0,100000.0,Acura,MDX,,2019.0,6,SUV,of_Origin_Japan,10.33724852979914,10.246066,30860.00000000002,28170.5,2689.500000000018,2689.500000000018,8.72
11319,17990.0,143000.0,Honda,Civic,Sedan,2020.0,4,Sedan,of_Origin_Japan,9.79762691183662,9.866181,17990.000000000004,19266.623,-1276.6230468749964,1276.6230468749964,-7.1
28650,47000.0,9170.0,Toyota,GR86,,2025.0,4,Coupe,of_Origin_Japan,10.757924157061597,10.4621725,46999.99999999999,34966.438,12033.562499999993,12033.562499999993,25.6
8499,25885.0,31264.0,Chrysler,300,,2021.0,baseline_value_here,baseline_value_here,of_Origin_USA,10.161457561002383,10.624046,25884.99999999998,41110.63,-15225.628906250018,15225.628906250018,-58.82
16252,24999.0,92124.0,Lincoln,Corsair,,2020.0,4,SUV,of_Origin_USA,10.126631103850338,10.028377,24999.0,22659.455,2339.544921875,2339.544921875,9.36
33544,64060.0,300.0,Honda,Odyssey,,2026.0,6,Minivan,of_Origin_Japan,11.067591033406591,11.019804,64060.000000000015,61070.707,2989.2929687500146,2989.2929687500146,4.67
34614,21950.0,15206.0,Nissan,Kicks,,2024.0,4,SUV,of_Origin_Japan,9.99656797555214,10.415893,21949.999999999993,33385.023,-11435.023437500007,11435.023437500007,-52.1
38123,30017.0,17000.0,Buick,Encore,GX,2024.0,4,SUV,of_Origin_USA,10.30955248071626,10.450507,30016.99999999999,34560.9,-4543.898437500011,4543.898437500011,-15.14
29803,13500.0,243000.0,Mazda,Mazda3,,2021.0,4,Sedan,of_Origin_Japan,9.510519035757246,9.528538,13500.000000000004,13745.476,-245.47558593749636,245.47558593749636,-1.82
32093,18895.0,90859.0,Kia,Forte,,2023.0,4,Sedan,of_Origin_South Korea,9.846705538437144,9.973754,18895.000000000004,21454.879,-2559.8789062499964,2559.8789062499964,-13.55
32129,96999.0,18120.0,BMW,X5,,2026.0,6,SUV,baseline_value_here,11.48246625748552,11.322987,96998.99999999997,82699.97,14299.03124999997,14299.03124999997,14.74
12627,34395.0,29438.0,Infiniti,Q50,,2024.0,6,Sedan,of_Origin_Japan,10.445695557530787,10.744707,34394.99999999998,46382.87,-11987.871093750022,11987.871093750022,-34.85
14922,62990.0,54400.0,Land,Rover,Defender,2023.0,6,SUV,baseline_value_here,11.05074713802576,11.040165,62990.00000000001,62326.934,663.0664062500073,663.0664062500073,1.05
16245,25330.0,113020.0,Lincoln,Nautilus,,2019.0,4,SUV,of_Origin_USA,10.139784221095251,9.876028,25330.000000000022,19457.281,5872.718750000022,5872.718750000022,23.18
9112,27988.0,14996.0,Dodge,Hornet,,2024.0,4,SUV,of_Origin_USA,10.239566854825899,10.434776,27987.999999999975,34021.465,-6033.4648437500255,6033.4648437500255,-21.56
7854,10880.0,122979.0,Chevrolet,Cruze,,2018.0,4,Sedan,of_Origin_USA,9.294773427951013,9.579474,10880.000000000005,14463.815,-3583.8154296874945,3583.8154296874945,-32.94
28793,11495.0,170201.0,Hyundai,Tucson,,2018.0,4,SUV,of_Origin_South Korea,9.34975442775886,9.305337,11494.999999999993,10995.551,499.4492187499927,499.4492187499927,4.34
10360,35995.0,36987.0,GMC,Terrain,,2023.0,4,SUV,of_Origin_USA,10.49116310015384,10.376303,35995.0,32089.096,3905.904296875,3905.904296875,10.85
11094,10990.0,245547.0,Honda,Civic,Sedan,2016.0,4,Sedan,of_Origin_Japan,9.3048320350689,9.046457,10989.999999999996,8487.413,2502.5869140624964,2502.5869140624964,22.77
3366,54799.0,10.0,Jeep,Grand,Cherokee,2025.0,6,SUV,of_Origin_USA,10.911445472936107,11.144904,54798.99999999999,69209.24,-14410.242187500007,14410.242187500007,-26.3
17093,56862.0,90.0,MINI,Countryman,,2027.0,4,SUV,of_Origin_UK,10.94840014498095,11.010478,56861.99999999997,60503.8,-3641.800781250029,3641.800781250029,-6.4
23003,56188.0,17873.0,Toyota,RAV,4,2024.0,Electric,SUV,of_Origin_Japan,10.93647628718689,10.772528,56188.0,47691.418,8496.58203125,8496.58203125,15.12
24632,11888.0,151360.0,Volvo,XC60,,2013.0,6,SUV,of_Origin_Sweden,9.383368881858544,9.558194,11887.999999999996,14159.252,-2271.2519531250036,2271.2519531250036,-19.11
13675,31995.0,10120.0,Jeep,Compass,,2024.0,4,SUV,of_Origin_USA,10.373366173968712,10.563273,31994.99999999999,38686.562,-6691.562500000011,6691.562500000011,-20.91
7878,49980.0,46977.0,Chevrolet,Silverado,1500,2025.0,8,Pickup Truck,of_Origin_USA,10.819398212191988,10.945518,49980.000000000044,56698.324,-6718.324218749956,6718.324218749956,-13.44
2511,24595.0,80500.0,Audi,Q7,,2018.0,6,SUV,baseline_value_here,10.11033910707336,10.413141,24594.999999999985,33293.293,-8698.292968750015,8698.292968750015,-35.37
14857,58998.0,82547.0,Land,Rover,Defender,2022.0,4,SUV,baseline_value_here,10.985275773591676,10.372983,58998.00000000001,31982.742,27015.257812500007,27015.257812500007,45.79
32868,19888.0,84370.0,Toyota,Corolla,Sedan,2022.0,4,Sedan,of_Origin_Japan,9.897922094063247,10.080037,19888.000000000015,23860.871,-3972.8710937499854,3972.8710937499854,-19.98
17726,17800.0,84202.0,Mazda,Mazda3,,2020.0,4,Sedan,of_Origin_Japan,9.787009914477434,10.0073595,17800.00000000001,22188.168,-4388.167968749989,4388.167968749989,-24.65
20914,35980.0,115295.0,Porsche,Macan,,2019.0,4,SUV,baseline_value_here,10.490746300336754,10.057985,35979.99999999999,23340.434,12639.566406249993,12639.566406249993,35.13
34558,22000.0,36444.0,Nissan,Sentra,,2024.0,4,Sedan,of_Origin_Japan,9.99884318585288,10.255595,21999.999999999993,28440.232,-6440.232421875007,6440.232421875007,-29.27
30360,43688.0,15444.0,Subaru,Forester,,2025.0,4,SUV,of_Origin_Japan,10.68485163315069,10.555425,43687.99999999997,38384.1,5303.898437499971,5303.898437499971,12.14
6646,15995.0,147617.0,Buick,Enclave,,2016.0,6,SUV,of_Origin_USA,9.680093969966709,9.68008,15995.0,15994.783,0.216796875,0.216796875,0.0
20802,68900.0,27331.0,Porsche,Cayenne,,2021.0,6,SUV,baseline_value_here,11.140425970684525,10.927526,68900.00000000004,55687.363,13212.636718750044,13212.636718750044,19.18
6442,20995.0,64732.0,Buick,Envista,,2025.0,4,SUV,of_Origin_USA,9.95208722237219,10.42151,20995.000000000004,33573.086,-12578.085937499996,12578.085937499996,-59.91
20751,21788.0,141000.0,Porsche,Macan,,2016.0,4,SUV,baseline_value_here,9.989160534274278,9.6104355,21788.000000000007,14918.666,6869.333984375007,6869.333984375007,31.53
1108,25986.0,117391.0,RAM,1500,,2017.0,baseline_value_here,baseline_value_here,of_Origin_USA,10.165351691961936,9.965137,25985.999999999978,21270.78,4715.220703124978,4715.220703124978,18.15
33803,11749.0,150441.0,Volkswagen,Jetta,,2016.0,4,Sedan,baseline_value_here,9.371608519572305,9.472948,11749.000000000004,13002.165,-1253.1650390624964,1253.1650390624964,-10.67
23535,38885.0,13838.0,Volkswagen,Taos,,2026.0,4,SUV,baseline_value_here,10.568389567655771,10.939791,38885.00000000001,56374.543,-17489.542968749993,17489.542968749993,-44.98
20217,26995.0,18462.0,Nissan,Rogue,,2024.0,4,SUV,of_Origin_Japan,10.203443985863297,10.430392,26994.999999999993,33872.637,-6877.636718750007,6877.636718750007,-25.48
26576,7500.0,150517.0,Hyundai,Elantra,,2012.0,4,Sedan,of_Origin_South Korea,8.922791623969637,8.6495,7500.0000000000055,5706.292,1793.7080078125055,1793.7080078125055,23.92
4087,17451.0,157892.0,Acura,MDX,,2016.0,6,SUV,of_Origin_Japan,9.7672095342435,9.725922,17451.000000000004,16745.115,705.8847656250036,705.8847656250036,4.04
8136,2285.0,237216.0,Chevrolet,Equinox,,2007.0,4,SUV,of_Origin_USA,7.734558844354756,8.105858,2284.9999999999995,3312.8232,-1027.8232421875005,1027.8232421875005,-44.98
17741,27950.0,79479.0,Mazda,CX-5,,2022.0,4,SUV,of_Origin_Japan,10.238208256118535,10.254902,27950.0,28420.52,-470.51953125,470.51953125,-1.68
9294,27488.0,67759.0,Ford,Bronco,Sport,2021.0,4,SUV,of_Origin_USA,10.221541203633324,10.132585,27488.000000000022,25148.281,2339.718750000022,2339.718750000022,8.51
28561,15000.0,166278.0,Toyota,Camry,,2016.0,4,Sedan,of_Origin_Japan,9.61587214452889,9.386958,14999.99999999999,11930.749,3069.250976562491,3069.250976562491,20.46
7761,6990.0,226451.0,Chevrolet,Cruze,,2019.0,4,Sedan,of_Origin_USA,8.852378886511985,9.180552,6990.000000000002,9705.505,-2715.504882812498,2715.504882812498,-38.85
28826,39888.0,18649.0,Lexus,RX,,2018.0,4,SUV,of_Origin_Japan,10.593855875645637,9.97448,39888.0,21470.455,18417.544921875,18417.544921875,46.17
36926,25499.0,96702.0,Honda,HR-V,,2023.0,4,SUV,of_Origin_Japan,10.146433731146518,10.261508,25499.0,28608.896,-3109.896484375,3109.896484375,-12.2
20540,25999.0,20460.0,Nissan,Rogue,,2024.0,4,SUV,of_Origin_Japan,10.165851817003619,10.422493,25998.999999999985,33606.113,-7607.113281250015,7607.113281250015,-29.26
23525,12995.0,240493.0,Volkswagen,Atlas,,2018.0,4,SUV,baseline_value_here,9.472396896788991,9.326352,12995.000000000005,11229.091,1765.9091796875055,1765.9091796875055,13.59
20867,39777.0,60501.0,Porsche,Macan,,2020.0,4,SUV,baseline_value_here,10.591069274623191,10.356171,39776.99999999996,31449.516,8327.484374999964,8327.484374999964,20.94
9568,46695.0,93673.0,Ford,F-150,,2022.0,6,Pickup Truck,of_Origin_USA,10.751413786883626,10.672449,46694.99999999996,43149.492,3545.5078124999636,3545.5078124999636,7.59
17092,65212.0,90.0,MINI,Countryman,,2027.0,4,SUV,of_Origin_UK,11.085414114542965,11.010478,65212.000000000044,60503.8,4708.199218750044,4708.199218750044,7.22
26417,34995.0,77869.0,Volkswagen,Atlas,,2022.0,4,SUV,baseline_value_here,10.462989048226156,10.409921,34995.00000000002,33186.24,1808.7617187500218,1808.7617187500218,5.17
9301,41888.0,4363.0,Ford,Escape,,2026.0,4,SUV,of_Origin_USA,10.642778541610305,10.814554,41888.00000000002,49738.477,-7850.476562499978,7850.476562499978,-18.74
15456,44500.0,25150.0,Lexus,IS,,2024.0,4,Sedan,of_Origin_Japan,10.703266939811954,10.264263,44499.99999999997,28687.83,15812.16992187497,15812.16992187497,35.53
33332,12995.0,210000.0,Toyota,Venza,,2013.0,4,SUV,of_Origin_Japan,9.472396896788991,9.066642,12995.000000000005,8660.488,4334.5117187500055,4334.5117187500055,33.36
18422,22587.0,101437.0,Mercedes-Benz,GLC,,2018.0,6,SUV,baseline_value_here,10.025174070792728,10.271319,22587.000000000015,28890.982,-6303.982421874985,6303.982421874985,-27.91
7656,44751.0,15.0,Chevrolet,Bolt,,2027.0,Electric,Hatchback,of_Origin_USA,10.708891415441741,10.624402,44751.0,41125.258,3625.7421875,3625.7421875,8.1
12439,33986.0,150.0,Hyundai,Elantra,,2025.0,4,Sedan,of_Origin_South Korea,10.433733377541598,10.334929,33985.99999999999,30788.514,3197.4863281249927,3197.4863281249927,9.41
13503,68494.0,11809.0,Jeep,Grand,Cherokee,2025.0,6,SUV,of_Origin_USA,11.13451602888549,11.107798,68493.99999999996,66688.16,1805.8437499999563,1805.8437499999563,2.64
4649,56987.0,827.0,Audi,Q5,,2025.0,4,SUV,baseline_value_here,10.950595998337121,10.956759,56986.99999999995,57339.33,-352.32812500005093,352.32812500005093,-0.62
28947,23850.0,86000.0,Kia,Seltos,,2024.0,4,SUV,of_Origin_South Korea,10.079581424158677,10.199092,23850.000000000004,26877.768,-3027.7675781249964,3027.7675781249964,-12.7
31296,9995.0,312000.0,RAM,1500,,2014.0,baseline_value_here,baseline_value_here,of_Origin_USA,9.209940291954844,8.6476965,9995.00000000001,5696.0083,4298.991699218759,4298.991699218759,43.01
19406,33498.0,39664.0,Mitsubishi,Outlander,,2024.0,4,SUV,of_Origin_Japan,10.419270866621346,10.407762,33497.999999999985,33114.66,383.33984374998545,383.33984374998545,1.14
9518,13988.0,89010.0,Ford,Escape,,2017.0,4,SUV,of_Origin_USA,9.546026585476431,9.669844,13988.00000000001,15831.874,-1843.874023437491,1843.874023437491,-13.18
6149,37048.0,296.0,Buick,Encore,GX,2026.0,4,SUV,of_Origin_USA,10.519996639806674,10.967007,37047.99999999997,57929.93,-20881.92968750003,20881.92968750003,-56.36
35924,19995.0,66960.0,BMW,X1,,2018.0,4,SUV,baseline_value_here,9.903287532533462,10.074602,19995.00000000001,23731.533,-3736.533203124989,3736.533203124989,-18.69
20524,23088.0,52427.0,Nissan,Rogue,,2022.0,4,SUV,of_Origin_Japan,10.047111592619004,10.338427,23088.000000000007,30896.377,-7808.376953124993,7808.376953124993,-33.82
5795,60995.0,17172.0,BMW,X1,,2025.0,4,SUV,baseline_value_here,11.018563567234903,10.787623,60995.00000000001,48416.83,12578.171875000007,12578.171875000007,20.62
28060,29995.0,15912.0,Jeep,Compass,,2024.0,4,SUV,of_Origin_USA,10.30881931842128,10.474296,29995.000000000007,35392.93,-5397.929687499993,5397.929687499993,-18.0
36271,14888.0,142176.0,Subaru,BRZ,,2015.0,4,Coupe,of_Origin_Japan,9.608377964255551,9.441076,14888.000000000005,12594.266,2293.7343750000055,2293.7343750000055,15.41
37525,20995.0,62535.0,Hyundai,Elantra,,2023.0,4,Sedan,of_Origin_South Korea,9.95208722237219,10.055624,20995.000000000004,23285.383,-2290.3828124999964,2290.3828124999964,-10.91
8786,44999.0,27980.0,Dodge,Durango,,2023.0,6,SUV,of_Origin_USA,10.714417768752456,10.865069,44998.999999999985,52315.62,-7316.621093750015,7316.621093750015,-16.26
16840,86998.0,6145.0,Lincoln,Aviator,,2026.0,6,SUV,of_Origin_USA,11.373651903317787,11.215585,86997.99999999997,74278.086,12719.91406249997,12719.91406249997,14.62
9266,37888.0,53421.0,Ford,Explorer,,2023.0,4,SUV,of_Origin_USA,10.542416111476454,10.342605,37887.99999999999,31025.738,6862.261718749993,6862.261718749993,18.11
11993,36656.0,61157.0,Hyundai,Tucson,Plug-In Hybrid,2024.0,4,SUV,of_Origin_South Korea,10.509359684984632,10.443187,36656.00000000002,34308.816,2347.183593750022,2347.183593750022,6.4
26229,10990.0,141800.0,Volkswagen,Golf,Standard Model,2016.0,4,Hatchback,baseline_value_here,9.3048320350689,9.442858,10989.999999999996,12616.724,-1626.7236328125036,1626.7236328125036,-14.8
14172,31995.0,14467.0,Kia,Seltos,,2025.0,4,SUV,of_Origin_South Korea,10.373366173968712,10.591163,31994.99999999999,39780.715,-7785.714843750011,7785.714843750011,-24.33
1955,12888.0,203621.0,Hyundai,Elantra,,2023.0,4,Sedan,of_Origin_South Korea,9.46412951340478,9.501768,12888.000000000004,13382.369,-494.36914062499636,494.36914062499636,-3.84
22732,34450.0,92000.0,Toyota,RAV,4,2024.0,4,SUV,of_Origin_Japan,10.44729330359671,10.286541,34450.000000000015,29334.129,5115.871093750015,5115.871093750015,14.85
25057,31770.0,54000.0,Infiniti,QX50,,2023.0,4,SUV,of_Origin_Japan,10.366309203003638,10.372238,31770.00000000001,31958.928,-188.9277343749891,188.9277343749891,-0.59
21989,33995.0,30770.0,Subaru,Forester,,2023.0,4,SUV,of_Origin_Japan,10.433998149618517,10.388127,33995.00000000002,32470.8,1524.1992187500218,1524.1992187500218,4.48
37461,13500.0,52400.0,Nissan,Qashqai,,2019.0,4,SUV,of_Origin_Japan,9.510519035757246,10.128515,13500.000000000004,25046.148,-11546.148437499996,11546.148437499996,-85.53
4438,9995.0,153000.0,Audi,A3,,2016.0,4,Sedan,baseline_value_here,9.209940291954844,9.476259,9995.00000000001,13045.292,-3050.291992187491,3050.291992187491,-30.52
22748,22950.0,134000.0,Toyota,Camry,,2022.0,4,Sedan,of_Origin_Japan,10.041116787524166,9.950465,22949.999999999996,20960.97,1989.0292968749964,1989.0292968749964,8.67
32810,19950.0,105299.0,Infiniti,QX60,,2019.0,6,SUV,of_Origin_Japan,9.901034546375062,10.246197,19950.00000000001,28174.18,-8224.179687499989,8224.179687499989,-41.22
20393,27995.0,23576.0,Nissan,Rogue,,2024.0,4,SUV,of_Origin_Japan,10.23981692180943,10.377187,27994.99999999999,32117.479,-4122.478515625011,4122.478515625011,-14.73
31038,8995.0,188439.0,Nissan,Altima,,2013.0,4,Sedan,of_Origin_Japan,9.104535313079205,9.028831,8994.999999999993,8339.101,655.8994140624927,655.8994140624927,7.29
4533,26888.0,62016.0,Audi,Q3,,2022.0,4,SUV,baseline_value_here,10.199472560025471,10.432801,26888.0,33954.336,-7066.3359375,7066.3359375,-26.28
11143,34499.0,43833.0,Honda,CR-V,,2024.0,4,SUV,of_Origin_Japan,10.448714603019452,10.411823,34499.00000000003,33249.44,1249.558593750029,1249.558593750029,3.62
25743,23888.0,66468.0,Audi,A5,Coupe,2018.0,6,Coupe,baseline_value_here,10.081173380925554,10.6285,23887.999999999985,41294.137,-17406.136718750015,17406.136718750015,-72.87
471,25590.0,21967.0,Honda,Civic,Sedan,2023.0,4,Sedan,of_Origin_Japan,10.149996006155071,10.225398,25590.000000000015,27594.227,-2004.2265624999854,2004.2265624999854,-7.83
28490,8499.0,85000.0,Dodge,Journey,,2016.0,4,SUV,of_Origin_USA,9.047821442478408,9.494814,8499.000000000005,13289.621,-4790.6210937499945,4790.6210937499945,-56.37
22410,19490.0,138300.0,Tesla,Model,3,2018.0,Electric,Sedan,of_Origin_USA,9.877708099548641,9.994056,19490.000000000015,21894.924,-2404.9238281249854,2404.9238281249854,-12.34
36550,39999.0,206445.0,Audi,S8,,2016.0,6,Sedan,baseline_value_here,10.596634733096073,9.576797,39998.99999999997,14425.132,25573.86816406247,25573.86816406247,63.94
7336,9200.0,210000.0,Cadillac,ATS,,2014.0,6,Sedan,of_Origin_USA,9.127067452782361,9.017102,9200.0,8241.856,958.1435546875,958.1435546875,10.41
33300,77820.0,90.0,BMW,4,Series,2027.0,baseline_value_here,baseline_value_here,baseline_value_here,11.262166596623034,11.367337,77820.00000000001,86450.36,-8630.359374999985,8630.359374999985,-11.09
17255,44995.0,14560.0,MINI,Countryman,,2024.0,4,SUV,of_Origin_UK,10.714328875912717,10.561671,44995.00000000001,38624.63,6370.371093750007,6370.371093750007,14.16
3996,29688.0,114482.0,Acura,RDX,,2020.0,4,SUV,of_Origin_Japan,10.298531885816375,10.062408,29688.000000000007,23443.904,6244.095703125007,6244.095703125007,21.03
27138,13990.0,199806.0,Mazda,CX-5,,2015.0,4,SUV,of_Origin_Japan,9.546169544733285,9.264523,13989.999999999989,10555.77,3434.230468749989,3434.230468749989,24.55
16795,72045.0,250.0,Lincoln,Nautilus,,2026.0,4,SUV,of_Origin_USA,11.18506008288446,10.967007,72044.99999999999,57929.93,14115.070312499985,14115.070312499985,19.59
34892,52900.0,72948.0,Land,Rover,Range Rover Sport,2022.0,4,SUV,baseline_value_here,10.876177521259402,10.420915,52899.99999999998,33553.11,19346.890624999978,19346.890624999978,36.57
25460,41900.0,78874.0,Toyota,RAV,4,2023.0,4,SUV,of_Origin_Japan,10.643064971973882,10.558737,41900.00000000003,38511.45,3388.550781250029,3388.550781250029,8.09
12635,15995.0,85237.0,Infiniti,Q50,,2014.0,6,Sedan,of_Origin_Japan,9.680093969966709,9.90362,15995.0,20001.645,-4006.64453125,4006.64453125,-25.05
29907,26995.0,62553.0,Mazda,Mazda3,,2024.0,4,Sedan,of_Origin_Japan,10.203443985863297,10.198164,26994.999999999993,26852.836,142.16406249999272,142.16406249999272,0.53
7174,27998.0,168494.0,Cadillac,Escalade,ESV,2015.0,8,SUV,of_Origin_USA,10.239924074233857,10.027458,27998.000000000007,22638.652,5359.347656250007,5359.347656250007,19.14
13597,46694.0,20481.0,Jeep,Wrangler,,2024.0,6,SUV,of_Origin_USA,10.751392371543819,10.910037,46694.00000000003,54721.87,-8027.871093749971,8027.871093749971,-17.19
38497,31991.0,108000.0,Jeep,Grand,Cherokee L,2023.0,6,SUV,of_Origin_USA,10.373241150526654,10.568915,31991.000000000004,38905.453,-6914.453124999996,6914.453124999996,-21.61
28654,17888.0,125221.0,Kia,Seltos,,2022.0,4,SUV,of_Origin_South Korea,9.791941277791215,9.956689,17887.999999999996,21091.84,-3203.8398437500036,3203.8398437500036,-17.91
9466,42550.0,135411.0,Ford,F-250,Super Duty,2022.0,8,Pickup Truck,of_Origin_USA,10.65845863548799,10.654641,42550.000000000015,42387.87,162.12890625001455,162.12890625001455,0.38
13332,39999.0,81722.0,Jeep,Grand,Cherokee L,2021.0,6,SUV,of_Origin_USA,10.596634733096073,10.473001,39998.99999999997,35347.12,4651.878906249971,4651.878906249971,11.63
29410,26000.0,85600.0,Lexus,SC,,2006.0,8,baseline_value_here,of_Origin_Japan,10.165890277802454,10.356682,25999.999999999985,31465.596,-5465.595703125015,5465.595703125015,-21.02
29733,90988.0,20278.0,Audi,RS5,,2024.0,6,Sedan,baseline_value_here,11.418493899071638,11.173654,90988.0,71227.875,19760.125,19760.125,21.72
29413,32888.0,58538.0,Mazda,CX-5,,2023.0,4,SUV,of_Origin_Japan,10.40089353434265,10.376089,32888.000000000015,32082.242,805.7578125000146,805.7578125000146,2.45
20397,11880.0,144969.0,Nissan,Sentra,,2020.0,4,Sedan,of_Origin_Japan,9.382695764458287,9.870236,11879.999999999995,19344.912,-7464.9121093750055,7464.9121093750055,-62.84
29610,4750.0,195700.0,Honda,Civic,,2008.0,4,Sedan,of_Origin_Japan,8.46611040118692,8.653497,4749.999999999996,5729.1484,-979.1484375000036,979.1484375000036,-20.61
14260,26445.0,99.0,Kia,K4,,2025.0,4,Sedan,of_Origin_South Korea,10.182860197116769,10.316846,26445.000000000022,30236.734,-3791.734374999978,3791.734374999978,-14.34
1777,54497.0,90.0,Chevrolet,Bolt,,2027.0,Electric,Hatchback,of_Origin_USA,10.905919282730268,10.701092,54496.99999999999,44403.31,10093.691406249993,10093.691406249993,18.52
17465,12946.0,160513.0,MINI,Clubman,,2017.0,4,Wagon,of_Origin_UK,9.468619380058648,9.401317,12946.00000000001,12103.308,842.6923828125091,842.6923828125091,6.51
20144,35964.0,9159.0,Nissan,Rogue,,2026.0,4,SUV,of_Origin_Japan,10.490301522301456,10.735083,35963.99999999998,45938.594,-9974.593750000022,9974.593750000022,-27.73
24923,27440.0,19164.0,Honda,Civic,Sedan,2024.0,4,Sedan,of_Origin_Japan,10.219793524324475,10.29626,27440.000000000015,29620.623,-2180.6230468749854,2180.6230468749854,-7.95
29976,15450.0,97908.0,Mercedes-Benz,B-Class,,2018.0,4,Hatchback,baseline_value_here,9.645429005150419,9.824259,15450.00000000001,18475.572,-3025.572265624991,3025.572265624991,-19.58
23646,24499.0,73417.0,Volkswagen,Jetta,,2024.0,4,Sedan,baseline_value_here,10.106428396532818,10.311836,24499.0,30085.633,-5586.6328125,5586.6328125,-22.8
26455,54900.0,50842.0,Audi,A5,Cabriolet,2024.0,6,Hatchback,baseline_value_here,10.91328684226798,10.911762,54899.99999999996,54816.363,83.63671874996362,83.63671874996362,0.15
30009,52995.0,68140.0,Toyota,4-Runner,,2024.0,6,SUV,of_Origin_Japan,10.877971717988014,10.740597,52995.00000000004,46192.61,6802.390625000036,6802.390625000036,12.84
31211,11500.0,232000.0,Honda,Civic,Sedan,2017.0,4,Sedan,of_Origin_Japan,9.350189267092581,9.244473,11499.999999999998,10346.223,1153.7773437499982,1153.7773437499982,10.03
26318,9000.0,190000.0,Honda,Pilot,,2010.0,6,SUV,of_Origin_Japan,9.105090961257085,9.123833,9000.0,9170.285,-170.28515625,170.28515625,-1.89
35452,42021.0,46870.0,Jeep,Wrangler,,2023.0,6,SUV,of_Origin_USA,10.645948569648995,10.838926,42021.00000000004,50965.625,-8944.624999999964,8944.624999999964,-21.29
26321,2700.0,280900.0,Audi,Q7,,2008.0,6,SUV,baseline_value_here,7.901377353792616,8.575565,2700.0000000000005,5299.5474,-2599.5473632812495,2599.5473632812495,-96.28
36387,17495.0,154057.0,Mazda,CX-5,,2018.0,4,SUV,of_Origin_Japan,9.769727562356604,9.740611,17494.999999999996,16992.922,502.07812499999636,502.07812499999636,2.87
29810,68867.0,29778.0,Mercedes-Benz,E-Class,,2022.0,6,Sedan,baseline_value_here,11.139946907896363,11.084272,68866.99999999999,65137.586,3729.4140624999854,3729.4140624999854,5.42
14709,29900.0,64726.0,Land,Rover,Range Rover Evoque,2020.0,4,SUV,baseline_value_here,10.305647203635566,10.346534,29899.999999999996,31147.887,-1247.8867187500036,1247.8867187500036,-4.17
20373,32989.0,29324.0,Nissan,Rogue,,2024.0,4,SUV,of_Origin_Japan,10.403959764222627,10.437138,32988.99999999999,34101.9,-1112.8984375000073,1112.8984375000073,-3.37
37243,33942.0,14.0,Honda,HR-V,,2027.0,4,SUV,of_Origin_Japan,10.432437926160665,10.583055,33941.99999999997,39459.465,-5517.464843750029,5517.464843750029,-16.26
32773,29782.0,16503.0,Hyundai,Elantra,,2025.0,4,Sedan,of_Origin_South Korea,10.301693039915031,10.300829,29781.999999999978,29756.275,25.724609374978172,25.724609374978172,0.09
850,35288.0,10405.0,Volkswagen,Tiguan,,2024.0,4,SUV,baseline_value_here,10.47132657962855,10.763333,35287.99999999999,47254.926,-11966.925781250007,11966.925781250007,-33.91
5874,35658.0,207.0,Buick,Envista,,2026.0,4,SUV,of_Origin_USA,10.48175684839914,10.877913,35658.00000000001,52991.914,-17333.914062499993,17333.914062499993,-48.61
32836,17995.0,156342.0,Subaru,Forester,,2020.0,4,SUV,of_Origin_Japan,9.797904789961063,9.951077,17994.999999999996,20973.81,-2978.8105468750036,2978.8105468750036,-16.55
26746,23995.0,52000.0,Chevrolet,Malibu,,2024.0,4,Sedan,of_Origin_USA,10.085642428772983,10.188466,23994.999999999993,26593.67,-2598.6699218750073,2598.6699218750073,-10.83
12747,21981.0,116555.0,Infiniti,QX50,,2020.0,4,SUV,of_Origin_Japan,9.997979215628845,10.062991,21980.999999999993,23457.57,-1476.5703125000073,1476.5703125000073,-6.72
14900,12988.0,122461.0,Land,Rover,Range Rover Evoque,2016.0,6,SUV,baseline_value_here,9.471858124407284,9.978173,12987.999999999996,21549.908,-8561.908203125004,8561.908203125004,-65.92
20497,23293.0,66720.0,Nissan,Rogue,,2023.0,4,SUV,of_Origin_Japan,10.055951095662596,10.331049,23292.99999999998,30669.268,-7376.267578125018,7376.267578125018,-31.67
11825,14990.0,158031.0,Hyundai,Elantra,,2022.0,4,Sedan,of_Origin_South Korea,9.615205300012315,9.614093,14990.000000000004,14973.332,16.667968750003638,16.667968750003638,0.11
28908,14298.0,106647.0,Chevrolet,Trax,,2018.0,4,SUV,of_Origin_USA,9.567944883732848,9.761219,14298.000000000005,17346.766,-3048.7656249999945,3048.7656249999945,-21.32
7124,51498.0,15884.0,Cadillac,XT5,,2024.0,4,SUV,of_Origin_USA,10.849317668987577,10.474296,51497.999999999985,35392.93,16105.070312499985,16105.070312499985,31.27
1620,34994.0,73409.0,RAM,1500,Classic,2021.0,baseline_value_here,baseline_value_here,of_Origin_USA,10.46296047312364,10.51356,34994.000000000015,36810.305,-1816.3046874999854,1816.3046874999854,-5.19
4537,7999.0,176776.0,Audi,A4,,2012.0,4,Sedan,baseline_value_here,8.987196820661973,8.8981495,7999.0,7317.418,681.58203125,681.58203125,8.52
25164,61995.0,31889.0,Mercedes-Benz,GLE,,2023.0,6,SUV,baseline_value_here,11.034825145816942,11.072583,61995.00000000005,64380.6,-2385.601562499949,2385.601562499949,-3.85
1508,54995.0,19296.0,RAM,1500,,2025.0,baseline_value_here,baseline_value_here,of_Origin_USA,10.915015734297125,10.918982,54995.00000000002,55213.54,-218.53906249997817,218.53906249997817,-0.4
19308,41998.0,23625.0,Mitsubishi,Outlander,,2025.0,4,SUV,of_Origin_Japan,10.645401087458245,10.568511,41998.00000000001,38889.723,3108.2773437500073,3108.2773437500073,7.4
14824,64490.0,82137.0,Land,Rover,Defender,2023.0,6,SUV,baseline_value_here,11.074280958164245,10.842356,64489.999999999956,51140.71,13349.289062499956,13349.289062499956,20.7
125,19888.0,84699.0,Toyota,Corolla,Sedan,2021.0,4,Sedan,of_Origin_Japan,9.897922094063247,10.019635,19888.000000000015,22462.234,-2574.2343749999854,2574.2343749999854,-12.94
37802,20950.0,81314.0,Kia,Seltos,,2021.0,4,SUV,of_Origin_South Korea,9.949941656908011,9.997911,20949.999999999985,21979.51,-1029.5097656250146,1029.5097656250146,-4.91
14008,25588.0,45960.0,Kia,Seltos,,2023.0,4,SUV,of_Origin_South Korea,10.149917850625528,10.245315,25588.00000000002,28149.336,-2561.335937499982,2561.335937499982,-10.01
12131,30995.0,16072.0,Hyundai,Kona,,2024.0,4,SUV,of_Origin_South Korea,10.34161344288384,10.400002,30994.99999999999,32858.676,-1863.675781250011,1863.675781250011,-6.01
29983,104867.0,6810.0,Mercedes-Benz,GLE,,2026.0,6,SUV,baseline_value_here,11.560457695415545,11.461975,104867.00000000006,95031.586,9835.414062500058,9835.414062500058,9.38
30939,38999.0,85600.0,Honda,Odyssey,,2022.0,6,Minivan,of_Origin_Japan,10.571316925111784,10.5524845,38999.00000000002,38271.41,727.5898437500218,727.5898437500218,1.87
21908,28888.0,76665.0,Subaru,WRX,,2023.0,4,Sedan,of_Origin_Japan,10.271216178807896,10.191193,28888.00000000001,26666.28,2221.720703125011,2221.720703125011,7.69
27893,29491.0,63765.0,Mazda,CX-5,,2023.0,4,SUV,of_Origin_Japan,10.29187431910954,10.341745,29490.99999999998,30999.09,-1508.0898437500182,1508.0898437500182,-5.11
10816,50795.0,42917.0,Genesis,GV70,,2024.0,6,SUV,of_Origin_South Korea,10.835572890308924,10.774318,50795.000000000015,47776.867,3018.1328125000146,3018.1328125000146,5.94
15613,21699.0,124128.0,Lexus,ES,,2015.0,4,Sedan,of_Origin_Japan,9.98506753952855,9.416429,21698.999999999993,12287.616,9411.383789062493,9411.383789062493,43.37
11333,29795.0,101677.0,Honda,CR-V,,2023.0,4,SUV,of_Origin_Japan,10.302129435296166,10.227962,29794.999999999975,27665.057,2129.9433593749745,2129.9433593749745,7.15
12038,37998.0,1526.0,Hyundai,Sonata,Hybrid,2026.0,4,Sedan,of_Origin_South Korea,10.545315122572783,10.597488,37998.0,40033.16,-2035.16015625,2035.16015625,-5.36
27703,39998.0,53861.0,Jeep,Grand,Cherokee 4xe,2022.0,4,SUV,of_Origin_USA,10.596609732783568,10.399312,39997.99999999999,32836.027,7161.972656249993,7161.972656249993,17.91
11299,15999.0,72578.0,Honda,Fit,,2016.0,4,Hatchback,of_Origin_Japan,9.680344001221918,9.589592,15999.000000000002,14610.906,1388.0937500000018,1388.0937500000018,8.68
35235,14499.0,147245.0,Hyundai,Kona,,2020.0,4,SUV,of_Origin_South Korea,9.581903928408666,9.698832,14499.000000000004,16297.552,-1798.5517578124964,1798.5517578124964,-12.4
25122,29995.0,49133.0,Mazda,CX-5,,2023.0,4,SUV,of_Origin_Japan,10.30881931842128,10.36414,29995.000000000007,31701.143,-1706.1425781249927,1706.1425781249927,-5.69
31330,33988.0,50059.0,Mazda,CX-50,,2023.0,4,SUV,of_Origin_Japan,10.433792221839603,10.363534,33988.00000000001,31681.951,2306.0488281250073,2306.0488281250073,6.78
38207,32995.0,27307.0,Hyundai,Kona,,2026.0,4,SUV,of_Origin_South Korea,10.404141620980623,10.513804,32995.00000000001,36819.293,-3824.2929687499927,3824.2929687499927,-11.59
11907,12280.0,82741.0,Hyundai,Sonata,,2016.0,4,Sedan,of_Origin_South Korea,9.415808631610384,9.372419,12279.999999999995,11758.531,521.4687499999945,521.4687499999945,4.25
13367,46999.0,24900.0,Jeep,Grand,Cherokee,2024.0,6,SUV,of_Origin_USA,10.757902880692196,10.903448,46999.00000000002,54362.492,-7363.492187499978,7363.492187499978,-15.67
22686,32990.0,138082.0,Tesla,Model,Y,2021.0,Electric,Sedan,of_Origin_USA,10.403990075979044,10.200501,32989.999999999985,26915.68,6074.320312499985,6074.320312499985,18.41
10353,33788.0,85267.0,GMC,Canyon,,2021.0,4,Pickup Truck,of_Origin_USA,10.427890584715806,10.331064,33787.99999999999,30669.734,3118.2656249999927,3118.2656249999927,9.23
28227,28999.0,51945.0,Toyota,Corolla,Cross,2022.0,4,Sedan,of_Origin_Japan,10.275051108968611,10.183484,28999.00000000001,26461.504,2537.496093750011,2537.496093750011,8.75
25426,26988.0,82152.0,Acura,RDX,,2019.0,4,SUV,of_Origin_Japan,10.203184654566114,10.054028,26988.000000000004,23248.236,3739.7636718750036,3739.7636718750036,13.86
15028,96822.0,31578.0,Land,Rover,Range Rover Sport,2023.0,6,SUV,baseline_value_here,11.48063984834726,11.059423,96822.00000000006,63538.906,33283.09375000006,33283.09375000006,34.38
22854,38895.0,75965.0,Toyota,RAV,4 Hybrid,2023.0,4,SUV,of_Origin_Japan,10.568646696555904,10.562495,38894.99999999997,38656.47,238.5312499999709,238.5312499999709,0.61
14955,73999.0,19035.0,Land,Rover,Defender,2025.0,4,SUV,baseline_value_here,11.211820372186306,10.7769165,73998.99999999994,47901.19,26097.80859374994,26097.80859374994,35.27
35062,31495.0,93581.0,Audi,Q5,,2024.0,4,SUV,baseline_value_here,10.357615832623573,10.421203,31494.999999999978,33562.777,-2067.777343750022,2067.777343750022,-6.57
17907,29995.0,92794.0,Mazda,CX-9,,2022.0,4,SUV,of_Origin_Japan,10.30881931842128,10.225934,29995.000000000007,27609.02,2385.9804687500073,2385.9804687500073,7.95
10874,46999.0,15032.0,Genesis,GV70,,2025.0,4,SUV,of_Origin_South Korea,10.757902880692196,10.5029125,46999.00000000002,36420.426,10578.574218750022,10578.574218750022,22.51
11024,30990.0,89997.0,Honda,CR-V,,2022.0,4,SUV,of_Origin_Japan,10.341452118734878,10.228006,30989.999999999975,27666.297,3323.7031249999745,3323.7031249999745,10.73
29579,29029.0,24004.0,Ford,Escape,PHEV,2024.0,4,SUV,of_Origin_USA,10.276085057018676,10.446081,29029.000000000015,34408.266,-5379.265624999985,5379.265624999985,-18.53
20795,34777.0,97799.0,Porsche,Macan,,2018.0,4,SUV,baseline_value_here,10.456740281942015,10.005574,34777.000000000015,22148.59,12628.410156250015,12628.410156250015,36.31
20347,17489.0,87545.0,Nissan,Rogue,,2020.0,4,SUV,of_Origin_Japan,9.769384568012647,10.123954,17488.99999999999,24932.158,-7443.158203125011,7443.158203125011,-42.56
13116,62365.0,6.0,Infiniti,QX50,,2025.0,4,SUV,of_Origin_Japan,11.040775534066068,10.905716,62365.00000000003,54485.918,7879.082031250029,7879.082031250029,12.63
23813,23695.0,71870.0,Volkswagen,Taos,,2024.0,4,SUV,baseline_value_here,10.07306153650758,10.495644,23695.000000000015,36156.64,-12461.640624999985,12461.640624999985,-52.59
13289,63064.0,90.0,Infiniti,QX50,,2025.0,4,SUV,of_Origin_Japan,11.051921219521294,10.9166975,63064.00000000001,55087.566,7976.433593750007,7976.433593750007,12.65
35541,79043.0,11557.0,Mercedes-Benz,GLC,,2025.0,Electric,SUV,baseline_value_here,11.277759938428693,11.253192,79042.99999999996,77124.71,1918.2890624999563,1918.2890624999563,2.43
35079,39870.0,300.0,Honda,Civic,Sedan,2026.0,4,Sedan,of_Origin_Japan,10.593404521575788,10.730423,39870.00000000001,45725.027,-5855.027343749993,5855.027343749993,-14.69
20821,99999.0,37261.0,Porsche,Panamera,,2020.0,6,Sedan,baseline_value_here,11.512925464970229,10.968757,99999.00000000001,58031.395,41967.605468750015,41967.605468750015,41.97
5306,73960.0,10226.0,BMW,i4,,2024.0,Electric,Sedan,baseline_value_here,11.211293206231721,11.195747,73959.99999999996,72819.11,1140.8906249999563,1140.8906249999563,1.54
22809,27999.0,103876.0,Toyota,RAV,4,2022.0,4,SUV,of_Origin_Japan,10.239959789157341,10.197619,27999.000000000004,26838.217,1160.7832031250036,1160.7832031250036,4.15
27855,38500.0,31811.0,Buick,Envision,,2024.0,4,SUV,of_Origin_USA,10.55843949396453,10.3943615,38499.99999999997,32673.867,5826.132812499971,5826.132812499971,15.13
15419,42995.0,69344.0,Lexus,NX,,2023.0,4,SUV,of_Origin_Japan,10.668862367092954,10.327552,42995.0,30562.197,12432.802734375,12432.802734375,28.92
18657,17985.0,153399.0,Mercedes-Benz,E-Class,,2016.0,6,Sedan,baseline_value_here,9.79734895647446,9.946295,17984.999999999985,20873.734,-2888.7343750000146,2888.7343750000146,-16.06
23728,30999.0,71995.0,Volkswagen,Tiguan,,2023.0,4,SUV,baseline_value_here,10.341742483467284,10.474039,30999.000000000022,35383.85,-4384.851562499978,4384.851562499978,-14.15
32008,29495.0,40327.0,Honda,Civic,Hatchback,2023.0,4,Sedan,of_Origin_Japan,10.29200993991398,10.214131,29494.999999999978,27285.062,2209.937499999978,2209.937499999978,7.49
29130,18683.0,119323.0,Mazda,CX-5,,2018.0,4,SUV,of_Origin_Japan,9.835422821621998,9.868677,18682.999999999993,19314.77,-631.7695312500073,631.7695312500073,-3.38
35852,58520.0,90.0,MINI,Countryman,,2027.0,4,SUV,of_Origin_UK,10.977140943163043,11.010478,58520.000000000044,60503.8,-1983.8007812499563,1983.8007812499563,-3.39
26823,90684.0,450.0,Chevrolet,Silverado,EV,2026.0,Electric,Pickup Truck,of_Origin_USA,11.415147242051523,11.43884,90683.99999999994,92858.23,-2174.226562500058,2174.226562500058,-2.4
7563,46486.0,90.0,Chevrolet,Bolt,,2027.0,Electric,Hatchback,of_Origin_USA,10.746927982596027,10.701092,46486.00000000001,44403.31,2082.6914062500073,2082.6914062500073,4.48
16549,63895.0,250.0,Lincoln,Nautilus,,2026.0,4,SUV,of_Origin_USA,11.065012040597225,10.967007,63894.99999999998,57929.93,5965.070312499978,5965.070312499978,9.34
36889,15992.0,134138.0,Subaru,Outback,,2016.0,4,SUV,of_Origin_Japan,9.67990640549087,9.590158,15991.99999999999,14619.187,1372.813476562491,1372.813476562491,8.58
26236,42998.0,13182.0,Audi,Q3,,2025.0,4,SUV,baseline_value_here,10.668932138591325,10.885054,42997.999999999985,53371.645,-10373.644531250015,10373.644531250015,-24.13
33310,86995.0,11915.0,Chevrolet,Corvette,,2022.0,8,Coupe,of_Origin_USA,11.373617419568252,11.380465,86995.00000000001,87592.72,-597.7187499999854,597.7187499999854,-0.69
17241,10990.0,134216.0,MINI,3,Door,2016.0,baseline_value_here,baseline_value_here,of_Origin_UK,9.3048320350689,9.266735,10989.999999999996,10579.152,410.84765624999636,410.84765624999636,3.74
27595,29888.0,11112.0,Jeep,Compass,,2024.0,4,SUV,of_Origin_USA,10.305245798712965,10.564389,29887.99999999998,38729.754,-8841.753906250018,8841.753906250018,-29.58
36588,33999.0,30217.0,Honda,Civic,Sedan,2025.0,4,Sedan,of_Origin_Japan,10.4341158035983,10.513835,33999.00000000003,36820.418,-2821.417968749971,2821.417968749971,-8.3
18486,29988.0,70000.0,Mercedes-Benz,GLE,,2018.0,6,SUV,baseline_value_here,10.308585926738967,10.529961,29988.00000000001,37419.0,-7430.999999999989,7430.999999999989,-24.78
10072,34585.0,44344.0,GMC,Terrain,,2024.0,4,SUV,of_Origin_USA,10.451204254885868,10.388208,34585.00000000001,32473.434,2111.5664062500073,2111.5664062500073,6.11
38801,58950.0,108100.0,Porsche,Cayman,718,2009.0,6,Coupe,baseline_value_here,10.984461869350051,10.145391,58949.999999999956,25472.436,33477.564453124956,33477.564453124956,56.79
6297,13450.0,304490.0,Buick,Envision,,2021.0,4,SUV,of_Origin_USA,9.506808731708581,9.421587,13449.999999999995,12351.17,1098.8300781249945,1098.8300781249945,8.17
5529,53888.0,48269.0,BMW,X5,,2022.0,6,SUV,baseline_value_here,10.894681654436946,10.955532,53888.00000000002,57268.992,-3380.992187499978,3380.992187499978,-6.27
22231,23995.0,85368.0,Tesla,Model,3,2021.0,Electric,Sedan,of_Origin_USA,10.085642428772983,10.360229,23994.999999999993,31577.396,-7582.396484375007,7582.396484375007,-31.6
19345,39990.0,64868.0,Mitsubishi,Lancer,Evolution,2015.0,4,Sedan,of_Origin_Japan,10.596409707779776,9.621991,39989.99999999999,15092.072,24897.927734374993,24897.927734374993,62.26
20314,17888.0,116000.0,Nissan,Rogue,,2019.0,4,SUV,of_Origin_Japan,9.791941277791215,9.965757,17887.999999999996,21283.988,-3395.9882812500036,3395.9882812500036,-18.98
25770,39998.0,12913.0,Mazda,CX-50,,2024.0,4,SUV,of_Origin_Japan,10.596609732783568,10.509782,39997.99999999999,36671.477,3326.5234374999927,3326.5234374999927,8.32
14124,13290.0,116886.0,Kia,Optima,,2018.0,4,Sedan,of_Origin_South Korea,9.494842393421333,9.514797,13290.000000000004,13557.884,-267.88378906249636,267.88378906249636,-2.02
28011,33000.0,2800.0,Jeep,Compass,,2025.0,4,SUV,of_Origin_USA,10.404293143019792,10.764879,32999.99999999999,47328.035,-14328.035156250007,14328.035156250007,-43.42
34683,9999.0,202544.0,Mazda,CX-3,,2016.0,4,SUV,of_Origin_Japan,9.210340371976184,9.2696085,9999.00000000001,10609.597,-610.5966796874909,610.5966796874909,-6.11
30827,62988.0,79652.0,Audi,Q7,,2024.0,6,SUV,baseline_value_here,11.050715386954158,10.995366,62988.000000000015,59596.332,3391.6679687500146,3391.6679687500146,5.38
11910,17980.0,70143.0,Hyundai,Elantra,,2021.0,4,Sedan,of_Origin_South Korea,9.797070923831638,9.889198,17980.000000000015,19715.248,-1735.2480468749854,1735.2480468749854,-9.65
13428,20995.0,118187.0,Jeep,Grand,Cherokee,2017.0,6,SUV,of_Origin_USA,9.95208722237219,9.96813,20995.000000000004,21334.553,-339.55273437499636,339.55273437499636,-1.62
28209,40988.0,9160.0,Chevrolet,Camaro,,2023.0,6,Coupe,of_Origin_USA,10.621059017006598,11.25899,40988.00000000001,77573.21,-36585.21093749999,36585.21093749999,-89.26
30262,32995.0,64576.0,Volkswagen,Tiguan,,2024.0,4,SUV,baseline_value_here,10.404141620980623,10.529249,32995.00000000001,37392.387,-4397.386718749993,4397.386718749993,-13.33
37299,621.0,35100.0,Ford,Escape,,2024.0,4,SUV,of_Origin_USA,6.432940092739179,10.411319,620.9999999999999,33232.668,-32611.66796875,32611.66796875,-5251.48
11272,22995.0,113664.0,Honda,Accord,Sedan,2021.0,4,Sedan,of_Origin_Japan,10.043075566743182,9.982901,22995.000000000015,21652.03,1342.9707031250146,1342.9707031250146,5.84
22019,28998.0,105721.0,Subaru,WRX,STI,2019.0,4,Sedan,of_Origin_Japan,10.275016625615446,9.98898,28998.000000000004,21784.072,7213.927734375004,7213.927734375004,24.88
33025,27995.0,77297.0,Mazda,CX-5,,2022.0,4,SUV,of_Origin_Japan,10.23981692180943,10.257063,27994.99999999999,28482.006,-487.0058593750109,487.0058593750109,-1.74
22065,32999.0,45854.0,Subaru,WRX,,2023.0,4,Sedan,of_Origin_Japan,10.404262840448617,10.370282,32998.99999999998,31896.477,1102.5234374999782,1102.5234374999782,3.34
28313,17114.0,157883.0,Dodge,Grand,Caravan,2017.0,6,Minivan,of_Origin_USA,9.747710550964285,9.629379,17113.999999999996,15203.995,1910.0048828124964,1910.0048828124964,11.16
21077,32888.0,91111.0,RAM,1500,Classic,2023.0,baseline_value_here,baseline_value_here,of_Origin_USA,10.40089353434265,10.567832,32888.000000000015,38863.324,-5975.324218749985,5975.324218749985,-18.17
18750,38366.0,58678.0,Mercedes-Benz,GLC,,2022.0,4,SUV,baseline_value_here,10.554952994101429,10.502631,38365.99999999996,36410.18,1955.8203124999636,1955.8203124999636,5.1
2167,7349.0,152681.0,Mercedes-Benz,C-Class,Sedan,2011.0,4,Sedan,baseline_value_here,8.902455592206882,9.018024,7349.000000000001,8249.462,-900.4619140624991,900.4619140624991,-12.25
38398,27888.0,39127.0,Volkswagen,Taos,,2024.0,4,SUV,baseline_value_here,10.23598762483351,10.595867,27888.00000000002,39968.31,-12080.308593749982,12080.308593749982,-43.32
27976,26790.0,65300.0,Volkswagen,Tiguan,,2023.0,4,SUV,baseline_value_here,10.19582128920296,10.497653,26789.99999999998,36229.37,-9439.371093750018,9439.371093750018,-35.23
1455,40427.0,87451.0,Ford,F-150,,2022.0,6,Pickup Truck,of_Origin_USA,10.607277893194553,10.686268,40426.999999999985,43749.918,-3322.9179687500146,3322.9179687500146,-8.22
17632,9990.0,213785.0,Mazda,CX-5,,2015.0,4,SUV,of_Origin_Japan,9.209439966733019,9.185737,9990.0,9755.965,234.03515625,234.03515625,2.34
14884,73202.0,3807.0,Land,Rover,Range Rover Velar,2026.0,4,SUV,baseline_value_here,11.200991682716156,10.989892,73202.00000000004,59270.984,13931.015625000044,13931.015625000044,19.03
36482,41988.0,41200.0,Chevrolet,Corvette,,2006.0,8,Coupe,of_Origin_USA,10.645162958200558,10.995892,41987.99999999996,59627.656,-17639.656250000036,17639.656250000036,-42.01
13114,62310.0,5.0,Infiniti,QX50,,2025.0,4,SUV,of_Origin_Japan,11.039893254197803,10.905716,62309.99999999998,54485.918,7824.082031249978,7824.082031249978,12.56
36469,19800.0,128000.0,Toyota,Prius,,2018.0,4,Hatchback,of_Origin_Japan,9.893487720457795,9.885569,19800.00000000001,19643.812,156.1875000000109,156.1875000000109,0.79
2811,28999.0,92057.0,Audi,Q5,Sportback,2021.0,4,SUV,baseline_value_here,10.275051108968611,10.263397,28999.00000000001,28662.998,336.0019531250109,336.0019531250109,1.16
17340,33988.0,4817.0,MINI,5,Door,2025.0,baseline_value_here,baseline_value_here,of_Origin_UK,10.433792221839603,10.690992,33988.00000000001,43957.11,-9969.109374999993,9969.109374999993,-29.33
7061,56990.0,39968.0,Cadillac,Lyriq,,2024.0,Electric,SUV,of_Origin_USA,10.950648639613158,10.835108,56989.99999999996,50771.383,6218.617187499964,6218.617187499964,10.91
27679,27774.0,31300.0,Ford,Escape,PHEV,2023.0,4,SUV,of_Origin_USA,10.23189161450783,10.479458,27773.999999999993,35576.113,-7802.113281250007,7802.113281250007,-28.09
29945,24999.0,80920.0,Chevrolet,Silverado,1500,2018.0,8,Pickup Truck,of_Origin_USA,10.126631103850338,10.364196,24999.0,31702.926,-6703.92578125,6703.92578125,-26.82
13988,20199.0,91904.0,Kia,Seltos,,2021.0,4,SUV,of_Origin_South Korea,9.913437883389296,9.989406,20198.999999999996,21793.342,-1594.3417968750036,1594.3417968750036,-7.89
17483,49488.0,12495.0,MINI,Countryman,,2026.0,4,SUV,of_Origin_UK,10.809505701639543,10.845723,49487.999999999985,51313.22,-1825.2187500000146,1825.2187500000146,-3.69
28782,47072.0,70868.0,Honda,Accord,Hybrid,2024.0,4,Sedan,of_Origin_Japan,10.759454867227179,10.411637,47072.000000000044,33243.258,13828.742187500044,13828.742187500044,29.38
29699,48995.0,33291.0,Acura,MDX,,2023.0,6,SUV,of_Origin_Japan,10.799493941107576,10.787595,48994.99999999999,48415.445,579.5546874999927,579.5546874999927,1.18
35063,56998.0,19576.0,Toyota,Tacoma,,2024.0,4,Pickup Truck,of_Origin_Japan,10.950789002803143,10.784093,56998.00000000001,48246.19,8751.808593750007,8751.808593750007,15.35
18701,26888.0,140026.0,Mercedes-Benz,C-Class,Coupe,2018.0,6,Coupe,baseline_value_here,10.199472560025471,10.093696,26888.0,24189.025,2698.974609375,2698.974609375,10.04
38540,13795.0,100477.0,Lincoln,MKC,,2015.0,4,SUV,of_Origin_USA,9.532133974056732,9.282046,13795.00000000001,10742.394,3052.606445312509,3052.606445312509,22.13
36822,7999.0,96352.0,Kia,Soul,,2012.0,4,Hatchback,of_Origin_South Korea,8.987196820661973,9.008378,7999.0,8170.257,-171.2568359375,171.2568359375,-2.14
28557,14880.0,107250.0,Subaru,Impreza,,2019.0,4,Sedan,of_Origin_Japan,9.60784051043005,9.922044,14879.999999999993,20373.59,-5493.589843750007,5493.589843750007,-36.92
13306,37985.0,88250.0,Jeep,Wrangler,,2023.0,6,SUV,of_Origin_USA,10.544972949772182,10.638608,37985.00000000003,41713.664,-3728.664062499971,3728.664062499971,-9.82
10229,44960.0,114288.0,GMC,Sierra,1500,2021.0,8,Pickup Truck,of_Origin_USA,10.713550726313105,10.621804,44959.99999999998,41018.56,3941.441406249978,3941.441406249978,8.77
12737,52999.0,22360.0,Infiniti,QX60,,2025.0,6,SUV,of_Origin_Japan,10.87804719253426,10.908845,52999.000000000015,54656.676,-1657.6757812499854,1657.6757812499854,-3.13
31140,7995.0,283000.0,Honda,Pilot,,2014.0,6,SUV,of_Origin_Japan,8.98669669562029,9.009949,7994.999999999998,8183.1016,-188.10156250000182,188.10156250000182,-2.35
31360,42000.0,223.0,Tesla,Model,3,2026.0,Electric,Sedan,of_Origin_USA,10.645448706505872,11.180399,41999.99999999999,71709.96,-29709.960937500007,29709.960937500007,-70.74
11367,26558.0,64564.0,Honda,Civic,Sedan,2023.0,4,Sedan,of_Origin_Japan,10.187123952279158,10.176007,26557.99999999999,26264.387,293.6132812499891,293.6132812499891,1.11
20786,92900.0,30258.0,Porsche,Macan,,2023.0,4,SUV,baseline_value_here,11.439289689006644,10.590744,92900.00000000006,39764.062,53135.93750000006,53135.93750000006,57.2
33394,25499.0,48318.0,Honda,Civic,Sedan,2024.0,4,Sedan,of_Origin_Japan,10.146433731146518,10.219536,25499.0,27432.93,-1933.9296875,1933.9296875,-7.58
25974,26995.0,52675.0,Volkswagen,Tiguan,,2024.0,4,SUV,baseline_value_here,10.203443985863297,10.518235,26994.999999999993,36982.797,-9987.796875000007,9987.796875000007,-37.0
20939,39319.0,67642.0,RAM,1500,Classic,2022.0,baseline_value_here,baseline_value_here,of_Origin_USA,10.579488574261102,10.630561,39318.99999999998,41379.33,-2060.328125000022,2060.328125000022,-5.24
37266,20900.0,139757.0,Jeep,Grand,Cherokee,2020.0,6,SUV,of_Origin_USA,9.94755228369823,10.213662,20900.000000000015,27272.264,-6372.263671874985,6372.263671874985,-30.49
27058,14880.0,110449.0,Kia,Optima,,2019.0,4,Sedan,of_Origin_South Korea,9.60784051043005,9.628194,14879.999999999993,15185.981,-305.9814453125073,305.9814453125073,-2.06
2892,47999.0,92800.0,BMW,X5,,2022.0,6,SUV,baseline_value_here,10.778956289890028,10.872846,47998.99999999998,52724.035,-4725.035156250022,4725.035156250022,-9.84
17055,52762.0,90.0,MINI,Countryman,,2027.0,4,SUV,of_Origin_UK,10.87356546647324,11.010478,52761.999999999985,60503.8,-7741.800781250015,7741.800781250015,-14.67
16294,89995.0,55236.0,Lincoln,Navigator,,2024.0,6,SUV,of_Origin_USA,11.407520503880274,10.828989,89995.00000000001,50461.664,39533.335937500015,39533.335937500015,43.93
12405,28061.0,150.0,Hyundai,Venue,,2025.0,4,SUV,of_Origin_South Korea,10.242171626953942,10.545532,28061.000000000022,38006.25,-9945.249999999978,9945.249999999978,-35.44
26641,41990.0,51862.0,Hyundai,Santa,Fe,2024.0,4,SUV,of_Origin_South Korea,10.645210588588755,10.318657,41989.999999999985,30291.545,11698.455078124985,11698.455078124985,27.86
660,29490.0,97635.0,Ford,F-150,,2018.0,6,Pickup Truck,of_Origin_USA,10.29184041103433,10.246098,29490.000000000025,28171.387,1318.6132812500255,1318.6132812500255,4.47
27856,31998.0,147297.0,GMC,Canyon,,2021.0,4,Pickup Truck,of_Origin_USA,10.373459931293572,10.225973,31998.00000000001,27610.1,4387.900390625011,4387.900390625011,13.71
26382,56888.0,5329.0,Dodge,Charger,,2023.0,6,Sedan,of_Origin_USA,10.948857279808518,10.933478,56887.99999999999,56019.8,868.1992187499927,868.1992187499927,1.53
26355,33895.0,53288.0,Honda,CR-V,,2024.0,4,SUV,of_Origin_Japan,10.431052292306395,10.401199,33895.00000000001,32898.06,996.9414062500073,996.9414062500073,2.94
327,27900.0,102379.0,Ford,Explorer,,2019.0,6,SUV,of_Origin_USA,10.236417809461043,10.254406,27899.999999999978,28406.43,-506.4296875000218,506.4296875000218,-1.82
26630,30990.0,21810.0,Hyundai,Kona,,2025.0,4,SUV,of_Origin_South Korea,10.341452118734878,10.501669,30989.999999999975,36375.16,-5385.1601562500255,5385.1601562500255,-17.38
37443,45300.0,50901.0,Honda,Pilot,,2023.0,6,SUV,of_Origin_Japan,10.721084386282662,10.757588,45299.99999999998,46984.223,-1684.2226562500218,1684.2226562500218,-3.72
31576,25995.0,60604.0,Volkswagen,Tiguan,,2023.0,4,SUV,baseline_value_here,10.16569795901424,10.522173,25995.00000000002,37128.72,-11133.718749999982,11133.718749999982,-42.83
17152,60620.0,90.0,MINI,Countryman,,2027.0,4,SUV,of_Origin_UK,11.012396646681605,11.010478,60619.99999999995,60503.8,116.19921874994907,116.19921874994907,0.19
18535,51888.0,64196.0,Mercedes-Benz,GLE,,2022.0,6,SUV,baseline_value_here,10.856862100640145,10.9162035,51887.999999999956,55060.36,-3172.3593750000437,3172.3593750000437,-6.11
19312,35950.0,50097.0,Mitsubishi,Outlander,,2025.0,4,SUV,of_Origin_Japan,10.489912179174006,10.498756,35949.99999999998,36269.367,-319.3671875000218,319.3671875000218,-0.89
26873,44595.0,45375.0,Honda,Odyssey,,2023.0,6,Minivan,of_Origin_Japan,10.705399447887462,10.718839,44595.0,45198.383,-603.3828125,603.3828125,-1.35
374,45888.0,65049.0,BMW,X5,,2021.0,6,SUV,baseline_value_here,10.733980715911525,10.912057,45887.99999999998,54832.52,-8944.519531250022,8944.519531250022,-19.49
22235,22998.0,97830.0,Tesla,Model,3,2021.0,Electric,Sedan,of_Origin_USA,10.043206015705211,10.328514,22998.00000000002,30591.621,-7593.621093749982,7593.621093749982,-33.02
26517,19990.0,111388.0,Mercedes-Benz,C-Class,Sedan,2018.0,6,Coupe,baseline_value_here,9.903037451255743,10.1838665,19990.00000000001,26471.627,-6481.626953124989,6481.626953124989,-32.42
15794,62535.0,88.0,Lexus,RX,,2025.0,4,SUV,of_Origin_Japan,11.043497669900166,10.804279,62534.99999999997,49230.027,13304.97265624997,13304.97265624997,21.28
25148,13990.0,116000.0,Hyundai,Tucson,,2017.0,4,SUV,of_Origin_South Korea,9.546169544733285,9.564166,13989.999999999989,14244.068,-254.0683593750109,254.0683593750109,-1.82
7757,7990.0,199702.0,Chevrolet,Trax,,2019.0,4,SUV,of_Origin_USA,8.986071187374463,9.390696,7990.0000000000055,11975.427,-3985.4267578124945,3985.4267578124945,-49.88
1159,15450.0,119074.0,GMC,Sierra,1500,2014.0,8,Pickup Truck,of_Origin_USA,9.645429005150419,10.020609,15450.00000000001,22484.117,-7034.117187499991,7034.117187499991,-45.53
2714,13950.0,167708.0,Honda,Civic,Sedan,2018.0,4,Sedan,of_Origin_Japan,9.543306469268108,9.524151,13950.000000000002,13685.304,264.6962890625018,264.6962890625018,1.9
378,35998.0,149645.0,Mercedes-Benz,GLE,,2020.0,4,SUV,baseline_value_here,10.49124643927466,10.018155,35998.0,22429.01,13568.990234375,13568.990234375,37.69
16120,34900.0,79577.0,Lincoln,Nautilus,,2022.0,4,SUV,of_Origin_USA,10.460270761075149,10.201965,34899.99999999998,26955.111,7944.888671874978,7944.888671874978,22.76
35044,14900.0,112000.0,Hyundai,Santa,Fe Sport,2016.0,4,SUV,of_Origin_South Korea,9.60918360377546,9.396827,14899.999999999993,12049.082,2850.9179687499927,2850.9179687499927,19.13
20299,27788.0,9768.0,Nissan,Kicks,,2025.0,4,SUV,of_Origin_Japan,10.232395537922137,10.656677,27788.000000000007,42474.266,-14686.265624999993,14686.265624999993,-52.85
14748,49988.0,113000.0,Land,Rover,Range Rover Sport,2022.0,6,SUV,baseline_value_here,10.819558260206733,10.768197,49988.00000000001,47485.324,2502.6757812500073,2502.6757812500073,5.01
27858,34500.0,57982.0,Jeep,Wrangler,,2021.0,6,SUV,of_Origin_USA,10.448743588106625,10.638921,34499.99999999998,41726.715,-7226.714843750022,7226.714843750022,-20.95
2502,13450.0,163812.0,Honda,Accord,Sedan,2014.0,4,Sedan,of_Origin_Japan,9.506808731708581,9.200754,13449.999999999995,9903.596,3546.4042968749945,3546.4042968749945,26.37
9533,39094.0,9025.0,Ford,Escape,,2026.0,4,SUV,of_Origin_USA,10.573749860558614,10.800687,39093.999999999985,49053.48,-9959.480468750015,9959.480468750015,-25.48
13494,42888.0,37158.0,Jeep,Wrangler,,2024.0,6,SUV,of_Origin_USA,10.666370661780968,10.891506,42888.00000000002,53717.15,-10829.148437499978,10829.148437499978,-25.25
4056,46888.0,10000.0,Acura,RDX,,2024.0,4,SUV,of_Origin_Japan,10.755538385347368,10.492398,46887.99999999998,36039.49,10848.511718749978,10848.511718749978,23.14
12167,13499.0,169336.0,Hyundai,Santa,Fe,2019.0,4,SUV,of_Origin_South Korea,9.51044496442652,9.452273,13498.999999999996,12736.089,762.9111328124964,762.9111328124964,5.65
1530,36998.0,46075.0,Toyota,Corolla,Cross,2024.0,4,Sedan,of_Origin_Japan,10.518646164234097,10.222453,36997.99999999997,27513.078,9484.92187499997,9484.92187499997,25.64
37579,6000.0,190650.0,Mazda,CX-30,,2021.0,4,SUV,of_Origin_Japan,8.699681400989514,9.858255,6000.000000000005,19114.512,-13114.511718749996,13114.511718749996,-218.58
8621,29995.0,82887.0,Chrysler,Pacifica,,2023.0,6,Minivan,of_Origin_USA,10.30881931842128,10.4083395,29995.000000000007,33133.805,-3138.8046874999927,3138.8046874999927,-10.46
7173,33092.0,118790.0,Cadillac,XT6,,2021.0,6,SUV,of_Origin_USA,10.40707705863749,10.378496,33091.99999999997,32159.56,932.4394531249709,932.4394531249709,2.82
6545,34489.0,102322.0,Buick,Enclave,,2021.0,6,SUV,of_Origin_USA,10.448424705930886,10.400159,34488.99999999999,32863.848,1625.1523437499927,1625.1523437499927,4.71
33388,14990.0,52139.0,Chevrolet,Trax,,2017.0,4,SUV,of_Origin_USA,9.615205300012315,9.737937,14990.000000000004,16947.54,-1957.5390624999964,1957.5390624999964,-13.06
25471,26290.0,22682.0,Honda,Civic,Sedan,2024.0,4,Sedan,of_Origin_Japan,10.176981954277059,10.30959,26289.999999999993,30018.137,-3728.1367187500073,3728.1367187500073,-14.18
32363,15950.0,100489.0,Mitsubishi,Eclipse,Cross,2020.0,4,Coupe,of_Origin_Japan,9.677276802172448,9.969683,15950.000000000004,21367.703,-5417.703124999996,5417.703124999996,-33.97
36886,10000.0,126600.0,Volkswagen,Tiguan,,2012.0,4,SUV,baseline_value_here,9.210440366976517,9.250373,10000.00000000001,10407.446,-407.4462890624909,407.4462890624909,-4.07
24824,37698.0,79875.0,Volvo,XC40,,2024.0,4,SUV,of_Origin_Sweden,10.537388847885364,10.762513,37697.99999999999,47216.184,-9518.183593750007,9518.183593750007,-25.25
29592,18999.0,311000.0,Toyota,Tundra,,2015.0,6,Pickup Truck,of_Origin_Japan,9.852194258148577,9.285148,18998.999999999993,10775.765,8223.235351562493,8223.235351562493,43.28
12639,41982.0,7050.0,Infiniti,QX50,,2025.0,4,SUV,of_Origin_Japan,10.645020053422533,10.6972275,41982.00000000001,44232.047,-2250.0468749999927,2250.0468749999927,-5.36
8470,28516.0,76983.0,Chrysler,Grand,Caravan,2022.0,6,Minivan,of_Origin_USA,10.258255679654631,10.420683,28515.999999999978,33545.336,-5029.335937500022,5029.335937500022,-17.64
31109,42888.0,23500.0,Mercedes-Benz,GLB,,2024.0,4,SUV,baseline_value_here,10.666370661780968,10.644645,42888.00000000002,41966.246,921.7539062500218,921.7539062500218,2.15
35713,25900.0,92500.0,Jeep,Wrangler,,2016.0,6,SUV,of_Origin_USA,10.16203685698089,9.899615,25899.99999999999,19921.705,5978.294921874989,5978.294921874989,23.08
28433,54640.0,300.0,Honda,CR-V,,2026.0,4,SUV,of_Origin_Japan,10.90853979568774,10.91445,54639.99999999999,54963.88,-323.8789062500073,323.8789062500073,-0.59
1672,38999.0,100817.0,Lincoln,Aviator,,2022.0,6,SUV,of_Origin_USA,10.571316925111784,10.50541,38999.00000000002,36511.508,2487.492187500022,2487.492187500022,6.38
36030,22198.0,73639.0,Nissan,Rogue,,2022.0,4,SUV,of_Origin_Japan,10.007802521800768,10.257805,22198.00000000001,28503.146,-6305.146484374989,6305.146484374989,-28.4
36827,26998.0,110542.0,Chevrolet,Silverado,1500,2016.0,8,Pickup Truck,of_Origin_USA,10.203555107263542,10.100031,26998.00000000002,24342.762,2655.238281250018,2655.238281250018,9.83
20971,47797.0,83.0,RAM,ProMaster,Cargo Van,2025.0,6,Van,of_Origin_USA,10.774739076600005,10.877077,47797.000000000044,52947.61,-5150.609374999956,5150.609374999956,-10.78
28148,28844.0,28786.0,Jeep,Compass,,2023.0,4,SUV,of_Origin_USA,10.26969194669099,10.3978195,28844.00000000002,32787.055,-3943.054687499982,3943.054687499982,-13.67
17592,42950.0,28000.0,MINI,Convertible,,2024.0,4,baseline_value_here,of_Origin_UK,10.667815210028436,10.473811,42949.99999999997,35375.785,7574.214843749971,7574.214843749971,17.63
16257,48998.0,60595.0,Lincoln,Aviator,,2023.0,6,SUV,of_Origin_USA,10.799555168721248,10.768484,48997.99999999997,47498.957,1499.042968749971,1499.042968749971,3.06
19654,33412.0,36589.0,Mitsubishi,Outlander,,2024.0,4,SUV,of_Origin_Japan,10.416700324794617,10.431596,33411.999999999985,33913.43,-501.42968750001455,501.42968750001455,-1.5
4210,37500.0,60838.0,Acura,RDX,,2022.0,4,SUV,of_Origin_Japan,10.53212287826962,10.308846,37500.00000000001,29995.814,7504.185546875007,7504.185546875007,20.01
30105,42495.0,37549.0,Lincoln,Nautilus,,2023.0,4,SUV,of_Origin_USA,10.657165232836105,10.376303,42494.99999999997,32089.096,10405.90429687497,10405.90429687497,24.49
13121,62495.0,10.0,Infiniti,QX50,,2025.0,4,SUV,of_Origin_Japan,11.042857833676406,10.877732,62495.00000000002,52982.312,9512.687500000022,9512.687500000022,15.22
28742,50488.0,16380.0,Ford,Mustang,Convertible,2019.0,4,Coupe,of_Origin_USA,10.829510769754663,10.824413,50487.99999999998,50231.29,256.7109374999782,256.7109374999782,0.51
26349,18795.0,127531.0,Honda,Civic,Sedan,2019.0,4,Sedan,of_Origin_Japan,9.841399360222706,9.839067,18794.999999999993,18751.22,43.779296874992724,43.779296874992724,0.23
27475,8000.0,171200.0,Volkswagen,Jetta,Sedan,2017.0,4,Sedan,baseline_value_here,8.987321812850125,9.456212,8000.0000000000055,12786.3545,-4786.3544921874945,4786.3544921874945,-59.83
12724,46550.0,99346.0,Infiniti,QX80,,2024.0,8,SUV,of_Origin_Japan,10.748303764751594,10.800504,46549.99999999999,49044.5,-2494.5000000000073,2494.5000000000073,-5.36
782,24990.0,169434.0,GMC,Sierra,1500,2019.0,8,Pickup Truck,of_Origin_USA,10.126271039034782,10.275135,24990.0,29001.434,-4011.43359375,4011.43359375,-16.05
10137,57987.0,14532.0,GMC,Acadia,,2026.0,4,SUV,of_Origin_USA,10.967991371570788,10.769269,57986.99999999999,47536.254,10450.746093749993,10450.746093749993,18.02
32829,29499.0,75225.0,Honda,CR-V,,2022.0,4,SUV,of_Origin_Japan,10.292145542327912,10.25786,29499.000000000025,28504.725,994.2753906250255,994.2753906250255,3.37
36552,44995.0,50611.0,Lexus,NX,,2023.0,4,SUV,of_Origin_Japan,10.714328875912717,10.632455,44995.00000000001,41457.777,3537.2226562500073,3537.2226562500073,7.86
23750,27888.0,51314.0,Volkswagen,Jetta,GLI,2024.0,4,Sedan,baseline_value_here,10.23598762483351,10.394235,27888.00000000002,32669.725,-4781.724609374982,4781.724609374982,-17.15
16228,47299.0,17421.0,Lincoln,Corsair,,2024.0,4,SUV,of_Origin_USA,10.764265574480024,10.443183,47299.0,34308.684,12990.31640625,12990.31640625,27.46
22109,27990.0,72768.0,Subaru,WRX,,2020.0,4,Sedan,of_Origin_Japan,10.239638308916676,10.1050005,27989.99999999999,24464.041,3525.958984374989,3525.958984374989,12.6
33758,22995.0,63190.0,Nissan,Qashqai,,2023.0,4,SUV,of_Origin_Japan,10.043075566743182,10.341937,22995.000000000015,31005.033,-8010.033203124985,8010.033203124985,-34.83
14140,38888.0,13245.0,Kia,Sportage,Hybrid,2026.0,4,SUV,of_Origin_South Korea,10.568466713268153,10.649623,38888.000000000015,42175.688,-3287.6874999999854,3287.6874999999854,-8.45
33449,121335.0,499.0,Ford,F-150,,2026.0,6,Pickup Truck,of_Origin_USA,11.706318835731233,11.394631,121335.00000000003,88842.48,32492.52343750003,32492.52343750003,26.78
17827,7990.0,192174.0,Mazda,Mazda3,,2013.0,4,Sedan,of_Origin_Japan,8.986071187374463,9.048896,7990.0000000000055,8508.138,-518.1376953124945,518.1376953124945,-6.48
33,43995.0,101158.0,Audi,Q8,,2022.0,6,SUV,baseline_value_here,10.691853999677008,10.801482,43995.00000000003,49092.516,-5097.515624999971,5097.515624999971,-11.59
32696,34999.0,84297.0,Acura,TLX,,2022.0,4,Sedan,of_Origin_Japan,10.46310334047155,10.080037,34998.99999999997,23860.871,11138.12890624997,11138.12890624997,31.82
33516,27999.0,60607.0,Ford,Edge,,2022.0,4,SUV,of_Origin_USA,10.239959789157341,10.262876,27999.000000000004,28648.05,-649.0507812499964,649.0507812499964,-2.32
20970,63258.0,200.0,RAM,2500,,2025.0,baseline_value_here,baseline_value_here,of_Origin_USA,11.054992688957268,11.034709,63257.99999999996,61987.797,1270.2031249999636,1270.2031249999636,2.01
25584,36998.0,6188.0,Jeep,Compass,,2025.0,4,SUV,of_Origin_USA,10.518646164234097,10.710483,36997.99999999997,44822.266,-7824.265625000029,7824.265625000029,-21.15
37714,76895.0,31603.0,Toyota,Tundra,Hybrid,2024.0,6,Pickup Truck,of_Origin_Japan,11.250209138536196,11.062275,76895.00000000003,63720.348,13174.65234375003,13174.65234375003,17.13
2623,99999.0,50184.0,RAM,1500,,2022.0,baseline_value_here,baseline_value_here,of_Origin_USA,11.512925464970229,10.671773,99999.00000000001,43120.324,56878.675781250015,56878.675781250015,56.88
25972,23869.0,46566.0,Hyundai,Elantra,,2025.0,4,Sedan,of_Origin_South Korea,10.080377719332876,10.199432,23869.00000000001,26886.92,-3017.919921874989,3017.919921874989,-12.64
37384,9880.0,112187.0,Mazda,Mazda3,,2016.0,4,Sedan,of_Origin_Japan,9.198369000194964,9.574532,9880.000000000007,14392.494,-4512.494140624993,4512.494140624993,-45.67
2656,35450.0,37603.0,Toyota,Camry,Hybrid,2023.0,4,Sedan,of_Origin_Japan,10.475906740307126,10.470033,35450.00000000003,35242.37,207.6289062500291,207.6289062500291,0.59
552,25998.0,143839.0,BMW,4,Series Gran Coupe,2018.0,baseline_value_here,baseline_value_here,baseline_value_here,10.165813354725493,10.063461,25997.999999999993,23468.602,2529.3984374999927,2529.3984374999927,9.73
20699,78900.0,9900.0,Porsche,Macan,,2025.0,4,SUV,baseline_value_here,11.275949181024878,10.91477,78900.00000000003,54981.496,23918.50390625003,23918.50390625003,30.31
34778,85900.0,89763.0,Cadillac,Escalade,,2022.0,8,SUV,of_Origin_USA,11.360950749348124,11.1292715,85899.99999999993,68135.72,17764.281249999927,17764.281249999927,20.68
952,24700.0,12219.0,Honda,Civic,Sedan,2022.0,4,Sedan,of_Origin_Japan,10.114599007626499,10.189165,24699.999999999993,26612.268,-1912.2675781250073,1912.2675781250073,-7.74
35027,14495.0,140210.0,Audi,Q5,,2017.0,4,SUV,baseline_value_here,9.581628028282761,9.778429,14495.000000000011,17647.904,-3152.904296874989,3152.904296874989,-21.75
12675,51580.0,54686.0,Infiniti,QX60,,2024.0,6,SUV,of_Origin_Japan,10.850908666606845,10.7970085,51579.99999999999,48873.375,2706.6249999999927,2706.6249999999927,5.25
14130,12987.0,233744.0,Kia,Sorento,,2018.0,4,SUV,of_Origin_South Korea,9.471781133222736,9.018281,12986.999999999993,8251.578,4735.421874999993,4735.421874999993,36.46
16887,59187.0,90.0,MINI,Countryman,,2027.0,4,SUV,of_Origin_UK,10.988474097622424,11.010478,59186.99999999995,60503.8,-1316.800781250051,1316.800781250051,-2.22
11937,20522.0,97385.0,Hyundai,Tucson,,2021.0,4,SUV,of_Origin_South Korea,9.929301487429107,9.979966,20521.999999999996,21588.582,-1066.5820312500036,1066.5820312500036,-5.2
38597,77777.0,23400.0,Dodge,Challenger,,2015.0,6,Coupe,of_Origin_USA,11.261613893828098,10.888883,77777.00000000003,53576.402,24200.59765625003,24200.59765625003,31.12
4492,18988.0,121000.0,Audi,A4,Sedan,2018.0,4,Sedan,baseline_value_here,9.851615143125416,9.84358,18987.99999999999,18836.037,151.9628906249891,151.9628906249891,0.8
19332,27950.0,78422.0,Mitsubishi,Outlander,,2022.0,4,SUV,of_Origin_Japan,10.238208256118535,10.255708,27950.0,28443.434,-493.43359375,493.43359375,-1.77
2027,11900.0,88000.0,Jeep,Compass,,2016.0,4,SUV,of_Origin_USA,9.38437770918244,9.484207,11899.999999999998,13149.396,-1249.3964843750018,1249.3964843750018,-10.5
24605,57999.0,41040.0,Volvo,XC90,,2024.0,4,SUV,of_Origin_Sweden,10.968198289528557,10.703031,57999.00000000002,44489.484,13509.515625000022,13509.515625000022,23.29
1683,50866.0,3486.0,Buick,Envision,,2026.0,4,SUV,of_Origin_USA,10.83696966222286,10.81845,50865.99999999996,49932.63,933.3710937499636,933.3710937499636,1.83
23545,27485.0,65112.0,Volkswagen,Tiguan,,2024.0,4,SUV,baseline_value_here,10.221432063114797,10.519545,27484.999999999996,37031.258,-9546.257812500004,9546.257812500004,-34.73
14990,73490.0,41524.0,Land,Rover,Defender,2024.0,4,SUV,baseline_value_here,11.204918228723848,10.594647,73490.00000000001,39919.586,33570.414062500015,33570.414062500015,45.68
26231,8999.0,170000.0,Audi,Q5,,2012.0,4,SUV,baseline_value_here,9.104979856318357,9.077325,8999.000000000004,8753.516,245.48437500000364,245.48437500000364,2.73
3337,60076.0,10551.0,Lincoln,Nautilus,,2025.0,4,SUV,of_Origin_USA,11.003382351769197,10.715242,60075.99999999996,45036.125,15039.874999999964,15039.874999999964,25.03
36899,33995.0,100696.0,Ford,Explorer,,2022.0,4,SUV,of_Origin_USA,10.433998149618517,10.146148,33995.00000000002,25491.707,8503.292968750022,8503.292968750022,25.01
34805,43109.0,26.0,Chevrolet,Bolt,EV,2027.0,Electric,Hatchback,of_Origin_USA,10.67151026774118,10.623661,43108.999999999985,41094.793,2014.2070312499854,2014.2070312499854,4.67
17147,59870.0,90.0,MINI,Countryman,,2027.0,4,SUV,of_Origin_UK,10.999947526636095,11.010478,59870.00000000002,60503.8,-633.8007812499782,633.8007812499782,-1.06
23718,26990.0,31935.0,Volkswagen,Jetta,,2025.0,4,Sedan,baseline_value_here,10.203258756085228,10.45271,26989.999999999993,34637.12,-7647.121093750007,7647.121093750007,-28.33
22238,116995.0,37960.0,Tesla,Cybertruck,,2024.0,Electric,Pickup Truck,of_Origin_USA,11.669895025161281,11.173736,116995.00000000004,71233.72,45761.281250000044,45761.281250000044,39.11
5477,41900.0,80992.0,BMW,5,Series,2019.0,baseline_value_here,baseline_value_here,baseline_value_here,10.643064971973882,10.462797,41900.00000000003,34988.285,6911.714843750029,6911.714843750029,16.5
7085,18499.0,99925.0,Cadillac,XT5,,2018.0,4,SUV,of_Origin_USA,9.825526011066415,9.767823,18498.999999999985,17461.713,1037.2871093749854,1037.2871093749854,5.61
2074,29500.0,121500.0,GMC,Sierra,1500,2021.0,8,Pickup Truck,of_Origin_USA,10.292179440058462,10.616509,29500.000000000007,40801.94,-11301.941406249993,11301.941406249993,-38.31
38260,27888.0,191872.0,Ford,Expedition,,2019.0,6,SUV,of_Origin_USA,10.23598762483351,9.891093,27888.00000000002,19752.645,8135.355468750018,8135.355468750018,29.17
24980,34999.0,43191.0,Hyundai,Santa,Fe,2023.0,4,SUV,of_Origin_South Korea,10.46310334047155,10.262347,34998.99999999997,28632.918,6366.082031249971,6366.082031249971,18.19
14873,11888.0,130342.0,Land,Rover,Discovery Sport,2018.0,6,SUV,baseline_value_here,9.383368881858544,10.19129,11887.999999999996,26668.875,-14780.875000000004,14780.875000000004,-124.33
35242,25998.0,65080.0,Jeep,Compass,,2023.0,4,SUV,of_Origin_USA,10.165813354725493,10.30148,25997.999999999993,29775.664,-3777.6640625000073,3777.6640625000073,-14.53
25165,37290.0,129353.0,Toyota,Tundra,,2015.0,6,Pickup Truck,of_Origin_Japan,10.526507289654278,9.902002,37290.000000000015,19969.318,17320.681640625015,17320.681640625015,46.45
4253,50950.0,47437.0,Acura,MDX,,2024.0,6,SUV,of_Origin_Japan,10.83861966554364,10.793348,50949.99999999996,48694.812,2255.1874999999636,2255.1874999999636,4.43
16146,18888.0,126763.0,Lincoln,MKZ,,2017.0,6,Sedan,of_Origin_USA,9.84633502103182,9.909942,18888.0,20128.5,-1240.5,1240.5,-6.57
30659,32490.0,29554.0,Volkswagen,Taos,,2025.0,4,SUV,baseline_value_here,10.38871840689063,10.711728,32490.000000000004,44878.13,-12388.128906249996,12388.128906249996,-38.13
28631,31495.0,49613.0,Mazda,CX-5,,2025.0,4,SUV,of_Origin_Japan,10.357615832623573,10.499472,31494.999999999978,36295.32,-4800.320312500022,4800.320312500022,-15.24
26489,4600.0,192000.0,Ford,Escape,,2015.0,4,SUV,of_Origin_USA,8.434028950155469,9.046595,4600.0,8488.578,-3888.578125,3888.578125,-84.53
8402,43380.0,27276.0,Chrysler,Grand,Caravan,2025.0,6,Minivan,of_Origin_USA,10.67777683621291,10.742456,43379.99999999998,46278.594,-2898.593750000022,2898.593750000022,-6.68
22368,33980.0,80263.0,Tesla,Model,3,2023.0,Electric,Sedan,of_Origin_USA,10.433556823868823,10.494285,33980.0,36107.54,-2127.5390625,2127.5390625,-6.26
18546,42998.0,57595.0,Mercedes-Benz,C-Class,Convertible,2021.0,4,Sedan,baseline_value_here,10.668932138591325,10.280685,42997.999999999985,29162.855,13835.144531249985,13835.144531249985,32.18
20777,32995.0,140000.0,Porsche,Macan,,2021.0,4,SUV,baseline_value_here,10.404141620980623,10.099202,32995.00000000001,24322.596,8672.404296875007,8672.404296875007,26.28
17225,15888.0,58000.0,MINI,Countryman,,2016.0,4,SUV,of_Origin_UK,9.673382324888367,9.723961,15888.0,16712.312,-824.3125,824.3125,-5.19
26530,13999.0,80358.0,Infiniti,G,Coupe,2007.0,6,Coupe,of_Origin_Japan,9.546812608597396,9.786393,13999.0,17789.025,-3790.025390625,3790.025390625,-27.07
14912,92888.0,28842.0,Land,Rover,Range Rover Sport,2022.0,4,SUV,baseline_value_here,11.439160510902152,10.55243,92887.99999999993,38269.33,54618.67187499993,54618.67187499993,58.8
8278,34639.0,66898.0,Chrysler,Grand,Caravan,2024.0,6,Minivan,of_Origin_USA,10.45276436267637,10.52712,34638.99999999998,37312.844,-2673.843750000022,2673.843750000022,-7.72
4436,18988.0,83000.0,Audi,Q3,,2018.0,4,SUV,baseline_value_here,9.851615143125416,10.031358,18987.99999999999,22727.11,-3739.109375000011,3739.109375000011,-19.69
16379,34697.0,59597.0,Lincoln,Nautilus,,2021.0,4,SUV,of_Origin_USA,10.454437327386273,10.146995,34697.0,25513.307,9183.693359375,9183.693359375,26.47
24598,58999.0,17282.0,Volvo,XC90,,2024.0,4,SUV,of_Origin_Sweden,10.985292722887856,10.75484,58998.99999999995,46855.26,12143.738281249949,12143.738281249949,20.58
6987,14995.0,171032.0,Cadillac,XTS,,2018.0,6,Sedan,of_Origin_USA,9.615538777855802,9.721515,14994.999999999989,16671.479,-1676.478515625011,1676.478515625011,-11.18
36821,19950.0,129634.0,Volkswagen,Tiguan,,2021.0,4,SUV,baseline_value_here,9.901034546375062,10.114942,19950.00000000001,24708.463,-4758.462890624989,4758.462890624989,-23.85
31460,18500.0,71630.0,Kia,Forte,,2023.0,4,Sedan,of_Origin_South Korea,9.825580063659602,10.027744,18500.0,22645.13,-4145.130859375,4145.130859375,-22.41
568,36900.0,44955.0,Mercedes-Benz,SLC,,2019.0,4,baseline_value_here,baseline_value_here,10.515993929932415,10.262944,36899.99999999999,28650.018,8249.982421874993,8249.982421874993,22.36
16806,47998.0,14602.0,Lincoln,Corsair,,2025.0,4,SUV,of_Origin_USA,10.778935456339678,10.6820545,47998.0,43565.97,4432.03125,4432.03125,9.23
38503,42320.0,41704.0,Volkswagen,Golf,R,2024.0,4,Hatchback,baseline_value_here,10.653038695742612,10.504457,42320.000000000015,36476.74,5843.261718750015,5843.261718750015,13.81
17267,29888.0,57597.0,MINI,3,Door,2022.0,baseline_value_here,baseline_value_here,of_Origin_UK,10.305245798712965,10.270409,29887.99999999998,28864.68,1023.3203124999818,1023.3203124999818,3.42
2261,26900.0,180700.0,GMC,Sierra,1500,2021.0,8,Pickup Truck,of_Origin_USA,10.199918739620157,10.397133,26900.000000000004,32764.549,-5864.548828124996,5864.548828124996,-21.8
38190,50867.0,45819.0,Mercedes-Benz,GLC,,2023.0,4,SUV,baseline_value_here,10.836989321140637,10.580243,50866.99999999996,39348.68,11518.320312499964,11518.320312499964,22.64
36770,33758.0,19.0,Kia,Seltos,,2027.0,4,SUV,of_Origin_South Korea,10.427002327418107,10.497945,33758.0,36239.945,-2481.9453125,2481.9453125,-7.35
35611,34246.0,26767.0,Volkswagen,Tiguan,,2024.0,4,SUV,baseline_value_here,10.441354248613159,10.639942,34246.00000000001,41769.355,-7523.355468749993,7523.355468749993,-21.97
25462,35998.0,36480.0,Honda,CR-V,,2024.0,4,SUV,of_Origin_Japan,10.49124643927466,10.36726,35998.0,31800.22,4197.779296875,4197.779296875,11.66
19270,28388.0,73263.0,Mitsubishi,Outlander,,2022.0,4,SUV,of_Origin_Japan,10.253757025176343,10.273428,28388.00000000002,28951.967,-563.9667968749818,563.9667968749818,-1.99
354,48500.0,18516.0,Volkswagen,Atlas,,2024.0,4,SUV,baseline_value_here,10.789339695269716,10.644581,48499.99999999998,41963.566,6536.433593749978,6536.433593749978,13.48
2034,30995.0,138060.0,RAM,1500,,2019.0,baseline_value_here,baseline_value_here,of_Origin_USA,10.34161344288384,10.122421,30994.99999999999,24893.975,6101.025390624989,6101.025390624989,19.68
38635,23990.0,137114.0,Volkswagen,Tiguan,,2022.0,4,SUV,baseline_value_here,10.085434038999999,10.191792,23989.999999999985,26682.256,-2692.2558593750146,2692.2558593750146,-11.22
22216,32999.0,38900.0,Subaru,Ascent,,2023.0,4,SUV,of_Origin_Japan,10.404262840448617,10.376329,32998.99999999998,32089.953,909.0468749999782,909.0468749999782,2.75
693,13995.0,103700.0,Toyota,Camry,,2012.0,4,Sedan,of_Origin_Japan,9.54652685348758,9.240708,13995.00000000001,10307.338,3687.662109375009,3687.662109375009,26.35
11055,29699.0,67313.0,Honda,Pilot,,2017.0,6,SUV,of_Origin_Japan,10.298902324790792,10.307663,29699.00000000002,29960.334,-261.3339843749818,261.3339843749818,-0.88
13928,31822.0,103703.0,Kia,Sportage,Hybrid,2023.0,4,SUV,of_Origin_South Korea,10.367944577774505,10.243527,31821.999999999985,28099.072,3722.9277343749854,3722.9277343749854,11.7
13906,29411.0,29349.0,Kia,Sportage,,2025.0,4,SUV,of_Origin_South Korea,10.289158033316113,10.503399,29411.000000000004,36438.145,-7027.144531249996,7027.144531249996,-23.89
17890,33999.0,48559.0,Mazda,CX-5,,2025.0,4,SUV,of_Origin_Japan,10.4341158035983,10.446366,33999.00000000003,34418.08,-419.0781249999709,419.0781249999709,-1.23
34760,78010.0,499.0,Ford,F-150,,2026.0,6,Pickup Truck,of_Origin_USA,11.264605121369573,11.307776,78010.0,81451.59,-3441.59375,3441.59375,-4.41
28522,28995.0,116269.0,Lexus,NX,,2020.0,4,SUV,of_Origin_Japan,10.274913168420769,10.062991,28995.000000000007,23457.57,5537.429687500007,5537.429687500007,19.1
30746,22995.0,48245.0,Nissan,Sentra,,2025.0,4,Sedan,of_Origin_Japan,10.043075566743182,10.256425,22995.000000000015,28463.84,-5468.839843749985,5468.839843749985,-23.78
25855,42500.0,78097.0,Toyota,Highlander,,2023.0,6,SUV,of_Origin_Japan,10.657282884047461,10.636593,42500.00000000003,41629.688,870.3125000000291,870.3125000000291,2.05
19458,21799.0,72621.0,Mitsubishi,RVR,,2024.0,4,SUV,of_Origin_Japan,9.98966524877718,10.330592,21799.000000000007,30655.26,-8856.259765624993,8856.259765624993,-40.63
20381,15788.0,113781.0,Nissan,Kicks,,2021.0,4,SUV,of_Origin_Japan,9.667068774021889,10.086069,15788.000000000002,24005.24,-8217.240234374998,8217.240234374998,-52.05
3906,57500.0,17964.0,Acura,RDX,,2025.0,4,SUV,of_Origin_Japan,10.959557617938563,10.56572,57500.00000000001,38781.312,18718.687500000007,18718.687500000007,32.55
22090,30411.0,119518.0,Subaru,Outback,,2022.0,4,SUV,of_Origin_Japan,10.322592546348327,10.160963,30410.999999999985,25872.203,4538.796874999985,4538.796874999985,14.92
19434,31099.0,69360.0,Mitsubishi,Outlander,,2024.0,4,SUV,of_Origin_Japan,10.344963098167325,10.35089,31098.999999999978,31283.879,-184.87890625002183,184.87890625002183,-0.59
22576,28990.0,55201.0,Tesla,Model,3,2022.0,Electric,Sedan,of_Origin_USA,10.274740715974103,10.577956,28989.99999999999,39258.793,-10268.792968750011,10268.792968750011,-35.42
1645,31995.0,99970.0,RAM,1500,Classic,2019.0,baseline_value_here,baseline_value_here,of_Origin_USA,10.373366173968712,10.24165,31994.99999999999,28046.355,3948.644531249989,3948.644531249989,12.34
8945,31198.0,99469.0,Dodge,Durango,,2020.0,6,SUV,of_Origin_USA,10.348141322001869,10.376473,31197.99999999999,32094.574,-896.5742187500109,896.5742187500109,-2.87
28555,50488.0,16380.0,Ford,Mustang,,2019.0,4,Coupe,of_Origin_USA,10.829510769754663,10.824413,50487.99999999998,50231.29,256.7109374999782,256.7109374999782,0.51
3380,36940.0,20.0,Ford,Escape,,2025.0,4,SUV,of_Origin_USA,10.517077324312647,10.803623,36940.00000000003,49197.734,-12257.73437499997,12257.73437499997,-33.18
17617,12990.0,76882.0,Mazda,Mazda3,,2015.0,4,Sedan,of_Origin_Japan,9.472012088995733,9.535982,12990.0,13848.191,-858.19140625,858.19140625,-6.61
35233,42000.0,89000.0,Nissan,Frontier,,2022.0,6,Pickup Truck,of_Origin_Japan,10.645448706505872,10.6490555,41999.99999999999,42151.76,-151.76171875000728,151.76171875000728,-0.36
12772,25995.0,42226.0,Infiniti,Q50,,2021.0,6,Sedan,of_Origin_Japan,10.16569795901424,10.575345,25995.00000000002,39156.414,-13161.414062499982,13161.414062499982,-50.63
29994,5999.0,217488.0,Volkswagen,Jetta,Sedan,2014.0,4,Sedan,baseline_value_here,8.699514748210191,8.959057,5998.999999999995,7777.018,-1778.0180664062545,1778.0180664062545,-29.64
26803,28985.0,21288.0,Jeep,Cherokee,,2021.0,4,SUV,of_Origin_USA,10.274568233782462,10.213713,28985.000000000015,27273.643,1711.3574218750146,1711.3574218750146,5.9
37956,32115.0,150.0,Kia,Seltos,,2027.0,4,SUV,of_Origin_South Korea,10.377109627304575,10.580115,32115.000000000022,39343.652,-7228.652343749978,7228.652343749978,-22.51
7923,44995.0,151291.0,Chevrolet,Suburban,,2021.0,8,SUV,of_Origin_USA,10.714328875912717,10.848897,44995.00000000001,51476.34,-6481.339843749993,6481.339843749993,-14.4
29705,7299.0,165987.0,GMC,Terrain,,2017.0,4,SUV,of_Origin_USA,8.895629627136483,9.363636,7299.000000000002,11655.695,-4356.695312499998,4356.695312499998,-59.69
33262,45999.0,61409.0,Volkswagen,Atlas,,2024.0,4,SUV,baseline_value_here,10.736396675471232,10.544375,45998.99999999999,37962.31,8036.691406249993,8036.691406249993,17.47
15530,75001.0,1650.0,Lexus,NX,,2026.0,4,SUV,of_Origin_Japan,11.225270058829565,10.931474,75001.00000000003,55907.613,19093.38671875003,19093.38671875003,25.46
31280,28500.0,144000.0,Toyota,Highlander,,2020.0,6,SUV,of_Origin_Japan,10.25769445336048,10.197372,28500.000000000004,26831.59,1668.4101562500036,1668.4101562500036,5.85
6568,24500.0,150121.0,Buick,Enclave,,2020.0,6,SUV,of_Origin_USA,10.106469212026385,10.177658,24499.99999999998,26307.781,-1807.7812500000182,1807.7812500000182,-7.38
30068,13999.0,151651.0,Honda,Civic,Sedan,2017.0,4,Sedan,of_Origin_Japan,9.546812608597396,9.593109,13999.0,14662.389,-663.388671875,663.388671875,-4.74
32257,18990.0,131558.0,BMW,X3,,2018.0,4,SUV,baseline_value_here,9.851720461714246,9.896037,18990.000000000015,19850.545,-860.5449218749854,860.5449218749854,-4.53
32542,23429.0,34301.0,Volkswagen,Taos,,2022.0,4,SUV,baseline_value_here,10.061772531501841,10.540782,23428.999999999996,37826.133,-14397.132812500004,14397.132812500004,-61.45
24655,20999.0,172133.0,Volvo,XC60,,2019.0,4,SUV,of_Origin_Sweden,9.95227771670556,9.841946,20998.999999999985,18805.271,2193.7285156249854,2193.7285156249854,10.45
33039,14999.0,184483.0,Honda,Civic,Hatchback,2018.0,4,Sedan,of_Origin_Japan,9.615805480084347,9.440373,14999.000000000004,12585.416,2413.5839843750036,2413.5839843750036,16.09
22215,5950.0,196557.0,Subaru,XV,Crosstrek,2015.0,4,SUV,of_Origin_Japan,8.691314551644853,9.300496,5950.000000000004,10942.447,-4992.447265624996,4992.447265624996,-83.91
25729,21349.0,109625.0,Nissan,Rogue,,2023.0,4,SUV,of_Origin_Japan,9.96880701865677,10.190141,21348.999999999993,26638.244,-5289.244140625007,5289.244140625007,-24.78
30864,14950.0,90838.0,Audi,Q3,,2018.0,4,SUV,baseline_value_here,9.612533466213927,10.018923,14949.999999999987,22446.236,-7496.236328125013,7496.236328125013,-50.14
18559,18280.0,97413.0,Mercedes-Benz,C-Class,Sedan,2016.0,6,Sedan,baseline_value_here,9.813617548107086,10.200264,18280.00000000001,26909.29,-8629.289062499989,8629.289062499989,-47.21
6280,29992.0,35532.0,Buick,Encore,GX,2024.0,4,SUV,of_Origin_USA,10.308719300084501,10.41386,29991.99999999999,33317.242,-3325.242187500011,3325.242187500011,-11.09
8705,15508.0,107639.0,Chrysler,300,,2014.0,baseline_value_here,baseline_value_here,of_Origin_USA,9.649175779559453,9.692459,15508.000000000004,16194.0205,-686.0205078124964,686.0205078124964,-4.42
5484,86988.0,58656.0,BMW,X5,,2024.0,6,SUV,baseline_value_here,11.373536952861308,11.067911,86987.99999999999,64080.51,22907.488281249985,22907.488281249985,26.33
17802,31999.0,80163.0,Mazda,CX-5,,2023.0,4,SUV,of_Origin_Japan,10.373491181781864,10.287579,31999.000000000007,29364.582,2634.4179687500073,2634.4179687500073,8.23
16140,5188.0,226789.0,Lincoln,MKC,,2015.0,4,SUV,of_Origin_USA,8.55429627936774,8.763991,5188.000000000004,6398.604,-1210.6040039062464,1210.6040039062464,-23.33
26443,61888.0,85000.0,Mercedes-Benz,GLS,,2022.0,6,SUV,baseline_value_here,11.033097736903727,10.895632,61888.00000000004,53939.227,7948.773437500036,7948.773437500036,12.84
6486,26938.0,133596.0,Buick,Envision,,2023.0,4,SUV,of_Origin_USA,10.201330329750538,10.100732,26938.000000000004,24359.832,2578.1679687500036,2578.1679687500036,9.57
23634,27998.0,91210.0,Volkswagen,Tiguan,,2022.0,4,SUV,baseline_value_here,10.239924074233857,10.363654,27998.000000000007,31685.758,-3687.7578124999927,3687.7578124999927,-13.17
27410,61780.0,53488.0,BMW,X5,,2023.0,6,SUV,baseline_value_here,11.031351152809686,11.045021,61779.999999999985,62630.34,-850.3398437500146,850.3398437500146,-1.38
29387,10395.0,168680.0,Volkswagen,Jetta,Sedan,2016.0,4,Sedan,baseline_value_here,9.249176395761381,9.369166,10395.000000000004,11720.34,-1325.3398437499964,1325.3398437499964,-12.75
7284,37999.0,130400.0,Cadillac,Escalade,ESV,2016.0,8,SUV,of_Origin_USA,10.545341438708522,10.359555,37998.999999999985,31556.143,6442.857421874985,6442.857421874985,16.96
15026,41995.0,127340.0,Land,Rover,Range Rover Sport,2020.0,4,SUV,baseline_value_here,10.645329654634832,10.09846,41995.0,24304.555,17690.4453125,17690.4453125,42.13
3437,49490.0,3581.0,Acura,Integra,,2026.0,4,Hatchback,of_Origin_Japan,10.809546113844034,10.697018,49489.999999999985,44222.77,5267.230468749985,5267.230468749985,10.64
32986,37995.0,40879.0,Ford,Mustang,Convertible,2014.0,6,baseline_value_here,of_Origin_USA,10.545236170010073,10.1665535,37994.999999999985,26017.25,11977.749999999985,11977.749999999985,31.52
17568,16995.0,16769.0,MINI,3,Door,2018.0,baseline_value_here,baseline_value_here,of_Origin_UK,9.740733301234702,10.145029,16994.999999999993,25463.207,-8468.207031250007,8468.207031250007,-49.83
3213,24942.0,50.0,Kia,K4,,2025.0,4,Sedan,of_Origin_South Korea,10.124348500692786,10.316217,24942.000000000015,30217.736,-5275.736328124985,5275.736328124985,-21.15
1502,51999.0,48966.0,Lincoln,Aviator,,2023.0,6,SUV,of_Origin_USA,10.858998997563564,10.799334,51998.99999999997,48987.145,3011.855468749971,3011.855468749971,5.79
27443,28964.0,37339.0,Mazda,Mazda3,,2025.0,4,Sedan,of_Origin_Japan,10.273843483530724,10.264504,28963.99999999999,28694.754,269.2460937499891,269.2460937499891,0.93
16161,52199.0,1093.0,Lincoln,Corsair,,2026.0,4,SUV,of_Origin_USA,10.86283777387073,10.846972,52198.99999999999,51377.367,821.6328124999927,821.6328124999927,1.57
2984,22498.0,38945.0,Hyundai,Elantra,,2024.0,4,Sedan,of_Origin_South Korea,10.021226142760383,10.168734,22498.0,26074.035,-3576.03515625,3576.03515625,-15.89
8715,4990.0,256659.0,Dodge,Journey,,2015.0,4,SUV,of_Origin_USA,8.515391569469609,8.635365,4989.999999999996,5626.1846,-636.1845703125036,636.1845703125036,-12.75
13234,63204.0,90.0,Infiniti,QX50,,2025.0,4,SUV,of_Origin_Japan,11.054138690929658,10.9166975,63204.00000000003,55087.566,8116.433593750029,8116.433593750029,12.84
12033,30816.0,30158.0,Hyundai,Kona,,2025.0,4,SUV,of_Origin_South Korea,10.335821764746314,10.503456,30815.999999999975,36440.23,-5624.2304687500255,5624.2304687500255,-18.25
10932,56999.0,7159.0,Genesis,GV70,,2024.0,6,SUV,of_Origin_South Korea,10.950806546816688,10.984304,56999.000000000044,58940.72,-1941.7187499999563,1941.7187499999563,-3.41
13426,19995.0,169896.0,Jeep,Grand,Cherokee,2020.0,6,SUV,of_Origin_USA,9.903287532533462,10.141454,19995.00000000001,25372.326,-5377.326171874989,5377.326171874989,-26.89
30706,24995.0,39916.0,Jeep,Compass,,2024.0,4,SUV,of_Origin_USA,10.126471091048971,10.382247,24994.999999999978,32280.416,-7285.416015625022,7285.416015625022,-29.15
914,30988.0,72884.0,Genesis,GV70,,2022.0,4,SUV,of_Origin_South Korea,10.341387581787455,10.1312895,30988.000000000015,25115.73,5872.269531250015,5872.269531250015,18.95
9358,18995.0,198846.0,Ford,Explorer,,2021.0,4,SUV,of_Origin_USA,9.851983709669012,9.642395,18994.999999999993,15403.193,3591.8066406249927,3591.8066406249927,18.91
35268,82900.0,31300.0,Land,Rover,Range Rover Sport,2023.0,6,SUV,baseline_value_here,11.325402403776808,11.059423,82899.99999999997,63538.906,19361.09374999997,19361.09374999997,23.35
7890,109990.0,3522.0,Chevrolet,Corvette,,2025.0,8,Coupe,of_Origin_USA,11.608153823245445,11.350815,109989.99999999997,85033.71,24956.28906249997,24956.28906249997,22.69
13033,63110.0,150.0,Infiniti,QX50,,2025.0,4,SUV,of_Origin_Japan,11.052650359802138,10.795328,63109.99999999995,48791.316,14318.683593749949,14318.683593749949,22.69
4943,99495.0,90.0,Audi,Q6,e-tron,2027.0,Electric,SUV,baseline_value_here,11.507872721333577,11.427611,99494.99999999999,91821.38,7673.617187499985,7673.617187499985,7.71
32653,26988.0,84000.0,Volkswagen,Tiguan,,2022.0,4,SUV,baseline_value_here,10.203184654566114,10.372626,26988.000000000004,31971.336,-4983.335937499996,4983.335937499996,-18.47
29942,11999.0,20710.0,Nissan,Sentra,,2019.0,4,Sedan,of_Origin_Japan,9.392661928770137,10.03469,11998.999999999993,22802.969,-10803.968750000007,10803.968750000007,-90.04
23578,31099.0,45430.0,Volkswagen,Golf,GTI,2023.0,4,Hatchback,baseline_value_here,10.344963098167325,10.417386,31098.999999999978,33434.92,-2335.921875000022,2335.921875000022,-7.51
8492,33995.0,75933.0,Chrysler,Grand,Caravan,2024.0,6,Minivan,of_Origin_USA,10.433998149618517,10.452482,33995.00000000002,34629.227,-634.2265624999782,634.2265624999782,-1.87
8999,14990.0,66029.0,Dodge,Journey,,2017.0,4,SUV,of_Origin_USA,9.615205300012315,9.718702,14990.000000000004,16624.656,-1634.6562499999964,1634.6562499999964,-10.9
22571,38290.0,73518.0,Tesla,Model,Y,2022.0,Electric,Sedan,of_Origin_USA,10.55297016060981,10.511432,38290.00000000002,36732.03,1557.9687500000218,1557.9687500000218,4.07
28428,52140.0,300.0,Honda,CR-V,,2026.0,4,SUV,of_Origin_Japan,10.861706866436679,10.91445,52140.0,54963.88,-2823.87890625,2823.87890625,-5.42
3704,44098.0,78.0,Acura,Integra,,2025.0,4,Hatchback,of_Origin_Japan,10.694192385440877,10.703037,44097.99999999996,44489.78,-391.7812500000364,391.7812500000364,-0.89
12780,5450.0,316134.0,Infiniti,Q50,,2017.0,6,Sedan,of_Origin_Japan,8.603554357064281,9.275212,5450.000000000002,10669.224,-5219.223632812498,5219.223632812498,-95.77
18603,48958.0,41690.0,Mercedes-Benz,E-Class,,2023.0,6,Sedan,baseline_value_here,10.798738492141016,11.090579,48957.99999999998,65549.69,-16591.687500000022,16591.687500000022,-33.89
29067,51000.0,96000.0,Porsche,Macan,,2021.0,4,SUV,baseline_value_here,10.839600519357369,10.263217,50999.999999999985,28657.832,22342.167968749985,22342.167968749985,43.81
20584,56995.0,68574.0,Porsche,Macan,,2021.0,4,SUV,baseline_value_here,10.95073636891568,10.363364,56995.0,31676.572,25318.427734375,25318.427734375,44.42
20459,26326.0,41105.0,Nissan,Rogue,,2023.0,4,SUV,of_Origin_Japan,10.17835030752565,10.373582,26325.999999999993,32001.902,-5675.902343750007,5675.902343750007,-21.56
33811,16950.0,128333.0,Infiniti,QX50,,2019.0,4,SUV,of_Origin_Japan,9.738082108118487,9.941285,16950.00000000001,20769.42,-3819.419921874989,3819.419921874989,-22.53
2862,12995.0,161475.0,Kia,Sorento,,2020.0,4,SUV,of_Origin_South Korea,9.472396896788991,9.639445,12995.000000000005,15357.822,-2362.8222656249945,2362.8222656249945,-18.18
31499,32986.0,33500.0,Honda,Civic,,2025.0,4,Sedan,of_Origin_Japan,10.40386882344017,10.508039,32985.99999999999,36607.637,-3621.6367187500073,3621.6367187500073,-10.98
22070,27999.0,74841.0,Subaru,Crosstrek,,2024.0,4,SUV,of_Origin_Japan,10.239959789157341,10.261975,27999.000000000004,28622.27,-623.2695312499964,623.2695312499964,-2.23
4414,35998.0,73793.0,Audi,Q5,,2023.0,4,SUV,baseline_value_here,10.49124643927466,10.454881,35998.0,34712.387,1285.61328125,1285.61328125,3.57
2875,70988.0,50992.0,Mercedes-Benz,GLS,,2022.0,6,SUV,baseline_value_here,11.17028021444316,10.957202,70987.99999999994,57364.707,13623.292968749942,13623.292968749942,19.19
34426,15991.0,121000.0,Lincoln,MKZ,,2017.0,6,Sedan,of_Origin_USA,9.679843876180236,9.915218,15990.999999999998,20234.998,-4243.998046875002,4243.998046875002,-26.54
35662,37895.0,69630.0,Lexus,RZ,,2023.0,Electric,SUV,of_Origin_Japan,10.542600844603587,10.620342,37894.999999999985,40958.633,-3063.6328125000146,3063.6328125000146,-8.08
32758,25988.0,135060.0,Ford,Transit,Connect,2022.0,6,Van,of_Origin_USA,10.16542865055825,10.335589,25987.999999999985,30808.84,-4820.839843750015,4820.839843750015,-18.55
30252,17970.0,84431.0,Nissan,Qashqai,,2021.0,4,SUV,of_Origin_Japan,9.796514626532023,10.158564,17970.000000000015,25810.195,-7840.195312499985,7840.195312499985,-43.63
30194,19950.0,139000.0,Honda,CR-V,,2019.0,4,SUV,of_Origin_Japan,9.901034546375062,9.865987,19950.00000000001,19262.875,687.1250000000109,687.1250000000109,3.44
9035,95990.0,40124.0,Dodge,Durango,,2021.0,6,SUV,of_Origin_USA,11.472009716055167,10.650414,95989.99999999997,42209.086,53780.91406249997,53780.91406249997,56.03
38101,39839.0,51.0,Honda,HR-V,,2027.0,4,SUV,of_Origin_Japan,10.592626711698534,10.592134,39838.99999999998,39819.395,19.605468749978172,19.605468749978172,0.05
6640,24888.0,88946.0,Buick,Envision,,2023.0,4,SUV,of_Origin_USA,10.122181217776706,10.227864,24887.999999999985,27662.365,-2774.3652343750146,2774.3652343750146,-11.15
13531,39488.0,67500.0,Jeep,Wrangler,,2023.0,6,SUV,of_Origin_USA,10.583777431093518,10.75268,39488.000000000015,46754.156,-7266.156249999985,7266.156249999985,-18.4
25456,26449.0,16824.0,Nissan,Rogue,,2024.0,4,SUV,of_Origin_Japan,10.183011437286446,10.439089,26449.000000000007,34168.504,-7719.503906249993,7719.503906249993,-29.19
28684,49888.0,847.0,Dodge,Charger,Daytona,2024.0,Electric,Sedan,of_Origin_USA,10.817555816557183,10.965113,49887.99999999996,57820.312,-7932.312500000036,7932.312500000036,-15.9
4013,66995.0,24582.0,Acura,MDX,,2024.0,6,SUV,of_Origin_Japan,11.112388195098362,10.8386965,66995.00000000006,50953.914,16041.085937500058,16041.085937500058,23.94
32412,23950.0,116000.0,Mazda,CX-5,,2020.0,4,SUV,of_Origin_Japan,10.083765355620846,10.062991,23949.999999999993,23457.57,492.4296874999927,492.4296874999927,2.06
4455,19770.0,117000.0,Audi,Q5,,2019.0,4,SUV,baseline_value_here,9.89197149657488,10.058435,19770.000000000004,23350.941,-3580.9414062499964,3580.9414062499964,-18.11
38376,97550.0,29729.0,Lexus,GX,,2024.0,6,SUV,of_Origin_Japan,11.488130597151969,10.840342,97549.99999999994,51037.81,46512.19140624994,46512.19140624994,47.68
611,15999.0,109099.0,Honda,Civic,Sedan,2018.0,4,Sedan,of_Origin_Japan,9.680344001221918,9.780947,15999.000000000002,17692.396,-1693.3964843749982,1693.3964843749982,-10.58
36929,46999.0,53730.0,Honda,Odyssey,,2024.0,6,Minivan,of_Origin_Japan,10.757902880692196,10.749762,46999.00000000002,46617.914,381.0859375000218,381.0859375000218,0.81
26423,19500.0,175000.0,Jaguar,XE,,2018.0,4,Sedan,of_Origin_UK,9.87822102528824,9.354156,19500.0,11545.707,7954.29296875,7954.29296875,40.79
25561,27495.0,78193.0,Ford,Mustang,Mach-E,2022.0,Electric,SUV,of_Origin_USA,10.22179581852967,10.568264,27494.99999999998,38880.117,-11385.117187500018,11385.117187500018,-41.41
17891,29500.0,91086.0,Mazda,CX-5,,2022.0,4,SUV,of_Origin_Japan,10.292179440058462,10.23601,29500.000000000007,27888.613,1611.3867187500073,1611.3867187500073,5.46
31085,32995.0,16210.0,Subaru,Crosstrek,,2024.0,4,SUV,of_Origin_Japan,10.404141620980623,10.465145,32995.00000000001,35070.535,-2075.5351562499927,2075.5351562499927,-6.29
862,18288.0,156826.0,Hyundai,Sonata,,2021.0,4,Sedan,of_Origin_South Korea,9.814055065204576,9.593733,18288.0,14671.537,3616.462890625,3616.462890625,19.78
2319,41021.0,52939.0,Genesis,GV70,,2022.0,4,SUV,of_Origin_South Korea,10.62186378714185,10.206663,41021.00000000004,27082.045,13938.955078125036,13938.955078125036,33.98
38616,42495.0,42209.0,BMW,3,Series,2023.0,baseline_value_here,baseline_value_here,baseline_value_here,10.657165232836105,10.902344,42494.99999999997,54302.49,-11807.48828125003,11807.48828125003,-27.79
35142,29988.0,34000.0,Hyundai,Tucson,,2024.0,4,SUV,of_Origin_South Korea,10.308585926738967,10.358008,29988.00000000001,31507.367,-1519.367187499989,1519.367187499989,-5.07
25324,27598.0,20532.0,Ford,Escape,,2024.0,4,SUV,of_Origin_USA,10.225534819164793,10.4293585,27597.999999999993,33837.637,-6239.636718750007,6239.636718750007,-22.61
32959,23995.0,35446.0,Nissan,Rogue,,2024.0,4,SUV,of_Origin_Japan,10.085642428772983,10.43123,23994.999999999993,33901.01,-9906.011718750007,9906.011718750007,-41.28
8435,30887.0,68333.0,Chrysler,Grand,Caravan,2023.0,6,Minivan,of_Origin_USA,10.338123037944072,10.503168,30887.0,36429.74,-5542.73828125,5542.73828125,-17.95
38348,19495.0,70456.0,Hyundai,Sonata,,2022.0,4,Sedan,of_Origin_South Korea,9.877964595305043,9.992065,19495.00000000002,21851.387,-2356.386718749982,2356.386718749982,-12.09
20708,39888.0,65208.0,Porsche,Macan,,2019.0,4,SUV,baseline_value_here,10.593855875645637,10.216562,39888.0,27351.475,12536.525390625,12536.525390625,31.43
25843,39888.0,29341.0,Subaru,Forester,,2025.0,4,SUV,of_Origin_Japan,10.593855875645637,10.505715,39888.0,36522.652,3365.34765625,3365.34765625,8.44
47,19388.0,81205.0,Volkswagen,Tiguan,,2019.0,4,SUV,baseline_value_here,9.872461173931006,10.172617,19388.000000000015,26175.49,-6787.490234374985,6787.490234374985,-35.01
3952,44995.0,89936.0,Acura,MDX,,2023.0,6,SUV,of_Origin_Japan,10.714328875912717,10.589372,44995.00000000001,39709.53,5285.468750000007,5285.468750000007,11.75
20177,16995.0,67166.0,Nissan,Rogue,,2017.0,4,SUV,of_Origin_Japan,9.740733301234702,9.90288,16994.999999999993,19986.848,-2991.8476562500073,2991.8476562500073,-17.6
27380,36963.0,65787.0,Mazda,CX-50,,2023.0,4,SUV,of_Origin_Japan,10.517699745007931,10.331117,36963.00000000001,30671.344,6291.656250000007,6291.656250000007,17.02
28325,27998.0,30171.0,Nissan,Rogue,,2024.0,4,SUV,of_Origin_Japan,10.239924074233857,10.434999,27998.000000000007,34029.06,-6031.058593749993,6031.058593749993,-21.54
8117,31995.0,8221.0,Chevrolet,Trailblazer,,2025.0,4,SUV,of_Origin_USA,10.373366173968712,10.732247,31994.99999999999,45808.527,-13813.527343750011,13813.527343750011,-43.17
18576,37888.0,69616.0,Mercedes-Benz,E-Class,,2020.0,6,Sedan,baseline_value_here,10.542416111476454,10.834767,37887.99999999999,50754.098,-12866.097656250007,12866.097656250007,-33.96
32645,7000.0,258000.0,Subaru,Legacy,,2015.0,4,Sedan,of_Origin_Japan,8.853808274977197,8.854957,6999.999999999998,7008.0444,-8.044433593751819,8.044433593751819,-0.11
20692,55888.0,83021.0,Porsche,Cayenne,,2020.0,6,SUV,baseline_value_here,10.931122859815252,10.619201,55888.00000000005,40911.902,14976.097656250051,14976.097656250051,26.8
28079,51975.0,45828.0,Audi,Q7,,2024.0,6,SUV,baseline_value_here,10.858537352560367,11.0711975,51974.99999999999,64291.453,-12316.453125000007,12316.453125000007,-23.7
590,60998.0,16511.0,Toyota,Sienna,,2025.0,4,Minivan,of_Origin_Japan,11.018612749578452,10.665791,60998.00000000003,42863.13,18134.87109375003,18134.87109375003,29.73
7881,18895.0,112147.0,Chevrolet,Trailblazer,,2022.0,4,SUV,of_Origin_USA,9.846705538437144,10.118932,18895.000000000004,24807.256,-5912.255859374996,5912.255859374996,-31.29
22999,48149.0,73678.0,Toyota,4-Runner,,2021.0,6,SUV,of_Origin_Japan,10.782076417226271,10.543743,48148.999999999985,37938.312,10210.687499999985,10210.687499999985,21.21
28225,22995.0,51346.0,Nissan,Sentra,,2025.0,4,Sedan,of_Origin_Japan,10.043075566743182,10.254962,22995.000000000015,28422.229,-5427.228515624985,5427.228515624985,-23.6
12982,48888.0,100300.0,Infiniti,QX80,,2024.0,8,SUV,of_Origin_Japan,10.797307701282914,10.787472,48887.99999999999,48409.49,478.5117187499927,478.5117187499927,0.98
204,26689.0,62955.0,Honda,CR-V,,2019.0,4,SUV,of_Origin_Japan,10.19204424239857,10.094143,26689.0,24199.848,2489.15234375,2489.15234375,9.33
23665,10777.0,194000.0,Volkswagen,Jetta,,2020.0,4,Sedan,baseline_value_here,9.285262298493443,9.634009,10777.000000000007,15274.559,-4497.558593749993,4497.558593749993,-41.73
2476,23880.0,34028.0,Honda,Civic,Sedan,2020.0,4,Sedan,of_Origin_Japan,10.080838442676662,10.132148,23879.999999999978,25137.299,-1257.2988281250218,1257.2988281250218,-5.27
35281,12500.0,145600.0,Volkswagen,Beetle,Convertible,2007.0,4,Coupe,baseline_value_here,9.433563920090563,9.256116,12500.0,10467.395,2032.60546875,2032.60546875,16.26
19448,25160.0,38068.0,Mitsubishi,RVR,,2024.0,4,SUV,of_Origin_Japan,10.133050455652521,10.406942,25159.999999999993,33087.543,-7927.542968750007,7927.542968750007,-31.51
34031,40990.0,38290.0,Toyota,RAV,4,2025.0,4,SUV,of_Origin_Japan,10.621107809394994,10.522128,40989.99999999997,37127.055,3862.945312499971,3862.945312499971,9.42
35245,32488.0,33567.0,Subaru,Forester,,2025.0,4,SUV,of_Origin_Japan,10.388656849488333,10.546994,32487.999999999996,38061.855,-5573.855468750004,5573.855468750004,-17.16
4673,11500.0,124980.0,Audi,A5,,2010.0,6,Coupe,baseline_value_here,9.350189267092581,9.681219,11499.999999999998,16013.008,-4513.007812500002,4513.007812500002,-39.24
28092,26933.0,48188.0,Hyundai,Elantra,,2023.0,4,Sedan,of_Origin_South Korea,10.201144708009988,10.084591,26933.00000000002,23969.781,2963.218750000018,2963.218750000018,11.0
26593,8500.0,180000.0,Toyota,Camry,,2011.0,4,Sedan,of_Origin_Japan,9.04793908261736,8.876909,8500.000000000005,7163.6123,1336.3876953125055,1336.3876953125055,15.72
2713,35888.0,28530.0,Ford,Mustang,Fastback,2024.0,8,Coupe,of_Origin_USA,10.488186120839014,11.146163,35888.00000000001,69296.42,-33408.42187499999,33408.42187499999,-93.09
1301,20000.0,64647.0,Hyundai,Elantra,,2022.0,4,Sedan,of_Origin_South Korea,9.90353755128617,10.003881,20000.000000000015,22111.127,-2111.1269531249854,2111.1269531249854,-10.56
21047,34495.0,82090.0,RAM,1500,Classic,2022.0,baseline_value_here,baseline_value_here,of_Origin_USA,10.448598654268668,10.531944,34494.99999999997,37493.305,-2998.304687500029,2998.304687500029,-8.69
27915,24144.0,129994.0,Honda,HR-V,,2023.0,4,SUV,of_Origin_Japan,10.091832598307642,10.15628,24143.99999999999,25751.309,-1607.308593750011,1607.308593750011,-6.66
10254,50487.0,70250.0,GMC,Sierra,1500,2023.0,8,Pickup Truck,of_Origin_USA,10.829490963264076,10.837034,50487.000000000044,50869.285,-382.28515624995634,382.28515624995634,-0.76
19258,35699.0,64022.0,Mitsubishi,Outlander,Plug-In Hybrid,2023.0,Electric,SUV,of_Origin_Japan,10.48290596776773,10.624056,35698.99999999997,41111.023,-5412.023437500029,5412.023437500029,-15.16
16752,51216.0,8872.0,Lincoln,Corsair,,2025.0,4,SUV,of_Origin_USA,10.843826787167423,10.713472,51216.00000000003,44956.477,6259.523437500029,6259.523437500029,12.22
11231,30988.0,500.0,Honda,Civic,Hatchback,2025.0,4,Sedan,of_Origin_Japan,10.341387581787455,10.461624,30988.000000000015,34947.266,-3959.2656249999854,3959.2656249999854,-12.78
23697,27990.0,75808.0,Volkswagen,Tiguan,,2022.0,4,SUV,baseline_value_here,10.239638308916676,10.372698,27989.99999999999,31973.623,-3983.623046875011,3983.623046875011,-14.23
25326,28292.0,41768.0,Mazda,Mazda3,Sport,2023.0,4,Sedan,of_Origin_Japan,10.250369703211994,10.379164,28292.0,32181.037,-3889.037109375,3889.037109375,-13.75
25041,63999.0,34298.0,Audi,Q7,,2025.0,6,SUV,baseline_value_here,11.06663836234181,11.188847,63999.00000000002,72318.32,-8319.320312499978,8319.320312499978,-13.0
23483,36885.0,14396.0,Volkswagen,Taos,,2026.0,4,SUV,baseline_value_here,10.51558735424275,10.941604,36884.99999999998,56476.844,-19591.843750000022,19591.843750000022,-53.12
24481,62290.0,710.0,Volvo,XC40,,2026.0,4,SUV,of_Origin_Sweden,11.039572232060571,11.197962,62290.000000000044,72980.54,-10690.539062499956,10690.539062499956,-17.16
29953,18000.0,97423.0,Audi,A4,Sedan,2018.0,4,Sedan,baseline_value_here,9.798182590890704,9.90753,17999.999999999993,20080.01,-2080.0097656250073,2080.0097656250073,-11.56
28367,32988.0,103615.0,Honda,CR-V,,2024.0,4,SUV,of_Origin_Japan,10.403929451547379,10.257865,32987.99999999997,28504.86,4483.140624999971,4483.140624999971,13.59
32275,36495.0,60409.0,Subaru,Outback,,2024.0,4,SUV,of_Origin_Japan,10.50495794452417,10.368368,36495.00000000003,31835.482,4659.517578125029,4659.517578125029,12.77
33767,13985.0,174894.0,Mazda,CX-5,,2016.0,4,SUV,of_Origin_Japan,9.545812108263812,9.4415455,13984.999999999996,12600.177,1384.8232421874964,1384.8232421874964,9.9
21149,49695.0,57975.0,RAM,1500,,2025.0,baseline_value_here,baseline_value_here,of_Origin_USA,10.813679725948413,10.796236,49694.99999999997,48835.637,859.3632812499709,859.3632812499709,1.73
17610,6490.0,268769.0,Mazda,Mazda3,,2014.0,4,Sedan,of_Origin_Japan,8.778171881033469,8.831464,6490.000000000002,6845.3013,-355.3012695312482,355.3012695312482,-5.47
25526,39998.0,83490.0,Ford,F-150,,2022.0,6,Pickup Truck,of_Origin_USA,10.596609732783568,10.692635,39997.99999999999,44029.355,-4031.3554687500073,4031.3554687500073,-10.08
26182,41991.0,10542.0,Volkswagen,Tiguan,,2026.0,4,SUV,baseline_value_here,10.645234402932136,10.974304,41991.000000000015,58354.227,-16363.226562499985,16363.226562499985,-38.97
1084,19900.0,29456.0,Ford,Edge,,2018.0,4,SUV,of_Origin_USA,9.898525260706313,9.892657,19899.999999999993,19783.562,116.43749999999272,116.43749999999272,0.59
34421,14000.0,186474.0,Jeep,Wrangler,,2017.0,6,SUV,of_Origin_USA,9.546884034617925,9.753856,13999.999999999995,17219.498,-3219.4980468750055,3219.4980468750055,-23.0
27492,36688.0,10.0,Kia,Seltos,,2027.0,4,SUV,of_Origin_South Korea,10.510232261594956,10.5038185,36688.00000000003,36453.438,234.5625000000291,234.5625000000291,0.64
10116,49995.0,64871.0,GMC,Canyon,,2023.0,4,Pickup Truck,of_Origin_USA,10.819698281210112,10.569702,49994.99999999997,38936.074,11058.92578124997,11058.92578124997,22.12
22139,32494.0,37492.0,Subaru,WRX,,2024.0,4,Sedan,of_Origin_Japan,10.388841510328449,10.440789,32493.999999999993,34226.656,-1732.6562500000073,1732.6562500000073,-5.33
31438,23333.0,61574.0,Nissan,Rogue,,2021.0,4,SUV,of_Origin_Japan,10.057666803383801,10.239535,23332.99999999998,27987.117,-4654.117187500018,4654.117187500018,-19.95
37014,49900.0,37437.0,Jaguar,XK,,2013.0,8,Coupe,of_Origin_UK,10.817796321618971,10.6431265,49900.000000000015,41902.58,7997.421875000015,7997.421875000015,16.03
839,54991.0,41618.0,Audi,Q7,,2023.0,6,SUV,baseline_value_here,10.914942999089615,11.051143,54990.99999999996,63014.92,-8023.921875000036,8023.921875000036,-14.59
11087,39900.0,48500.0,Honda,CR-V,Hybrid,2024.0,4,SUV,of_Origin_Japan,10.594156665220533,10.65281,39899.99999999998,42310.33,-2410.328125000022,2410.328125000022,-6.04
28081,11999.0,148543.0,Hyundai,Elantra,,2019.0,4,Sedan,of_Origin_South Korea,9.392661928770137,9.394345,11998.999999999993,12019.217,-20.216796875007276,20.216796875007276,-0.17
8594,32995.0,85359.0,Chrysler,Pacifica,,2024.0,6,Minivan,of_Origin_USA,10.404141620980623,10.435315,32995.00000000001,34039.8,-1044.8007812499927,1044.8007812499927,-3.17
30894,28995.0,30251.0,Hyundai,Kona,,2025.0,4,SUV,of_Origin_South Korea,10.274913168420769,10.4931755,28995.000000000007,36067.51,-7072.511718749993,7072.511718749993,-24.39
27463,8900.0,181000.0,BMW,3,Series,2014.0,baseline_value_here,baseline_value_here,baseline_value_here,9.093918908958932,9.438699,8900.000000000002,12564.355,-3664.355468749998,3664.355468749998,-41.17
4213,27880.0,131098.0,Acura,RDX,,2020.0,4,SUV,of_Origin_Japan,10.235700732236957,9.985995,27879.99999999998,21719.14,6160.859374999982,6160.859374999982,22.1
27552,25995.0,107429.0,Dodge,Durango,,2018.0,6,SUV,of_Origin_USA,10.16569795901424,10.082953,25995.00000000002,23930.562,2064.437500000018,2064.437500000018,7.94
20196,22950.0,46000.0,Nissan,Sentra,,2024.0,4,Sedan,of_Origin_Japan,10.041116787524166,10.222453,22949.999999999996,27513.078,-4563.078125000004,4563.078125000004,-19.88
13161,55514.0,90.0,Infiniti,QX50,,2025.0,4,SUV,of_Origin_Japan,10.924408533488366,10.9166975,55514.0,55087.566,426.43359375,426.43359375,0.77
8614,18999.0,125101.0,Chrysler,Pacifica,,2017.0,6,Minivan,of_Origin_USA,9.852194258148577,9.755197,18998.999999999993,17242.604,1756.3964843749927,1756.3964843749927,9.24
14110,36345.0,4163.0,Kia,Seltos,,2025.0,4,SUV,of_Origin_South Korea,10.500839435641206,10.585322,36344.99999999997,39549.055,-3204.054687500029,3204.054687500029,-8.82
22765,39995.0,36476.0,Toyota,RAV,4 Hybrid,2025.0,4,SUV,of_Origin_Japan,10.59653472809574,10.775155,39995.00000000001,47816.887,-7821.886718749993,7821.886718749993,-19.56
37463,2950.0,327000.0,Jeep,Liberty,,2010.0,6,SUV,of_Origin_USA,7.989899374942939,8.082103,2949.9999999999995,3235.0308,-285.03076171875045,285.03076171875045,-9.66
17283,35839.0,36990.0,MINI,3,Door,2022.0,baseline_value_here,baseline_value_here,of_Origin_UK,10.486819867088867,10.353606,35839.00000000001,31368.967,4470.033203125007,4470.033203125007,12.47
72,27687.0,82152.0,Acura,RDX,,2019.0,4,SUV,of_Origin_Japan,10.228754385315181,10.054028,27687.000000000022,23248.236,4438.763671875022,4438.763671875022,16.03
31028,8500.0,292000.0,Honda,Civic,,2013.0,4,Sedan,of_Origin_Japan,9.04793908261736,8.578057,8500.000000000005,5312.7725,3187.2275390625055,3187.2275390625055,37.5
23475,38398.0,84384.0,Volkswagen,Atlas,,2023.0,4,SUV,baseline_value_here,10.555786696570062,10.412685,38398.0,33278.117,5119.8828125,5119.8828125,13.33
22803,27999.0,105914.0,Toyota,RAV,4,2022.0,4,SUV,of_Origin_Japan,10.239959789157341,10.20131,27999.000000000004,26937.457,1061.5429687500036,1061.5429687500036,3.79
31035,12900.0,121700.0,Volkswagen,Jetta,Sedan,2017.0,4,Sedan,baseline_value_here,9.465060106725137,9.784369,12900.0,17753.059,-4853.05859375,4853.05859375,-37.62
20618,95000.0,61749.0,Porsche,Cayenne,,2022.0,6,SUV,baseline_value_here,11.461642696843066,10.932324,95000.00000000001,55955.195,39044.804687500015,39044.804687500015,41.1
37580,8500.0,218000.0,BMW,3,Series,2015.0,baseline_value_here,baseline_value_here,baseline_value_here,9.04793908261736,9.446843,8500.000000000005,12667.11,-4167.1103515624945,4167.1103515624945,-49.02
28047,6000.0,221000.0,Hyundai,Santa,Fe Sport,2014.0,4,SUV,of_Origin_South Korea,8.699681400989514,8.600651,6000.000000000005,5434.196,565.8041992187545,565.8041992187545,9.43
232,24888.0,40848.0,Volkswagen,Jetta,,2024.0,4,Sedan,baseline_value_here,10.122181217776706,10.415547,24887.999999999985,33373.5,-8485.500000000015,8485.500000000015,-34.09
14165,33990.0,147805.0,Kia,Telluride,,2023.0,6,SUV,of_Origin_South Korea,10.43385106267516,10.318205,33990.00000000001,30277.855,3712.1445312500073,3712.1445312500073,10.92
2251,14995.0,136000.0,Hyundai,Sonata,,2020.0,4,Sedan,of_Origin_South Korea,9.615538777855802,9.598386,14994.999999999989,14739.968,255.0322265624891,255.0322265624891,1.7
36584,24498.0,37990.0,Mitsubishi,RVR,,2023.0,4,SUV,of_Origin_Japan,10.106387579373278,10.348951,24497.99999999998,31223.281,-6725.281250000018,6725.281250000018,-27.45
22425,40490.0,107300.0,Tesla,Model,Y,2023.0,Electric,Sedan,of_Origin_USA,10.608835006177392,10.440219,40490.000000000015,34207.14,6282.859375000015,6282.859375000015,15.52
11153,10990.0,240444.0,Honda,Civic,Sedan,2017.0,4,Sedan,of_Origin_Japan,9.3048320350689,9.199258,10989.999999999996,9888.787,1101.2128906249964,1101.2128906249964,10.02
2195,15999.0,136098.0,Honda,Civic,Sedan,2016.0,4,Sedan,of_Origin_Japan,9.680344001221918,9.52109,15999.000000000002,13643.47,2355.530273437502,2355.530273437502,14.72
388,21998.0,83309.0,Audi,Q5,,2019.0,4,SUV,baseline_value_here,9.998752276761909,10.177444,21997.999999999996,26302.162,-4304.162109375004,4304.162109375004,-19.57
25313,27888.0,83738.0,Acura,RDX,,2020.0,4,SUV,of_Origin_Japan,10.23598762483351,10.130223,27888.00000000002,25088.965,2799.035156250018,2799.035156250018,10.04
734,12495.0,129800.0,Volkswagen,Tiguan,,2017.0,4,SUV,baseline_value_here,9.433163872079467,9.806477,12494.999999999995,18149.922,-5654.9218750000055,5654.9218750000055,-45.26
318,22395.0,45471.0,Nissan,Rogue,,2023.0,4,SUV,of_Origin_Japan,10.016637650468784,10.363356,22395.0,31676.3,-9281.30078125,9281.30078125,-41.44
27537,22222.0,135560.0,Chevrolet,Blazer,,2022.0,4,SUV,of_Origin_USA,10.008883067581468,10.038818,22221.999999999996,22897.309,-675.3085937500036,675.3085937500036,-3.04
13618,45998.0,63050.0,Jeep,Wrangler,,2024.0,6,SUV,of_Origin_USA,10.736374936104498,10.800585,45997.99999999998,49048.477,-3050.476562500022,3050.476562500022,-6.63
9716,36980.0,22200.0,Ford,Escape,,2024.0,4,SUV,of_Origin_USA,10.518159546219628,10.441107,36979.99999999998,34237.527,2742.472656249978,2742.472656249978,7.42
10358,45787.0,138694.0,GMC,Sierra,1500 Limited,2022.0,8,Pickup Truck,of_Origin_USA,10.731777327038367,10.639575,45787.000000000015,41754.023,4032.9765625000146,4032.9765625000146,8.81
29243,28998.0,45583.0,Mazda,Mazda3,Sport,2024.0,4,Sedan,of_Origin_Japan,10.275016625615446,10.222742,28998.000000000004,27521.031,1476.9687500000036,1476.9687500000036,5.09
4199,16495.0,143350.0,Acura,RDX,,2015.0,6,SUV,of_Origin_Japan,9.71087320625674,9.67257,16494.999999999996,15875.102,619.8984374999964,619.8984374999964,3.76
22017,32995.0,55054.0,Subaru,Outback,,2021.0,4,SUV,of_Origin_Japan,10.404141620980623,10.260305,32995.00000000001,28574.512,4420.488281250007,4420.488281250007,13.4
11983,14888.0,162698.0,Hyundai,Santa,Fe XL,2018.0,4,SUV,of_Origin_South Korea,9.608377964255551,9.354068,14888.000000000005,11544.693,3343.3066406250055,3343.3066406250055,22.46
22058,6950.0,194260.0,Subaru,Legacy,,2011.0,4,Sedan,of_Origin_Japan,8.846640813100485,8.842266,6949.999999999997,6919.6577,30.34228515624727,30.34228515624727,0.44
5792,25495.0,118198.0,BMW,3,Series,2020.0,baseline_value_here,baseline_value_here,baseline_value_here,10.146276856097172,10.383172,25494.999999999993,32310.291,-6815.291015625007,6815.291015625007,-26.73
21229,52995.0,48044.0,RAM,1500,,2022.0,baseline_value_here,baseline_value_here,of_Origin_USA,10.877971717988014,10.670799,52995.00000000004,43078.36,9916.640625000036,9916.640625000036,18.71
35007,38988.0,142250.0,Lexus,NX,,2023.0,4,SUV,of_Origin_Japan,10.571034834045788,10.403212,38987.999999999985,32964.33,6023.671874999985,6023.671874999985,15.45
22054,27990.0,53480.0,Subaru,Impreza,,2024.0,4,Sedan,of_Origin_Japan,10.239638308916676,10.227698,27989.99999999999,27657.775,332.2246093749891,332.2246093749891,1.19
27216,120088.0,90.0,Lincoln,Navigator,L,2025.0,6,SUV,of_Origin_USA,11.69598841353204,11.17508,120087.9999999999,71329.57,48758.4296874999,48758.4296874999,40.6
34938,33888.0,71884.0,Toyota,RAV,4,2022.0,4,SUV,of_Origin_Japan,10.43084575693648,10.28256,33888.000000000015,29217.588,4670.412109375015,4670.412109375015,13.78
23794,19588.0,97191.0,Volkswagen,Jetta,,2022.0,4,Sedan,baseline_value_here,9.8827234631834,10.194394,19587.999999999985,26751.791,-7163.791015625015,7163.791015625015,-36.57
4037,39998.0,43419.0,Acura,RDX,,2023.0,4,SUV,of_Origin_Japan,10.596609732783568,10.375929,39997.99999999999,32077.102,7920.898437499993,7920.898437499993,19.8
13389,16499.0,74284.0,Jeep,Cherokee,,2019.0,4,SUV,of_Origin_USA,9.711115659888671,9.963942,16498.999999999985,21245.375,-4746.375000000015,4746.375000000015,-28.77
36104,40999.0,59750.0,Volkswagen,Atlas,,2025.0,4,SUV,baseline_value_here,10.621327345686446,10.636533,40999.00000000003,41627.188,-628.1874999999709,628.1874999999709,-1.53
730,25550.0,62466.0,Hyundai,IONIQ,5,2022.0,Electric,SUV,of_Origin_South Korea,10.14843173380919,10.399984,25549.99999999998,32858.113,-7308.113281250018,7308.113281250018,-28.6
33917,6290.0,117000.0,Kia,Soul,,2014.0,4,Hatchback,of_Origin_South Korea,8.74687531957003,8.905668,6290.000000000004,7372.651,-1082.6508789062464,1082.6508789062464,-17.21
7123,34299.0,75475.0,Cadillac,XT5,,2020.0,4,SUV,of_Origin_USA,10.442900633154032,10.079071,34299.00000000003,23837.83,10461.16992187503,10461.16992187503,30.5
15484,51995.0,15889.0,Lexus,NX,,2025.0,4,SUV,of_Origin_Japan,10.85892207152791,10.596036,51995.00000000004,39975.055,12019.945312500036,12019.945312500036,23.12
34662,29500.0,68600.0,Chevrolet,Equinox,,2023.0,4,SUV,of_Origin_USA,10.292179440058462,10.29284,29500.000000000007,29519.494,-19.494140624992724,19.494140624992724,-0.07
19480,37172.0,53262.0,Mitsubishi,Outlander,Plug-In Hybrid,2023.0,4,SUV,of_Origin_Japan,10.523337970284603,10.643306,37172.0,41910.09,-4738.08984375,4738.08984375,-12.75
30461,13995.0,227000.0,Honda,Odyssey,,2015.0,6,Minivan,of_Origin_Japan,9.54652685348758,9.356226,13995.00000000001,11569.638,2425.362304687509,2425.362304687509,17.33
22098,33995.0,118385.0,Subaru,WRX,STI,2020.0,4,Sedan,of_Origin_Japan,10.433998149618517,9.994026,33995.00000000002,21894.275,12100.724609375022,12100.724609375022,35.6
12189,13499.0,127200.0,Hyundai,Sonata,,2017.0,4,Sedan,of_Origin_South Korea,9.51044496442652,9.408204,13498.999999999996,12186.963,1312.0371093749964,1312.0371093749964,9.72
28311,18653.0,113547.0,Nissan,Rogue,,2020.0,4,SUV,of_Origin_Japan,9.833815879286808,10.068423,18652.99999999999,23585.346,-4932.345703125011,4932.345703125011,-26.44
26375,31999.0,22638.0,Subaru,Crosstrek,,2024.0,4,SUV,of_Origin_Japan,10.373491181781864,10.368572,31999.000000000007,31841.98,157.01953125000728,157.01953125000728,0.49
8906,18888.0,59800.0,Dodge,Journey,,2017.0,4,SUV,of_Origin_USA,9.84633502103182,9.711699,18888.0,16508.621,2379.37890625,2379.37890625,12.6
22493,36888.0,99938.0,Tesla,Model,Y,2022.0,Electric,Sedan,of_Origin_USA,10.515668682606062,10.381212,36887.99999999998,32247.03,4640.970703124978,4640.970703124978,12.58
22887,26400.0,18566.0,Toyota,Corolla,Sedan,2025.0,4,Sedan,of_Origin_Japan,10.181157167204903,10.316619,26399.999999999996,30229.871,-3829.8710937500036,3829.8710937500036,-14.51
15348,68017.0,850.0,Lexus,IS,,2026.0,4,Sedan,of_Origin_Japan,11.127527655012177,10.530615,68017.00000000004,37443.49,30573.511718750044,30573.511718750044,44.95
17916,27999.0,78383.0,Mazda,CX-5,,2021.0,4,SUV,of_Origin_Japan,10.239959789157341,10.1854925,27999.000000000004,26514.705,1484.2949218750036,1484.2949218750036,5.3
26888,19000.0,121700.0,Honda,CR-V,,2017.0,4,SUV,of_Origin_Japan,9.852246888342531,9.789742,18999.999999999985,17848.709,1151.2910156249854,1151.2910156249854,6.06
36812,7295.0,172573.0,Volkswagen,Golf,Standard Model,2015.0,4,Hatchback,baseline_value_here,8.895081531754167,9.221889,7294.999999999999,10115.151,-2820.151367187501,2820.151367187501,-38.66
11022,13990.0,206562.0,Honda,Civic,Sedan,2018.0,4,Sedan,of_Origin_Japan,9.546169544733285,9.3161955,13989.999999999989,11115.608,2874.391601562489,2874.391601562489,20.55
35360,9021.0,191540.0,Honda,Civic,Sedan,2014.0,4,Sedan,of_Origin_Japan,9.107421317968342,9.140008,9021.000000000005,9319.84,-298.83984374999454,298.83984374999454,-3.31
20879,117990.0,80905.0,Porsche,Panamera,,2019.0,6,Sedan,baseline_value_here,11.678363629352566,10.737082,117989.99999999993,46030.516,71959.48437499993,71959.48437499993,60.99
25198,24700.0,85257.0,Toyota,RAV,4,2019.0,4,SUV,of_Origin_Japan,10.114599007626499,10.054607,24699.999999999993,23261.72,1438.2792968749927,1438.2792968749927,5.82
7387,28129.0,81329.0,Cadillac,XT4,,2022.0,4,SUV,of_Origin_USA,10.244591901483902,10.190079,28128.999999999996,26636.592,1492.4082031249964,1492.4082031249964,5.31
25007,35888.0,64000.0,Mercedes-Benz,GLC,,2022.0,4,SUV,baseline_value_here,10.488186120839014,10.465227,35888.00000000001,35073.41,814.5898437500073,814.5898437500073,2.27
8936,20999.0,105531.0,Dodge,Grand,Caravan,2020.0,6,Minivan,of_Origin_USA,9.95227771670556,10.129815,20998.999999999985,25078.727,-4079.7265625000146,4079.7265625000146,-19.43
23650,28495.0,64961.0,Volkswagen,Tiguan,,2023.0,4,SUV,baseline_value_here,10.257519005529442,10.507358,28494.999999999978,36582.684,-8087.683593750022,8087.683593750022,-28.38
20759,52399.0,51580.0,Porsche,Macan,,2022.0,4,SUV,baseline_value_here,10.866661870309134,10.513043,52399.000000000015,36791.28,15607.718750000015,15607.718750000015,29.79
28534,11980.0,167000.0,Kia,Soul,,2020.0,4,Hatchback,of_Origin_South Korea,9.3910773406399,9.358392,11980.000000000005,11594.725,385.27539062500546,385.27539062500546,3.22
3922,42995.0,23342.0,Acura,RDX,,2024.0,4,SUV,of_Origin_Japan,10.668862367092954,10.4392185,42995.0,34172.938,8822.0625,8822.0625,20.52
7793,22900.0,146000.0,Chevrolet,Silverado,2500 HD,2014.0,8,Pickup Truck,of_Origin_USA,10.038935856711177,9.973322,22900.0,21445.611,1454.388671875,1454.388671875,6.35
11142,34388.0,105157.0,Honda,Odyssey,,2022.0,6,Minivan,of_Origin_Japan,10.44549202478312,10.476575,34388.0,35473.695,-1085.6953125,1085.6953125,-3.16
2962,89888.0,73761.0,Mercedes-Benz,GLE,,2022.0,8,SUV,baseline_value_here,11.406330854797588,11.229144,89887.99999999994,75292.125,14595.874999999942,14595.874999999942,16.24
32721,17990.0,34964.0,Nissan,Kicks,,2024.0,4,SUV,of_Origin_Japan,9.79762691183662,10.43123,17990.000000000004,33901.01,-15911.011718749996,15911.011718749996,-88.44
7119,70092.0,26052.0,Cadillac,XT6,,2025.0,6,SUV,of_Origin_USA,11.157578210689957,10.987165,70092.0,59109.594,10982.40625,10982.40625,15.67
28505,39492.0,8348.0,Subaru,Forester,,2025.0,4,SUV,of_Origin_Japan,10.583878719994873,10.708483,39492.000000000015,44732.715,-5240.714843749985,5240.714843749985,-13.27
10060,32998.0,133617.0,GMC,Canyon,,2020.0,4,Pickup Truck,of_Origin_USA,10.404232536959167,10.176402,32997.99999999997,26274.76,6723.240234374971,6723.240234374971,20.37
36031,32898.0,49271.0,Toyota,RAV,4,2024.0,4,SUV,of_Origin_Japan,10.401197541154744,10.392886,32898.00000000001,32625.697,272.3027343750073,272.3027343750073,0.83
57,56998.0,54522.0,BMW,X5,,2023.0,6,SUV,baseline_value_here,10.950789002803143,10.973982,56998.00000000001,58335.418,-1337.4179687499927,1337.4179687499927,-2.35
24704,37680.0,89668.0,Volvo,XC60,,2022.0,4,SUV,of_Origin_Sweden,10.53691126761627,10.627358,37679.99999999999,41247.023,-3567.0234375000073,3567.0234375000073,-9.47
25814,18995.0,160000.0,Lexus,RX,,2015.0,4,SUV,of_Origin_Japan,9.851983709669012,9.408837,18994.999999999993,12194.683,6800.317382812493,6800.317382812493,35.8
4603,40901.0,41095.0,Audi,Q5,,2022.0,4,SUV,baseline_value_here,10.618934240590841,10.684374,40901.00000000003,43667.133,-2766.132812499971,2766.132812499971,-6.76
34171,19473.0,88363.0,Volkswagen,Tiguan,,2021.0,4,SUV,baseline_value_here,9.876835521538702,10.267382,19473.000000000007,28777.438,-9304.437499999993,9304.437499999993,-47.78
19528,36995.0,49229.0,Mitsubishi,Outlander,,2024.0,4,SUV,of_Origin_Japan,10.51856507767415,10.392886,36994.99999999999,32625.697,4369.302734374993,4369.302734374993,11.81
3987,51278.0,14002.0,Acura,RDX,,2025.0,4,SUV,of_Origin_Japan,10.845036590624378,10.657757,51278.00000000002,42520.15,8757.851562500022,8757.851562500022,17.08
29359,15977.0,134740.0,Ford,Mustang,Fastback,2015.0,8,Coupe,of_Origin_USA,9.678968055041988,10.096772,15977.000000000015,24263.562,-8286.562499999985,8286.562499999985,-51.87
18536,76285.0,26572.0,Mercedes-Benz,E-Class,,2023.0,6,Sedan,baseline_value_here,11.242244714198357,11.139391,76284.99999999999,68828.72,7456.281249999985,7456.281249999985,9.77
5780,75588.0,21560.0,BMW,X5,,2024.0,6,SUV,baseline_value_here,11.233066048935585,11.246557,75588.00000000004,76614.695,-1026.6953124999563,1026.6953124999563,-1.36
8537,42995.0,46843.0,Chrysler,Pacifica,,2024.0,6,Minivan,of_Origin_USA,10.668862367092954,10.586522,42995.0,39596.53,3398.46875,3398.46875,7.9
27043,29495.0,52995.0,Nissan,Rogue,,2025.0,4,SUV,of_Origin_Japan,10.29200993991398,10.504041,29494.999999999978,36461.54,-6966.539062500022,6966.539062500022,-23.62
11844,19406.0,47763.0,Hyundai,Venue,,2020.0,4,SUV,of_Origin_South Korea,9.873389104712095,10.049806,19405.99999999999,23150.287,-3744.287109375011,3744.287109375011,-19.29
32431,25400.0,93271.0,Honda,CR-V,,2021.0,4,SUV,of_Origin_Japan,10.142543822310387,10.150222,25399.999999999996,25595.78,-195.77929687500364,195.77929687500364,-0.77
3999,43000.0,13520.0,Acura,RDX,,2023.0,4,SUV,of_Origin_Japan,10.668978650219241,10.430965,43000.00000000002,33892.055,9107.945312500022,9107.945312500022,21.18
7223,39995.0,60960.0,Cadillac,XT6,,2024.0,6,SUV,of_Origin_USA,10.59653472809574,10.800315,39995.00000000001,49035.242,-9040.242187499993,9040.242187499993,-22.6
905,36994.0,55695.0,Toyota,RAV,4 Hybrid,2022.0,4,SUV,of_Origin_Japan,10.518538047359652,10.590199,36994.000000000015,39742.414,-2748.4140624999854,2748.4140624999854,-7.43
14916,55950.0,61500.0,Land,Rover,Range Rover Sport,2021.0,6,SUV,baseline_value_here,10.932231586681333,10.848238,55950.000000000015,51442.426,4507.574218750015,4507.574218750015,8.06
18755,52888.0,87748.0,Mercedes-Benz,GLC,,2023.0,4,SUV,baseline_value_here,10.875950656715467,10.404232,52888.000000000015,32997.984,19890.015625000015,19890.015625000015,37.61
19489,31995.0,65805.0,Mitsubishi,Outlander,,2024.0,4,SUV,of_Origin_Japan,10.373366173968712,10.354742,31994.99999999999,31404.617,590.3828124999891,590.3828124999891,1.85
11348,14995.0,74355.0,Honda,Civic,Sedan,2015.0,4,Sedan,of_Origin_Japan,9.615538777855802,9.5528965,14994.999999999989,14084.435,910.5654296874891,910.5654296874891,6.07
36251,24990.0,113926.0,Honda,CR-V,,2021.0,4,SUV,of_Origin_Japan,10.126271039034782,10.110848,24990.0,24607.531,382.46875,382.46875,1.53
38280,43950.0,32146.0,Kia,Sorento,,2025.0,4,SUV,of_Origin_South Korea,10.69083065598303,10.4882765,43950.0,35891.242,8058.7578125,8058.7578125,18.34
17963,19888.0,62178.0,Mazda,Mazda3,,2018.0,4,Sedan,of_Origin_Japan,9.897922094063247,9.848601,19888.000000000015,18930.857,957.1425781250146,957.1425781250146,4.81
5482,22900.0,108301.0,BMW,5,Series,2017.0,baseline_value_here,baseline_value_here,baseline_value_here,10.038935856711177,10.101391,22900.0,24375.89,-1475.890625,1475.890625,-6.44
26653,99888.0,6489.0,Chevrolet,Corvette,,2025.0,8,Coupe,of_Origin_USA,11.511814848463972,11.347207,99888.00000000006,84727.48,15160.523437500058,15160.523437500058,15.18
35633,24042.0,114369.0,Mazda,CX-5,,2020.0,4,SUV,of_Origin_Japan,10.08759917287658,10.062408,24042.000000000007,23443.904,598.0957031250073,598.0957031250073,2.49
27673,43215.0,300.0,Honda,CR-V,,2026.0,4,SUV,of_Origin_Japan,10.673966076032396,10.760974,43214.999999999985,47143.562,-3928.5625000000146,3928.5625000000146,-9.09
33585,33000.0,40511.0,Hyundai,Tucson,,2025.0,4,SUV,of_Origin_South Korea,10.404293143019792,10.466527,32999.99999999999,35119.03,-2119.0312500000073,2119.0312500000073,-6.42
36419,34988.0,111377.0,Audi,Q5,Sportback,2023.0,4,SUV,baseline_value_here,10.46278900535916,10.505671,34987.999999999985,36521.016,-1533.0156250000146,1533.0156250000146,-4.38
32918,45999.0,26915.0,Chrysler,Pacifica,,2024.0,6,Minivan,of_Origin_USA,10.736396675471232,10.667556,45998.99999999999,42938.86,3060.1406249999927,3060.1406249999927,6.65
25710,22770.0,124000.0,Mercedes-Benz,C-Class,Sedan,2019.0,4,Coupe,baseline_value_here,10.033243075528665,10.101325,22770.0,24374.287,-1604.287109375,1604.287109375,-7.05
33742,59777.0,19557.0,Dodge,Challenger,,2018.0,8,Coupe,of_Origin_USA,10.99839297927291,11.163082,59776.99999999996,70478.85,-10701.851562500036,10701.851562500036,-17.9
19615,28850.0,97000.0,Mitsubishi,Outlander,,2022.0,4,SUV,of_Origin_Japan,10.269899933380591,10.223376,28849.99999999999,27538.49,1311.509765624989,1311.509765624989,4.55
21025,39950.0,172207.0,RAM,2500,,2022.0,baseline_value_here,baseline_value_here,of_Origin_USA,10.595408982170255,10.289341,39950.00000000003,29416.38,10533.61914062503,10533.61914062503,26.37
8113,39499.0,42759.0,Chevrolet,Silverado,1500,2023.0,8,Pickup Truck,of_Origin_USA,10.584055950889214,10.881873,39499.00000000002,53202.164,-13703.164062499978,13703.164062499978,-34.69
38618,43995.0,46219.0,Mercedes-Benz,C-Class,Sedan,2022.0,4,Sedan,baseline_value_here,10.691853999677008,10.341208,43995.00000000003,30982.45,13012.55078125003,13012.55078125003,29.58
7535,47375.0,6107.0,Chevrolet,Equinox,,2026.0,4,SUV,of_Origin_USA,10.765871050341373,10.802365,47375.00000000001,49135.887,-1760.8867187499927,1760.8867187499927,-3.72
30526,56995.0,30209.0,Lincoln,Nautilus,,2024.0,4,SUV,of_Origin_USA,10.95073636891568,10.548564,56995.0,38121.652,18873.34765625,18873.34765625,33.11
17443,26999.0,69000.0,MINI,3,Door,2020.0,baseline_value_here,baseline_value_here,of_Origin_UK,10.203592144986466,10.03271,26998.999999999996,22757.867,4241.132812499996,4241.132812499996,15.71
27825,19499.0,137254.0,Kia,Sedona,,2018.0,6,Minivan,of_Origin_South Korea,9.878169744551839,9.747721,19499.000000000007,17114.174,2384.8261718750073,2384.8261718750073,12.23
34057,18990.0,65945.0,Nissan,Versa,,2024.0,4,Sedan,of_Origin_Japan,9.851720461714246,10.183616,18990.000000000015,26464.986,-7474.986328124985,7474.986328124985,-39.36
18563,37995.0,112500.0,Mercedes-Benz,GLE,,2020.0,4,SUV,baseline_value_here,10.545236170010073,10.167584,37994.999999999985,26044.086,11950.914062499985,11950.914062499985,31.45
25204,13900.0,186539.0,Honda,CR-V,,2018.0,4,SUV,of_Origin_Japan,9.539716058977092,9.55445,13899.99999999999,14106.333,-206.3330078125091,206.3330078125091,-1.48
34403,23999.0,27450.0,Toyota,Corolla,Hatchback 5-Door,2023.0,4,Sedan,of_Origin_Japan,10.085809109330082,10.243585,23998.999999999985,28100.68,-4101.679687500015,4101.679687500015,-17.09
2529,48988.0,66000.0,Dodge,Durango,,2024.0,6,SUV,of_Origin_USA,10.799351062095239,10.781357,48987.99999999998,48114.363,873.6367187499782,873.6367187499782,1.78
29229,17990.0,171659.0,Honda,Pilot,,2016.0,6,SUV,of_Origin_Japan,9.79762691183662,9.616556,17990.000000000004,15010.265,2979.7353515625036,2979.7353515625036,16.56
26133,33888.0,47444.0,BMW,X4,,2020.0,4,SUV,baseline_value_here,10.43084575693648,10.386721,33888.000000000015,32425.156,1462.8437500000146,1462.8437500000146,4.32
8791,30295.0,132874.0,Dodge,Durango,,2021.0,6,SUV,of_Origin_USA,10.31877096958163,10.312753,30294.999999999975,30113.219,181.78124999997453,181.78124999997453,0.6
27431,28495.0,54792.0,Nissan,Rogue,,2025.0,4,SUV,of_Origin_Japan,10.257519005529442,10.501207,28494.999999999978,36358.375,-7863.375000000022,7863.375000000022,-27.6
2694,31888.0,96966.0,BMW,4,Series,2019.0,baseline_value_here,baseline_value_here,baseline_value_here,10.370016401720026,10.413221,31887.999999999993,33295.96,-1407.9609375000073,1407.9609375000073,-4.42
5684,99995.0,9518.0,BMW,M4,,2026.0,6,Coupe,baseline_value_here,11.512885464170207,11.311843,99994.99999999999,81783.49,18211.507812499985,18211.507812499985,18.21
1187,12888.0,162618.0,Hyundai,Santa,Fe XL,2018.0,4,SUV,of_Origin_South Korea,9.46412951340478,9.366413,12888.000000000004,11688.112,1199.8876953125036,1199.8876953125036,9.31
11994,42513.0,23389.0,Hyundai,Tucson,Hybrid,2025.0,4,SUV,of_Origin_South Korea,10.657588712433071,10.672758,42513.00000000002,43162.83,-649.8281249999782,649.8281249999782,-1.53
1106,23491.0,86639.0,Honda,Accord,Sedan,2019.0,4,Sedan,of_Origin_Japan,10.06441521664241,9.938696,23490.999999999978,20715.71,2775.289062499978,2775.289062499978,11.81
27236,20995.0,72623.0,Nissan,Altima,,2019.0,4,Sedan,of_Origin_Japan,9.95208722237219,9.962968,20995.000000000004,21224.697,-229.69726562499636,229.69726562499636,-1.09
11917,8480.0,160433.0,Hyundai,Santa,Fe Sport,2014.0,4,SUV,of_Origin_South Korea,9.0455836463617,9.02313,8480.000000000005,8291.696,188.30371093750546,188.30371093750546,2.22
36646,11999.0,179662.0,Nissan,Kicks,,2019.0,4,SUV,of_Origin_Japan,9.392661928770137,9.700946,11998.999999999993,16332.049,-4333.048828125007,4333.048828125007,-36.11
11293,34688.0,58400.0,Honda,CR-V,,2024.0,4,SUV,of_Origin_Japan,10.454177912797071,10.425984,34687.99999999999,33723.652,964.3476562499927,964.3476562499927,2.78
18591,50995.0,133864.0,Mercedes-Benz,GLE,,2022.0,6,SUV,baseline_value_here,10.839502477258012,10.572137,50994.99999999996,39030.992,11964.007812499964,11964.007812499964,23.46
6586,32792.0,36653.0,Buick,Encore,GX,2024.0,4,SUV,of_Origin_USA,10.397970356961945,10.409945,32792.00000000001,33187.03,-395.0312499999927,395.0312499999927,-1.2
10134,25500.0,183303.0,GMC,Sierra,1500,2018.0,8,Pickup Truck,of_Origin_USA,10.146472946063877,10.062549,25500.0,23447.191,2052.80859375,2052.80859375,8.05
22573,40990.0,32319.0,Tesla,Model,Y,2021.0,Electric,Sedan,of_Origin_USA,10.621107809394994,10.557263,40989.99999999997,38454.746,2535.253906249971,2535.253906249971,6.19
22193,17495.0,133105.0,Subaru,WRX,,2017.0,4,Sedan,of_Origin_Japan,9.769727562356604,9.703735,17494.999999999996,16377.673,1117.3271484374964,1117.3271484374964,6.39
28840,7900.0,121000.0,Honda,Accord,Sedan,2008.0,4,Sedan,of_Origin_Japan,8.974744612722734,8.816482,7900.000000000007,6743.493,1156.5068359375073,1156.5068359375073,14.64
7801,11995.0,218499.0,Chevrolet,Equinox,,2021.0,4,SUV,of_Origin_USA,9.392328539868899,9.5971985,11994.99999999999,14722.476,-2727.475585937509,2727.475585937509,-22.74
35393,49399.0,55620.0,Infiniti,QX60,,2024.0,6,SUV,of_Origin_Japan,10.807705703176014,10.795354,49398.99999999999,48792.574,606.4257812499927,606.4257812499927,1.23
6400,17995.0,87005.0,Buick,Envision,,2016.0,4,SUV,of_Origin_USA,9.797904789961063,9.489552,17994.999999999996,13219.865,4775.134765624996,4775.134765624996,26.54
31764,5888.0,227061.0,Mazda,Mazda3,,2014.0,4,Sedan,of_Origin_Japan,8.68084148294457,9.098279,5887.999999999999,8938.894,-3050.893554687501,3050.893554687501,-51.82
2268,34621.0,87892.0,BMW,X4,,2019.0,6,SUV,baseline_value_here,10.452244597136675,10.534942,34620.99999999999,37605.855,-2984.8554687500073,2984.8554687500073,-8.62
32964,29995.0,81848.0,Chrysler,Grand,Caravan,2022.0,6,Minivan,of_Origin_USA,10.30881931842128,10.375729,29995.000000000007,32070.678,-2075.6777343749927,2075.6777343749927,-6.92
30798,44135.0,10.0,Chevrolet,Bolt,,2027.0,Electric,Hatchback,of_Origin_USA,10.695031054952267,10.61878,44135.00000000001,40894.7,3240.3007812500073,3240.3007812500073,7.34
30918,9910.0,230568.0,Porsche,Cayenne,,2009.0,6,SUV,baseline_value_here,9.201400530406708,8.874298,9909.999999999998,7144.9287,2765.071289062498,2765.071289062498,27.9
5667,47808.0,11385.0,BMW,3,Series,2023.0,baseline_value_here,baseline_value_here,baseline_value_here,10.77496918527507,11.033102,47808.0,61888.266,-14080.265625,14080.265625,-29.45
17883,28998.0,105199.0,Mazda,CX-5,,2022.0,4,SUV,of_Origin_Japan,10.275016625615446,10.20131,28998.000000000004,26937.457,2060.5429687500036,2060.5429687500036,7.11
3404,50895.0,1855.0,Acura,ADX,,2026.0,4,SUV,of_Origin_Japan,10.837539613988925,10.774171,50894.999999999985,47769.848,3125.1523437499854,3125.1523437499854,6.14
13920,39898.0,44485.0,Kia,Carnival,,2022.0,4,Minivan,of_Origin_South Korea,10.594106539907239,10.4545765,39897.99999999997,34701.83,5196.171874999971,5196.171874999971,13.02
24629,29999.0,82900.0,Volvo,V60,,2019.0,4,Wagon,of_Origin_Sweden,10.308952660644293,10.229152,29999.000000000007,27698.004,2300.9960937500073,2300.9960937500073,7.67
35647,4950.0,228507.0,Ford,Flex,,2013.0,6,SUV,of_Origin_USA,8.507344855361422,8.972948,4949.999999999996,7885.8184,-2935.8183593750036,2935.8183593750036,-59.31
38146,9950.0,102304.0,Kia,Optima,,2012.0,4,Sedan,of_Origin_South Korea,9.205428327615163,8.884155,9950.00000000001,7215.716,2734.284179687509,2734.284179687509,27.48
6647,48995.0,7343.0,Buick,Envision,,2025.0,4,SUV,of_Origin_USA,10.799493941107576,10.720611,48994.99999999999,45278.543,3716.4570312499927,3716.4570312499927,7.59
18602,57656.0,27540.0,Mercedes-Benz,CLE,,2024.0,4,Coupe,baseline_value_here,10.962266940702515,11.177075,57656.000000000015,71472.02,-13816.023437499985,13816.023437499985,-23.96
8041,24895.0,162009.0,Chevrolet,Silverado,1500,2018.0,8,Pickup Truck,of_Origin_USA,10.122462426978117,10.121872,24894.99999999998,24880.305,14.69531249998181,14.69531249998181,0.06
16426,13950.0,144027.0,Lincoln,MKC,,2017.0,4,SUV,of_Origin_USA,9.543306469268108,9.527078,13950.000000000002,13725.419,224.58105468750182,224.58105468750182,1.61
38180,16950.0,109575.0,Nissan,Rogue,,2019.0,4,SUV,of_Origin_Japan,9.738082108118487,9.997642,16950.00000000001,21973.578,-5023.578124999989,5023.578124999989,-29.64
4442,18888.0,80000.0,Audi,A3,,2017.0,4,Sedan,baseline_value_here,9.84633502103182,9.88101,18888.0,19554.465,-666.46484375,666.46484375,-3.53
11259,56998.0,11369.0,Honda,Odyssey,,2026.0,6,Minivan,of_Origin_Japan,10.950789002803143,11.055307,56998.00000000001,63277.91,-6279.910156249993,6279.910156249993,-11.02
38187,19643.0,110193.0,Buick,Encore,,2021.0,4,SUV,of_Origin_USA,9.885527227159136,10.02366,19643.000000000007,22552.82,-2909.8203124999927,2909.8203124999927,-14.81
5722,56888.0,76458.0,BMW,X7,,2020.0,6,SUV,baseline_value_here,10.948857279808518,10.691603,56887.99999999999,43983.945,12904.054687499993,12904.054687499993,22.68
30620,29995.0,98425.0,Ford,Explorer,,2020.0,4,SUV,of_Origin_USA,10.30881931842128,10.01552,29995.000000000007,22369.984,7625.015625000007,7625.015625000007,25.42
1428,45495.0,24765.0,Infiniti,Q60,,2022.0,6,Sedan,of_Origin_Japan,10.725379688986635,10.656654,45494.99999999998,42473.297,3021.703124999978,3021.703124999978,6.64
31850,68910.0,1236.0,Jeep,Wrangler,,2026.0,6,SUV,of_Origin_USA,11.140571095927864,11.24088,68910.00000000001,76180.96,-7270.960937499985,7270.960937499985,-10.55
28124,32344.0,32121.0,Hyundai,Kona,,2024.0,4,SUV,of_Origin_South Korea,10.384214728478085,10.351204,32343.999999999975,31293.697,1050.3027343749745,1050.3027343749745,3.25
1418,24888.0,52220.0,Ford,Edge,,2022.0,4,SUV,of_Origin_USA,10.122181217776706,10.295057,24887.999999999985,29585.021,-4697.021484375015,4697.021484375015,-18.87
2150,34995.0,88292.0,Toyota,Highlander,,2020.0,6,SUV,of_Origin_Japan,10.462989048226156,10.393582,34995.00000000002,32648.42,2346.580078125022,2346.580078125022,6.71
9395,45999.0,100011.0,Ford,F-150,,2022.0,6,Pickup Truck,of_Origin_USA,10.736396675471232,10.612232,45998.99999999999,40627.79,5371.210937499993,5371.210937499993,11.68
16412,6000.0,124000.0,Lincoln,MKZ,,2010.0,6,Sedan,of_Origin_USA,8.699681400989514,8.961045,6000.000000000005,7792.4995,-1792.4995117187455,1792.4995117187455,-29.87
34667,23999.0,113400.0,Mazda,Mazda3,Sport,2021.0,4,Sedan,of_Origin_Japan,10.085809109330082,9.982901,23998.999999999985,21652.03,2346.9707031249854,2346.9707031249854,9.78
35202,41800.0,48324.0,Audi,Q5,Sportback,2023.0,4,SUV,baseline_value_here,10.640675541671662,10.543791,41799.99999999997,37940.12,3859.878906249971,3859.878906249971,9.23
29235,10990.0,131860.0,MINI,5,Door,2015.0,baseline_value_here,baseline_value_here,of_Origin_UK,9.3048320350689,9.17798,10989.999999999996,9680.58,1309.4199218749964,1309.4199218749964,11.91
5622,22980.0,105466.0,BMW,5,Series,2017.0,baseline_value_here,baseline_value_here,baseline_value_here,10.042423066556905,10.126723,22979.99999999998,25001.305,-2021.3046875000182,2021.3046875000182,-8.8
14855,23888.0,106000.0,Land,Rover,Range Rover Evoque,2020.0,4,SUV,baseline_value_here,10.081173380925554,10.202528,23887.999999999985,26970.283,-3082.2832031250146,3082.2832031250146,-12.9
2407,16995.0,141000.0,Nissan,Pathfinder,,2019.0,6,SUV,of_Origin_Japan,9.740733301234702,10.045327,16994.999999999993,23046.836,-6051.835937500007,6051.835937500007,-35.61
33866,6250.0,220000.0,Subaru,Crosstrek,,2016.0,4,SUV,of_Origin_Japan,8.740496729931813,9.230083,6250.000000000005,10198.393,-3948.3925781249955,3948.3925781249955,-63.17
316,29588.0,110752.0,Jeep,Grand,Cherokee,2021.0,6,SUV,of_Origin_USA,10.295157949622103,10.380638,29588.000000000004,32228.521,-2640.5214843749964,2640.5214843749964,-8.92
17683,8990.0,202971.0,Mazda,Mazda3,,2015.0,4,Sedan,of_Origin_Japan,9.103979355984773,9.117742,8990.000000000002,9114.592,-124.59179687499818,124.59179687499818,-1.39
60,24799.0,87387.0,Audi,A5,Sportback,2019.0,6,Coupe,baseline_value_here,10.118598932153073,10.480659,24798.999999999996,35618.855,-10819.855468750004,10819.855468750004,-43.63
1954,36218.0,76559.0,Hyundai,Palisade,,2022.0,6,SUV,of_Origin_South Korea,10.497339122000497,10.542973,36218.0,37909.09,-1691.08984375,1691.08984375,-4.67
29158,35795.0,132799.0,Tesla,Model,Y,2021.0,Electric,Sedan,of_Origin_USA,10.48559143430275,10.204387,35795.00000000003,27020.46,8774.53906250003,8774.53906250003,24.51
26246,39998.0,32744.0,Audi,Q5,Sportback,2022.0,4,SUV,baseline_value_here,10.596609732783568,10.531042,39997.99999999999,37459.492,2538.5078124999927,2538.5078124999927,6.35
1652,31300.0,72252.0,Hyundai,Santa,Fe Hybrid,2023.0,4,SUV,of_Origin_South Korea,10.351405324899678,10.362022,31299.99999999998,31634.096,-334.0957031250182,334.0957031250182,-1.07
33144,13495.0,145996.0,Subaru,Outback,,2016.0,4,SUV,of_Origin_Japan,9.510148624225804,9.563194,13495.000000000002,14230.232,-735.2324218749982,735.2324218749982,-5.45
14343,44695.0,6000.0,Kia,Sportage,,2026.0,4,SUV,of_Origin_South Korea,10.707639291138985,10.658015,44695.00000000002,42531.137,2163.863281250022,2163.863281250022,4.84
21223,57590.0,3.0,RAM,1500,,2025.0,baseline_value_here,baseline_value_here,of_Origin_USA,10.961121584475679,11.075883,57589.999999999956,64593.395,-7003.394531250044,7003.394531250044,-12.16
32178,35430.0,76381.0,Honda,Odyssey,,2019.0,6,Minivan,of_Origin_Japan,10.47534242212957,10.396857,35430.00000000002,32755.52,2674.480468750022,2674.480468750022,7.55
33224,38500.0,2296.0,Volkswagen,Tiguan,,2025.0,4,SUV,baseline_value_here,10.55843949396453,10.89911,38499.99999999997,54127.16,-15627.16015625003,15627.16015625003,-40.59
1364,24985.0,64516.0,Mazda,CX-5,,2021.0,4,SUV,of_Origin_Japan,10.126070946991774,10.228103,24984.999999999993,27668.96,-2683.9609375000073,2683.9609375000073,-10.74
26347,15200.0,129000.0,Mercedes-Benz,250,,2013.0,baseline_value_here,baseline_value_here,baseline_value_here,9.62911649414402,9.64563,15200.000000000004,15453.1045,-253.10449218749636,253.10449218749636,-1.67
35860,22990.0,161677.0,Tesla,Model,3,2023.0,Electric,Sedan,of_Origin_USA,10.042858113983936,10.302784,22989.99999999999,29814.508,-6824.507812500011,6824.507812500011,-29.68
19344,21499.0,46970.0,Mitsubishi,RVR,,2022.0,4,SUV,of_Origin_Japan,9.975808214115753,10.322793,21498.99999999998,30417.098,-8918.097656250018,8918.097656250018,-41.48
33141,4995.0,238445.0,BMW,3,Series,2011.0,baseline_value_here,baseline_value_here,baseline_value_here,8.516392871245468,8.900708,4995.000000000001,7336.168,-2341.167968749999,2341.167968749999,-46.87
33806,7990.0,197169.0,Hyundai,ACCENT,,2017.0,4,Hatchback,of_Origin_South Korea,8.986071187374463,8.855732,7990.0000000000055,7013.4805,976.5195312500055,976.5195312500055,12.22
23460,23985.0,87247.0,Volkswagen,Tiguan,,2021.0,4,SUV,baseline_value_here,10.085225605791667,10.271624,23985.000000000015,28899.773,-4914.773437499985,4914.773437499985,-20.49
31016,32495.0,39821.0,Subaru,Impreza,,2024.0,4,Sedan,of_Origin_Japan,10.388872283820167,10.234258,32495.000000000022,27839.795,4655.205078125022,4655.205078125022,14.33
20282,11998.0,156000.0,Nissan,Murano,,2016.0,6,SUV,of_Origin_Japan,9.392578591964389,9.725922,11998.0,16745.115,-4747.115234375,4747.115234375,-39.57
6381,33676.0,50626.0,Buick,Envision,,2023.0,4,SUV,of_Origin_USA,10.424570390754766,10.277555,33675.99999999998,29071.717,4604.283203124978,4604.283203124978,13.67
891,21998.0,139907.0,Acura,MDX,,2018.0,6,SUV,of_Origin_Japan,9.998752276761909,9.96626,21997.999999999996,21294.69,703.3105468749964,703.3105468749964,3.2
9076,36995.0,10720.0,Dodge,Hornet,,2024.0,4,SUV,of_Origin_USA,10.51856507767415,10.6695385,36994.99999999999,43024.082,-6029.082031250007,6029.082031250007,-16.3
32102,21995.0,127000.0,Acura,RDX,,2017.0,6,SUV,of_Origin_Japan,9.998615897627705,9.964661,21994.999999999985,21260.658,734.3417968749854,734.3417968749854,3.34
15386,46750.0,29087.0,Lexus,RX,,2022.0,4,SUV,of_Origin_Japan,10.752590924862394,10.351225,46750.00000000002,31294.354,15455.646484375022,15455.646484375022,33.06
24808,44695.0,37658.0,Volvo,S90,,2023.0,4,Sedan,of_Origin_Sweden,10.707639291138985,10.518296,44695.00000000002,36985.055,7709.945312500022,7709.945312500022,17.25
6514,34802.0,30798.0,Buick,Envision,,2023.0,4,SUV,of_Origin_USA,10.457458868943517,10.358297,34802.00000000002,31516.473,3285.527343750022,3285.527343750022,9.44
36131,48888.0,122000.0,Mercedes-Benz,GLE,,2018.0,6,SUV,baseline_value_here,10.797307701282914,10.21733,48887.99999999999,27372.48,21515.519531249993,21515.519531249993,44.01
6317,27988.0,49606.0,Buick,Envista,,2024.0,4,SUV,of_Origin_USA,10.239566854825899,10.359215,27987.999999999975,31545.4,-3557.4003906250255,3557.4003906250255,-12.71
2249,16888.0,84706.0,Honda,Civic,Sedan,2018.0,4,Sedan,of_Origin_Japan,9.734417801417921,9.823762,16887.999999999996,18466.393,-1578.3925781250036,1578.3925781250036,-9.35
27696,19999.0,105839.0,Mazda,CX-5,,2018.0,4,SUV,of_Origin_Japan,9.903487552536127,9.887167,19998.99999999998,19675.238,323.7617187499818,323.7617187499818,1.62
18409,41367.0,33595.0,Mercedes-Benz,C-Class,Sedan,2022.0,4,Sedan,baseline_value_here,10.630262914076058,10.415728,41367.00000000001,33379.516,7987.484375000007,7987.484375000007,19.31
37534,32500.0,93000.0,Acura,RDX,,2020.0,4,SUV,of_Origin_Japan,10.389026137075234,10.119094,32499.99999999997,24811.277,7688.722656249971,7688.722656249971,23.66
3978,62495.0,69565.0,Acura,MDX,,2024.0,6,SUV,of_Origin_Japan,11.042857833676406,10.735461,62495.00000000002,45955.99,16539.011718750022,16539.011718750022,26.46
741,53999.0,75113.0,Ford,F-150,,2022.0,6,Pickup Truck,of_Origin_USA,10.896739325546411,10.752308,53998.99999999999,46736.77,7262.230468749993,7262.230468749993,13.45
24607,42988.0,56557.0,Volvo,XC60,,2022.0,4,SUV,of_Origin_Sweden,10.66869954799624,10.770172,42988.00000000001,47579.207,-4591.207031249993,4591.207031249993,-10.68
29948,21990.0,103115.0,Toyota,Sienna,,2015.0,6,Minivan,of_Origin_Japan,9.998388557730848,9.830369,21990.000000000015,18588.812,3401.1875000000146,3401.1875000000146,15.47
37528,44995.0,88704.0,Ford,F-150,,2023.0,6,Pickup Truck,of_Origin_USA,10.714328875912717,10.739872,44995.00000000001,46159.14,-1164.1406249999927,1164.1406249999927,-2.59
12616,33895.0,21684.0,Infiniti,Q50,,2024.0,6,Sedan,of_Origin_Japan,10.431052292306395,10.731181,33895.00000000001,45759.71,-11864.710937499993,11864.710937499993,-35.0
12716,50912.0,25.0,Infiniti,QX55,,2025.0,4,SUV,of_Origin_Japan,10.837873572679374,10.789602,50911.999999999956,48512.74,2399.2617187499563,2399.2617187499563,4.71
20935,17990.0,249190.0,RAM,1500,,2018.0,baseline_value_here,baseline_value_here,of_Origin_USA,9.79762691183662,9.573053,17990.000000000004,14371.233,3618.7666015625036,3618.7666015625036,20.12
35473,22495.0,61097.0,Ford,Escape,,2024.0,4,SUV,of_Origin_USA,10.021092794610391,10.336423,22494.999999999993,30834.531,-8339.531250000007,8339.531250000007,-37.07
12081,19999.0,57394.0,Hyundai,Venue,,2024.0,4,SUV,of_Origin_South Korea,9.903487552536127,10.309207,19998.99999999998,30006.63,-10007.630859375018,10007.630859375018,-50.04
16335,40494.0,35499.0,Lincoln,Corsair,,2023.0,4,SUV,of_Origin_USA,10.60893378868309,10.377649,40494.00000000002,32132.338,8361.662109375022,8361.662109375022,20.65
27913,46591.0,66460.0,Chevrolet,Silverado,1500,2024.0,8,Pickup Truck,of_Origin_USA,10.749184131556358,10.841066,46591.00000000002,51074.812,-4483.812499999978,4483.812499999978,-9.62
3098,30687.0,53606.0,Mazda,CX-5,,2025.0,4,SUV,of_Origin_Japan,10.331626977683165,10.503554,30686.999999999996,36443.81,-5756.808593750004,5756.808593750004,-18.76
19417,23488.0,49119.0,Mitsubishi,Eclipse,Cross,2023.0,4,Coupe,of_Origin_Japan,10.064287505439836,10.243246,23488.00000000001,28091.168,-4603.167968749989,4603.167968749989,-19.6
14442,56441.0,10.0,Kia,EV6,,2025.0,Electric,Sedan,of_Origin_South Korea,10.940968841200007,10.967111,56441.000000000044,57935.95,-1494.9492187499563,1494.9492187499563,-2.65
4388,54990.0,9768.0,Audi,A5,,2025.0,6,Coupe,baseline_value_here,10.91492481446108,11.266983,54989.999999999985,78195.73,-23205.726562500015,23205.726562500015,-42.2
22094,24888.0,51289.0,Subaru,BRZ,,2020.0,4,Coupe,of_Origin_Japan,10.122181217776706,10.344565,24887.999999999985,31086.633,-6198.632812500015,6198.632812500015,-24.91
3807,71846.0,10.0,Acura,MDX,,2024.0,6,SUV,of_Origin_Japan,11.182294136982017,11.006399,71845.99999999994,60257.516,11588.484374999942,11588.484374999942,16.13
6483,27000.0,87342.0,Buick,Envision,,2022.0,4,SUV,of_Origin_USA,10.203629181337648,10.189549,26999.999999999978,26622.496,377.5039062499782,377.5039062499782,1.4
29265,10424.0,139432.0,Ford,Escape,,2015.0,4,SUV,of_Origin_USA,9.251962046667002,9.19996,10423.999999999995,9895.73,528.2695312499945,528.2695312499945,5.07
29384,9000.0,102682.0,Chevrolet,Cruze,Limited,2016.0,4,Sedan,of_Origin_USA,9.105090961257085,9.292155,9000.0,10851.549,-1851.548828125,1851.548828125,-20.57
10175,21995.0,78759.0,GMC,Terrain,,2022.0,4,SUV,of_Origin_USA,9.998615897627705,10.208656,21994.999999999985,27136.08,-5141.080078125015,5141.080078125015,-23.37
24749,32998.0,81353.0,Volvo,V60,Cross Country,2020.0,4,Wagon,of_Origin_Sweden,10.404232536959167,10.348178,32997.99999999997,31199.14,1798.859374999971,1798.859374999971,5.45
9299,39473.0,62928.0,Ford,Bronco,,2022.0,4,SUV,of_Origin_USA,10.583397506314054,10.283125,39473.00000000002,29234.088,10238.912109375022,10238.912109375022,25.94
12785,4950.0,227311.0,Infiniti,QX60,,2014.0,6,SUV,of_Origin_Japan,8.507344855361422,9.374639,4949.999999999996,11784.657,-6834.657226562504,6834.657226562504,-138.07
34689,31800.0,122367.0,Audi,Q7,,2021.0,6,SUV,baseline_value_here,10.367253014814716,10.528628,31799.999999999993,37369.18,-5569.179687500007,5569.179687500007,-17.51
22082,20888.0,85501.0,Subaru,Impreza,,2019.0,4,Sedan,of_Origin_Japan,9.946977983610656,9.940429,20888.0,20751.64,136.359375,136.359375,0.65
9418,11988.0,137036.0,Ford,Escape,,2018.0,4,SUV,of_Origin_USA,9.391744841707654,9.690095,11988.000000000004,16155.778,-4167.778320312496,4167.778320312496,-34.77
21962,26777.0,67429.0,Subaru,Solterra,,2023.0,Electric,SUV,of_Origin_Japan,10.195335933857326,10.623607,26777.000000000022,41092.56,-14315.558593749978,14315.558593749978,-53.46
11826,8990.0,196795.0,Hyundai,Elantra,,2019.0,4,Sedan,of_Origin_South Korea,9.103979355984773,9.125282,8990.000000000002,9183.589,-193.58886718749818,193.58886718749818,-2.15
5676,35125.0,53737.0,BMW,3,Series,2022.0,baseline_value_here,baseline_value_here,baseline_value_here,10.46669687598168,10.8432665,35124.99999999999,51187.312,-16062.312500000007,16062.312500000007,-45.73
16397,26000.0,94700.0,Lincoln,Continental,,2017.0,6,Sedan,of_Origin_USA,10.165890277802454,10.030818,25999.999999999985,22714.846,3285.1542968749854,3285.1542968749854,12.64
31329,26988.0,119000.0,Hyundai,Tucson,Hybrid,2022.0,4,SUV,of_Origin_South Korea,10.203184654566114,10.15858,26988.000000000004,25810.613,1177.3867187500036,1177.3867187500036,4.36
14233,20999.0,52507.0,Kia,Forte,,2024.0,4,Sedan,of_Origin_South Korea,9.95227771670556,10.150488,20998.999999999985,25602.592,-4603.591796875015,4603.591796875015,-21.92
21649,49200.0,231.0,Subaru,WRX,,2025.0,4,Sedan,of_Origin_Japan,10.803669227477098,10.481109,49200.00000000002,35634.895,13565.105468750022,13565.105468750022,27.57
22739,24950.0,105000.0,Toyota,Corolla,Sedan,2023.0,4,Sedan,of_Origin_Japan,10.124669180536797,10.296101,24949.999999999996,29615.906,-4665.906250000004,4665.906250000004,-18.7
29282,16995.0,166650.0,Mazda,CX-9,,2017.0,4,SUV,of_Origin_Japan,9.740733301234702,9.581745,16994.999999999993,14496.698,2498.3017578124927,2498.3017578124927,14.7
17158,61670.0,90.0,MINI,Countryman,,2027.0,4,SUV,of_Origin_UK,11.029569083193783,11.010478,61670.000000000015,60503.8,1166.1992187500146,1166.1992187500146,1.89
29094,22995.0,28359.0,Nissan,Rogue,,2024.0,4,SUV,of_Origin_Japan,10.043075566743182,10.436272,22995.000000000015,34072.38,-11077.378906249985,11077.378906249985,-48.17
19945,26064.0,199.0,Nissan,Kicks,Play,2025.0,4,SUV,of_Origin_Japan,10.168348697202207,10.795328,26064.00000000002,48791.316,-22727.31640624998,22727.31640624998,-87.2
11118,55999.0,54382.0,Honda,Pilot,,2025.0,6,SUV,of_Origin_Japan,10.933106969717286,10.877414,55999.00000000001,52965.438,3033.5625000000073,3033.5625000000073,5.42
27996,3000.0,348341.0,Honda,CR-V,,2010.0,4,SUV,of_Origin_Japan,8.006700845440367,8.131517,2999.9999999999995,3398.9548,-398.95483398437545,398.95483398437545,-13.3
36936,19999.0,60064.0,Toyota,RAV,4,2020.0,4,SUV,of_Origin_Japan,9.903487552536127,10.209008,19998.99999999998,27145.63,-7146.630859375018,7146.630859375018,-35.73
16789,91545.0,499.0,Lincoln,Aviator,,2026.0,6,SUV,of_Origin_USA,11.424596857176535,11.278063,91545.00000000007,79066.945,12478.054687500073,12478.054687500073,13.63
22690,21999.0,221345.0,Tesla,Model,X,2017.0,Electric,Sedan,of_Origin_USA,9.998797732340453,9.901094,21999.0,19951.195,2047.8046875,2047.8046875,9.31
26947,29236.0,59986.0,Volkswagen,Tiguan,,2024.0,4,SUV,baseline_value_here,10.283190309420853,10.540026,29236.00000000001,37797.54,-8561.539062499989,8561.539062499989,-29.28
22632,32995.0,132220.0,Tesla,Model,Y,2021.0,Electric,Sedan,of_Origin_USA,10.404141620980623,10.204387,32995.00000000001,27020.46,5974.539062500007,5974.539062500007,18.11
7873,26588.0,37431.0,Chevrolet,Trailblazer,,2024.0,4,SUV,of_Origin_USA,10.188252875406508,10.412486,26588.000000000022,33271.484,-6683.484374999978,6683.484374999978,-25.14
20728,93990.0,9674.0,Porsche,Macan,,2025.0,4,SUV,baseline_value_here,11.450954311987475,10.91477,93989.99999999999,54981.496,39008.503906249985,39008.503906249985,41.5
31125,42388.0,41898.0,Ford,Explorer,,2023.0,4,SUV,of_Origin_USA,10.654644173598973,10.348335,42387.99999999999,31204.05,11183.949218749993,11183.949218749993,26.38
8408,43950.0,41066.0,Chrysler,Pacifica,,2024.0,6,Minivan,of_Origin_USA,10.69083065598303,10.611479,43950.0,40597.19,3352.80859375,3352.80859375,7.63
9561,23888.0,175000.0,Ford,Explorer,,2022.0,4,SUV,of_Origin_USA,10.081173380925554,9.910111,23887.999999999985,20131.918,3756.0820312499854,3756.0820312499854,15.72
13323,24910.0,121624.0,Jeep,Cherokee,,2022.0,4,SUV,of_Origin_USA,10.123064751970729,10.070354,24909.99999999998,23630.94,1279.0605468749818,1279.0605468749818,5.13
1461,17000.0,148477.0,Ford,Explorer,,2018.0,6,SUV,of_Origin_USA,9.741027444837728,9.912362,16999.99999999999,20177.281,-3177.281250000011,3177.281250000011,-18.69
24737,58990.0,41407.0,Volvo,XC90,Recharge,2024.0,4,SUV,of_Origin_Sweden,10.985140168879203,10.889451,58989.99999999996,53606.863,5383.136718749964,5383.136718749964,9.13
12084,25388.0,90480.0,Hyundai,Santa,Fe,2021.0,4,SUV,of_Origin_South Korea,10.142071288338215,9.989406,25387.999999999985,21793.342,3594.6582031249854,3594.6582031249854,14.16
2701,24890.0,18510.0,Tesla,Model,3,2022.0,Electric,Sedan,of_Origin_USA,10.122261571332395,10.642263,24889.999999999993,41866.426,-16976.425781250007,16976.425781250007,-68.21
10998,12990.0,98273.0,Honda,Civic,Sedan,2017.0,4,Sedan,of_Origin_Japan,9.472012088995733,9.748721,12990.0,17131.305,-4141.3046875,4141.3046875,-31.88
3929,55995.0,49184.0,Acura,MDX,,2025.0,6,SUV,of_Origin_Japan,10.933035538594716,10.889446,55995.0,53606.605,2388.39453125,2388.39453125,4.27
5699,12495.0,160320.0,BMW,3,Series,2008.0,baseline_value_here,baseline_value_here,baseline_value_here,9.433163872079467,9.400727,12494.999999999995,12096.176,398.82421874999454,398.82421874999454,3.19
34415,42880.0,35300.0,Kia,EV6,,2023.0,Electric,Sedan,of_Origin_South Korea,10.666184116368278,10.571594,42879.99999999999,39009.816,3870.1835937499927,3870.1835937499927,9.03
2516,25998.0,103630.0,Mercedes-Benz,CLA,,2021.0,4,Sedan,baseline_value_here,10.165813354725493,10.110117,25997.999999999993,24589.537,1408.4628906249927,1408.4628906249927,5.42
31987,14983.0,102047.0,Chevrolet,Equinox,,2018.0,4,SUV,of_Origin_USA,9.614738244123924,9.759517,14982.999999999989,17317.26,-2334.259765625011,2334.259765625011,-15.58
17637,10990.0,192969.0,Mazda,Mazda3,,2018.0,4,Sedan,of_Origin_Japan,9.3048320350689,9.344738,10989.999999999996,11437.476,-447.47558593750364,447.47558593750364,-4.07
26458,86888.0,85000.0,Mercedes-Benz,AMG,GT,2022.0,6,Coupe,baseline_value_here,11.37238672096279,10.631887,86888.00000000007,41434.258,45453.74218750007,45453.74218750007,52.31
9465,23998.0,84956.0,Ford,Edge,,2022.0,4,SUV,of_Origin_USA,10.085767441795337,10.191172,23998.000000000015,26665.72,-2667.7207031249854,2667.7207031249854,-11.12
12954,5495.0,245308.0,Infiniti,G,,2010.0,6,Sedan,of_Origin_Japan,8.611775833902186,8.786688,5495.000000000005,6545.513,-1050.5131835937455,1050.5131835937455,-19.12
27217,109777.0,6600.0,Chevrolet,Camaro,,2018.0,6,Coupe,of_Origin_USA,11.606215423683235,11.219867,109777.00000000003,74596.836,35180.16406250003,35180.16406250003,32.05
28499,31392.0,49296.0,Subaru,Crosstrek,,2024.0,4,SUV,of_Origin_Japan,10.354340217107467,10.392886,31391.99999999999,32625.697,-1233.697265625011,1233.697265625011,-3.93
11198,22499.0,75636.0,Honda,Civic,Sedan,2022.0,4,Sedan,of_Origin_Japan,10.021270588192511,10.103461,22498.99999999999,24426.412,-1927.412109375011,1927.412109375011,-8.57
27692,41000.0,16600.0,Ford,Escape,PHEV,2025.0,4,SUV,of_Origin_USA,10.62135173563291,10.732866,40999.99999999999,45836.887,-4836.886718750007,4836.886718750007,-11.8
12010,28888.0,65780.0,Hyundai,Tucson,Hybrid,2023.0,4,SUV,of_Origin_South Korea,10.271216178807896,10.2100525,28888.00000000001,27173.994,1714.005859375011,1714.005859375011,5.93
30020,98888.0,9809.0,Chevrolet,Corvette,,2022.0,8,Coupe,of_Origin_USA,11.501753287966977,11.400956,98887.99999999997,89406.17,9481.82812499997,9481.82812499997,9.59
27001,25999.0,18916.0,Hyundai,Elantra,,2025.0,4,Sedan,of_Origin_South Korea,10.165851817003619,10.27278,25998.999999999985,28933.225,-2934.2246093750146,2934.2246093750146,-11.29
34179,24000.0,175342.0,Chevrolet,Corvette,,2005.0,8,Coupe,of_Origin_USA,10.085850775128717,9.203773,23999.99999999999,9933.537,14066.462890624989,14066.462890624989,58.61
26518,16990.0,139138.0,Jeep,Cherokee,,2020.0,4,SUV,of_Origin_USA,9.740439071085758,9.869012,16989.99999999999,19321.236,-2331.236328125011,2331.236328125011,-13.72
19405,7995.0,148100.0,Mitsubishi,Lancer,,2013.0,4,Sedan,of_Origin_Japan,8.98669669562029,9.155726,7994.999999999998,9467.506,-1472.5058593750018,1472.5058593750018,-18.42
3390,38495.0,10.0,Ford,Bronco,Sport,2025.0,4,SUV,of_Origin_USA,10.558309618774405,10.819473,38495.0,49983.75,-11488.75,11488.75,-29.84
8676,23495.0,101921.0,Chrysler,Pacifica,,2017.0,6,Minivan,of_Origin_USA,10.064585472878456,9.797956,23494.999999999993,17995.93,5499.070312499993,5499.070312499993,23.41
4573,42888.0,34475.0,Audi,A5,Sportback,2023.0,6,Hatchback,baseline_value_here,10.666370661780968,10.869593,42888.00000000002,52552.8,-9664.800781249978,9664.800781249978,-22.53
20372,35498.0,17596.0,Nissan,Rogue,,2025.0,4,SUV,of_Origin_Japan,10.477259806052668,10.565789,35497.99999999999,38784.016,-3286.0156250000073,3286.0156250000073,-9.26
14046,25694.0,44109.0,Kia,Sportage,,2023.0,4,SUV,of_Origin_South Korea,10.15405169942633,10.267278,25693.99999999998,28774.445,-3080.445312500018,3080.445312500018,-11.99
22659,39990.0,146508.0,Tesla,Model,Y,2024.0,Electric,Sedan,of_Origin_USA,10.596409707779776,10.481827,39989.99999999999,35660.492,4329.507812499993,4329.507812499993,10.83
18452,30950.0,109000.0,Mercedes-Benz,GLA,,2021.0,4,SUV,baseline_value_here,10.340160587768485,10.220779,30949.999999999996,27467.066,3482.9335937499964,3482.9335937499964,11.25
413,27880.0,75000.0,Mazda,CX-5,,2022.0,4,SUV,of_Origin_Japan,10.235700732236957,10.222012,27879.99999999998,27500.934,379.0664062499818,379.0664062499818,1.36
22147,3288.0,326368.0,Subaru,Outback,,2005.0,4,SUV,of_Origin_Japan,8.098338846189057,8.250458,3287.999999999999,3828.3784,-540.3784179687509,540.3784179687509,-16.43
25894,19998.0,34195.0,Hyundai,Elantra,,2023.0,4,Sedan,of_Origin_South Korea,9.903437551286085,10.131587,19997.99999999998,25123.205,-5125.205078125018,5125.205078125018,-25.63
32632,26495.0,62796.0,Volkswagen,Taos,,2023.0,4,SUV,baseline_value_here,10.184749057184986,10.518425,26494.999999999985,36989.816,-10494.816406250015,10494.816406250015,-39.61
15399,51995.0,46706.0,Lexus,NX,,2025.0,4,SUV,of_Origin_Japan,10.85892207152791,10.737122,51995.00000000004,46032.36,5962.640625000036,5962.640625000036,11.47
15025,28995.0,48553.0,Land,Rover,Discovery Sport,2017.0,6,SUV,baseline_value_here,10.274913168420769,10.563905,28995.000000000007,38710.996,-9715.996093749993,9715.996093749993,-33.51
28112,11000.0,231000.0,Honda,Odyssey,,2014.0,6,Minivan,of_Origin_Japan,9.305741456739435,9.2721815,10999.999999999993,10636.934,363.0664062499927,363.0664062499927,3.3
36818,47978.0,18033.0,Volkswagen,Golf,R,2024.0,4,Hatchback,baseline_value_here,10.778518694158981,10.743329,47978.00000000003,46318.996,1659.003906250029,1659.003906250029,3.46
29167,11998.0,138867.0,Nissan,Altima,,2018.0,4,Sedan,of_Origin_Japan,9.392578591964389,9.730323,11998.0,16818.982,-4820.982421875,4820.982421875,-40.18
38533,68199.0,1733.0,Hyundai,Palisade,Hybrid,2026.0,6,SUV,of_Origin_South Korea,11.130199843831553,11.273257,68198.99999999999,78687.89,-10488.890625000015,10488.890625000015,-15.38
31158,91165.0,499.0,Ford,F-150,,2026.0,6,Pickup Truck,of_Origin_USA,11.420437299535067,11.394631,91165.00000000003,88842.48,2322.523437500029,2322.523437500029,2.55
37549,9900.0,113000.0,BMW,3,Series,2011.0,baseline_value_here,baseline_value_here,baseline_value_here,9.200391041122515,9.671747,9900.000000000004,15862.041,-5962.041015624996,5962.041015624996,-60.22
24833,36599.0,51241.0,Volvo,S60,,2024.0,4,Sedan,of_Origin_Sweden,10.507803519389457,10.661176,36598.99999999997,42665.773,-6066.773437500029,6066.773437500029,-16.58
33954,49999.0,40730.0,Cadillac,XT4,,2025.0,4,SUV,of_Origin_USA,10.819778284410283,10.502875,49999.00000000001,36419.07,13579.929687500007,13579.929687500007,27.16
34239,37995.0,47321.0,Toyota,RAV,4,2024.0,4,SUV,of_Origin_Japan,10.545236170010073,10.3987255,37994.999999999985,32816.773,5178.226562499985,5178.226562499985,13.63
12688,34895.0,49957.0,Infiniti,QX55,,2023.0,4,SUV,of_Origin_Japan,10.46012748844141,10.36271,34894.999999999985,31655.855,3239.1445312499854,3239.1445312499854,9.28
35082,43899.0,23158.0,Subaru,Forester,,2025.0,4,SUV,of_Origin_Japan,10.689669599063263,10.507679,43899.00000000003,36594.44,7304.558593750029,7304.558593750029,16.64
6030,42034.0,10551.0,Buick,Encore,GX,2026.0,4,SUV,of_Origin_USA,10.646257883569398,10.802457,42034.000000000015,49140.387,-7106.386718749985,7106.386718749985,-16.91
19635,28388.0,5754.0,Mitsubishi,RVR,,2025.0,4,SUV,of_Origin_Japan,10.253757025176343,10.638155,28388.00000000002,41694.77,-13306.769531249982,13306.769531249982,-46.87
38541,52995.0,68757.0,RAM,1500,,2022.0,baseline_value_here,baseline_value_here,of_Origin_USA,10.877971717988014,10.630561,52995.00000000004,41379.33,11615.671875000036,11615.671875000036,21.92
34448,1.0,32047.0,Nissan,Pathfinder,,2024.0,6,SUV,of_Origin_Japan,0.6931471805599453,10.830982,1.0,50562.348,-50561.34765625,50561.34765625,-5056134.77
29827,40000.0,78000.0,Dodge,Challenger,,2008.0,6,Coupe,of_Origin_USA,10.596659732783579,10.006799,40000.0,22175.729,17824.271484375,17824.271484375,44.56
22932,39695.0,52536.0,Toyota,RAV,4 Hybrid,2023.0,4,SUV,of_Origin_Japan,10.589005705931582,10.645524,39694.999999999985,42003.164,-2308.1640625000146,2308.1640625000146,-5.81
1356,72730.0,250.0,Ford,F-150,,2026.0,6,Pickup Truck,of_Origin_USA,11.194522982538457,11.347305,72729.99999999996,84735.805,-12005.804687500044,12005.804687500044,-16.51
13088,62815.0,12.0,Infiniti,QX50,,2025.0,4,SUV,of_Origin_Japan,11.047965097076188,10.82533,62815.00000000005,50277.348,12537.652343750051,12537.652343750051,19.96
24921,24990.0,14815.0,Honda,Civic,Sedan,2024.0,4,Sedan,of_Origin_Japan,10.126271039034782,10.2852,24990.0,29294.82,-4304.8203125,4304.8203125,-17.23
27560,25995.0,60003.0,Dodge,Grand,Caravan,2020.0,6,Minivan,of_Origin_USA,10.16569795901424,10.326497,25995.00000000002,30529.977,-4534.976562499982,4534.976562499982,-17.45
8923,22937.0,98668.0,Dodge,Grand,Caravan,2017.0,6,Minivan,of_Origin_USA,10.040550202924468,9.981083,22937.000000000004,21612.705,1324.2949218750036,1324.2949218750036,5.77
11821,7490.0,200798.0,Hyundai,Elantra,,2017.0,4,Sedan,of_Origin_South Korea,8.921457578947884,8.924367,7490.0000000000055,7511.8257,-21.825683593744543,21.825683593744543,-0.29
20189,17898.0,29900.0,Nissan,Sentra,,2022.0,4,Sedan,of_Origin_Japan,9.7925001243465,10.206872,17897.999999999996,27087.701,-9189.701171875004,9189.701171875004,-51.34
29915,27995.0,74344.0,GMC,Terrain,,2024.0,4,SUV,of_Origin_USA,10.23981692180943,10.28247,27994.99999999999,29214.941,-1219.941406250011,1219.941406250011,-4.36
26292,18995.0,128715.0,Ford,Explorer,,2017.0,6,SUV,of_Origin_USA,9.851983709669012,9.922357,18994.999999999993,20379.965,-1384.9648437500073,1384.9648437500073,-7.29
25308,14888.0,60534.0,Infiniti,QX50,,2016.0,4,SUV,of_Origin_Japan,9.608377964255551,9.761512,14888.000000000005,17351.846,-2463.8457031249945,2463.8457031249945,-16.55
24760,12995.0,165000.0,Volvo,S60,,2018.0,5,Sedan,of_Origin_Sweden,9.472396896788991,9.921731,12995.000000000005,20367.217,-7372.2167968749945,7372.2167968749945,-56.73
5539,99698.0,40238.0,BMW,X5,,2025.0,6,SUV,baseline_value_here,11.509910925809358,11.239885,99698.00000000006,76105.23,23592.77343750006,23592.77343750006,23.66
31712,92888.0,37000.0,Chevrolet,Corvette,Z06,2015.0,8,Coupe,of_Origin_USA,11.439160510902152,11.206685,92887.99999999993,73619.96,19268.039062499927,19268.039062499927,20.74
2782,45800.0,30621.0,Jeep,Grand,Cherokee L,2024.0,6,SUV,of_Origin_USA,10.732061203925053,10.898145,45800.00000000003,54074.945,-8274.94531249997,8274.94531249997,-18.07
1339,32990.0,56409.0,Mazda,CX-50,,2023.0,4,SUV,of_Origin_Japan,10.403990075979044,10.370066,32989.999999999985,31889.572,1100.4277343749854,1100.4277343749854,3.34
9360,44667.0,39505.0,Ford,Explorer,,2023.0,4,SUV,of_Origin_USA,10.707012640565683,10.289258,44667.00000000001,29413.941,15253.058593750007,15253.058593750007,34.15
11131,28999.0,76280.0,Honda,CR-V,,2023.0,4,SUV,of_Origin_Japan,10.275051108968611,10.293478,28999.00000000001,29538.334,-539.3339843749891,539.3339843749891,-1.86
15412,60995.0,38196.0,Lexus,RX,,2023.0,4,SUV,of_Origin_Japan,11.018563567234903,10.621057,60995.00000000001,40987.9,20007.101562500007,20007.101562500007,32.8
38815,42995.0,64028.0,Lexus,RX,,2022.0,4,SUV,of_Origin_Japan,10.668862367092954,10.298138,42995.0,29676.299,13318.701171875,13318.701171875,30.98
15281,45888.0,48328.0,Lexus,RX,,2022.0,4,SUV,of_Origin_Japan,10.733980715911525,10.317917,45887.99999999998,30269.135,15618.865234374978,15618.865234374978,34.04
22861,30088.0,76609.0,Toyota,RAV,4,2022.0,4,SUV,of_Origin_Japan,10.311914935439406,10.257261,30088.000000000007,28487.656,1600.3437500000073,1600.3437500000073,5.32
24684,10000.0,265000.0,Volvo,XC70,,2015.0,6,SUV,of_Origin_Sweden,9.210440366976517,8.914143,10000.00000000001,7435.4033,2564.596679687509,2564.596679687509,25.65
673,68980.0,57256.0,RAM,1500,,2024.0,baseline_value_here,baseline_value_here,of_Origin_USA,11.14158638334139,10.759437,68979.99999999996,47071.14,21908.859374999956,21908.859374999956,31.76
23637,28500.0,60681.0,Volkswagen,Tiguan,,2024.0,4,SUV,baseline_value_here,10.25769445336048,10.479541,28500.000000000004,35579.066,-7079.066406249996,7079.066406249996,-24.84
37354,27495.0,91950.0,BMW,X3,,2021.0,4,SUV,baseline_value_here,10.22179581852967,10.267439,27494.99999999998,28779.084,-1284.0839843750182,1284.0839843750182,-4.67
18623,70888.0,40045.0,Mercedes-Benz,EQS,,2023.0,Electric,SUV,baseline_value_here,11.168870552387599,10.937616,70888.00000000004,56252.094,14635.906250000044,14635.906250000044,20.65
34965,16495.0,67800.0,Honda,Civic,Sedan,2014.0,4,Sedan,of_Origin_Japan,9.71087320625674,9.547915,16494.999999999996,14014.448,2480.5517578124964,2480.5517578124964,15.04
22331,35980.0,87400.0,Tesla,Model,Y,2022.0,Electric,Sedan,of_Origin_USA,10.490746300336754,10.455717,35979.99999999999,34741.434,1238.5664062499927,1238.5664062499927,3.44
818,55407.0,50175.0,BMW,X5,,2022.0,6,SUV,baseline_value_here,10.922479266642203,10.955901,55406.99999999996,57290.133,-1883.1328125000364,1883.1328125000364,-3.4
11111,32888.0,58685.0,Honda,CR-V,,2022.0,4,SUV,of_Origin_Japan,10.40089353434265,10.329678,32888.000000000015,30627.234,2260.7656250000146,2260.7656250000146,6.87
30599,45990.0,19043.0,Toyota,RAV,4 Hybrid,2025.0,4,SUV,of_Origin_Japan,10.736201004154935,10.763731,45989.99999999999,47273.723,-1283.7226562500073,1283.7226562500073,-2.79
11379,31998.0,68248.0,Honda,CR-V,,2023.0,4,SUV,of_Origin_Japan,10.373459931293572,10.344441,31998.00000000001,31082.78,915.2207031250109,915.2207031250109,2.86
22834,26885.0,72101.0,Toyota,Corolla,Cross,2023.0,4,Sedan,of_Origin_Japan,10.199360984014199,10.111329,26885.000000000015,24619.361,2265.6386718750146,2265.6386718750146,8.43
2536,21595.0,77000.0,Audi,Q5,,2018.0,4,SUV,baseline_value_here,9.980263391338177,10.053701,21594.999999999985,23240.654,-1645.6542968750146,1645.6542968750146,-7.62
36887,24488.0,78000.0,Mercedes-Benz,SL-Class,,2008.0,6,baseline_value_here,baseline_value_here,10.105979316119466,10.276534,24488.000000000015,29042.037,-4554.037109374985,4554.037109374985,-18.6
36141,42850.0,10.0,Honda,HR-V,,2027.0,4,SUV,of_Origin_Japan,10.665484260976488,10.602461,42850.00000000001,40232.727,2617.2734375000073,2617.2734375000073,6.11
4351,73888.0,833.0,Audi,SQ5,,2025.0,6,SUV,baseline_value_here,11.21031924606004,11.342712,73888.00000000003,84347.51,-10459.50781249997,10459.50781249997,-14.16
14067,28995.0,30564.0,Kia,K4,,2025.0,4,Sedan,of_Origin_South Korea,10.274913168420769,10.261129,28995.000000000007,28598.066,396.9335937500073,396.9335937500073,1.37
22580,27990.0,134000.0,Tesla,Model,3,2021.0,Electric,Sedan,of_Origin_USA,10.239638308916676,10.169784,27989.99999999999,26101.428,1888.572265624989,1888.572265624989,6.75
36849,16000.0,197000.0,Ford,Explorer,Sport Trac,2010.0,6,SUV,of_Origin_USA,9.680406499268875,8.87564,16000.000000000002,7154.524,8845.476074218752,8845.476074218752,55.28
17941,26995.0,62827.0,Mazda,CX-5,,2022.0,4,SUV,of_Origin_Japan,10.203443985863297,10.306179,26994.999999999993,29915.906,-2920.9062500000073,2920.9062500000073,-10.82
25823,20945.0,67551.0,Mercedes-Benz,C-Class,Sedan,2017.0,4,Sedan,baseline_value_here,9.949702976333091,9.936514,20945.0,20670.555,274.4453125,274.4453125,1.31
1321,23233.0,42408.0,Volkswagen,Jetta,,2020.0,4,Sedan,baseline_value_here,10.05337200207342,10.273064,23233.0,28941.422,-5708.421875,5708.421875,-24.57
33822,22000.0,218000.0,Ford,F-150,,2016.0,6,Pickup Truck,of_Origin_USA,9.99884318585288,9.614166,21999.999999999993,14974.432,7025.568359374993,7025.568359374993,31.93
34112,19950.0,123000.0,Audi,Q5,,2019.0,4,SUV,baseline_value_here,9.901034546375062,10.020891,19950.00000000001,22490.465,-2540.464843749989,2540.464843749989,-12.73
29206,18995.0,82000.0,Honda,CR-V,,2014.0,4,SUV,of_Origin_Japan,9.851983709669012,9.544007,18994.999999999993,13959.78,5035.219726562493,5035.219726562493,26.51
4527,17900.0,108600.0,Audi,Q5,,2018.0,4,SUV,baseline_value_here,9.792611856190192,9.956078,17900.0,21078.95,-3178.94921875,3178.94921875,-17.76
5817,76689.0,37661.0,BMW,X5,,2024.0,6,SUV,baseline_value_here,11.247526600758905,11.11898,76688.99999999997,67438.11,9250.89062499997,9250.89062499997,12.06
23756,26965.0,73805.0,Volkswagen,Tiguan,,2021.0,4,SUV,baseline_value_here,10.20233209219402,10.321092,26964.999999999996,30365.389,-3400.3886718750036,3400.3886718750036,-12.61
8294,45595.0,1345.0,Chrysler,Grand,Caravan,2025.0,6,Minivan,of_Origin_USA,10.727575272356669,10.883782,45594.99999999998,53303.84,-7708.839843750022,7708.839843750022,-16.91
22400,37995.0,40113.0,Tesla,Model,3,2023.0,Electric,Sedan,of_Origin_USA,10.545236170010073,10.643997,37994.999999999985,41939.08,-3944.0781250000146,3944.0781250000146,-10.38
8237,55999.0,10.0,Chrysler,Pacifica,,2027.0,6,Minivan,of_Origin_USA,10.933106969717286,10.894717,55999.00000000001,53889.918,2109.0820312500073,2109.0820312500073,3.77
38139,38998.0,61500.0,Genesis,GV80,,2021.0,6,SUV,of_Origin_South Korea,10.571291283757406,10.462336,38997.99999999999,34972.14,4025.8593749999927,4025.8593749999927,10.32
462,42500.0,52514.0,Lexus,NX,,2022.0,4,SUV,of_Origin_Japan,10.657282884047461,10.598797,42500.00000000003,40085.58,2414.421875000029,2414.421875000029,5.68
10845,31495.0,88627.0,Genesis,G70,,2022.0,4,Sedan,of_Origin_South Korea,10.357615832623573,9.93389,31494.999999999978,20616.393,10878.607421874978,10878.607421874978,34.54
4672,50995.0,56443.0,Audi,S5,Sportback,2023.0,6,Hatchback,baseline_value_here,10.839502477258012,10.845659,50994.99999999996,51309.94,-314.9414062500364,314.9414062500364,-0.62
31327,6000.0,153000.0,Ford,Focus,,2015.0,4,Hatchback,of_Origin_USA,8.699681400989514,8.899206,6000.000000000005,7325.1553,-1325.1552734374955,1325.1552734374955,-22.09
31429,44388.0,60657.0,Lexus,RX,,2022.0,4,SUV,of_Origin_Japan,10.700746969978026,10.308846,44388.00000000001,29995.814,14392.185546875007,14392.185546875007,32.42
28328,39999.0,32272.0,Volkswagen,Golf,GTI,2024.0,4,Hatchback,baseline_value_here,10.596634733096073,10.7405815,39998.99999999997,46191.906,-6192.906250000029,6192.906250000029,-15.48
2784,38999.0,122000.0,Mercedes-Benz,GLC,,2020.0,4,SUV,baseline_value_here,10.571316925111784,10.111634,38999.00000000002,24626.877,14372.123046875022,14372.123046875022,36.85
20601,41898.0,76060.0,Porsche,Macan,,2020.0,4,SUV,baseline_value_here,10.643017239276974,10.290078,41897.99999999996,29438.076,12459.923828124964,12459.923828124964,29.74
25457,25888.0,61245.0,Hyundai,Tucson,,2024.0,4,SUV,of_Origin_South Korea,10.161573447047902,10.275667,25887.999999999993,29016.871,-3128.8710937500073,3128.8710937500073,-12.09
29100,26899.0,115870.0,Audi,Q7,,2019.0,6,SUV,baseline_value_here,10.19988156558993,10.378252,26898.999999999985,32151.71,-5252.710937500015,5252.710937500015,-19.53
33459,76585.0,499.0,Ford,F-150,,2026.0,6,Pickup Truck,of_Origin_USA,11.246169571400625,11.307776,76585.00000000003,81451.59,-4866.593749999971,4866.593749999971,-6.35
30152,55900.0,26464.0,Jeep,Grand,Cherokee,2017.0,6,SUV,of_Origin_USA,10.93133754807084,10.353155,55900.000000000015,31354.818,24545.181640625015,24545.181640625015,43.91
37445,22995.0,35337.0,Nissan,Sentra,,2024.0,4,Sedan,of_Origin_Japan,10.043075566743182,10.255229,22995.000000000015,28429.818,-5434.818359374985,5434.818359374985,-23.63
8801,14997.0,173401.0,Dodge,Grand,Caravan,2019.0,6,Minivan,of_Origin_USA,9.615672137861335,9.739981,14997.000000000002,16982.213,-1985.2128906249982,1985.2128906249982,-13.24
8322,48385.0,1050.0,Chrysler,Grand,Caravan,2025.0,6,Minivan,of_Origin_USA,10.786965794663733,10.883782,48384.999999999985,53303.84,-4918.839843750015,4918.839843750015,-10.17
12715,49682.0,25.0,Infiniti,QX50,,2025.0,4,SUV,of_Origin_Japan,10.8134181012576,10.789602,49681.99999999997,48512.74,1169.261718749971,1169.261718749971,2.35
20192,21499.0,118372.0,Nissan,Rogue,,2023.0,4,SUV,of_Origin_Japan,9.975808214115753,10.21256,21498.99999999998,27242.213,-5743.212890625018,5743.212890625018,-26.71
38038,20081.0,106491.0,Honda,Civic,Sedan,2019.0,4,Sedan,of_Origin_Japan,9.907579170439382,9.931643,20081.000000000004,20570.102,-489.10156249999636,489.10156249999636,-2.44
29730,54488.0,39608.0,Audi,A6,,2024.0,6,Sedan,baseline_value_here,10.905754125417554,11.205914,54488.00000000003,73563.18,-19075.17968749997,19075.17968749997,-35.01
26312,3500.0,114000.0,Jaguar,X-Type,,2006.0,6,Sedan,of_Origin_UK,8.160803920954665,9.489644,3499.9999999999977,13221.088,-9721.087890625002,9721.087890625002,-277.75
27004,22000.0,155309.0,BMW,1,Series,2008.0,baseline_value_here,baseline_value_here,baseline_value_here,9.99884318585288,9.61432,21999.999999999993,14976.731,7023.268554687493,7023.268554687493,31.92
1021,13999.0,118950.0,Audi,Q7,,2015.0,6,SUV,baseline_value_here,9.546812608597396,9.905203,13999.0,20033.336,-6034.3359375,6034.3359375,-43.11
9529,18988.0,54667.0,Ford,Escape,,2021.0,4,SUV,of_Origin_USA,9.851615143125416,10.172513,18987.99999999999,26172.77,-7184.769531250011,7184.769531250011,-37.84
34507,95475.0,9823.0,Acura,MDX,,2026.0,6,SUV,of_Origin_Japan,11.466630185984926,11.109045,95475.00000000007,66771.4,28703.601562500073,28703.601562500073,30.06
19573,21995.0,38316.0,Mitsubishi,Mirage,,2023.0,3,Hatchback,of_Origin_Japan,9.998615897627705,9.6901655,21994.999999999985,16156.919,5838.081054687485,5838.081054687485,26.54
22318,22800.0,105000.0,Tesla,Model,3,2021.0,Electric,Sedan,of_Origin_USA,10.034559673629849,10.293666,22799.999999999996,29543.885,-6743.884765625004,6743.884765625004,-29.58
20169,11990.0,165378.0,Nissan,Rogue,,2019.0,4,SUV,of_Origin_Japan,9.391911647379434,9.706945,11990.00000000001,16430.334,-4440.333984374991,4440.333984374991,-37.03
21918,19888.0,153581.0,Subaru,Forester,,2021.0,4,SUV,of_Origin_Japan,9.897922094063247,10.002767,19888.000000000015,22086.488,-2198.4882812499854,2198.4882812499854,-11.05
10958,45000.0,100000.0,Genesis,GV80,,2021.0,6,SUV,of_Origin_South Korea,10.714439990727769,10.187256,44999.999999999985,26561.504,18438.496093749985,18438.496093749985,40.97
33197,27450.0,73000.0,Toyota,Corolla,Cross,2023.0,4,Sedan,of_Origin_Japan,10.22015787614662,10.1453495,27450.000000000004,25471.367,1978.6328125000036,1978.6328125000036,7.21
17679,29450.0,98000.0,Mazda,CX-5,,2023.0,4,SUV,of_Origin_Japan,10.290483144360632,10.257949,29450.000000000025,28507.252,942.7480468750255,942.7480468750255,3.2
29147,13995.0,174370.0,Audi,Q3,,2017.0,4,SUV,baseline_value_here,9.54652685348758,9.533523,13995.00000000001,13814.171,180.8291015625091,180.8291015625091,1.29
37693,32698.0,31826.0,Volkswagen,Golf,GTI,2024.0,4,Hatchback,baseline_value_here,10.39509977537798,10.499657,32698.000000000022,36302.035,-3604.035156249978,3604.035156249978,-11.02
26833,90405.0,499.0,Ford,F-150,,2026.0,6,Pickup Truck,of_Origin_USA,11.41206591585918,11.307776,90404.99999999994,81451.59,8953.406249999942,8953.406249999942,9.9
22311,32880.0,132524.0,Tesla,Model,Y,2021.0,Electric,Sedan,of_Origin_USA,10.400650262332935,10.204387,32879.99999999998,27020.46,5859.539062499978,5859.539062499978,17.82
8819,30310.0,453.0,Dodge,Hornet,,2024.0,4,SUV,of_Origin_USA,10.319265961919356,10.650564,30309.999999999993,42215.406,-11905.406250000007,11905.406250000007,-39.28
33259,8495.0,203825.0,Chevrolet,Cruze,,2017.0,4,Sedan,of_Origin_USA,9.04735074348172,8.965142,8495.000000000004,7824.4946,670.5053710937536,670.5053710937536,7.89
14020,15990.0,119639.0,Kia,Soul,,2021.0,4,Hatchback,of_Origin_South Korea,9.679781342959442,9.618275,15990.000000000005,15036.084,953.9160156250055,953.9160156250055,5.97
8755,39788.0,55.0,Dodge,Hornet,,2024.0,Electric,SUV,of_Origin_USA,10.591345771162462,11.034324,39787.99999999999,61963.918,-22175.917968750007,22175.917968750007,-55.74
30129,7999.0,171451.0,Nissan,Rogue,,2016.0,4,SUV,of_Origin_Japan,8.987196820661973,9.441113,7999.0,12594.734,-4595.734375,4595.734375,-57.45
8666,34291.0,87253.0,Chrysler,Pacifica,,2024.0,6,Minivan,of_Origin_USA,10.442667369798647,10.430188,34291.000000000015,33865.723,425.27734375001455,425.27734375001455,1.24
2340,8995.0,135304.0,Hyundai,Tucson,,2015.0,4,SUV,of_Origin_South Korea,9.104535313079205,9.204894,8994.999999999993,9944.685,-949.6845703125073,949.6845703125073,-10.56
16699,119505.0,499.0,Lincoln,Navigator,,2026.0,6,SUV,of_Origin_USA,11.691121858298283,11.278063,119504.99999999996,79066.945,40438.054687499956,40438.054687499956,33.84
17556,18600.0,26000.0,MINI,Convertible,,2012.0,4,baseline_value_here,of_Origin_UK,9.83097062169695,9.669411,18599.999999999996,15825.0205,2774.9794921874964,2774.9794921874964,14.92
2408,10788.0,122799.0,Acura,RDX,,2012.0,4,SUV,of_Origin_Japan,9.28628237555134,9.218505,10787.99999999999,10080.9795,707.0205078124909,707.0205078124909,6.55
25290,20495.0,46507.0,Toyota,Corolla,Hatchback 5-Door,2019.0,4,Hatchback,of_Origin_Japan,9.927985024136515,9.976244,20494.99999999998,21508.371,-1013.3710937500182,1013.3710937500182,-4.94
30851,16295.0,121928.0,Jeep,Cherokee,,2018.0,4,SUV,of_Origin_USA,9.698674957906642,9.720759,16294.999999999998,16658.89,-363.8906250000018,363.8906250000018,-2.23
11321,28888.0,28336.0,Honda,CR-V,,2020.0,4,SUV,of_Origin_Japan,10.271216178807896,10.275398,28888.00000000001,29009.068,-121.06835937498909,121.06835937498909,-0.42
16344,97998.0,32924.0,Lincoln,Navigator,,2024.0,6,SUV,of_Origin_USA,11.492712553519015,10.888159,97998.00000000003,53537.633,44460.36718750003,44460.36718750003,45.37
11989,23895.0,12464.0,Hyundai,Venue,,2024.0,4,SUV,of_Origin_South Korea,10.081466359895945,10.380316,23894.999999999978,32218.135,-8323.134765625022,8323.134765625022,-34.83
22472,33995.0,102900.0,Tesla,Model,X,2017.0,Electric,Sedan,of_Origin_USA,10.433998149618517,10.177027,33995.00000000002,26291.178,7703.822265625022,7703.822265625022,22.66
9250,35988.0,13187.0,Ford,Escape,PHEV,2025.0,4,SUV,of_Origin_USA,10.49096861519108,10.770884,35987.999999999985,47613.07,-11625.070312500015,11625.070312500015,-32.3
22954,26450.0,105000.0,Toyota,Corolla,Cross,2022.0,4,Sedan,of_Origin_Japan,10.183049243755137,10.058327,26450.00000000002,23348.404,3101.595703125018,3101.595703125018,11.73
10818,69333.0,8625.0,Genesis,GV70,,2026.0,6,SUV,of_Origin_South Korea,11.146690685353732,11.207491,69332.99999999994,73679.31,-4346.312500000058,4346.312500000058,-6.27
29589,27999.0,172000.0,GMC,Sierra,1500,2019.0,8,Pickup Truck,of_Origin_USA,10.239959789157341,10.2588415,27999.000000000004,28532.71,-533.7109374999964,533.7109374999964,-1.91
706,20980.0,63741.0,Hyundai,Tucson,,2021.0,4,SUV,of_Origin_South Korea,9.951372545256701,10.064966,20980.00000000001,23503.947,-2523.947265624989,2523.947265624989,-12.03
31556,57295.0,98500.0,Ford,F-250,Super Duty,2024.0,8,Pickup Truck,of_Origin_USA,10.955986092238215,10.766834,57295.00000000004,47420.656,9874.343750000036,9874.343750000036,17.23
30132,105599.0,5317.0,Ford,Bronco,,2025.0,4,SUV,of_Origin_USA,11.567413650254299,10.724417,105599.00000000004,45451.21,60147.789062500044,60147.789062500044,56.96
26506,51995.0,49003.0,Chevrolet,Silverado,1500,2025.0,8,Pickup Truck,of_Origin_USA,10.85892207152791,10.937481,51995.00000000004,56244.477,-4249.476562499964,4249.476562499964,-8.17
37434,17988.0,85977.0,Ford,Edge,,2019.0,4,SUV,of_Origin_USA,9.797515738962685,9.934512,17987.99999999999,20629.217,-2641.216796875011,2641.216796875011,-14.68
34207,50584.0,10.0,Chevrolet,Equinox,,2027.0,4,SUV,of_Origin_USA,10.831410368639991,10.790572,50584.00000000003,48559.812,2024.187500000029,2024.187500000029,4.0
9442,34888.0,96980.0,Ford,Bronco,,2022.0,4,SUV,of_Origin_USA,10.459926872262475,10.178905,34887.99999999998,26340.596,8547.404296874978,8547.404296874978,24.5
33848,7000.0,135683.0,Toyota,Matrix,,2013.0,4,Hatchback,of_Origin_Japan,8.853808274977197,9.171101,6999.999999999998,9614.201,-2614.201171875002,2614.201171875002,-37.35
14361,63468.0,90.0,Kia,Sorento,Plug-In Hybrid,2025.0,Electric,SUV,of_Origin_South Korea,11.05830687670137,10.909379,63467.99999999999,54685.875,8782.124999999993,8782.124999999993,13.84
25833,30990.0,34800.0,Honda,CR-V,,2023.0,4,SUV,of_Origin_Japan,10.341452118734878,10.348913,30989.999999999975,31222.092,-232.09179687502547,232.09179687502547,-0.75
31322,4800.0,184000.0,Ford,F-150,,2010.0,6,Pickup Truck,of_Origin_USA,8.476579508530941,9.133303,4800.000000000003,9257.55,-4457.549804687497,4457.549804687497,-92.87
28116,26990.0,89871.0,BMW,4,Series,2017.0,baseline_value_here,baseline_value_here,baseline_value_here,10.203258756085228,10.214312,26989.999999999993,27289.982,-299.9824218750073,299.9824218750073,-1.11
8892,43995.0,86957.0,Dodge,Durango,,2022.0,6,SUV,of_Origin_USA,10.691853999677008,10.596753,43995.00000000003,40003.734,3991.265625000029,3991.265625000029,9.07
8100,34990.0,53964.0,Chevrolet,Camaro,,2014.0,6,Coupe,of_Origin_USA,10.462846164547514,10.550995,34989.999999999985,38214.438,-3224.4375000000146,3224.4375000000146,-9.22
25918,18980.0,44153.0,Mazda,Mazda3,,2019.0,4,Sedan,of_Origin_Japan,9.851193757814993,10.018599,18979.999999999985,22438.959,-3458.9589843750146,3458.9589843750146,-18.22
11193,48999.0,1248.0,Honda,CR-V,Hybrid,2026.0,4,SUV,of_Origin_Japan,10.799575577092764,10.975851,48999.0,58444.562,-9445.5625,9445.5625,-19.28
25123,67888.0,33000.0,Mercedes-Benz,E-Class,,2024.0,4,Sedan,baseline_value_here,11.125629297477385,10.588512,67888.00000000001,39675.42,28212.578125000015,28212.578125000015,41.56
22987,39695.0,21003.0,Toyota,RAV,4,2025.0,4,SUV,of_Origin_Japan,10.589005705931582,10.552554,39694.999999999985,38274.074,1420.9257812499854,1420.9257812499854,3.58
10189,108128.0,4688.0,GMC,Sierra,1500,2026.0,8,Pickup Truck,of_Origin_USA,11.591080237769564,11.272488,108127.99999999994,78627.35,29500.64843749994,29500.64843749994,27.28
30944,44995.0,53807.0,Hyundai,Santa,Fe,2024.0,4,SUV,of_Origin_South Korea,10.714328875912717,10.316278,44995.00000000001,30219.58,14775.419921875007,14775.419921875007,32.84
37801,4500.0,182346.0,Ford,Escape,,2009.0,4,SUV,of_Origin_USA,8.412054873292933,8.2865505,4499.999999999999,3969.1157,530.8842773437491,530.8842773437491,11.8
2824,14999.0,221000.0,Toyota,RAV,4 Hybrid,2017.0,4,SUV,of_Origin_Japan,9.615805480084347,9.619981,14999.000000000004,15061.761,-62.76074218749636,62.76074218749636,-0.42
27214,24000.0,120000.0,Ford,Explorer,,2020.0,4,SUV,of_Origin_USA,10.085850775128717,9.924522,23999.99999999999,20424.152,3575.847656249989,3575.847656249989,14.9
12086,23976.0,52966.0,Hyundai,Santa,Fe,2020.0,4,SUV,of_Origin_South Korea,10.08485031650177,10.068919,23975.99999999998,23597.045,378.9550781249818,378.9550781249818,1.58
36622,35995.0,44757.0,Mercedes-Benz,GLB,,2022.0,4,SUV,baseline_value_here,10.49116310015384,10.494576,35995.0,36118.08,-123.078125,123.078125,-0.34
14993,23995.0,95000.0,Land,Rover,Range Rover Evoque,2020.0,4,SUV,baseline_value_here,10.085642428772983,10.2314,23994.999999999993,27760.336,-3765.3359375000073,3765.3359375000073,-15.69
11035,21558.0,107953.0,Honda,CR-V,,2021.0,4,SUV,of_Origin_Japan,9.978548641758007,10.122269,21557.999999999993,24890.178,-3332.1777343750073,3332.1777343750073,-15.46
14621,30995.0,9438.0,Kia,Sportage,,2025.0,4,SUV,of_Origin_South Korea,10.34161344288384,10.611162,30994.99999999999,40584.34,-9589.339843750011,9589.339843750011,-30.94
6336,28987.0,76471.0,Buick,Envision,,2022.0,4,SUV,of_Origin_USA,10.274637230229173,10.210182,28987.000000000025,27177.52,1809.4804687500255,1809.4804687500255,6.24
5655,40788.0,67872.0,BMW,5,Series,2022.0,baseline_value_here,baseline_value_here,baseline_value_here,10.616167716198387,10.775857,40787.99999999997,47850.465,-7062.464843750029,7062.464843750029,-17.32
31558,31995.0,55828.0,Toyota,RAV,4,2023.0,4,SUV,of_Origin_Japan,10.373366173968712,10.370713,31994.99999999999,31910.229,84.77148437498909,84.77148437498909,0.26
1291,31499.0,75624.0,Ford,Ranger,,2020.0,4,Pickup Truck,of_Origin_USA,10.357742824813725,10.31327,31499.000000000015,30128.79,1370.2109375000146,1370.2109375000146,4.35
643,35498.0,93866.0,Subaru,Ascent,,2023.0,4,SUV,of_Origin_Japan,10.477259806052668,10.260772,35497.99999999999,28587.842,6910.158203124993,6910.158203124993,19.47
7082,18000.0,10500.0,Cadillac,XTS,,2014.0,6,Sedan,of_Origin_USA,9.798182590890704,10.252633,17999.999999999993,28356.111,-10356.111328125007,10356.111328125007,-57.53
16886,57484.0,90.0,MINI,Countryman,,2025.0,Electric,SUV,of_Origin_UK,10.959279323187841,10.980009,57484.000000000044,58688.086,-1204.0859374999563,1204.0859374999563,-2.09
37584,22995.0,115000.0,Ford,Bronco,Sport,2022.0,4,SUV,of_Origin_USA,10.043075566743182,10.10219,22995.000000000015,24395.379,-1400.3789062499854,1400.3789062499854,-6.09
29974,29950.0,134583.0,Dodge,Durango,,2018.0,6,SUV,of_Origin_USA,10.307317991967832,10.007319,29949.999999999996,22187.28,7762.720703124996,7762.720703124996,25.92
3237,73410.0,620.0,Acura,MDX,,2026.0,6,SUV,of_Origin_Japan,11.203829067134373,11.121366,73410.0,67599.16,5810.84375,5810.84375,7.92
10111,59951.0,48837.0,GMC,Sierra,1500,2024.0,8,Pickup Truck,of_Origin_USA,11.001299521033468,10.883363,59950.999999999985,53281.477,6669.523437499985,6669.523437499985,11.12
32012,12995.0,92000.0,Toyota,Corolla,Sedan,2013.0,4,Sedan,of_Origin_Japan,9.472396896788991,9.429223,12995.000000000005,12445.853,549.1474609375055,549.1474609375055,4.23
13003,49999.0,5659.0,Infiniti,QX50,,2025.0,4,SUV,of_Origin_Japan,10.819778284410283,10.687291,49999.00000000001,43794.71,6204.289062500007,6204.289062500007,12.41
11796,4990.0,139782.0,Hyundai,Elantra,,2010.0,4,Sedan,of_Origin_South Korea,8.515391569469609,8.582874,4989.999999999996,5338.4307,-348.43066406250364,348.43066406250364,-6.98
16793,73295.0,250.0,Lincoln,Nautilus,,2026.0,4,SUV,of_Origin_USA,11.202261316126524,10.967007,73295.00000000006,57929.93,15365.070312500058,15365.070312500058,20.96
7201,34495.0,42607.0,Cadillac,XT4,,2022.0,4,SUV,of_Origin_USA,10.448598654268668,10.292889,34494.99999999997,29520.93,4974.070312499971,4974.070312499971,14.42
14000,31777.0,131819.0,Kia,Sorento,,2023.0,4,SUV,of_Origin_South Korea,10.366529505448312,9.984312,31777.000000000004,21682.611,10094.388671875004,10094.388671875004,31.77
37181,46088.0,6076.0,Volkswagen,Tiguan,,2025.0,4,SUV,baseline_value_here,10.73832958879877,10.9094925,46088.000000000015,54692.082,-8604.082031249985,8604.082031249985,-18.67
5732,21995.0,131098.0,BMW,X3,,2019.0,4,SUV,baseline_value_here,9.998615897627705,9.976806,21994.999999999985,21520.457,474.54296874998545,474.54296874998545,2.16
6359,28989.0,32949.0,Buick,Envista,,2024.0,4,SUV,of_Origin_USA,10.274706221915702,10.406969,28989.000000000022,33088.426,-4099.425781249978,4099.425781249978,-14.14
13052,54872.0,90.0,Infiniti,QX50,,2025.0,4,SUV,of_Origin_Japan,10.912776703244036,10.9166975,54872.00000000005,55087.566,-215.56640624994907,215.56640624994907,-0.39
4521,56889.0,68637.0,Audi,Q7,,2023.0,6,SUV,baseline_value_here,10.948874857744693,10.973287,56889.0,58294.875,-1405.875,1405.875,-2.47
20768,58699.0,49831.0,Porsche,Macan,,2023.0,4,SUV,baseline_value_here,10.980195005816189,10.571927,58699.000000000044,39022.805,19676.195312500044,19676.195312500044,33.52
24930,27998.0,57789.0,Mercedes-Benz,CLA,,2020.0,4,Sedan,baseline_value_here,10.239924074233857,10.244417,27998.000000000007,28124.086,-126.08593749999272,126.08593749999272,-0.45
32495,20409.0,89840.0,Chevrolet,Equinox,,2023.0,4,SUV,of_Origin_USA,9.92378025580389,10.228549,20409.000000000007,27681.314,-7272.314453124993,7272.314453124993,-35.63
5023,99740.0,1906.0,Audi,Q8,,2026.0,6,SUV,baseline_value_here,11.510332105117628,11.438579,99739.99999999993,92833.96,6906.039062499927,6906.039062499927,6.92
23701,23502.0,69012.0,Volkswagen,Taos,,2023.0,4,SUV,baseline_value_here,10.064883351558928,10.496596,23501.999999999985,36191.105,-12689.105468750015,12689.105468750015,-53.99
31634,10999.0,84863.0,Mercedes-Benz,C-Class,Sedan,2012.0,4,Sedan,baseline_value_here,9.305650551780507,9.461783,10998.999999999998,12857.797,-1858.7968750000018,1858.7968750000018,-16.9
4662,18880.0,110043.0,Audi,A4,Sedan,2018.0,4,Sedan,baseline_value_here,9.845911404398532,9.863082,18879.99999999999,19206.996,-326.9960937500109,326.9960937500109,-1.73
35191,18350.0,184800.0,Ford,F-150,,2015.0,6,Pickup Truck,of_Origin_USA,9.817439347910675,9.676673,18350.000000000004,15940.371,2409.6289062500036,2409.6289062500036,13.13
12095,9499.0,152612.0,Hyundai,Santa,Fe Sport,2014.0,4,SUV,of_Origin_South Korea,9.159047077588632,9.013424,9498.999999999995,8211.593,1287.4072265624945,1287.4072265624945,13.55
29110,31995.0,232750.0,Toyota,Sienna,,2022.0,4,Minivan,of_Origin_Japan,10.373366173968712,9.869486,31994.99999999999,19330.396,12664.603515624989,12664.603515624989,39.58
27911,18995.0,73645.0,Nissan,Qashqai,,2019.0,4,SUV,of_Origin_Japan,9.851983709669012,10.0597315,18994.999999999993,23381.227,-4386.226562500007,4386.226562500007,-23.09
29710,4000.0,280000.0,Lincoln,MKX,,2008.0,4,SUV,of_Origin_USA,8.294299608857235,7.761184,4000.0000000000014,2346.683,1653.3168945312514,1653.3168945312514,41.33
10493,80321.0,1500.0,GMC,Acadia,,2026.0,4,SUV,of_Origin_USA,11.293798835013952,10.849525,80320.99999999994,51508.703,28812.29687499994,28812.29687499994,35.87
4427,37995.0,15921.0,Audi,A4,Sedan,2023.0,4,Sedan,baseline_value_here,10.545236170010073,10.488659,37994.999999999985,35904.973,2090.0273437499854,2090.0273437499854,5.5
3091,41995.0,93831.0,Volvo,XC60,Recharge,2022.0,Electric,SUV,of_Origin_Sweden,10.645329654634832,10.672918,41995.0,43169.742,-1174.7421875,1174.7421875,-2.8
12193,36888.0,15084.0,Hyundai,Tucson,,2025.0,4,SUV,of_Origin_South Korea,10.515668682606062,10.5029125,36887.99999999998,36420.426,467.5742187499782,467.5742187499782,1.27
32000,22995.0,62221.0,Toyota,Corolla,Sedan,2021.0,4,Sedan,of_Origin_Japan,10.043075566743182,10.1053705,22995.000000000015,24473.096,-1478.0957031249854,1478.0957031249854,-6.43
2773,35882.0,87383.0,Honda,Odyssey,,2022.0,6,Minivan,of_Origin_Japan,10.488018924717574,10.547802,35881.999999999985,38092.617,-2210.6171875000146,2210.6171875000146,-6.16
8124,41950.0,121976.0,Chevrolet,Colorado,,2022.0,4,Pickup Truck,of_Origin_USA,10.6442575495135,10.363353,41950.00000000003,31676.21,10273.78906250003,10273.78906250003,24.49
33649,125800.0,6500.0,Porsche,Cayenne,,2026.0,6,SUV,baseline_value_here,11.74245657234248,11.412186,125800.00000000007,90415.83,35384.17187500007,35384.17187500007,28.13
38580,40995.0,40675.0,Lexus,NX,,2021.0,4,SUV,of_Origin_Japan,10.621229779951454,10.495949,40995.00000000002,36167.68,4827.320312500022,4827.320312500022,11.78
16483,78777.0,2967.0,Lincoln,Nautilus,,2026.0,4,SUV,of_Origin_USA,11.274389049048537,10.853899,78776.99999999996,51734.477,27042.523437499956,27042.523437499956,34.33
10790,55895.0,45237.0,Genesis,GV80,,2023.0,6,SUV,of_Origin_South Korea,10.931248100232287,10.730889,55894.99999999999,45746.36,10148.640624999993,10148.640624999993,18.16
2282,13999.0,154000.0,Kia,Sorento,,2019.0,4,SUV,of_Origin_South Korea,9.546812608597396,9.554235,13999.0,14103.307,-104.306640625,104.306640625,-0.75
24884,47985.0,27446.0,Volkswagen,Atlas,,2024.0,4,SUV,baseline_value_here,10.778664580680367,10.638169,47985.000000000015,41695.367,6289.632812500015,6289.632812500015,13.11
13638,45995.0,10619.0,Jeep,Wrangler,,2025.0,6,SUV,of_Origin_USA,10.736309715168556,11.112216,45995.00000000002,66983.46,-20988.460937499978,20988.460937499978,-45.63
32733,37988.0,99000.0,Tesla,Model,Y,2022.0,Electric,Sedan,of_Origin_USA,10.545051923118718,10.425661,37988.00000000001,33712.75,4275.250000000007,4275.250000000007,11.25
4562,11995.0,174000.0,Audi,A4,,2017.0,4,Sedan,baseline_value_here,9.392328539868899,9.449787,11994.99999999999,12704.461,-709.4609375000091,709.4609375000091,-5.91
20815,29888.0,102090.0,Porsche,Macan,,2017.0,4,SUV,baseline_value_here,10.305245798712965,9.893452,29887.99999999998,19799.287,10088.712890624982,10088.712890624982,33.76
11205,33790.0,45217.0,Honda,CR-V,,2023.0,4,SUV,of_Origin_Japan,10.427949773825027,10.401884,33789.99999999999,32920.594,869.4062499999927,869.4062499999927,2.57
32496,60409.0,17300.0,Lincoln,Aviator,,2023.0,6,SUV,of_Origin_USA,11.008909933132786,10.911451,60408.999999999956,54799.32,5609.679687499956,5609.679687499956,9.29
28244,54995.0,25123.0,Chevrolet,Silverado,1500,2024.0,8,Pickup Truck,of_Origin_USA,10.915015734297125,10.90173,54995.00000000002,54269.15,725.8515625000218,725.8515625000218,1.32
29106,24888.0,109131.0,Jaguar,XJ,,2018.0,6,Sedan,of_Origin_UK,10.122181217776706,10.487584,24887.999999999985,35866.402,-10978.402343750015,10978.402343750015,-44.11
4417,78958.0,9075.0,Audi,RS3,,2025.0,5,Sedan,baseline_value_here,11.276684009386841,11.009275,78957.99999999994,60431.086,18526.91406249994,18526.91406249994,23.46
35786,25995.0,95624.0,Acura,MDX,,2019.0,6,SUV,of_Origin_Japan,10.16569795901424,10.318767,25995.00000000002,30294.867,-4299.867187499982,4299.867187499982,-16.54
8384,37988.0,47969.0,Chrysler,Pacifica,,2024.0,6,Minivan,of_Origin_USA,10.545051923118718,10.575812,37988.00000000001,39174.715,-1186.7148437499927,1186.7148437499927,-3.12
10830,86995.0,3700.0,Genesis,G80,,2026.0,4,Sedan,of_Origin_South Korea,11.373617419568252,10.556113,86995.00000000001,38410.543,48584.457031250015,48584.457031250015,55.85
31034,3750.0,295400.0,Honda,Civic,Coupe,2012.0,4,Sedan,of_Origin_Japan,8.229777750081887,8.272498,3749.9999999999977,3913.7163,-163.71630859375227,163.71630859375227,-4.37
26958,16990.0,80565.0,Hyundai,Santa,Fe XL,2018.0,4,SUV,of_Origin_South Korea,9.740439071085758,9.751165,16989.99999999999,17173.232,-183.2324218750109,183.2324218750109,-1.08
11990,29522.0,16270.0,Hyundai,Tucson,,2024.0,4,SUV,of_Origin_South Korea,10.292924899567096,10.400002,29522.000000000015,32858.676,-3336.6757812499854,3336.6757812499854,-11.3
14059,46995.0,9078.0,Kia,Sorento,,2024.0,4,SUV,of_Origin_South Korea,10.757817770687463,10.451703,46995.00000000001,34602.258,12392.742187500007,12392.742187500007,26.37
37072,16777.0,202000.0,Subaru,Outback,,2022.0,4,SUV,of_Origin_Japan,9.72782378340624,9.858864,16777.000000000004,19126.145,-2349.1445312499964,2349.1445312499964,-14.0
25545,26888.0,62016.0,Audi,Q3,,2022.0,4,SUV,baseline_value_here,10.199472560025471,10.432801,26888.0,33954.336,-7066.3359375,7066.3359375,-26.28
30455,36995.0,10610.0,Mazda,MX-5,Miata Roadster,2022.0,4,baseline_value_here,of_Origin_Japan,10.51856507767415,10.3945465,36994.99999999999,32679.914,4315.085937499993,4315.085937499993,11.66
621,19888.0,142683.0,Audi,Q5,,2019.0,4,SUV,baseline_value_here,9.897922094063247,9.933144,19888.000000000015,20601.004,-713.0039062499854,713.0039062499854,-3.59
6602,12995.0,194000.0,Buick,Encore,,2017.0,4,SUV,of_Origin_USA,9.472396896788991,9.186921,12995.000000000005,9767.528,3227.4716796875055,3227.4716796875055,24.84
15442,41250.0,21000.0,Lexus,UX,,2024.0,4,SUV,of_Origin_Japan,10.627430633893226,10.684903,41249.999999999985,43690.25,-2440.2500000000146,2440.2500000000146,-5.92
30092,16999.0,98399.0,Subaru,Outback,,2016.0,4,SUV,of_Origin_Japan,9.740968623038354,9.662234,16999.00000000001,15711.853,1287.147460937511,1287.147460937511,7.57
8085,17888.0,73139.0,Chevrolet,Volt,,2018.0,4,Hatchback,of_Origin_USA,9.791941277791215,9.577514,17887.999999999996,14435.481,3452.5185546874964,3452.5185546874964,19.3
22494,31900.0,115000.0,Tesla,Model,Y,2021.0,Electric,Sedan,of_Origin_USA,10.370392636243981,10.25216,31899.99999999999,28342.701,3557.298828124989,3557.298828124989,11.15
13456,24399.0,190332.0,Jeep,Grand,Cherokee,2021.0,6,SUV,of_Origin_USA,10.102338411281293,10.142822,24398.999999999996,25407.074,-1008.0742187500036,1008.0742187500036,-4.13
17030,62612.0,90.0,MINI,Countryman,,2027.0,4,SUV,of_Origin_UK,11.044728203259861,11.010478,62612.00000000005,60503.8,2108.199218750051,2108.199218750051,3.37
32688,16990.0,120456.0,Hyundai,Santa,Fe,2019.0,4,SUV,of_Origin_South Korea,9.740439071085758,9.717095,16989.99999999999,16597.96,392.0390624999891,392.0390624999891,2.31
1299,42498.0,129741.0,Ford,F-150,,2022.0,6,Pickup Truck,of_Origin_USA,10.657235825223923,10.542779,42498.00000000002,37901.75,4596.250000000022,4596.250000000022,10.82
536,40995.0,79096.0,Lexus,NX,,2023.0,4,SUV,of_Origin_Japan,10.621229779951454,10.559253,40995.00000000002,38531.324,2463.675781250022,2463.675781250022,6.01
25532,34900.0,35755.0,Honda,CR-V,,2022.0,4,SUV,of_Origin_Japan,10.460270761075149,10.351857,34899.99999999998,31314.146,3585.853515624978,3585.853515624978,10.27
8564,40995.0,41297.0,Chrysler,Pacifica,,2024.0,6,Minivan,of_Origin_USA,10.621229779951454,10.611081,40995.00000000002,40581.05,413.9492187500218,413.9492187500218,1.01
31176,24770.0,58118.0,Chevrolet,Equinox,,2022.0,4,SUV,of_Origin_USA,10.117428893085538,10.289325,24770.0,29415.904,-4645.904296875,4645.904296875,-18.76
28085,10000.0,109422.0,Ford,Escape,,2015.0,4,SUV,of_Origin_USA,9.210440366976517,9.257066,10000.00000000001,10477.343,-477.3427734374909,477.3427734374909,-4.77
21942,29588.0,5804.0,Subaru,Crosstrek,,2024.0,4,SUV,of_Origin_Japan,10.295157949622103,10.49198,29588.000000000004,36024.402,-6436.402343749996,6436.402343749996,-21.75
11283,32798.0,58487.0,Honda,CR-V,,2023.0,4,SUV,of_Origin_Japan,10.398153306102595,10.370168,32798.0,31892.826,905.173828125,905.173828125,2.76
4002,42893.0,41360.0,Acura,RDX,,2024.0,4,SUV,of_Origin_Japan,10.666487234994907,10.407823,42893.000000000015,33116.684,9776.316406250015,9776.316406250015,22.79
38155,25695.0,37790.0,Nissan,Rogue,,2024.0,4,SUV,of_Origin_Japan,10.154090616746489,10.362362,25695.00000000001,31644.838,-5949.837890624989,5949.837890624989,-23.16
23539,29998.0,39583.0,Volkswagen,Tiguan,,2024.0,4,SUV,baseline_value_here,10.308919326755392,10.584536,29998.000000000025,39517.95,-9519.949218749975,9519.949218749975,-31.74
20662,69900.0,57659.0,Porsche,Panamera,,2019.0,6,Sedan,baseline_value_here,11.154835234271214,10.861897,69899.99999999996,52149.938,17750.062499999956,17750.062499999956,25.39
26306,39998.0,61278.0,Toyota,RAV,4,2021.0,4,SUV,of_Origin_Japan,10.596609732783568,10.476544,39997.99999999999,35472.613,4525.386718749993,4525.386718749993,11.31
31144,13995.0,81716.0,Nissan,Sentra,,2018.0,4,Sedan,of_Origin_Japan,9.54652685348758,9.900095,13995.00000000001,19931.264,-5936.263671874991,5936.263671874991,-42.42
27031,30995.0,98451.0,Hyundai,TUCSON,,2024.0,4,SUV,of_Origin_South Korea,10.34161344288384,10.306081,30994.99999999999,29912.969,1082.031249999989,1082.031249999989,3.49
11187,30950.0,105000.0,Honda,Odyssey,,2020.0,6,Minivan,of_Origin_Japan,10.340160587768485,10.363262,30949.999999999996,31673.34,-723.3398437500036,723.3398437500036,-2.34
18556,27998.0,57789.0,Mercedes-Benz,CLA,,2020.0,4,Sedan,baseline_value_here,10.239924074233857,10.268561,27998.000000000007,28811.406,-813.4062499999927,813.4062499999927,-2.91
179,42000.0,55500.0,Toyota,Sienna,,2021.0,4,Minivan,of_Origin_Japan,10.645448706505872,10.651157,41999.99999999999,42240.457,-240.45703125000728,240.45703125000728,-0.57
27950,9888.0,105507.0,Hyundai,Veloster,,2016.0,4,Hatchback,of_Origin_South Korea,9.19917830726999,9.147605,9887.999999999998,9390.919,497.0810546874982,497.0810546874982,5.03
4070,40795.0,13032.0,Acura,ADX,,2025.0,4,SUV,of_Origin_Japan,10.616339316370409,10.662944,40795.00000000001,42741.277,-1946.2773437499927,1946.2773437499927,-4.77
22067,29500.0,32030.0,Subaru,Crosstrek,,2024.0,4,SUV,of_Origin_Japan,10.292179440058462,10.425699,29500.000000000007,33714.04,-4214.039062499993,4214.039062499993,-14.28
20980,78995.0,20296.0,RAM,1500,,2025.0,baseline_value_here,baseline_value_here,of_Origin_USA,11.277152497255877,10.9022875,78994.99999999996,54299.434,24695.566406249956,24695.566406249956,31.26
32854,22888.0,70752.0,Toyota,Corolla,Sedan,2023.0,4,Sedan,of_Origin_Japan,10.038411724792649,10.163437,22888.000000000015,25936.287,-3048.2871093749854,3048.2871093749854,-13.32
37888,10300.0,205340.0,Audi,Q7,,2015.0,6,SUV,baseline_value_here,9.239996256883693,9.459136,10299.999999999993,12823.799,-2523.7988281250073,2523.7988281250073,-24.5
31362,58900.0,71259.0,BMW,M4,,2018.0,6,Coupe,baseline_value_here,10.983613347424248,10.682734,58900.000000000015,43595.56,15304.441406250015,15304.441406250015,25.98
21817,6990.0,189906.0,Subaru,Forester,,2013.0,4,SUV,of_Origin_Japan,8.852378886511985,9.143851,6990.000000000002,9355.731,-2365.731445312498,2365.731445312498,-33.84
24600,31500.0,92170.0,Volvo,XC60,,2021.0,4,SUV,of_Origin_Sweden,10.357774570341576,10.3391905,31499.999999999996,30919.988,580.0117187499964,580.0117187499964,1.84
2969,38900.0,57168.0,Ford,F-150,,2022.0,6,Pickup Truck,of_Origin_USA,10.568775236216993,10.8087015,38899.99999999996,49448.22,-10548.218750000036,10548.218750000036,-27.12
4287,33795.0,51723.0,Acura,RDX,,2020.0,4,SUV,of_Origin_Japan,10.428097731272736,10.258163,33795.000000000015,28513.37,5281.630859375015,5281.630859375015,15.63
16263,17995.0,130667.0,Lincoln,MKX,,2017.0,4,SUV,of_Origin_USA,9.797904789961063,9.571593,17994.999999999996,14350.264,3644.7363281249964,3644.7363281249964,20.25
33740,15980.0,136877.0,Honda,Accord,Sedan,2016.0,4,Coupe,of_Origin_Japan,9.679155795585109,9.570329,15979.999999999996,14332.127,1647.8730468749964,1647.8730468749964,10.31
17711,8880.0,199992.0,Mazda,Mazda3,,2014.0,4,Sedan,of_Origin_Japan,9.091669442258505,9.109191,8880.000000000007,9036.9795,-156.97949218749272,156.97949218749272,-1.77
33759,17999.0,93811.0,Hyundai,Tucson,,2020.0,4,SUV,of_Origin_South Korea,9.798127036878302,9.93726,17999.000000000007,20685.977,-2686.9765624999927,2686.9765624999927,-14.93
14074,43988.0,40403.0,Kia,Carnival,,2025.0,4,Minivan,of_Origin_South Korea,10.691694881645189,10.715972,43988.0,45068.992,-1080.9921875,1080.9921875,-2.46
31205,16250.0,137000.0,Nissan,Murano,,2018.0,6,SUV,of_Origin_Japan,9.69590972432601,10.002295,16250.000000000011,22076.064,-5826.064453124989,5826.064453124989,-35.85
18977,42662.0,1936.0,Mitsubishi,Outlander,,2026.0,4,SUV,of_Origin_Japan,10.661087313040806,10.774171,42662.0,47769.848,-5107.84765625,5107.84765625,-11.97
1755,50740.0,300.0,Honda,CR-V,Hybrid,2026.0,4,SUV,of_Origin_Japan,10.834489541275977,10.91445,50740.000000000015,54963.88,-4223.878906249985,4223.878906249985,-8.32
1454,45329.0,54740.0,Toyota,Tacoma,,2022.0,4,Pickup Truck,of_Origin_Japan,10.721724343934895,10.684413,45328.99999999999,43668.84,1660.1601562499927,1660.1601562499927,3.66
25717,17998.0,132477.0,Mazda,CX-30,,2020.0,4,SUV,of_Origin_Japan,9.798071479779479,9.983417,17997.99999999999,21663.203,-3665.203125000011,3665.203125000011,-20.36
7657,45151.0,15.0,Chevrolet,Bolt,,2027.0,Electric,Hatchback,of_Origin_USA,10.71778985465254,10.624402,45151.0,41125.258,4025.7421875,4025.7421875,8.92
4363,52848.0,74372.0,Audi,SQ5,,2024.0,6,SUV,baseline_value_here,10.875194069643495,10.969233,52847.99999999999,58059.02,-5211.019531250007,5211.019531250007,-9.86
270,23689.0,59216.0,Volkswagen,Taos,,2024.0,4,SUV,baseline_value_here,10.07280829715283,10.56804,23688.999999999985,38871.406,-15182.406250000015,15182.406250000015,-64.09
18714,18888.0,86784.0,Mercedes-Benz,C-Class,Sedan,2016.0,6,Sedan,baseline_value_here,9.84633502103182,10.240886,18888.0,28024.94,-9136.939453125,9136.939453125,-48.37
13518,15887.0,134828.0,Jeep,Cherokee,,2018.0,4,SUV,of_Origin_USA,9.673319386284954,9.691917,15886.999999999996,16185.25,-298.25000000000364,298.25000000000364,-1.88
29143,35999.0,84287.0,Toyota,RAV,4 Hybrid,2024.0,4,SUV,of_Origin_Japan,10.491274217438248,10.546968,35999.00000000002,38060.88,-2061.878906249978,2061.878906249978,-5.73
13369,55675.0,1456.0,Jeep,Cherokee,,2026.0,4,SUV,of_Origin_USA,10.927304453347292,10.943838,55675.00000000002,56603.18,-928.1796874999782,928.1796874999782,-1.67
32793,27783.0,29808.0,Toyota,Corolla,Sedan,2025.0,4,Sedan,of_Origin_Japan,10.23221559442391,10.315367,27782.99999999998,30192.041,-2409.041015625018,2409.041015625018,-8.67
31079,33980.0,194282.0,Volvo,XC60,Recharge,2022.0,Electric,SUV,of_Origin_Sweden,10.433556823868823,10.283001,33980.0,29230.465,4749.53515625,4749.53515625,13.98
15594,23985.0,133814.0,Lexus,NX,,2017.0,4,SUV,of_Origin_Japan,10.085225605791667,9.763879,23985.000000000015,17392.969,6592.031250000015,6592.031250000015,27.48
38720,36097.0,15.0,Chevrolet,Bolt,EV,2027.0,Electric,Hatchback,of_Origin_USA,10.493992741124194,10.624402,36096.99999999999,41125.258,-5028.257812500007,5028.257812500007,-13.93
33623,19900.0,78841.0,Mercedes-Benz,B-Class,,2018.0,4,Hatchback,baseline_value_here,9.898525260706313,9.857985,19899.999999999993,19109.334,790.6660156249927,790.6660156249927,3.97
35632,32438.0,45883.0,Mazda,CX-5,,2024.0,4,SUV,of_Origin_Japan,10.387116681613646,10.395434,32437.99999999998,32708.943,-270.9433593750182,270.9433593750182,-0.84
14740,14880.0,129534.0,Land,Rover,Discovery Sport,2019.0,4,SUV,baseline_value_here,9.60784051043005,9.984769,14879.999999999993,21692.52,-6812.519531250007,6812.519531250007,-45.78
10955,77397.0,8091.0,Genesis,GV80,,2026.0,6,SUV,of_Origin_South Korea,11.256716219450684,11.208081,77397.00000000004,73722.82,3674.1796875000437,3674.1796875000437,4.75
29198,6995.0,217019.0,Toyota,Highlander,,2008.0,6,SUV,of_Origin_Japan,8.853093836138493,8.703114,6995.000000000002,6020.632,974.3681640625018,974.3681640625018,13.93
22221,32895.0,46993.0,Subaru,Forester,,2024.0,4,SUV,of_Origin_Japan,10.401106348814837,10.3987255,32895.0,32816.773,78.2265625,78.2265625,0.24
8691,31995.0,107492.0,Chrysler,Pacifica,,2022.0,6,Minivan,of_Origin_USA,10.373366173968712,10.29759,31994.99999999999,29660.057,2334.943359374989,2334.943359374989,7.3
2574,29995.0,58770.0,Honda,CR-V,,2023.0,4,SUV,of_Origin_Japan,10.30881931842128,10.366016,29995.000000000007,31760.7,-1765.6992187499927,1765.6992187499927,-5.89
28114,24995.0,114603.0,Ford,Transit,Connect,2020.0,6,Van,of_Origin_USA,10.126471091048971,10.201948,24994.999999999978,26954.648,-1959.6484375000218,1959.6484375000218,-7.84
15233,55000.0,19999.0,Land,Rover,Discovery Sport,2025.0,4,SUV,baseline_value_here,10.915106645867503,10.768002,55000.00000000004,47476.043,7523.957031250036,7523.957031250036,13.68
87,43995.0,18425.0,Toyota,RAV,4 Hybrid,2024.0,4,SUV,of_Origin_Japan,10.691853999677008,10.687895,43995.00000000003,43821.156,173.8437500000291,173.8437500000291,0.4
36405,24996.0,94171.0,Honda,Accord,Sedan,2021.0,4,Sedan,of_Origin_Japan,10.126511096649761,10.006479,24995.999999999978,22168.645,2827.355468749978,2827.355468749978,11.31
11303,31795.0,109330.0,Honda,CR-V,,2023.0,4,SUV,of_Origin_Japan,10.367095774693004,10.222949,31795.000000000022,27526.727,4268.273437500022,4268.273437500022,13.42
31088,41985.0,25535.0,Audi,Q5,,2024.0,4,SUV,baseline_value_here,10.645091508364267,10.646833,41984.99999999997,42058.2,-73.1992187500291,73.1992187500291,-0.17
4384,32528.0,62290.0,Audi,Q5,,2023.0,4,SUV,baseline_value_here,10.389887278140291,10.520058,32527.99999999998,37050.26,-4522.261718750018,4522.261718750018,-13.9
7338,40990.0,40167.0,Cadillac,XT4,,2024.0,4,SUV,of_Origin_USA,10.621107809394994,10.382969,40989.99999999997,32303.729,8686.27148437497,8686.27148437497,21.19
32769,28988.0,82260.0,Hyundai,Tucson,Hybrid,2022.0,4,SUV,of_Origin_South Korea,10.274671726667417,10.281991,28987.999999999978,29200.957,-212.95703125002183,212.95703125002183,-0.73
38799,30988.0,127380.0,RAM,1500,Classic,2023.0,baseline_value_here,baseline_value_here,of_Origin_USA,10.341387581787455,10.452409,30988.000000000015,34626.684,-3638.6835937499854,3638.6835937499854,-11.74
26051,41399.0,86660.0,BMW,M2,,2018.0,6,Coupe,baseline_value_here,10.631036159813405,10.344226,41398.99999999997,31076.082,10322.91796874997,10322.91796874997,24.94
15669,48047.0,300.0,Lexus,UX,,2026.0,4,SUV,of_Origin_Japan,10.779955790223111,10.91445,48046.99999999998,54963.88,-6916.878906250022,6916.878906250022,-14.4
8504,27987.0,98099.0,Chrysler,Pacifica,,2023.0,6,Minivan,of_Origin_USA,10.239531125865787,10.384903,27986.999999999978,32366.268,-4379.267578125022,4379.267578125022,-15.65
26437,11950.0,143759.0,Audi,A5,,2013.0,6,Coupe,baseline_value_here,9.388570235866881,9.7532625,11950.000000000004,17209.287,-5259.287109374996,5259.287109374996,-44.01
31206,130000.0,40000.0,BMW,X6,M,2024.0,6,SUV,baseline_value_here,11.775297421715827,11.182488,130000.00000000009,71859.96,58140.03906250009,58140.03906250009,44.72
25372,34995.0,74316.0,Honda,CR-V,Hybrid,2024.0,4,SUV,of_Origin_Japan,10.462989048226156,10.583566,34995.00000000002,39479.64,-4484.640624999978,4484.640624999978,-12.82
17786,27999.0,99988.0,Mazda,CX-5,,2022.0,4,SUV,of_Origin_Japan,10.239959789157341,10.191179,27999.000000000004,26665.924,1333.0761718750036,1333.0761718750036,4.76
34172,6800.0,340000.0,Toyota,Sienna,,2011.0,6,Minivan,of_Origin_Japan,8.824824939175638,8.781902,6799.999999999996,6514.2593,285.74072265624636,285.74072265624636,4.2
2216,42498.0,9018.0,Audi,Q3,,2025.0,4,SUV,baseline_value_here,10.657235825223923,10.911913,42498.00000000002,54824.62,-12326.621093749978,12326.621093749978,-29.01
25737,38600.0,72682.0,Toyota,Highlander,,2021.0,6,SUV,of_Origin_Japan,10.5610334618531,10.551285,38600.0,38225.52,374.48046875,374.48046875,0.97
27098,22000.0,163000.0,Ford,F-150,,2015.0,6,Pickup Truck,of_Origin_USA,9.99884318585288,9.727454,21999.999999999993,16770.8,5229.199218749993,5229.199218749993,23.77
20489,25995.0,36303.0,Nissan,Rogue,,2023.0,4,SUV,of_Origin_Japan,10.16569795901424,10.335164,25995.00000000002,30795.738,-4800.738281249982,4800.738281249982,-18.47
4159,29988.0,98000.0,Acura,RDX,,2019.0,4,SUV,of_Origin_Japan,10.308585926738967,10.038536,29988.00000000001,22890.846,7097.154296875011,7097.154296875011,23.67
28288,46900.0,31690.0,BMW,3,Series,2023.0,baseline_value_here,baseline_value_here,baseline_value_here,10.75579427616868,10.915618,46899.99999999996,55028.13,-8128.128906250036,8128.128906250036,-17.33
17180,25950.0,59525.0,MINI,Countryman,,2021.0,4,SUV,of_Origin_UK,10.163965423497029,10.2391405,25950.000000000022,27976.07,-2026.0703124999782,2026.0703124999782,-7.81
33573,56800.0,55132.0,Ford,Transit,Cargo Van,2023.0,6,Van,of_Origin_USA,10.947309210188068,10.673869,56800.000000000015,43210.812,13589.187500000015,13589.187500000015,23.92
28391,61248.0,12191.0,Cadillac,XT4,,2025.0,4,SUV,of_Origin_USA,11.022702801743081,10.690757,61247.99999999997,43946.754,17301.24609374997,17301.24609374997,28.25
31189,5000.0,171000.0,Hyundai,Veloster,,2013.0,4,Hatchback,of_Origin_South Korea,8.517393171418904,8.580512,5000.000000000003,5325.8325,-325.83251953124727,325.83251953124727,-6.52
20889,39499.0,128912.0,Porsche,Boxster,,2013.0,6,baseline_value_here,baseline_value_here,10.584055950889214,9.754385,39499.00000000002,17228.615,22270.384765625022,22270.384765625022,56.38
8625,31997.0,83218.0,Chrysler,Grand,Caravan,2024.0,6,Minivan,of_Origin_USA,10.373428679828658,10.433425,31997.000000000022,33975.52,-1978.5195312499782,1978.5195312499782,-6.18
16829,72345.0,250.0,Lincoln,Nautilus,,2026.0,4,SUV,of_Origin_USA,11.189215443730982,10.967007,72344.99999999997,57929.93,14415.07031249997,14415.07031249997,19.93
429,41888.0,78246.0,Mercedes-Benz,GLC,,2023.0,4,SUV,baseline_value_here,10.642778541610305,10.44214,41888.00000000002,34272.906,7615.093750000022,7615.093750000022,18.18
31302,83875.0,499.0,Ford,F-150,,2026.0,6,Pickup Truck,of_Origin_USA,11.337094796706635,11.394631,83874.99999999993,88842.48,-4967.476562500073,4967.476562500073,-5.92
29441,16816.0,122000.0,Hyundai,Tucson,,2021.0,4,SUV,of_Origin_South Korea,9.73014555852275,9.869426,16816.000000000004,19329.236,-2513.2363281249964,2513.2363281249964,-14.95
29938,14999.0,138884.0,GMC,Sierra,1500,2015.0,8,Pickup Truck,of_Origin_USA,9.615805480084347,10.021567,14999.000000000004,22505.678,-7506.677734374996,7506.677734374996,-50.05
21174,39990.0,65536.0,RAM,1500,Classic,2022.0,baseline_value_here,baseline_value_here,of_Origin_USA,10.596409707779776,10.593198,39989.99999999999,39861.758,128.24218749999272,128.24218749999272,0.32
31655,51640.0,300.0,Honda,CR-V,Hybrid,2026.0,4,SUV,of_Origin_Japan,10.852071209606546,10.91445,51640.00000000004,54963.88,-3323.8789062499636,3323.8789062499636,-6.44
31223,8000.0,82840.0,Dodge,Journey,,2013.0,4,SUV,of_Origin_USA,8.987321812850125,9.186802,8000.0000000000055,9766.364,-1766.3642578124945,1766.3642578124945,-22.08
35691,35910.0,74046.0,RAM,1500,Classic,2023.0,baseline_value_here,baseline_value_here,of_Origin_USA,10.488798934228665,10.655257,35909.99999999999,42413.996,-6503.996093750007,6503.996093750007,-18.11
815,31999.0,57993.0,Ford,Mustang,Mach-E,2023.0,Electric,SUV,of_Origin_USA,10.373491181781864,10.744358,31999.000000000007,46366.684,-14367.683593749993,14367.683593749993,-44.9
38055,12999.0,149407.0,Honda,CR-V,,2014.0,4,SUV,of_Origin_Japan,9.472704636443673,9.315985,12998.99999999999,11113.266,1885.734374999991,1885.734374999991,14.51
4481,33998.0,73640.0,Audi,Q5,,2022.0,4,SUV,baseline_value_here,10.434086391401058,10.412386,33997.99999999999,33268.152,729.8476562499927,729.8476562499927,2.15
22618,33990.0,33187.0,Tesla,Model,3,2023.0,Electric,Sedan,of_Origin_USA,10.43385106267516,10.682683,33990.00000000001,43593.355,-9603.355468749993,9603.355468749993,-28.25
26445,66888.0,75000.0,Mercedes-Benz,GLE,,2023.0,6,SUV,baseline_value_here,11.110789808082927,11.058672,66888.00000000001,63491.176,3396.8242187500146,3396.8242187500146,5.08
24571,25588.0,103852.0,Volvo,XC60,,2020.0,4,SUV,of_Origin_Sweden,10.149917850625528,10.255578,25588.00000000002,28439.744,-2851.744140624982,2851.744140624982,-11.14
4265,22700.0,112306.0,Acura,RDX,,2017.0,6,SUV,of_Origin_Japan,10.030164255362632,9.97471,22700.000000000007,21475.412,1224.5878906250073,1224.5878906250073,5.39
32791,82895.0,5862.0,Infiniti,QX80,,2026.0,8,SUV,of_Origin_Japan,11.325342089054569,11.419521,82894.99999999996,91081.53,-8186.531250000044,8186.531250000044,-9.88
13623,26999.0,105985.0,Jeep,Wrangler,,2023.0,6,SUV,of_Origin_USA,10.203592144986466,10.586797,26998.999999999996,39607.41,-12608.410156250004,12608.410156250004,-46.7
15514,59500.0,5996.0,Lexus,NX,,2026.0,4,SUV,of_Origin_Japan,10.993748398115178,10.734203,59499.99999999996,45898.22,13601.781249999964,13601.781249999964,22.86
28593,13999.0,202000.0,Toyota,Prius,Prime,2018.0,4,Hatchback,of_Origin_Japan,9.546812608597396,9.565797,13999.0,14267.318,-268.318359375,268.318359375,-1.92
35740,23495.0,55635.0,Honda,Civic,Sedan,2021.0,4,Sedan,of_Origin_Japan,10.064585472878456,10.125906,23494.999999999993,24980.879,-1485.8789062500073,1485.8789062500073,-6.32
20281,6888.0,222573.0,Nissan,Rogue,,2018.0,4,SUV,of_Origin_Japan,8.837681215593197,9.447273,6888.000000000005,12672.561,-5784.560546874995,5784.560546874995,-83.98
11093,31026.0,36310.0,Honda,CR-V,,2024.0,4,SUV,of_Origin_Japan,10.342613072136906,10.431596,31026.000000000022,33913.43,-2887.429687499978,2887.429687499978,-9.31
719,44900.0,31440.0,Hyundai,Santa,Cruz,2025.0,4,Pickup Truck,of_Origin_South Korea,10.712215345197256,10.721345,44899.99999999997,45311.805,-411.8046875000291,411.8046875000291,-0.92
4359,34958.0,28188.0,Audi,A4,Sedan,2023.0,4,Sedan,baseline_value_here,10.461931225241374,10.44606,34958.00000000003,34407.543,550.4570312500291,550.4570312500291,1.57
24662,41999.0,34466.0,Volvo,XC40,,2024.0,4,SUV,of_Origin_Sweden,10.645424897265505,10.731972,41998.99999999998,45795.902,-3796.902343750022,3796.902343750022,-9.04
35769,13986.0,124509.0,Nissan,Qashqai,,2017.0,4,SUV,of_Origin_Japan,9.545883605779304,9.787564,13986.0,17809.871,-3823.87109375,3823.87109375,-27.34
37652,50498.0,10.0,Chrysler,Pacifica,,2027.0,6,Minivan,of_Origin_USA,10.82970881308719,10.894717,50497.999999999956,53889.918,-3391.9179687500437,3391.9179687500437,-6.72
29278,20995.0,137560.0,Mazda,CX-9,,2018.0,4,SUV,of_Origin_Japan,9.95208722237219,9.824253,20995.000000000004,18475.465,2519.5351562500036,2519.5351562500036,12.0
22465,35888.0,114188.0,Tesla,Model,Y,2021.0,Electric,Sedan,of_Origin_USA,10.488186120839014,10.257304,35888.00000000001,28488.879,7399.121093750007,7399.121093750007,20.62
25665,26985.0,29582.0,Volkswagen,Tiguan,,2022.0,4,SUV,baseline_value_here,10.203073491990732,10.552193,26984.999999999996,38260.242,-11275.242187500004,11275.242187500004,-41.78
37669,20599.0,124537.0,Subaru,WRX,,2018.0,4,Sedan,of_Origin_Japan,9.933046354777673,9.789398,20599.00000000001,17842.564,2756.435546875011,2756.435546875011,13.38
14029,38388.0,9101.0,Kia,Sorento,,2025.0,4,SUV,of_Origin_South Korea,10.55552623920546,10.611162,38388.0,40584.34,-2196.33984375,2196.33984375,-5.72
4864,66939.0,1800.0,Audi,Q3,,2026.0,4,SUV,baseline_value_here,11.111551974765318,11.017565,66939.00000000001,60934.11,6004.890625000015,6004.890625000015,8.97
13041,69990.0,90.0,Infiniti,QX60,,2025.0,6,SUV,of_Origin_Japan,11.15612194133691,11.181949,69989.99999999997,71821.18,-1831.179687500029,1831.179687500029,-2.62
17374,39970.0,19898.0,MINI,3,Door,2024.0,baseline_value_here,baseline_value_here,of_Origin_UK,10.595909470156478,10.440896,39969.99999999999,34230.312,5739.687499999993,5739.687499999993,14.36
27999,15490.0,185575.0,Toyota,Prius,,2019.0,4,Hatchback,of_Origin_Japan,9.648014489106362,9.7312565,15489.99999999999,16834.693,-1344.693359375009,1344.693359375009,-8.68
3059,50788.0,23133.0,Honda,Odyssey,,2024.0,6,Minivan,of_Origin_Japan,10.835435074686321,10.794235,50788.000000000044,48738.02,2049.9804687500437,2049.9804687500437,4.04
28696,29590.0,48031.0,Kia,Sportage,,2024.0,4,SUV,of_Origin_South Korea,10.295225540024292,10.244464,29590.00000000001,28125.4,1464.599609375011,1464.599609375011,4.95
15350,10999.0,168918.0,Lexus,ES,,2011.0,4,Sedan,of_Origin_Japan,9.305650551780507,8.919436,10998.999999999998,7474.875,3524.124999999998,3524.124999999998,32.04
29616,20999.0,130300.0,RAM,1500,,2018.0,baseline_value_here,baseline_value_here,of_Origin_USA,9.95227771670556,10.008544,20998.999999999985,22214.465,-1215.4648437500146,1215.4648437500146,-5.79
4268,27888.0,113329.0,Acura,MDX,,2020.0,6,SUV,of_Origin_Japan,10.23598762483351,10.268046,27888.00000000002,28796.572,-908.5722656249818,908.5722656249818,-3.26
31943,51640.0,300.0,Honda,CR-V,Hybrid,2026.0,4,SUV,of_Origin_Japan,10.852071209606546,10.91445,51640.00000000004,54963.88,-3323.8789062499636,3323.8789062499636,-6.44
10119,42480.0,38212.0,GMC,Savana,Cargo Van,2024.0,6,Van,of_Origin_USA,10.65681219612839,10.679532,42480.00000000003,43456.21,-976.2109374999709,976.2109374999709,-2.3
14826,39988.0,63000.0,Land,Rover,Range Rover Sport,2018.0,6,SUV,baseline_value_here,10.59635969527664,10.591138,39987.99999999999,39779.73,208.26953124999272,208.26953124999272,0.52
37749,10424.0,142458.0,Ford,Escape,,2017.0,4,SUV,of_Origin_USA,9.251962046667002,9.526071,10423.999999999995,13711.603,-3287.6025390625055,3287.6025390625055,-31.54
11021,12990.0,184291.0,Honda,Civic,Sedan,2018.0,4,Sedan,of_Origin_Japan,9.472012088995733,9.423847,12990.0,12379.119,610.880859375,610.880859375,4.7
2234,29800.0,98253.0,Lexus,RX,,2016.0,4,SUV,of_Origin_Japan,10.30229722897745,9.662234,29799.999999999975,15711.853,14088.147460937475,14088.147460937475,47.28
21857,5988.0,194195.0,Subaru,Impreza,,2013.0,4,Sedan,of_Origin_Japan,8.697679732264463,9.014432,5988.000000000005,8219.875,-2231.8749999999955,2231.8749999999955,-37.27
2637,21988.0,13102.0,Nissan,Kicks,Play,2025.0,4,SUV,of_Origin_Japan,9.99829760729877,10.662944,21987.999999999996,42741.277,-20753.277343750004,20753.277343750004,-94.38
19420,30250.0,56442.0,Mitsubishi,Outlander,,2024.0,4,SUV,of_Origin_Japan,10.31728452076383,10.396048,30250.000000000025,32729.008,-2479.0078124999745,2479.0078124999745,-8.2
36690,24995.0,76971.0,Toyota,Corolla,,2023.0,4,Sedan,of_Origin_Japan,10.126471091048971,10.133196,24994.999999999978,25163.66,-168.66015625002183,168.66015625002183,-0.67
1389,31995.0,86206.0,Chrysler,Pacifica,,2024.0,6,Minivan,of_Origin_USA,10.373366173968712,10.430659,31994.99999999999,33881.68,-1886.679687500011,1886.679687500011,-5.9
26640,20963.0,125492.0,Mazda,CX-5,,2021.0,4,SUV,of_Origin_Japan,9.950561959922057,10.054527,20963.0,23259.857,-2296.857421875,2296.857421875,-10.96
3921,50495.0,37121.0,Acura,MDX,,2024.0,6,SUV,of_Origin_Japan,10.829649404205545,10.886957,50494.99999999996,53473.34,-2978.3398437500364,2978.3398437500364,-5.9
31490,48694.0,95000.0,Ford,F-150,,2022.0,6,Pickup Truck,of_Origin_USA,10.7933316343953,10.715852,48693.99999999998,45063.58,3630.421874999978,3630.421874999978,7.46
22596,23990.0,141725.0,Tesla,Model,3,2022.0,Electric,Sedan,of_Origin_USA,10.085434038999999,10.282479,23989.999999999985,29215.219,-5225.218750000015,5225.218750000015,-21.78
32609,23495.0,31189.0,Hyundai,Elantra,,2025.0,4,Sedan,of_Origin_South Korea,10.064585472878456,10.242774,23494.999999999993,28077.908,-4582.908203125007,4582.908203125007,-19.51
26235,56989.0,33642.0,Audi,SQ5,,2024.0,6,SUV,baseline_value_here,10.950631092829045,11.115235,56989.00000000001,67186.016,-10197.015624999993,10197.015624999993,-17.89
18048,31439.0,12.0,Mazda,Mazda3,Sport,2025.0,4,Sedan,of_Origin_Japan,10.355836246543143,10.513122,31439.000000000015,36794.16,-5355.160156249985,5355.160156249985,-17.03
11116,27495.0,35118.0,Honda,Civic,Sedan,2024.0,4,Sedan,of_Origin_Japan,10.22179581852967,10.255229,27494.99999999998,28429.818,-934.8183593750182,934.8183593750182,-3.4
37538,56000.0,35000.0,Mercedes-Benz,CLA,,2022.0,4,Sedan,baseline_value_here,10.933124826700707,10.383958,56000.000000000044,32335.693,23664.306640625044,23664.306640625044,42.26
24626,22985.0,105222.0,Volvo,XC90,,2016.0,4,SUV,of_Origin_Sweden,10.042640613928704,9.792559,22984.999999999996,17899.049,5085.951171874996,5085.951171874996,22.13
22565,35490.0,71122.0,Tesla,Model,3,2023.0,Electric,Sedan,of_Origin_USA,10.477034422194833,10.562973,35490.00000000001,38674.94,-3184.9414062499927,3184.9414062499927,-8.97
21205,62995.0,30242.0,RAM,1500,,2024.0,baseline_value_here,baseline_value_here,of_Origin_USA,11.05082651129447,10.816496,62994.999999999956,49835.15,13159.851562499956,13159.851562499956,20.89
25673,49880.0,75000.0,Porsche,Cayenne,,2019.0,6,SUV,baseline_value_here,10.817395447708488,10.58545,49879.99999999996,39554.11,10325.890624999964,10325.890624999964,20.7
25008,22770.0,88000.0,Subaru,WRX,,2020.0,4,Sedan,of_Origin_Japan,10.033243075528665,10.073905,22770.0,23714.994,-944.994140625,944.994140625,-4.15
20589,73900.0,48498.0,Porsche,Cayenne,,2023.0,6,SUV,baseline_value_here,11.210481638644469,11.032392,73900.0,61844.31,12055.69140625,12055.69140625,16.31
36751,41827.0,50.0,Kia,Seltos,,2027.0,4,SUV,of_Origin_South Korea,10.64132125071848,10.5108795,41827.00000000004,36711.754,5115.246093750036,5115.246093750036,12.23
26093,20995.0,88223.0,Hyundai,Tucson,,2022.0,4,SUV,of_Origin_South Korea,9.95208722237219,10.103936,20995.000000000004,24438.018,-3443.0175781249964,3443.0175781249964,-16.4
29418,89888.0,59672.0,Land,Rover,Range Rover Sport,2022.0,4,SUV,baseline_value_here,11.406330854797588,10.479622,89887.99999999994,35581.95,54306.05078124994,54306.05078124994,60.42
7826,15888.0,69000.0,Chevrolet,Equinox,,2018.0,4,SUV,of_Origin_USA,9.673382324888367,9.823869,15888.0,18468.365,-2580.365234375,2580.365234375,-16.24
38044,29985.0,122599.0,BMW,7,Series,2019.0,baseline_value_here,baseline_value_here,baseline_value_here,10.308485885054848,10.280158,29984.999999999993,29147.48,837.5195312499927,837.5195312499927,2.79
7947,13999.0,175182.0,Chevrolet,Equinox,,2020.0,4,SUV,of_Origin_USA,9.546812608597396,9.737422,13999.0,16938.814,-2939.814453125,2939.814453125,-21.0
11320,24990.0,27935.0,Honda,Civic,Sedan,2024.0,4,Sedan,of_Origin_Japan,10.126271039034782,10.310727,24990.0,30052.281,-5062.28125,5062.28125,-20.26
33093,32995.0,79344.0,Volkswagen,Golf,GTI,2024.0,4,Hatchback,baseline_value_here,10.404141620980623,10.456299,32995.00000000001,34761.652,-1766.6523437499927,1766.6523437499927,-5.35
28567,12495.0,106264.0,Volkswagen,Tiguan,,2016.0,4,SUV,baseline_value_here,9.433163872079467,9.703503,12494.999999999995,16373.862,-3878.8623046875055,3878.8623046875055,-31.04
31183,17850.0,96853.0,Mercedes-Benz,GLA,,2018.0,4,SUV,baseline_value_here,9.789814808047552,10.005703,17850.0,22151.441,-4301.44140625,4301.44140625,-24.1
17570,14995.0,80886.0,MINI,3,Door,2016.0,baseline_value_here,baseline_value_here,of_Origin_UK,9.615538777855802,9.532065,14994.999999999989,13794.054,1200.946289062489,1200.946289062489,8.01
1558,27995.0,127244.0,Toyota,Sienna,,2018.0,6,Minivan,of_Origin_Japan,10.23981692180943,10.089521,27994.99999999999,24088.262,3906.738281249989,3906.738281249989,13.96
20201,26450.0,67000.0,Nissan,Rogue,,2024.0,4,SUV,of_Origin_Japan,10.183049243755137,10.354387,26450.00000000002,31393.479,-4943.478515624982,4943.478515624982,-18.69
30449,16295.0,121928.0,Jeep,Cherokee,,2018.0,4,SUV,of_Origin_USA,9.698674957906642,9.720759,16294.999999999998,16658.89,-363.8906250000018,363.8906250000018,-2.23
16424,39500.0,55025.0,Lincoln,Nautilus,,2022.0,4,SUV,of_Origin_USA,10.584081267024454,10.282484,39500.00000000001,29215.36,10284.640625000007,10284.640625000007,26.04
14102,9995.0,107050.0,Kia,Forte,5-Door,2017.0,4,Sedan,of_Origin_South Korea,9.209940291954844,9.409081,9995.00000000001,12197.661,-2202.661132812491,2202.661132812491,-22.04
2219,27950.0,139429.0,Dodge,Durango,,2021.0,6,SUV,of_Origin_USA,10.238208256118535,10.304311,27950.0,29860.066,-1910.06640625,1910.06640625,-6.83
28977,8500.0,218919.0,Hyundai,Tucson,,2018.0,4,SUV,of_Origin_South Korea,9.04793908261736,9.1678705,8500.000000000005,9583.193,-1083.1933593749945,1083.1933593749945,-12.74
9755,37344.0,250.0,Ford,Escape,,2026.0,4,SUV,of_Origin_USA,10.527954312791167,10.967007,37343.99999999998,57929.93,-20585.929687500022,20585.929687500022,-55.13
8298,28880.0,90560.0,Chrysler,Pacifica,,2022.0,6,Minivan,of_Origin_USA,10.270939218446076,10.366469,28879.999999999985,31775.09,-2895.0898437500146,2895.0898437500146,-10.02
17327,24980.0,43497.0,MINI,Countryman,,2020.0,4,SUV,of_Origin_UK,10.125870814903928,10.251465,24979.99999999998,28323.002,-3343.001953125018,3343.001953125018,-13.38
22167,20495.0,109557.0,Subaru,Outback,,2019.0,4,SUV,of_Origin_Japan,9.927985024136515,9.997642,20494.99999999998,21973.578,-1478.5781250000182,1478.5781250000182,-7.21
15588,43490.0,32932.0,Lexus,ES,,2022.0,4,Sedan,of_Origin_Japan,10.680309299119006,10.195906,43489.99999999996,26792.262,16697.738281249964,16697.738281249964,38.39
1588,39888.0,41560.0,BMW,X2,,2025.0,4,SUV,baseline_value_here,10.593855875645637,10.713131,39888.0,44941.13,-5053.12890625,5053.12890625,-12.67
26995,14000.0,158000.0,BMW,4,Series,2014.0,baseline_value_here,baseline_value_here,baseline_value_here,9.546884034617925,9.581151,13999.999999999995,14488.087,-488.08691406250546,488.08691406250546,-3.49
4373,24450.0,102000.0,Audi,Q3,,2021.0,4,SUV,baseline_value_here,10.104426393862145,10.238094,24449.99999999999,27946.816,-3496.816406250011,3496.816406250011,-14.3
32805,16999.0,170230.0,Subaru,Crosstrek,,2019.0,4,SUV,of_Origin_Japan,9.740968623038354,9.734665,16999.00000000001,16892.174,106.82617187501091,106.82617187501091,0.63
1037,18888.0,63600.0,Mercedes-Benz,C-Class,Sedan,2013.0,4,Sedan,baseline_value_here,9.84633502103182,9.635496,18888.0,15297.287,3590.712890625,3590.712890625,19.01
4699,26880.0,109521.0,Audi,S5,Sportback,2018.0,6,Hatchback,baseline_value_here,10.199174996326047,10.106204,26879.999999999996,24493.504,2386.4960937499964,2386.4960937499964,8.88
21869,26987.0,95327.0,Subaru,WRX,,2019.0,4,Sedan,of_Origin_Japan,10.203147601747316,10.018514,26987.00000000001,22437.055,4549.945312500011,4549.945312500011,16.86
1219,52595.0,26722.0,Mazda,CX-90,PHEV,2025.0,6,SUV,of_Origin_Japan,10.87039535020681,11.047868,52595.00000000001,62808.887,-10213.886718749993,10213.886718749993,-19.42
33713,34590.0,41885.0,Subaru,Crosstrek,,2024.0,4,SUV,of_Origin_Japan,10.451348811602948,10.407823,34590.00000000002,33116.684,1473.3164062500218,1473.3164062500218,4.26
30874,18880.0,108000.0,Mazda,CX-5,,2018.0,4,SUV,of_Origin_Japan,9.845911404398532,9.867798,18879.99999999999,19297.793,-417.7929687500109,417.7929687500109,-2.21
26750,11000.0,136500.0,BMW,4,Series,2016.0,baseline_value_here,baseline_value_here,baseline_value_here,9.305741456739435,9.948309,10999.999999999993,20915.82,-9915.820312500007,9915.820312500007,-90.14
25361,23598.0,3127.0,Nissan,Versa,,2025.0,4,Sedan,of_Origin_Japan,10.06895961723459,10.450708,23598.00000000001,34567.855,-10969.855468749989,10969.855468749989,-46.49
22723,33450.0,108000.0,Toyota,Highlander,,2020.0,6,SUV,of_Origin_Japan,10.417836960475736,10.300047,33450.000000000015,29733.014,3716.9863281250146,3716.9863281250146,11.11
25991,25588.0,9000.0,Kia,Seltos,,2026.0,4,SUV,of_Origin_South Korea,10.149917850625528,10.665551,25588.00000000002,42852.867,-17264.86718749998,17264.86718749998,-67.47
26041,52495.0,7703.0,Cadillac,Lyriq,,2024.0,Electric,SUV,of_Origin_USA,10.868492255200882,10.987496,52494.99999999998,59129.16,-6634.160156250022,6634.160156250022,-12.64
23688,15990.0,120251.0,Volkswagen,Passat,,2021.0,4,Sedan,baseline_value_here,9.679781342959442,10.002582,15990.000000000005,22082.402,-6092.4023437499945,6092.4023437499945,-38.1
33047,27990.0,56483.0,Honda,Civic,Sedan,2025.0,4,Sedan,of_Origin_Japan,10.239638308916676,10.215606,27989.99999999999,27325.322,664.6777343749891,664.6777343749891,2.37
38021,13500.0,145000.0,Honda,CR-V,,2014.0,4,SUV,of_Origin_Japan,9.510519035757246,9.364723,13500.000000000004,11668.375,1831.6250000000036,1831.6250000000036,13.57
1255,22192.0,63391.0,Honda,Civic,Sedan,2019.0,4,Sedan,of_Origin_Japan,10.007532202822729,9.989732,22191.999999999993,21800.451,391.5488281249927,391.5488281249927,1.76
10854,22999.0,88684.0,Genesis,G70,,2019.0,4,Sedan,of_Origin_South Korea,10.043249494911286,9.724994,22998.999999999993,16729.584,6269.416015624993,6269.416015624993,27.26
23531,22688.0,30541.0,Volkswagen,Jetta,,2024.0,4,Sedan,baseline_value_here,10.029635504524139,10.450975,22687.99999999999,34577.086,-11889.085937500011,11889.085937500011,-52.4
6885,98543.0,11202.0,Cadillac,Vistiq,,2026.0,Electric,SUV,of_Origin_USA,11.498258427926825,11.202032,98543.0,73278.2,25264.796875,25264.796875,25.64
34848,1250.0,322257.0,Hyundai,Elantra,,2014.0,4,Sedan,of_Origin_South Korea,7.1316985104669115,7.65106,1250.0000000000005,2101.8738,-851.8737792968745,851.8737792968745,-68.15
17277,24995.0,66857.0,MINI,3,Door,2018.0,baseline_value_here,baseline_value_here,of_Origin_UK,10.126471091048971,9.852834,24994.999999999978,19011.154,5983.845703124978,5983.845703124978,23.94
8552,38995.0,65163.0,Chrysler,Pacifica,,2024.0,6,Minivan,of_Origin_USA,10.571214355749163,10.524237,38995.00000000003,37205.42,1789.578125000029,1789.578125000029,4.59
28206,38457.0,62148.0,RAM,1500,Classic,2023.0,baseline_value_here,baseline_value_here,of_Origin_USA,10.557322015710533,10.695588,38457.0,44159.594,-5702.59375,5702.59375,-14.83
559,10880.0,137037.0,Audi,A4,,2015.0,4,Sedan,baseline_value_here,9.294773427951013,9.422863,10880.000000000005,12366.941,-1486.9414062499945,1486.9414062499945,-13.67
35894,55910.0,20321.0,RAM,3500,,2024.0,baseline_value_here,baseline_value_here,of_Origin_USA,10.931516419748775,10.821178,55909.99999999999,50069.055,5840.945312499993,5840.945312499993,10.45
31272,32988.0,58496.0,Hyundai,Tucson,Hybrid,2023.0,4,SUV,of_Origin_South Korea,10.403929451547379,10.416599,32987.99999999997,33408.625,-420.6250000000291,420.6250000000291,-1.28
21192,61996.0,62077.0,RAM,1500,,2025.0,baseline_value_here,baseline_value_here,of_Origin_USA,11.034841275759762,10.793857,61996.000000000044,48719.57,13276.429687500044,13276.429687500044,21.41
35560,25995.0,84321.0,Mazda,Mazda3,Sport,2022.0,4,Sedan,of_Origin_Japan,10.16569795901424,10.080037,25995.00000000002,23860.871,2134.128906250018,2134.128906250018,8.21
28665,40990.0,57203.0,Toyota,Camry,,2025.0,4,Sedan,of_Origin_Japan,10.621107809394994,10.472277,40989.99999999997,35321.543,5668.457031249971,5668.457031249971,13.83
27029,43950.0,72546.0,Chevrolet,Silverado,1500,2023.0,8,Pickup Truck,of_Origin_USA,10.69083065598303,10.836619,43950.0,50848.184,-6898.18359375,6898.18359375,-15.7
1266,27999.0,49181.0,Volkswagen,Tiguan,,2023.0,4,SUV,baseline_value_here,10.239959789157341,10.54416,27999.000000000004,37954.13,-9955.128906249996,9955.128906249996,-35.56
16766,64161.0,250.0,Lincoln,Nautilus,,2026.0,4,SUV,of_Origin_USA,11.069166414124382,10.967007,64160.999999999956,57929.93,6231.070312499956,6231.070312499956,9.71
34994,7800.0,159100.0,Mercedes-Benz,GLK-Class,,2012.0,4,SUV,baseline_value_here,8.962007209588313,9.112377,7799.999999999997,9065.822,-1265.8222656250027,1265.8222656250027,-16.23
35231,31998.0,140041.0,Infiniti,QX80,,2020.0,8,SUV,of_Origin_Japan,10.373459931293572,10.432061,31998.00000000001,33929.215,-1931.214843749989,1931.214843749989,-6.04
26474,51495.0,32956.0,Acura,MDX,,2024.0,6,SUV,of_Origin_Japan,10.849259413732451,10.831765,51494.999999999956,50601.95,893.0507812499563,893.0507812499563,1.73
31328,20488.0,94500.0,Nissan,Qashqai,,2021.0,4,SUV,of_Origin_Japan,9.9276434357472,10.150275,20488.000000000015,25597.146,-5109.146484374985,5109.146484374985,-24.94
5593,25450.0,112382.0,BMW,3,Series,2021.0,baseline_value_here,baseline_value_here,baseline_value_here,10.144510313937575,10.580528,25450.00000000001,39359.902,-13909.902343749989,13909.902343749989,-54.66
30762,13990.0,112426.0,Kia,Soul,,2016.0,4,Hatchback,of_Origin_South Korea,9.546169544733285,9.129149,13989.999999999989,9219.177,4770.823242187489,4770.823242187489,34.1
5485,69888.0,69421.0,BMW,X5,,2024.0,6,SUV,baseline_value_here,11.154663548170214,10.996467,69888.00000000004,59661.957,10226.042968750044,10226.042968750044,14.63
32851,25995.0,66040.0,Tesla,Model,3,2020.0,Electric,Sedan,of_Origin_USA,10.16569795901424,10.405569,25995.00000000002,33042.133,-7047.132812499982,7047.132812499982,-27.11
6273,29328.0,25888.0,Buick,Encore,GX,2025.0,4,SUV,of_Origin_USA,10.286332066606759,10.530346,29328.000000000022,37433.42,-8105.421874999978,8105.421874999978,-27.64
9806,61409.0,207.0,Ford,Bronco,,2026.0,4,SUV,of_Origin_USA,11.025327967323445,10.877913,61409.00000000002,52991.914,8417.085937500022,8417.085937500022,13.71
20251,22688.0,22615.0,Nissan,Kicks,,2023.0,4,SUV,of_Origin_Japan,10.029635504524139,10.395667,22687.99999999999,32716.555,-10028.554687500011,10028.554687500011,-44.2
28275,20895.0,122141.0,Ford,Explorer,,2019.0,6,SUV,of_Origin_USA,9.947313032076158,10.1870165,20895.000000000007,26555.146,-5660.146484374993,5660.146484374993,-27.09
21961,31487.0,67291.0,Subaru,WRX,,2022.0,4,Sedan,of_Origin_Japan,10.35736179985198,10.140901,31486.99999999998,25358.295,6128.705078124982,6128.705078124982,19.46
26189,54990.0,189335.0,Ford,F-250,Super Duty,2022.0,8,Pickup Truck,of_Origin_USA,10.91492481446108,10.563192,54989.999999999985,38683.426,16306.574218749985,16306.574218749985,29.65
22955,33990.0,137000.0,Toyota,Highlander,,2022.0,6,SUV,of_Origin_Japan,10.43385106267516,10.361305,33990.00000000001,31611.416,2378.5839843750073,2378.5839843750073,7.0
9468,34695.0,13515.0,Ford,Escape,,2025.0,4,SUV,of_Origin_USA,10.454379685515201,10.686126,34694.99999999997,43743.7,-9048.69921875003,9048.69921875003,-26.08
31690,37288.0,4375.0,Volkswagen,Tiguan,,2026.0,4,SUV,baseline_value_here,10.526453655972313,10.985996,37288.00000000002,59040.523,-21752.523437499978,21752.523437499978,-58.34
34332,42999.0,5865.0,Subaru,Outback,,2025.0,4,SUV,of_Origin_Japan,10.668955394675699,10.638155,42998.99999999997,41694.77,1304.230468749971,1304.230468749971,3.03
34971,40999.0,56800.0,Toyota,RAV,4 Hybrid,2024.0,4,SUV,of_Origin_Japan,10.621327345686446,10.65891,40999.00000000003,42569.203,-1570.203124999971,1570.203124999971,-3.83
1751,76450.0,250.0,Ford,Bronco,,2026.0,4,SUV,of_Origin_USA,11.244405291716395,10.967007,76450.00000000001,57929.93,18520.070312500015,18520.070312500015,24.23
29328,21799.0,90800.0,Nissan,Rogue,,2021.0,4,SUV,of_Origin_Japan,9.98966524877718,10.160038,21799.000000000007,25848.28,-4049.2792968749927,4049.2792968749927,-18.58
16824,68195.0,250.0,Lincoln,Nautilus,,2026.0,4,SUV,of_Origin_USA,11.130141191085121,10.967007,68194.99999999996,57929.93,10265.070312499956,10265.070312499956,15.05
6310,28798.0,24854.0,Buick,Envista,,2024.0,4,SUV,of_Origin_USA,10.268095943298984,10.430757,28797.999999999993,33884.977,-5086.976562500007,5086.976562500007,-17.66
20252,19889.0,34962.0,Nissan,Kicks,,2024.0,4,SUV,of_Origin_Japan,9.897972371848018,10.43123,19889.00000000001,33901.01,-14012.011718749989,14012.011718749989,-70.45
34975,25995.0,19000.0,Nissan,Rogue,,2024.0,4,SUV,of_Origin_Japan,10.16569795901424,10.429232,25995.00000000002,33833.344,-7838.343749999982,7838.343749999982,-30.15
37366,2250.0,260000.0,Kia,Borrego,,2009.0,6,SUV,of_Origin_South Korea,7.719129840906732,8.575519,2250.0000000000005,5299.2993,-3049.2993164062495,3049.2993164062495,-135.52
416,6999.0,114000.0,Nissan,Altima,,2013.0,4,Sedan,of_Origin_Japan,8.85366542803745,9.324638,6998.999999999999,11209.861,-4210.861328125001,4210.861328125001,-60.16
826,22777.0,70014.0,BMW,2,Series Gran Coupe,2020.0,baseline_value_here,baseline_value_here,baseline_value_here,10.033550436834297,10.640034,22777.000000000007,41773.18,-18996.179687499993,18996.179687499993,-83.4
26360,13995.0,91087.0,Kia,Forte,,2018.0,4,Sedan,of_Origin_South Korea,9.54652685348758,9.603287,13995.00000000001,14812.39,-817.3896484374909,817.3896484374909,-5.84
7753,69000.0,236.0,Chevrolet,Silverado,1500,2024.0,8,Pickup Truck,of_Origin_USA,11.141876276228,11.078456,68999.99999999997,64759.812,4240.187499999971,4240.187499999971,6.15
626,53880.0,63713.0,Acura,MDX,,2023.0,6,SUV,of_Origin_Japan,10.894533190114505,10.725977,53879.99999999998,45522.18,8357.820312499978,8357.820312499978,15.51
750,23550.0,69816.0,Ford,Edge,,2022.0,4,SUV,of_Origin_USA,10.066923561388053,10.242919,23550.000000000004,28081.98,-4531.980468749996,4531.980468749996,-19.24
4220,19780.0,185382.0,Acura,RDX,,2018.0,6,SUV,of_Origin_Japan,9.892477160016076,9.800612,19780.00000000001,18043.793,1736.207031250011,1736.207031250011,8.78
20707,18888.0,143000.0,Porsche,Macan,,2017.0,4,SUV,baseline_value_here,9.84633502103182,9.778429,18888.0,17647.904,1240.095703125,1240.095703125,6.57
12878,41598.0,62435.0,Infiniti,QX60,,2023.0,6,SUV,of_Origin_Japan,10.635831407498888,10.731345,41597.99999999999,45767.22,-4169.218750000007,4169.218750000007,-10.02
36454,52919.0,10.0,GMC,Terrain,,2027.0,4,SUV,of_Origin_USA,10.876536618228892,10.790572,52918.99999999999,48559.812,4359.187499999993,4359.187499999993,8.24
32536,26909.0,99760.0,Ford,Edge,,2023.0,4,SUV,of_Origin_USA,10.200253243720951,10.191527,26908.999999999985,26675.209,233.79101562498545,233.79101562498545,0.87
24916,14380.0,148517.0,Jeep,Wrangler,Unlimited,2012.0,6,SUV,of_Origin_USA,9.57366316988638,9.269092,14380.00000000001,10604.114,3775.885742187509,3775.885742187509,26.26
4428,16995.0,142946.0,Audi,A5,Sportback,2018.0,6,Coupe,baseline_value_here,9.740733301234702,10.093097,16994.999999999993,24174.541,-7179.541015625007,7179.541015625007,-42.25
33301,121720.0,90.0,BMW,M3,,2027.0,6,Sedan,baseline_value_here,11.709486819553893,11.587841,121720.0,107778.31,13941.6875,13941.6875,11.45
27601,28499.0,71524.0,Volkswagen,Tiguan,,2024.0,4,SUV,baseline_value_here,10.257659366256743,10.495644,28499.00000000002,36156.64,-7657.640624999982,7657.640624999982,-26.87
11841,34706.0,42875.0,Hyundai,Palisade,,2021.0,6,SUV,of_Origin_South Korea,10.454696674696999,10.518271,34706.000000000015,36984.137,-2278.1367187499854,2278.1367187499854,-6.56
12050,5990.0,161091.0,Hyundai,Veloster,,2014.0,4,Hatchback,of_Origin_South Korea,8.698013622083925,8.7048855,5990.000000000002,6031.311,-41.31103515624818,41.31103515624818,-0.69
2614,29420.0,67213.0,Volkswagen,Tiguan,,2023.0,4,SUV,baseline_value_here,10.28946398406043,10.496596,29419.999999999975,36191.105,-6771.1054687500255,6771.1054687500255,-23.02
16375,67558.0,24128.0,Lincoln,Nautilus,,2025.0,4,SUV,of_Origin_USA,11.120756569154405,10.686315,67558.00000000003,43751.96,23806.03906250003,23806.03906250003,35.24
1846,78030.0,489.0,Buick,Enclave,,2026.0,6,SUV,of_Origin_USA,11.264861462612437,11.260316,78029.99999999994,77676.11,353.8906249999418,353.8906249999418,0.45
14871,79998.0,1996.0,Land,Rover,Defender,2025.0,4,SUV,baseline_value_here,11.289769413577893,10.954142,79998.00000000003,57189.418,22808.58203125003,22808.58203125003,28.51
31297,24999.0,71000.0,Mercedes-Benz,C-Class,Sedan,2016.0,6,Sedan,baseline_value_here,10.126631103850338,10.390515,24999.0,32548.436,-7549.435546875,7549.435546875,-30.2
32208,14490.0,124324.0,Nissan,Rogue,,2018.0,4,SUV,of_Origin_Japan,9.581283046045924,9.846599,14489.99999999999,18892.98,-4402.980468750009,4402.980468750009,-30.39
4278,6888.0,203937.0,Acura,MDX,,2012.0,6,SUV,of_Origin_Japan,8.837681215593197,9.0939665,6888.000000000005,8900.424,-2012.4238281249955,2012.4238281249955,-29.22
11380,34336.0,58534.0,Honda,CR-V,,2023.0,4,SUV,of_Origin_Japan,10.44397876895787,10.309607,34336.00000000002,30018.623,4317.376953125022,4317.376953125022,12.57
26982,26995.0,81291.0,Jeep,Cherokee,,2021.0,4,SUV,of_Origin_USA,10.203443985863297,10.072586,26994.999999999993,23683.736,3311.2636718749927,3311.2636718749927,12.27
21156,45555.0,200.0,RAM,ProMaster,Cargo Van,2025.0,6,Van,of_Origin_USA,10.726697617394242,10.856645,45555.000000000015,51876.72,-6321.718749999985,6321.718749999985,-13.88
15500,64120.0,500.0,Lexus,NX,,2026.0,4,SUV,of_Origin_Japan,11.06852720235983,10.951003,64119.99999999995,57010.203,7109.796874999949,7109.796874999949,11.09
33148,29450.0,59000.0,Nissan,Rogue,,2024.0,4,SUV,of_Origin_Japan,10.290483144360632,10.391599,29450.000000000025,32583.719,-3133.7187499999745,3133.7187499999745,-10.64
1371,20500.0,74653.0,Chevrolet,Malibu,,2024.0,4,Sedan,of_Origin_USA,9.928228944424575,10.100206,20499.999999999993,24347.033,-3847.0332031250073,3847.0332031250073,-18.77
9005,39998.0,30986.0,Dodge,Hornet,,2024.0,4,SUV,of_Origin_USA,10.596609732783568,10.395588,39997.99999999999,32713.965,7284.035156249993,7284.035156249993,18.21
8461,23475.0,108792.0,Chrysler,300,,2021.0,baseline_value_here,baseline_value_here,of_Origin_USA,10.063733901678225,10.359064,23474.999999999985,31540.648,-8065.648437500015,8065.648437500015,-34.36
17985,29498.0,5000.0,Mazda,Mazda3,Sport,2025.0,4,Sedan,of_Origin_Japan,10.292111643448266,10.427958,29497.99999999999,33790.26,-4292.261718750011,4292.261718750011,-14.55
7762,5990.0,200366.0,Chevrolet,Malibu,,2015.0,4,Sedan,of_Origin_USA,8.698013622083925,8.7912245,5990.000000000002,6575.28,-585.2797851562482,585.2797851562482,-9.77
14799,32995.0,82510.0,Land,Rover,Range Rover Velar,2020.0,4,SUV,baseline_value_here,10.404141620980623,10.247899,32995.00000000001,28222.184,4772.816406250007,4772.816406250007,14.47
30488,36498.0,59539.0,Mitsubishi,Outlander,,2024.0,4,SUV,of_Origin_Japan,10.505040141934996,10.365177,36497.99999999997,31734.055,4763.945312499971,4763.945312499971,13.05
38257,7500.0,203300.0,Toyota,Corolla,Sedan,2014.0,4,Sedan,of_Origin_Japan,8.922791623969637,9.046493,7500.0000000000055,8487.712,-987.7119140624945,987.7119140624945,-13.17
22133,9990.0,195884.0,Subaru,Legacy,,2015.0,4,Sedan,of_Origin_Japan,9.209439966733019,9.204239,9990.0,9938.171,51.8291015625,51.8291015625,0.52
22006,29288.0,56609.0,Subaru,Crosstrek,,2024.0,4,SUV,of_Origin_Japan,10.28496729789378,10.396048,29287.999999999985,32729.008,-3441.0078125000146,3441.0078125000146,-11.75
37119,24995.0,126471.0,Toyota,RAV,4,2019.0,4,SUV,of_Origin_Japan,10.126471091048971,9.933532,24994.999999999978,20609.002,4385.998046874978,4385.998046874978,17.55
11813,7990.0,117710.0,Hyundai,Sonata,,2013.0,4,Sedan,of_Origin_South Korea,8.986071187374463,8.944379,7990.0000000000055,7663.686,326.31396484375546,326.31396484375546,4.08
21983,30998.0,28318.0,Subaru,WRX,,2023.0,4,Sedan,of_Origin_Japan,10.341710224882465,10.406248,30998.000000000025,33064.58,-2066.5781249999745,2066.5781249999745,-6.67
25318,29937.0,29681.0,Honda,Civic,Sedan,2024.0,4,Sedan,of_Origin_Japan,10.306883855475181,10.266156,29937.00000000001,28742.191,1194.808593750011,1194.808593750011,3.99
2687,33999.0,83919.0,Volkswagen,Atlas,,2022.0,4,SUV,baseline_value_here,10.4341158035983,10.372626,33999.00000000003,31971.336,2027.664062500029,2027.664062500029,5.96
6292,24900.0,19187.0,Buick,Encore,GX,2022.0,4,SUV,of_Origin_USA,10.122663242288953,10.353896,24900.00000000001,31378.062,-6478.062499999989,6478.062499999989,-26.02
5592,33980.0,36781.0,BMW,3,Series,2021.0,baseline_value_here,baseline_value_here,baseline_value_here,10.433556823868823,10.778222,33980.0,47963.77,-13983.76953125,13983.76953125,-41.15
18005,36990.0,54076.0,Mazda,CX-50,,2023.0,4,SUV,of_Origin_Japan,10.518429918794682,10.372238,36990.0,31958.928,5031.072265625,5031.072265625,13.6
35216,48495.0,21621.0,Volkswagen,Golf,R,2025.0,4,Hatchback,baseline_value_here,10.789236599297585,10.68302,48495.000000000015,43608.035,4886.964843750015,4886.964843750015,10.08
20202,28850.0,73000.0,Nissan,Rogue,,2024.0,4,SUV,of_Origin_Japan,10.269899933380591,10.325351,28849.99999999999,30494.998,-1644.998046875011,1644.998046875011,-5.7
5293,50190.0,11197.0,BMW,2,Series Gran Coupe,2024.0,baseline_value_here,baseline_value_here,baseline_value_here,10.8235910067382,11.104205,50189.999999999985,66449.01,-16259.007812500015,16259.007812500015,-32.39
18748,23599.0,105444.0,Mercedes-Benz,GLC,,2019.0,4,SUV,baseline_value_here,10.069001991013701,10.124453,23599.0,24944.596,-1345.595703125,1345.595703125,-5.7
3021,16800.0,178000.0,Honda,CR-V,,2017.0,4,SUV,of_Origin_Japan,9.729193687429403,9.49924,16800.000000000004,13348.576,3451.4238281250036,3451.4238281250036,20.54
28393,60004.0,20.0,Cadillac,XT4,,2025.0,4,SUV,of_Origin_USA,11.002183171065541,10.803623,60003.99999999995,49197.734,10806.265624999949,10806.265624999949,18.01
1439,32763.0,36624.0,Toyota,RAV,4,2023.0,4,SUV,of_Origin_Japan,10.397085630635493,10.397686,32763.000000000007,32782.676,-19.675781249992724,19.675781249992724,-0.06
37830,37488.0,6881.0,Mazda,CX-30,,2025.0,4,SUV,of_Origin_Japan,10.531802835594531,10.609813,37487.999999999985,40529.61,-3041.6093750000146,3041.6093750000146,-8.11
14906,35777.0,81100.0,Land,Rover,Range Rover Velar,2018.0,6,SUV,baseline_value_here,10.48508845835116,10.37252,35776.99999999999,31967.951,3809.0488281249927,3809.0488281249927,10.65
31168,83875.0,499.0,Ford,F-150,,2026.0,6,Pickup Truck,of_Origin_USA,11.337094796706635,11.394631,83874.99999999993,88842.48,-4967.476562500073,4967.476562500073,-5.92
15636,74898.0,1600.0,Lexus,NX,,2026.0,4,SUV,of_Origin_Japan,11.223895818281337,10.774171,74897.99999999996,47769.848,27128.152343749956,27128.152343749956,36.22
37620,37985.0,89425.0,Honda,Pilot,,2022.0,6,SUV,of_Origin_Japan,10.544972949772182,10.531708,37985.00000000003,37484.438,500.5625000000291,500.5625000000291,1.32
33780,36995.0,30231.0,Subaru,Outback,,2023.0,4,SUV,of_Origin_Japan,10.51856507767415,10.388127,36994.99999999999,32470.8,4524.199218749993,4524.199218749993,12.23
12168,17895.0,88855.0,Hyundai,Elantra,,2021.0,4,Sedan,of_Origin_South Korea,9.792332503169966,9.822593,17895.00000000001,18444.814,-549.8144531249891,549.8144531249891,-3.07
22302,18995.0,184901.0,Tesla,Model,3,2021.0,Electric,Sedan,of_Origin_USA,9.851983709669012,10.071699,18994.999999999993,23662.738,-4667.738281250007,4667.738281250007,-24.57
31791,65888.0,35264.0,Volvo,XC90,Recharge,2024.0,4,SUV,of_Origin_Sweden,11.095726786982862,10.911533,65888.0,54803.816,11084.18359375,11084.18359375,16.82
18430,20750.0,118448.0,Mercedes-Benz,C-Class,Sedan,2018.0,6,Coupe,baseline_value_here,9.940349717268694,10.198132,20749.999999999985,26851.967,-6101.966796875015,6101.966796875015,-29.41
7151,35998.0,46446.0,Cadillac,XT4,,2023.0,4,SUV,of_Origin_USA,10.49124643927466,10.329993,35998.0,30636.904,5361.095703125,5361.095703125,14.89
34979,13000.0,243000.0,Subaru,WRX,,2015.0,4,Sedan,of_Origin_Japan,9.472781556562168,8.952175,12999.999999999995,7723.676,5276.3242187499945,5276.3242187499945,40.59
2189,25499.0,121568.0,Volvo,XC90,,2019.0,4,SUV,of_Origin_Sweden,10.146433731146518,10.112099,25499.0,24638.316,860.68359375,860.68359375,3.38
35376,43985.0,78742.0,Chevrolet,Silverado,1500,2024.0,8,Pickup Truck,of_Origin_USA,10.691626680451641,10.803159,43984.99999999998,49174.89,-5189.890625000022,5189.890625000022,-11.8
29253,29980.0,87552.0,Tesla,Model,Y,2023.0,Electric,Sedan,of_Origin_USA,10.308319126670684,10.496386,29979.99999999998,36183.48,-6203.480468750018,6203.480468750018,-20.69
24906,20888.0,78621.0,Volkswagen,Golf,Standard Model,2021.0,4,Hatchback,baseline_value_here,9.946977983610656,10.123807,20888.0,24928.496,-4040.49609375,4040.49609375,-19.34
8566,27998.0,109370.0,Chrysler,Pacifica,,2023.0,6,Minivan,of_Origin_USA,10.239924074233857,10.332411,27998.000000000007,30711.064,-2713.0644531249927,2713.0644531249927,-9.69
12856,7495.0,227312.0,Infiniti,EX,,2012.0,4,SUV,of_Origin_Japan,8.922124823918258,8.91754,7495.000000000001,7460.708,34.29199218750091,34.29199218750091,0.46
21157,26995.0,156660.0,RAM,1500,,2017.0,baseline_value_here,baseline_value_here,of_Origin_USA,10.203443985863297,9.838139,26994.999999999993,18733.81,8261.189453124993,8261.189453124993,30.6
30884,28217.0,90739.0,Hyundai,Santa,Fe Hybrid,2022.0,4,SUV,of_Origin_South Korea,10.247715351173103,10.262713,28216.999999999985,28643.406,-426.40625000001455,426.40625000001455,-1.51
19504,36492.0,44563.0,Mitsubishi,Outlander,,2023.0,4,SUV,of_Origin_Japan,10.504875740356372,10.363238,36492.00000000001,31672.586,4819.414062500007,4819.414062500007,13.21
25448,21990.0,116725.0,Honda,Civic,Sedan,2022.0,4,Sedan,of_Origin_Japan,9.998388557730848,10.022415,21990.000000000015,22524.768,-534.7675781249854,534.7675781249854,-2.43
17920,33499.0,52219.0,Mazda,CX-5,,2022.0,4,SUV,of_Origin_Japan,10.419300717813158,10.338427,33499.00000000001,30896.377,2602.6230468750073,2602.6230468750073,7.77
37717,31990.0,115489.0,Mercedes-Benz,E-Class,,2010.0,8,Sedan,baseline_value_here,10.373209892223665,9.882898,31989.999999999996,19591.426,12398.574218749996,12398.574218749996,38.76
34065,43990.0,79277.0,Jeep,Grand,Cherokee L,2024.0,6,SUV,of_Origin_USA,10.691740346523579,10.690114,43990.00000000004,43918.516,71.48437500003638,71.48437500003638,0.16
33971,41500.0,26000.0,BMW,X1,,2023.0,4,SUV,baseline_value_here,10.633472802314019,10.611697,41500.000000000015,40606.06,893.9414062500146,893.9414062500146,2.15
8447,31890.0,86487.0,Chrysler,Grand,Caravan,2024.0,6,Minivan,of_Origin_USA,10.37007911730487,10.416461,31890.00000000003,33404.004,-1514.003906249971,1514.003906249971,-4.75
7779,48998.0,32454.0,Chevrolet,Silverado,1500,2024.0,8,Pickup Truck,of_Origin_USA,10.799555168721248,10.936267,48997.99999999997,56176.234,-7178.234375000029,7178.234375000029,-14.65
24726,52999.0,22127.0,Volvo,XC60,,2025.0,4,SUV,of_Origin_Sweden,10.87804719253426,10.878047,52999.000000000015,52998.99,0.011718750014551915,0.011718750014551915,0.0
349,42888.0,42289.0,Toyota,Highlander,,2023.0,6,SUV,of_Origin_Japan,10.666370661780968,10.758251,42888.00000000002,47015.375,-4127.374999999978,4127.374999999978,-9.62
461,39495.0,38413.0,Hyundai,Palisade,,2023.0,6,SUV,of_Origin_South Korea,10.5839546799387,10.751544,39495.00000000002,46701.082,-7206.082031249978,7206.082031249978,-18.25
27407,24896.0,106415.0,BMW,3,Series,2016.0,baseline_value_here,baseline_value_here,baseline_value_here,10.122502593266558,9.969038,24896.00000000002,21353.932,3542.068359375018,3542.068359375018,14.23
9479,27611.0,48950.0,Ford,Edge,,2024.0,4,SUV,of_Origin_USA,10.226005739823366,10.358846,27610.999999999993,31533.76,-3922.7597656250073,3922.7597656250073,-14.21
4634,12500.0,172056.0,Audi,Q5,,2017.0,4,SUV,baseline_value_here,9.433563920090563,9.549005,12500.0,14029.721,-1529.720703125,1529.720703125,-12.24
33390,9450.0,191952.0,Kia,Soul,,2020.0,4,Hatchback,of_Origin_South Korea,9.153875834995056,9.172784,9449.999999999995,9630.399,-180.39941406250546,180.39941406250546,-1.91
27584,23982.0,175498.0,Honda,Odyssey,,2020.0,6,Minivan,of_Origin_Japan,10.085100525010166,10.1645565,23982.00000000001,25965.344,-1983.343749999989,1983.343749999989,-8.27
37362,26988.0,19428.0,Volkswagen,Jetta,,2025.0,4,Sedan,baseline_value_here,10.203184654566114,10.526231,26988.000000000004,37279.69,-10291.691406249996,10291.691406249996,-38.13
16359,68995.0,101250.0,Lincoln,Navigator,,2021.0,6,SUV,of_Origin_USA,11.14180381088452,10.398271,68995.00000000003,32801.848,36193.15234375003,36193.15234375003,52.46
16688,71035.0,250.0,Lincoln,Aviator,,2026.0,6,SUV,of_Origin_USA,11.170942069774485,11.32383,71034.99999999994,82769.72,-11734.718750000058,11734.718750000058,-16.52
37356,43985.0,139378.0,Porsche,Cayenne,,2023.0,6,SUV,baseline_value_here,10.691626680451641,10.639871,43984.99999999998,41766.367,2218.632812499978,2218.632812499978,5.04
11914,16498.0,109115.0,Hyundai,Santa,Fe,2020.0,4,SUV,of_Origin_South Korea,9.711055051991444,9.860139,16497.999999999993,19150.549,-2652.5488281250073,2652.5488281250073,-16.08
33191,27950.0,97000.0,Audi,A4,Sedan,2021.0,4,Sedan,baseline_value_here,10.238208256118535,10.262224,27950.0,28629.395,-679.39453125,679.39453125,-2.43
32847,51499.0,44498.0,Honda,Odyssey,,2025.0,6,Minivan,of_Origin_Japan,10.849337086651827,10.832886,51498.999999999985,50658.688,840.3124999999854,840.3124999999854,1.63
2052,25900.0,76448.0,Volkswagen,Tiguan,,2021.0,4,SUV,baseline_value_here,10.16203685698089,10.318029,25899.99999999999,30272.541,-4372.541015625011,4372.541015625011,-16.88
27594,99995.0,14744.0,Dodge,Durango,,2024.0,6,SUV,of_Origin_USA,11.512885464170207,10.928038,99994.99999999999,55715.836,44279.164062499985,44279.164062499985,44.28
36490,7500.0,186437.0,Audi,Q7,,2009.0,6,SUV,baseline_value_here,8.922791623969637,9.07638,7500.0000000000055,8745.245,-1245.2451171874945,1245.2451171874945,-16.6
22407,23888.0,101363.0,Tesla,Model,3,2021.0,Electric,Sedan,of_Origin_USA,10.081173380925554,10.289255,23887.999999999985,29413.855,-5525.855468750015,5525.855468750015,-23.13
13997,15990.0,149209.0,Kia,Seltos,,2021.0,4,SUV,of_Origin_South Korea,9.679781342959442,9.782545,15990.000000000005,17720.7,-1730.6992187499945,1730.6992187499945,-10.82
10821,37880.0,80007.0,Genesis,GV70,,2022.0,4,SUV,of_Origin_South Korea,10.54220494610679,10.125186,37879.99999999997,24962.898,12917.10156249997,12917.10156249997,34.1
17329,29877.0,45155.0,MINI,Clubman,,2022.0,4,Wagon,of_Origin_UK,10.304877702602262,10.374365,29876.99999999998,32026.969,-2149.968750000018,2149.968750000018,-7.2
37113,45990.0,80115.0,Mercedes-Benz,GLC,,2022.0,4,SUV,baseline_value_here,10.736201004154935,10.393251,45989.99999999999,32637.617,13352.382812499993,13352.382812499993,29.03
6243,28990.0,71935.0,Buick,Enclave,,2019.0,6,SUV,of_Origin_USA,10.274740715974103,10.373957,28989.99999999999,32013.9,-3023.900390625011,3023.900390625011,-10.43
38100,55499.0,18400.0,Honda,Pilot,,2025.0,6,SUV,of_Origin_Japan,10.924138299734526,10.936607,55499.00000000002,56195.367,-696.3671874999782,696.3671874999782,-1.25
38564,78960.0,16352.0,Volvo,XC60,Plug-in Hybrid,2026.0,4,SUV,of_Origin_Sweden,11.27670933866749,11.201723,78959.99999999994,73255.56,5704.437499999942,5704.437499999942,7.22
32741,35888.0,130131.0,Porsche,Panamera,,2013.0,6,Sedan,baseline_value_here,10.488186120839014,9.834022,35888.00000000001,18656.838,17231.162109375007,17231.162109375007,48.01
1354,95174.0,3500.0,RAM,1500,,2026.0,baseline_value_here,baseline_value_here,of_Origin_USA,11.463472581250699,11.154357,95174.00000000004,69866.58,25307.421875000044,25307.421875000044,26.59
725,44495.0,57963.0,Audi,A7,,2021.0,6,Sedan,baseline_value_here,10.703154576473747,10.957699,44495.00000000002,57393.215,-12898.214843749978,12898.214843749978,-28.99
33073,10896.0,155709.0,Hyundai,Elantra,,2019.0,4,Sedan,of_Origin_South Korea,9.296242800976886,9.392045,10896.0,11991.6,-1095.599609375,1095.599609375,-10.06
29184,39607.0,88805.0,Toyota,Venza,,2024.0,4,SUV,of_Origin_Japan,10.586786397041259,10.531349,39606.999999999985,37470.996,2136.0039062499854,2136.0039062499854,5.39
33153,12500.0,115125.0,Toyota,Tacoma,,2013.0,4,Pickup Truck,of_Origin_Japan,9.433563920090563,9.8211565,12500.0,18418.34,-5918.33984375,5918.33984375,-47.35
24567,34288.0,57846.0,Volvo,XC40,,2022.0,4,SUV,of_Origin_Sweden,10.442579882010428,10.59475,34287.99999999999,39923.7,-5635.699218750007,5635.699218750007,-16.44
10549,48415.0,214.0,GMC,Terrain,,2026.0,4,SUV,of_Origin_USA,10.787585616588082,10.877913,48414.99999999997,52991.914,-4576.914062500029,4576.914062500029,-9.45
20587,26990.0,105246.0,Porsche,Macan,,2018.0,4,SUV,baseline_value_here,10.203258756085228,9.976541,26989.999999999993,21514.752,5475.248046874993,5475.248046874993,20.29
26328,31998.0,87000.0,Audi,S5,Coupe,2019.0,6,Coupe,baseline_value_here,10.373459931293572,10.49457,31998.00000000001,36117.836,-4119.835937499989,4119.835937499989,-12.88
21250,18499.0,141493.0,RAM,1500,,2017.0,baseline_value_here,baseline_value_here,of_Origin_USA,9.825526011066415,9.888047,18498.999999999985,19692.564,-1193.5644531250146,1193.5644531250146,-6.45
35385,33000.0,75350.0,Hyundai,Palisade,,2022.0,6,SUV,of_Origin_South Korea,10.404293143019792,10.571751,32999.99999999999,39015.918,-6015.917968750007,6015.917968750007,-18.23
