Make,Model,Package1,Package2
Jeep,Cherokee,Laredo,
Jeep,Cherokee,LAREDO,BlindSpot
Hyundai,Tucson,Preferred,AWD
Mazda,CX-5,Suna,AWD
Land,Rover,110,P525
Toyota,Prius,XLE,AWD
Subaru,WRX,Sport,Manual
Volkswagen,Taos,Highline,4MOTION
Kia,Carnival,LX+,POWER
Volkswagen,Atlas,Comfortline,2.0
Toyota,4-Runner,4WD,TRD
Toyota,RAV,Limited,AWD
BMW,M4,M4,COMPETITION
Kia,Telluride,X,LINE
Toyota,Tacoma,4x4,Double
BMW,3,330i,xDrive
Volkswagen,Tiguan,Highline,R
Hyundai,Palisade,ULTIMATE,CALLIGRAPHY
Volkswagen,Tiguan,Comfortline,R
Honda,CR-V,EX,L
Ford,Mustang,SELECT,AWD
MINI,5,Cooper,S
Audi,Q5,Technik,S
Toyota,RAV,XLE,AWD
Jeep,Wrangler,Whitecap,Sahara
Toyota,RAV,Hybrid,SE
Jeep,Grand,Summit,Reserve
Volkswagen,Golf,Black,Edition
Honda,CR-V,ACCIDENT,FREE
RAM,1500,HURRICANE,TWIN
Honda,CR-V,Ex,L
Jeep,Compass,Limited,4x4
Mercedes-Benz,GLC,AMG,43
Audi,Q7,Progressiv,Panoroof
Chevrolet,Silverado,Custom,Trail
Honda,CR-V,Sport,Honda
Honda,Civic,Sport,Honda
Land,Rover,P250,DYNAMIC
Honda,CR-V,Sport,AWD
Nissan,Pathfinder,CLEAN,CARFAX
Honda,Civic,Touring,HONDA
Toyota,Prius,AWD,E
Toyota,4-Runner,TRD,Off
Mazda,Mazda3,GS,CLEAN
Lexus,TX,ULTRA,LUXURY
BMW,X2,AWD,CPO
Kia,K4,GT,Line
Audi,Q3,Technik,45
Mazda,CX-70,GS,L
BMW,X5,AWD,CPO
Ford,F-150,LARIAT,BLACK
Acura,RDX,,
Volkswagen,Jetta,Volkswagen,Warranty
Kia,K4,LX,
Honda,Civic,Sport,
Nissan,Sentra,SV,
Buick,Envista,Sport,Touring
Toyota,RAV,XSE,
Audi,Q7,55,Progressiv
Toyota,RAV,WOODLAND,EDITION
Dodge,Durango,R,T
Volkswagen,Taos,Trendline,APPLE
BMW,2,xDrive,Coupe
Honda,Civic,Touring,*EXTENDED
Hyundai,Palisade,Urban,7
Honda,CR-V,TOURING,PKG
Subaru,Crosstrek,Convenience,AWD
Hyundai,Elantra,Hybrid,Luxury
Toyota,RAV,LE,AWD
Honda,Civic,TYPE,R
Mercedes-Benz,GLC,GLC,300
Kia,Sorento,EX,ADAPTIVE
Mercedes-Benz,GLE,S,HEADS
Jeep,Cherokee,Limited,4x4
Nissan,Sentra,SV,CVT
Mitsubishi,Eclipse,ES,4WD
Volkswagen,Atlas,EXECLINE,PANO
Toyota,Sienna,LIMITED,
Hyundai,Palisade,Urban,8
Mercedes-Benz,GLE,GLE350,Premium
Volvo,XC90,B6,AWD
Tesla,Model,LR,AWD
Infiniti,QX60,CLEAN,CARFAX
Honda,CR-V,,
Mercedes-Benz,C-Class,AMG,C63
MINI,3,SE,3
Audi,Q7,PROGRESSIV,S
Dodge,Durango,GT,Plus
RAM,1500,RHO,
Dodge,Durango,SRT,HELLCAT
Toyota,RAV,PHEV,SE
BMW,X5,,
RAM,1500,Rebel,4x4
Hyundai,Elantra,Preferred,2
GMC,Sierra,Denali,Ultimate
Lexus,NX,EXECUTIVE,PACKAGE
Toyota,RAV,XLE,Premium
Chevrolet,Tahoe,4WD,RST
Volvo,XC60,Recharge,T8
Lexus,UX,F,SPORT
RAM,3500,Tradesman,
Hyundai,Santa,Preferred,w
Mercedes-Benz,CLA,CLA250,
MINI,Countryman,ALL4,LOW
GMC,Canyon,Elevation,
Jeep,Wrangler,Sahara,4
Nissan,Rogue,Platinum,AWD
Genesis,GV70,2.5T,Prestige
Honda,CR-V,LX,B
Lexus,UX,,
Dodge,Durango,SRT,392
Honda,Pilot,,
Lexus,NX,,
Nissan,Z,Z,Performance
GMC,Terrain,Denali,
BMW,X6,xDrive40i,PremiumEssential
Nissan,Sentra,"SR,",Remote
Genesis,GV70,Advanced,AWD
Toyota,RAV,XLE,PREMIUM
Toyota,RAV,TRAIL,LTHR
Jeep,Wrangler,4,DR
Honda,HR-V,LX,B
Nissan,Rogue,Awd,Midnight
BMW,X3,X3,xDrive30i
GMC,Terrain,SLE,ACCIDENT
Honda,Pilot,TrailSport,*EXTENDED
BMW,X3,30,xDrive
Hyundai,Palisade,Luxury,8
Toyota,RAV,TRAIL,ONE
Toyota,Sienna,XSE,7
Lincoln,Corsair,Grand,Touring
Audi,SQ5,,
Lexus,IS,IS,300
RAM,1500,Tradesman,4x4
Mazda,Mazda3,GT,Turbo
Volkswagen,Atlas,Execline,2.0
Hyundai,Elantra,N,LINE
Nissan,Rogue,Platinum,
RAM,1500,Big,Horn
Hyundai,Santa,LUXURY,1OWNER
Chevrolet,Blazer,RS,AWD
Jeep,Grand,Limited,7
Volkswagen,Atlas,Peak,Edition
RAM,2500,Big,Horn4x4
Honda,Accord,Sport,HONDA
Chevrolet,Silverado,RST,4WD
Volkswagen,Jetta,TRENDLINE,CARPLAY
Mazda,CX-5,GS,AWD
Ford,F-150,Black,Pack
Honda,Passport,TrailSport,3.5L
Nissan,Kicks,S,TOP
Volkswagen,Jetta,Comfortline,One
Mercedes-Benz,GLE,CLEAN,CARFAX
Mazda,CX-50,CPO,3.95%
RAM,1500,Limited,4x4
GMC,Terrain,AT4,PKG
Nissan,Kicks,SV,FWD
Volkswagen,Jetta,Highline,1.5T
Land,Rover,P250,Dynamic
Honda,Civic,Sport,Touring
Nissan,Pathfinder,S,4WD
Lexus,NX,SIGNATURE,PKG
Kia,Seltos,EX,AWD
Volkswagen,Taos,Comfortline,1.5t
Nissan,Pathfinder,SL,4WD
Lexus,NX,F,SPORT
Hyundai,Santa,XRT,AWD
Volkswagen,Atlas,Comfortline,AWD
Volkswagen,Atlas,Highline,2.0
Audi,Q5,quattro,
Kia,Sportage,LX,AWD
Kia,Forte,EX+,IVT
Buick,Envista,Preferred,BALANCE
BMW,X5,M60i,xDrive
Ford,Escape,ST,Line
Chevrolet,Traverse,AWD,4dr
Subaru,Crosstrek,Limited,AWD
Kia,Seltos,LX,
Ford,Bronco,Big,Bend
Subaru,Legacy,GT,NO
Subaru,Outback,Limited,XT
Ford,F-150,Platinum,702A
Hyundai,Elantra,Preferred,
Kia,Sportage,LX,
Chevrolet,Trailblazer,LS,
Subaru,Forester,Limited,CPO!
Mercedes-Benz,CLA,4MATIC,Coupe
Mercedes-Benz,GLE,4MATIC,SUV
Mazda,CX-50,GT,AWD!
Subaru,Crosstrek,Limited,CPO!
Nissan,Kicks,S,Top
Mitsubishi,Outlander,GT,S
Mitsubishi,Outlander,SE,S
Audi,A5,quattro,
BMW,2,HEAD,UP
Honda,Civic,EX,Sunroof
Buick,Envision,AWD,4dr
Mazda,CX-30,GT,AWD
Mitsubishi,RVR,ES,AWC
Volkswagen,Atlas,EXECLINE,AWD
Mitsubishi,Outlander,ES,S
Mitsubishi,Eclipse,NOIR,S
Lexus,NX,NX,250
Porsche,Macan,AWD,PREMIUM
Toyota,Corolla,AWD,LEATHER
RAM,1500,WARLOCK,CREW
Subaru,WRX,TS,MANUAL
Toyota,Sienna,HYBRID,HEATED
Honda,Civic,,
Chevrolet,Trax,,
Toyota,Prius,HEATED,STEERING
Kia,Sorento,X,Line
Honda,Odyssey,Touring,Auto
Honda,CR-V,Touring,AWD
Honda,CR-V,LX,
Kia,Sportage,EX,PREMIUM
Toyota,RAV,,
Jeep,Cherokee,Laredo,4x4
Kia,Sportage,EX,AWD
Toyota,Camry,SE,CVT
Honda,CR-V,Touring,
BMW,X3,30i,M
Volkswagen,Atlas,Execline,4MOTION
Honda,Ridgeline,TrailSport,
Honda,Odyssey,Black,Edition
Ford,Escape,ST,LINE
Audi,S5,3.0T,Technik
Audi,SQ5,3.0T,Technik+
RAM,1500,Black,Express
Jeep,Wrangler,Sahara,4XE
Chrysler,Pacifica,Touring,L
Audi,Q5,Executive,Demo
Chevrolet,Trax,LT,
Mazda,CX-5,Preferred,
Jeep,Wrangler,SAHARA,LEATHER
Acura,MDX,Tech,
Mazda,CX-5,GX,AWD
Honda,CR-V,LX,Special
Ford,Bronco,OUTER,BANKS
Kia,Sportage,X,Line
GMC,Sierra,ELEVATION,
Hyundai,Elantra,Luxury,IVT
Mazda,CX-5,GS,Power
Genesis,GV70,3.5T,Sport
Jeep,Wrangler,Sahara,POPULAR
GMC,Terrain,AT4,
RAM,2500,Power,Wagon
Buick,Envista,Preferred,
Kia,Forte,*,EX
Hyundai,Tucson,Preferred,
Volkswagen,Taos,COMFORTLINE,
Jeep,Wrangler,Willys,12'
Ford,F-150,STX,4.69%
Hyundai,Palisade,*,Ultimate
Ford,F-150,XLT,
Nissan,Kicks,SV,AWD
Toyota,Venza,Limited,Limited
Lexus,IS,F,Sport
Volkswagen,Atlas,Comfortline,New
Jeep,Grand,Altitude,4x4
Toyota,Grand,XLE,AWD
RAM,1500,,
Hyundai,Tucson,LUXURY,AWD
Audi,Q3,Progressiv,45
Ford,Explorer,TREMOR,
RAM,2500,Big,Horn
Ford,Escape,PHEV,1
Hyundai,Kona,2.0L,Preferred
Hyundai,Tucson,Ultimate,DEMO
Ford,Explorer,Active,MANAGER'S
Ford,Maverick,HYBRID,LARIAT
Mazda,CX-5,,
Jeep,Compass,ALTITUDE,4X4
Hyundai,Palisade,Urban,DEMO
Volkswagen,Atlas,Highline,New
Hyundai,Elantra,Luxury,Sedan
Mitsubishi,Outlander,ES,
Mazda,CX-30,GT,May
Volkswagen,Atlas,Execline,New
Kia,Sportage,LX,$199
Lexus,NX,NX,350
Ford,Explorer,ST,LINE
Chevrolet,Silverado,CUSTOM,
Chevrolet,Equinox,AWD,4dr
Volkswagen,Tiguan,Comfortline,4MOTION
Jeep,Wrangler,Willys,TOW
Volkswagen,Taos,Highline,
Volkswagen,Atlas,2.0,TSI
Hyundai,Tucson,N,Line
Chevrolet,Trax,2RS,
Toyota,Tundra,**,SALE
Hyundai,Elantra,Preferred,Heated
Hyundai,Tucson,Preferred,w
Kia,K4,EX,Blindspot
Ford,F-150,STX,
Mazda,CX-90,GT,AWD
GMC,Sierra,PRO,CREW
GMC,Acadia,AWD,Elevation
Ford,Transit,,
Ford,F-150,,
RAM,1500,RHO,4x4
RAM,1500,Sport,HEMI
Nissan,Rogue,SV,Moonroof
Hyundai,Kona,N,Line
Ford,F-150,LARIAT,3.5L
Jeep,Cherokee,Laredo,12'
Ford,F-150,Lariat,
Hyundai,Elantra,LUXURY,
Kia,Seltos,EX,Premium
Honda,Civic,Sport,CVT
Kia,Seltos,LX,Lane
Hyundai,Elantra,N,Line
GMC,Sierra,Denali,
GMC,Terrain,Denali,Premium
GMC,Sierra,Elevation,CPO
Ford,Mustang,Premium,Low
Chevrolet,Trailblazer,AWD,4dr
Ford,Bronco,Outer,"Banks,"
Chevrolet,Tahoe,LS,CPO
GMC,Canyon,AT4,
Mazda,CX-30,GT,w
RAM,1500,Rebel,AIR
Mazda,CX-30,GT,Kuro
GMC,Savana,Other,
BMW,X1,xDrive28i,Sports
Nissan,Kicks,S,FWD
Subaru,Crosstrek,Limited,
Kia,Seltos,SX,
Mazda,CX-30,GS,Kuro
Mazda,CX-5,GS,Experience
Ford,F-150,Tremor,REAR
GMC,Terrain,SLE,SUNROOF
Subaru,Crosstrek,AWD,NAV
Chevrolet,Trax,2RS,REMOTE
Ford,Expedition,Limited,TOW
Jeep,Compass,Trailhawk,Heated
Jeep,Cherokee,LAREDO,
Nissan,Rogue,S,
Chevrolet,Silverado,CUSTOM,TRAIL
Ford,F-150,Tremor,401A
Chrysler,Pacifica,Select,LEATHERETTE
Hyundai,Tucson,Ultimate,AWD
Ford,Escape,PHEV,
Mercedes-Benz,GLA,FORMER,DAILY
Honda,Accord,TOURING,
Kia,K4,LX,Lane
Kia,Seltos,EX,PREMIUM
Volkswagen,Golf,,
Hyundai,Palisade,Ultimate,Calligraphy
Mazda,CX-30,GS,May
Lincoln,Nautilus,Reserve,
Ford,Ranger,XLT,2.7L
Mazda,CX-90,GT,
Buick,Envista,SPORT,TOURING
Buick,Envision,SPORT,TOURING
Ford,Expedition,Limited,Max
Nissan,Armada,SL,
Chevrolet,Traverse,RS,
Lincoln,Corsair,Reserve,ONE
Hyundai,Tucson,Preferred,REMOTE
RAM,1500,Tungsten,Crew
Ford,F-150,XLT,303A
Hyundai,Elantra,Preferred,IVT
Ford,Bronco,BIG,BEND
Kia,Seltos,LX,Blindspot
BMW,X1,xDrive28i,
Lexus,RX,RX,350
Toyota,4-Runner,Hybrid,LEATHER
Ford,Maverick,Lariat,
Chevrolet,Malibu,Midnight,Edition
Volkswagen,Jetta,Comfortline,Auto
Lexus,RX,RX,350H
Mazda,CX-5,GS,May
GMC,Canyon,ELEVATION,
Chrysler,Pacifica,TOURING,L
Ford,Bronco,Outer,Banks
Chevrolet,Silverado,LT,
Volkswagen,Jetta,Highline,2026
Hyundai,Palisade,UrbanCertified,Pre
Chevrolet,Silverado,RST,
Honda,Passport,TrailSport,AWD
Genesis,GV70,AWD,Panoramic
Toyota,Tacoma,TRD,SPORT
Hyundai,Tucson,Ultimate,Moonroof
Volkswagen,Tiguan,Trendline,4MOTION
GMC,Sierra,SLT,
Chevrolet,Silverado,LT,Trail
Nissan,Kicks,SV,
Hyundai,Elantra,DCT,
Jeep,Compass,North,HEATED
Chevrolet,Traverse,,
Ford,Escape,ST,"Line,"
Toyota,4-Runner,4WD,
GMC,Yukon,ELEVATION!,
Honda,CR-V,LX,AWD
Ford,F-150,XLT,4WD
Ford,F-250,XLT,Running
Infiniti,QX50,SPORT,Up
Hyundai,Tucson,ULTIMATE,
Chevrolet,Silverado,LT,TRAIL
Volkswagen,Tiguan,Trendline,Heated
Ford,Explorer,Moonroof,Cooled
Chevrolet,Traverse,LT,
Ford,Explorer,Platinum,Leather
Chevrolet,Trax,ACTIV,
Nissan,Pathfinder,SL,Leather
RAM,1500,Warlock,Low
Volkswagen,Atlas,HIGHLINE,
GMC,Sierra,PRO,THEFT
Ford,Explorer,ST,Line
GMC,Sierra,Elevation,
Toyota,Corolla,XLE,AWD
Jeep,Compass,Limited,"4x4,"
Kia,Sorento,EX,AWD
GMC,Canyon,Elevation,NO
Toyota,RAV,XLE,"AWD,"
Buick,Encore,Sport,Touring
Hyundai,Sonata,Preferred,Trend
Kia,Carnival,LX,Navigation
Toyota,Corolla,LE,"UPGRADE,"
Tesla,Model,RWD,*Ltd
GMC,Canyon,AT4,Running
Acura,Integra,Elite,A
Buick,Enclave,SPORT,TOURING
Volkswagen,Jetta,"TRENDLINE,",CLEAN
Ford,Maverick,Lariat,Navigation
Land,Rover,P250,S
Ford,Maverick,,
Genesis,GV70,AWD,Turbo
Toyota,Prius,XSE,Auto
Audi,Q3,40,TFSI
Volkswagen,Jetta,Trendline,
BMW,X2,Sports,Activity
Mazda,CX-5,"GT,",MEMORY
Chevrolet,Silverado,High,Country
Volkswagen,Atlas,Execline,Rain
Jeep,Grand,4XE,HYBRID
Lincoln,Nautilus,,
Hyundai,Venue,Ultimate,IVT
Ford,Mustang,GT,5L
Nissan,Pathfinder,SV,1
Toyota,Corolla,LE,CVT
Buick,Envision,Avenir,
Volkswagen,Golf,380,Auto
Lexus,IS,ULTRA,LUXURY
Ford,Escape,ACTIVE,FWD
Dodge,Durango,GT,Power
Subaru,Forester,Premier,Clean
Toyota,RAV,Hybrid,LE
Ford,Escape,Apple,CarPlay
Ford,F-250,XLT,GAS
Kia,Carnival,SX,Premium
Mazda,CX-5,GS,
Hyundai,Santa,Ultimate,Calligraphy
Ford,Transit,Base,
Jeep,Wrangler,Sport,
Jeep,Grand,Overland,4x4
Hyundai,Elantra,PREFERRED,
Ford,Explorer,Tremor,
GMC,Sierra,Elevation,Heated
Chevrolet,Trax,2RS,Sunroof
Buick,Envision,Avenir,PREMIUM
RAM,1500,Express,4x4
Nissan,Sentra,SR,PREMIUM
Honda,CR-V,SPORT,2026
Ford,F-150,Lariat,501A
Buick,Envision,Avenir,Heated
Nissan,Rogue,AWD,Rock
GMC,Sierra,ELEVATION,TRAILERING
GMC,Sierra,PRO,REMOTE
Jeep,Grand,Laredo,X
Ford,Maverick,XLT,2.5L
Buick,Envision,Preferred,Perforated
Ford,Ranger,XLT,
Ford,Ranger,XLT,2.3L
Jeep,Wrangler,Sport,ALPINE
RAM,3500,Laramie,NIGHT
Volkswagen,Atlas,Execline,
Ford,Bronco,BADLANDS,2.0L
Ford,Ranger,XLT,Sport
GMC,Sierra,Denali,Super
Mazda,CX-5,GT,AWD
Hyundai,Venue,Preferred,Two
GMC,Sierra,4WD,Crew
Buick,Encore,Preferred,Trailer
Ford,Mustang,GT,PREMIUM
Ford,Escape,PLUG,IN
Volvo,XC40,Ultra,Black
Ford,Explorer,Tremor,800A
GMC,Sierra,Pro,
Ford,Ranger,XL,STX
Mitsubishi,Eclipse,Es,S
Hyundai,Tucson,Ultimate,360
Hyundai,Venue,PREFERRED,IVT
Hyundai,Tucson,PREFERRED,
Jeep,Wrangler,WILLYS,4X4
Ford,Maverick,Lobo,Standard
Nissan,Kicks,S,AWD
RAM,1500,REBEL,HEMI
Honda,CR-V,TrailSport,
Buick,Envista,Avenir,
Ford,Explorer,Tremor,4WD
Ford,F-150,XLT,Premium
Hyundai,Kona,Preferred,
Nissan,Sentra,SR,Sedan
RAM,1500,RHO,LEVEL
Buick,Envision,Sport,Touring
Kia,EV9,GT,AWD
Ford,F-150,LARIAT,502A
Jeep,Compass,Sport,4x4
Chrysler,Pacifica,Select,
GMC,Canyon,4WD,Crew
GMC,Sierra,DENALI,
Chevrolet,Equinox,LT,
Mazda,CX-30,GS,
Ford,Maverick,XLT,HYBRID
Buick,Enclave,Preferred,
Jeep,Grand,,
Mercedes-Benz,GLA,GLA,250
Hyundai,Tucson,ULTIMATE,ETA
Dodge,Durango,GT,BLACKTOP
Hyundai,Venue,ULTIMATE,ETA
Hyundai,Elantra,Luxury,
Ford,F-250,XLT,360
RAM,1500,Limited,
Jeep,Compass,SPORT,4X4
Buick,Envista,Avenir,Adv
Jeep,Compass,Trailhawk,TOW
Dodge,Charger,R,T
Kia,Niro,Wind,
Nissan,Sentra,SR,
Chevrolet,Trailblazer,LT,$240
Buick,Encore,Preferred,
GMC,Acadia,ELEVATION,
Chevrolet,Silverado,4WD,Crew
Jeep,Wrangler,Sahara,SKY
Jeep,Wrangler,Willys,
RAM,1500,SPORT,CREW
Nissan,Rogue,Platinum,HTD
Nissan,Sentra,SV,Sedan
RAM,1500,REBEL,CREW
Jeep,Cherokee,Laredo,Limited
GMC,Acadia,ELEVATION,AWD
Chrysler,Pacifica,SELECT,DVD
Jeep,Compass,North,LANE
Subaru,Uncharted,,
Buick,Enclave,Avenir,Panoroof
GMC,Sierra,SLT,Convenience
Hyundai,Tucson,Ultimate,
Ford,F-150,Tremor,
Volkswagen,Golf,Autobahn,Low
GMC,Yukon,Denali,Panoramic
Ford,F-150,XLT,Tow
GMC,Terrain,AWD,AT4
Ford,F-250,XLT,
Mazda,CX-70,GT,
Kia,Sportage,EX,
Volkswagen,Taos,Trendline,4MOTION
Jeep,Compass,North,
Kia,Sportage,HEV,EX
Hyundai,Kona,Preferred,AWD
Mazda,CX-30,GT,
Buick,Encore,Preferred,Comfort
GMC,Terrain,AWD,Denali
GMC,HUMMER,2X,
RAM,1500,Tradesman,
Ford,Explorer,Active,Heated
Jeep,Wrangler,35,INCH
Mitsubishi,RVR,ES,CarPlay
Ford,F-350,XLT,360
Buick,Envision,Preferred,
Nissan,Rogue,ROCK,CREEK
RAM,1500,Rebel,LEVEL
Chevrolet,Silverado,LT,"LT,"
Chevrolet,Malibu,4dr,Sdn
RAM,ProMaster,Tradesman,
Ford,Transit,Reg,148
Jeep,Cherokee,Overland,
GMC,Terrain,Denali,AWD
Chevrolet,Trailblazer,RS,
Ford,Mustang,GT,Premium
GMC,Yukon,DENALI,ULTIMATE
RAM,1500,Sport,GT
GMC,Sierra,AT4,
Hyundai,Tucson,Ultimate,MOONROOF
Jeep,Compass,Trailhawk,
Jeep,Grand,Limited,Reserve
Mazda,Mazda3,GS,AWD
Hyundai,Palisade,Urban,Heated
GMC,Canyon,Denali,Leather
Honda,Civic,Touring,Wireless
Buick,Encore,Avenir,Moonroof
GMC,HUMMER,3X,
Ford,Bronco,Badlands,HTD
Buick,Enclave,Sport,Touring
Honda,CR-V,TRAILSPORT,
GMC,Terrain,AWD,Elevation
Hyundai,Elantra,ESSENTIAL,
Hyundai,Elantra,ESSENTIAL,NO
Chevrolet,Silverado,LT,REMOTE
Ford,F-150,STX,"STX,"
Volkswagen,Golf,Performance,Automatic
Mitsubishi,Eclipse,ES,CarPlay
GMC,Canyon,,
Ford,Explorer,Active,
Chevrolet,Traverse,RS,SuperCruise
Toyota,Tundra,4x4,Double
Lexus,UX,4,K
Ford,F-150,XLT,302A
GMC,Sierra,Pro,GRAPHITE
GMC,Canyon,AT4X,
Ford,F-150,XLT,HTD
Hyundai,Venue,Ultimate,HEATED
Buick,Encore,Preferred,Remote
Buick,Envision,Avenir,Sunroof
Jeep,Compass,Sport,
Chevrolet,Express,,
Ford,F-150,4WD,HYBRID
Porsche,Macan,S,AWD
Hyundai,Tucson,Preferred,Trend
Audi,S5,Progressiv,3.0
RAM,1500,Tungsten,
Jeep,Compass,North,Remote
Subaru,Forester,,
Toyota,Corolla,LE,
Nissan,Rogue,AWD,S
Chevrolet,Trax,LT,"LT,"
Jeep,Wrangler,Sport,Black
Lexus,NX,NX,350h
Buick,Encore,FWD,4dr
RAM,1500,Rebel,Crew
Volkswagen,Atlas,PEAK,EDITION
GMC,Sierra,Pro,Graphite
Toyota,Highlander,Hybrid,Limited
Audi,Q3,BASE,
Jeep,Grand,Upland,
Toyota,Highlander,LE,Hybrid
GMC,Sierra,SLT,X31
Mercedes-Benz,GLS,GLS580,4MATIC
Kia,Seltos,EX,FWD
Honda,Accord,Sport,eCVT
Jeep,Wrangler,4,Door
GMC,Sierra,Max,Range
Jeep,Wrangler,Sahara,4X4
GMC,Canyon,Denali,Heated
Toyota,Corolla,LE,1
Honda,CR-V,Sport,
Toyota,Sienna,,
Infiniti,QX60,LUXE,7
Volkswagen,Tiguan,Highline,
Buick,Encore,Preferred,AWD
GMC,Acadia,Elevation,
Acura,MDX,Platinum,Elite
Mitsubishi,Eclipse,ES,S
Dodge,Durango,SRT,Hellcat
Infiniti,QX60,ONE,OWNER
Acura,ADX,A,Spec
Buick,Encore,Avenir,
Ford,Transit,BASE,
GMC,Sierra,Denali,PRICED
Nissan,Sentra,SV,Premium
Chevrolet,Trax,LT,Midnight
Nissan,Rogue,S,Heated
Lexus,NX,ULTRA,LUXURY
Honda,Civic,SPORT,TOURING
Jeep,Grand,Limited,NO
Ford,F-150,STX,3.5L
RAM,1500,Sport,
Chevrolet,Silverado,Custom,
GMC,Sierra,AT4X,
Chevrolet,Silverado,RST,147''
Lexus,IS,,
Nissan,Sentra,SR,One
Buick,Encore,Avenir,Bluetooth
GMC,Sierra,Elevation,"ELEVATION,"
Buick,Envision,Preferred,Sunroof
Toyota,Corolla,SE,Plus
Cadillac,Lyriq,Sport,*Dealer
GMC,Canyon,AT4,Heated
Ford,F-250,XLT,Premium
Jeep,Compass,Limited,
Volkswagen,Atlas,Highline,4MOTION
Nissan,Sentra,SV,Sunroof
Hyundai,Elantra,PREFERRED,W
GMC,Terrain,Elevation,
Kia,Niro,EX,CLEAN
Land,Rover,Landmark,4WD
Honda,CR-V,TOURING,HYBRID
Acura,MDX,A,Spec
Chevrolet,Equinox,AWD,LT
RAM,2500,Rebel,Power
Ford,F-150,LARIAT,BlueCruise
Chevrolet,Colorado,Trail,Boss
Buick,Envista,Preferred,4G
Chevrolet,Trax,FWD,4dr
Volkswagen,Taos,Comfortline,Black
Chevrolet,Traverse,Z71,
Mazda,Mazda3,GS,1Owner
Jeep,Gladiator,Mojave,
Subaru,Trailseeker,Touring,EV
Ford,F-250,XL,
Toyota,Tundra,Limited,LIMITED
Jeep,Wrangler,Sahara,
Mazda,Mazda3,SPORT,GT
Toyota,Corolla,SE,1
Toyota,Tundra,TRD,LONG
Nissan,Rogue,Midnight,Edition
Honda,CR-V,Touring,*EXTENDED
Acura,ADX,,
Volkswagen,Jetta,HIGHLINE,AUTO
Toyota,RAV,XLE,CARPLAY
MINI,3,Base,
Volkswagen,Tiguan,4Motion,
Toyota,Camry,SE,HYBRID
Buick,Envista,FWD,4dr
Toyota,Camry,SE,AUTO
Toyota,Sienna,7,Passenger
Lexus,RX,ULTRA,LUXURY
Ford,Mustang,Ecoboost,
Honda,Civic,TOURING,
Ford,Escape,Platinum,
GMC,Sierra,,
Chevrolet,Silverado,RST,CLEAN
Tesla,Model,RWD,Hardware
Lexus,RX,ULTRA,PREMIUM
Toyota,Camry,XSE,CVT
Lexus,NX,PREMIUM,PKG
Jeep,Grand,Limited,4x4
Ford,F-150,STX,4WD
Toyota,Crown,Limited,AWD
Kia,K4,GT,TURBO
Audi,A5,S,line
Porsche,Macan,AWD,
Honda,CR-V,Touring,Awd
GMC,Sierra,ELEVATION,CREW
Hyundai,Palisade,Ultimate,7
Toyota,Camry,SE,Auto
Jeep,Grand,LIMITED,4X4
Ford,F-250,XLT,4WD
Volkswagen,Jetta,comfortline,
Ford,F-150,LARIAT,AVAILABLE
Subaru,WRX,RS,CPO!
Chrysler,Grand,SXT,NO
Chevrolet,Trax,CleanCarfax,OneOwner
Audi,SQ5,Progressiv,Quattro
Volkswagen,Jetta,DSG_AUTOBAHN_DRIVER,ASSIST_NAV_PANO
Lexus,NX,250,AWD
Porsche,Macan,Electric,4
Hyundai,Elantra,Preferred,w
Porsche,Cayenne,e,Hybrid
Audi,S5,Technik,3.0
Volkswagen,Jetta,1.5L,Why
Honda,Accord,SE,
Honda,HR-V,EX,L
Toyota,Tundra,4x4,Crewmax
Kia,Carnival,EX,Loaded
Honda,Ridgeline,,
RAM,1500,Limited,5'7''
Toyota,Camry,XSE,Half
Kia,Forte,EX,IVT
Jeep,Wrangler,,
Audi,Q5,2.0,TFSI
BMW,4,XDRIVE,M
Mazda,Mazda3,GX,Auto
Lexus,TX,500H,F
Lexus,NX,250,Signature
Land,Rover,P340,DYNAMIC
Mazda,CX-90,GT,EXTENDED
Land,Rover,20,INCH
Mazda,CX-5,GT,
Mazda,CX-5,Signature,
Mazda,CX-90,GT,P
Jeep,Wrangler,41,Willys
Jeep,Cherokee,,
Jeep,Grand,Altitude,85th
Jeep,Wrangler,Anvil,Sahara
Jeep,Gladiator,Willys,4x4
Lincoln,Aviator,Reserve,200A
Jeep,Wrangler,Luxury,Sahara
Mazda,Mazda3,GX,
Jeep,Gladiator,Granite,Rubicon
Volvo,XC60,B5,AWD
Lincoln,Navigator,,
Mazda,CX-90,Signature,
Jeep,Gladiator,,
Volvo,XC90,T8,AWD
Nissan,Sentra,SR,[NISMO
Ford,F-150,VdpUrlEn,
Jeep,Wrangler,Anvil,Rubicon
RAM,1500,Laramie,5'7
Jeep,Wrangler,SAHARA,Whitecap
Jeep,Cherokee,Cherokee,Laredo
Ford,F-250,Lariat,Tremor
Jeep,Grand,85th,Anniversary
Ford,F-150,2.7L,4
Lincoln,Aviator,,
Volvo,EX30,Twin,Motor
Jeep,Wrangler,Moab,392
Jeep,Wrangler,RUBICON,Safety
RAM,1500,SPORT,5'7
Kia,Carnival,SX+,
Acura,ADX,Platinum,Elite
RAM,1500,Tungsten,5'7
Nissan,Rogue,PLATINUM,
RAM,1500,Laramie,4x4
Nissan,Armada,PLATINUM,RESERVE
RAM,1500,Sport,6'4
Jeep,Wrangler,Sport,Freedom
RAM,1500,Tradesman,5'7
Dodge,Durango,GT,AWD
Ford,Explorer,Active,w
RAM,1500,EXPRESS,Black
Ford,F-150,ENGINE:,3.5L
Ford,F-150,XLT,3.5
Jeep,Wrangler,SIDE,STEPS
Ford,F-150,POWER,ADJUSTABLE
Ford,F-150,XLT,Powerboost
Ford,Expedition,Tremor,Heated
GMC,Terrain,AWD,DENALI
Ford,Maverick,EQUIPMENT,GROUP
GMC,Sierra,PRO,
Mercedes-Benz,GLC,4MATIC,Coupe
Mazda,CX-30,GS,AWD
Chevrolet,Silverado,ZR2,
Kia,K4,LX,LAST
Nissan,Sentra,SR,Front
Ford,Bronco,Badlands,4x4
Kia,EV9,Light,RWD
Honda,Civic,SPORT,Sunroof
Kia,Sorento,LX,AWD
Honda,Accord,SE,Sunroof
Jeep,Cherokee,LAREDO,4X4
Chrysler,Grand,SXT,7
Jeep,Wrangler,Sport,4
Honda,CR-V,SPORT,HYBRID
Kia,Sportage,LX,Lane
Mazda,CX-30,GX,AWD
Honda,Prelude,PRELUDE,HYBRID
Acura,ADX,A,SPEC
Mazda,CX-50,Meridian,Edition
Kia,Seltos,SX,AWD
Acura,MDX,A,SPEC
Acura,MDX,Tech,Google
Chevrolet,Trax,LT,Heated
GMC,Acadia,Elevation,Heated
GMC,Yukon,AT4,Ultimate
Acura,RDX,A,SPEC
Chevrolet,Traverse,RS,Super
GMC,Canyon,AT4,Backup
Chevrolet,Trax,ACTIV,Backup
GMC,Sierra,ELEVATION,Navi
GMC,Sierra,Elevation,Extended
Acura,MDX,Tech,Tech
GMC,Sierra,SLE,
Jeep,Wrangler,Sahara,4Door
GMC,Yukon,Elevation,Heated
Ford,Explorer,ST,
Ford,Explorer,Platinum,4WD
Kia,Sportage,,
Chevrolet,Trax,1RS,Backup
Chevrolet,Silverado,RST,Heated
Lincoln,Aviator,Reserve,201A
RAM,1500,Tungsten,4x4
GMC,Yukon,Denali,
GMC,Terrain,Denali,Sunroof
Ford,Maverick,XLT,302A
Jeep,Gladiator,Sport,S
Ford,Maverick,HYBRID,2.5L
GMC,Sierra,DENALI,Sunroof
Honda,Pilot,TrailSport,AWD
Ford,Mustang,GT,301A
Honda,CR-V,TrailSport,AWD
Ford,F-150,3.5L,V6
Honda,Accord,Touring,
RAM,2500,REBEL,CREW
Ford,Ranger,XLT,300A
Honda,Accord,,
Ford,Explorer,ST,400A
Dodge,Durango,GT,PLUS
Kia,Seltos,LX,AWD
Honda,Pilot,Black,Edition
Acura,RDX,PLATINUM,ELITE
Ford,Ranger,Lariat,EQUIP
Kia,EV4,In,stock
Lincoln,Aviator,Reserve,
Lincoln,Aviator,Premiere,
Jeep,Wrangler,SAHARA,4DR
Ford,Mustang,EcoBoost,Premium
Lincoln,Nautilus,Premiere,
Ford,Ranger,XL,100A
RAM,1500,TUNGSTEN,CREW
Ford,Maverick,Lariat,502A
RAM,1500,BLACK,EXPRESS
Nissan,Rogue,Platinum,Leather
Kia,Sportage,X,LINE
Ford,Mustang,,
Mazda,CX-5,GT,May
RAM,1500,BIG,HORN
Ford,Mustang,EcoBoost,Fastback
Ford,Explorer,ST,4WD
Jeep,Wagoneer,PREMIUM,"AWD,"
Buick,Envision,Avenir,ENG
Jeep,Cherokee,LAREDO,"4X4,"
Jeep,Grand,ALTITUDE,"4X4,"
Dodge,Durango,GT,HEMI
Ford,F-150,2.7,L
Buick,Envision,INCOMING,
Ford,F-150,2.7L,ECO
Ford,Ranger,2.7L,XLT
Ford,Escape,AWD,ST
GMC,Sierra,Elevation,Sunroof
Ford,Maverick,2.5L,HYBRID
Ford,Ranger,2.3L,ECO
Acura,RDX,Platinum,Elite
Acura,RDX,A,Spec
Acura,ADX,ADX,Remote
Acura,Integra,A,Spec
Acura,MDX,Type,S
Acura,Integra,Type,S
Acura,Integra,,
Acura,ADX,AWD,
Acura,Integra,CVT,w
Acura,ADX,PLATINUM,ELITE
Acura,MDX,Tech,SH
Acura,MDX,PLATINUM,ELITE
Acura,MDX,,
Acura,MDX,TECH,
Acura,Integra,ELITE,A
Acura,ADX,PANORAMIC,ROOF
Acura,RDX,Clean,Carfax
Acura,MDX,TECH,Acura
Acura,RDX,Tech,Roof
Acura,ADX,Platinum,"Elite,"
Acura,MDX,SH,AWD
Acura,MDX,A,"Spec,"
Acura,RDX,A,"Spec,"
Acura,RDX,SH,AWD
Acura,ZDX,TYPE,S
Acura,ZDX,Clean,Carfax
Acura,MDX,Platinum,"Elite,"
Acura,ZDX,A,"Spec,"
Acura,RDX,Aspec,*NO
Acura,TLX,SH,AWD
Acura,TLX,A,Spec
Acura,Integra,A,"Spec,"
Acura,Integra,RARE,FIND!
Acura,ADX,A,"Spec,"
Acura,RDX,ASPEC,CARPLAY
Acura,MDX,AWD,PANORAMIC
Acura,MDX,ASPEC,CARPLAY
Acura,MDX,ASPEC,CAPLAY
Acura,RDX,Technology,Package
Acura,Integra,A,SPEC
Acura,MDX,PLATINUM,ELITE.
Acura,Integra,ASPEC,LOW
Acura,Integra,ASPEC,CARPLAY
Audi,Q5,SPORTBACK,PROGRESSIV
Audi,Q5,Progressiv,QUATTRO
Audi,SQ5,HUD,Black
Audi,S5,Technik,Sound
Audi,A4,45,Progressiv
Audi,Q5,Sales,Demo
Audi,Q5,Progressiv,2.0
Audi,S7,2.9,TFSI
Audi,S5,New,S5
Audi,SQ5,Progressiv,Red
Audi,SQ5,Technik,Magnesium
Audi,Q7,Technik,55
Audi,Q5,Komfort,45
Audi,A4,45,TFSI
Audi,Q8,Progressiv,360
Audi,SQ5,Technik,Black
Audi,SQ5,3.0T,Progressiv
Audi,Q8,QUATTRO,LEATHER
Audi,A5,Sales,Demo
Audi,A5,2.0,TFSI
Audi,RS5,QUATTRO,CARBON
Audi,A5,Progressiv,w
Audi,SQ5,TECHNIK,BLACK
Audi,A5,Technik,2.0
Audi,Q3,Komfort,45
Audi,SQ5,Progressiv,3.0
Audi,RS3,2.5,TFSI
Audi,A3,Progressiv,Quattro
Audi,A5,Moonroof,Navi
Audi,A5,Prestige,Gps
Audi,A5,Progressiv,Power
Audi,A4,QUATTRO,S
Audi,Q3,Progressiv,S
Audi,Q5,,
Audi,A6,quattro,Progressiv
Audi,Q5,Progressiv,45
Audi,Q8,S,LINE
Audi,Q7,TECHNIK,BLACK
Audi,Q5,"Progressiv,",New
Audi,Q3,Technik,Brand
Audi,A5,,
Audi,A3,Premium,quattro
Audi,Q3,QUATTRO,45
Audi,Q5,quattro,LEATHER
Audi,Q3,Progressiv,Black
Audi,S5,Progressiv,Red
Audi,A3,40,Progressiv
Audi,S4,Technik,ADAPTIVE
Audi,Q5,Progressiv,Panoroof
Audi,A6,quattro,Technik
Audi,A5,Progressiv,Quattro
Audi,A5,Progressiv,2.0
Audi,S5,Technik,Carbon
Audi,Q5,Technik,2.0
Audi,S5,Technik,3.0TFSI
Audi,A5,Technik,
Audi,S3,2.0,TFSI
Audi,Q8,Progressiv,Trailer
Audi,Q7,No,Accident
Audi,A4,45,Komfort
Audi,Q8,"Quattro,","Electric,"
Audi,Q5,TFSI,quattro
Audi,Q3,TFSI,quattro
Audi,Q4,55,quattro
Audi,SQ5,Progressiv,PROGRESSIV
Audi,SQ7,quattro,4.0
Audi,SQ5,TFSI,quattro
Audi,Q7,55,TFSI
Audi,Q8,55,TFSI
Audi,A3,40,TFSI
Audi,A5,TFSI,PANORAMIC
Audi,Q5,Progressiv,PROGRESSIV
Audi,A5,Progressiv,PROGRESSIV
Audi,Q7,45,TFSI
Audi,S3,quattro,Progressiv
Audi,Q5,Technik,TECHNIK
Audi,SQ5,Technik,TECHNIK
Audi,A6,TFSI,quattro
Audi,S5,TFSI,quattro
Audi,A5,TFSI,NEW
Audi,Q3,Progressiv,quattro
Audi,Q3,Technik,quattro
Audi,SQ5,Technik,3.0
Audi,A5,TFSI,S
Audi,Q5,Progressiv,S
Audi,Q5,Progressiv,Demo
Audi,Q5,TFSI,Demo
Audi,A5,Progressiv,S
Audi,A5,TFSI,Quattro
Audi,SQ5,3.0,TFSI
Audi,Q7,Progressiv,55
Audi,A6,Technik,TFSI
Audi,Q5,Technik,Acoustic
Audi,A3,Technik,TFSI
Audi,Q5,Technik,Passenger
Audi,RS3,quattro,Carbon
Audi,A3,Progressiv,TFSI
Audi,A3,TFSI,quattro
Audi,SQ7,4.0,TFSI
Audi,SQ5,Technik,362
Audi,Q5,TFSI,14.5
Audi,RS3,quattro,394
Audi,A5,TFSI,Adaptive
Audi,A5,Progressiv,Lease
Audi,A5,TFSI,Lease
Audi,Q5,Progressiv,Lease
Audi,S3,quattro,Technik
Audi,SQ5,Progressiv,362
Audi,A5,Progressiv,Electrochromic
Audi,A5,Technik,Passenger
Audi,Q8,Technik,55
Audi,Q5,2.0T,Progressiv
Audi,Q5,TFSI,Lease
Audi,Q5,Progressiv,LED
Audi,Q5,Progressiv,B&O
Audi,A5,TFSI,Technik
Audi,Q5,2.0T,
Audi,S3,Technik,2.0
Audi,A6,Progressiv,TFSI
Audi,S5,3.0,TFSI
BMW,X5,xDrive40i,
BMW,X1,M35i,xDrive
BMW,X3,M50,xDrive
BMW,X5,xDrive50e,
BMW,X1,PremiumEssentialPkg,MSportPkg
BMW,X2,M35i,Prem.Essential
BMW,X1,PremiumEnhancedPkg,AdvDrvAsst
BMW,X2,Prem.Essential,MSportPkg
BMW,X1,PremiumEnhancedPkg,MSportPro
BMW,2,228i,xDrive
BMW,X1,MSportEdition,"19""Alloys"
BMW,X5,xDrive50e,MSportPro
BMW,X2,PremiumEssentialPkg,MSportPkg
BMW,X2,M35i,PremiumEssentialPkg
BMW,X5,PremiumEnhancedPkg,MSportPro
BMW,X1,PremiumEssentialPkg,XlinePkg
BMW,iX,PremiumEssentialPkg,MSportPro
BMW,X5,MSportEdition,AdvDrvAsst
BMW,iX,ALL,NEW
BMW,iX,ELECTRIC,ALL
BMW,i4,eDrive40,MSportPkg
BMW,i4,eDrive40,PremEssentialPkg
BMW,X1,PremiumEssentialPkg,MSportPro
BMW,i4,PremiumEnhancedPkg,MSportPro
BMW,i4,eDrive40,PremiumEnhancedPkg
BMW,i4,xDrive40,PremEnhancedPkg
BMW,i4,xDrive40,PremEssentialPkg
BMW,iX,PremiumEnhancedPkg,AdvDrvAsst
BMW,iX,PremEssentialPkg,MSportPro
BMW,i4,PremiumEnhancedPkg,AdvDrvAsst
BMW,i4,ELECTRIC,eDrive40
BMW,X1,PremiumEssentialPkg,"19""Alloys"
BMW,X2,PremiumEssentialPkg,MSportPro
BMW,X1,M35i,PremiumEnhancedPkg
BMW,X2,M35i,xDrive
BMW,X1,,
BMW,3,M340i,xDrive
BMW,2,DEMO,SAVINGS
BMW,X1,DEMO,SAVINGS
BMW,X2,xDrive28i,
BMW,iX,xDrive45,
BMW,X5,X5,xDrive50e
BMW,X5,xDrive40i,M
BMW,3,Xdrive,Sedan
BMW,i4,DEMO,AND
BMW,Z4,M40i,
BMW,3,xDrive,Sedan(63FT)
BMW,5,550e,xDrive
BMW,i4,xDrive40,
BMW,i4,eDrive40,
BMW,iX,xDrive60,
BMW,8,,
BMW,X2,,
BMW,X1,Xdrive28i,Used
BMW,X5,xDrive40i,$6635
BMW,i4,M60,xDrive
BMW,4,M440i,xDrive
BMW,X6,xDrive40i,
BMW,X1,M35i,Xdrive
BMW,2,M240i,xDrive
BMW,X3,30,Xdrive
BMW,X4,M40i,xDrive
BMW,X5,xDrive40i,Sports
BMW,X6,xDrive40i,PREMIUM
BMW,X6,XDRIVE,M
BMW,X3,xDrive30i,CPO
BMW,X5,xDrive50e,Soft
BMW,X5,xDrive40i,PREMIUM
BMW,X3,xDrive,
BMW,4,i,xDrive
BMW,X3,xDrive30e,CPO
BMW,X4,xDrive30i,CPO
BMW,X5,M60i,M
BMW,M3,Competition,Sedan
BMW,X6,xDrive40i,M
BMW,X3,AWD,CPO
BMW,X6,XDRIVE40I,M
BMW,X3,xDrive30i,Sports
BMW,X3,xDrive30i,PREMIUM
BMW,3,330I,xDrive
BMW,X6,AWD,CPO
BMW,X1,xDrive28i,Alloy
BMW,X5,CPO,"20"""
BMW,3,xDrive,Sedan
BMW,X6,xDrive40i,Premium
BMW,4,,
BMW,X3,,
BMW,3,,
BMW,M4,Competition,COUPE
BMW,3,M340i,PremEnhanced
BMW,M4,COUPE,RWD
BMW,X5,xDrive40i,AWD
BMW,i5,M60,XDRIVE
BMW,i7,xDrive60,FINANCE
BMW,3,i,xDrive
BMW,X6,M60i,XDRIVE
BMW,X1,"xDrive28i,",Pano
BMW,4,Msport,HUD
BMW,4,xDrive,Coupe
BMW,X5,Essential,PKG
BMW,4,CLEAN,CARFAX
BMW,X7,XDRIVE40I,7
BMW,X1,xDrive28i,FINANCE
BMW,X2,xDrive28i,M
BMW,X5,xDrive40i,PremiumEssential
BMW,X5,xDrive40i,Premium
BMW,4,AWD,CPO
BMW,X5,xDrive40i,Interior
BMW,2,Gran,"Coupe,"
BMW,X1,AWD,CPO
Buick,Envista,PREFERRED,
Buick,Envision,Avenir,Pano
Buick,Encore,PREFERRED,
Buick,Envista,Avenir,Moonroof
Buick,Enclave,Avenir,Pano
Buick,Envision,Preferred,Backup
Buick,Envision,Preferred,360
Buick,Encore,Avenir,Leather
Buick,Encore,Avenir,Pano
Buick,Encore,SPORT,TOURING
Buick,Envision,Preferred,Pano
Buick,Envision,AVENIR,
Buick,Envista,AVENIR,
Buick,Envision,PREFERRED,
Buick,Enclave,Avenir,
Buick,Encore,AVENIR,
Buick,Enclave,Preferred,PWR
Buick,Envision,Preferred,NAVIGATION
Buick,Envision,PREFERRED,AWD
Buick,Envista,Preferred,HEATED
Buick,Envision,Preferred,AMBIENT
Buick,Enclave,PREFERRED,
Buick,Enclave,AVENIR,
Buick,Envision,Preferred,HEADS
Buick,Envista,Preferred,ADVANCED
Buick,Enclave,Preferred,PANORAMIC
Buick,Envision,Preferred,ACTIVE
Buick,Encore,AWD,4dr
Buick,Enclave,AWD,4dr
Buick,Encore,Preferred,ADVANCED
Buick,Encore,Avenir,AVENIR
Buick,Enclave,Avenir,TECHNOLOGY
Buick,Enclave,Preferred,SUNROOF
Buick,Encore,Preferred,PREF
Buick,Envision,Preferred,Quartz
Buick,Enclave,Preferred,AWD
Buick,Envision,Avenir,SEATS
Buick,Envision,Avenir,2.0L
Buick,Envision,Preferred,Heated
Buick,Envista,INCOMING,
Buick,Envista,Preferred,FWD
Buick,Encore,Preferred,ENG
Buick,Envista,Avenir,PREF
Buick,Encore,Preferred,Heated
Buick,Envista,Avenir,Sunroof
Buick,Encore,GX,Sport
Buick,Envista,Avenir,Fwd
Buick,Envista,NO,ACCIDENTS
Buick,Encore,Avenir,Sunroof
Buick,Encore,Avenir,Awd
Buick,Envista,Preferred,Heated
Buick,Envista,Avenir,1.2L
Buick,Envista,ST,Fwd
Buick,Encore,PREFERRED,AWD
Buick,Envista,Preferred,Remote
Buick,Envista,ST,Leather
Buick,Envista,OMLY,7800
Buick,Envista,FWD,Avenir
Buick,Envista,ST,Sunroof
Buick,Envista,Avenir,Leather
Buick,Envista,Avenir,One
Buick,Encore,AWD,ST
Buick,Enclave,Avenir,"LOADED,"
Buick,Encore,Avenir,AWD
Buick,Envista,Preferred,Power
Buick,Encore,AVENIR,AWD
Buick,Encore,ST,AWD
Buick,Envista,Avenir,HEATED
Buick,Encore,Avenir,BOSE
Buick,Encore,Preferred,All
Buick,Encore,Preferred,No
Buick,Envision,Avenir,LEATHER
Buick,Enclave,Avenir,Heated
Buick,Encore,Avenir,HEATED
Buick,Envista,Fwd,4dr
Buick,Encore,Avenir,SUNROOF
Buick,Enclave,Premium,AWD
Buick,Encore,GX,SPORT
Buick,Envision,AVENIR,AWD
Buick,Encore,Avenir,Low
Buick,Encore,"PREFERRED,",ONLY
Buick,Envision,,
Buick,Envista,,
Buick,Encore,"Avenir,","AWD,"
Buick,Enclave,Essence,Power
Buick,Encore,Avenir,"AVENIR,"
Buick,Envista,Preferred,"PREFERRED,"
Buick,Envista,"PREFERRED,",CLEAN
Buick,Encore,GX,AVENIR
Buick,Encore,Avenir,Adaptive
Buick,Envision,DEMO,
Buick,Enclave,AWD,Essence
Buick,Enclave,Fully,Loaded
Buick,Envista,AVENIR,SUNROOF
Cadillac,Lyriq,V,Premium
Cadillac,Optiq,Sport,
Cadillac,Optiq,Premium,Luxury
Cadillac,Optiq,V,Series
Cadillac,Lyriq,V,
Cadillac,Optiq,Luxury,
Cadillac,XT5,Luxury,
Cadillac,XT5,Sport,Pano
Cadillac,Lyriq,LYRIQ,V
Cadillac,Optiq,Luxury,Pano
Cadillac,Optiq,Sport,Pano
Cadillac,XT5,Sport,
Cadillac,Optiq,Premium,Sport
Cadillac,CT5,Sport,
Cadillac,Lyriq,Premium,Sport
Cadillac,XT6,AWD,4dr
Cadillac,Lyriq,4dr,LYRIQ
Cadillac,Optiq,4dr,OPTIQ
Cadillac,XT5,AWD,4dr
Cadillac,Optiq,4dr,Premium
Cadillac,Lyriq,4dr,Sport
Cadillac,CT4-V,Blackwing,
Cadillac,Optiq,4dr,Sport
Cadillac,Lyriq,Sport,
Cadillac,Vistiq,Sport,
Cadillac,CT5,4dr,Sdn
Cadillac,CT4-V,V,Series
Cadillac,Lyriq,4dr,Premium
Cadillac,CT5,Premium,Luxury
Cadillac,XT5,Premium,Luxury
Cadillac,Lyriq,Signature,Sport
Cadillac,Optiq,OPTIQ,V
Cadillac,CT4,4dr,Sdn
Cadillac,Optiq,Sport,SuperCruise
Cadillac,Lyriq,Signature,Luxury
Cadillac,Lyriq,Luxury,
Cadillac,Optiq,Luxury,SuperCruise
Cadillac,XT5,AWD,Premium
Cadillac,XT5,FWD,Luxury
Cadillac,CT4,Premium,Luxury
Cadillac,XT5,AWD,Sport
Cadillac,CT4,Sport,
Cadillac,Lyriq,Sport,360
Cadillac,Optiq,Sport,"SPORT,"
Cadillac,Optiq,Luxury,Premium
Cadillac,Optiq,Sport,AKG
Cadillac,Optiq,Sport,"OPTIQ,"
Cadillac,Lyriq,Luxury,Heated
Cadillac,Lyriq,Sport,Heated
Cadillac,Optiq,Sport,Ambient
Cadillac,Lyriq,,
Cadillac,CT4-V,CT4,V
Cadillac,Vistiq,LUXRY,
Cadillac,Escalade,BASE,
Cadillac,CT5,,
Cadillac,XT5,PREMLUX,
Cadillac,Optiq,4dr,Luxury
Cadillac,Optiq,SPORT1,
Cadillac,CT5-V,V,Series
Cadillac,Lyriq,Tech,1SA
Cadillac,XT5,CLEAN,CARFAX
Cadillac,XT4,CLEAN,CARFAX
Cadillac,XT4,AWD,Sport
Cadillac,XT4,Sport,Vented
Cadillac,XT4,Sport,UNDER
Cadillac,XT4,AWD,4dr
Cadillac,XT4,XT4,AWD
Cadillac,Lyriq,VdpUrlEn,
Cadillac,Lyriq,Tech,pkg
Cadillac,Escalade,,
Cadillac,Lyriq,TECH,PKG
Cadillac,XT4,,
Cadillac,XT4,FWD,Luxury
Cadillac,Lyriq,"Tech,","Electric,"
Cadillac,Lyriq,SPORT,2
Cadillac,XT4,Active,Safety
Cadillac,Lyriq,Sport,3
Cadillac,Lyriq,Tech,"AWD,"
Cadillac,Lyriq,LUXURY,2
Cadillac,Lyriq,SPORT,3
Cadillac,Lyriq,AWD,I
Cadillac,Lyriq,LUXURY,PKG
Cadillac,Lyriq,SPORT,1
Cadillac,XT6,SPORT,1
Cadillac,Lyriq,LUXURY,3
Cadillac,XT5,Sport,Courtesy
Cadillac,Lyriq,Luxury,1
Cadillac,XT6,LUXURY,AWD
Cadillac,Lyriq,4dr,Tech
Cadillac,XT6,AWD,Sport
Cadillac,Lyriq,AWD,","
Cadillac,XT4,SPORT,PANOROOF
Cadillac,XT4,Sport,AWD
Cadillac,Optiq,Sport,AWD
Cadillac,XT4,Premium,Luxury
Cadillac,Escalade,AWD,4dr
Cadillac,XT4,Sport,18
Cadillac,XT4,FWD,4dr
Cadillac,XT6,4DR,LUXURY
Cadillac,Lyriq,TECH,W
Cadillac,Escalade,4WD,Sport
Cadillac,XT4,Sport,33
Cadillac,XT5,PREMIUM,LUXURY
Cadillac,XT6,AWD,4DR
Cadillac,Escalade,4WD,4dr
Cadillac,Lyriq,Tech,
Cadillac,Lyriq,LUXURY,1
Cadillac,XT4,SPORT,CLEAN
Cadillac,XT4,Sport,Sunroof
Cadillac,Lyriq,Sport,1SF
Cadillac,Vistiq,Sport!,Just
Cadillac,XT6,Sport,
Cadillac,Lyriq,Luxury,pkg!
Cadillac,XT4,Sport,Leather
Cadillac,XT4,AWD,LUXURY
Cadillac,Lyriq,Luxury,2
Cadillac,XT4,Sport,
Chevrolet,Tahoe,Z71,
Chevrolet,Traverse,LT,Heated
Chevrolet,Equinox,AWD,RS
Chevrolet,Colorado,4WD,Z71
Chevrolet,Trax,ACTIV,Sunroof
Chevrolet,Trax,ACTIV,Leather
Chevrolet,Trailblazer,RS,City
Chevrolet,Silverado,WT,
Chevrolet,Express,Work,Van
Chevrolet,Corvette,2LT,New
Chevrolet,Express,WT,135''
Chevrolet,Colorado,Z71,
Chevrolet,Corvette,1LT,
Chevrolet,Trailblazer,LT,
Chevrolet,Tahoe,High,Country
Chevrolet,Equinox,RS,
Chevrolet,Tahoe,LS,
Chevrolet,Tahoe,Premier,
Chevrolet,Blazer,RS,
Chevrolet,Blazer,SS,
Chevrolet,Trailblazer,LS,Apple
Chevrolet,Trax,2RS,Heated
Chevrolet,Trailblazer,ACTIV,
Chevrolet,Equinox,LT,Pano
Chevrolet,Silverado,RST,Backup
Chevrolet,Silverado,RST,Sunroof
Chevrolet,Equinox,RS,Pano
Chevrolet,Colorado,Z71,Sunroof
Chevrolet,Express,WT,155''
Chevrolet,Corvette,1LT,Backup
Chevrolet,Silverado,ZR2,Sunroof
Chevrolet,Tahoe,HIGH,COUNTRY
Chevrolet,Trax,2RS,Backup
Chevrolet,Blazer,LT,Navi
Chevrolet,Silverado,WT,Backup
Chevrolet,Equinox,RS,Power
Chevrolet,Corvette,Stingray,Convertible
Chevrolet,Equinox,ACTIV,Pano
Chevrolet,Trailblazer,LT,Heated
Chevrolet,Express,2500,135
Chevrolet,Silverado,HIGH,COUNTRY
Chevrolet,Equinox,FWD,LT
Chevrolet,Trailblazer,RS,Pano
Chevrolet,Tahoe,RST,Leather
Chevrolet,Colorado,ZR2,Sunroof
Chevrolet,Colorado,4WD,Work
Chevrolet,Equinox,2LT,
Chevrolet,Express,2500,155
Chevrolet,Blazer,AWD,SS
Chevrolet,Trax,1RS,Sunroof
Chevrolet,Trax,1RS,
Chevrolet,Trax,LT,Backup
Chevrolet,Trax,LT,Sunroof
Chevrolet,Trax,ACTIV,Heated
Chevrolet,Colorado,4WD,Crew
Chevrolet,Equinox,LT,ENG
Chevrolet,Equinox,AWD,ACTIV
Chevrolet,Corvette,Stingray,GT2
Chevrolet,Silverado,RST,SAFETY
Chevrolet,Silverado,RST,PROTECTION
Chevrolet,Corvette,Stingray,Z51
Chevrolet,Equinox,LT,CONVENIENCE
Chevrolet,Corvette,Stingray,PERFORMANCE
Chevrolet,Silverado,Trail,Boss
Chevrolet,Equinox,ACTIV,MOSAIC
Chevrolet,Trax,2RS,WHITE
Chevrolet,Trailblazer,RS,ADAPTIVE
Chevrolet,Equinox,LT,LT
Chevrolet,Trax,ACTIV,MOSAIC
Chevrolet,Trax,LT,MOSAIC
Chevrolet,Trax,LT,ECOTEC
Chevrolet,Corvette,3LT,
Chevrolet,Trax,LT,MARINA
Chevrolet,Trax,2RS,MARINA
Chevrolet,Trax,ACTIV,WHITE
Chevrolet,Silverado,ZR2,NAVIGATION
Chevrolet,Colorado,ZR2,SUNROOF
Chevrolet,Corvette,Stingray,3LT
Chevrolet,Blazer,RS,3.6L
Chevrolet,Blazer,2LT,AWD
Chevrolet,Silverado,RST,5.3L
Chevrolet,Blazer,RS,V6
Chevrolet,Silverado,LT,Crew
Chevrolet,Silverado,4WD,2.7T
Chevrolet,Trailblazer,LT,AWD
Chevrolet,Silverado,Custom,147''
Chevrolet,Traverse,Z71,SUPER
Chevrolet,Trailblazer,RS,Awd
Chevrolet,Silverado,Custom,157''
Chevrolet,Tahoe,3.0L,4WD
Chevrolet,Trailblazer,LT,Cloth
Chevrolet,Silverado,RST,No
Chevrolet,Trax,LT,Fwd
Chevrolet,Colorado,4WD**Z71**LEATHER**TOUCHSCREEN**BOSE,AUDIO**CARPLA
Chevrolet,Malibu,LT,Sunroof
Chevrolet,Blazer,AWD,4dr
Chevrolet,Corvette,Stingray,6.2L
Chevrolet,Trailblazer,AWD,LT
Chevrolet,Trailblazer,FWD,LT
Chevrolet,Equinox,RS,AWD
Chevrolet,Trax,2RS,Fwd
Chevrolet,Suburban,4WD,LT
Chevrolet,Corvette,Stingray,Nav
Chevrolet,Silverado,RST,Leather
Chevrolet,Corvette,3LT,Z51
Chevrolet,Silverado,ZR2,4WD
Chevrolet,Silverado,Custom,4WD
Chevrolet,Express,V6,Cruise
Chevrolet,Malibu,1LT,
Chevrolet,Express,4.3L,V6
Chevrolet,Silverado,,
Chevrolet,Colorado,ZR2,MULTIMATIC
Chevrolet,Trax,2RS,LEATHER
Chevrolet,Corvette,3LZ,E
Chevrolet,Silverado,CUSTOM,CLEAN
Chevrolet,Traverse,DEMO,
Chevrolet,Silverado,Custom,No
Chevrolet,Trailblazer,DEMO,
Chevrolet,Silverado,CUSTOM,6.6L
Chevrolet,Equinox,RS,85
Chevrolet,Trailblazer,LS,AWD
Chevrolet,Silverado,LT,CARPLAY
Chevrolet,Silverado,RST,LEATHER
Chevrolet,Malibu,1LT,Fuel
Chevrolet,Express,RWD,2500
Chevrolet,Suburban,LT,4x4
Chevrolet,Blazer,Memory,Pkg
Chevrolet,Malibu,LT,One
Chevrolet,Corvette,Stingray,
Chevrolet,Corvette,Z51,2LT
Chevrolet,Corvette,2LT,
Chevrolet,Blazer,RS,RS
Chevrolet,Blazer,Sport,Edition
Chevrolet,Colorado,Advanced,Trailering
Chevrolet,Trailblazer,LT,Cold
Chevrolet,Silverado,RST,4x4
Chevrolet,Suburban,Diesel,Full
Chevrolet,Silverado,Previous,Daily
Chevrolet,Silverado,RST,CAP
Chevrolet,Corvette,1LT,5
Chevrolet,Trailblazer,RS,ALL
Chevrolet,Camaro,Supercharged,V8
Chevrolet,Equinox,ACTIV,AWD
Chevrolet,Silverado,RST,Courtesy
Chevrolet,Trailblazer,1RS,AWD
Chevrolet,Trax,LT,LOW
Chevrolet,Express,3500,14
Chrysler,Pacifica,ADAPTIVE,CRUISE
Chrysler,Grand,SXT,BLIND
Chrysler,Pacifica,Select,FWD
Chrysler,Grand,SXT,Dual
Chrysler,Pacifica,SELECT,AWD
Chrysler,Pacifica,SUNROOF,ADAPTIVE
Chrysler,Pacifica,Limited,FWD
Chrysler,Pacifica,Select,AWD
Chrysler,Pacifica,SELECT,
Chrysler,Pacifica,,
Chrysler,Pacifica,8,Seats
Chrysler,Pacifica,Premium,S
Chrysler,Pacifica,Select,SOLD
Chrysler,Pacifica,PINNACLE,RARE
Chrysler,Grand,SXT,2WD
Chrysler,Pacifica,Select,HEATED
Chrysler,Grand,SXT,
Chrysler,Pacifica,"SELECT,",THEATRE
Chrysler,Pacifica,SELECT,LTHR
Chrysler,Pacifica,LIMITED,"AWD,"
Chrysler,Grand,SXT,LEATHERETTE
Chrysler,Pacifica,Select,8
Chrysler,Grand,SXT,PWR
Chrysler,Grand,SXT,Tinted
Chrysler,Grand,SXT,w
Chrysler,Grand,SXT,SiriusXM
Chrysler,Pacifica,Limited,Panoroof
Chrysler,Pacifica,Limited,Safety
Chrysler,Pacifica,Limited,Fwd
Chrysler,Grand,SXT,Leather
Chrysler,Grand,SXT,"10.1"""
Chrysler,Pacifica,Limited,
Chrysler,Pacifica,S,"PACKAGE,"
Chrysler,Pacifica,Limited,S
Chrysler,Pacifica,Pinnacle,PLUG
Chrysler,Pacifica,Limited,10.1Display
Chrysler,Pacifica,Limited,Pano
Chrysler,Pacifica,PINNACLE,PLUG
Chrysler,Pacifica,Limited,AWD
Chrysler,Grand,Sxt,2wd
Chrysler,Pacifica,Limited,NO
Chrysler,Pacifica,LIMITED,S
Chrysler,Pacifica,LIMITED,FWD
Chrysler,Pacifica,LIMITED,FAM
Chrysler,Pacifica,LIMITED,NAVI
Chrysler,Pacifica,LIMITED,SAFETY
Chrysler,Pacifica,Limited,Leather
Chrysler,Pacifica,Pinnacle,
Chrysler,Pacifica,SELECT,7
Chrysler,Pacifica,PLUG,IN
Chrysler,Pacifica,LIMITED,CLEAN
Chrysler,Pacifica,PINNACLE,AWD
Chrysler,Pacifica,Limited,SECOND
Chrysler,Pacifica,Limited,TOW
Chrysler,Pacifica,Select,S
Chrysler,Pacifica,Limited,360
Chrysler,Grand,SXT,LOW
Chrysler,Pacifica,Limited,NAV
Chrysler,Pacifica,Limited,LEATHER
Chrysler,Pacifica,Limited,PANO
Chrysler,Pacifica,SELECT,7SEATER
Chrysler,Pacifica,LIMITED,PANORAMIC
Chrysler,Pacifica,LIMITED,FULL
Chrysler,Grand,"SXT,","3.6L,"
Chrysler,Pacifica,Limited,Heated
Chrysler,Pacifica,Limited,PREMIUM
Chrysler,Grand,SXT,Heated
Chrysler,Pacifica,Select,Leather
Chrysler,Pacifica,Limited,Adaptive
Chrysler,Grand,SXT,3.6L
Chrysler,Grand,SXT,HEATED
Chrysler,Pacifica,LTD,S
Chrysler,Pacifica,SELECT,PANO
Chrysler,Pacifica,Limited,PWR
Chrysler,Pacifica,LIMITED,
Chrysler,Grand,,
Chrysler,Pacifica,Limited,SOLD
Chrysler,Pacifica,Limited,REAR
Chrysler,Pacifica,Select,POWER
Chrysler,Grand,SXT,QUADS
Chrysler,Pacifica,LIMITED,PANOROOF
Chrysler,Grand,SXT,3ROW
Chrysler,Pacifica,Select,LIMITED
Chrysler,Pacifica,LIMITED,20
Chrysler,Pacifica,LIMITED,LEATHER
Chrysler,Pacifica,LIMITED,REAR
Chrysler,Grand,"SXT,",REMOTE
Chrysler,Pacifica,SELECT,3.6L
Chrysler,Pacifica,Limited,Sunroof
Chrysler,Grand,SXT,Service
Chrysler,Pacifica,Limited,CLEAN
Chrysler,Grand,SXT,DEMO
Chrysler,Pacifica,XL,INFO
Chrysler,Pacifica,PREMIUM,S
Chrysler,Pacifica,Select,PLUG
Dodge,Durango,V8,HEMI
Dodge,Durango,Citadel,Gps
Dodge,Hornet,Hybrid,PHEV
Dodge,Hornet,R,T
Dodge,Durango,GT,Premium
Dodge,Durango,GT,
Dodge,Durango,GT,PLUS**AWD**LEATHER**BLACKTOP
Dodge,Durango,SXT,Plus
Dodge,Hornet,GT,Plus
Dodge,Durango,SRT**HELLCAT**HAMMERHEAD**AWD**SUNROOF**LAGUNA,LEA
Dodge,Hornet,GT,
Dodge,Durango,Citadel,AWD
Dodge,Durango,RT,Plus
Dodge,Durango,Gt,Plus
Dodge,Durango,AWD,R
Dodge,Hornet,PHEV,LOW
Dodge,Durango,RT,7SEATER
Dodge,Charger,Scat,Pack
Dodge,Hornet,RT,360
Dodge,Charger,BLACK,TOP
Dodge,Durango,R,T**AWD**BLACKTOP**TOW
Dodge,Hornet,GT,AWD
Dodge,Hornet,,
Dodge,Durango,CITADEL**AWD**LEATHER**SUNROOF**10.1,SCREEN**BLIND
Dodge,Durango,GT,ALL
Dodge,Hornet,R,t
Dodge,Durango,CITADEL,NAPPA
Dodge,Charger,SCAT,PACK
Dodge,Durango,Gt,Awd
Dodge,Durango,GT,BLACKT
Dodge,Hornet,Gt,Plus
Dodge,Hornet,GT,ALL
Dodge,Durango,CITADEL,AWD
Dodge,Durango,Citadel,CITADEL
Dodge,Durango,SXT+,AWD
Dodge,Hornet,RT,1.3L
Dodge,Hornet,RT,PLUS
Dodge,Durango,GT,"AWD,"
Dodge,Charger,,
Dodge,Durango,R,"T,"
Dodge,Hornet,GT,PLUS
Dodge,Hornet,GT,Alcantara
Dodge,Charger,510HP,Scat
Dodge,Durango,SUNROOF,POWER
Dodge,Durango,BLACK,TOP
Dodge,Charger,RT,SIX
Dodge,Durango,GT,Gps
Dodge,Durango,NEW,RT
Dodge,Durango,GT,BLACK
Dodge,Charger,2,Door
Dodge,Charger,4,Door
Dodge,Durango,GT,BRAND
Ford,Bronco,,
Ford,Maverick,Lobo,High
Ford,Expedition,Tremor,4x4
Ford,F-150,Platinum,4WD
Ford,Escape,Active,AWD
Ford,Escape,PHEV,FWD
Ford,Explorer,TREMOR,CPO
Ford,Mustang,ECOBOOST,PREMIUM
Ford,Expedition,Platinum,4x4
Ford,Escape,PLATINUM,AWD
Ford,Bronco,BADLANDS,HART
Ford,Bronco,Heritage,Edition
Ford,Bronco,Wildtrak,Gps
Ford,F-350,XLT,4WD
Ford,Escape,,
Ford,Escape,Platinum,AWD
Ford,Transit,Back,up
Ford,F-150,XLT,No
Ford,Mustang,GT,AWD
Ford,Transit,T,250
Ford,Mustang,Ecoboost,Premium
Ford,Edge,SEL,Awd
Ford,Escape,St,Line
Ford,Edge,ST,AWD
Ford,Maverick,XLT,BLACK
Ford,Maverick,XLT,"DEMO,"
Ford,Ranger,XLT,SPORT
Ford,F-150,TREMOR,3.5L
Ford,Bronco,BADLANDS,TECH
Ford,F-150,Lariat,502A
Ford,F-150,RAPTOR,4WD
Ford,Maverick,LARIAT,AWD
Ford,Edge,SEL,AWD
Ford,Mustang,EcoBoost,"Premium,"
Ford,Explorer,ST,"DEMO,"
Ford,F-150,LARIAT,4WD
Ford,Explorer,"ACTIVE,PWR","SEAT,WINDOWS"
Ford,Edge,ST,Line
Ford,F-150,4x4,SuperCrew
Ford,Escape,Active,
Ford,F-150,F,150
Ford,Maverick,TREMOR,"DEMO,"
Ford,Maverick,LARIAT,SUPERCREW
Ford,Expedition,Platinum,Max
Ford,Escape,Base,
Ford,Mustang,ECOBOOST,"PREMIUM,"
Ford,Ranger,LARIAT,2.3L
Ford,Expedition,Limited,4X4
Ford,Explorer,PLATINUM,LUXURY
Ford,F-150,XL,
Ford,F-150,Raptor,
Ford,F-150,XLT,360
Ford,Explorer,,
Ford,Bronco,ENGINE:,1.5L
Ford,Bronco,Badlands,4
Ford,Maverick,XLT,AWD
Ford,F-150,Tremor,Hard
Ford,Explorer,Tremor,Memory
Ford,Explorer,Tremor,18
Ford,Transit,T,350
Ford,Ranger,VdpUrlEn,
Ford,Maverick,Lobo,Performance
Ford,Maverick,XLT,Hybrid
Ford,Mustang,ENGINE:,MOD
Ford,F-150,King,Ranch
Ford,Mustang,Premium,Active
Ford,Explorer,ST,Front
Ford,Explorer,Platinum,"Heated,"
Ford,F-150,XLT,Black
Ford,Mustang,ENGINE:,5.0L
Ford,Bronco,Badlands,Moonroof
Ford,Explorer,VdpUrlEn,
Ford,Mustang,Premium,Heated
Ford,Explorer,Tremor,Heated
Ford,Ranger,XLT,Xlt
Ford,Mustang,ENGINE:,2.3L
Ford,Maverick,VdpUrlEn,
Ford,Bronco,Badlands,Memory
Ford,Bronco,Badlands,Power
Ford,F-150,XLT,Xlt
Ford,F-150,XLT,Fx4
Ford,F-150,Lariat,Twin
Ford,Bronco,VdpUrlEn,
Ford,Bronco,EBONY,"ROAST,"
Ford,F-150,OXFORD,WHITE
Ford,F-150,ENGINE:,2.7L
Ford,Mustang,GT,ACTIVE
Ford,Bronco,Badlands,
Ford,Expedition,PLATINUM,REAR
Ford,Ranger,2.7L,ECO
Ford,F-150,2.7L,V6
Ford,Ranger,XLT,301A
Ford,Ranger,XLT,ADVANCED
Ford,Escape,PHEV,REAR
Ford,F-150,XLT,BLACK
Ford,Explorer,2.3L,ECOBOOST
Ford,Ranger,XLT,4
Ford,F-150,5.0L,V8
Ford,Bronco,4,X
Ford,F-150,STX,18
Ford,Mustang,EcoBoost,100A
Ford,Explorer,2.3L,ACTIVE
Ford,Bronco,Badlands,332A
Ford,Maverick,XLT,LUXURY
Ford,F-150,STX,200A
Ford,Bronco,1.5L,BIG
Ford,Ranger,2.7L,V6
Ford,Bronco,Badlands,334A
Ford,Bronco,2.7L,ECO
Ford,F-150,HYBRID,XLT
Ford,Ranger,XL,
Ford,Maverick,XL,AWD
Ford,F-150,STX,2.7
Ford,F-350,XL,610A
Ford,F-150,BLACK,PACK
Ford,Bronco,2.3L,ECO
Ford,F-150,HYBRID,LARIAT
Ford,Mustang,EcoBoost,
Ford,Explorer,2.3L,ECO
Ford,Ranger,XLT,4WD
Ford,Explorer,ACTIVE,4WD
Ford,Bronco,Badlands,400A
Ford,Bronco,2.3L,BIG
Ford,F-150,STX,BLK
Ford,Bronco,Badlands,EQUIP
Ford,Bronco,1.5L,ECO
Ford,Bronco,2.3L,ECOBOOST
Ford,Escape,Active,200A
Ford,Maverick,Tremor,602A
Ford,F-150,STX,BLACK
Ford,Maverick,XLT,301A
Ford,Maverick,XL,100A
Ford,F-150,XLT,METALLIC
Ford,Bronco,2.7,L
Ford,Transit,101A,3.5L
Ford,Bronco,1.5L,OUTER
GMC,Terrain,Elevation,AWD
GMC,Sierra,Pro,CLEAN
GMC,Canyon,4WD,2.7T
GMC,Sierra,SLT,157
GMC,Terrain,AWD,SLE
GMC,Sierra,Elevation,147''
GMC,Sierra,Crew,Cab
GMC,Terrain,AT4,Gps
GMC,Sierra,AT4,4WD
GMC,Sierra,Elevation,X31
GMC,Yukon,Elevation,
GMC,Canyon,VdpUrlEn,
GMC,Terrain,SLT,Awd
GMC,Terrain,Denali,Awd
GMC,Yukon,4WD,4dr
GMC,Sierra,Elevation,Warranty
GMC,Sierra,Elevation,No
GMC,Yukon,4WD,SLE
GMC,Sierra,Elevation,157''
GMC,Terrain,CLEAN,CARFAX
GMC,Sierra,Elevation,4WD
GMC,Terrain,Denali,Clean
GMC,HUMMER,e4WD,"2X,"
GMC,Sierra,AT4,6.2L
GMC,Terrain,AT4,Low
GMC,Terrain,AWD,4dr
GMC,Sierra,4wd,Crew
GMC,Sierra,Pro,4x4
GMC,Sierra,Denali,147''
GMC,Savana,No,Accidents
GMC,Terrain,SLE1,"AWD,Sunroof,Alloys,H"
GMC,Yukon,DEMO,
GMC,HUMMER,e4WD,4dr
GMC,Sierra,"ELEVATION,","4X4,"
GMC,Yukon,4WD,Denali
GMC,Sierra,4WD,Elevation
GMC,Sierra,Rear,Seat
GMC,HUMMER,3X,"4x4,"
GMC,Savana,LT,15
GMC,Terrain,,
GMC,Sierra,Elevation,5.3L
GMC,Sierra,Elevation,ELAVATION
GMC,HUMMER,3X,Super
GMC,Sierra,Elevation,Courtesy
GMC,Savana,Work,Van
GMC,Acadia,DENALI,
GMC,Savana,14Foot,Box
GMC,HUMMER,E4WD,4dr
GMC,Terrain,SLE,ONE
GMC,Acadia,Elevation,Courtesy
GMC,Canyon,Elevation,4WD
GMC,Terrain,SLE,AWD
GMC,Sierra,Denali,One
GMC,Terrain,Denali,Heads
GMC,Sierra,Elevation,One
GMC,Sierra,AT4X,AEV
GMC,Canyon,ELEVATION,LEATHER
GMC,Sierra,Pro,OFF
GMC,Acadia,DenaliOne,Owner
GMC,HUMMER,e4WD,Crew
GMC,Terrain,AT4,360
GMC,Terrain,SLT,AWD
GMC,Sierra,AT4XAT4X,AEV
GMC,Canyon,Elevation,LEASE
GMC,Sierra,Elevation,LEASE
GMC,Sierra,Denali,I
GMC,Sierra,Denali,Courtesy
GMC,Terrain,SLE,
GMC,Yukon,Denali,SUNROOF
GMC,Sierra,ElevationRemote,Start
GMC,Yukon,SLT,PANOROOF
GMC,Acadia,AT4,
GMC,Sierra,4WD,Regular
GMC,Sierra,DENALI,ULTIMATE
GMC,Canyon,Denali,
GMC,Sierra,Pro,Apple
GMC,Yukon,DENALI,
GMC,Savana,WT,135''
GMC,Sierra,SLE,Navi
GMC,Sierra,ELEVATION,Backup
GMC,Canyon,DENALI,
GMC,Sierra,PRO,Backup
GMC,Terrain,Denali,Pano
GMC,Sierra,Denali,Pro
GMC,Canyon,Elevation,Apple
GMC,Sierra,DENALI,Bose
GMC,Savana,2500,135
GMC,Canyon,ELEVATION,Navi
GMC,Savana,2500,155
GMC,Sierra,ELEVATION,Bose
GMC,Yukon,ELEVATION,
GMC,Acadia,ELEVATION,Pano
GMC,Canyon,Elevation,ELEVATION
GMC,Terrain,AWD,ELEVATION
GMC,Acadia,DENALI,ULTIMATE
GMC,Savana,3500,135
GMC,Acadia,Denali,Luxury
GMC,Sierra,Denali,PWR
GMC,Savana,WT,155
GMC,Sierra,Pro,PRO
GMC,Sierra,Denali,DENALI
GMC,Sierra,Elevation,PREF
GMC,Sierra,AT4,AT4
GMC,Yukon,AT4,
GMC,Sierra,Elevation,PREFERRED
GMC,Sierra,Denali,TECHNOLOGY
GMC,Sierra,AT4X,COASTAL
GMC,Sierra,Elevation,ELEVATION
GMC,Canyon,Elevation,PWR
GMC,Yukon,Denali,DENALI
GMC,Terrain,Elevation,ELEVATION
GMC,Yukon,Denali,ALL
GMC,Sierra,Denali,0%
GMC,Acadia,AWD,4dr
GMC,Sierra,Standard,Range
GMC,Sierra,MAX,RANGE
GMC,Yukon,Denali,PREMIUM
GMC,HUMMER,2X,INTERSTELLAR
GMC,Sierra,Pro,SPRAY
GMC,Savana,,
GMC,Savana,LS,
GMC,Savana,LT,
GMC,Yukon,AT4,ULTIMATE
GMC,Sierra,SLT,0%
GMC,Canyon,Elevation,COASTAL
GMC,Savana,RWD,2500
GMC,Sierra,Elevation,0%
GMC,Sierra,Elevation,Leather
GMC,Yukon,AT4,SUNROOF
GMC,Terrain,AT4,Sunroof
Genesis,GV70,3.5T,SPORT
Genesis,GV70,2.5T,ADVANCED
Genesis,GV70,2.5T,Advanced
Genesis,GV70,Advanced,Plus
Genesis,GV70,Prestige,AWD
Genesis,GV80,2.5T,ADVANCED
Genesis,G70,2.5T,ADVANCED
Genesis,GV80,3.5T,PRESTIGE
Genesis,GV70,2024,Genesis
Genesis,GV70,Adv.Tech,Pkg
Genesis,GV80,3.5T,Prestige
Genesis,G70,2.5T,Advanced
Genesis,GV80,2.5T,Advanced
Genesis,G80,3.5T,Sport
Genesis,G70,2.5T,Prestige
Genesis,G70,3.3T,Sport
Genesis,GV80,2026,GV80
Genesis,GV80,3.5T,e
Genesis,G70,3.3t,Sport
Genesis,GV70,2.5,ADVANCED
Genesis,GV70,CERTIFIED,PRE
Genesis,GV70,AWD,Prestige
Genesis,GV70,Advanced,Tech
Genesis,GV80,3.5T,V6
Genesis,G80,TOP,OF
Genesis,G80,TOP,TRIM!
Genesis,G70,WHY,BUY
Genesis,GV70,Electrified,Prestige
Genesis,GV70,2.5T,Adv
Genesis,GV80,GV80,3.5T
Genesis,G70,G70,3.3T
Genesis,G80,2.5T,Advanced
Genesis,G90,Black,on
Genesis,GV80,GV80,2.5T
Genesis,GV60,Advanced,AWD
Genesis,GV80,2.5T,Adv
Genesis,GV70,SPORT,3.5T
Genesis,GV80,Ventilated,Seats
Honda,CR-V,AS,IS
Honda,CR-V,APPLE,ANDROID
Honda,Accord,EX,Sunroof
Honda,Civic,HYBRID,TECH
Honda,Civic,EX,
Honda,CR-V,Touring,FINANCE
Honda,Civic,VdpUrlEn,
Honda,Civic,LX,
Honda,Odyssey,Touring,
Honda,Odyssey,GENTLY,DRIVEN
Honda,Civic,LX,B
Honda,Pilot,Sport,AWD
Honda,Civic,Sport,HtdSeats
Honda,Pilot,BLACK,EDITION
Honda,CR-V,Touring,One
Honda,CR-V,ALMOST,NEW
Honda,Civic,EX,CVT
Honda,Accord,SPORT,HYBRID
Honda,Odyssey,VdpUrlEn,
Honda,Civic,Touring,ONE
Honda,CR-V,Touring,Honda
Honda,Odyssey,Sport,Auto
Honda,HR-V,Sport,B
Honda,CR-V,SPORT,
Honda,Accord,Touring,eCVT
Honda,Accord,EX,Honda
Honda,Civic,LX,Honda
Honda,Odyssey,,
Honda,CR-V,Touring,Gps
Honda,Civic,Sport,Hatchback
Honda,Odyssey,BLACK,EDITION
Honda,Odyssey,Sport,L
Honda,Accord,EX,
Honda,Odyssey,Touring,CPO
Honda,Odyssey,SPORT,L
Honda,Civic,Sedan,LX
Honda,Accord,DEMO,Model
Honda,Civic,Sport,eCVT
Honda,CR-V,LX,Honda
Honda,CR-V,ONE,OWNER
Honda,HR-V,LX,Honda
Honda,Civic,CPO,NAVIGATION
Honda,CR-V,SPORT,PKG
Honda,Civic,EX,Honda
Honda,HR-V,Sport,Honda
Honda,CR-V,Heated,Seats
Honda,Civic,Sunroof,Heated
Honda,Civic,Sedan,Sport
Honda,HR-V,Ex,L
Honda,Civic,Lx,Honda
Honda,CR-V,TOURING,
Honda,Civic,Sport,Fwd
Honda,Ridgeline,Sunroof,Heated
Honda,Accord,EX,CVT
Honda,HR-V,LX,
Honda,HR-V,Sport,
Honda,Pilot,Trailsport,Honda
Honda,Pilot,Touring,AWD
Honda,Civic,Touring,Fwd
Honda,CR-V,SPORT,Sunroof
Honda,Passport,TrailSport,Touring
Honda,Ridgeline,Sport,
Honda,CR-V,Sport,MOONROOF
Honda,CR-V,LX,2WD
Honda,Odyssey,Touring,HYBRID
Honda,Ridgeline,Black,Edition
Honda,Accord,Touring,HYBRID
Honda,Civic,Sport,"SUNROOF,"
Honda,HR-V,SPORT,Sunroof
Honda,Accord,Sport,L
Honda,CR-V,Touring,HYBRID
Honda,CR-V,Touring,NAVIGATION
Honda,Prelude,2.0L,Hybrid
Honda,Pilot,EX,L
Honda,Civic,Si,Sunroof
Honda,Odyssey,Touring,Leather
Honda,Accord,TOURING,Leather
Honda,Civic,Sport,Sunroof
Honda,Pilot,SPORT,Sunroof
Honda,Odyssey,Touring,Navi
Honda,Ridgeline,TrailSport,AWD
Honda,Civic,LX,CVT
Honda,Accord,SE,Apple
Honda,Civic,LX,Apple
Honda,Civic,SPORT,
Honda,CR-V,SPORT,Leather
Honda,CR-V,TRAILSPORT,HYBRID
Honda,Pilot,TRAILSPORT,Leather
Honda,Civic,LX,REMOTE
Honda,Odyssey,Sport,
Honda,Accord,SPORT,L
Honda,CR-V,Sport,Touring
Honda,Pilot,Touring,
Hyundai,Santa,Limited,AWD
Hyundai,Kona,PREFERRED,AWD
Hyundai,Elantra,LUXURY,Nav
Hyundai,Tucson,TREND,AWD
Hyundai,Tucson,Trend,AWD
Hyundai,Santa,Luxury,AWD
Hyundai,Santa,Htd,Steering
Hyundai,Santa,Trend,AWD
Hyundai,Elantra,Preferred,Sun
Hyundai,Elantra,Essential,Fwd
Hyundai,Kona,Ultimate,FWD
Hyundai,Kona,Essential,Fwd
Hyundai,Kona,Preferred,Awd
Hyundai,Sonata,PREFERRED,Trend
Hyundai,Tucson,Ultimate,Awd
Hyundai,Santa,Preferred,Awd
Hyundai,Venue,Ultimate,Fwd
Hyundai,Tucson,,
Hyundai,Venue,Preferred,Fwd
Hyundai,Palisade,7,Passenger
Hyundai,Elantra,Essential,
Hyundai,Kona,AWD,Htd
Hyundai,Elantra,Preferred,Fwd
Hyundai,Venue,Essential,Fwd
Hyundai,Kona,Preferred,w
Hyundai,Tucson,PREFERRED,AWD
Hyundai,Venue,Ultimate,Demo
Hyundai,Venue,Essential,
Hyundai,Venue,Ultimate,
Hyundai,Santa,Preferred,"AWD,"
Hyundai,Venue,Ultimate,w
Hyundai,Palisade,XRT,Pro
Hyundai,Kona,2.0L,Essential
Hyundai,Elantra,Luxury,NAVIGATION
Hyundai,Venue,Preferred,IVT
Hyundai,Kona,1.6T,Preferred
Hyundai,Elantra,,
Hyundai,Kona,1.6T,N
Hyundai,Palisade,Urban,"AWD,7"
Hyundai,Kona,N,LINE
Hyundai,Venue,,
Hyundai,Venue,Preferred,FINANCE
Hyundai,Tucson,XRT,
Hyundai,Elantra,Essential,IVT
Hyundai,Palisade,ULIMATE,CALLIGRAPHY!
Hyundai,Venue,Preferred,w
Hyundai,Kona,Trend,AWD
Hyundai,Kona,,
Hyundai,Santa,Ultimate,HEV
Hyundai,Palisade,LOW,KM!
Hyundai,Kona,Essential,AWD
Hyundai,Santa,Preferred,
Hyundai,Santa,Luxury,
Hyundai,Elantra,Luxury,w
Hyundai,Elantra,1%,Owners
Hyundai,Venue,ESSENTIAL,
Hyundai,Tucson,N,LINE
Hyundai,IONIQ,Preferred,w
Hyundai,Kona,Essential,
Hyundai,IONIQ,Preferred,+
Hyundai,Palisade,Luxury,7
Hyundai,Palisade,Preferred,Trend
Hyundai,IONIQ,Preferred,Long
Hyundai,Sonata,N,Line
Hyundai,Elantra,Other,
Hyundai,Venue,Preferred,
Hyundai,IONIQ,Preferred,
Hyundai,IONIQ,PREFERRED,
Hyundai,IONIQ,AWD,Luxury
Hyundai,Venue,Essential,IVT
Hyundai,Santa,1.6T,Preferred
Hyundai,Palisade,Preferred,8
Hyundai,Santa,1.6T,Ultimate
Hyundai,Sonata,2.5L,Preferred
Hyundai,Sonata,2.5T,N
Hyundai,IONIQ,Preferred,AWD
Hyundai,Elantra,TCR,DCT
Hyundai,Kona,Preferred,FWD
Infiniti,QX60,AUTOGRAPH,AWD
Infiniti,QX60,LUXE,AWD
Infiniti,Q50,LUXE,AWD
Infiniti,QX55,Essential,Up
Infiniti,QX60,,
Infiniti,QX60,Sport,Rates
Infiniti,QX60,SENSORY,AWD
Infiniti,QX50,PURE,Up
Infiniti,QX60,Luxe,Rates
Infiniti,QX50,SENSORY,Up
Infiniti,QX50,ACCIDENT,FREE
Infiniti,QX50,ONE,OWNER
Infiniti,QX80,PURE,AWD
Infiniti,QX80,LUXE,7
Infiniti,QX50,Sport,AWD
Infiniti,QX80,AUTOGRAPH,AWD
Infiniti,QX50,PURE,269+HST
Infiniti,QX80,SENSORY,AWD
Infiniti,QX60,Sensory,V6
Infiniti,QX80,LUXE,AWD
Infiniti,QX50,SPORT,AWD
Infiniti,QX50,SPORT,LEATHER
Infiniti,QX60,Sensory,AWD
Infiniti,QX50,PURE,LEASE
Infiniti,QX60,PURE,AWD
Infiniti,QX60,BLACK,EDITION
Infiniti,QX60,Autograph,Rates
Infiniti,QX80,ACCIDENT,FREE
Infiniti,QX80,AWD,Technology
Infiniti,QX50,SPORT,Low
Infiniti,QX80,AUTOGRAPH,
Infiniti,QX80,SENSORY,LEATHER
Infiniti,QX50,DEALER,DEMO!
Infiniti,QX55,SENSORY,HUD
Infiniti,QX60,LUXE,w
Infiniti,QX60,PURE,Luxury
Infiniti,QX80,SENSORY,Massage
Infiniti,QX80,SENSORY,8
Infiniti,QX55,ESSENTIAL,AWD
Infiniti,QX50,SPORT,
Infiniti,QX60,LUXE,Clean
Infiniti,QX60,Pure*AWD*Heated,Leather*Moon
Infiniti,QX50,PURE,Certified
Infiniti,QX60,AWD,3RD
Infiniti,QX60,SPORT,Low
Infiniti,QX80,AUTOGRAPH,Leather
Infiniti,QX80,BOSE,AUDIO
Infiniti,QX60,Sensory,"Massage,"
Infiniti,QX80,PRO,ACTIVE
Infiniti,QX60,SENSORY,Low
Infiniti,QX80,ProACTIVE,7
Infiniti,QX55,ESSENTIAL,Navigation
Infiniti,QX55,LUXE,Sunroof
Infiniti,QX80,SPORT,Low
Infiniti,QX80,REAR,SEAT
Infiniti,QX80,SENSORY,14.3
Infiniti,QX50,PURE,Low
Infiniti,QX60,"SENSORY,",PRO
Infiniti,QX50,PURE,AWD
Infiniti,QX50,SPORT,$316
Infiniti,QX60,NO,ACCIDENTS
Infiniti,QX80,AUTOGRAPH,Rates
Infiniti,Q50,Red,Sport
Infiniti,QX80,ProACTIVE,8
Infiniti,QX80,SPORT,AWD
Infiniti,QX80,SPORT,
Infiniti,QX80,SPORT,LEATHER
Infiniti,QX50,,
Infiniti,QX80,SPORT,EXECUTIVE
Infiniti,QX55,,
Infiniti,QX50,Lease,Luxury
Infiniti,QX80,All,New
Infiniti,QX80,Tech,Meets
Infiniti,QX50,Experience,QX50
Infiniti,QX50,PURE,
Infiniti,QX80,,
Infiniti,QX60,LUXE,
Infiniti,QX60,SPORT,
Infiniti,QX60,AUTOGRAPH,
Infiniti,QX80,LUXE,
Infiniti,QX50,SPORT,"$12,500"
Infiniti,QX50,SENSORY,
Infiniti,QX50,SPORT,EXECUTIVE
Infiniti,QX60,Sport,
Infiniti,QX55,Essential,
Infiniti,QX80,LUXE,Rates
Infiniti,QX80,AUTOGRAPH,EXECUTIVE
Infiniti,QX60,Luxe,
Infiniti,QX60,Autograph,
Infiniti,QX80,Autograph,
Infiniti,QX80,Luxe,
Infiniti,QX50,Sport,
Infiniti,QX50,Sensory,
Infiniti,QX60,SPORT,AWD
Jeep,Wrangler,JUST,LIKE
Jeep,Wrangler,Sahara,4x4
Jeep,Wrangler,Sahara,w
Jeep,Compass,North,4x4
Jeep,Wrangler,Rubicon,392
Jeep,Wrangler,Sport,S
Jeep,Compass,Trailhawk,4x4
Jeep,Wrangler,Willys,4Dr
Jeep,Compass,Limited,Elite
Jeep,Wrangler,Sahara,Heated
Jeep,Gladiator,Rubicon,X
Jeep,Grand,Grand,Limited
Jeep,Grand,LIMITED,BLACK
Jeep,Wrangler,Sahara,Skyroof
Jeep,Wrangler,Rubicon,4
Jeep,Grand,ALTITUDE,VERY
Jeep,Wrangler,RUBICON,4XE
Jeep,Grand,Laredo,HEATED
Jeep,Compass,Latitude,Gps
Jeep,Wrangler,RUBICON,HARDTOP
Jeep,Compass,Limited,Driver
Jeep,Wrangler,SAHARA,4XE
Jeep,Compass,Trailhawk,No
Jeep,Grand,Overland,HEMI
Jeep,Compass,Limited,Heated
Jeep,Compass,LIMITED**4X4**LEATHER**10.1,SCREEN**NAV**BLIND
Jeep,Compass,LIMITED**4X4**LEATHER**PANORAMIC,SUNROOF**10.1
Jeep,Grand,Limited,Black
Jeep,Wrangler,Unlimited,Sahara
Jeep,Grand,Laredo,4x4
Jeep,Compass,ALTITUDE,CARPLAY
Jeep,Wrangler,Sahara,V6
Jeep,Grand,ALTITUDE,4X4
Jeep,Grand,Limited,Heated
Jeep,Compass,"Limited,",No
Jeep,Grand,SUMMIT,RESERVE
Jeep,Wrangler,Rubicon,4Dr
Jeep,Wrangler,SPORT**S**4,DOOR**12.3
Jeep,Grand,LIMITED,Black
Jeep,Grand,LIMITED,RESERVE
Jeep,Cherokee,Laredo,Heated
Jeep,Wrangler,Sahara,Skytop
Jeep,Grand,*POWER,"SUNROOF,"
Jeep,Compass,NORTH,4X4
Jeep,Wrangler,RUBICON,392
Jeep,Grand,*LOW,"KMS,"
Jeep,Cherokee,Limited,
Jeep,Grand,Summit,4x4
Jeep,Wrangler,Willys,2
Jeep,Wrangler,Sport,2
Jeep,Wagoneer,Premium,AWD
Jeep,Grand,ALTITUDE,7
Jeep,Gladiator,Rubicon,4x4
Jeep,Grand,SUNROOF,ALTITUDE
Jeep,Compass,Limited,w
Jeep,Grand,Limited,
Jeep,Grand,ALTITUDE,1
Jeep,Compass,***ELITE,"GROUP,"
Jeep,Wrangler,Sahara4,Door
Jeep,Compass,LIMITED,CLEAN
Jeep,Wrangler,4DR,WILLYS
Jeep,Wagoneer,Series,III
Jeep,Wrangler,RUBICON,ADPTIVE
Jeep,Grand,SUMMIT,OBSIDIAN
Jeep,Grand,BLACK,APPEARANCE
Jeep,Compass,Altitude,4x4
Jeep,Grand,LIMITED,6SEATER
Jeep,Compass,LIMITED,4X4
Jeep,Wrangler,Sahara,LOW
Jeep,Grand,Laredo,
Jeep,Grand,Altitude,AWD
Jeep,Wrangler,4DR,SAHARA
Jeep,Grand,ALTITUDE,DEMO
Jeep,Wrangler,Sport,4x4
Jeep,Compass,LIMITED,"Sun,"
Jeep,Wrangler,Loaded,Rubicon
Jeep,Compass,ALTITUDE,PACKAGE
Jeep,Cherokee,Limited,Panoroof
Jeep,Wrangler,Loaded,Sahara
Jeep,Wrangler,Granite,Sahara
Jeep,Cherokee,Cherokee,Limited
Jeep,Wrangler,2,Door
Jeep,Gladiator,Reign,Gladiator
Jeep,Wrangler,Black,Willys
Jeep,Wrangler,Sport,Backup
Jeep,Wrangler,Loaded,Willys
Jeep,Wrangler,Rubicon,Skyroof
Jeep,Wrangler,Rubicon,X
Jeep,Wrangler,RUBICON,Xtreme
Jeep,Compass,4x4,TRAILHAWK
Jeep,Wrangler,RUBICON,X
Jeep,Compass,,
Jeep,Wrangler,SPORT,Black
Jeep,Wrangler,SAHARA,Safety
Jeep,Gladiator,TECHNOLOGY,PACKAGE
Jeep,Wrangler,STEEL,HOOD
Jeep,Wrangler,RUBICON,Nappa
Jeep,Wrangler,HARD,TOP
Jeep,Gladiator,WILLYS,'41
Jeep,Wagoneer,COMFORT,PACKAGE
Jeep,Gladiator,WILLYS,"4X4,"
Jeep,Compass,4x4,NORTH
Jeep,Compass,4x4,LIMITED
Jeep,Grand,SUNROOF,PARK
Jeep,Wrangler,SAHARA,8
Jeep,Grand,LAREDO,X
Jeep,Wrangler,SAHARA,PERFORATED
Jeep,Wrangler,MCKINLEY,TRIMMED
Jeep,Grand,ALTITUDE,PACKAGE
Jeep,Wrangler,SAFETY,GROUP
Jeep,Compass,NORTH,Power
Jeep,Gladiator,WILLYS,Heated
Jeep,Wrangler,Sport,12.3Display
Jeep,Cherokee,LAREDO,1.6L
Jeep,Wrangler,TECH,GROUP
Jeep,Compass,NORTH,Altitude
Jeep,Compass,TRAILHAWK,"4X4,"
Jeep,Wrangler,WILLYS,4DR
Jeep,Gladiator,RUBICON,"4X4,"
Jeep,Wrangler,Rubicon,WHITECAP
Jeep,Gladiator,NIGHTHAWK,"4X4,"
Jeep,Cherokee,LIMITED,"4X4,"
Jeep,Wrangler,RUBICON,4DR
Jeep,Wrangler,SPORT,S
Kia,K4,EX,Pkg.
Kia,Sorento,SX,AWD
Kia,Sportage,EX,HEV
Kia,Sportage,EX,Premium
Kia,Carnival,EX,FWD
Kia,Carnival,SX,Pkg.
Kia,Seltos,LX,FWD
Kia,Sportage,SX,AWD
Kia,Carnival,EX,NO
Kia,EV9,Land,GT
Kia,Seltos,Certified,No
Kia,Sportage,Certified,No
Kia,Seltos,SX,Pkg.
Kia,Sportage,Hybrid,EX
Kia,Sorento,EX,
Kia,Seltos,SX,TURBO
Kia,K4,EX,Fwd
Kia,Forte,EX,Wireless
Kia,Soul,EX,Htd
Kia,Forte,Lane,"Keep,"
Kia,Sorento,EX,Awd
Kia,K4,EX,FWD
Kia,Seltos,EX,PREM
Kia,Telluride,SX,
Kia,Sorento,X,PRO
Kia,Sportage,EX,CPO
Kia,Telluride,X,Line
Kia,Seltos,EX,Awd
Kia,Seltos,EX,"MODEL,"
Kia,Seltos,EX,No
Kia,K4,EX,
Kia,Niro,LX,
Kia,K4,LX,FWD
Kia,Seltos,X,Line
Kia,EV9,Land,w
Kia,Sportage,EX,Pkg.
Kia,K4,"EX,",Back
Kia,Telluride,SX,Limited
Kia,Sportage,AWD,KIA
Kia,Sorento,X,LINE
Kia,Sportage,SX,
Kia,Sorento,LX,
Kia,Seltos,SX,HUD
Kia,Carnival,EX,Hybrid
Kia,Sportage,LX,1
Kia,Sorento,EX,EX
Kia,Niro,SX,HUD
Kia,Niro,LX,Demo
Kia,Sorento,EX,$139
Kia,Sorento,X,Pro
Kia,Telluride,SX,8
Kia,Telluride,SX,AWD
Kia,Carnival,LX,FWD
Kia,Niro,EX,
Kia,Sportage,Ex,Awd
Kia,Carnival,SX,3.5L
Kia,Sportage,1,Owner
Kia,Sorento,EX,1.6L
Kia,Carnival,EX,Leather
Kia,Seltos,SX,MANAGER
Kia,Sportage,LX,FWD
Kia,Seltos,I'M,SOLD
Kia,Carnival,LX,NO
Kia,K4,LX,APPLE
Kia,Sportage,Plug,in
Kia,Seltos,EX,"AWD,"
Kia,Seltos,Ex,Awd
Kia,Sorento,PHEV,SX
Kia,Sorento,SX,Blindview
Kia,K4,LX,clean
Kia,Seltos,SX,Kia
Kia,Niro,HEV,EX
Kia,Seltos,SX,1.6L
Kia,Forte,EX,2L
Kia,Forte,Gt,Line
Kia,Sportage,LX,CERTIFIED
Kia,Carnival,SX,
Kia,Carnival,SX,Blindview
Kia,Forte,LX,CLEAN
Kia,Seltos,2025,KIA
Kia,Seltos,EX,
Kia,Sorento,SX,Leather
Kia,Sorento,2025,KIA
Kia,Seltos,LX,Dealer
Kia,Forte,EX,Blindspot
Kia,Soul,EX,
Kia,Forte,2024,Kia
Kia,K4,LX,MANAGER
Kia,EV9,Land,Dual
Kia,Niro,Wind,FWD
Kia,K4,GT,LINE
Kia,EV9,LAND,W
Kia,K4,EX+,
Kia,EV9,LAND,
Kia,EV9,LIGHT,
Kia,Niro,WAVE,
Kia,EV6,Wind,513
Kia,EV4,GT,LINE
Kia,Niro,WIND,
Kia,Niro,SX,
Kia,Sorento,SX,
Kia,Niro,EX,PREMIUM
Kia,Carnival,LX+,
Kia,Niro,Wind+,FWD
Kia,Seltos,EX,Prem
Kia,Niro,EX,FWD
Kia,Niro,Wind,+
Kia,EV4,GT,Line
Kia,EV9,Land,AWD
Kia,EV4,Wind,Premium
Kia,Niro,EX,Premium
Kia,EV9,Wind,RWD
Kia,Niro,LX,FWD
Kia,EV6,Wind,RWD
Kia,K4,EX,Heated
Kia,Sportage,SOLD!,Hybrid
Kia,Sportage,Sold,PHEV
Kia,K4,EX+,FWD
Kia,Niro,EX,Roof
Kia,K4,LX,Heated
Kia,Niro,Wind,400km
Kia,Sportage,EX,SUMMER
Kia,Carnival,LX,
Kia,Sportage,EX,3500lbs
Kia,Sorento,EX,12
Kia,K4,EX,LAST
Kia,Sportage,LX,CLEAROUT
Kia,Sportage,EX,Highway
Kia,Sportage,Ex,Premium
Kia,Carnival,EX,
Kia,Niro,SX,FWD
Kia,K4,EX+,IVT
Kia,Carnival,SX+,FWD
Kia,K4,Hatchback,EX+
Kia,K4,In,stock
Kia,Niro,PHEV,EX
Kia,K4,,
Kia,Carnival,SX,FWD
Kia,Carnival,LX+,FWD
Kia,K4,EX,*CPO*
Kia,EV6,Land,AWD
Kia,Carnival,SX+,7
Kia,Carnival,SOLD,HYBRID
Kia,Carnival,EX+,FWD
Kia,K4,LX,IVT
Kia,Seltos,LX,Heated
Kia,Seltos,SX,Smart
Kia,Niro,SX,18
Kia,Niro,LX,Blind
Kia,Sorento,HEV,SX
Kia,Niro,Wind+,
Kia,Sorento,PHEV,LX
Kia,K4,LXS,Sedan
Kia,K4,EX,Sedan
Kia,K4,EX,Premium
Kia,Niro,,
Kia,Carnival,,
Kia,Niro,Wave,FWD
Kia,EV9,,
Kia,Sportage,Hybrid,SX
Kia,K4,EX,IVT
Land,Rover,P400,DYNAMIC
Land,Rover,DYNAMIC,P400
Land,Rover,110,P400
Land,Rover,Dynamic,SE
Land,Rover,110,P300
Land,Rover,DYNAMIC,SE
Land,Rover,P250,AUTOBIOGRAPHY
Land,Rover,LIKE,NEW!
Land,Rover,P250Dynamic,SE
Land,Rover,DYNAMIC,HSE
Land,Rover,P400,X
Land,Rover,P400,Dynamic
Land,Rover,7,SEATS
Land,Rover,P400,SE
Land,Rover,P300,DYNAMIC
Land,Rover,CPO,1
Land,Rover,S,
Land,Rover,90,CPO
Land,Rover,90,P300
Land,Rover,HSE,*NOT
Land,Rover,P340,l
Land,Rover,P400,RED
Land,Rover,DEMO,CPO
Land,Rover,HSE,*NO
Land,Rover,Dynamic,HSE
Land,Rover,P340,Dynamic
Land,Rover,P,400
Land,Rover,CPO,4.80%
Land,Rover,CPO,4.8%
Land,Rover,"P300,",360
Land,Rover,P530,
Land,Rover,110,P500
Land,Rover,X,Dynamic
Land,Rover,Landmark,
Land,Rover,P300,Dynamic
Land,Rover,P250,Autobiography
Land,Rover,Dynamic,Se
Land,Rover,Landmark,4wd
Lexus,UX,UX,300h
Lexus,NX,350,20
Lexus,NX,"HYBRID,",ULTRA
Lexus,UX,300H,F
Lexus,IS,300,AWD
Lexus,NX,Signature,LEATHER
Lexus,RX,PREMIUM,"PACKAGE,"
Lexus,UX,250h,Premium
Lexus,ES,Premium,LEATHER
Lexus,NX,Premium,LEATHER
Lexus,NX,Luxury,PANO
Lexus,IS,300,F
Lexus,UX,250H,F
Lexus,NX,350,Premium
Lexus,NX,350H,Luxury
Lexus,RX,450h+,PLUG
Lexus,RX,350,Luxury
Lexus,UX,300H,Premium
Lexus,ES,F,Sport
Lexus,NX,F,Sport
Lexus,NX,Luxury,Pkg
Lexus,NX,350H,PREMIUM
Lexus,RX,ONE,OWNER
Lexus,RX,350H,Executive
Lexus,RX,RX,500h
Lexus,NX,350Premium,Pkg
Lexus,NX,350H,Premium
Lexus,GX,550,Premium
Lexus,RX,Premium,"AWD,"
Lexus,RX,LUXURY,PKG
Lexus,UX,UX,250h
Lexus,UX,Luxury,MEMORY
Lexus,IS,350,FSPORT3
Lexus,RX,RX350,l
Lexus,ES,ES,300h
Lexus,NX,350h,Luxury
Lexus,RX,350,Ultra
Lexus,RC,300,FSPORT
Lexus,NX,Ultra,Premium
Lexus,NX,EXECUTIVE,PKG
Lexus,IS,IS,350
Lexus,RX,PREMIUM,PKG
Lexus,NX,ONE,OWNER
Lexus,NX,Luxury,AWD
Lexus,NX,Premium,
Lexus,RX,RX,450h+
Lexus,NX,350,Executive
Lexus,IS,300,Luxury
Lexus,NX,"PREMIUM,NO","ACCIDENT,1OWNER"
Lexus,RX,350,F
Lexus,NX,350h,Premium
Lexus,GX,550,Executive
Lexus,NX,Executive,Pkg
Lexus,NX,Premium,Pkg
Lexus,UX,PREMIUM,PKG
Lexus,RX,450h+Executive,Plug
Lexus,NX,HYBRID,CLEAN
Lexus,IS,PREMIUM,PKG
Lexus,RX,F,SPORT
Lexus,NX,LUXURY,PKG
Lexus,UX,LUXURY,PKG
Lexus,RZ,Luxury,AWD
Lexus,NX,350,
Lexus,NX,350,AWD
Lexus,RX,,
Lexus,ES,ULTRA,LUXURY
Lexus,RZ,450E,Executive
Lexus,NX,4DR,AWD
Lexus,IS,300,LUXURY
Lexus,NX,350h,Fuel
Lexus,GX,550,Luxury
Lexus,RX,350H,F
Lexus,NX,350H,F
Lexus,TX,,
Lexus,NX,350H,EXECUTIVE
Lexus,TX,TX,350
Lexus,UX,300H,LUXURY
Lexus,RZ,RZ,450e
Lexus,TX,500h,F
Lexus,NX,350,F
Lexus,RX,RX,500H
Lexus,TX,350,EXECUTIVE
Lexus,NX,ULTRA,PREMIUM
Lexus,RX,RX,350h
Lexus,NX,350,Base
Lexus,UX,300H,HEATED
Lexus,ES,350,AWD
Lexus,TX,500h,Awd
Lexus,UX,F,Sport
Lexus,GX,Premium,"AWD,"
Lexus,TX,TX,500h
Lexus,TX,350,Ultra
Lexus,TX,TX,500H
Lexus,ES,350,FSPORT
Lexus,RX,350,FSPORT3
Lexus,IS,350,F
Lexus,TX,350,ULTRA
Lexus,UX,300h,LUXURY
Lexus,UX,300h,PREMIUM
Lexus,RX,350,ULTRA
Lexus,RZ,550e,F
Lexus,RX,450h+,ULTRA
Lexus,NX,350,ULTRA
Lexus,RZ,,
Lexus,UX,300h,F
Lexus,RX,350,LUXURY
Lexus,NX,350h,PREMIUM
Lexus,RX,350h,ULTRA
Lexus,RX,350h,PREMIUM
Lexus,NX,450h+,F
Lexus,RX,350,EXECUTIVE
Lexus,RX,350h,EXECUTIVE
Lexus,RX,350h,LUXURY
Lexus,ES,,
Lexus,RZ,450e,LUXURY
Lexus,NX,350h,F
Lexus,NX,350,LUXURY
Lexus,RZ,450e,EXECUTIVE
Lexus,TX,350,LUXURY
Lexus,GX,GX,550
Lexus,NX,NX,450h+
Lexus,UX,300H,AWD
Lexus,RZ,350e,FWD
Lexus,TX,350,AWD
Lexus,RX,350H,AWD
Lexus,TX,500H,AWD
Lexus,RZ,450e,AWD
Lexus,RX,350,AWD
Lexus,RX,500H,AWD
Lexus,NX,450H+,AWD
Lexus,RX,350,PREMIUM
Lexus,NX,450h+,ULTRA
Lexus,ES,ES,500e
Lexus,RX,RX350,PREMIUM
Lexus,UX,UX,300H
Lexus,NX,NX,450H+
Lexus,RZ,RZ,450E
Lexus,LX,LX,600
Lexus,RX,RX,450h
Lexus,NX,NX,350H
Lexus,NX,NX350H,PREMIUM
Lexus,RX,RX350,LUXURY
Lexus,TX,350,F
Lexus,RZ,450e,SIGNATURE
Lexus,RX,4DR,AT
Lexus,TX,4DR,AWD
Lexus,IS,4DR,AWD
Lexus,RX,4DR,AWD
Lexus,RZ,4DR,AWD
Lexus,NX,EXECUTIVE,
Lincoln,Corsair,Premiere,AWD
Lincoln,Nautilus,Premiere,AWD
Lincoln,Navigator,Reserve,4x4
Lincoln,Nautilus,Reserve,AWD
Lincoln,Navigator,L,Reserve
Lincoln,Corsair,Reserve,AWD
Lincoln,Corsair,ONE,OWNER
Lincoln,Aviator,Reserve,AWD
Lincoln,Corsair,Corsair,Grand
Lincoln,Aviator,DEMO,VEHICLE
Lincoln,Navigator,Reserve,3.5L
Lincoln,Nautilus,DEMO,VEHICLE
Lincoln,Navigator,Reserve,
Lincoln,Aviator,EQUIPMENT,GROUP
Lincoln,Corsair,Premiere,101A
Lincoln,Corsair,Premiere,DEMO
Lincoln,Aviator,Reserve,DEMO
Lincoln,Corsair,Premiere,PREMIERE
Lincoln,Corsair,Reserve,DEMO
Lincoln,Aviator,Premiere,AWD
Lincoln,Corsair,GRAND,TOURING
Lincoln,Nautilus,Premiere,102A
Lincoln,Aviator,Premiere,102A
Lincoln,Nautilus,RESERVE,CLEAN
Lincoln,Aviator,LUXURY,PACK
Lincoln,Nautilus,"Reserve,",Blue
Lincoln,Navigator,Reserve,ONE
Lincoln,Corsair,Reserve,Heated
Lincoln,Corsair,Reserve,
Lincoln,Corsair,GRAND,"TOURING,"
Lincoln,Nautilus,Reserve,202A
Lincoln,Nautilus,Reserve,*HTD
Lincoln,Nautilus,RESERVE,22200KM
Lincoln,Nautilus,"AWD,",GREAT
Lincoln,Corsair,"LEATHER,","MOONROOF,"
Lincoln,Navigator,Reserve,HTD
Lincoln,Navigator,Reserve,MONOCHROMATIC
Lincoln,Corsair,Premiere,*HTD
Lincoln,Corsair,Premiere,Equipment
Lincoln,Corsair,Reserve,HEATED
Lincoln,Nautilus,Moonroof,Cooled
Lincoln,Corsair,Cooled,Seats
Lincoln,Nautilus,RESERVE,
Lincoln,Navigator,RESERVE,3.5L
Lincoln,Navigator,Jet,Appearance
Lincoln,Navigator,RESERVE,
Lincoln,Nautilus,Reserve,Reserve
Lincoln,Corsair,Premiere,
Lincoln,Nautilus,RESERVE!,DEMO!
Lincoln,Nautilus,Cooled,Seats
Lincoln,Corsair,Moonroof,Cooled
Lincoln,Navigator,REGULAR,"LENGTH,"
Lincoln,Corsair,,
Lincoln,Aviator,RESERVE,200A
Lincoln,Aviator,Reserve,JET
Lincoln,Aviator,Reserve,Demo
Lincoln,Nautilus,Premiere,HEATED
Lincoln,Nautilus,Reserve,HYBRID
Lincoln,Nautilus,Heated,Seats
Lincoln,Corsair,"RESERVE,","2L,"
Lincoln,Aviator,Reserve,HTD
Lincoln,Navigator,VdpUrlEn,
Lincoln,Aviator,VdpUrlEn,
Lincoln,Nautilus,VdpUrlEn,
Lincoln,Nautilus,Reserve,203A
Lincoln,Navigator,Premiere,
Lincoln,Navigator,Premier,
Lincoln,Nautilus,Premiere,DEMO
Lincoln,Nautilus,Reserve,BLUECRUISE
Lincoln,Nautilus,Reserve,JET
Lincoln,Aviator,Premiere,PRISTINE
Lincoln,Nautilus,AWD,14
Lincoln,Aviator,PREMIERE,
Lincoln,Nautilus,PREMIERE,
Lincoln,Aviator,RESERVE,
Lincoln,Navigator,PREMIERE,
Lincoln,Corsair,RESERVE,
Lincoln,Nautilus,Premiere,JET
Lincoln,Aviator,RESERVE,JET
Lincoln,Nautilus,PREMIERE,20
Lincoln,Nautilus,PREMIERE,102A
Lincoln,Corsair,Grans,Touring
Lincoln,Nautilus,Premiere,GREY
Lincoln,Aviator,Premiere,MOONROOF
Lincoln,Navigator,Premiere,100A
MINI,Countryman,Cooper,S
MINI,3,John,Cooper
MINI,3,Cooper,S
MINI,3,JCW,Accessory
MINI,Convertible,John,Cooper
MINI,3,Cooper,C
MINI,Countryman,John,Cooper
MINI,5,Cooper,C
MINI,3,JCW,Premier+
MINI,Countryman,SE,ALL4
MINI,3,JCW,GP
MINI,Convertible,Cooper,S
MINI,Convertible,Cooper,C
MINI,Countryman,SE,
MINI,Countryman,S,CPO
MINI,3,C,CPO
MINI,3,S,CPO
MINI,Countryman,ALL4,
MINI,Countryman,JCW,CPO
MINI,3,3,Door
MINI,3,JCW,CPO
MINI,3,Cooper,PREMIER
MINI,Countryman,JCW,Countryman
MINI,Countryman,"S,",HARMON
MINI,Countryman,COOPER,"S,"
MINI,3,CLEAN,CARFAX
MINI,3,CPO,CERTIFIED
MINI,Countryman,CLEAN,CARFAX
MINI,5,Turbo,FINANCE
MINI,Countryman,PREMIER+,CLEAN
MINI,5,Cooper,FWD
MINI,3,CPO,CERTIFIDE
MINI,3,,
MINI,Countryman,,
MINI,Countryman,PREMIER,CLASSIC
MINI,Countryman,PREMIER+,JCW
MINI,3,CPO,CLEAN
MINI,5,PREMIER,CLEAN
MINI,3,JCW,3
MINI,Countryman,COOPER,S
MINI,Countryman,PREMIER,+
MINI,Convertible,CONVERTIBLE,PREMIER+
MINI,Countryman,PREMIER,COMFORT
MINI,Convertible,PREMIER,NAVI
MINI,Countryman,Cooper,ALL4
MINI,3,Zesty,Yellow
MINI,5,PREMIER,CLASSIC
MINI,5,PREMIER,COMFORT
MINI,5,COOPER,S!
MINI,3,Nanuq,White
MINI,3,Legend,Grey
MINI,5,JCW,"PACK,"
MINI,Countryman,CPO,HTD
MINI,5,5,Door
MINI,Countryman,S,Apple
MINI,5,CLEAN,CARFAX
MINI,3,PREMIER,2.0
MINI,Countryman,CHILI!,PREMIER
MINI,3,Midnight,Black
MINI,Convertible,Cooper,1.5l
MINI,3,PREMIER,PACKAGE
MINI,Convertible,Cooper,FWD
Mazda,CX-50,GS,L
Mazda,CX-5,GX,FINANCE
Mazda,Mazda3,GT,TURBO
Mazda,Mazda3,GS,FINANCE
Mazda,CX-50,GT,CPO
Mazda,CX-5,Kuro,AWD
Mazda,MX-5,GT,6MT
Mazda,CX-5,GS,CPO
Mazda,CX-30,GS,FINANCE
Mazda,CX-5,SPORT,DESIGN
Mazda,CX-5,SIGNATURE,AWD!
Mazda,CX-70,ACCIDENT,FREE
Mazda,CX-5,Suna,Navigation
Mazda,Mazda3,GT,CPO
Mazda,CX-5,Signature,loaded
Mazda,CX-50,GT,AWD
Mazda,Mazda3,GS,AWD!
Mazda,CX-30,GS,L
Mazda,CX-5,GT,Low
Mazda,CX-30,GS,LOADED
Mazda,CX-5,GS,"MODEL,"
Mazda,CX-90,GT,Awd
Mazda,Mazda3,GT,TRUBO
Mazda,CX-5,Kuro,Red
Mazda,CX-5,GS,LOADED
Mazda,CX-5,GT,SPORTY
Mazda,CX-50,GT,Finance
Mazda,CX-5,GX,Awd
Mazda,CX-70,Signature,Low
Mazda,CX-5,GS,Awd
Mazda,Mazda3,No,Accidents
Mazda,CX-90,,
Mazda,CX-5,GS,No
Mazda,CX-5,Signature,1Owner
Mazda,CX-5,Signature,AWD
Mazda,CX-30,GX,2026
Mazda,CX-5,Sport,Design
Mazda,Mazda3,GS,Auto
Mazda,CX-30,GS,Clean
Mazda,CX-30,GS,2026
Mazda,CX-50,GT,w
Mazda,Mazda3,GT,Auto
Mazda,CX-30,GT,2026
Mazda,CX-30,GT,INCOMING
Mazda,CX-30,GS,BlindSpot
Mazda,CX-30,GX,May
Mazda,CX-30,GT,All
Mazda,Mazda3,SELECT,No
Mazda,CX-5,AWD,SUNROOF
Mazda,Mazda3,GX,FWD
Mazda,CX-90,GS,L
Mazda,Mazda3,GT,w
Mazda,CX-30,GS,Leather
Mazda,CX-30,GS,AWD!
Mazda,CX-50,GT,SPORTY
Mazda,CX-5,GT,Awd
Mazda,CX-5,GS,AWD!
Mazda,CX-50,Turbo,3500lb
Mazda,CX-30,GS,Finance
Mazda,CX-5,***,"AWD,"
Mazda,CX-90,Signature,loaded
Mazda,CX-5,Kuro,CPO
Mazda,MX-5,GS,P
Mazda,CX-90,AWD,GT
Mazda,Mazda3,GS,NO
Mazda,Mazda3,GS,DEMO
Mazda,CX-30,GS,DEMO
Mazda,Mazda3,GT,AWD
Mazda,CX-90,Signature,NO
Mazda,CX-30,GS,CARPLAY
Mazda,CX-70,GT,P
Mazda,CX-70,GT,AWD
Mazda,Mazda3,GT,i
Mazda,CX-30,GX,
Mazda,Mazda3,GT,$500
Mazda,CX-5,GX,
Mazda,Mazda3,GS,
Mazda,Mazda3,GS,$500
Mazda,CX-70,Signature,
Mazda,CX-5,GS,w
Mazda,CX-30,GX,Heated
Mazda,Mazda3,GT,W
Mazda,Mazda3,GS,FWD
Mazda,Mazda3,GT,at
Mazda,CX-5,GT,360
Mazda,CX-90,Signature,AWD
Mazda,CX-5,GT,Heated
Mazda,CX-70,,
Mazda,MX-5,GT,Auto
Mazda,CX-5,GT,Bose
Mazda,CX-5,GT,15.6
Mazda,CX-70,Signature,Premium
Mazda,MX-5,35th,Anniversary
Mazda,CX-30,GS,Automatic
Mazda,CX-30,GS,Heated
Mazda,CX-5,GX,Automatic
Mazda,CX-30,GT,360
Mazda,CX-5,GT,Power
Mazda,CX-90,GS,AWD
Mazda,CX-30,Wireless,Apple
Mazda,CX-70,GT,360
Mazda,Mazda3,GS,i
Mazda,CX-30,,
Mazda,Mazda3,GT,FWD
Mercedes-Benz,GLC,AMG,GLC
Mercedes-Benz,GLC,Navi,360
Mercedes-Benz,GLS,GLS450,4MATIC
Mercedes-Benz,GLB,Exclusive,Trim
Mercedes-Benz,GLE,450,SUV
Mercedes-Benz,GLE,GLE53,AMG
Mercedes-Benz,GLA,Star,Certified
Mercedes-Benz,GLE,450,AMG
Mercedes-Benz,GLE,GLE,350
Mercedes-Benz,GLC,Pinnacle,Night
Mercedes-Benz,CLA,Star,Certified
Mercedes-Benz,GLE,Plug,in
Mercedes-Benz,EQE,500,SUV
Mercedes-Benz,C-Class,C,300
Mercedes-Benz,GLE,4MATIC,NIGHT
Mercedes-Benz,GLE,4MATIC,PREMIUM
Mercedes-Benz,GLE,4MATIC,EXCLUSIVE
Mercedes-Benz,GLE,GLE,450
Mercedes-Benz,GLC,GLC300,4MATIC
Mercedes-Benz,CLA,,
Mercedes-Benz,GLE,350,4MATIC
Mercedes-Benz,GLS,GLS,450
Mercedes-Benz,CLA,250,4MATIC
Mercedes-Benz,GLC,4MATIC,300
Mercedes-Benz,EQE,AMG,PINNACLE
Mercedes-Benz,CLE,CLE,300
Mercedes-Benz,GLS,4MATIC,EXCLUSIVE
Mercedes-Benz,EQE,350,PREMIUM
Mercedes-Benz,GLC,CPO,EXCLUSIVE
Mercedes-Benz,GLE,4MATIC,FINANCE
Mercedes-Benz,GLB,250,4MATIC
Mercedes-Benz,GLC,PLUG,IN
Mercedes-Benz,GLB,GLB,250
Mercedes-Benz,GLC,300,Panoroof
Mercedes-Benz,GLC,"4MATIC,",Premium
Mercedes-Benz,GLB,CPO,WARRANTY
Mercedes-Benz,GLE,4MATIC,450
Mercedes-Benz,GLE,CPO,WARRANTY
Mercedes-Benz,GLB,4MATIC,FINANCE
Mercedes-Benz,GLE,CPO,AMG
Mercedes-Benz,GLB,NIGHT,PKG
Mercedes-Benz,EQE,350,EXCLUSIVE
Mercedes-Benz,GLE,450,CPO
Mercedes-Benz,E-Class,SUPER,LOW
Mercedes-Benz,CLA,CLA,250
Mercedes-Benz,EQS,0.49%,financing
Mercedes-Benz,GLC,,
Mercedes-Benz,CLE,4MATIC,Coupe
Mercedes-Benz,EQB,,
Mercedes-Benz,GLC,4MATIC,SUV
Mercedes-Benz,GLE,,
Mercedes-Benz,GLA,4MATIC,SUV
Mercedes-Benz,E-Class,,
Mercedes-Benz,GLE,4MATIC,Coupe
Mercedes-Benz,GLC,4MATIC+,SUV
Mercedes-Benz,EQE,,
Mercedes-Benz,C-Class,4MATIC,Sedan
Mercedes-Benz,E-Class,4MATIC,Sedan
Mercedes-Benz,GLB,,
Mercedes-Benz,GLB,4MATIC,SUV
Mercedes-Benz,CLA,Coupe,
Mercedes-Benz,EQB,4MATIC,SUV
Mercedes-Benz,EQB,EQB,300
Mercedes-Benz,GLC,GLC,350e
Mercedes-Benz,Sprinter,2500,Standard
Mercedes-Benz,EQB,Suv,Exclusive
Mercedes-Benz,eSprinter,2500,High
Mercedes-Benz,EQE,4MATIC,SUV
Mercedes-Benz,EQS,4MATIC,SUV
Mercedes-Benz,eSprinter,2500,GVWR
Mercedes-Benz,CLA,S,4MATIC+
Mercedes-Benz,GLB,Suv,Parking
Mitsubishi,RVR,ES,FWD
Mitsubishi,Outlander,LE,S
Mitsubishi,RVR,NOIR,AWC
Mitsubishi,RVR,SE,AWC
Mitsubishi,Outlander,GT,PREMIUM
Mitsubishi,Outlander,SEL,S
Mitsubishi,RVR,SEL,AWC
Mitsubishi,Eclipse,GT,S
Mitsubishi,Outlander,GT,NOIR
Mitsubishi,Eclipse,SE,S
Mitsubishi,RVR,GT,AWC
Mitsubishi,Outlander,,
Mitsubishi,RVR,ES,
Mitsubishi,Eclipse,ES,
Mitsubishi,Outlander,SE,
Mitsubishi,RVR,SE,
Mitsubishi,Eclipse,SE,
Mitsubishi,RVR,GT,
Mitsubishi,Eclipse,NOIR,
Mitsubishi,Eclipse,Noir,
Mitsubishi,RVR,NOIR,
Mitsubishi,Outlander,GT,Premium
Mitsubishi,RVR,SEL,
Mitsubishi,Eclipse,GT,
Mitsubishi,Outlander,LE,
Mitsubishi,Outlander,SEL,
Mitsubishi,RVR,Certified,No
Mitsubishi,Outlander,SE,No
Mitsubishi,Outlander,GT,GT
Mitsubishi,Outlander,AWD,Heated
Mitsubishi,Outlander,ES,4WD
Mitsubishi,Outlander,GT,CPO
Mitsubishi,Outlander,NOIR,S
Mitsubishi,Outlander,SEL,CPO
Mitsubishi,Mirage,ES,CVT
Mitsubishi,RVR,,
Mitsubishi,Outlander,SE,AWD
Mitsubishi,Outlander,GT,P
Mitsubishi,Eclipse,LE,S
Mitsubishi,Mirage,ES,
Mitsubishi,Outlander,SE,7
Mitsubishi,RVR,SE,"AWC,"
Mitsubishi,RVR,SE,"AWD,"
Mitsubishi,RVR,RVR,SE
Mitsubishi,RVR,SE,2.4L
Mitsubishi,Mirage,1.2L,GT!
Mitsubishi,Outlander,SEL,Pano
Mitsubishi,Outlander,ES,AWD
Mitsubishi,RVR,SE,LOW
Mitsubishi,Outlander,LEATHER,PANORAMIC
Mitsubishi,Outlander,LE,PLUG
Mitsubishi,Outlander,SE,1
Mitsubishi,Outlander,LE,AWD
Mitsubishi,Eclipse,noir,
Mitsubishi,Outlander,ES,ONE
Mitsubishi,RVR,SE*AWD*Heated,Seats*CarPlay*Rear
Mitsubishi,RVR,>>JUST,SOLD<<
Mitsubishi,RVR,AWD,HEATED
Mitsubishi,Outlander,GT,
Mitsubishi,Mirage,NOIR,Spoiler
Mitsubishi,RVR,ONE,OWNER
Mitsubishi,Mirage,ES,Apple
Mitsubishi,Outlander,AWD,7
Mitsubishi,RVR,SE,AWD
Mitsubishi,Eclipse,GT,Reverse
Mitsubishi,Outlander,$0,DOWN
Mitsubishi,Outlander,PANO,ROOF
Mitsubishi,Outlander,GT,PHEV
Mitsubishi,Outlander,ES,PREVIOUS
Mitsubishi,RVR,ES,Accident
Mitsubishi,RVR,ES,Factory
Mitsubishi,RVR,SE,Clean
Mitsubishi,RVR,ES,AWD
Mitsubishi,Outlander,ES,after
Mitsubishi,RVR,NOIR,No
Mitsubishi,RVR,SEL,LOW
Mitsubishi,RVR,SE,NO
Nissan,Kicks,Kicks,2025
Nissan,Altima,CLEAROUT!!!,WRAP
Nissan,Sentra,,
Nissan,Rogue,,
Nissan,Kicks,,
Nissan,Kicks,SR,
Nissan,Murano,SV,Heated
Nissan,Rogue,AWD,SV
Nissan,Kicks,SR,AWD
Nissan,Versa,SV,Bluetooth
Nissan,Kicks,S,
Nissan,Leaf,S+,FWD
Nissan,Kicks,SV,PREMINUM
Nissan,Rogue,S,Remote
Nissan,Armada,4x4,Platinum
Nissan,Rogue,Rock,Creek
Nissan,Armada,PRO,4X
Nissan,Leaf,PLATINUM+,FWD
Nissan,Leaf,SV+,FWD
Nissan,Kicks,TAKE,ADVANTAGE
Nissan,Rogue,AWD,Platinum
Nissan,Leaf,SV,PLUS
Nissan,Kicks,SR,Premium
Nissan,Armada,Platinum,Reserve
Nissan,Leaf,S+,
Nissan,Rogue,Platinum,Wireless
Nissan,Sentra,S,
Nissan,Rogue,SV,MOONROOF
Nissan,Kicks,S,Push
Nissan,Rogue,SV,AWD
Nissan,Kicks,SV,Premium
Nissan,Z,NISMO,
Nissan,Kicks,SV,Remote
Nissan,Sentra,SV,Alloy
Nissan,Kicks,SV,"AWD,"
Nissan,Kicks,Nissan,Kicks
Nissan,Kicks,2025,Nissan
Nissan,Kicks,SR,PREMIUM
Nissan,Kicks,SV,"FWD,"
Nissan,Pathfinder,Platinium,Captains
Nissan,Kicks,S,"FWD,"
Nissan,Sentra,"SV,",REMOTE
Nissan,Sentra,SV,"PREMUIM,"
Nissan,Kicks,S,"AWD,"
Nissan,Kicks,SV,PREMIUM
Nissan,Rogue,S,"AWD,"
Nissan,Rogue,PLATINUM,"AWD,"
Nissan,Sentra,S,Sedan
Nissan,Kicks,S,Heated
Nissan,Z,2026,400Z
Nissan,Rogue,MIDNIGHT,EDITION
Nissan,Sentra,SR,360
Nissan,Murano,SV,Navigation
Nissan,Rogue,S,Navigation
Nissan,Rogue,S,AWD
Nissan,Kicks,SV,HEATEDSEATS
Nissan,Pathfinder,Platinum,w
Nissan,Altima,SR,AWD
Nissan,Rogue,SL,AWD
Nissan,Sentra,SR,Sunroof
Nissan,Rogue,SV,BACK
Nissan,Kicks,"SV,",APPLE
Nissan,Rogue,SV,PREMIUM
Nissan,Armada,PRO4X,CLEANCARFAX
Nissan,Rogue,REMOTE,"START,"
Nissan,Kicks,ONE,"OWNER,"
Nissan,Rogue,"SL,",PRO
Nissan,Kicks,S,CLEANCARFAX
Nissan,Rogue,SL,PANOROOF
Nissan,Kicks,SR,FWD
Nissan,Pathfinder,Rock,Creek
Nissan,Murano,AWD,SL
Nissan,Sentra,SV,"MODEL,"
Nissan,Kicks,"S,",APPLE
Nissan,Rogue,Prior,demo
Nissan,Kicks,ONE,OWNER
Nissan,Rogue,63KM!!!,
Nissan,Sentra,CLEAN,CARFAX
Nissan,Kicks,LOCAL,TRADE
Nissan,Kicks,Certified,No
Nissan,Rogue,SV,"AWD,"
Nissan,Leaf,SV+,NO
Nissan,Pathfinder,No,Accident
Nissan,Z,Performance,Manual
Nissan,Altima,SR,Heated
Nissan,Rogue,SL,No
Nissan,Rogue,ONE,OWNER
Nissan,Pathfinder,"AWD,",LOW
Nissan,Rogue,Platinum,No
Nissan,Murano,Platinum,AWD
Nissan,Rogue,SV,Premium
Nissan,Rogue,SL,SNOW
Nissan,Kicks,No,Accident
Nissan,Kicks,SV,Fwd
Nissan,Versa,STYLE,REMOTE
Nissan,Armada,PLATINUM,ALMOND
Nissan,Kicks,SV,4dr
Nissan,Pathfinder,SL,PANOROOF
Nissan,Rogue,No,Accident
Nissan,Kicks,SV,No
Nissan,Altima,No,Accident
Nissan,Rogue,PLATINUM,CERTIFIED
Nissan,Altima,2.5,S
Nissan,Versa,SV,CVT
Nissan,Rogue,Heated,Seats
Nissan,Rogue,Awd,Rock
Nissan,Rogue,SV,"MODEL,"
Nissan,Rogue,SV,"Moonroof,"
Nissan,Kicks,SV,Apple
Nissan,Kicks,"S,",Back
Nissan,Rogue,NAVI,I
Nissan,Rogue,"MOONROOF,","CARPLAY,"
Nissan,Rogue,"LEATHERETTE,",360
Nissan,Rogue,"Platinum,",PENDING
Nissan,Rogue,SL,Leather
Nissan,Rogue,AWD,Midnight
Nissan,Kicks,"SR,",Remote
Nissan,Pathfinder,SL,Panoramic
Nissan,Sentra,SV,CERTIFIED
Nissan,Kicks,"S,",Android
Nissan,Sentra,SV,Fuel
Nissan,Rogue,FULLY,LOADED
Nissan,Rogue,Sv,Moonroof
Porsche,Macan,GTS,AWD
Porsche,Macan,PREMIUM,PLUS
Porsche,Macan,T,AWD
Porsche,Macan,,
Porsche,Cayenne,S,Coupe
Porsche,Macan,Electric,Turbo
Porsche,Macan,S,Winter
Porsche,Macan,AWD,Winter
Porsche,Cayenne,,
Porsche,Macan,S,"21"""
Porsche,Cayenne,E,Hybrid
Porsche,Cayenne,AWD,PREM
Porsche,Cayenne,AWD,
Porsche,Cayenne,E,HYBRID
Porsche,Cayenne,Coupe,AWD
Porsche,Macan,AWD,FINANCE
Porsche,Cayenne,"21""",RS
Porsche,Macan,AWD,Premium
Porsche,Cayenne,S,AWD
Porsche,Macan,AWD,2
Porsche,Cayenne,S,E
Porsche,Macan,AWD,with
Porsche,Taycan,GTS,2
Porsche,Cayman,S,Coupe
Porsche,Cayenne,AWD,CPO
Porsche,Macan,AWD,CPO
Porsche,Cayenne,SPORT,CHRONO
Porsche,Cayenne,BOSE,"21"""
Porsche,Macan,S,*BIG
Porsche,Macan,T,"AWD,"
Porsche,Macan,$489.00,Tax
Porsche,Cayenne,AWD,Existing
RAM,1500,Sport,4x4
RAM,1500,Rebel,w
RAM,3500,Big,Horn
RAM,1500,Sport,6'4''
RAM,2500,Tradesman,6'4''
RAM,ProMaster,Tradesman,2500
RAM,3500,Tradesman,4x4
RAM,1500,REBEL,LIKE
RAM,1500,SPORT,HURRICANE
RAM,ProMaster,SLT+,3500
RAM,3500,Tradesman,6'4
RAM,1500,Rebel,Night
RAM,1500,Longhorn,Fully
RAM,2500,Crew,Cab
RAM,1500,LIMITED**4X4**HEMI**PANORAMIC,SUNROOF**RAM
RAM,ProMaster,Tradesman,High
RAM,2500,Tradesman,8'
RAM,1500,Rebel,5'7''
RAM,ProMaster,Tradesman,1500
RAM,ProMaster,Tradesman,3500
RAM,1500,*BED,UTILITY
RAM,ProMaster,****,2500
RAM,1500,***SPORT,APPEARANCE
RAM,1500,"*14.4""","NAV,"
RAM,1500,CERTIFIED,HURRICANE
RAM,1500,Sport,3.0L
RAM,ProMaster,****2500,High
RAM,1500,Limited,Longhorn
RAM,1500,BIG,HORN**4X4**NIGHT
RAM,3500,Limited,Longhorn
RAM,2500,Tradesman,4x4
RAM,1500,AWD,Big
RAM,1500,PANORAMIC,SUNROOF
RAM,ProMaster,SLT+,
RAM,1500,SPORT,SPORT
RAM,ProMaster,,
RAM,1500,REBEL**4X4**CREW**LEATHER**14.4,INCH
RAM,1500,LIMITED,NIGHT
RAM,ProMaster,Slt,2500
RAM,1500,Warlock,4x4
RAM,ProMaster,SLT+2500,High
RAM,1500,Laramie,
RAM,2500,Laramie,Mega
RAM,1500,TRADESMAN**SPORT,APPEARANCE**CREW
RAM,1500,NIGHT,EDITION
RAM,ProMaster,1500,Low
RAM,1500,REBEL,LEVEL
RAM,1500,SPORT,4X4
RAM,1500,"***Sport,",HEMI
RAM,1500,SPORT,REBEL
RAM,1500,LUXURY,LEATHER
RAM,1500,Tradesman,6'4
RAM,1500,SPORT,5.7L
RAM,1500,SPORT,22s
RAM,1500,Rebel,5'7
RAM,1500,SPORT,HEMI
RAM,1500,HEMI,"V8,"
RAM,1500,EXPRESS,CREW
RAM,1500,EXPRESS,3.0L
RAM,1500,Express,5'7
RAM,1500,BLACK,EXP
RAM,1500,BLACK,EPXRESS
RAM,2500,BLACK,EXPRESS
RAM,1500,LIMITED,CREW
RAM,1500,Tungsten,CREW
RAM,1500,Rebel,CREW
Subaru,Crosstrek,Touring,AWD
Subaru,Forester,Limited,AWD
Subaru,Outback,Touring,AWD
Subaru,WRX,Kaminari,Edition
Subaru,Forester,Premier,AWD
Subaru,Forester,Sport,AWD
Subaru,BRZ,Sport,tech
Subaru,Impreza,Touring,AWD
Subaru,Impreza,Convenience,AWD
Subaru,Crosstrek,Hybrid,Limited
Subaru,WRX,GT,CVT
Subaru,BRZ,tS,Manual
Subaru,Crosstrek,Onyx,AWD
Subaru,Crosstrek,AWD,ONYX
Subaru,Crosstrek,Touring,
Subaru,Outback,Wilderness,
Subaru,Impreza,Sport,tech
Subaru,Crosstrek,Touring,11
Subaru,Crosstrek,Limited,Harmon
Subaru,Crosstrek,Convenience,Eyesight
Subaru,Forester,Limited,
Subaru,Outback,Premier,XT
Subaru,Crosstrek,Onyx,18
Subaru,Forester,Premier,
Subaru,Impreza,Convenience,
Subaru,Impreza,Touring,
Subaru,WRX,Sport,
Subaru,Crosstrek,Onyx,
Subaru,WRX,GT,
Subaru,Impreza,RS,
Subaru,WRX,Sport,tech
Subaru,Forester,Hybrid,Premier
Subaru,Outback,Touring,
Subaru,Forester,Sport,
Subaru,Forester,Convenience,
Subaru,Crosstrek,Convenience,
Subaru,WRX,TS,
Subaru,WRX,tS,
Subaru,BRZ,tS,
Subaru,Forester,Touring,
Subaru,BRZ,Sport,Tech
Subaru,Crosstrek,Convenience,CVT
Subaru,Impreza,Touring,CVT
Subaru,Crosstrek,Limited,CVT
Subaru,Forester,Convenience,CarPlay
Subaru,WRX,GT,Heated
Subaru,Crosstrek,Touring,Heated
Subaru,WRX,4dr,GT
Subaru,Impreza,RS,AWD
Subaru,Forester,Sport,2.5L
Subaru,Crosstrek,Onyx,CVT
Subaru,Forester,Touring,2.5L
Subaru,Crosstrek,Touring,CVT
Subaru,Impreza,RS,CVT
Subaru,Forester,Limited,2.5L
Subaru,Impreza,Convenience,CVT
Subaru,Forester,PREMIER,
Subaru,Forester,SPORT,
Subaru,Forester,TOURING,
Subaru,WRX,SPORT,
Subaru,Crosstrek,CONVENIENCE,
Subaru,Crosstrek,TOURING,
Subaru,Crosstrek,HYBRID,LIMITED
Subaru,Impreza,CONVENIENCE,
Subaru,WRX,KAMINARI,EDITION
Subaru,Outback,LIMITED,XT
Subaru,Outback,WILDERNESS,
Subaru,Impreza,TOURING,
Subaru,Crosstrek,ONYX,
Subaru,Crosstrek,LIMITED,
Subaru,Crosstrek,Convenience,Pkg.
Subaru,Forester,"LIMITED,","LEATHER,"
Subaru,Ascent,Touring,ASCENT
Subaru,Crosstrek,Onyx,Pkg.
Subaru,Crosstrek,WILDERNESS,
Subaru,Outback,TOURING,
Subaru,WRX,ONE,OWNER
Subaru,Crosstrek,CONVENIENCE,PKG
Subaru,Outback,Limited,Awd
Subaru,Forester,LIMITED,
Subaru,Forester,Base,Awd
Subaru,Crosstrek,Wilderness,1OWNER
Subaru,Forester,Limited,NO
Subaru,Forester,Sport,1OWNER
Subaru,Crosstrek,Convenience,1OWNER
Subaru,Outback,Onyx,"AWD,"
Subaru,Crosstrek,ONYX,1OWNER
Subaru,WRX,4Dr,6sp
Subaru,Crosstrek,TOURING,AWD
Subaru,Crosstrek,AWD,1
Subaru,Crosstrek,TOURING,1OWNER
Subaru,Impreza,,
Subaru,Forester,Touring,1OWNER
Subaru,Crosstrek,Onyx,"AWD,"
Subaru,Forester,AWD,1OWNER
Subaru,Crosstrek,Convenience,"AWD,"
Subaru,Outback,Limited,AWD
Subaru,Impreza,RS,SiriusXM
Subaru,Crosstrek,Onyx,1OWNER
Subaru,Forester,SPORT,CLEAN
Subaru,Crosstrek,ONYX,1
Subaru,Crosstrek,LIMITED,PKG
Subaru,Outback,CLEAN,CARFAX
Subaru,Crosstrek,AWD,1OWNER
Subaru,Outback,Onyx,AWD
Subaru,Crosstrek,ONYX,CLEAN
Subaru,Crosstrek,ONYX,LOW
Subaru,Impreza,TOURING,AWD
Subaru,Crosstrek,Touring,Awd
Subaru,Crosstrek,WILDERNESS,CLEAN
Subaru,Crosstrek,Limited,Awd
Subaru,Ascent,8,PASSENGER
Subaru,Crosstrek,Touring,"AWD,"
Subaru,WRX,GT,PADDLE
Subaru,WRX,RS,MANUAL
Subaru,Impreza,RS,"AWD,"
Subaru,Crosstrek,CONVENIENCE,CLEAN
Subaru,Impreza,AWD,Heated
Subaru,Outback,"OUTBACK,","WILDERNESS,"
Subaru,Solterra,TECH,PKG
Subaru,Crosstrek,Onyx,CARPLAY
Subaru,Ascent,SPORT,1OWNER
Subaru,Crosstrek,LIMITED,LEATHER
Subaru,Impreza,RS,CLEAN
Subaru,Outback,Wilderness,AWD
Subaru,Outback,WILDERNESS,"1owner,"
Subaru,Outback,Limited,CPO!
Subaru,WRX,Sport,Tech
Subaru,Crosstrek,Wilderness,Off
Subaru,Crosstrek,Touring,4WD
Subaru,Crosstrek,ONYX,One
Subaru,Forester,Touring,AWD
Subaru,Impreza,RS,CPO!
Subaru,BRZ,TS,MANUAL
Subaru,Crosstrek,Onyx,CPO
Subaru,Impreza,Convenience,BACKUP
Subaru,Forester,Premier,CPO
Subaru,Crosstrek,One,Owner
Subaru,Outback,SUNROOF,11.6
Subaru,Forester,LIMITED,CLEAN
Subaru,Crosstrek,Limited,CPO
Subaru,WRX,HEATED,SEATS
Subaru,Crosstrek,Onyx,ONYX
Subaru,WRX,Sport,SPORT
Subaru,Crosstrek,Convenience,HEATED
Subaru,Outback,Convenience,OFF
Subaru,Ascent,Onyx,
Subaru,WRX,Manual,
Subaru,Outback,Convenience,
Subaru,Crosstrek,Onyx,One
Subaru,Impreza,Sport,Tech
Subaru,Outback,Wilderness,"AWD,"
Tesla,Cybertruck,AWD,FOUNDATIONSERIES
Tesla,Model,LONG,RANGE
Tesla,Cybertruck,FOUNDATION,SERIES
Tesla,Model,Plaid,AWD
Tesla,Model,Long,Range
Tesla,Model,AWD,I
Tesla,Model,150+,EV's
Tesla,Model,Standard,Range
Tesla,Cybertruck,AWD,FOUNDATION
Tesla,Model,AWD,
Tesla,Model,Performance,Low
Tesla,Model,Performance,AWD
Tesla,Model,CLEAN,CARFAX
Tesla,Model,RWD,Ltd
Tesla,Model,No,Accidents
Tesla,Model,PERFORMANCE,AWD
Toyota,Sienna,LE,8
Toyota,RAV,AWD,LESS
Toyota,Camry,SE,Leather
Toyota,4-Runner,SR5,4WD
Toyota,Corolla,LE,UPGRADE
Toyota,Corolla,XLE,Leather
Toyota,RAV,Trail,AWD
Toyota,Highlander,Hybrid,XLE
Toyota,RAV,Hybrid,XLE
Toyota,RAV,Hybrid,XSE
Toyota,Corolla,Hybrid,SE
Toyota,Corolla,SE,CVT
Toyota,RAV,SE,AWD
Toyota,Highlander,Limited,DVNT
Toyota,Sienna,8,Passenger
Toyota,Corolla,LE,Premium
Toyota,RAV,Hybrid,Limited
Toyota,RAV,XLE,ONE
Toyota,4-Runner,SR5,Premium
Toyota,RAV,XLE,Sunroof
Toyota,RAV,SOLD,PENDING
Toyota,Camry,,
Toyota,RAV,XLE,DVNT
Toyota,RAV,Woodland,AWD
Toyota,RAV,XLE,HYBRID
Toyota,RAV,XSE,AWD
Toyota,Sienna,Sienna,LE
Toyota,Corolla,Hybrid,LE
Toyota,RAV,CERTIFIED,No
Toyota,Camry,SE,No
Toyota,Corolla,LE,AWD
Toyota,Camry,XSE,AWD
Toyota,Highlander,Limited,
Toyota,RAV,LE,CLEAN
Toyota,Highlander,XLE,NO
Toyota,RAV,XLE,XLE
Toyota,Venza,Carplay,Heated
Toyota,Camry,SE,Upgrade
Toyota,Corolla,,
Toyota,RAV,Limited,360
Toyota,Sienna,XLE,8
Toyota,RAV,RAV4,XSE
Toyota,RAV,XLE,
Toyota,Corolla,LE,Upgrade
Toyota,Corolla,SE,
Toyota,Prius,DEMO,SE
Toyota,Camry,SE,Heated
Toyota,Camry,SE,
Toyota,Sequoia,Limited,4WD
Toyota,4-Runner,SR5,7
Toyota,Sienna,Limited,7
Toyota,RAV,XSE,HYBRID
Toyota,RAV,XSE,PLUGIN
Toyota,Camry,XLE,NEW
Toyota,Prius,SE,
Toyota,Sienna,XLE,XLE
Toyota,Tundra,SR,DOUBLE
Toyota,RAV,LE,Radar
Toyota,Sienna,XLE,1Owner
Toyota,Corolla,Toyota,Warranty
Toyota,Prius,SE,Auto
Toyota,Tacoma,Tacoma,Double
Toyota,Sienna,LE,
Toyota,RAV,LE,Awd
Toyota,Tundra,CREWMAX,LIMITED
Toyota,RAV,Technology,Package
Toyota,Tundra,CrewMax,Limited
Toyota,Prius,XSE,
Toyota,Tundra,LIMITED,TRD
Toyota,Tacoma,TRAILHUNTER,4x4
Toyota,Tundra,TRD,OFF
Toyota,Corolla,SOLD,PENDING
Toyota,Tundra,LIMITED,NIGHTSHADE
Toyota,Tundra,SR5,
Toyota,Tundra,SR5,TRD
Toyota,bZ,AWD,
Toyota,Corolla,L,CVT
Toyota,bZ,XLE,AWD
Toyota,Tundra,TRD,RALLY
Toyota,Prius,Limited,AWD
Toyota,Tundra,Platinum,1794
Toyota,bZ,Limited,AWD
Toyota,RAV,Limited,
Toyota,Grand,Platinum,MAX
Toyota,RAV,LE,
Toyota,Highlander,,
Toyota,Tundra,Limited,NIGHTSHADE
Toyota,Highlander,XLE,
Toyota,Tundra,SR,SR
Toyota,Prius,Limited,
Toyota,Tacoma,TRD,OFFROAD+
Toyota,Camry,XSE,
Toyota,Land,,
Toyota,Tundra,,
Toyota,Crown,Platinum,IN
Toyota,bZ,Limited,
Toyota,Prius,XSE,Premium
Toyota,Tundra,Limited,
Toyota,Crown,Limited,
Toyota,Camry,XLE,
Toyota,bZ,XLE,
Toyota,Corolla,XLE,IN
Toyota,Tundra,Hybrid,CrewMax
Toyota,Tundra,Platinum,
Toyota,Prius,XSE,Nightshade
Toyota,C-HR,XSE,
Toyota,Tundra,SR,
Toyota,Tundra,PLATINUM,
Toyota,Corolla,XSE,
Toyota,Prius,Limited,IN
Toyota,4-Runner,Limited,
Toyota,Corolla,LE,LE
Toyota,Tacoma,Limited,EXECUTIVE
Toyota,Corolla,LE,IN
Toyota,Land,Premium,Package
Toyota,Tacoma,,
Toyota,bZ4X,XLE,TECH.
Toyota,Corolla,LE,CARGO
Toyota,Crown,Limited,ADVANCED
Toyota,Crown,,
Toyota,Prius,,
Toyota,Corolla,CVT,
Toyota,Tacoma,TRD,OFFROAD
Toyota,Tundra,SR,SR5
Toyota,C-HR,SE,FWD
Toyota,Tacoma,SR5,WIRELESS
Toyota,Tacoma,SR5,HEAT
Toyota,Corolla,SE,WIRELESS
Toyota,Tacoma,SR5,FREE
Toyota,Corolla,L,
Toyota,Crown,Limited,JBL
Toyota,Tundra,Limited,TRD
Toyota,Corolla,L,FWD
Toyota,Corolla,SE,UPGRADE
Toyota,Corolla,L,8MULTIMEDIA
Toyota,Corolla,BASE,
Toyota,Prius,NIGHTSHADE,
Toyota,Tacoma,Limited,14MULTIMEDIA
Toyota,Corolla,LE,WIRELESS
Toyota,Corolla,XSE,AWD
Toyota,Corolla,SE,AWD
Toyota,Highlander,LIMITED,12.3
Toyota,Tacoma,TRD,Off
Toyota,Tacoma,Hybrid,
Toyota,Camry,SE,FWD
Toyota,Tacoma,Other,
Toyota,Tundra,Limited,Hybrid
Toyota,Tundra,Platinum,Hybrid
Toyota,Highlander,XSE,
Toyota,Tacoma,TRD,OFF
Toyota,Tacoma,Base,
Toyota,Tundra,SR,Double
Toyota,Tundra,Crewmax,Platinum
Toyota,Tacoma,4x4,TRD
Toyota,Prius,$8000,IN
Toyota,Tundra,SR,In
Toyota,Tundra,Capstone,Hybrid
Toyota,Tundra,Platinum,In
Toyota,Crown,Limited,In
Volkswagen,Golf,DSG,
Volkswagen,Golf,DSG,AWD
Volkswagen,Tiguan,COMFORTLINE,AWD
Volkswagen,Jetta,,
Volkswagen,Tiguan,Highline,Turbo
Volkswagen,Taos,Comfortline,1.5T
Volkswagen,Atlas,,
Volkswagen,Taos,,
Volkswagen,Tiguan,,
Volkswagen,Taos,$10000,SAVINGS
Volkswagen,Golf,Autobahn,Auto
Volkswagen,Tiguan,COMFORTLINE,R
Volkswagen,Atlas,"Comfortline,",TRAVEL
Volkswagen,Taos,BLACK,EDITION
Volkswagen,Atlas,Execline,Navigation
Volkswagen,Jetta,HIGHLINE,Nav
Volkswagen,Taos,Comfortline,
Volkswagen,Taos,Comfortline,ALLOYS
Volkswagen,Tiguan,Comfortline,
Volkswagen,Taos,Comfortline,&quot;Black
Volkswagen,Atlas,"AWD,",Adaptive
Volkswagen,Taos,COMFORTLINE,"MODEL,"
Volkswagen,Jetta,Highline,NAV
Volkswagen,Jetta,Trendline,Auto
Volkswagen,Tiguan,Comfortline,2.0T
Volkswagen,Tiguan,SEL,Gps
Volkswagen,Tiguan,Comfortline,CPO
Volkswagen,Taos,CONFORTLINE,FWD
Volkswagen,Tiguan,Comfortline,Grounded
Volkswagen,Golf,Low,Km
Volkswagen,Jetta,Trendline,ONLY
Volkswagen,Atlas,Highline,No
Volkswagen,Taos,Comfortline,4MOTION
Volkswagen,Taos,Trendline,4M
Volkswagen,Atlas,Execline,CPO
Volkswagen,Golf,Performance,Auto
Volkswagen,Jetta,Comfortline,Fwd
Volkswagen,Atlas,Comfortline,Leather
Volkswagen,Golf,Performance,DSG
Volkswagen,Jetta,&quot;ONLY,746
Volkswagen,Taos,COMFORTLINE,4
Volkswagen,Jetta,Nav,Leather
Volkswagen,Taos,Comfortline,Demo
Volkswagen,Tiguan,Comfortline,No
Volkswagen,Taos,Highline,1.5T
Volkswagen,Tiguan,COMFORTLINE,"MODEL,"
Volkswagen,Jetta,Highline,Htd
Volkswagen,Atlas,Comfortline,No
Volkswagen,Jetta,Comfortline,No
Volkswagen,Golf,380,Performance
Volkswagen,Atlas,Execline,R
Volkswagen,Golf,DSG,Leather
Volkswagen,Taos,Comfortline,FINANCE
Volkswagen,Jetta,Comfortline,$96
Volkswagen,Jetta,Comfortline,SPORT
Volkswagen,Taos,"Comfortline,",Pano
Volkswagen,Jetta,Comfortline,Sports
Volkswagen,Golf,Rail,2
Volkswagen,Taos,Comfortline,FWD
Volkswagen,Tiguan,Comfortline,AWD
Volkswagen,Taos,Comfortline,AWD
Volkswagen,Taos,"Comfortline,",Back
Volkswagen,Jetta,Highline,Leather
Volkswagen,Jetta,Comfortline,
Volkswagen,Taos,Trendline,Awd
Volkswagen,Jetta,Autobahn,Auto
Volkswagen,Jetta,Highline,Auto
Volkswagen,Jetta,Trendline,Alloy
Volkswagen,Atlas,Highline,
Volkswagen,Jetta,Highline,
Volkswagen,Atlas,Comfortline,
Volvo,XC60,T8,AWD
Volvo,XC40,Ultra,(Dark
Volvo,XC40,Core,(Dark
Volvo,XC90,Ultra,7
Volvo,V60,Ultra,
Volvo,XC90,Plus,7
Volvo,XC40,Plus,(Dark
Volvo,XC60,Core,
Volvo,XC60,Plus,
Volvo,XC60,Ultra,
Volvo,XC60,Ultra,Black
Volvo,XC90,Ultra,6
Volvo,XC60,Polestar,Engineered
Volvo,EX40,Twin,Motor
Volvo,XC40,B5,AWD
Volvo,XC60,Plus,Lease
Volvo,XC60,Ultra,LEASE
Volvo,XC60,Ultra,Lease
Volvo,XC60,Core,Lease
Volvo,XC40,Core,Dark
Volvo,EX90,Twin,Motor
Volvo,V60,Ultra,Lease
Volvo,XC60,Core,LEASE
Volvo,XC60,Plus,LEASE
Volvo,V60,B5,AWD
Volvo,XC40,Twin,eAWD
Volvo,XC40,Ultimate,Bright
Volvo,XC90,T8,eAWD
Volvo,XC60,T8,eAWD
Volvo,S60,T8,eAWD
Volvo,XC60,Ultimate,
Volvo,XC90,Ultimate,Bright
Volvo,XC60,Ultimate,AWD
Volvo,XC40,UP,TO
Volvo,XC40,B5,Core
Volvo,XC60,UP,TO
Volvo,XC90,UP,TO
Volvo,XC90,DARK,PLUS
Volvo,S60,B5,Plus
Volvo,XC90,2025.5,T8
Volvo,S60,B5,Ultimate
Volvo,S60,B5,Core
Volvo,XC90,Ultimate,HUD
Volvo,S60,UP,TO
Volvo,XC90,T8,Ultimate
Volvo,XC90,Ultimate,Apple
Volvo,XC60,,
Volvo,V60,UP,TO
Volvo,EX30,Single,Motor
Volvo,C40,Ultimate,Harman
Volvo,XC60,Core,Apple
Volvo,XC90,Core,Apple
Volvo,XC40,B5,Plus
Volvo,XC60,Ultimate,Bowers
Volvo,XC90,T8,Ultra
Volvo,S60,B5,Black
Volvo,V60,Ultimate,SUNROOF
Volvo,V60,Plus,SUNROOF
Volvo,V60,Ultimate,PREMIUM
Volvo,XC40,360,Camera
Volvo,XC40,AWD,Turbo
Volvo,XC90,Ultimate,Clean
Volvo,S60,Ultimate,Dark
Volvo,XC60,Core,CPO
Volvo,EX30,Ultra,CHARGE
Volvo,XC90,Ultimate,CPO
Volvo,XC90,Ultra,2025.5
Volvo,XC90,Ultra,CPO
Volvo,XC90,.,
Volvo,V90,Plus,SUNROOF
Volvo,XC90,B6,Plus
BMW,X3,M40i,xDrive
RAM,1500,***Rebel,"X,"
BMW,X5,xDive50e,CPO
Volkswagen,Atlas,EXECLINE,
Nissan,Kicks,360,"Camera,"
Hyundai,Kona,ULTIMATE,"PACKAGE,"
Mazda,CX-30,SUNA,EXTENDED
Ford,F-150,LARIAT,SuperCrew
Volkswagen,Taos,Trendline,
BMW,3,CPO,Keyless
Toyota,Corolla,LE,DVNT
Audi,Q3,Komfort,Vorsprung
Infiniti,QX60,SENSORY,Massage
BMW,X2,xDrive28i,Sports
Rivian,R1S,Launch,Edition
Ford,F-150,XLT,l
Cadillac,XT5,Sport,ASSIST
Nissan,Rogue,PRIOR,DEMO
Mercedes-Benz,E-Class,E350,4MATIC
Jeep,Wrangler,Sahara,Technology
Nissan,Pathfinder,Platinum,4WD
Lexus,NX,PHEV,ULTRA
Audi,Q5,QUATTRO,HUD
Toyota,RAV,XLE,NEW
Ford,F-150,XLT,CRUISE
Audi,A5,Komfort,45
Nissan,Versa,SR,CVT
Mercedes-Benz,GLC,Coupe,Star
Toyota,RAV,LE,DVNT
GMC,Yukon,ACCIDENT,FREE
Nissan,Rogue,ACCIDENT,FREE
Hyundai,Elantra,PREFERRED,TECH
Audi,Q5,Progressiv,No
BMW,X2,Premium,Essential
Toyota,Tundra,Limited,Rally
Jaguar,F-Pace,P250,R
Ford,F-150,LARIAT,360
Nissan,Altima,,
Honda,CR-V,SPORT,AWD
Ford,Ranger,LARIAT,4WD
Nissan,Rogue,"PLATINUM,","HUD,"
Subaru,Crosstrek,,
Hyundai,Elantra,Luxury,DCT
Mazda,CX-90,GT,360
Honda,HR-V,,
Toyota,Highlander,XSE,LEATHER
Mercedes-Benz,GLE,GLE350,DISTRONIC
Volkswagen,Taos,ONE,OWNER
Mercedes-Benz,GLC,Pinnacle,Trim
Land,Rover,V8,RARE
Subaru,Forester,2.5,1OWNER
Toyota,Camry,SE,NEW
Kia,Sorento,,
Kia,Soul,GT,Line
Ford,Maverick,LARIAT,"DEMO,"
Hyundai,Palisade,Ultimate,w
Toyota,Corolla,Hybrid,XSE
RAM,1500,SPORT,PANORAMIC
Mercedes-Benz,GLC,4MATIC,EXCLUSIVE
Jeep,Compass,4X4,ONLY
Porsche,Macan,S,PREM
Kia,Seltos,SX,MEMORY
Mazda,CX-90,GT,"AWD,"
Toyota,Tacoma,Tacoma,SB
Hyundai,ELANTRA,Preferred,IVT
Chevrolet,Equinox,4dr,LT
Audi,Q8,Progressiv,55
Honda,CR-V,Sport,CarPlay
Volkswagen,Taos,"Comfortline,",Android
Volkswagen,Taos,Comfortline,"AWD,"
BMW,i4,,
Ford,F-150,LARIAT,
Honda,Passport,TrailSport,
Toyota,RAV,LE,HYBRID
Toyota,Corolla,LE!,
Subaru,Forester,LIMITED,AWD
Ford,F-350,No,Accidents
Dodge,Durango,"***SUNROOF,","LEATHER,"
Subaru,Crosstrek,ONYX,AWD
Honda,CR-V,AWD,HTD
Toyota,Land,1958,DVNT
Nissan,Pathfinder,SL,
Honda,CR-V,Touring,LEATHER
Volkswagen,Jetta,1.5L,Comfortline
Audi,Q5,SLINE,PROGRESSIVE
Audi,Q3,45,TFSI
Nissan,Versa,SV!,
Hyundai,Tucson,Night,Edition
Honda,Prologue,EX,L
Honda,Pilot,TrailSport,
Nissan,Versa,SV,Apple
Nissan,Altima,S,AWD
Ford,Bronco,Full,Size
Subaru,Forester,Sport,CPO!
Mazda,CX-5,GS,Leather
Subaru,Crosstrek,Onyx,CPO!
Ford,Mustang,***GT,PREMIUM
Subaru,WRX,"****SPORT,",RED
Subaru,WRX,Sport,6
Toyota,Corolla,LE,NO
Volkswagen,Golf,Autobahn,FWD
Volkswagen,Tiguan,HIGHLINE,R
Audi,A5,45,2.0T
BMW,X7,M,SPORT
BMW,X5,M,SPORT
Jaguar,I-Pace,R,DYNAMIC
Ford,Explorer,EXPLORER,
Audi,SQ5,Technik,TFSI
Lexus,RX,500h,F
Volkswagen,Taos,HIGHLINE,AWD
Kia,Sportage,SX,Prestige
Audi,A5,Progressiv,
Honda,Ridgeline,Sport,AWD
Audi,Q3,Progressiv,
Ford,Explorer,ACTIVE,W
Jeep,Grand,Altitude,
Ford,F-350,XLT,
Chevrolet,Malibu,"LT,",APPLE
Dodge,Durango,RT,PLUS
Volkswagen,Taos,HIGHLINE,
Ford,F-150,XLT,*302A
Ford,Maverick,XL,
Porsche,Panamera,4,PREMIUM
Ford,Mustang,PREMIUM,*300A
Ford,F-150,TREMOR,
Volkswagen,Jetta,Comfortline,Leather
Chevrolet,Silverado,e4WD,Crew
Jeep,Compass,Limited,HEATED
Audi,A3,Progressiv,
Ford,Ranger,XL,4WD
Ford,Police,AWD,
Ford,F-250,,
Nissan,Rogue,SV,DARK
Honda,Civic,Touring,Leather
Volkswagen,Taos,1.5T,Comfortline
Subaru,Outback,,
Audi,RS,RS,DESIGN
Kia,Carnival,2026,KIA
Ford,F-150,2025,Ford
Ford,E-Series,,
Ford,Explorer,Active,4WD
Toyota,Highlander,LE,AWD
Toyota,Camry,Hybrid,SE
Nissan,Murano,SL,
Kia,Sportage,LX,NO
Hyundai,Kona,Preferred,NO
Hyundai,TUCSON,Luxury,Hyb
Mazda,3,GS,Auto
BMW,X1,M35i,AWD
Chevrolet,Trax,2RS,Leather
Infiniti,QX60,No,Accident
GMC,Sierra,SLT,No
Mazda,Mazda3,GT,
RAM,1500,LONGHORN,CREW
Chevrolet,Corvette,2dr,Stingray
BMW,iX,xDrive50,Sports
Ford,Maverick,Tremor,AWD
Nissan,Armada,Platinum,HEATED
Hyundai,TUCSON,Ultimate,
Hyundai,TUCSON,Night,Edition
Hyundai,KONA,Preferred,
Hyundai,KONA,Essential,
Volkswagen,Golf,Autobahn,
Ford,F,LARIAT,
Ford,F,XLT,
Ford,Explorer,PLATINUM,
Ford,Escape,ACTIVE,REMOTE
Lincoln,Navigator,Extended,L
Subaru,Trailseeker,LIMITED,
Hyundai,Santa,Preferred,AWD
Chevrolet,Trax,LS,
Volkswagen,Jetta,Highline,Loaded
Kia,Sportage,Sx,Phev
Kia,Niro,Wave,
Hyundai,Tucson,NIGHT,EDITION
BMW,M4,Competition,Coupe
Toyota,GR86,Premium,Manual
Chevrolet,Trax,"2RS,","SUNROOF,"
Kia,Seltos,,
Toyota,RAV,SE,
Honda,Civic,EX,HONDA
Toyota,Corolla,LE,CERTIFIED
Dodge,Durango,,
Buick,Encore,,
Mitsubishi,Mirage,GT,CPO
BMW,4,VdpUrlEn,
Renault,Clio,Esprit,Alpine
Hyundai,Venue,"Essential,",Heated
Mazda,Mazda3,GT,NO
Toyota,Corolla,L,NO
Audi,RS5,2.9,TFSI
Kia,Niro,WIND+,
Hyundai,Palisade,XRT,PRO
Hyundai,Tucson,Ultimate,Hybrid
Mercedes-Benz,GLC,COUPE,AMG
Subaru,Crosstrek,Limited,"AWD,"
Ford,Escape,Premium,
GMC,Savana,RWD,3500
Chevrolet,Blazer,eAWD,LT
Volkswagen,Taos,Trendline,FWD
Land,Rover,Belgravia,Edition
Mercedes-Benz,EQB,EQB,250+
Jeep,Compass,"***LEATHER,",HETAED
Audi,Q5,Progressiv,
Volkswagen,Golf,Manual,
Cadillac,Lyriq,4dr,Luxury
Ford,Bronco,BADLANDS,
Ford,Edge,Titanium,
Ford,Escape,PHEV,Premium
Audi,Q8,Progressiv,
Toyota,RAV,HYBRID,LIMITED
Subaru,Outback,WILDERNESS,PKG!
Volkswagen,Taos,1.5L,Certified!
Volkswagen,Atlas,2.0L,Highline!
Ford,Maverick,XLT,
Chrysler,Pacifica,Touring,FWD
Volkswagen,Taos,1.5L,Comfortline!
Ford,F-250,Lariat,
Volkswagen,Tiguan,2.0T,Comfortline!
Chrysler,Grand,SXT,NAVI
Jeep,Wrangler,SAHARA,SKY
Chrysler,Grand,Sxt,Stow&go
Chrysler,Grand,SXT,STOW
Volkswagen,Jetta,GLI,2.0T
Nissan,Rogue,SV,Low
Toyota,RAV,XLE,Low
Honda,Accord,$0,DOWN
Honda,HR-V,$0,DOWN
Nissan,Rogue,S,Alloy
Honda,HR-V,HTD,SEATS
Honda,Accord,SUNROOF,HTD
Honda,HR-V,AWD,HTD
Jeep,Compass,2025,Compass
Hyundai,Venue,PREFERRED,HTD
Hyundai,Venue,$0,DOWN
Hyundai,Venue,HTD,SEATS
Hyundai,Venue,ONLY,"26,000KMS!"
Hyundai,Elantra,$0,DOWN
Acura,ADX,4DR,AWD
Hyundai,Elantra,LUXURY,HTD
Hyundai,Elantra,ONLY,"30,000KMS!"
Toyota,Crown,Limited,CVT
Hyundai,Elantra,PREFERRED,HTD
Mazda,CX-30,AWD,256HP
Audi,Q7,Komfort,
Hyundai,Elantra,Preferred,"Auto,H"
Toyota,Venza,Limited,
Hyundai,Kona,$0,DOWN
Nissan,Murano,AWD,SV
Honda,CR-V,Touring,Hybrid
Hyundai,Santa,ULTIMATE,AWD
Chevrolet,Trax,LT,HTD
Subaru,Crosstrek,Onyx,OFF
Chevrolet,Silverado,RST,Z71
Toyota,Tundra,LIMITED,
Ford,Ranger,Ranger,XL
Porsche,Cayman,GTS,4.0
BMW,X1,X1,xDrive28i
Nissan,Sentra,SV,ONLY
Ford,Ranger,,
Toyota,GR,Manual,
Honda,Pilot,TOURING,AWD
Hyundai,KONA,2.0L,Essential
Mazda,CX-5,GS,"AWD,"
Jeep,Grand,VdpUrlFr,
Ford,Mustang,PREMIUM,
Hyundai,TUCSON,Preferred,
Honda,Accord,SE,CVT
Ford,F,STX,2.7L
Honda,Civic,Manual,
Ford,Escape,Platinum,"AWD,"
Ford,F,XLT,HEATED
Ford,Explorer,Active,"AWD,"
Hyundai,TUCSON,XRT,LEATHER
Nissan,Rogue,"Practical,","Efficient,"
Subaru,Crosstrek,Onyx,OFFSHORE
Subaru,Crosstrek,Limited,SUNBLAZE
Subaru,OUTBACK,Wilderness,WILDERNESS
Subaru,Forester,Touring,LIKE
Subaru,Forester,Touring,TOURING
Mazda,CX-70,GT,"AWD,"
Toyota,RAV,XLE,WITH
Nissan,Z,Performance,
Kia,Forte,EX,Pkg.
Nissan,Pathfinder,"SL,","Leather,"
Hyundai,TUCSON,Ultimate,AWD
Hyundai,KONA,2.0L,Preferred
Hyundai,KONA,Preferred,FWD
Toyota,Tacoma,TRAILHUNTER,6FT
Mazda,CX-50,GT,
Hyundai,Palisade,Urban,
RAM,2500,Rebel,4x4
Toyota,Corolla,"LE,",Apple
Cadillac,Escalade,Platinum,Sport
Toyota,Corolla,LE,"AWD,"
Volkswagen,Atlas,Execline,Loaded
Toyota,GR86,HAKONE,Edition
Toyota,Camry,XLE,AWD
Subaru,Crosstrek,Wilderness,Pkg.
Subaru,Ascent,Touring,7
Subaru,Ascent,Sport,SPORT
Toyota,Camry,TOUCHSCREEN,BLUETOOTH
Subaru,Outback,Wilderness,WILDERNESS
Jeep,Wrangler,Rubicon,"4x4,"
Toyota,Corolla,LE,HEV
Subaru,Crosstrek,Touring,4dr
Toyota,Highlander,Limited,AWD
Toyota,Venza,LE,
Toyota,Grand,LIMITED,EDITION
GMC,Terrain,ELEVATION,AWD
Chevrolet,Equinox,LT,1.5T
Hyundai,Venue,PREFERRED,
Kia,Carnival,CARNIVAL,HEV
Kia,Carnival,CARNIVAL,LX
Honda,Civic,CIVIC,5D
Jeep,Wrangler,WILLYS,
Toyota,Corolla,ONLY,"8,500KMS!"
Hyundai,Kona,PREFERRED,
Hyundai,Kona,ESSENTIAL,
Hyundai,Venue,ULTIMATE,
Acura,MDX,4DR,SH
GMC,Canyon,4X4,CARPLAY
Audi,Q7,Progressiv,
Kia,Carnival,EX+,
Lincoln,Nautilus,Reserve,2025
Nissan,Sentra,SR,CVT
Jeep,Compass,Limited,ELITE
Nissan,Pathfinder,Platinum,
Toyota,Venza,Limited,Low
Audi,Q3,,
Kia,Forte,EX+,
Audi,Q5,45,TFSI
Toyota,Camry,Hybrid,LE
Hyundai,IONIQ,ULTIMATE,LONG
Toyota,Tundra,SR,Navigation
Ford,F-150,Raptor,4WD
Nissan,Pathfinder,SL,Certified
Kia,Seltos,LX,**FACTORY
BMW,X5,XDrive40i,Sports
Chevrolet,Colorado,4WD,ZR2
Mazda,Mazda3,Sport,Hatchback
Hyundai,Santa,Ultimate,
Ford,Mustang,Dark,Horse
Honda,CR-V,Sport,1
Ford,Mustang,Premium,
Ford,F-150,Tremor,4WD
Jaguar,F-Pace,R,Dynamic
Ford,Escape,NAV,BLINDSPOT
BMW,X3,M,Sport
Volkswagen,Taos,TRENDLINE,
Volkswagen,Tiguan,HIGHLINE,TURBO
Volkswagen,Tiguan,COMFORTLINE,
Ford,Bronco,Badlands,2
Hyundai,Elantra,SUNROOF,LEATHER
RAM,Promaster,,
Hyundai,TUCSON,SEL,
GMC,Acadia,Denali,Ultimate
Chevrolet,Camaro,2SS,
GMC,Savana,long,wheel
Audi,A6,3.0T,Progressiv
Audi,RS5,2.9T,quattro
Honda,CR-V,Sport,CPO
Infiniti,QX80,LUXE,V8
Chevrolet,Suburban,LT,
Ford,Expedition,Platinum,
Ford,Explorer,Platinum,
Chevrolet,Equinox,LT,AWD
Nissan,Ariya,SL+,e
GMC,Yukon,Denali,Leather
Chevrolet,Silverado,Max,Range
GMC,Terrain,SLE,Heated
Volkswagen,Taos,Comfortline,Heated
Ford,F-150,LARIAT,Sunroof
Audi,Q5,PROGRESSIV,QUATTRO
Mercedes-Benz,GLE,Star,Certified
Kia,K4,"LX,",Back
Nissan,Sentra,"SV,",Back
Hyundai,SANTA,Ultimate,Calligraphy
Toyota,Tacoma,Double,Cab
Subaru,BRZ,SPORT,TECH
Hyundai,PALISADE,Urban,AWD
Toyota,4-Runner,SR5,"4x4,"
Hyundai,Palisade,Ultimate,
Volkswagen,Golf,DSG,CPO
Honda,Odyssey,Leather,Navi
BMW,X5,xDrive40i,Essential
Hyundai,Elantra,SEL,Sport
Honda,CR-V,Touring,Leather
Honda,Civic,"EX,",Back
Ford,Bronco,RAPTOR,MATTE
Nissan,Kicks,SR,No
Volkswagen,Jetta,"Comfortline,",Back
Toyota,RAV,HYBRID,XLE
Nissan,Ariya,SL+,
Nissan,Rogue,SV,Dark
Nissan,Leaf,SV+,
Subaru,Trailseeker,Premier,AWD
Toyota,Highlander,HYBRID,PLATINUM
Volkswagen,Jetta,GLI,
Subaru,Crosstrek,AWD,Apple
Chevrolet,Blazer,LT,
Toyota,bZ,,
Nissan,Pathfinder,,
BMW,X5,VdpUrlEn,
Subaru,Outback,Touring,DARK
Subaru,Crosstrek,Convenience,SAPPHIRE
Volkswagen,Tiguan,Trendline,
Toyota,Grand,XLE,
Toyota,RAV,XLE,Package
Lexus,RX,Executive,Pkg
Subaru,Crosstrek,Onyx,Package
Subaru,Forester,Limited,Pkg
Ford,F-550,,
Jeep,Compass,NORTH,
Kia,K4,EX,PREMIUM
Hyundai,Sonata,N,LINE
Hyundai,Elantra,BASE,
Hyundai,Sonata,PREFERRED,TREND
Kia,Sportage,SPORTAGE,PHEV
Kia,Sportage,SPORTAGE,HEV
Nissan,Kicks,SR,SR
Volkswagen,Jetta,Trendline,CPO
Audi,Q5,Komfort,QUATTRO
Volkswagen,Jetta,2.0T,GLI!
Nissan,Sentra,SR,"PREMIUM,"
Toyota,4-Runner,DVNT,ORIGINAL
Honda,Civic,ONE,OWNER
Volkswagen,Taos,1.5L,Highline!
Ford,F-150,PLATINUM,HYBRID
Ford,F-350,XL,
Lexus,TX,350,"AWD,"
Honda,Civic,SI,
Chevrolet,Tahoe,LT,
Honda,CR-V,No,Accident
Volkswagen,Taos,Highline,No
Honda,Accord,Hybrid,Sport
Ford,F-150,XLT,FRNT
Audi,Q3,KOMFORT,ACTIVE
Kia,Sportage,Lx,Awd
Jeep,Compass,ELITE,4X4
Jeep,Compass,4X4,LIMITED
Jeep,Compass,ELITE,LIMITED
Jeep,Compass,LIMITED,ELITE
Chevrolet,Tahoe,4WD,4dr
Kia,Sportage,LX,"AWD,"
Chrysler,Pacifica,LIMITED,AWD
Chrysler,Pacifica,S,PACKAGE
Chrysler,Pacifica,LIMITED,BLIND
Chrysler,Pacifica,LIMITED,TOW
Jeep,Wagoneer,SERIES,III
Jeep,Grand,SUMMIT,HIGH
Jeep,Wrangler,SPORT,4X4
Hyundai,Santa,ULTIMATE,CALLIGRAPHY
Hyundai,Palisade,Urban,AWD
RAM,1500,LIMITED,LONGHORN
BMW,2,228,xDrive
BMW,i5,xDrive50,AWD
Chevrolet,Colorado,4WD,Trail
Audi,Q7,3.0T,Technik
Subaru,Crosstrek,Onyx,No
Honda,Accord,Touring,Honda
Volkswagen,Jetta,DSG,
Nissan,Rogue,AWD,SL
Ford,Ranger,Raptor,4WD
Hyundai,Santa,,
Genesis,GV80,3.5T,Advanced
Hyundai,Santa,LUXURY,ONLY
Volkswagen,Taos,Comfortline,4MOTION!
Volkswagen,Taos,Comfortline,No
Chrysler,Grand,SXT,FWD
Mercedes-Benz,GLB,4MATIC&#174;,
Land,Rover,20,GLOSS
Toyota,GR,PREMIUM,M
Hyundai,Elantra,N,DCT
Toyota,Tundra,SR5,CREWMAX
Ford,Mustang,GT,NITE
Ford,F-150,XLT,3.5L
Ford,F-150,XLT,5.0L
Ford,Mustang,ECOBOOST,13.2
Ford,Ranger,XL,PRO
Ford,F-550,XL,
Kia,K4,LX,Adaptive
Subaru,Outback,LOADED!,ONLY
Lexus,IS,AWD,
BMW,X6,Competition,
Land,Rover,,
Chevrolet,Silverado,Work,Truck
MINI,3,Cooper,
RAM,ProMaster,159,WB
Toyota,Tacoma,Off,Road
Toyota,Tacoma,One,Owner
Ford,F-150,PLATINUM,
Tesla,Model,Downtown,
Mazda,MX-5,GT,
Honda,Civic,Touring,
Chevrolet,Trax,FWD,2RS
Ford,F-150,XLT,4X4
Ford,F-150,LARIAT,4X4
Chevrolet,Trax,LTFWD,4dr
Hyundai,Tucson,TUCSON,PREFERRED
Kia,Sorento,EX,HEV
Genesis,G70,3.3T,SPORT
Kia,K4,Hatchback,LX
Ford,F-250,STX,4WD
Ford,Escape,TOUCHSCREEN,NAV
Nissan,Murano,Midnight,Edition
Kia,Forte,TOUCHSCREEN,CAMERA
Ford,F-250,CREW,CAB
Volkswagen,Jetta,Highline,1.5
Subaru,Forester,Wilderness,CPO!
Subaru,Crosstrek,LIMITED,AWD
Dodge,Durango,GT,w
Volkswagen,Tiguan,Trendline,DEMO
Subaru,Forester,2.5L,Limited!
Volkswagen,Taos,1.5L,Trendline!
BMW,2,,
Lexus,NX,PERFORATED,LETHER
Toyota,RAV,XSE,XSE
Jeep,Wrangler,Sahara,NAVI
Jeep,Wrangler,Rubicon,SAFETY
Audi,Q5,Technik,
Kia,Carnival,HEV,SX+
RAM,1500,"Limited,","4WD,"
Ford,F-150,STX,2.7L
Toyota,Sienna,XSE,WITH
Ford,F-150,XLT,2.7L
Subaru,Crosstrek,Wilderness,AWD
Toyota,RAV,RAV4,Plug
Subaru,Crosstrek,Wilderness,"3,500"
Kia,Seltos,Sx,Awd
Hyundai,Tucson,AWD,Trend
Honda,Civic,Sport,REMOTE
Nissan,Sentra,SV,AUTO
Lexus,RX,F,Sport
Kia,K4,LX,Low
Polestar,3,MSRP,96000+
Subaru,Forester,HYBRID,PREMIER
Cadillac,Lyriq,600E4,AWD
Hyundai,Kona,Preferred,"AWD,"
Toyota,Corolla,LE,SEDAN
Kia,Sportage,EX,Clean
Mazda,Mazda3,,
Ford,Explorer,Active,ACTIVE
Toyota,RAV,TOP,OF
Mitsubishi,Outlander,SEL,AWD
Ford,F-150,XLT,NAVIGATION
Nissan,Pathfinder,Platinum,Certified
Chevrolet,Suburban,Z71,
Subaru,Outback,LIMITED,AWD
Toyota,Corolla,JUST,LANDED!!
Ford,Explorer,ACTIVE,
Mazda,CX-90,JUST,LANDED!!
Toyota,RAV,JUST,LANDED!!
Mazda,CX-50,JUST,LANDED!!
Ford,Expedition,PLATINUM,
Ford,Expedition,TREMOR,
Ford,Ranger,LARIAT,
Ford,Maverick,LOBO,HIGH
Ford,Mustang,ECOBOOST,
Ford,Mustang,GT,
Ford,Maverick,TREMOR,
Ford,Maverick,LOBO,STANDARD
Ford,Transit,XL,
Kia,Sportage,EX,Sunroof
Ford,Bronco,BADLANDS,4
Ford,F-150,HYRBID,V6
Ford,F-150,HYBRID,3.5L
Ford,Bronco,HERITAGE,
Ford,F-150,HYBRID,V6
Ford,F-150,V6,3.5L
Ford,Maverick,XLT,FWD
Ford,Transit,350,MR
Nissan,Versa,SR,
RAM,ProMaster,High,Roof
Chevrolet,Tahoe,PREMIER,
Hyundai,Elantra,Preferred,Tech
Audi,A3,Progressiv,40
BMW,M3,Competition,Premium
Kia,Niro,IN,STOCK!
Kia,Niro,Wind+,407
Jeep,Cherokee,LIMITED,
BMW,i4,xDrive40,Gran
Hyundai,Tucson,SEL,Convenience
Acura,TLX,Type,S
Kia,Sportage,LX,Heated
Toyota,Tacoma,SR5,
Volkswagen,Taos,TRENDLINE,AWD
Honda,CR-V,TOURING,AWD
Nissan,Sentra,S,4dr
Mazda,CX-30,$0,DOWN
Volvo,XC40,Ultimate,Dark
Subaru,Outback,Onyx,
Toyota,Corolla,$0,DOWN
Honda,Odyssey,BLACK,ED
Chevrolet,Colorado,ZR2,Crew
Mercedes-Benz,CLA,"4MATIC,",Pano
Jeep,Compass,Trailhawk,"4x4,Sunroof"
Volkswagen,Jetta,"Comfortline,",Sport
GMC,Terrain,SLE,1
Audi,A6,Progressiv,
Ford,Ranger,Raptor,
Audi,Q5,2.0T,Technik
Nissan,Kicks,S,Apple
Nissan,Sentra,SV,Heated
Toyota,4-Runner,,
Volkswagen,Jetta,Comfortline,1.5L
Honda,Civic,Hybrid,Sunroof
Subaru,Outback,LEATHER,SUNROOF
Subaru,Impreza,Convenience,EyeSight
Genesis,GV70,,
Jeep,Wrangler,Sahara,BLINDSPOT
Nissan,Sentra,SR,No
Nissan,Sentra,Heated,Seats
Honda,Civic,LX,NO
Volkswagen,Jetta,Comfortline,AUTO
Toyota,Crown,LIMITED,
Buick,Enclave,Avenir,HUD
Volkswagen,Golf,Autobahn,Navigation
Nissan,Kicks,SV,Heated
Volkswagen,Atlas,Execline,2.0L
Honda,Accord,HYBRID,TOURING
Mazda,3,GX,FWD
Volkswagen,Tiguan,2.0L,Why
Volkswagen,Taos,1.5L,Comfortline
Toyota,Corolla,LE,REAR
Volkswagen,Atlas,2.0L,Comfortline!
Toyota,Corolla,LE,ALL
Ford,F,Lariat,
BMW,3,330I,"XDRIVE,"
Ford,F,Tremor,
BMW,X1,xDrive28i,CPO
Toyota,Tundra,TRD,PRO!
Toyota,RAV,Limited,DVNT
Toyota,RAV,SE,DVNT
Subaru,WRX,,
Toyota,Corolla,L,DVNT
RAM,1500,Rebel,
Chevrolet,Colorado,4WD,TRAIL
Ford,F-150,CREW,CAB
Chevrolet,Colorado,4WD,LT
Ford,Mustang,Premium,AWD
GMC,Canyon,AT4,4WD
Honda,Civic,Sport,Hybrid
Volkswagen,Jetta,"Comfortline,",Apple
Tesla,Cybertruck,Foundation,
Toyota,Sienna,LE,FWD
Toyota,Sienna,XSE,AWD
Ford,F-150,XLT,HEATED
Hyundai,Kona,Preferred,Reverse
Mazda,CX-30,GS,Reverse
Hyundai,Tucson,Preferred,Reverse
Audi,A5,Progressiv,Former
Kia,Niro,SX,Leather
Chevrolet,Silverado,WORK,TRUCK
Porsche,Cayenne,Coupe,Premium
RAM,1500,LIMITED,ELITE
Ford,Edge,SEL,"AWD,"
Subaru,Forester,Wilderness,"AWD,"
Lexus,UX,CLEAN,CARFAX
Subaru,Crosstrek,Limited,Pkg.
BMW,4,XDRIVE,PREMIUM
Volkswagen,Golf,380,Autobahn
Honda,CR-V,Touring,All
Hyundai,Elantra,Essential,BACKUP
Hyundai,Elantra,Luxury,Hybrid
Volkswagen,Jetta,Comfortline,Sunroof
Mazda,CX-5,Suna,
Toyota,Tundra,CrewMax,Platinum
Toyota,Tundra,PLATINUM,HYBRID
Honda,Civic,Leather,Sunroof
Chevrolet,Silverado,LT,No
Nissan,Rogue,S,No
Lincoln,Corsair,PREMIERE,
Mazda,CX-5,KURO,AWD
Ford,F-250,XL,4WD
Lincoln,Aviator,PREMIERE,3.0L
Chevrolet,Malibu,LT,
Audi,Q7,Komfort,45
Jeep,Grand,Limited,Pan
Mercedes-Benz,C-Class,C300,4MATIC
Honda,Civic,Alcantara,Steering
Chevrolet,Silverado,4WD,Double
Alfa,Romeo,Veloce:PHEV,Vent
Infiniti,QX80,AUTOGRAPH,Low
Ford,Mustang,GT,PREM
Subaru,Crosstrek,Touring,1OWNER
Audi,Q3,Progressiv,Low
Mercedes-Benz,GLS,AMG,NIGHT
Volkswagen,Taos,1.5L,Black
BMW,X6,M,SPORT
Jeep,Wrangler,SAHARA,"4DR,"
Jeep,Cherokee,LIMITED,ALTITUDE
Kia,K4,EX+,Pkg.
BMW,X2,LEASE,FOR
Toyota,Camry,XSE,ALL
Hyundai,Kona,SEL,
Honda,CR-V,Leather,Navi
Mitsubishi,Eclipse,LE,
Jeep,Grand,Series,II
Nissan,Pathfinder,SV,
Alfa,Romeo,ti,
Ford,Explorer,Active,Roof
Ford,Bronco,Base,
Ford,Escape,Platinum,Hybrid
Chevrolet,Colorado,LT,
Nissan,Pathfinder,SL,PREMIUM
Subaru,Forester,Convenience,AWD
Volkswagen,Taos,Comfortline,Pano
Toyota,Grand,NO,"ACCIDENT,NEW"
Toyota,RAV,NO,"ACCIDENT,1OWNER,NEW"
RAM,ProMaster,3500,159
Chevrolet,Blazer,FWD,LT
Nissan,Kicks,SV,CarPlay
BMW,3,xDrive,
Toyota,Sienna,XLE,AWD
Chevrolet,Silverado,MAX,RANGE
Chevrolet,Colorado,4WD,WORK
Chevrolet,Suburban,HIGH,COUNTRY
Acura,RDX,A,Spec.
Ford,Bronco,OuterBanks,HEATED
Ford,Bronco,BADLANDS,2.7L
Ford,Bronco,BADLANDS,1.5L
Ford,F-350,XLT,176'
Chevrolet,Equinox,EV,RS
Honda,Odyssey,Sport,MOONROOF
Chevrolet,Silverado,LTZ,
Porsche,Cayenne,S,e
Audi,A3,Komfort,40
Toyota,Land,DVNT,ORIGINAL
Toyota,Corolla,LE,Sunroof
Nissan,Rogue,AWD,"S,"
Volkswagen,Jetta,Trendline,AUTO
Kia,Seltos,In,Transit
Kia,Carnival,SX,One
Toyota,RAV,LE,No
Volkswagen,Taos,Trendline,No
Mercedes-Benz,E-Class,Pinnacle,Driving
Hyundai,IONIQ,AWD,600HP
Honda,Civic,LX,ONLY
BMW,8,M850i,xDrive
Volkswagen,Golf,2.0L,FWD
Toyota,GR,Automatic,
Subaru,WRX,SPORT,TECH
Mazda,CX-50,GT,e
Mazda,Mazda3,GX,Mazda
Toyota,Sienna,XLE,
Mitsubishi,Mirage,NOIR,
Toyota,RAV,XLE,CERTIFIED
Buick,Envision,VdpUrlEn,
Toyota,RAV,VdpUrlEn,
Subaru,Crosstrek,Limited,CERTIFIED
GMC,Sierra,Elevation4WD,Crew
GMC,Sierra,SLE4WD,Crew
Buick,Enclave,AvenirAWD,4dr
BMW,X4,xDrive30i,Sports
BMW,iX,,
Volkswagen,Jetta,Sport,Pkg.
Volkswagen,Taos,Black,Edition
Toyota,RAV,CARPLAY,FUEL
Volkswagen,Golf,2.0,T
Mercedes-Benz,GLC,DEMO,SALES
Mercedes-Benz,GLA,,
Toyota,Corolla,L,AWD
Volkswagen,Golf,GTI,
Toyota,Tacoma,Tacoma,HV
Mazda,CX-50,Gt,W
Audi,Q3,Technik,
BMW,X1,XDRIVE,28I
Volkswagen,Tiguan,Trendline,"AWD,"
Mitsubishi,Outlander,All,Wheel
Honda,Civic,Sport,CarPlay
Honda,CR-V,Hybrid,EX
Ford,Ranger,Raptor,Crew
Mitsubishi,Outlander,SE,SUNROOF
Jeep,Wrangler,LOADED,RUBICON
RAM,ProMaster,3500,High
Hyundai,Venue,ULTIMATE,1.6L
Lexus,UX,ONE,OWNER
Nissan,Pathfinder,3.5L,Platinum!
Hyundai,Venue,Only,"28,165"
Nissan,Versa,Only,"33,706"
Toyota,Camry,SE,"AWD,"
Volkswagen,Taos,"Comfortline,",Heated
Hyundai,Elantra,Luxury,LUXURY
Volkswagen,Tiguan,Comfortline,Sunroof
BMW,5,xDrive,Sedan
GMC,Sierra,e4WD,Crew
Nissan,Ariya,EVOLVE+,
BMW,M4,Coupe,Premium
Honda,Ridgeline,Sport,"AWD,"
Hyundai,Tucson,AWD,
Honda,Passport,TrailSport,Elite
Chevrolet,Express,RWD,3500
Volkswagen,Golf,2.0L,DSG
Honda,HR-V,LX,AWD
Hyundai,Santa,ULTIMATE,CALLIGRA
Nissan,Rogue,SL,
Jeep,Compass,LIMITED,PANO
Hyundai,IONIQ,,
Toyota,GR,3.0T,Coupe
Kia,Carnival,LX+,Power
MINI,Convertible,Cooper,
Chevrolet,Trailblazer,FWD,4dr
Infiniti,QX80,LUXE,8
Ford,Ranger,XLT,4X4
Kia,Sorento,EX,Apple
Lexus,RX,350h,Ultra
Toyota,Corolla,XSE,CVT
Subaru,BRZ,Manual,Clean
Audi,Q5,2.0T,ONE
Hyundai,Palisade,,
Hyundai,Tucson,Ultimate,"PHEV,AWD,Navi,Leather,Roof,No"
Audi,A5,45,TFSI
Kia,Carnival,EX,HYBRID
Audi,S8,4.0,TFSI
Audi,S5,Progressiv,TFSI
Toyota,Corolla,"LE,",Android
Mitsubishi,Eclipse,LOW,KMS
Jeep,Cherokee,Overland,Advanced
Nissan,Murano,Platinum,
Volkswagen,Golf,6Spd,Manual
Hyundai,Kona,PREFERRED,FWD
Nissan,Leaf,,
Hyundai,Elantra,Preferred,Carplay
Honda,Civic,HYBRID,SPORT
Mercedes-Benz,GLE,4MATIC,NO
Toyota,Corolla,"LE,",Toyota
Mazda,CX-5,GX,Experience
Kia,K4,EX+,Full
Kia,Sportage,EX,2000lb
Jeep,Grand,LAREDO,ALTITUDE
Mercedes-Benz,CLE,4MATIC,Cabriolet
Jeep,Wrangler,Sport,HEATED
Infiniti,QX80,PROACTIVE,7
Toyota,Highlander,LIMITED,HEAT
BMW,i5,M60,No
Subaru,Outback,Touring,CARPLAY!
Nissan,Kicks,S,Certified
Toyota,RAV,LE,ONE
Toyota,Highlander,Limited,ONE
Toyota,Tacoma,DVNT,ORIGINAL
Lexus,IS,ONE,OWNER
Subaru,Crosstrek,Touring,CERTIFIED
Subaru,Forester,Premier,PREMIER
Toyota,Venza,LEATHER,STAR
Mazda,CX-5,GX,Low
Mazda,CX-5,GT,Sunroof
Hyundai,Santa,PREFFERED,AWD
Honda,Civic,SPORT,"MODEL,"
Kia,EV6,Wind,
Nissan,Rogue,Platinum,Low
Mercedes-Benz,GLE,350,AMG
Ford,Ranger,RAPTOR,SUPERCREW
Hyundai,Elantra,LUXURY,HYBRID
Honda,CR-V,AWD,Leather
Volkswagen,Tiguan,Comfortline,"AWD,"
Honda,CR-V,ouring,Honda
Honda,Civic,LX,BSM
Honda,CR-V,BOSE,Navi
Honda,CR-V,Bose,Navi
Mercedes-Benz,EQB,Exclusive,Trim
Mercedes-Benz,EQB,AMG,Line
Jeep,Wrangler,Sahara,*ACC*BLIND
Jeep,Grand,Limited,BLACK
Honda,Passport,,
Toyota,GR,,
Ford,Escape,ESCAPE,ACTIVE
Ford,Escape,ESCAPE,ST
Toyota,Corolla,"LE,",Back
Volkswagen,Golf,AUTOBAHN,
Honda,CR-V,BOSE,Leather
Kia,Telluride,EX,AWD
Volkswagen,Jetta,1.5L,Comfortline!
Volkswagen,Atlas,2.0L,Execline!
Volkswagen,Tiguan,2.0L,Comfortline
Toyota,Sienna,Leather,Sunroof
Honda,Civic,LX,HTD
Mitsubishi,Outlander,PHEV,GT
Toyota,RAV,LE,TCUV
Toyota,Venza,LE,Factory
Mazda,CX-5,GT,ONLY
Subaru,WRX,TS,RARE
Subaru,Crosstrek,Convenience,OFFSHORE
Ford,Bronco,OUTER,"BANKS,"
Honda,Accord,Touring,Hybrid
Subaru,Crosstrek,Touring,CPO!
Audi,Q5,Progressiv,Navi
BMW,X3,xDrive30i,
Ford,Ranger,Lariat,
Toyota,Grand,Hybrid,Limited
Volvo,XC90,,
Nissan,Sentra,S,plus
Toyota,Tundra,TRD,PRO
Toyota,Grand,,
Chevrolet,Corvette,1LT,R
Hyundai,Elantra,ESSENTIAL,SEDAN
Honda,Civic,Sport,CLEAN
Chevrolet,Tahoe,RST,
Mazda,CX-30,GT,EXTENDED
Mazda,CX-50,GT,Turbo
Toyota,RAV,SE,CARPLAY
Kia,EV9,Land,
Toyota,GR,BASE,
Toyota,bZ,BASE,
Lexus,GX,4DR,AT
Lexus,UX,4DR,CVT
Lexus,LX,4DR,AT
BMW,4,430i,xDrive
Honda,Prologue,Touring,AWD
Mercedes-Benz,EQS,EQS,580
Ford,Mustang,Convertible,
Ford,Explorer,4WD,
Volkswagen,Golf,GTI,Autobahn
Buick,Envista,FWD,Sport
Hyundai,IONIQ,Preferred,RWD
Mazda,CX-5,One,Owner
Honda,Pilot,TRAILSPORT,AWD
Lexus,UX,Premium,"AWD,"
BMW,2,xDrive,
Kia,Sorento,SX,1.6L
Mercedes-Benz,GLB,Star,Certified
Toyota,RAV,HEATED,SEATS
Toyota,RAV,PREMIUM,AWD
Kia,Sorento,2.5T,EX
Ford,Explorer,ST,HEATED
Kia,EV4,WIND,PREMIUM
Mazda,MX-5,Gs,P
Maserati,Grecale,Modena,V6
BMW,M2,,
Subaru,Crosstrek,Limited,1OWNER
Subaru,Outback,Onyx,CPO!
Jeep,Grand,LIMITED,ALTITUDE
Hyundai,Palisade,Calligraphy,
Jeep,Wrangler,Willys,4
BMW,5,540,xDrive
Mazda,CX-5,GS,FINANCE
Buick,Envision,Only,"17,926"
Audi,A4,Technik,
Honda,Civic,SPORT,GREAT
Lexus,GX,Luxury,Meets
Mazda,MX-5,GT,Manual
Lotus,Emira,V6,First
Hyundai,Venue,ESSENTIAL,IVT
Volkswagen,Jetta,Comfortline,Sport
Subaru,WRX,Sport,W
Subaru,Impreza,RS,HB
Kia,K4,EX+,SEDAN
Toyota,4-Runner,Base,TRD
Kia,Seltos,S,AWD
Toyota,Corolla,LE,Apple
Audi,A4,Komfort,45
Nissan,Pathfinder,SL,Premium
Mercedes-Benz,GLE,350,I
Honda,Civic,Hybrid,LOW
GMC,HUMMER,3X,OMEGA
Porsche,Cayenne,PREMIUM,PLUS
Volvo,EX30,Ultra,
Honda,CR-V,SUNROOF,LANEWATCH
Toyota,RAV,SE,ONE
Land,Rover,HSE,Dynamic
RAM,ProMaster,3500High,Roof
Chevrolet,Suburban,4WD,4dr
Mitsubishi,Mirage,ES,AUTO
Volkswagen,Jetta,Comfortline,CPO
Nissan,Sentra,SV,One
Hyundai,Elantra,Luxury,No
Toyota,Corolla,LE,Clean
Volkswagen,Jetta,No,Accident
Chevrolet,Silverado,No,Accident
Acura,RDX,Tech,Navi
Nissan,Armada,4x4,SL
