,mileage,Age,no_accidents,has_carfax,one_owner,service_records,certified,Is_Hybrid,transmission_Manual,std_tier_1std,std_tier_2std,std_tier_3std,std_tier_Normal,Brand_Segment_Luxury,Brand_Segment_Mainstream,Brand_Segment_Near-luxury,Brand_Segment_Premium,Cylinders,Body_Type,Country_of_Origin,Make,Model,Year,y_pred,predicted_price
17720,226042.0,11.0,0,0,0,0,1,0,False,False,False,False,False,False,True,False,False,4,SUV,of_Origin_Japan,Mazda,CX-5,2016.0,11282.269,11282.269
31653,61516.0,4.0,0,1,0,0,0,0,False,False,False,False,False,False,False,False,False,4,Sedan,of_Origin_South Korea,Hyundai,Elantra,2023.0,21865.229,21865.229
7293,39343.0,3.0,0,0,0,0,0,0,False,False,False,False,True,True,False,False,False,6,SUV,of_Origin_USA,Cadillac,XT6,2024.0,47318.19,47318.19
17869,222395.0,13.0,0,0,0,0,1,0,True,False,False,False,False,False,True,False,False,4,Sedan,of_Origin_Japan,Mazda,Mazda3,2014.0,6924.1704,6924.1704
18068,21.0,3.0,0,0,0,0,0,0,False,False,False,False,False,False,True,False,False,4,SUV,of_Origin_Japan,Mazda,CX-30,2024.0,37716.113,37716.113
32799,219000.0,8.0,0,0,0,0,0,0,False,False,False,False,False,False,True,False,False,4,SUV,of_Origin_Japan,Honda,CR-V,2019.0,16834.541,16834.541
31175,349528.0,20.0,0,0,0,0,0,0,True,False,False,False,False,False,True,False,False,4,Sedan,of_Origin_Japan,Nissan,Altima,2007.0,1844.6371,1844.6371
22845,15545.0,2.0,0,0,0,0,0,0,False,False,False,False,False,False,True,False,False,4,SUV,of_Origin_Japan,Toyota,RAV,2025.0,44438.113,44438.113
712,19990.0,4.0,1,0,1,0,0,0,False,False,False,False,True,False,True,False,False,4,SUV,of_Origin_Japan,Nissan,Qashqai,2023.0,24130.494,24130.494
33431,499.0,1.0,0,0,0,0,0,0,False,False,False,False,False,False,True,False,False,4,SUV,of_Origin_USA,Ford,Bronco,2026.0,60521.71,60521.71
13933,37009.0,4.0,1,0,1,0,0,0,False,False,False,False,False,False,False,False,False,4,SUV,of_Origin_South Korea,Kia,Sportage,2023.0,25370.36,25370.36
35814,60150.0,4.0,0,0,0,0,0,0,False,False,False,False,False,False,True,False,False,4,SUV,of_Origin_Japan,Nissan,Rogue,2023.0,24950.965,24950.965
22149,115069.0,16.0,0,1,0,0,0,0,False,False,False,False,True,False,True,False,False,4,Sedan,of_Origin_Japan,Subaru,Legacy,2011.0,10865.263,10865.263
17899,81965.0,3.0,0,0,0,0,0,0,False,False,False,False,False,False,True,False,False,4,Sedan,of_Origin_Japan,Mazda,Mazda3,2024.0,25406.355,25406.355
29774,60965.0,5.0,0,0,0,0,0,0,False,False,False,False,False,True,False,False,False,4,SUV,baseline_value_here,Mercedes-Benz,GLC,2022.0,51375.906,51375.906
29064,65000.0,3.0,0,0,0,0,0,0,False,False,False,False,False,False,True,False,False,6,SUV,of_Origin_USA,Dodge,Durango,2024.0,48223.32,48223.32
25835,102255.0,8.0,1,0,0,0,0,0,False,True,False,False,False,False,True,False,False,6,SUV,of_Origin_Japan,Honda,Passport,2019.0,26988.594,26988.594
37289,85910.0,5.0,0,0,1,0,0,0,False,False,False,False,False,False,True,False,False,4,SUV,of_Origin_Japan,Nissan,Kicks,2022.0,22068.068,22068.068
5548,73835.0,4.0,0,0,0,0,0,0,False,False,False,False,False,True,False,False,False,4,SUV,baseline_value_here,BMW,X1,2023.0,39479.45,39479.45
5776,60982.0,8.0,0,0,0,0,0,0,False,True,False,False,False,True,False,False,False,6,SUV,baseline_value_here,BMW,X5,2019.0,49076.53,49076.53
26776,59204.0,7.0,0,0,0,0,0,0,False,False,False,False,False,False,True,False,False,4,Sedan,of_Origin_Japan,Honda,Civic,2020.0,25445.234,25445.234
34356,130950.0,9.0,0,0,0,0,0,0,False,False,False,False,False,True,False,False,False,6,SUV,of_Origin_Japan,baseline_value_here,RDX,2018.0,24239.96,24239.96
2653,170932.0,8.0,1,0,0,0,0,1,False,False,False,False,False,False,True,False,False,4,SUV,of_Origin_Japan,Toyota,RAV,2019.0,22619.758,22619.758
2319,52939.0,5.0,0,0,0,0,0,0,False,False,False,False,False,True,False,False,False,4,SUV,of_Origin_South Korea,Genesis,GV70,2022.0,38820.984,38820.984
14136,7188.0,2.0,0,0,0,0,0,0,False,False,False,False,False,False,False,False,False,4,SUV,of_Origin_South Korea,Kia,Seltos,2025.0,44862.207,44862.207
26326,124000.0,12.0,0,0,0,0,0,0,False,True,False,False,False,True,False,False,False,6,SUV,baseline_value_here,BMW,X5,2015.0,18702.6,18702.6
1755,300.0,1.0,0,0,0,0,0,1,False,False,False,False,False,False,True,False,False,4,SUV,of_Origin_Japan,Honda,CR-V,2026.0,51829.53,51829.53
19835,1900.0,1.0,0,0,0,0,0,0,False,False,False,False,False,False,True,False,False,4,Sedan,of_Origin_Japan,Nissan,Sentra,2026.0,27829.457,27829.457
19485,91355.0,5.0,0,0,0,0,0,0,False,False,False,False,False,False,False,False,False,4,Coupe,of_Origin_Japan,Mitsubishi,Eclipse,2022.0,22615.094,22615.094
29821,122309.0,5.0,0,0,0,0,0,0,False,False,False,False,False,False,False,True,False,4,SUV,of_Origin_USA,GMC,Terrain,2022.0,20207.479,20207.479
8409,38982.0,3.0,0,0,0,0,0,0,False,False,False,False,False,False,True,False,False,6,Minivan,of_Origin_USA,Chrysler,Pacifica,2024.0,42823.727,42823.727
28935,99000.0,7.0,0,0,0,0,0,0,False,False,False,False,False,False,True,False,False,4,Sedan,of_Origin_Japan,Honda,Civic,2020.0,21393.303,21393.303
2683,56707.0,4.0,0,0,1,0,0,0,False,False,False,False,False,True,False,False,False,6,Hatchback,baseline_value_here,Audi,S5,2023.0,49077.555,49077.555
23073,65747.0,3.0,0,0,0,0,0,0,False,False,False,False,False,False,True,False,False,4,SUV,of_Origin_Japan,Toyota,RAV,2024.0,35775.56,35775.56
37391,108500.0,6.0,0,0,0,0,0,0,False,False,False,False,False,False,True,False,False,4,Sedan,of_Origin_Japan,Toyota,Corolla,2021.0,20318.318,20318.318
8840,13900.0,8.0,0,0,0,0,0,0,False,False,False,False,True,False,True,False,False,6,Coupe,of_Origin_USA,Dodge,Challenger,2019.0,112355.69,112355.69
26380,36201.0,3.0,1,0,0,0,0,0,True,True,False,False,False,False,True,False,False,4,Sedan,of_Origin_Japan,Subaru,WRX,2024.0,34128.035,34128.035
26448,65000.0,5.0,0,0,0,0,0,0,False,False,False,False,False,True,False,False,False,4,Sedan,baseline_value_here,Mercedes-Benz,C-Class,2022.0,38882.395,38882.395
10146,73713.0,3.0,0,1,0,0,0,0,False,False,False,False,False,False,False,True,False,8,Pickup Truck,of_Origin_USA,GMC,Sierra,2024.0,52497.246,52497.246
11983,162698.0,9.0,0,0,0,0,0,0,False,False,False,False,False,False,False,False,False,4,SUV,of_Origin_South Korea,Hyundai,Santa,2018.0,12276.744,12276.744
7780,25431.0,3.0,0,0,0,0,0,0,False,False,False,False,False,False,False,False,False,4,SUV,of_Origin_USA,Chevrolet,Trailblazer,2024.0,27291.086,27291.086
35053,179524.0,9.0,0,0,0,0,0,0,False,False,False,False,False,False,True,False,False,4,Sedan,of_Origin_Japan,Mazda,Mazda3,2018.0,13085.682,13085.682
35465,186314.0,11.0,0,0,0,0,0,0,False,False,False,False,True,False,True,False,False,4,SUV,of_Origin_Japan,Toyota,Venza,2016.0,15169.762,15169.762
8363,82000.0,4.0,0,0,0,0,0,0,False,False,False,False,True,False,True,False,False,baseline_value_here,baseline_value_here,of_Origin_USA,Chrysler,300,2023.0,27163.018,27163.018
6434,36069.0,3.0,0,0,0,0,0,0,False,False,False,False,False,False,False,True,False,4,SUV,of_Origin_USA,Buick,Envista,2024.0,27458.123,27458.123
11634,1330.0,1.0,0,0,0,0,0,1,False,False,False,False,False,False,True,False,False,4,SUV,of_Origin_Japan,Honda,CR-V,2026.0,53761.395,53761.395
35812,199614.0,9.0,0,0,0,0,0,0,False,False,False,False,False,False,True,False,False,4,SUV,baseline_value_here,Volkswagen,Tiguan,2018.0,11796.207,11796.207
25938,81223.0,4.0,0,0,0,0,0,0,False,False,False,False,False,False,True,False,False,4,SUV,baseline_value_here,Volkswagen,Tiguan,2023.0,24533.623,24533.623
19512,43069.0,3.0,0,0,0,0,0,0,False,False,False,False,False,False,False,False,False,4,SUV,of_Origin_Japan,Mitsubishi,RVR,2024.0,25517.188,25517.188
6333,98477.0,6.0,0,0,0,0,0,0,False,True,False,False,False,False,False,True,False,6,SUV,of_Origin_USA,Buick,Enclave,2021.0,34153.863,34153.863
13459,84053.0,6.0,0,0,0,0,0,0,False,False,False,False,False,False,True,False,False,6,SUV,of_Origin_USA,Jeep,Wrangler,2021.0,32740.219,32740.219
2196,75618.0,11.0,0,0,0,0,0,0,False,False,False,False,False,False,True,False,False,4,SUV,of_Origin_Japan,Honda,CR-V,2016.0,18089.666,18089.666
24996,45433.0,7.0,0,0,0,0,0,1,False,False,False,False,False,True,False,False,False,4,SUV,of_Origin_Japan,Lexus,UX,2020.0,32613.809,32613.809
4156,71947.0,4.0,0,0,0,0,0,0,False,True,False,False,False,True,False,False,False,6,SUV,of_Origin_Japan,baseline_value_here,MDX,2023.0,45668.42,45668.42
2793,81963.0,6.0,1,0,0,0,0,0,False,False,False,False,False,False,True,False,False,6,Sedan,of_Origin_USA,Dodge,Charger,2021.0,39152.09,39152.09
14205,10500.0,1.0,0,0,0,0,0,0,False,False,False,False,False,False,False,False,False,4,SUV,of_Origin_South Korea,Kia,Sportage,2026.0,29881.32,29881.32
1423,97703.0,8.0,0,0,0,0,0,1,False,False,False,False,False,False,True,False,False,4,SUV,of_Origin_Japan,Toyota,RAV,2019.0,29710.445,29710.445
2113,137700.0,8.0,1,0,0,0,0,0,False,False,False,False,False,True,False,False,False,6,Sedan,baseline_value_here,Mercedes-Benz,E-Class,2019.0,34893.426,34893.426
25312,128000.0,15.0,0,0,0,0,0,0,False,False,False,False,False,False,True,False,False,4,Sedan,of_Origin_Japan,Toyota,Corolla,2012.0,10187.595,10187.595
29032,74862.0,9.0,0,0,0,0,0,0,False,False,False,False,True,True,False,False,False,baseline_value_here,baseline_value_here,baseline_value_here,BMW,7,2018.0,37415.82,37415.82
29036,99135.0,6.0,0,0,0,0,0,0,False,False,False,False,False,False,True,False,False,4,SUV,of_Origin_Japan,Honda,CR-V,2021.0,25581.398,25581.398
28388,237985.0,7.0,0,0,0,0,0,0,False,False,False,False,True,False,False,False,False,4,Hatchback,of_Origin_South Korea,Kia,Soul,2020.0,8925.037,8925.037
27915,49098.0,3.0,0,0,0,0,0,0,False,False,False,False,False,False,True,False,False,4,SUV,of_Origin_Japan,Honda,HR-V,2024.0,31646.51,31646.51
16729,499.0,1.0,0,0,0,0,0,0,False,False,False,False,False,True,False,False,False,6,SUV,of_Origin_USA,Lincoln,Aviator,2026.0,82057.836,82057.836
18556,57789.0,7.0,0,0,0,0,0,0,False,False,False,False,False,True,False,False,False,4,Sedan,baseline_value_here,Mercedes-Benz,CLA,2020.0,30623.32,30623.32
4048,46311.0,3.0,0,0,0,0,0,0,False,True,False,False,False,True,False,False,False,6,SUV,of_Origin_Japan,baseline_value_here,MDX,2024.0,50693.836,50693.836
33703,26252.0,3.0,0,0,0,0,0,0,False,False,False,False,False,True,False,False,False,baseline_value_here,baseline_value_here,baseline_value_here,BMW,4,2024.0,47385.4,47385.4
21058,256250.0,7.0,0,0,0,0,0,0,False,False,False,False,False,False,True,False,False,baseline_value_here,baseline_value_here,of_Origin_USA,RAM,1500,2020.0,23469.113,23469.113
11956,31850.0,4.0,0,0,0,0,0,0,False,False,False,False,False,False,False,False,False,4,SUV,of_Origin_South Korea,Hyundai,Kona,2023.0,29326.006,29326.006
34159,15991.0,3.0,0,0,0,0,0,1,False,False,False,False,False,False,True,False,False,4,SUV,of_Origin_Japan,Honda,CR-V,2024.0,40146.64,40146.64
16297,4500.0,2.0,0,0,0,0,0,0,False,False,False,False,False,True,False,False,False,4,SUV,of_Origin_USA,Lincoln,Corsair,2025.0,71201.03,71201.03
17472,76830.0,10.0,0,0,0,0,0,0,False,False,False,False,False,False,False,False,True,baseline_value_here,baseline_value_here,of_Origin_UK,MINI,3,2017.0,15700.405,15700.405
35695,300.0,1.0,0,0,0,0,0,0,False,False,False,False,False,False,True,False,False,4,Sedan,of_Origin_Japan,Honda,Civic,2026.0,32332.805,32332.805
34691,55945.0,4.0,0,0,0,0,0,0,False,False,False,False,True,False,True,False,False,4,SUV,of_Origin_USA,Ford,Edge,2023.0,29968.42,29968.42
7157,89241.0,6.0,0,0,0,0,0,0,False,False,False,False,False,True,False,False,False,4,SUV,of_Origin_USA,Cadillac,XT4,2021.0,29274.066,29274.066
5792,118198.0,7.0,0,0,0,0,0,0,False,False,False,False,False,True,False,False,False,baseline_value_here,baseline_value_here,baseline_value_here,BMW,3,2020.0,25287.648,25287.648
23083,109159.0,8.0,0,0,0,0,0,0,False,False,False,False,False,False,True,False,False,6,SUV,of_Origin_Japan,Toyota,Highlander,2019.0,33848.008,33848.008
25512,49071.0,5.0,0,0,0,0,0,0,False,False,False,False,False,True,False,False,False,6,Hatchback,baseline_value_here,Audi,S5,2022.0,49082.164,49082.164
592,83165.0,14.0,0,0,0,0,0,0,False,False,False,False,False,False,False,False,False,4,SUV,of_Origin_South Korea,Hyundai,Santa,2013.0,10961.231,10961.231
2569,148000.0,11.0,0,0,0,0,0,0,False,False,False,False,False,False,True,False,False,4,Sedan,of_Origin_Japan,Honda,Civic,2016.0,13588.54,13588.54
23465,39720.0,5.0,0,0,0,0,0,0,False,False,False,False,False,False,True,False,False,4,SUV,baseline_value_here,Volkswagen,Taos,2022.0,25532.668,25532.668
34725,34299.0,6.0,0,0,0,0,0,0,False,False,False,False,False,False,False,False,False,8,Pickup Truck,of_Origin_USA,Chevrolet,Silverado,2021.0,48005.164,48005.164
21263,256500.0,11.0,0,0,0,0,0,0,False,False,False,False,False,False,True,False,False,baseline_value_here,baseline_value_here,of_Origin_USA,RAM,2500,2016.0,12655.478,12655.478
8467,24033.0,3.0,0,0,0,0,0,0,False,False,False,False,False,False,True,False,False,6,Minivan,of_Origin_USA,Chrysler,Pacifica,2024.0,43155.098,43155.098
7014,117000.0,10.0,0,0,0,0,0,0,False,False,False,True,False,True,False,False,False,8,SUV,of_Origin_USA,Cadillac,Escalade,2017.0,41061.254,41061.254
20423,102272.0,7.0,1,0,1,0,0,0,False,False,False,False,False,False,True,False,False,4,SUV,of_Origin_Japan,Nissan,Kicks,2020.0,17339.96,17339.96
10783,30081.0,3.0,0,0,0,0,0,0,False,False,False,False,False,True,False,False,False,4,Sedan,of_Origin_South Korea,Genesis,G70,2024.0,45571.727,45571.727
4631,80109.0,6.0,0,0,0,0,0,0,False,False,False,False,False,True,False,False,False,4,SUV,baseline_value_here,Audi,Q3,2021.0,27239.451,27239.451
1325,82062.0,7.0,0,0,0,0,0,0,False,False,False,False,False,True,False,False,False,4,SUV,baseline_value_here,Mercedes-Benz,GLB,2020.0,36210.52,36210.52
33070,54143.0,4.0,0,0,0,0,0,0,False,False,False,False,False,False,False,False,False,4,SUV,of_Origin_South Korea,Kia,Seltos,2023.0,28919.1,28919.1
33780,61767.0,4.0,0,0,0,0,0,0,False,False,False,False,False,False,True,False,False,4,SUV,baseline_value_here,Volkswagen,Tiguan,2023.0,27012.518,27012.518
117,70032.0,6.0,0,0,0,0,0,0,False,False,False,False,False,False,False,False,False,4,Sedan,of_Origin_South Korea,Hyundai,Elantra,2021.0,18065.686,18065.686
15283,37595.0,4.0,0,0,0,0,1,1,False,False,False,False,False,True,False,False,False,4,SUV,of_Origin_Japan,Lexus,RX,2023.0,54383.53,54383.53
7851,108431.0,14.0,0,0,0,0,1,0,False,False,False,False,False,False,False,False,False,4,SUV,of_Origin_USA,Chevrolet,Trax,2013.0,8568.859,8568.859
1306,35700.0,3.0,0,0,0,0,0,0,False,False,False,False,False,False,True,False,False,6,Pickup Truck,of_Origin_USA,Ford,F-150,2024.0,68535.27,68535.27
28041,19858.0,11.0,0,0,0,0,0,0,False,False,False,False,True,False,False,True,False,4,Sedan,of_Origin_USA,Buick,Verano,2016.0,19542.72,19542.72
2894,77784.0,6.0,0,0,0,0,0,0,False,False,False,False,False,False,True,False,False,4,SUV,of_Origin_Japan,Honda,CR-V,2021.0,27621.82,27621.82
17607,157210.0,17.0,0,0,0,0,0,0,True,False,False,False,False,False,False,False,True,baseline_value_here,baseline_value_here,of_Origin_UK,MINI,3,2010.0,6204.109,6204.109
29596,74113.0,5.0,0,0,0,0,0,0,False,False,False,False,False,True,False,False,False,6,Hatchback,baseline_value_here,Audi,S5,2022.0,46315.95,46315.95
17407,75221.0,8.0,0,0,0,0,0,0,False,False,False,False,False,False,False,False,True,4,baseline_value_here,of_Origin_UK,MINI,Convertible,2019.0,22895.955,22895.955
22847,109721.0,6.0,0,0,0,0,0,0,False,False,False,False,False,False,True,False,False,4,SUV,of_Origin_Japan,Toyota,RAV,2021.0,26462.283,26462.283
38229,133801.0,6.0,0,0,0,0,0,0,False,False,False,False,False,False,True,False,False,4,SUV,baseline_value_here,Volkswagen,Tiguan,2021.0,20079.738,20079.738
28224,30000.0,10.0,0,0,0,0,0,0,True,False,False,False,False,False,True,False,False,8,Coupe,of_Origin_USA,Ford,Mustang,2017.0,73120.445,73120.445
31552,108000.0,10.0,0,0,0,0,0,0,False,False,False,False,True,True,False,False,False,6,Sedan,baseline_value_here,Audi,A7,2017.0,38471.094,38471.094
32999,40483.0,3.0,0,0,0,0,0,0,False,False,False,False,False,True,False,False,False,4,SUV,of_Origin_USA,Cadillac,XT5,2024.0,43505.8,43505.8
12098,11614.0,2.0,0,0,0,0,0,0,False,False,False,False,False,False,False,False,False,4,SUV,of_Origin_South Korea,Hyundai,Tucson,2025.0,31686.736,31686.736
28638,9170.0,2.0,0,0,0,0,0,0,True,False,False,False,False,False,True,False,False,4,Coupe,of_Origin_Japan,Toyota,GR86,2025.0,39225.977,39225.977
16491,88399.0,8.0,1,0,0,0,0,0,False,False,False,False,True,True,False,False,False,4,SUV,of_Origin_USA,Lincoln,MKC,2019.0,22001.254,22001.254
30911,160000.0,18.0,0,0,0,0,0,0,False,False,False,False,False,False,True,False,False,4,Sedan,of_Origin_Japan,Honda,Civic,2009.0,5719.733,5719.733
36460,53572.0,4.0,0,0,0,0,0,0,False,False,False,False,False,False,True,False,False,4,Sedan,of_Origin_Japan,Toyota,Corolla,2023.0,26080.877,26080.877
27816,70628.0,3.0,0,0,0,0,0,0,False,False,False,False,False,False,True,False,False,4,SUV,of_Origin_USA,Ford,Bronco,2024.0,28542.363,28542.363
25472,64694.0,4.0,0,0,0,0,0,0,False,False,False,False,False,False,True,False,False,4,SUV,baseline_value_here,Volkswagen,Tiguan,2023.0,27240.82,27240.82
33590,217638.0,14.0,0,0,0,0,0,0,False,False,False,False,False,False,True,False,False,4,SUV,of_Origin_Japan,Honda,CR-V,2013.0,10098.404,10098.404
22888,34943.0,2.0,0,0,0,0,0,0,False,False,False,False,False,False,True,False,False,4,SUV,of_Origin_Japan,Toyota,RAV,2025.0,42082.547,42082.547
13956,57878.0,6.0,0,0,0,0,0,0,False,False,False,False,False,False,False,False,False,4,SUV,of_Origin_South Korea,Kia,Seltos,2021.0,20450.701,20450.701
2189,121568.0,8.0,0,0,0,0,0,0,False,False,False,False,False,True,False,False,False,4,SUV,of_Origin_Sweden,Volvo,XC90,2019.0,24834.496,24834.496
18692,40435.0,4.0,0,0,0,0,0,0,False,False,False,False,False,True,False,False,False,4,SUV,baseline_value_here,Mercedes-Benz,GLC,2023.0,42114.207,42114.207
28811,67480.0,5.0,0,1,1,0,0,0,False,False,False,False,False,False,True,False,False,4,SUV,of_Origin_Japan,Toyota,RAV,2022.0,32542.658,32542.658
10122,193438.0,13.0,0,0,0,0,0,0,False,False,False,False,False,False,False,True,False,8,Pickup Truck,of_Origin_USA,GMC,Sierra,2014.0,18369.973,18369.973
30729,203295.0,14.0,0,0,0,0,0,0,False,False,False,False,False,True,False,False,False,4,Sedan,baseline_value_here,Mercedes-Benz,C-Class,2013.0,8526.705,8526.705
23784,72720.0,3.0,0,0,0,0,0,0,False,False,False,False,False,False,True,False,False,4,SUV,baseline_value_here,Volkswagen,Taos,2024.0,26395.146,26395.146
28451,143232.0,11.0,0,0,0,0,0,0,False,False,False,False,False,False,False,False,False,4,SUV,of_Origin_South Korea,Kia,Sorento,2016.0,11396.832,11396.832
2839,184007.0,6.0,0,0,0,0,0,0,False,False,False,False,False,True,False,False,False,6,Hatchback,baseline_value_here,Audi,A5,2021.0,29558.867,29558.867
11965,80279.0,6.0,0,0,0,0,0,0,False,True,False,False,False,False,False,False,False,6,SUV,of_Origin_South Korea,Hyundai,Palisade,2021.0,31856.16,31856.16
34573,91020.0,8.0,0,0,0,0,0,0,False,False,False,False,False,True,False,False,False,6,Coupe,baseline_value_here,Audi,A5,2019.0,24314.09,24314.09
26619,100800.0,10.0,0,0,0,0,0,0,False,False,False,False,False,False,True,False,False,4,SUV,of_Origin_Japan,Mazda,CX-5,2017.0,18345.828,18345.828
15599,5000.0,2.0,0,0,0,0,0,1,False,False,False,False,False,True,False,False,False,4,SUV,of_Origin_Japan,Lexus,UX,2025.0,63824.54,63824.54
23746,71621.0,3.0,0,0,0,0,0,0,False,False,False,False,False,False,True,False,False,4,SUV,baseline_value_here,Volkswagen,Taos,2024.0,27394.047,27394.047
2637,13102.0,2.0,0,0,0,0,0,0,False,False,False,False,False,False,True,False,False,4,SUV,of_Origin_Japan,Nissan,Kicks,2025.0,36898.6,36898.6
1656,42029.0,4.0,0,0,1,0,1,0,False,False,False,False,False,True,False,False,False,4,SUV,baseline_value_here,Audi,Q3,2023.0,40985.125,40985.125
35286,147480.0,18.0,0,0,0,0,0,0,False,False,False,False,False,False,False,False,False,8,Pickup Truck,of_Origin_USA,Chevrolet,Silverado,2009.0,12962.78,12962.78
11807,84144.0,7.0,0,0,0,0,0,0,False,False,False,False,False,False,False,False,False,4,SUV,of_Origin_South Korea,Hyundai,Santa,2020.0,20005.016,20005.016
2529,66000.0,3.0,0,0,0,0,0,0,False,False,False,False,False,False,True,False,False,6,SUV,of_Origin_USA,Dodge,Durango,2024.0,48555.17,48555.17
8305,38914.0,3.0,0,0,0,0,0,0,False,False,False,False,False,False,True,False,False,6,Minivan,of_Origin_USA,Chrysler,Pacifica,2024.0,42823.727,42823.727
12887,117000.0,9.0,0,0,0,0,0,0,False,False,False,False,True,True,False,False,False,6,Sedan,of_Origin_Japan,Infiniti,Q70,2018.0,19908.213,19908.213
17809,15568.0,2.0,0,0,0,0,0,0,False,True,False,False,False,False,True,False,False,6,SUV,of_Origin_Japan,Mazda,CX-90,2025.0,50843.87,50843.87
29725,108900.0,11.0,0,0,0,0,0,0,False,False,False,False,False,True,False,False,False,4,SUV,baseline_value_here,Audi,Q5,2016.0,13912.0625,13912.0625
33729,146937.0,5.0,0,0,0,0,0,0,False,False,False,False,False,False,False,False,False,4,SUV,of_Origin_South Korea,Hyundai,Tucson,2022.0,20209.77,20209.77
24857,104921.0,7.0,0,1,0,0,0,0,False,False,False,False,False,True,False,False,False,4,SUV,of_Origin_Sweden,Volvo,XC90,2020.0,28421.041,28421.041
276,158743.0,10.0,0,0,0,0,0,0,False,False,False,False,False,False,False,False,False,8,Pickup Truck,of_Origin_USA,Chevrolet,Silverado,2017.0,20932.254,20932.254
27776,106707.0,11.0,0,0,0,0,0,0,False,False,False,False,True,False,True,False,False,4,Hatchback,of_Origin_USA,Ford,Fiesta,2016.0,10531.825,10531.825
36057,54041.0,3.0,0,1,0,0,0,0,False,False,False,False,False,False,True,False,False,4,Sedan,baseline_value_here,Volkswagen,Jetta,2024.0,27208.475,27208.475
11868,14897.0,3.0,0,0,0,0,0,0,False,False,False,False,False,False,False,False,False,4,SUV,of_Origin_South Korea,Hyundai,Santa,2024.0,31319.229,31319.229
23744,159767.0,9.0,0,1,0,0,0,0,False,False,False,False,False,False,True,False,False,4,SUV,baseline_value_here,Volkswagen,Tiguan,2018.0,14676.707,14676.707
34283,69258.0,3.0,0,0,0,0,0,0,False,False,False,False,False,False,True,False,False,4,SUV,baseline_value_here,Volkswagen,Taos,2024.0,28764.725,28764.725
33933,219000.0,16.0,0,0,0,0,0,0,False,False,False,False,False,False,True,False,False,4,Sedan,of_Origin_Japan,Toyota,Corolla,2011.0,7300.6196,7300.6196
554,5700.0,2.0,0,0,0,0,0,0,False,False,False,False,False,False,True,False,False,4,SUV,of_Origin_Japan,Toyota,RAV,2025.0,41342.605,41342.605
2976,11568.0,2.0,0,0,0,0,0,0,False,False,False,False,False,True,False,False,False,4,SUV,of_Origin_Japan,Lexus,NX,2025.0,62718.383,62718.383
87,18425.0,3.0,0,0,0,0,0,1,False,False,False,False,False,False,True,False,False,4,SUV,of_Origin_Japan,Toyota,RAV,2024.0,47570.88,47570.88
15642,85351.0,5.0,0,0,0,0,0,0,False,False,False,False,False,True,False,False,False,4,SUV,of_Origin_Japan,Lexus,RX,2022.0,41510.8,41510.8
28664,280000.0,14.0,0,0,0,0,0,0,False,True,False,False,False,False,True,False,False,6,Minivan,of_Origin_Japan,Honda,Odyssey,2013.0,8528.74,8528.74
7866,56336.0,3.0,0,0,0,0,0,0,False,False,False,False,False,False,False,False,False,6,SUV,of_Origin_USA,Chevrolet,Blazer,2024.0,43681.176,43681.176
7110,47079.0,4.0,1,0,0,0,0,0,False,False,False,False,False,True,False,False,False,4,Sedan,of_Origin_USA,Cadillac,CT4,2023.0,41714.95,41714.95
15676,106472.0,9.0,0,0,0,0,0,0,False,False,False,False,False,True,False,False,False,4,Sedan,of_Origin_Japan,Lexus,IS,2018.0,27323.188,27323.188
8598,73889.0,3.0,0,0,0,0,0,0,False,False,False,False,False,False,True,False,False,6,Minivan,of_Origin_USA,Chrysler,Grand,2024.0,33548.4,33548.4
34030,24450.0,5.0,0,0,0,0,0,0,False,False,False,False,True,False,True,False,False,4,SUV,of_Origin_USA,Ford,Edge,2022.0,26707.598,26707.598
4107,148704.0,7.0,0,0,0,0,0,0,False,True,False,False,False,True,False,False,False,6,SUV,of_Origin_Japan,baseline_value_here,MDX,2020.0,28694.38,28694.38
11261,12123.0,2.0,0,0,0,0,0,0,False,False,False,False,False,False,True,False,False,4,Sedan,of_Origin_Japan,Honda,Civic,2025.0,28968.684,28968.684
16098,6192.0,1.0,0,0,0,0,0,0,False,False,False,False,False,True,False,False,False,6,SUV,of_Origin_USA,Lincoln,Aviator,2026.0,85396.06,85396.06
33212,113935.0,6.0,0,0,0,0,0,0,True,False,False,False,False,False,True,False,False,4,Sedan,of_Origin_Japan,Toyota,Corolla,2021.0,21006.496,21006.496
15470,9552.0,2.0,0,0,0,0,0,1,False,False,False,False,False,True,False,False,False,4,SUV,of_Origin_Japan,Lexus,UX,2025.0,57601.766,57601.766
12014,156796.0,7.0,1,0,0,0,0,0,False,False,False,False,False,False,False,False,False,4,SUV,of_Origin_South Korea,Hyundai,Tucson,2020.0,16158.439,16158.439
17267,57597.0,5.0,0,0,0,0,0,0,False,False,False,False,False,False,False,False,True,baseline_value_here,baseline_value_here,of_Origin_UK,MINI,3,2022.0,29330.152,29330.152
30082,55453.0,3.0,0,0,0,0,0,0,False,False,False,False,False,False,True,False,False,4,Sedan,of_Origin_Japan,Honda,Civic,2024.0,27785.955,27785.955
15302,87779.0,8.0,0,0,0,0,0,0,False,False,False,False,False,True,False,False,False,4,SUV,of_Origin_Japan,Lexus,NX,2019.0,33931.65,33931.65
35181,78637.0,9.0,1,0,0,0,0,0,False,False,False,False,False,False,True,False,False,4,Sedan,of_Origin_Japan,Honda,Civic,2018.0,19586.693,19586.693
19529,39712.0,3.0,0,0,0,0,0,0,False,True,False,False,False,False,False,False,False,4,SUV,of_Origin_Japan,Mitsubishi,Outlander,2024.0,34624.773,34624.773
27587,11000.0,10.0,0,0,0,0,0,0,True,False,False,False,False,False,True,False,False,8,Coupe,of_Origin_USA,Ford,Mustang,2017.0,83525.336,83525.336
8353,82678.0,4.0,0,0,0,0,0,0,False,False,False,False,False,False,True,False,False,6,Minivan,of_Origin_USA,Chrysler,Pacifica,2023.0,31256.387,31256.387
12831,92146.0,4.0,0,1,0,0,0,0,False,False,False,False,True,True,False,False,False,6,Sedan,of_Origin_Japan,Infiniti,Q50,2023.0,33952.62,33952.62
25262,67972.0,4.0,0,0,0,0,0,0,False,False,False,False,False,False,True,False,False,4,SUV,of_Origin_Japan,Honda,CR-V,2023.0,32073.531,32073.531
31950,125322.0,9.0,1,0,0,1,0,0,False,False,False,False,False,False,True,False,False,4,Sedan,of_Origin_Japan,Honda,Accord,2018.0,17938.496,17938.496
30303,52033.0,3.0,0,0,0,0,0,0,False,False,False,False,False,False,True,False,False,4,SUV,of_Origin_Japan,Subaru,Crosstrek,2024.0,32524.361,32524.361
17873,54601.0,4.0,0,0,0,0,0,0,False,False,False,False,False,False,True,False,False,4,Sedan,of_Origin_Japan,Mazda,Mazda3,2023.0,26647.578,26647.578
17828,45849.0,3.0,0,0,0,0,0,1,False,True,False,False,False,False,True,False,False,6,SUV,of_Origin_Japan,Mazda,CX-90,2024.0,44198.17,44198.17
1548,127000.0,10.0,0,0,0,0,0,0,False,False,False,False,False,True,False,False,False,4,Sedan,baseline_value_here,Mercedes-Benz,CLA,2017.0,20642.197,20642.197
19620,45625.0,3.0,0,0,0,0,0,0,False,True,False,False,False,False,False,False,False,4,SUV,of_Origin_Japan,Mitsubishi,Outlander,2024.0,33612.34,33612.34
25132,60730.0,3.0,0,0,0,0,0,0,False,True,False,False,False,False,True,False,False,6,SUV,of_Origin_Japan,Mazda,CX-90,2024.0,43264.32,43264.32
13988,91904.0,6.0,0,0,0,0,0,0,False,False,False,False,False,False,False,False,False,4,SUV,of_Origin_South Korea,Kia,Seltos,2021.0,21015.482,21015.482
27829,92450.0,7.0,0,0,0,0,0,0,False,True,False,False,False,False,True,False,False,8,Pickup Truck,of_Origin_USA,Ford,F-250,2020.0,50912.156,50912.156
2377,58477.0,5.0,0,0,0,0,0,0,False,False,False,False,False,False,True,False,False,4,Sedan,baseline_value_here,Volkswagen,Jetta,2022.0,22188.945,22188.945
8164,258.0,1.0,0,0,0,0,0,0,False,False,False,False,False,False,True,False,False,6,Minivan,of_Origin_USA,Chrysler,Pacifica,2026.0,62390.43,62390.43
19412,133071.0,5.0,0,0,0,0,0,0,False,False,False,False,False,False,False,False,False,4,Coupe,of_Origin_Japan,Mitsubishi,Eclipse,2022.0,21681.5,21681.5
29351,133163.0,6.0,0,0,0,0,0,0,False,False,False,False,False,False,False,False,False,4,SUV,of_Origin_USA,Chevrolet,Equinox,2021.0,17820.404,17820.404
7089,149853.0,6.0,0,0,0,0,0,0,False,False,False,False,False,True,False,False,False,4,SUV,of_Origin_USA,Cadillac,XT5,2021.0,25289.678,25289.678
22160,26274.0,3.0,1,0,0,0,0,0,False,False,False,False,False,False,True,False,False,4,Sedan,of_Origin_Japan,Subaru,Impreza,2024.0,30677.492,30677.492
16268,72923.0,3.0,0,0,0,0,0,0,False,False,True,False,False,True,False,False,False,6,SUV,of_Origin_USA,Lincoln,Navigator,2024.0,85144.17,85144.17
31926,300.0,1.0,0,0,0,0,0,1,False,False,False,False,False,False,True,False,False,4,SUV,of_Origin_Japan,Honda,CR-V,2026.0,51829.53,51829.53
3079,58800.0,6.0,1,0,0,0,0,0,False,False,False,False,False,False,True,False,False,4,SUV,of_Origin_Japan,Mazda,CX-5,2021.0,25792.047,25792.047
35343,119308.0,6.0,0,0,0,0,0,0,False,True,False,False,False,False,False,False,False,6,SUV,of_Origin_South Korea,Hyundai,Palisade,2021.0,29251.547,29251.547
34975,110000.0,10.0,1,0,0,0,0,0,False,False,False,False,True,False,True,False,False,6,Minivan,of_Origin_USA,Dodge,Grand,2017.0,19258.152,19258.152
21226,53170.0,7.0,0,0,0,0,0,0,False,False,False,False,False,False,True,False,False,baseline_value_here,baseline_value_here,of_Origin_USA,RAM,2500,2020.0,42626.79,42626.79
1276,180586.0,11.0,0,0,0,0,0,0,False,False,False,False,False,False,True,False,False,4,Sedan,of_Origin_Japan,Mazda,Mazda3,2016.0,10881.208,10881.208
283,88148.0,6.0,0,0,0,0,0,0,False,True,False,False,False,False,False,False,False,6,SUV,of_Origin_South Korea,Hyundai,Palisade,2021.0,29571.53,29571.53
11937,97385.0,6.0,0,0,0,0,0,0,False,False,False,False,False,False,False,False,False,4,SUV,of_Origin_South Korea,Hyundai,Tucson,2021.0,21398.244,21398.244
29780,30122.0,4.0,0,0,0,0,0,0,False,False,False,False,False,True,False,False,False,6,Sedan,baseline_value_here,Mercedes-Benz,E-Class,2023.0,59995.156,59995.156
29330,139050.0,11.0,1,0,0,0,0,0,False,False,False,False,False,False,True,False,False,4,SUV,of_Origin_Japan,Nissan,Rogue,2016.0,10273.625,10273.625
12678,44095.0,3.0,0,1,0,0,0,0,False,True,False,False,False,True,False,False,False,8,SUV,of_Origin_Japan,Infiniti,QX80,2024.0,57016.05,57016.05
25282,14555.0,2.0,0,0,0,0,0,1,False,False,False,False,False,False,True,False,False,4,Pickup Truck,of_Origin_USA,Ford,Maverick,2025.0,43756.13,43756.13
35862,53619.0,2.0,0,0,0,0,0,1,False,False,False,False,False,False,True,False,False,4,SUV,of_Origin_Japan,Toyota,RAV,2025.0,44146.668,44146.668
11060,79253.0,5.0,0,0,0,0,0,0,False,False,False,False,False,False,True,False,False,4,SUV,of_Origin_Japan,Honda,CR-V,2022.0,28617.568,28617.568
29683,30225.0,4.0,0,0,0,0,0,0,False,False,False,False,True,True,False,False,False,4,Sedan,of_Origin_Japan,baseline_value_here,TLX,2023.0,40548.656,40548.656
32657,29923.0,3.0,1,0,0,0,0,0,False,False,False,False,True,True,False,False,False,4,Sedan,of_Origin_Japan,baseline_value_here,TLX,2024.0,41298.55,41298.55
20471,39358.0,4.0,0,0,0,0,0,0,False,False,False,False,False,False,True,False,False,4,SUV,of_Origin_Japan,Nissan,Rogue,2023.0,25322.627,25322.627
36671,91000.0,10.0,0,0,0,0,0,0,False,False,False,False,True,True,False,False,False,baseline_value_here,baseline_value_here,baseline_value_here,BMW,7,2017.0,46899.273,46899.273
15810,10000.0,1.0,0,0,0,0,0,1,False,False,False,False,False,True,False,False,False,4,SUV,of_Origin_Japan,Lexus,RX,2026.0,69340.58,69340.58
31248,15039.0,2.0,0,0,0,0,0,0,False,False,False,False,False,False,True,False,False,4,Pickup Truck,of_Origin_Japan,Toyota,Tacoma,2025.0,53955.742,53955.742
30652,17885.0,2.0,0,0,0,0,0,0,False,False,False,False,False,False,True,False,False,4,Sedan,baseline_value_here,Volkswagen,Jetta,2025.0,24377.568,24377.568
14233,52507.0,3.0,0,0,1,0,0,0,False,False,False,False,True,False,False,False,False,4,Sedan,of_Origin_South Korea,Kia,Forte,2024.0,25072.69,25072.69
34830,187800.0,10.0,0,0,0,0,0,0,False,False,False,False,False,False,True,False,False,6,SUV,of_Origin_USA,Dodge,Durango,2017.0,17026.312,17026.312
27923,186102.0,13.0,0,0,1,0,0,0,True,False,False,False,False,True,False,False,False,6,Coupe,baseline_value_here,Audi,S5,2014.0,14432.735,14432.735
27301,16849.0,2.0,0,0,0,0,0,0,False,False,False,False,False,True,False,False,False,4,SUV,baseline_value_here,Audi,Q5,2025.0,47141.184,47141.184
38739,94153.0,4.0,0,0,0,0,0,0,False,False,False,False,False,False,True,False,False,baseline_value_here,baseline_value_here,of_Origin_USA,RAM,1500,2023.0,37497.164,37497.164
27133,143120.0,12.0,0,0,0,0,0,0,False,False,False,False,False,False,True,False,False,4,Sedan,of_Origin_Japan,Honda,Civic,2015.0,12932.335,12932.335
31825,134965.0,9.0,0,0,0,0,0,0,False,False,False,False,False,True,False,False,False,4,SUV,baseline_value_here,Audi,Q5,2018.0,18851.562,18851.562
588,128000.0,8.0,1,0,0,0,0,0,False,False,False,False,True,False,True,False,False,4,SUV,of_Origin_Japan,Mazda,CX-3,2019.0,20212.814,20212.814
10211,184640.0,9.0,0,0,0,0,1,0,False,False,False,False,False,False,False,True,False,8,Pickup Truck,of_Origin_USA,GMC,Sierra,2018.0,21350.426,21350.426
37792,64106.0,5.0,0,0,0,0,0,0,False,False,False,False,False,False,True,False,False,4,SUV,baseline_value_here,Volkswagen,Tiguan,2022.0,25345.662,25345.662
28391,297382.0,16.0,0,0,0,0,0,0,False,False,False,False,False,False,True,False,False,4,Sedan,of_Origin_Japan,Toyota,Corolla,2011.0,5732.8,5732.8
34001,33992.0,3.0,0,0,0,0,0,0,False,True,False,False,False,False,True,False,False,6,Pickup Truck,of_Origin_Japan,Toyota,Tundra,2024.0,56721.703,56721.703
11133,43638.0,5.0,0,1,0,0,0,0,False,False,False,False,False,False,True,False,False,4,Sedan,of_Origin_Japan,Honda,Civic,2022.0,24923.004,24923.004
29558,325500.0,17.0,0,0,0,0,0,0,False,False,False,False,False,False,True,False,False,4,SUV,of_Origin_Japan,Nissan,Rogue,2010.0,2530.5918,2530.5918
38111,211544.0,12.0,0,0,0,0,0,0,False,False,False,False,False,True,False,False,False,6,SUV,of_Origin_Japan,Infiniti,QX60,2015.0,7152.7217,7152.7217
2868,271197.0,10.0,0,0,0,0,0,0,False,False,False,False,False,False,True,False,False,6,Pickup Truck,of_Origin_USA,Ford,F-150,2017.0,15813.454,15813.454
15636,1600.0,1.0,0,0,0,0,0,0,False,False,False,False,False,True,False,False,False,4,SUV,of_Origin_Japan,Lexus,NX,2026.0,78740.32,78740.32
38075,149000.0,12.0,0,0,0,0,1,0,False,False,False,False,True,False,False,False,False,4,Hatchback,of_Origin_South Korea,Hyundai,ACCENT,2015.0,7004.553,7004.553
1293,18702.0,3.0,0,0,0,0,0,0,False,False,False,False,False,False,False,True,False,4,SUV,of_Origin_USA,GMC,Terrain,2024.0,35270.047,35270.047
37015,499.0,1.0,0,0,0,0,0,0,False,False,False,False,False,False,True,False,False,4,Pickup Truck,of_Origin_USA,Ford,Ranger,2026.0,49992.91,49992.91
8039,1620.0,4.0,0,0,0,0,0,0,True,False,False,False,True,False,False,False,False,6,Coupe,of_Origin_USA,Chevrolet,Camaro,2023.0,106516.32,106516.32
22948,47598.0,2.0,0,0,0,0,0,1,False,False,False,False,False,False,True,False,False,4,Sedan,of_Origin_Japan,Toyota,Camry,2025.0,39198.477,39198.477
8619,112913.0,12.0,0,0,0,0,0,0,False,False,False,False,True,False,True,False,False,baseline_value_here,baseline_value_here,of_Origin_USA,Chrysler,200,2015.0,12459.355,12459.355
22713,310096.0,11.0,0,0,0,0,1,0,False,False,False,False,False,False,True,False,False,4,Sedan,of_Origin_Japan,Toyota,Corolla,2016.0,8269.276,8269.276
30660,195909.0,8.0,0,0,0,0,0,0,False,False,False,False,False,False,True,False,False,4,SUV,of_Origin_Japan,Toyota,RAV,2019.0,17703.963,17703.963
30921,123000.0,10.0,0,0,0,0,0,0,False,False,False,False,False,True,False,False,False,4,Sedan,baseline_value_here,Mercedes-Benz,C-Class,2017.0,20098.861,20098.861
1114,48126.0,4.0,0,0,0,0,0,0,False,False,False,False,False,False,True,False,False,baseline_value_here,baseline_value_here,of_Origin_USA,RAM,1500,2023.0,35979.79,35979.79
28765,65416.0,3.0,0,0,0,0,0,0,False,False,False,False,False,False,True,False,False,4,Sedan,of_Origin_Japan,Toyota,Camry,2024.0,27106.283,27106.283
28816,89056.0,4.0,0,1,1,0,0,0,False,False,False,False,False,False,True,False,False,4,SUV,of_Origin_Japan,Toyota,RAV,2023.0,31212.312,31212.312
4526,113158.0,5.0,0,0,0,0,0,1,False,False,False,False,False,True,False,False,False,4,SUV,baseline_value_here,Audi,Q5,2022.0,27430.402,27430.402
36537,230000.0,9.0,0,0,0,0,0,0,False,False,False,False,False,False,True,False,False,6,Pickup Truck,of_Origin_USA,Ford,F,2018.0,20350.998,20350.998
37121,39695.0,3.0,0,0,0,0,0,1,False,False,False,False,False,False,True,False,False,4,SUV,of_Origin_Japan,Honda,CR-V,2024.0,40827.246,40827.246
4448,19869.0,2.0,0,0,0,0,0,1,False,False,False,False,False,True,False,False,False,6,Hatchback,baseline_value_here,Audi,A5,2025.0,69915.56,69915.56
2389,150410.0,14.0,0,1,0,0,0,0,False,False,False,False,False,False,True,False,False,4,SUV,of_Origin_Japan,Honda,CR-V,2013.0,12453.517,12453.517
36607,6000.0,2.0,0,0,0,0,0,0,False,False,False,False,False,True,False,False,False,6,SUV,baseline_value_here,Audi,SQ5,2025.0,74642.484,74642.484
6571,112362.0,5.0,0,0,0,0,0,0,False,True,False,False,False,False,False,True,False,6,SUV,of_Origin_USA,Buick,Enclave,2022.0,32743.29,32743.29
8823,4900.0,4.0,1,0,0,0,0,0,True,False,False,False,True,False,True,False,False,6,Coupe,of_Origin_USA,Dodge,Challenger,2023.0,66973.96,66973.96
24692,20917.0,2.0,0,0,0,0,0,0,False,False,False,False,False,True,False,False,False,4,SUV,of_Origin_Sweden,Volvo,XC40,2025.0,48105.535,48105.535
16160,68789.0,4.0,0,0,0,0,0,0,False,False,False,False,False,True,False,False,False,4,SUV,of_Origin_USA,Lincoln,Nautilus,2023.0,37962.555,37962.555
22794,13607.0,2.0,0,0,0,0,0,1,False,True,False,False,False,False,True,False,False,6,Pickup Truck,of_Origin_Japan,Toyota,Tundra,2025.0,95196.555,95196.555
32467,66917.0,6.0,0,0,0,0,0,0,False,False,False,False,False,False,True,False,False,4,SUV,of_Origin_USA,Ford,Bronco,2021.0,26795.762,26795.762
10200,2430.0,1.0,0,0,0,0,0,0,False,False,False,False,False,False,False,True,False,8,Pickup Truck,of_Origin_USA,GMC,Sierra,2026.0,95198.73,95198.73
15307,101840.0,9.0,0,0,0,0,0,0,False,False,False,False,False,True,False,False,False,4,SUV,of_Origin_Japan,Lexus,NX,2018.0,30453.992,30453.992
11999,109000.0,4.0,0,0,0,0,0,0,False,False,False,False,False,False,False,False,False,4,SUV,of_Origin_South Korea,Hyundai,Santa,2023.0,24361.842,24361.842
7035,34302.0,3.0,1,0,0,0,0,0,False,False,False,False,False,True,False,False,False,4,SUV,of_Origin_USA,Cadillac,XT5,2024.0,42447.113,42447.113
20292,44862.0,6.0,0,0,0,0,0,0,False,False,False,False,True,False,True,False,False,4,SUV,of_Origin_Japan,Nissan,Qashqai,2021.0,24887.967,24887.967
2866,135874.0,9.0,0,0,0,0,0,0,False,False,False,False,False,True,False,False,False,4,SUV,baseline_value_here,Audi,Q5,2018.0,19982.549,19982.549
20209,14279.0,2.0,0,0,0,0,0,0,False,False,False,True,False,False,True,False,False,8,SUV,of_Origin_Japan,Nissan,Armada,2025.0,60039.58,60039.58
309,97003.0,8.0,0,0,0,0,0,0,False,True,False,False,False,True,False,False,False,8,SUV,of_Origin_Japan,Infiniti,QX80,2019.0,28735.459,28735.459
6226,72491.0,8.0,0,0,0,0,0,0,False,False,False,False,False,False,False,True,False,4,SUV,of_Origin_USA,Buick,Encore,2019.0,18473.822,18473.822
37265,1925.0,1.0,0,0,0,0,0,0,False,False,False,False,False,True,False,False,False,4,SUV,baseline_value_here,Mercedes-Benz,GLC,2026.0,73111.25,73111.25
17850,32083.0,4.0,1,0,0,0,0,0,False,False,False,False,False,False,True,False,False,4,SUV,of_Origin_Japan,Mazda,CX-5,2023.0,30955.932,30955.932
17445,120000.0,15.0,1,0,0,0,0,0,False,False,False,False,False,False,False,False,True,4,SUV,of_Origin_UK,MINI,Countryman,2012.0,8642.818,8642.818
33648,128193.0,8.0,0,0,0,0,0,0,False,False,False,False,False,False,True,False,False,4,SUV,of_Origin_Japan,Honda,CR-V,2019.0,22442.412,22442.412
28789,154000.0,22.0,0,0,0,0,0,0,False,False,False,False,True,True,False,False,False,6,baseline_value_here,baseline_value_here,Mercedes-Benz,SL-Class,2005.0,12231.844,12231.844
25568,98659.0,8.0,0,0,0,0,0,0,False,False,False,False,False,False,False,False,False,4,Sedan,of_Origin_South Korea,Hyundai,Elantra,2019.0,15499.968,15499.968
32934,81748.0,9.0,0,1,0,0,0,0,False,False,False,False,True,False,True,False,False,4,Sedan,of_Origin_USA,Ford,Fusion,2018.0,19915.951,19915.951
1086,71880.0,4.0,0,0,0,0,0,0,False,False,False,False,False,False,True,False,False,4,Sedan,of_Origin_Japan,Honda,Civic,2023.0,27459.932,27459.932
1316,93715.0,4.0,0,0,0,0,0,0,False,False,False,False,True,False,True,False,False,4,SUV,of_Origin_USA,Ford,Edge,2023.0,25049.148,25049.148
11143,43833.0,3.0,0,0,0,0,0,0,False,False,False,False,False,False,True,False,False,4,SUV,of_Origin_Japan,Honda,CR-V,2024.0,34757.125,34757.125
17378,103311.0,8.0,0,0,0,0,0,0,False,False,False,False,False,False,False,False,True,4,SUV,of_Origin_UK,MINI,Countryman,2019.0,20342.145,20342.145
28888,149000.0,11.0,0,0,0,0,0,0,False,False,False,False,False,True,False,False,False,4,SUV,of_Origin_Japan,Lexus,RX,2016.0,26556.596,26556.596
17538,87897.0,12.0,0,0,0,0,0,0,True,False,False,False,False,False,False,False,True,4,SUV,of_Origin_UK,MINI,Countryman,2015.0,15321.482,15321.482
18566,40752.0,4.0,0,0,0,0,0,0,False,False,False,False,False,True,False,False,False,6,Sedan,baseline_value_here,Mercedes-Benz,E-Class,2023.0,47566.54,47566.54
33346,12460.0,2.0,0,1,1,0,0,0,False,False,False,False,False,False,True,False,False,4,SUV,of_Origin_Japan,Toyota,RAV,2025.0,45863.13,45863.13
397,56852.0,5.0,0,0,0,0,0,0,False,False,False,False,True,True,False,False,False,4,Sedan,of_Origin_Japan,baseline_value_here,TLX,2022.0,35050.93,35050.93
35798,255200.0,11.0,0,0,0,0,0,0,False,False,False,False,False,False,False,False,False,4,Sedan,of_Origin_South Korea,Hyundai,Elantra,2016.0,5128.7344,5128.7344
37725,99671.0,5.0,0,0,0,0,1,0,False,True,False,False,False,True,False,False,False,6,SUV,baseline_value_here,BMW,X5,2022.0,54429.758,54429.758
29543,3042.0,1.0,0,0,0,0,0,0,False,False,False,False,False,False,True,False,False,4,Pickup Truck,of_Origin_USA,Ford,Maverick,2026.0,61351.527,61351.527
6618,59367.0,12.0,0,0,0,0,1,0,False,False,False,False,True,False,False,True,False,4,Sedan,of_Origin_USA,Buick,Verano,2015.0,19121.32,19121.32
10245,99899.0,4.0,0,0,0,0,0,0,False,True,False,False,False,False,False,True,False,8,SUV,of_Origin_USA,GMC,Yukon,2023.0,65300.4,65300.4
14098,152223.0,7.0,0,0,0,0,1,0,False,False,False,False,False,False,False,False,False,4,SUV,of_Origin_South Korea,Kia,Sorento,2020.0,14711.39,14711.39
11196,42224.0,5.0,0,0,0,0,0,0,False,False,False,False,False,False,True,False,False,4,Sedan,of_Origin_Japan,Honda,Civic,2022.0,25060.635,25060.635
24890,38000.0,5.0,0,0,0,0,0,0,False,True,False,False,False,True,False,False,False,6,SUV,baseline_value_here,Mercedes-Benz,GLE,2022.0,72058.484,72058.484
36639,501.0,1.0,0,0,0,0,0,0,False,False,False,False,False,False,True,False,False,4,SUV,of_Origin_USA,Jeep,Compass,2026.0,46505.78,46505.78
33730,34336.0,6.0,0,0,0,0,0,0,False,False,False,False,False,False,False,False,False,4,SUV,of_Origin_South Korea,Hyundai,Kona,2021.0,23709.994,23709.994
18001,60550.0,2.0,0,0,0,0,0,0,False,False,False,False,False,False,True,False,False,4,SUV,of_Origin_Japan,Mazda,CX-50,2025.0,32607.592,32607.592
18735,64000.0,5.0,0,0,0,0,0,0,False,False,False,False,False,True,False,False,False,4,SUV,baseline_value_here,Mercedes-Benz,GLC,2022.0,36013.945,36013.945
10140,31009.0,3.0,0,0,0,0,0,0,False,True,False,False,False,False,False,True,False,8,SUV,of_Origin_USA,GMC,Yukon,2024.0,88243.9,88243.9
25290,46507.0,8.0,0,0,0,0,0,0,False,False,False,False,False,False,True,False,False,4,Hatchback,of_Origin_Japan,Toyota,Corolla,2019.0,20777.94,20777.94
4046,213378.0,9.0,0,0,0,0,0,0,False,False,False,False,False,True,False,False,False,6,SUV,of_Origin_Japan,baseline_value_here,RDX,2018.0,17295.49,17295.49
32219,203078.0,10.0,0,0,0,0,0,0,True,False,False,False,True,False,False,False,False,4,Sedan,of_Origin_Japan,Mitsubishi,Lancer,2017.0,6326.332,6326.332
21994,126571.0,10.0,0,0,0,0,0,0,False,False,False,False,False,False,True,False,False,4,SUV,of_Origin_Japan,Subaru,Crosstrek,2017.0,16766.77,16766.77
19359,128996.0,14.0,0,0,0,0,0,0,False,False,False,False,True,False,False,False,False,4,Sedan,of_Origin_Japan,Mitsubishi,Lancer,2013.0,9004.249,9004.249
2858,135435.0,6.0,0,0,0,0,0,0,False,False,False,False,False,False,True,False,False,4,Sedan,of_Origin_Japan,Subaru,Impreza,2021.0,20811.438,20811.438
30030,52897.0,8.0,0,0,0,0,0,0,False,False,False,False,False,False,True,False,False,4,SUV,of_Origin_Japan,Nissan,Rogue,2019.0,17203.225,17203.225
16717,499.0,1.0,0,0,0,0,0,0,False,False,False,False,False,True,False,False,False,4,SUV,of_Origin_USA,Lincoln,Nautilus,2026.0,65235.47,65235.47
34978,26527.0,2.0,1,0,0,0,0,0,False,False,False,False,False,False,True,False,False,4,Sedan,baseline_value_here,Volkswagen,Jetta,2025.0,27223.455,27223.455
310,53072.0,6.0,1,0,0,0,0,0,False,False,False,False,False,True,False,False,False,4,SUV,baseline_value_here,BMW,X3,2021.0,29636.148,29636.148
23109,64775.0,3.0,0,0,0,0,0,0,False,True,False,False,False,False,True,False,False,6,Pickup Truck,of_Origin_Japan,Toyota,Tundra,2024.0,56118.344,56118.344
30429,162000.0,6.0,1,0,0,0,0,0,False,False,False,False,True,False,True,False,False,4,Sedan,of_Origin_Japan,Subaru,Legacy,2021.0,16852.625,16852.625
4540,57007.0,5.0,0,0,0,0,0,0,False,False,False,False,False,True,False,False,False,4,SUV,baseline_value_here,Audi,Q5,2022.0,33637.188,33637.188
2618,30003.0,3.0,0,0,0,0,0,0,False,False,False,False,False,False,False,True,False,8,Pickup Truck,of_Origin_USA,GMC,Sierra,2024.0,72894.21,72894.21
12025,58000.0,4.0,0,0,0,0,0,0,False,False,False,False,False,False,False,False,False,4,Sedan,of_Origin_South Korea,Hyundai,Elantra,2023.0,21271.63,21271.63
37819,97400.0,18.0,0,0,0,0,0,0,False,False,False,False,False,False,True,False,False,4,SUV,of_Origin_USA,Jeep,Compass,2009.0,12565.295,12565.295
6304,81954.0,3.0,0,1,0,0,0,0,False,False,False,False,False,False,False,True,False,4,SUV,of_Origin_USA,Buick,Encore,2024.0,25541.463,25541.463
9013,66750.0,2.0,0,0,0,0,0,0,False,False,False,False,False,False,True,False,False,6,SUV,of_Origin_USA,Dodge,Durango,2025.0,45216.023,45216.023
10318,94482.0,6.0,0,0,1,0,0,0,False,True,False,False,False,False,False,True,False,8,SUV,of_Origin_USA,GMC,Yukon,2021.0,68082.13,68082.13
31746,218012.0,14.0,0,0,0,0,0,0,False,False,False,False,False,False,True,False,False,6,Minivan,of_Origin_Japan,Toyota,Sienna,2013.0,11674.975,11674.975
1531,41076.0,6.0,0,0,0,0,0,0,False,False,False,False,False,False,False,False,False,4,Sedan,of_Origin_South Korea,Hyundai,Elantra,2021.0,16283.481,16283.481
33944,18303.0,6.0,0,0,0,0,0,1,False,False,False,False,False,False,True,False,False,4,SUV,of_Origin_Japan,Toyota,RAV,2021.0,34959.18,34959.18
950,86494.0,5.0,0,0,0,0,0,1,False,False,False,False,False,False,False,False,False,4,SUV,of_Origin_South Korea,Hyundai,Santa,2022.0,30037.277,30037.277
4900,4400.0,1.0,0,0,0,0,0,0,False,False,False,False,False,True,False,False,False,6,SUV,baseline_value_here,Audi,Q7,2026.0,92423.94,92423.94
28291,46082.0,4.0,0,0,0,0,0,0,False,False,False,False,False,False,True,False,False,4,SUV,of_Origin_Japan,Mazda,CX-5,2023.0,32516.082,32516.082
223,24681.0,3.0,0,0,0,0,0,0,False,False,False,False,False,True,False,False,False,4,SUV,of_Origin_Japan,baseline_value_here,RDX,2024.0,46555.273,46555.273
2095,121998.0,13.0,0,0,0,0,0,0,False,False,False,False,False,True,False,False,False,6,SUV,of_Origin_Japan,baseline_value_here,RDX,2014.0,15601.9,15601.9
9060,1050.0,1.0,0,0,0,0,0,0,False,False,False,False,False,False,True,False,False,6,SUV,of_Origin_USA,Dodge,Durango,2026.0,61550.082,61550.082
31168,85000.0,8.0,0,0,0,0,0,0,False,False,False,False,True,True,False,False,False,6,Sedan,baseline_value_here,Mercedes-Benz,S-Class,2019.0,62209.64,62209.64
3109,144264.0,10.0,0,0,0,0,0,0,False,False,False,False,False,False,True,False,False,4,Sedan,of_Origin_Japan,Toyota,Corolla,2017.0,14799.178,14799.178
33500,30303.0,3.0,0,0,0,0,0,0,False,False,False,False,False,False,False,True,False,4,Pickup Truck,of_Origin_USA,GMC,Canyon,2024.0,53700.22,53700.22
23767,105797.0,8.0,0,0,0,0,0,0,False,False,False,False,False,False,True,False,False,4,SUV,baseline_value_here,Volkswagen,Tiguan,2019.0,19204.773,19204.773
11298,68980.0,10.0,0,0,0,0,0,0,False,False,False,False,True,False,True,False,False,4,Hatchback,of_Origin_Japan,Honda,Fit,2017.0,17618.514,17618.514
25218,160000.0,12.0,0,0,0,0,0,0,False,False,False,False,False,True,False,False,False,6,SUV,of_Origin_Japan,Infiniti,QX60,2015.0,11200.428,11200.428
37306,121000.0,14.0,0,0,0,0,0,0,False,False,False,False,False,False,False,False,False,4,Sedan,of_Origin_South Korea,Hyundai,Elantra,2013.0,7329.286,7329.286
20262,27488.0,4.0,0,0,0,0,0,0,False,False,False,False,True,False,True,False,False,4,SUV,of_Origin_Japan,Nissan,Qashqai,2023.0,22742.303,22742.303
34649,42000.0,4.0,0,0,0,0,0,0,False,False,False,False,False,False,False,False,False,8,Pickup Truck,of_Origin_USA,Chevrolet,Silverado,2023.0,60239.723,60239.723
9339,76517.0,3.0,0,0,0,0,0,0,False,False,False,False,False,False,True,False,False,6,Pickup Truck,of_Origin_USA,Ford,F-150,2024.0,46670.12,46670.12
24638,43231.0,3.0,0,0,0,0,0,1,False,False,False,False,False,True,False,False,False,4,SUV,of_Origin_Sweden,Volvo,XC60,2024.0,58700.957,58700.957
12872,114169.0,12.0,0,0,0,0,0,0,False,False,False,False,True,True,False,False,False,6,Sedan,of_Origin_Japan,Infiniti,Q50,2015.0,15884.939,15884.939
27421,61000.0,11.0,0,0,0,0,1,0,False,False,False,False,False,False,True,False,False,4,SUV,of_Origin_Japan,Nissan,Rogue,2016.0,15988.892,15988.892
12046,123642.0,9.0,0,0,0,0,0,0,False,False,False,False,False,False,False,False,False,4,SUV,of_Origin_South Korea,Hyundai,Kona,2018.0,14927.393,14927.393
37273,50377.0,5.0,0,0,0,0,0,0,False,False,False,False,True,True,False,False,False,4,Sedan,of_Origin_Japan,baseline_value_here,TLX,2022.0,34854.617,34854.617
36724,82541.0,3.0,0,0,0,0,0,0,False,False,False,False,False,False,True,False,False,4,Sedan,of_Origin_Japan,Honda,Civic,2024.0,26879.047,26879.047
37024,252233.0,18.0,0,0,0,0,0,0,True,False,False,False,False,True,False,False,False,baseline_value_here,baseline_value_here,baseline_value_here,BMW,3,2009.0,2483.937,2483.937
1491,63896.0,6.0,0,0,0,0,0,0,False,True,False,False,False,True,False,False,False,6,SUV,baseline_value_here,BMW,X5,2021.0,52488.965,52488.965
31039,20649.0,1.0,0,0,0,0,0,0,False,False,False,False,False,False,True,False,False,4,SUV,baseline_value_here,Volkswagen,Taos,2026.0,38104.832,38104.832
32175,28179.0,4.0,0,0,0,0,0,1,False,False,False,False,False,False,True,False,False,4,Sedan,of_Origin_Japan,Toyota,Corolla,2023.0,34276.21,34276.21
4649,827.0,2.0,0,0,0,0,0,0,False,False,False,False,False,True,False,False,False,4,SUV,baseline_value_here,Audi,Q5,2025.0,73085.75,73085.75
28776,85532.0,5.0,0,0,0,0,0,0,False,False,False,False,False,False,True,False,False,4,SUV,baseline_value_here,Volkswagen,Tiguan,2022.0,23686.32,23686.32
9016,23607.0,3.0,0,0,0,0,0,0,False,False,False,False,False,False,True,False,False,6,SUV,of_Origin_USA,Dodge,Durango,2024.0,91632.21,91632.21
13980,87335.0,6.0,1,0,0,0,0,0,False,False,False,False,True,False,False,False,False,4,Sedan,of_Origin_South Korea,Kia,Forte,2021.0,18440.918,18440.918
26988,68000.0,20.0,0,0,0,0,0,0,True,False,True,False,False,False,False,False,False,8,Coupe,of_Origin_USA,Chevrolet,Corvette,2007.0,39739.594,39739.594
30437,54764.0,3.0,0,0,0,0,0,0,False,False,False,False,False,False,False,True,False,8,Pickup Truck,of_Origin_USA,GMC,Sierra,2024.0,53496.832,53496.832
21821,60539.0,4.0,0,0,0,0,0,0,False,True,False,False,False,False,True,False,False,4,SUV,of_Origin_Japan,Subaru,Outback,2023.0,35222.113,35222.113
2739,135080.0,9.0,0,0,0,0,0,0,False,True,False,False,False,False,True,False,False,4,SUV,baseline_value_here,Volkswagen,Atlas,2018.0,20448.564,20448.564
10683,10481.0,2.0,0,0,0,0,0,0,False,True,False,False,False,True,False,False,False,4,SUV,of_Origin_South Korea,Genesis,GV80,2025.0,81269.24,81269.24
38511,139000.0,8.0,0,0,0,0,0,0,False,False,False,False,True,False,True,False,False,4,SUV,of_Origin_Japan,Nissan,Qashqai,2019.0,13886.954,13886.954
10902,137871.0,6.0,0,0,0,0,0,0,False,False,False,False,False,True,False,False,False,4,Sedan,of_Origin_South Korea,Genesis,G70,2021.0,25285.596,25285.596
6330,12866.0,3.0,0,0,0,0,0,0,False,False,False,False,False,False,False,True,False,4,SUV,of_Origin_USA,Buick,Encore,2024.0,28301.164,28301.164
21072,180000.0,6.0,1,0,1,0,0,1,False,False,False,False,False,False,True,False,False,baseline_value_here,baseline_value_here,of_Origin_USA,RAM,1500,2021.0,31177.707,31177.707
18534,48231.0,7.0,1,0,0,0,0,0,False,False,False,False,False,True,False,False,False,4,SUV,baseline_value_here,Mercedes-Benz,GLC,2020.0,30646.262,30646.262
7294,128363.0,14.0,0,0,0,0,0,0,False,False,False,False,True,True,False,False,False,6,Sedan,of_Origin_USA,Cadillac,XTS,2013.0,9930.131,9930.131
30507,30209.0,3.0,0,0,0,0,0,1,False,False,False,False,False,True,False,False,False,4,SUV,of_Origin_USA,Lincoln,Nautilus,2024.0,51789.43,51789.43
18501,36819.0,3.0,0,0,0,0,0,0,False,True,False,False,False,True,False,False,False,6,SUV,baseline_value_here,Mercedes-Benz,GLE,2024.0,91591.87,91591.87
25619,25922.0,3.0,0,0,0,0,1,0,False,False,False,False,False,False,True,False,False,4,SUV,of_Origin_Japan,Honda,CR-V,2024.0,33901.22,33901.22
28784,149175.0,8.0,0,0,0,0,0,0,False,False,False,False,False,False,True,False,False,4,SUV,of_Origin_Japan,Mazda,CX-5,2019.0,19033.955,19033.955
4355,5107.0,3.0,0,0,0,0,0,0,False,False,False,False,True,True,False,False,False,4,Sedan,baseline_value_here,Audi,A4,2024.0,45048.61,45048.61
15663,27710.0,2.0,0,0,0,0,0,1,False,False,False,False,False,True,False,False,False,4,SUV,of_Origin_Japan,Lexus,TX,2025.0,55960.016,55960.016
12812,31853.0,4.0,0,0,1,0,0,0,False,False,False,False,False,True,False,False,False,4,SUV,of_Origin_Japan,Infiniti,QX50,2023.0,30862.95,30862.95
3014,24351.0,2.0,0,1,0,0,0,0,False,False,False,False,False,False,True,False,False,4,Sedan,baseline_value_here,Volkswagen,Jetta,2025.0,27115.686,27115.686
30325,29800.0,3.0,0,0,0,0,0,0,False,False,False,False,False,False,False,True,False,4,SUV,of_Origin_USA,GMC,Terrain,2024.0,32730.613,32730.613
31812,170412.0,5.0,0,0,0,0,0,0,False,True,False,False,False,False,True,False,False,8,Pickup Truck,of_Origin_USA,Ford,F-250,2022.0,53321.438,53321.438
11294,48846.0,3.0,0,0,0,0,0,0,False,False,False,False,False,False,True,False,False,4,Sedan,of_Origin_Japan,Honda,Civic,2024.0,27136.234,27136.234
13510,71131.0,5.0,1,0,0,0,0,0,False,False,False,False,False,False,True,False,False,6,SUV,of_Origin_USA,Jeep,Wrangler,2022.0,37545.51,37545.51
5546,58335.0,5.0,0,0,0,0,0,0,False,False,False,False,False,True,False,False,False,4,SUV,baseline_value_here,BMW,X1,2022.0,34631.48,34631.48
31922,300.0,1.0,0,0,0,0,0,0,False,True,False,False,False,False,True,False,False,6,Minivan,of_Origin_Japan,Honda,Odyssey,2026.0,60248.26,60248.26
33132,135891.0,12.0,0,0,0,0,0,0,False,False,False,False,False,False,False,False,False,baseline_value_here,baseline_value_here,of_Origin_South Korea,Hyundai,TUCSON,2015.0,9705.122,9705.122
30443,120000.0,12.0,0,0,1,0,1,0,False,False,False,False,False,False,True,False,False,6,SUV,of_Origin_USA,Ford,Explorer,2015.0,13621.822,13621.822
18620,98000.0,10.0,0,0,0,0,0,0,False,False,False,False,False,True,False,False,False,4,Sedan,baseline_value_here,Mercedes-Benz,C-Class,2017.0,20321.762,20321.762
25295,92756.0,4.0,0,0,0,0,0,0,False,False,False,False,False,False,True,False,False,4,Sedan,of_Origin_Japan,Honda,Civic,2023.0,24892.518,24892.518
837,16547.0,2.0,0,0,0,0,0,0,False,False,False,False,False,True,False,False,False,baseline_value_here,baseline_value_here,baseline_value_here,BMW,2,2025.0,59376.84,59376.84
21929,200835.0,11.0,0,1,1,0,0,0,False,False,False,False,False,False,True,False,False,4,Sedan,of_Origin_Japan,Subaru,Impreza,2016.0,9924.276,9924.276
22161,69342.0,3.0,0,0,0,0,0,0,False,True,False,False,False,False,True,False,False,4,SUV,of_Origin_Japan,Subaru,Outback,2024.0,37109.08,37109.08
1329,138393.0,5.0,0,0,0,0,0,0,False,False,False,False,False,False,True,False,False,6,Pickup Truck,of_Origin_USA,Ford,F-150,2022.0,39105.984,39105.984
11160,45326.0,2.0,0,0,0,0,0,1,False,False,False,False,False,False,True,False,False,4,SUV,of_Origin_Japan,Honda,CR-V,2025.0,42672.168,42672.168
35722,45606.0,7.0,0,0,0,0,0,0,False,False,False,False,False,False,True,False,False,4,Sedan,of_Origin_Japan,Honda,Civic,2020.0,25437.9,25437.9
13405,36211.0,3.0,0,0,0,0,0,0,False,False,False,False,False,False,True,False,False,6,SUV,of_Origin_USA,Jeep,Wrangler,2024.0,46955.94,46955.94
10749,74539.0,6.0,0,0,0,0,0,0,False,False,False,False,False,True,False,False,False,4,Sedan,of_Origin_South Korea,Genesis,G70,2021.0,29336.496,29336.496
32826,177970.0,6.0,1,0,0,0,1,0,False,False,False,False,False,False,True,False,False,4,Pickup Truck,of_Origin_Japan,Toyota,Tacoma,2021.0,29263.98,29263.98
18050,12230.0,2.0,0,0,0,0,0,0,False,False,False,False,False,False,True,False,False,4,SUV,of_Origin_Japan,Mazda,CX-50,2025.0,38479.074,38479.074
16473,52254.0,3.0,0,0,0,0,0,1,False,False,False,False,False,True,False,False,False,4,SUV,of_Origin_USA,Lincoln,Nautilus,2024.0,50368.133,50368.133
35148,15094.0,2.0,0,0,0,0,0,0,False,False,False,False,False,False,True,False,False,4,Sedan,of_Origin_Japan,Mazda,Mazda3,2025.0,26253.271,26253.271
23408,77164.0,12.0,0,0,0,0,1,0,False,False,False,False,False,False,True,False,False,4,Sedan,baseline_value_here,Volkswagen,Jetta,2015.0,11241.716,11241.716
34287,89000.0,4.0,0,0,0,0,0,0,False,False,False,False,False,True,False,False,False,4,SUV,baseline_value_here,Audi,Q5,2023.0,29105.725,29105.725
472,70110.0,4.0,1,0,1,0,0,0,False,False,False,False,False,False,True,False,False,4,SUV,of_Origin_Japan,Toyota,RAV,2023.0,32775.285,32775.285
38602,72981.0,5.0,0,0,0,0,0,0,False,True,False,False,False,True,False,False,False,6,SUV,baseline_value_here,Mercedes-Benz,GLE,2022.0,55820.0,55820.0
27143,239332.0,9.0,0,0,0,0,1,0,True,True,False,False,False,False,True,False,False,4,Sedan,of_Origin_Japan,Subaru,WRX,2018.0,15477.783,15477.783
21045,113470.0,5.0,0,0,0,0,0,0,False,False,False,False,False,False,True,False,False,baseline_value_here,baseline_value_here,of_Origin_USA,RAM,1500,2022.0,44523.17,44523.17
32347,44906.0,4.0,0,0,0,0,0,1,False,False,False,False,False,False,True,False,False,4,Pickup Truck,of_Origin_USA,Ford,Maverick,2023.0,32935.996,32935.996
35137,70137.0,8.0,0,0,0,0,0,0,False,True,False,False,False,False,True,False,False,6,SUV,of_Origin_Japan,Nissan,Murano,2019.0,21931.947,21931.947
26900,12189.0,1.0,0,0,1,0,0,0,False,False,False,False,False,False,False,False,False,4,Minivan,of_Origin_South Korea,Kia,Carnival,2026.0,56914.0,56914.0
4356,10375.0,2.0,0,1,0,0,0,0,False,False,False,False,False,True,False,False,False,4,SUV,baseline_value_here,Audi,Q5,2025.0,53072.977,53072.977
10915,11048.0,2.0,0,0,0,0,0,0,False,True,False,False,False,True,False,False,False,4,SUV,of_Origin_South Korea,Genesis,GV80,2025.0,82552.96,82552.96
9356,93945.0,5.0,0,0,0,0,0,0,False,False,False,False,False,False,True,False,False,4,SUV,of_Origin_USA,Ford,Explorer,2022.0,29999.518,29999.518
22706,307431.0,14.0,0,0,0,0,1,0,False,False,False,False,False,False,True,False,False,6,Minivan,of_Origin_Japan,Toyota,Sienna,2013.0,10648.438,10648.438
11959,186246.0,5.0,0,0,0,0,1,0,False,False,False,False,False,False,False,False,False,4,Sedan,of_Origin_South Korea,Hyundai,Elantra,2022.0,10911.185,10911.185
1322,67533.0,3.0,0,0,0,0,0,0,False,True,False,False,False,False,False,False,False,6,SUV,of_Origin_South Korea,Hyundai,Palisade,2024.0,42951.617,42951.617
31939,95859.0,8.0,0,0,0,0,0,0,False,False,False,False,False,False,True,False,False,4,Sedan,of_Origin_Japan,Honda,Civic,2019.0,20906.1,20906.1
16172,27844.0,4.0,0,0,0,0,0,0,False,False,False,False,False,True,False,False,False,6,SUV,of_Origin_USA,Lincoln,Aviator,2023.0,62702.227,62702.227
2670,26974.0,3.0,0,0,0,0,0,0,False,False,False,False,False,False,True,False,False,4,SUV,of_Origin_USA,Jeep,Compass,2024.0,28994.623,28994.623
6355,24519.0,3.0,0,0,0,0,0,0,False,False,False,False,False,False,False,True,False,4,SUV,of_Origin_USA,Buick,Encore,2024.0,29984.896,29984.896
28314,30171.0,3.0,0,0,0,0,0,0,False,False,False,False,False,False,True,False,False,4,SUV,of_Origin_Japan,Nissan,Rogue,2024.0,26222.885,26222.885
5604,77422.0,7.0,0,0,0,0,0,0,False,False,False,False,False,True,False,False,False,4,SUV,baseline_value_here,BMW,X3,2020.0,35457.83,35457.83
31795,55202.0,5.0,0,0,0,0,0,0,False,False,False,False,False,True,False,False,False,4,SUV,baseline_value_here,BMW,X3,2022.0,34725.223,34725.223
5008,1270.0,2.0,0,0,0,0,0,0,False,False,False,False,False,True,False,False,False,6,SUV,baseline_value_here,Audi,SQ5,2025.0,82373.6,82373.6
830,15496.0,2.0,0,0,0,0,0,1,False,True,False,False,False,False,False,False,False,4,SUV,of_Origin_Japan,Mitsubishi,Outlander,2025.0,45794.59,45794.59
38437,44276.0,4.0,0,0,0,0,0,0,False,False,False,False,False,False,True,False,False,4,SUV,baseline_value_here,Volkswagen,Taos,2023.0,27512.807,27512.807
3908,41967.0,4.0,0,0,0,0,0,0,False,True,False,False,False,True,False,False,False,6,SUV,of_Origin_Japan,baseline_value_here,MDX,2023.0,49178.766,49178.766
9561,175000.0,5.0,0,0,0,0,0,0,False,False,False,False,False,False,True,False,False,4,SUV,of_Origin_USA,Ford,Explorer,2022.0,22552.02,22552.02
6640,88946.0,4.0,0,0,0,0,0,0,False,False,False,False,False,False,False,True,False,4,SUV,of_Origin_USA,Buick,Envision,2023.0,24664.9,24664.9
5305,10412.0,2.0,0,0,0,0,0,0,False,False,False,False,False,True,False,False,False,baseline_value_here,baseline_value_here,baseline_value_here,BMW,3,2025.0,72273.08,72273.08
26510,50938.0,5.0,0,0,0,0,0,1,False,False,False,False,False,True,False,False,False,4,SUV,baseline_value_here,Audi,Q5,2022.0,35963.527,35963.527
13818,89691.0,11.0,0,0,0,0,1,0,False,False,False,False,True,False,False,False,False,4,Sedan,of_Origin_South Korea,Kia,Forte,2016.0,10004.978,10004.978
32034,24975.0,9.0,0,0,0,0,0,0,False,False,False,False,False,False,True,False,False,4,SUV,of_Origin_Japan,Toyota,RAV,2018.0,27499.162,27499.162
21825,35355.0,5.0,0,0,0,0,0,0,False,False,False,False,False,False,True,False,False,4,SUV,of_Origin_Japan,Subaru,Forester,2022.0,30940.148,30940.148
31715,47992.0,4.0,0,1,0,0,0,0,False,False,False,False,False,False,True,False,False,4,SUV,baseline_value_here,Volkswagen,Taos,2023.0,28834.01,28834.01
29646,54900.0,2.0,0,0,0,0,0,0,False,False,False,False,False,False,True,False,False,6,SUV,of_Origin_USA,Dodge,Durango,2025.0,29627.986,29627.986
28190,51558.0,4.0,0,0,0,0,0,1,False,False,False,False,False,False,True,False,False,4,SUV,of_Origin_Japan,Honda,CR-V,2023.0,40970.21,40970.21
5511,28886.0,3.0,0,0,0,0,0,0,False,True,False,False,False,True,False,False,False,6,SUV,baseline_value_here,BMW,X5,2024.0,81295.336,81295.336
21206,50550.0,11.0,0,0,0,0,0,0,False,False,False,False,False,False,True,False,False,baseline_value_here,baseline_value_here,of_Origin_USA,RAM,1500,2016.0,55297.316,55297.316
24608,95332.0,5.0,0,0,0,0,0,0,False,False,False,False,False,True,False,False,False,4,SUV,of_Origin_Sweden,Volvo,XC90,2022.0,38217.168,38217.168
30026,169000.0,7.0,0,0,0,0,0,0,False,False,False,False,False,False,False,False,False,6,Van,of_Origin_USA,Chevrolet,Express,2020.0,22314.22,22314.22
9272,117107.0,8.0,0,0,0,0,0,0,False,False,False,False,False,False,True,False,False,6,Pickup Truck,of_Origin_USA,Ford,F-150,2019.0,30421.059,30421.059
20922,142388.0,5.0,0,0,0,0,0,0,False,False,False,False,False,False,True,False,False,baseline_value_here,baseline_value_here,of_Origin_USA,RAM,1500,2022.0,40073.504,40073.504
36889,130265.0,11.0,0,0,0,0,0,0,False,False,False,False,False,False,True,False,False,8,Sedan,of_Origin_USA,Dodge,Charger,2016.0,17203.709,17203.709
31522,500.0,1.0,0,0,0,0,0,0,False,False,False,False,False,False,True,False,False,baseline_value_here,baseline_value_here,of_Origin_USA,RAM,1500,2026.0,71669.06,71669.06
11104,49475.0,3.0,0,0,0,0,0,0,False,True,False,False,False,False,True,False,False,6,Minivan,of_Origin_Japan,Honda,Odyssey,2024.0,49922.65,49922.65
38706,35105.0,3.0,0,0,0,0,0,0,False,False,False,False,False,False,True,False,False,6,Pickup Truck,of_Origin_USA,Ford,F-150,2024.0,46394.77,46394.77
17755,191447.0,6.0,1,0,0,0,0,0,False,False,False,False,False,False,True,False,False,4,SUV,of_Origin_Japan,Mazda,CX-5,2021.0,14488.474,14488.474
36476,99000.0,8.0,1,0,1,1,0,0,False,True,False,False,False,False,True,False,False,6,Minivan,of_Origin_Japan,Honda,Odyssey,2019.0,30185.428,30185.428
25455,16824.0,3.0,0,0,0,0,0,0,False,False,False,False,False,False,True,False,False,4,SUV,of_Origin_Japan,Nissan,Rogue,2024.0,28439.762,28439.762
3018,300.0,2.0,0,0,0,0,0,0,False,False,False,False,False,False,True,False,False,4,Sedan,of_Origin_Japan,Honda,Accord,2025.0,29901.258,29901.258
7173,118790.0,6.0,0,0,0,0,0,0,False,False,False,False,True,True,False,False,False,6,SUV,of_Origin_USA,Cadillac,XT6,2021.0,33919.16,33919.16
27626,499.0,1.0,0,0,0,0,0,0,False,False,False,False,False,False,True,False,False,4,SUV,of_Origin_USA,Ford,Explorer,2026.0,60521.71,60521.71
5774,183486.0,15.0,0,0,0,0,0,0,False,True,False,False,False,True,False,False,False,6,SUV,baseline_value_here,BMW,X6,2012.0,11253.465,11253.465
15465,100407.0,9.0,0,0,0,0,0,0,False,False,False,False,False,True,False,False,False,4,SUV,of_Origin_Japan,Lexus,RX,2018.0,30364.225,30364.225
15287,31263.0,2.0,0,0,0,0,1,0,False,False,False,False,False,True,False,False,False,4,SUV,of_Origin_Japan,Lexus,NX,2025.0,47012.324,47012.324
28058,190850.0,11.0,0,0,0,0,0,0,False,False,False,False,False,False,True,False,False,4,SUV,of_Origin_USA,Jeep,Cherokee,2016.0,10467.161,10467.161
36936,117311.0,9.0,0,0,0,0,0,0,False,False,False,False,False,False,False,False,False,4,SUV,of_Origin_South Korea,Hyundai,Santa,2018.0,15483.177,15483.177
20350,33589.0,3.0,1,0,0,0,0,0,False,False,False,False,False,False,True,False,False,4,SUV,of_Origin_Japan,Nissan,Rogue,2024.0,25920.037,25920.037
10791,82237.0,6.0,0,0,0,0,1,0,False,True,False,False,False,True,False,False,False,6,SUV,of_Origin_South Korea,Genesis,GV80,2021.0,38886.977,38886.977
31333,41121.0,4.0,0,0,0,0,0,0,False,False,False,False,False,True,False,False,False,6,SUV,baseline_value_here,Audi,Q7,2023.0,50964.31,50964.31
2307,90806.0,8.0,0,0,0,0,0,0,False,False,False,False,False,True,False,False,False,4,Sedan,baseline_value_here,Mercedes-Benz,CLA,2019.0,25498.97,25498.97
37303,229228.0,14.0,0,0,0,0,0,0,False,False,False,False,False,False,True,False,False,4,SUV,of_Origin_Japan,Toyota,Highlander,2013.0,11061.593,11061.593
26049,86660.0,9.0,1,0,0,0,0,0,False,False,False,False,True,True,False,False,False,6,Coupe,baseline_value_here,BMW,M2,2018.0,44045.92,44045.92
7153,35190.0,3.0,0,0,0,0,0,0,False,False,False,False,False,True,False,False,False,4,SUV,of_Origin_USA,Cadillac,XT5,2024.0,43924.027,43924.027
32702,197158.0,18.0,1,0,0,0,0,0,False,False,False,False,True,False,False,False,False,4,Sedan,of_Origin_Japan,Mitsubishi,Lancer,2009.0,8352.037,8352.037
34018,62743.0,3.0,0,0,0,0,0,0,False,False,False,False,False,False,False,False,False,4,Sedan,of_Origin_South Korea,Hyundai,Elantra,2024.0,21716.332,21716.332
25767,108379.0,6.0,0,0,1,0,0,0,False,False,False,False,False,False,True,False,False,4,SUV,of_Origin_Japan,Honda,CR-V,2021.0,25323.604,25323.604
35905,60953.0,3.0,0,0,0,0,0,0,False,False,False,False,False,False,True,False,False,4,SUV,of_Origin_Japan,Mazda,CX-5,2024.0,31805.27,31805.27
7188,89241.0,6.0,0,0,0,0,0,0,False,False,False,False,False,True,False,False,False,4,SUV,of_Origin_USA,Cadillac,XT4,2021.0,29274.066,29274.066
10818,8625.0,1.0,0,0,0,0,0,0,False,False,False,False,False,True,False,False,False,6,SUV,of_Origin_South Korea,Genesis,GV70,2026.0,66640.59,66640.59
426,156706.0,8.0,0,0,0,0,0,0,False,False,False,False,False,True,False,False,False,baseline_value_here,baseline_value_here,baseline_value_here,BMW,3,2019.0,19990.72,19990.72
5528,30564.0,5.0,0,0,0,0,0,1,False,True,False,False,False,True,False,False,False,6,SUV,baseline_value_here,BMW,X5,2022.0,56506.64,56506.64
37911,64737.0,3.0,0,0,0,0,0,0,False,False,False,False,False,False,True,False,False,4,Sedan,of_Origin_Japan,Toyota,Corolla,2024.0,27422.346,27422.346
493,41288.0,5.0,0,0,0,0,0,0,False,False,False,False,False,False,False,False,False,4,SUV,of_Origin_South Korea,Hyundai,Santa,2022.0,22423.908,22423.908
5477,80992.0,8.0,0,0,0,0,0,0,False,True,False,False,False,True,False,False,False,baseline_value_here,baseline_value_here,baseline_value_here,BMW,5,2019.0,32371.963,32371.963
8768,1543.0,4.0,0,0,0,0,0,0,False,False,False,False,False,False,True,False,False,6,Sedan,of_Origin_USA,Dodge,Charger,2023.0,83674.125,83674.125
17714,41964.0,4.0,0,0,0,0,0,0,False,False,False,False,False,False,True,False,False,4,SUV,of_Origin_Japan,Mazda,CX-30,2023.0,33329.51,33329.51
4363,74372.0,3.0,0,0,0,0,0,0,False,False,False,False,False,True,False,False,False,6,SUV,baseline_value_here,Audi,SQ5,2024.0,53303.2,53303.2
2014,46335.0,3.0,1,0,1,0,0,0,False,False,False,False,False,False,False,False,False,4,Sedan,of_Origin_South Korea,Hyundai,Elantra,2024.0,25057.33,25057.33
13571,68357.0,4.0,0,1,0,0,0,0,False,False,False,False,False,False,True,False,False,6,SUV,of_Origin_USA,Jeep,Grand,2023.0,42513.566,42513.566
37411,44079.0,3.0,0,0,0,0,0,0,False,False,False,False,False,False,True,False,False,6,SUV,of_Origin_USA,Jeep,Grand,2024.0,58720.066,58720.066
18737,54000.0,5.0,0,0,0,0,0,0,False,True,False,False,False,True,False,False,False,6,SUV,baseline_value_here,Mercedes-Benz,GLE,2022.0,62311.21,62311.21
35399,77095.0,22.0,0,0,0,0,0,0,False,False,False,False,True,False,True,False,False,8,Pickup Truck,of_Origin_USA,Dodge,RAM,2005.0,16800.094,16800.094
34026,82185.0,3.0,0,0,0,0,0,0,False,False,False,False,False,False,False,True,False,8,Pickup Truck,of_Origin_USA,GMC,Sierra,2024.0,58978.207,58978.207
28412,300.0,1.0,0,0,0,0,0,1,False,False,False,False,False,False,True,False,False,4,SUV,of_Origin_Japan,Honda,CR-V,2026.0,51829.53,51829.53
13612,21394.0,3.0,0,0,0,0,0,0,False,False,False,False,False,False,True,False,False,4,SUV,of_Origin_USA,Jeep,Compass,2024.0,30923.734,30923.734
16244,12000.0,2.0,0,0,0,0,0,0,False,False,False,False,False,True,False,False,False,4,SUV,of_Origin_USA,Lincoln,Nautilus,2025.0,56800.17,56800.17
16228,17421.0,3.0,0,0,0,0,0,0,False,False,False,False,False,True,False,False,False,4,SUV,of_Origin_USA,Lincoln,Corsair,2024.0,57207.637,57207.637
23488,32680.0,5.0,0,0,0,0,0,0,False,True,False,False,False,False,True,False,False,4,SUV,baseline_value_here,Volkswagen,Atlas,2022.0,37015.406,37015.406
20222,6446.0,4.0,0,1,0,0,0,0,False,False,False,False,False,False,True,False,False,4,SUV,of_Origin_Japan,Nissan,Rogue,2023.0,27114.53,27114.53
6443,27953.0,7.0,0,0,0,0,0,0,False,False,False,False,False,False,False,True,False,4,SUV,of_Origin_USA,Buick,Encore,2020.0,24360.592,24360.592
34983,25933.0,3.0,0,0,0,0,0,0,False,False,False,False,False,False,True,False,False,4,SUV,baseline_value_here,Volkswagen,Taos,2024.0,31899.756,31899.756
7797,18146.0,2.0,1,0,0,0,0,0,False,False,False,False,False,False,False,False,False,4,SUV,of_Origin_USA,Chevrolet,Trailblazer,2025.0,27168.883,27168.883
1260,27944.0,3.0,0,0,0,0,0,0,False,False,False,False,False,False,False,True,False,4,SUV,of_Origin_USA,GMC,Terrain,2024.0,33427.27,33427.27
17688,59201.0,2.0,1,0,0,0,0,0,False,True,False,False,False,False,True,False,False,6,SUV,of_Origin_Japan,Mazda,CX-70,2025.0,42252.273,42252.273
17651,49513.0,5.0,0,0,0,0,0,0,False,False,False,False,True,False,True,False,False,4,SUV,of_Origin_Japan,Mazda,CX-9,2022.0,29454.588,29454.588
16400,135572.0,8.0,0,0,0,0,0,0,False,False,False,False,True,True,False,False,False,4,SUV,of_Origin_USA,Lincoln,MKC,2019.0,19359.793,19359.793
18739,106935.0,8.0,0,0,0,0,0,0,False,False,False,False,False,True,False,False,False,4,Coupe,baseline_value_here,Mercedes-Benz,C-Class,2019.0,25767.066,25767.066
34928,65501.0,6.0,0,0,0,0,0,0,False,False,False,False,False,False,True,False,False,4,Sedan,of_Origin_Japan,Toyota,Corolla,2021.0,24568.49,24568.49
32891,59811.0,3.0,0,0,0,0,0,0,False,False,False,False,False,False,False,False,False,4,SUV,of_Origin_South Korea,Kia,Seltos,2024.0,25556.512,25556.512
32974,70482.0,5.0,0,0,0,0,0,0,False,False,False,False,False,False,False,False,False,4,SUV,of_Origin_USA,Chevrolet,Equinox,2022.0,24002.857,24002.857
25762,9829.0,2.0,0,0,0,0,0,1,False,False,False,False,False,False,False,False,False,4,SUV,of_Origin_South Korea,Kia,Sorento,2025.0,46357.09,46357.09
35821,161191.0,9.0,0,0,0,0,0,0,False,False,False,False,False,False,True,False,False,4,SUV,of_Origin_USA,Jeep,Cherokee,2018.0,13598.778,13598.778
2649,24750.0,2.0,0,0,0,0,0,1,False,False,False,False,False,False,True,False,False,4,Sedan,of_Origin_Japan,Toyota,Camry,2025.0,37205.99,37205.99
8604,93457.0,3.0,0,0,0,0,0,0,False,False,False,False,False,False,True,False,False,6,Minivan,of_Origin_USA,Chrysler,Pacifica,2024.0,33935.51,33935.51
17527,61000.0,9.0,0,0,0,0,0,0,False,False,False,False,False,False,False,False,True,baseline_value_here,baseline_value_here,of_Origin_UK,MINI,3,2018.0,18740.1,18740.1
21889,221128.0,7.0,0,0,0,0,0,0,False,False,False,False,True,False,True,False,False,4,Sedan,of_Origin_Japan,Subaru,Legacy,2020.0,12146.415,12146.415
7916,45223.0,2.0,0,0,0,0,0,0,False,False,False,False,False,False,False,False,False,8,Pickup Truck,of_Origin_USA,Chevrolet,Silverado,2025.0,61138.51,61138.51
29754,264157.0,8.0,0,0,0,0,0,0,False,False,False,False,False,False,False,False,False,4,SUV,of_Origin_South Korea,Hyundai,Santa,2019.0,8162.958,8162.958
15557,55694.0,7.0,1,0,0,0,0,0,False,False,False,False,False,True,False,False,False,4,Sedan,of_Origin_Japan,Lexus,ES,2020.0,31945.6,31945.6
35766,112577.0,5.0,0,0,0,0,0,0,False,False,False,False,False,False,False,True,False,8,Pickup Truck,of_Origin_USA,GMC,Sierra,2022.0,47464.75,47464.75
29305,116400.0,9.0,0,0,0,0,0,0,False,False,False,False,True,False,False,False,False,4,Sedan,of_Origin_USA,Chevrolet,Malibu,2018.0,12491.019,12491.019
24514,800.0,1.0,0,0,0,0,0,0,False,False,False,False,False,True,False,False,False,4,SUV,of_Origin_Sweden,Volvo,XC90,2026.0,67991.17,67991.17
20265,81647.0,7.0,0,0,0,0,0,0,False,False,False,False,False,False,True,False,False,4,SUV,of_Origin_Japan,Nissan,Kicks,2020.0,18351.469,18351.469
36086,1089.0,1.0,0,0,0,0,0,0,False,False,False,False,False,False,True,False,False,4,SUV,of_Origin_Japan,Honda,CR-V,2026.0,39764.26,39764.26
12687,120000.0,13.0,0,0,0,0,0,0,False,False,False,False,True,True,False,False,False,6,Sedan,of_Origin_Japan,Infiniti,Q60,2014.0,12856.368,12856.368
30117,31498.0,4.0,0,0,0,0,0,0,False,False,False,False,False,False,False,False,False,4,SUV,of_Origin_South Korea,Hyundai,Kona,2023.0,26300.762,26300.762
2889,55920.0,5.0,0,0,0,0,0,0,False,False,False,False,True,True,False,False,False,4,Sedan,baseline_value_here,Mercedes-Benz,A-Class,2022.0,35539.58,35539.58
20477,24880.0,3.0,0,0,0,0,0,0,False,False,False,False,False,False,True,False,False,4,SUV,of_Origin_Japan,Nissan,Rogue,2024.0,25540.193,25540.193
37418,61319.0,3.0,0,0,0,0,0,0,False,False,False,False,False,True,False,False,False,4,SUV,baseline_value_here,Audi,Q3,2024.0,35856.957,35856.957
2667,118310.0,7.0,1,0,0,0,0,0,False,False,False,False,False,True,False,False,False,baseline_value_here,baseline_value_here,baseline_value_here,BMW,3,2020.0,24823.303,24823.303
6594,43080.0,3.0,0,0,0,0,1,0,False,False,False,False,False,False,False,True,False,4,SUV,of_Origin_USA,Buick,Envista,2024.0,29466.307,29466.307
33111,77017.0,7.0,0,0,0,0,0,0,False,False,False,False,False,False,False,False,False,4,SUV,of_Origin_South Korea,Kia,Sportage,2020.0,20486.004,20486.004
22818,9617.0,2.0,0,0,0,0,0,1,False,False,False,False,False,False,True,False,False,4,Minivan,of_Origin_Japan,Toyota,Sienna,2025.0,58949.17,58949.17
37817,223100.0,14.0,0,0,0,0,0,0,False,False,False,False,True,True,False,False,False,4,Sedan,of_Origin_Japan,baseline_value_here,TL,2013.0,8085.07,8085.07
27992,83980.0,8.0,1,0,0,0,0,0,True,False,False,False,False,False,True,False,False,4,Hatchback,baseline_value_here,Volkswagen,Golf,2019.0,26352.055,26352.055
18496,59985.0,8.0,0,0,0,0,0,0,False,False,False,False,False,True,False,False,False,4,Coupe,baseline_value_here,Mercedes-Benz,C-Class,2019.0,49481.918,49481.918
10328,77831.0,6.0,0,0,0,0,0,0,False,False,False,False,False,False,False,True,False,4,SUV,of_Origin_USA,GMC,Acadia,2021.0,37946.08,37946.08
766,74280.0,4.0,0,0,0,0,0,0,False,True,False,False,False,True,False,False,False,6,SUV,baseline_value_here,BMW,X5,2023.0,58181.53,58181.53
25242,152000.0,9.0,0,0,0,0,0,0,False,False,False,False,False,True,False,False,False,4,Sedan,baseline_value_here,Mercedes-Benz,CLA,2018.0,14974.637,14974.637
30713,1951.0,2.0,0,0,0,0,0,1,False,False,False,False,False,False,True,False,False,4,Sedan,of_Origin_Japan,Honda,Accord,2025.0,36379.12,36379.12
3948,90398.0,7.0,0,0,0,0,0,0,False,True,False,False,False,True,False,False,False,6,SUV,of_Origin_Japan,baseline_value_here,MDX,2020.0,33520.91,33520.91
37256,33596.0,5.0,0,0,0,0,0,0,False,False,False,False,False,True,False,False,False,baseline_value_here,baseline_value_here,baseline_value_here,BMW,2,2022.0,50832.406,50832.406
37734,137713.0,16.0,0,0,0,0,0,0,False,False,False,False,False,False,True,False,False,4,Sedan,of_Origin_Japan,Toyota,Crown,2011.0,9333.118,9333.118
28899,192507.0,10.0,0,0,0,0,0,0,False,False,False,False,False,False,True,False,False,4,Sedan,of_Origin_Japan,Mazda,Mazda3,2017.0,10374.643,10374.643
33178,109000.0,5.0,0,0,0,0,0,0,False,False,False,False,False,False,True,False,False,4,Sedan,of_Origin_Japan,Toyota,Camry,2022.0,21186.867,21186.867
9562,85085.0,6.0,0,0,0,0,0,0,False,False,False,False,False,False,True,False,False,4,SUV,of_Origin_USA,Ford,Bronco,2021.0,21676.965,21676.965
30925,53807.0,3.0,0,0,0,0,0,0,False,False,False,False,False,False,False,False,False,4,SUV,of_Origin_South Korea,Hyundai,Santa,2024.0,29163.033,29163.033
33084,79344.0,3.0,0,0,0,0,0,0,True,False,False,False,False,False,True,False,False,4,Hatchback,baseline_value_here,Volkswagen,Golf,2024.0,33129.02,33129.02
3112,62961.0,5.0,0,0,0,0,0,0,False,False,False,False,False,False,True,False,False,4,SUV,of_Origin_Japan,Nissan,Rogue,2022.0,23603.738,23603.738
19480,53262.0,4.0,0,0,0,0,0,1,False,True,False,False,False,False,False,False,False,4,SUV,of_Origin_Japan,Mitsubishi,Outlander,2023.0,36143.03,36143.03
8794,6965.0,1.0,0,0,0,0,0,0,False,False,False,False,False,False,True,False,False,6,SUV,of_Origin_USA,Dodge,Durango,2026.0,54101.184,54101.184
30817,105815.0,5.0,0,0,1,0,0,0,False,True,False,False,False,False,True,False,False,6,SUV,of_Origin_Japan,Honda,Passport,2022.0,33067.457,33067.457
19492,7353.0,2.0,0,0,0,0,0,0,False,True,False,False,False,False,False,False,False,4,SUV,of_Origin_Japan,Mitsubishi,Outlander,2025.0,39879.95,39879.95
14030,188418.0,5.0,0,0,0,0,0,0,False,False,False,False,True,False,False,False,False,4,Sedan,of_Origin_South Korea,Kia,Forte,2022.0,9892.493,9892.493
35738,136000.0,14.0,0,0,0,0,1,0,False,False,False,False,True,False,True,False,False,4,SUV,of_Origin_Japan,Nissan,Juke,2013.0,7199.2817,7199.2817
16732,499.0,1.0,0,0,0,0,0,0,False,False,False,False,False,True,False,False,False,6,SUV,of_Origin_USA,Lincoln,Aviator,2026.0,82057.836,82057.836
25932,63981.0,6.0,1,0,1,1,0,0,False,False,False,False,False,True,False,False,False,4,SUV,of_Origin_USA,Lincoln,Corsair,2021.0,29777.037,29777.037
15792,19000.0,3.0,0,0,0,0,0,0,False,False,False,False,False,True,False,False,False,4,SUV,of_Origin_Japan,Lexus,NX,2024.0,59397.543,59397.543
37081,202689.0,10.0,0,0,0,0,0,0,False,False,False,False,False,False,False,False,False,4,SUV,of_Origin_South Korea,Kia,Sportage,2017.0,9909.1,9909.1
38097,50000.0,10.0,0,0,0,0,0,0,False,False,False,False,True,False,True,False,False,4,baseline_value_here,baseline_value_here,Volkswagen,Beetle,2017.0,19480.184,19480.184
34655,75971.0,8.0,0,1,0,0,0,0,False,False,False,False,False,False,True,False,False,4,Sedan,of_Origin_Japan,Honda,Civic,2019.0,22375.018,22375.018
16498,47254.0,4.0,0,0,0,0,0,0,False,False,False,False,False,True,False,False,False,6,SUV,of_Origin_USA,Lincoln,Aviator,2023.0,47578.24,47578.24
8748,158201.0,8.0,1,0,0,0,0,0,False,False,False,False,True,False,True,False,False,6,Minivan,of_Origin_USA,Dodge,Grand,2019.0,16239.691,16239.691
9410,72763.0,5.0,0,0,0,0,0,0,False,False,False,False,False,False,True,False,False,4,SUV,of_Origin_USA,Ford,Escape,2022.0,31299.129,31299.129
25403,79535.0,9.0,0,0,0,0,0,0,False,False,False,False,True,True,False,False,False,4,Sedan,of_Origin_Japan,baseline_value_here,TLX,2018.0,22130.559,22130.559
29358,119555.0,14.0,0,0,0,0,0,0,False,False,False,False,False,True,False,False,False,4,SUV,of_Origin_Japan,Lexus,RX,2013.0,18735.06,18735.06
20476,278008.0,15.0,0,0,0,0,0,0,False,True,False,False,False,False,True,False,False,6,SUV,of_Origin_Japan,Nissan,Murano,2012.0,5319.1743,5319.1743
26752,499.0,1.0,0,0,0,0,0,0,False,False,False,False,False,False,True,False,False,4,SUV,of_Origin_USA,Ford,Bronco,2026.0,60521.71,60521.71
8138,79672.0,5.0,0,0,0,0,0,0,False,False,False,False,False,False,False,False,False,6,SUV,of_Origin_USA,Chevrolet,Traverse,2022.0,32057.354,32057.354
10741,14300.0,3.0,0,1,0,0,0,0,False,False,False,False,False,True,False,False,False,4,Sedan,of_Origin_South Korea,Genesis,G70,2024.0,44340.21,44340.21
1488,82511.0,7.0,0,0,0,0,0,0,False,False,False,False,False,True,False,False,False,4,SUV,of_Origin_Japan,Lexus,NX,2020.0,35005.355,35005.355
30821,38112.0,3.0,0,0,0,0,0,0,False,False,False,False,False,False,True,False,False,4,Sedan,baseline_value_here,Volkswagen,Jetta,2024.0,26018.428,26018.428
33030,114000.0,4.0,0,0,0,0,0,0,False,False,False,False,False,False,True,False,False,4,SUV,of_Origin_Japan,Honda,CR-V,2023.0,29137.613,29137.613
27924,181733.0,7.0,1,0,1,0,0,0,False,False,False,False,False,False,True,False,False,4,Sedan,of_Origin_Japan,Toyota,Corolla,2020.0,17310.629,17310.629
38626,86203.0,6.0,1,0,0,0,0,0,False,False,False,False,False,False,True,False,False,4,Sedan,of_Origin_Japan,Toyota,Corolla,2021.0,22209.938,22209.938
9026,10763.0,3.0,0,0,0,0,0,0,False,False,False,False,True,False,True,False,False,4,SUV,of_Origin_USA,Dodge,Hornet,2024.0,43635.64,43635.64
31603,198500.0,20.0,0,0,0,0,0,0,True,False,False,False,True,True,False,False,False,6,Coupe,of_Origin_Japan,Infiniti,G,2007.0,-4384.0063,-4384.0063
21186,124409.0,9.0,0,0,0,0,0,0,False,False,False,False,False,False,True,False,False,baseline_value_here,baseline_value_here,of_Origin_USA,RAM,1500,2018.0,23965.271,23965.271
3939,62811.0,3.0,0,0,0,0,0,0,False,True,False,False,False,True,False,False,False,6,SUV,of_Origin_Japan,baseline_value_here,MDX,2024.0,51803.74,51803.74
24579,77749.0,8.0,0,0,0,0,0,0,False,False,False,False,False,True,False,False,False,4,SUV,of_Origin_Sweden,Volvo,XC60,2019.0,27067.045,27067.045
6294,14995.0,2.0,0,0,0,0,0,0,False,False,False,False,False,False,False,True,False,4,SUV,of_Origin_USA,Buick,Encore,2025.0,31204.775,31204.775
30580,19043.0,2.0,1,0,0,0,0,1,False,False,False,False,False,False,True,False,False,4,SUV,of_Origin_Japan,Toyota,RAV,2025.0,47837.426,47837.426
33181,65000.0,4.0,0,0,0,0,0,0,False,False,False,False,True,False,False,False,False,4,Sedan,of_Origin_South Korea,Kia,Forte,2023.0,22443.951,22443.951
1619,103753.0,8.0,0,0,0,0,0,0,False,False,False,False,False,False,False,False,False,4,SUV,of_Origin_South Korea,Hyundai,Tucson,2019.0,18046.414,18046.414
22934,57013.0,3.0,0,0,0,0,0,0,False,False,False,False,False,False,True,False,False,4,Sedan,of_Origin_Japan,Toyota,Camry,2024.0,27341.13,27341.13
28181,98220.0,5.0,0,0,0,0,0,0,False,False,False,False,False,False,True,False,False,baseline_value_here,baseline_value_here,of_Origin_USA,RAM,1500,2022.0,45378.598,45378.598
25596,20717.0,2.0,0,0,0,0,0,0,False,False,False,False,False,False,True,False,False,4,SUV,of_Origin_Japan,Mazda,CX-30,2025.0,35691.477,35691.477
12690,267185.0,15.0,0,0,0,0,0,0,False,False,False,False,True,True,False,False,False,6,Sedan,of_Origin_Japan,Infiniti,G,2012.0,4636.985,4636.985
4454,121105.0,14.0,0,0,0,0,0,0,False,False,False,False,False,True,False,False,False,6,SUV,baseline_value_here,Audi,Q7,2013.0,13227.483,13227.483
17216,238631.0,11.0,0,0,0,0,0,0,False,False,False,False,False,False,False,False,True,baseline_value_here,baseline_value_here,of_Origin_UK,MINI,3,2016.0,7343.5103,7343.5103
32571,43897.0,6.0,0,0,0,0,0,0,False,False,False,False,True,False,True,False,False,4,SUV,of_Origin_Japan,Nissan,Qashqai,2021.0,24685.969,24685.969
6717,8898.0,2.0,0,0,0,0,0,0,False,False,False,False,False,True,False,False,False,4,SUV,of_Origin_USA,Cadillac,XT5,2025.0,56851.85,56851.85
486,48638.0,4.0,0,0,0,0,0,0,False,False,False,False,False,True,False,False,False,4,SUV,baseline_value_here,BMW,X4,2023.0,38190.27,38190.27
3257,3900.0,1.0,0,0,0,0,0,0,False,False,False,False,False,False,False,False,False,4,SUV,of_Origin_USA,Chevrolet,Trax,2026.0,33515.027,33515.027
15370,53153.0,4.0,0,0,0,0,0,0,False,False,False,False,False,True,False,False,False,4,SUV,of_Origin_Japan,Lexus,RX,2023.0,46130.31,46130.31
23819,56712.0,3.0,0,0,0,0,0,0,False,False,False,False,False,False,True,False,False,4,SUV,baseline_value_here,Volkswagen,Taos,2024.0,29860.902,29860.902
27168,197000.0,16.0,0,0,0,0,0,0,False,False,False,False,False,False,True,False,False,6,Minivan,of_Origin_Japan,Toyota,Sienna,2011.0,10284.032,10284.032
34931,17427.0,5.0,0,0,0,0,0,1,False,False,False,False,False,False,True,False,False,4,SUV,of_Origin_USA,Jeep,Grand,2022.0,53850.418,53850.418
9434,83741.0,5.0,0,0,0,0,0,0,False,False,False,False,False,False,True,False,False,4,SUV,of_Origin_USA,Ford,Bronco,2022.0,27654.62,27654.62
20940,74838.0,6.0,0,0,0,0,0,0,False,False,False,False,False,False,True,False,False,baseline_value_here,baseline_value_here,of_Origin_USA,RAM,1500,2021.0,32566.168,32566.168
33559,41695.0,2.0,0,0,0,0,0,0,False,False,False,False,False,False,True,False,False,4,SUV,of_Origin_Japan,Honda,CR-V,2025.0,36181.742,36181.742
21028,56802.0,2.0,0,0,0,0,0,0,False,False,False,False,False,False,True,False,False,6,Van,of_Origin_USA,RAM,ProMaster,2025.0,41264.09,41264.09
225,127617.0,10.0,1,0,0,0,0,0,False,False,False,False,False,True,False,False,False,4,SUV,baseline_value_here,Audi,Q5,2017.0,16385.18,16385.18
2219,139429.0,6.0,0,0,0,0,0,0,False,False,False,False,False,False,True,False,False,6,SUV,of_Origin_USA,Dodge,Durango,2021.0,30226.973,30226.973
26081,520.0,1.0,0,0,0,0,0,0,False,False,False,False,False,False,False,False,False,6,SUV,of_Origin_USA,Chevrolet,Traverse,2026.0,68371.35,68371.35
25343,93730.0,12.0,0,0,0,0,0,0,False,False,False,False,False,True,False,False,False,4,SUV,baseline_value_here,BMW,X1,2015.0,13561.664,13561.664
37667,220000.0,14.0,0,0,0,0,0,0,False,False,False,False,False,False,True,False,False,4,SUV,of_Origin_Japan,Mazda,CX-5,2013.0,7741.8345,7741.8345
15595,20455.0,2.0,0,1,1,0,0,1,False,False,False,False,False,True,False,False,False,4,SUV,of_Origin_Japan,Lexus,NX,2025.0,36898.227,36898.227
24933,61601.0,9.0,0,0,0,0,0,0,False,False,False,False,False,False,True,False,False,4,SUV,of_Origin_Japan,Honda,CR-V,2018.0,24765.45,24765.45
19450,120000.0,5.0,0,0,0,0,0,0,False,False,False,False,False,False,False,False,False,4,SUV,of_Origin_Japan,Mitsubishi,RVR,2022.0,20346.94,20346.94
20227,18387.0,4.0,0,0,0,0,0,0,False,False,False,False,True,False,True,False,False,4,SUV,of_Origin_Japan,Nissan,Qashqai,2023.0,22992.762,22992.762
16197,67965.0,5.0,0,0,0,0,0,0,False,False,False,False,False,True,False,False,False,4,SUV,of_Origin_USA,Lincoln,Nautilus,2022.0,33670.305,33670.305
26011,82042.0,6.0,0,0,0,0,0,1,False,False,False,False,False,False,True,False,False,4,SUV,of_Origin_Japan,Toyota,RAV,2021.0,36642.57,36642.57
11991,175213.0,5.0,0,0,0,0,0,0,False,False,False,False,False,False,False,False,False,4,SUV,of_Origin_South Korea,Hyundai,Kona,2022.0,17216.223,17216.223
30428,16567.0,3.0,0,0,0,0,0,0,False,False,False,False,False,False,False,False,False,baseline_value_here,baseline_value_here,of_Origin_South Korea,Hyundai,TUCSON,2024.0,31480.844,31480.844
10735,24501.0,2.0,0,0,0,0,0,0,False,True,False,False,False,True,False,False,False,4,SUV,of_Origin_South Korea,Genesis,GV80,2025.0,78680.805,78680.805
28002,97000.0,9.0,0,0,0,0,0,0,False,False,False,False,False,True,False,False,False,4,SUV,baseline_value_here,Audi,Q5,2018.0,19426.463,19426.463
6557,174137.0,10.0,0,0,0,0,0,0,False,False,False,False,False,False,False,True,False,4,SUV,of_Origin_USA,Buick,Encore,2017.0,11259.88,11259.88
7825,32806.0,3.0,0,1,0,0,0,0,False,False,False,False,False,False,False,False,False,6,SUV,of_Origin_USA,Chevrolet,Blazer,2024.0,45676.26,45676.26
7276,128886.0,8.0,0,0,0,0,0,0,False,False,False,True,False,True,False,False,False,8,SUV,of_Origin_USA,Cadillac,Escalade,2019.0,45635.1,45635.1
24516,2902.0,1.0,0,0,0,0,0,0,False,False,False,False,False,True,False,False,False,4,SUV,of_Origin_Sweden,Volvo,XC90,2026.0,79871.69,79871.69
19658,56298.0,3.0,0,0,0,0,0,0,False,False,False,False,False,False,False,False,False,4,Coupe,of_Origin_Japan,Mitsubishi,Eclipse,2024.0,23283.014,23283.014
25874,131098.0,8.0,0,0,0,0,0,0,False,False,False,False,False,True,False,False,False,4,SUV,baseline_value_here,BMW,X3,2019.0,21747.95,21747.95
25807,25590.0,5.0,0,0,0,0,0,0,False,False,False,False,False,False,True,False,False,4,SUV,of_Origin_Japan,Honda,CR-V,2022.0,30033.354,30033.354
30566,499.0,1.0,0,0,0,0,0,0,False,False,False,False,False,False,True,False,False,6,Pickup Truck,of_Origin_USA,Ford,F-150,2026.0,79353.48,79353.48
26471,9000.0,2.0,0,0,0,0,0,1,False,False,False,False,False,True,False,False,False,4,SUV,baseline_value_here,Audi,Q5,2025.0,60284.094,60284.094
10094,174089.0,5.0,1,0,0,0,0,0,False,False,False,False,False,False,False,True,False,8,Pickup Truck,of_Origin_USA,GMC,Sierra,2022.0,35397.145,35397.145
20583,79076.0,4.0,0,0,0,0,0,0,False,False,False,False,True,False,True,False,False,4,SUV,of_Origin_Japan,Nissan,Qashqai,2023.0,22366.854,22366.854
11971,106429.0,7.0,0,0,0,0,0,0,False,False,False,False,False,False,False,False,False,4,SUV,of_Origin_South Korea,Hyundai,Tucson,2020.0,19133.783,19133.783
27740,86409.0,13.0,0,0,0,0,0,0,False,False,False,False,False,True,False,False,False,6,Sedan,baseline_value_here,Mercedes-Benz,E-Class,2014.0,20382.715,20382.715
7387,81329.0,5.0,0,0,0,0,0,0,False,False,False,False,False,True,False,False,False,4,SUV,of_Origin_USA,Cadillac,XT4,2022.0,32709.258,32709.258
10904,97500.0,5.0,0,0,0,0,0,0,False,False,False,False,False,True,False,False,False,4,SUV,of_Origin_South Korea,Genesis,GV70,2022.0,36225.242,36225.242
1942,135300.0,5.0,0,0,0,0,0,1,False,False,False,False,False,False,False,False,False,4,SUV,of_Origin_South Korea,Hyundai,Tucson,2022.0,24446.652,24446.652
1342,87481.0,5.0,0,0,0,0,0,0,False,False,False,False,False,False,True,False,False,6,SUV,of_Origin_USA,Dodge,Durango,2022.0,37741.785,37741.785
20273,85865.0,4.0,1,0,0,0,0,0,False,False,False,False,False,False,True,False,False,4,SUV,of_Origin_Japan,Nissan,Kicks,2023.0,23217.64,23217.64
12184,62110.0,5.0,0,0,0,0,0,1,False,False,False,False,False,False,False,False,False,4,Sedan,of_Origin_South Korea,Hyundai,Sonata,2022.0,24130.084,24130.084
12999,138000.0,12.0,0,0,0,0,0,0,False,False,False,False,True,True,False,False,False,6,Sedan,of_Origin_Japan,Infiniti,Q50,2015.0,16095.856,16095.856
873,75410.0,8.0,0,0,0,0,0,0,False,True,False,False,False,False,True,False,False,4,SUV,baseline_value_here,Volkswagen,Atlas,2019.0,28156.953,28156.953
4234,155795.0,17.0,0,0,0,0,0,0,False,False,False,False,False,True,False,False,False,4,SUV,of_Origin_Japan,baseline_value_here,RDX,2010.0,10023.281,10023.281
38549,40675.0,6.0,0,0,0,0,0,1,False,False,False,False,False,True,False,False,False,4,SUV,of_Origin_Japan,Lexus,NX,2021.0,38295.562,38295.562
36799,116592.0,9.0,0,0,0,0,0,0,False,False,False,False,False,False,False,True,False,4,Pickup Truck,of_Origin_USA,GMC,Canyon,2018.0,25402.164,25402.164
29088,107745.0,5.0,0,0,0,0,0,0,False,False,True,False,False,False,True,False,False,6,SUV,of_Origin_Japan,Nissan,Pathfinder,2022.0,28665.078,28665.078
27277,61026.0,9.0,0,0,0,0,0,0,False,False,False,False,False,False,True,False,False,4,SUV,of_Origin_Japan,Mazda,CX-5,2018.0,22964.629,22964.629
38729,25675.0,4.0,0,0,0,0,0,0,False,False,False,False,False,True,False,False,False,4,SUV,baseline_value_here,BMW,X3,2023.0,43718.05,43718.05
9164,107.0,3.0,0,0,0,0,0,1,False,False,False,False,True,False,True,False,False,4,SUV,of_Origin_USA,Dodge,Hornet,2024.0,37262.293,37262.293
17546,104955.0,14.0,0,0,0,0,0,0,True,False,False,False,False,False,False,False,True,4,SUV,of_Origin_UK,MINI,Countryman,2013.0,9883.146,9883.146
33041,57000.0,3.0,0,0,0,0,0,0,False,False,False,False,False,False,True,False,False,4,Sedan,of_Origin_Japan,Toyota,Camry,2024.0,27341.13,27341.13
305,37352.0,2.0,0,0,0,0,0,1,False,False,False,False,False,False,True,False,False,4,SUV,of_Origin_Japan,Honda,CR-V,2025.0,42615.6,42615.6
709,124576.0,10.0,0,0,0,0,0,0,False,False,True,False,False,False,True,False,False,6,SUV,of_Origin_USA,Ford,Expedition,2017.0,27000.11,27000.11
7781,34565.0,3.0,0,0,0,0,0,0,False,False,False,False,False,False,False,False,False,8,Pickup Truck,of_Origin_USA,Chevrolet,Silverado,2024.0,47419.066,47419.066
21213,9929.0,2.0,0,0,0,0,0,0,False,False,False,False,False,False,True,False,False,baseline_value_here,baseline_value_here,of_Origin_USA,RAM,1500,2025.0,80509.3,80509.3
25606,35712.0,3.0,0,0,0,0,0,0,False,False,False,False,False,False,False,False,False,4,Pickup Truck,of_Origin_USA,Chevrolet,Colorado,2024.0,46181.79,46181.79
495,70465.0,4.0,0,0,0,0,0,0,False,False,False,False,False,False,True,False,False,4,SUV,of_Origin_Japan,Toyota,RAV,2023.0,33581.86,33581.86
30461,101000.0,12.0,0,0,0,0,0,0,False,False,False,False,False,False,True,False,False,4,SUV,of_Origin_USA,Ford,Escape,2015.0,12516.543,12516.543
1439,36624.0,4.0,0,0,0,0,0,0,False,False,False,False,False,False,True,False,False,4,SUV,of_Origin_Japan,Toyota,RAV,2023.0,37049.867,37049.867
30065,136210.0,7.0,0,0,0,0,0,0,False,False,False,False,False,False,True,False,False,4,Sedan,of_Origin_Japan,Nissan,Sentra,2020.0,13951.58,13951.58
28257,162921.0,12.0,0,0,0,0,0,0,False,False,False,False,True,True,False,False,False,6,Sedan,of_Origin_Japan,Infiniti,Q50,2015.0,13804.402,13804.402
26205,214222.0,6.0,0,0,0,0,0,0,False,False,False,False,False,False,True,False,False,4,SUV,of_Origin_Japan,Mazda,CX-5,2021.0,15754.319,15754.319
1991,98499.0,8.0,0,0,0,0,0,0,False,False,False,False,False,False,False,False,False,4,Sedan,of_Origin_South Korea,Hyundai,Elantra,2019.0,15499.968,15499.968
8014,24887.0,3.0,1,0,0,0,0,0,False,False,False,False,False,False,False,False,False,8,Pickup Truck,of_Origin_USA,Chevrolet,Silverado,2024.0,45536.727,45536.727
38304,93229.0,10.0,0,0,0,0,0,0,False,True,False,False,False,True,False,False,False,6,SUV,baseline_value_here,BMW,X5,2017.0,31691.889,31691.889
36960,121000.0,10.0,0,0,0,0,0,0,False,False,False,False,True,False,True,False,False,4,SUV,of_Origin_USA,Ford,Edge,2017.0,12942.714,12942.714
23085,49422.0,6.0,0,0,0,0,0,1,False,False,False,False,False,False,True,False,False,4,Minivan,of_Origin_Japan,Toyota,Sienna,2021.0,44095.28,44095.28
4866,2200.0,1.0,0,0,0,0,0,0,False,False,False,False,False,True,False,False,False,4,Sedan,baseline_value_here,Audi,A3,2026.0,50046.22,50046.22
35833,132188.0,12.0,0,0,0,0,0,0,False,False,False,False,False,True,False,False,False,6,Coupe,baseline_value_here,Audi,S5,2015.0,23398.098,23398.098
36874,18796.0,2.0,0,0,1,0,0,0,False,False,False,False,False,False,True,False,False,4,SUV,of_Origin_Japan,Mazda,CX-5,2025.0,36919.438,36919.438
36510,59954.0,5.0,0,0,0,0,0,0,False,False,False,False,True,False,False,False,False,4,Sedan,of_Origin_South Korea,Kia,Forte,2022.0,16238.272,16238.272
31532,28834.0,4.0,0,0,0,0,0,0,False,True,False,False,False,False,True,False,False,6,SUV,of_Origin_Japan,Nissan,Murano,2023.0,36142.242,36142.242
7787,130019.0,5.0,0,1,0,0,1,0,False,False,False,False,False,False,False,False,False,8,Pickup Truck,of_Origin_USA,Chevrolet,Silverado,2022.0,42143.957,42143.957
33155,89000.0,5.0,0,0,0,0,0,0,False,False,False,False,False,False,True,False,False,4,Sedan,of_Origin_Japan,Toyota,Corolla,2022.0,20993.271,20993.271
3029,58607.0,4.0,0,0,0,0,0,0,False,False,False,False,False,True,False,False,False,6,SUV,baseline_value_here,Audi,SQ5,2023.0,47823.758,47823.758
11402,161059.0,8.0,0,0,0,0,0,0,False,False,False,False,False,False,True,False,False,4,SUV,of_Origin_Japan,Honda,CR-V,2019.0,19646.076,19646.076
6551,120438.0,5.0,0,0,0,0,0,0,False,False,False,False,False,False,False,True,False,4,SUV,of_Origin_USA,Buick,Encore,2022.0,21578.6,21578.6
21919,24642.0,3.0,0,0,0,0,0,0,False,False,False,False,False,False,True,False,False,4,SUV,of_Origin_Japan,Subaru,Crosstrek,2024.0,31638.684,31638.684
17986,5000.0,1.0,0,0,0,0,0,0,False,False,False,False,False,False,True,False,False,4,SUV,of_Origin_Japan,Mazda,CX-30,2026.0,36989.65,36989.65
1905,54800.0,5.0,0,0,0,0,0,1,False,False,False,False,False,False,False,False,False,4,Sedan,of_Origin_South Korea,Hyundai,Elantra,2022.0,25446.752,25446.752
2343,22500.0,2.0,0,0,0,0,0,1,False,False,False,False,False,False,True,False,False,4,SUV,of_Origin_Japan,Honda,CR-V,2025.0,46835.164,46835.164
31068,25535.0,3.0,0,0,0,0,0,0,False,False,False,False,False,True,False,False,False,4,SUV,baseline_value_here,Audi,Q5,2024.0,41477.625,41477.625
22766,54550.0,5.0,0,1,0,0,0,0,False,False,False,False,False,False,True,False,False,4,Sedan,of_Origin_Japan,Toyota,Corolla,2022.0,23228.787,23228.787
28,17999.0,2.0,1,0,0,0,0,0,False,False,False,False,False,False,True,False,False,6,SUV,of_Origin_Japan,Toyota,4-Runner,2025.0,61856.74,61856.74
17633,154756.0,12.0,0,0,0,0,1,0,False,False,False,False,False,False,True,False,False,4,Sedan,of_Origin_Japan,Mazda,Mazda3,2015.0,10753.82,10753.82
1238,24000.0,3.0,0,0,0,0,0,0,False,False,False,False,False,False,True,False,False,6,Pickup Truck,of_Origin_USA,Ford,F-150,2024.0,51971.77,51971.77
11048,15325.0,5.0,0,0,0,0,0,0,False,False,False,False,False,False,True,False,False,4,SUV,of_Origin_Japan,Honda,CR-V,2022.0,28607.992,28607.992
822,100154.0,11.0,1,0,0,0,0,0,False,False,False,False,False,False,True,False,False,4,SUV,of_Origin_Japan,Subaru,Crosstrek,2016.0,15975.386,15975.386
25538,14499.0,3.0,0,0,0,0,0,0,False,False,False,False,False,False,True,False,False,4,SUV,of_Origin_USA,Ford,Bronco,2024.0,35726.22,35726.22
2892,92800.0,5.0,0,0,0,0,0,1,False,True,False,False,False,True,False,False,False,6,SUV,baseline_value_here,BMW,X5,2022.0,53832.8,53832.8
28455,147766.0,9.0,0,0,0,0,0,0,False,False,False,False,False,False,True,False,False,6,SUV,of_Origin_USA,Dodge,Durango,2018.0,22313.207,22313.207
30915,66115.0,5.0,0,0,0,0,0,0,False,False,False,False,False,False,True,False,False,4,SUV,baseline_value_here,Volkswagen,Tiguan,2022.0,25242.62,25242.62
29975,5443.0,2.0,0,1,1,0,0,0,False,False,False,False,False,False,True,False,False,4,Coupe,of_Origin_Japan,Subaru,BRZ,2025.0,39083.31,39083.31
19304,33965.0,3.0,0,0,0,0,0,0,False,False,False,False,False,False,False,False,False,4,SUV,of_Origin_Japan,Mitsubishi,RVR,2024.0,26583.951,26583.951
3058,38890.0,3.0,0,0,0,0,0,0,False,False,False,False,True,False,False,False,False,4,Sedan,of_Origin_South Korea,Kia,Forte,2024.0,24603.459,24603.459
36888,151871.0,8.0,0,0,0,0,0,0,False,False,False,False,True,False,True,False,False,6,Minivan,of_Origin_USA,Dodge,Grand,2019.0,15518.374,15518.374
19343,60740.0,3.0,0,0,0,0,0,0,False,True,False,False,False,False,False,False,False,4,SUV,of_Origin_Japan,Mitsubishi,Outlander,2024.0,31959.697,31959.697
29158,28582.0,3.0,0,0,0,0,0,0,False,False,False,False,False,False,True,False,False,4,SUV,of_Origin_USA,Jeep,Compass,2024.0,29143.799,29143.799
34789,46045.0,7.0,1,0,0,0,0,0,False,False,False,False,False,False,False,False,False,4,SUV,of_Origin_South Korea,Hyundai,Venue,2020.0,22677.19,22677.19
26108,1676.0,2.0,0,0,0,0,0,0,False,False,False,False,False,True,False,False,False,4,SUV,baseline_value_here,Audi,Q5,2025.0,66399.89,66399.89
26635,134198.0,6.0,0,0,0,0,0,0,False,False,False,False,False,False,True,False,False,4,SUV,of_Origin_Japan,Mazda,CX-5,2021.0,22296.768,22296.768
28626,139275.0,7.0,0,0,0,0,0,0,False,False,False,False,False,False,True,False,False,4,SUV,of_Origin_USA,Jeep,Cherokee,2020.0,17424.479,17424.479
2624,61400.0,8.0,0,0,0,0,0,0,False,False,False,False,False,True,False,False,False,4,SUV,baseline_value_here,Mercedes-Benz,GLA,2019.0,41705.6,41705.6
37761,75000.0,10.0,0,0,0,1,0,0,False,False,False,False,False,False,True,False,False,6,Pickup Truck,of_Origin_USA,Ford,F-150,2017.0,31473.033,31473.033
26313,190000.0,17.0,0,0,0,0,0,0,False,False,True,False,False,False,True,False,False,6,SUV,of_Origin_Japan,Honda,Pilot,2010.0,8833.515,8833.515
5030,4395.0,2.0,0,0,0,0,0,0,False,False,False,False,False,True,False,False,False,4,SUV,baseline_value_here,Audi,Q5,2025.0,62744.176,62744.176
2298,51400.0,6.0,0,0,0,0,0,0,False,False,False,False,False,False,False,False,False,4,SUV,of_Origin_South Korea,Hyundai,Santa,2021.0,18044.215,18044.215
12036,99759.0,7.0,0,0,0,0,0,0,False,False,False,False,False,False,False,False,False,4,SUV,of_Origin_South Korea,Hyundai,Kona,2020.0,19049.947,19049.947
935,76621.0,3.0,0,0,0,0,0,0,False,False,False,False,False,False,False,False,False,4,SUV,of_Origin_South Korea,Kia,Sportage,2024.0,24260.496,24260.496
23816,118500.0,10.0,0,0,0,0,0,0,False,False,False,False,False,False,True,False,False,4,SUV,baseline_value_here,Volkswagen,Tiguan,2017.0,14825.9,14825.9
5567,89000.0,7.0,0,0,0,0,0,0,False,False,False,False,False,True,False,False,False,4,SUV,baseline_value_here,BMW,X3,2020.0,27625.617,27625.617
21468,1694.0,1.0,0,0,0,0,0,0,False,False,False,False,False,False,True,False,False,4,Sedan,of_Origin_Japan,Subaru,Impreza,2026.0,41505.57,41505.57
7834,168553.0,7.0,0,0,0,0,0,0,False,False,False,False,False,False,False,False,False,4,SUV,of_Origin_USA,Chevrolet,Equinox,2020.0,15564.703,15564.703
10767,10222.0,2.0,0,0,0,0,0,0,False,False,False,False,False,True,False,False,False,4,Sedan,of_Origin_South Korea,Genesis,G70,2025.0,52396.24,52396.24
30213,90336.0,4.0,0,0,0,0,0,0,False,False,False,False,False,True,False,False,False,4,SUV,baseline_value_here,Mercedes-Benz,GLC,2023.0,37323.938,37323.938
36459,228000.0,11.0,0,0,0,0,0,0,False,False,False,False,False,False,False,False,False,4,SUV,of_Origin_USA,Chevrolet,Trax,2016.0,6541.2256,6541.2256
10223,180000.0,10.0,0,0,0,0,0,0,False,False,False,False,False,False,False,True,False,8,Pickup Truck,of_Origin_USA,GMC,Sierra,2017.0,21718.898,21718.898
30529,49816.0,3.0,0,0,0,0,0,0,False,False,False,False,False,False,False,False,False,4,Pickup Truck,of_Origin_USA,Chevrolet,Colorado,2024.0,46800.05,46800.05
23576,9715.0,2.0,0,0,0,0,0,0,False,False,False,False,False,False,True,False,False,4,SUV,baseline_value_here,Volkswagen,Taos,2025.0,37173.68,37173.68
35018,135575.0,11.0,0,0,0,0,0,0,False,False,False,False,False,True,False,False,False,baseline_value_here,baseline_value_here,baseline_value_here,BMW,3,2016.0,17303.95,17303.95
33047,97000.0,10.0,0,0,0,0,0,0,False,False,False,False,True,False,True,False,False,4,SUV,of_Origin_USA,Ford,Edge,2017.0,13525.445,13525.445
17410,53869.0,6.0,0,0,0,0,0,0,False,False,False,False,False,False,False,False,True,baseline_value_here,baseline_value_here,of_Origin_UK,MINI,5,2021.0,21860.094,21860.094
20514,47304.0,4.0,0,0,0,0,0,0,False,False,False,False,False,False,True,False,False,4,SUV,of_Origin_Japan,Nissan,Rogue,2023.0,24328.152,24328.152
23759,43757.0,3.0,0,0,0,0,0,0,False,False,False,False,False,False,True,False,False,4,SUV,baseline_value_here,Volkswagen,Tiguan,2024.0,31827.57,31827.57
1105,116082.0,10.0,0,0,0,0,0,0,False,False,False,False,False,False,True,False,False,4,SUV,of_Origin_Japan,Toyota,RAV,2017.0,20337.943,20337.943
16308,61295.0,5.0,0,0,0,0,0,0,False,False,False,False,False,True,False,False,False,4,SUV,of_Origin_USA,Lincoln,Nautilus,2022.0,35185.89,35185.89
35787,235000.0,7.0,0,0,0,0,0,0,False,False,False,False,False,False,True,False,False,baseline_value_here,baseline_value_here,of_Origin_USA,RAM,1500,2020.0,25362.262,25362.262
382,143709.0,11.0,0,0,0,0,0,0,False,False,False,False,False,True,False,False,False,4,Sedan,baseline_value_here,Mercedes-Benz,CLA,2016.0,14059.125,14059.125
36852,76025.0,2.0,0,0,1,0,0,1,False,False,False,False,False,False,True,False,False,4,Minivan,of_Origin_Japan,Toyota,Sienna,2025.0,55316.547,55316.547
8004,77033.0,3.0,0,0,0,0,0,0,False,False,False,False,True,False,False,False,False,4,Sedan,of_Origin_USA,Chevrolet,Malibu,2024.0,20578.3,20578.3
37912,95359.0,6.0,0,0,0,0,0,0,False,False,False,False,False,True,False,False,False,4,SUV,of_Origin_Japan,Lexus,NX,2021.0,35367.402,35367.402
16371,18974.0,2.0,0,0,0,0,0,0,False,False,False,False,False,True,False,False,False,4,SUV,of_Origin_USA,Lincoln,Nautilus,2025.0,51823.85,51823.85
32818,140122.0,5.0,0,0,0,0,0,0,False,False,False,False,False,False,True,False,False,4,Sedan,of_Origin_Japan,Toyota,Corolla,2022.0,20464.2,20464.2
1449,66524.0,3.0,0,0,0,0,0,0,False,False,False,False,False,False,True,False,False,6,Minivan,of_Origin_USA,Chrysler,Pacifica,2024.0,34948.066,34948.066
23028,7625.0,2.0,0,0,0,0,0,0,False,False,False,False,False,False,True,False,False,6,SUV,of_Origin_Japan,Toyota,4-Runner,2025.0,67865.44,67865.44
36571,60054.0,5.0,0,1,1,0,0,1,False,False,False,False,False,False,True,False,False,4,Minivan,of_Origin_Japan,Toyota,Sienna,2022.0,48154.14,48154.14
31207,27000.0,13.0,0,0,0,0,0,0,True,False,True,False,False,False,False,False,False,8,Coupe,of_Origin_USA,Chevrolet,Corvette,2014.0,76149.3,76149.3
6623,62872.0,8.0,0,0,1,0,0,0,False,False,False,False,True,False,False,True,False,4,Sedan,of_Origin_USA,Buick,Regal,2019.0,22341.84,22341.84
30657,39870.0,3.0,0,0,0,0,0,1,False,False,False,False,False,False,True,False,False,4,SUV,of_Origin_Japan,Honda,CR-V,2024.0,41569.06,41569.06
17473,128205.0,5.0,0,0,0,0,0,0,False,False,False,False,False,False,False,False,True,4,SUV,of_Origin_UK,MINI,Countryman,2022.0,25796.18,25796.18
17227,38400.0,11.0,0,0,0,0,0,0,False,False,False,False,False,False,False,False,True,baseline_value_here,baseline_value_here,of_Origin_UK,MINI,3,2016.0,20340.152,20340.152
35659,50500.0,9.0,0,0,0,0,0,0,False,False,False,False,True,False,True,False,False,4,SUV,of_Origin_USA,Ford,EcoSport,2018.0,13861.941,13861.941
35801,137484.0,8.0,0,0,0,0,0,0,False,False,False,False,True,True,False,False,False,6,Sedan,baseline_value_here,Audi,S4,2019.0,37175.62,37175.62
25020,53643.0,5.0,0,0,0,0,0,0,False,False,False,False,False,False,True,False,False,6,SUV,of_Origin_USA,Jeep,Grand,2022.0,61764.523,61764.523
10061,43151.0,3.0,0,0,0,0,0,0,False,False,False,False,False,False,False,True,False,8,Pickup Truck,of_Origin_USA,GMC,Sierra,2024.0,53613.504,53613.504
8274,101801.0,5.0,0,0,0,0,0,0,False,False,False,False,False,False,True,False,False,6,Minivan,of_Origin_USA,Chrysler,Pacifica,2022.0,29169.775,29169.775
30133,26464.0,10.0,0,0,0,0,0,0,False,False,False,False,False,False,True,False,False,6,SUV,of_Origin_USA,Jeep,Grand,2017.0,31500.906,31500.906
6313,3429.0,1.0,0,1,0,0,0,0,False,False,False,False,False,False,False,True,False,4,SUV,of_Origin_USA,Buick,Envista,2026.0,41033.305,41033.305
15579,14529.0,2.0,0,0,0,0,0,0,False,False,False,False,False,True,False,False,False,4,SUV,of_Origin_Japan,Lexus,NX,2025.0,47495.285,47495.285
34154,116000.0,11.0,0,0,0,0,0,0,False,False,False,False,True,False,False,False,False,4,Sedan,of_Origin_South Korea,Kia,Rio,2016.0,10033.819,10033.819
30057,140611.0,13.0,0,0,0,0,0,0,False,False,False,False,False,False,True,False,False,4,SUV,of_Origin_USA,Ford,Escape,2014.0,7968.4976,7968.4976
15279,89000.0,10.0,0,0,0,0,0,0,False,False,False,False,False,True,False,False,False,4,SUV,of_Origin_Japan,Lexus,NX,2017.0,29401.127,29401.127
4204,41811.0,3.0,0,0,0,0,0,0,False,False,False,False,False,True,False,False,False,4,SUV,of_Origin_Japan,baseline_value_here,RDX,2024.0,46140.914,46140.914
1609,122528.0,9.0,0,0,0,0,0,0,False,False,False,False,False,False,True,False,False,4,Sedan,of_Origin_Japan,Honda,Civic,2018.0,16909.29,16909.29
12163,53225.0,6.0,0,1,0,0,0,0,False,False,False,False,False,False,False,False,False,4,SUV,of_Origin_South Korea,Hyundai,Santa,2021.0,22805.791,22805.791
38361,78577.0,6.0,0,0,0,0,0,0,False,False,False,False,False,True,False,False,False,4,SUV,of_Origin_Japan,baseline_value_here,RDX,2021.0,32414.662,32414.662
18126,17.0,3.0,0,0,0,0,0,1,False,True,False,False,False,False,True,False,False,6,SUV,of_Origin_Japan,Mazda,CX-90,2024.0,62926.72,62926.72
19493,24590.0,5.0,0,0,1,0,0,0,False,True,False,False,False,False,False,False,False,4,SUV,of_Origin_Japan,Mitsubishi,Outlander,2022.0,30171.658,30171.658
13826,146482.0,11.0,0,0,0,0,1,0,False,False,False,False,True,False,False,False,False,4,Sedan,of_Origin_South Korea,Kia,Rio,2016.0,8086.8857,8086.8857
4488,84000.0,3.0,0,0,0,0,0,1,False,False,False,False,False,True,False,False,False,6,SUV,baseline_value_here,Audi,Q7,2024.0,57664.555,57664.555
34312,99210.0,8.0,0,0,0,0,0,1,False,False,False,False,False,False,True,False,False,4,SUV,of_Origin_Japan,Toyota,RAV,2019.0,28914.56,28914.56
6234,12626.0,7.0,0,0,0,0,0,0,False,False,False,False,False,False,False,True,False,4,SUV,of_Origin_USA,Buick,Encore,2020.0,22168.69,22168.69
18744,63164.0,4.0,0,0,0,0,0,0,False,False,False,False,False,True,False,False,False,4,SUV,baseline_value_here,Mercedes-Benz,GLC,2023.0,45201.625,45201.625
31047,318000.0,10.0,0,0,0,0,0,0,False,False,False,False,False,False,True,False,False,baseline_value_here,baseline_value_here,of_Origin_USA,RAM,1500,2017.0,11059.027,11059.027
3933,73518.0,3.0,0,0,0,0,1,0,False,False,False,False,False,True,False,False,False,4,SUV,of_Origin_Japan,baseline_value_here,RDX,2024.0,41300.035,41300.035
23479,99000.0,5.0,0,0,0,0,0,0,False,False,False,False,False,False,True,False,False,4,Sedan,baseline_value_here,Volkswagen,Jetta,2022.0,20609.027,20609.027
25613,121055.0,9.0,0,0,0,0,0,0,False,True,False,False,False,True,False,False,False,6,SUV,baseline_value_here,BMW,X5,2018.0,25632.385,25632.385
24848,169207.0,11.0,0,1,0,0,0,0,False,False,False,False,True,True,False,False,False,5,Sedan,of_Origin_Sweden,Volvo,S60,2016.0,12939.074,12939.074
8522,111072.0,4.0,0,0,0,0,0,0,False,False,False,False,False,False,True,False,False,6,Minivan,of_Origin_USA,Chrysler,Pacifica,2023.0,29063.07,29063.07
33902,120047.0,21.0,0,0,0,0,0,0,False,False,False,False,True,False,False,False,False,4,Sedan,of_Origin_South Korea,Kia,Rio,2006.0,4433.203,4433.203
29709,142600.0,10.0,0,0,0,0,0,0,False,False,False,False,False,False,False,True,False,4,SUV,of_Origin_USA,GMC,Terrain,2017.0,15552.76,15552.76
19288,61047.0,4.0,0,0,0,0,0,0,False,False,False,False,False,False,False,False,False,4,SUV,of_Origin_Japan,Mitsubishi,RVR,2023.0,22964.324,22964.324
14180,27466.0,2.0,0,0,0,0,0,0,False,False,False,False,False,False,False,False,False,4,Sedan,of_Origin_South Korea,Kia,K4,2025.0,27365.371,27365.371
28490,30073.0,3.0,0,0,0,0,0,0,False,False,False,False,False,False,True,False,False,4,SUV,of_Origin_Japan,Subaru,Crosstrek,2024.0,31923.94,31923.94
6411,9846.0,2.0,0,0,0,0,0,0,False,True,False,False,False,False,False,True,False,6,SUV,of_Origin_USA,Buick,Enclave,2025.0,59731.445,59731.445
25744,147740.0,10.0,1,0,0,0,0,0,False,False,False,False,False,False,True,False,False,4,Sedan,of_Origin_Japan,Toyota,Camry,2017.0,14973.894,14973.894
8299,100000.0,4.0,0,0,0,0,0,0,False,False,False,False,False,False,True,False,False,6,Minivan,of_Origin_USA,Chrysler,Pacifica,2023.0,30430.01,30430.01
15304,55734.0,4.0,0,0,0,0,1,0,False,False,False,False,False,True,False,False,False,4,SUV,of_Origin_Japan,Lexus,RX,2023.0,47241.98,47241.98
8637,132212.0,3.0,0,0,0,0,0,0,False,False,False,False,False,False,True,False,False,6,Minivan,of_Origin_USA,Chrysler,Grand,2024.0,29504.135,29504.135
12784,89939.0,8.0,0,0,0,0,0,0,False,False,False,False,False,True,False,False,False,4,SUV,of_Origin_Japan,Infiniti,QX50,2019.0,18821.352,18821.352
34698,87615.0,7.0,0,0,0,0,0,1,False,False,False,False,False,False,True,False,False,4,SUV,of_Origin_Japan,Toyota,RAV,2020.0,35341.03,35341.03
6473,42306.0,5.0,0,0,0,0,0,0,False,False,False,False,False,False,False,True,False,4,SUV,of_Origin_USA,Buick,Encore,2022.0,26707.096,26707.096
37513,237000.0,11.0,0,0,0,0,0,0,True,False,False,False,False,False,True,False,False,4,Sedan,of_Origin_Japan,Honda,Civic,2016.0,9526.01,9526.01
29327,110536.0,8.0,0,0,0,0,0,0,False,False,False,False,False,False,False,False,False,4,SUV,of_Origin_South Korea,Hyundai,Santa,2019.0,17287.594,17287.594
10184,35713.0,4.0,0,0,0,0,0,0,False,False,False,False,False,False,False,True,False,8,Pickup Truck,of_Origin_USA,GMC,Sierra,2023.0,71519.53,71519.53
6441,41600.0,3.0,0,0,0,0,0,0,False,False,False,False,False,False,False,True,False,4,SUV,of_Origin_USA,Buick,Envista,2024.0,29368.215,29368.215
34145,98037.0,8.0,0,0,0,0,0,0,False,False,False,False,False,False,True,False,False,4,SUV,of_Origin_Japan,Honda,CR-V,2019.0,23805.646,23805.646
10970,98043.0,6.0,0,0,0,0,0,0,False,False,False,False,True,True,False,False,False,6,Sedan,of_Origin_South Korea,Genesis,G80,2021.0,30779.424,30779.424
10261,47585.0,3.0,1,0,1,0,0,0,False,False,False,False,False,False,False,True,False,4,SUV,of_Origin_USA,GMC,Terrain,2024.0,36598.695,36598.695
32260,249279.0,8.0,0,0,0,0,0,0,False,False,False,False,False,False,False,True,False,8,Pickup Truck,of_Origin_USA,GMC,Sierra,2019.0,21575.352,21575.352
21965,31508.0,3.0,0,1,1,0,0,0,False,False,False,False,False,False,True,False,False,4,SUV,of_Origin_Japan,Subaru,Crosstrek,2024.0,33315.098,33315.098
515,137009.0,9.0,0,0,0,0,0,0,False,False,False,False,False,True,False,False,False,4,SUV,baseline_value_here,BMW,X3,2018.0,19715.238,19715.238
17787,83795.0,3.0,0,0,0,0,0,0,False,False,False,False,False,False,True,False,False,4,SUV,of_Origin_Japan,Mazda,CX-5,2024.0,30797.492,30797.492
8941,13157.0,4.0,0,0,0,0,0,0,False,False,False,False,True,False,True,False,False,4,SUV,of_Origin_USA,Dodge,Hornet,2023.0,30559.219,30559.219
14007,164648.0,9.0,0,0,0,0,0,0,False,False,False,False,True,False,False,False,False,4,Hatchback,of_Origin_South Korea,Kia,Soul,2018.0,8778.045,8778.045
33573,75938.0,7.0,0,0,0,0,0,0,False,False,False,False,True,True,False,False,False,4,Sedan,of_Origin_Sweden,Volvo,S60,2020.0,27279.568,27279.568
7006,113459.0,5.0,0,0,0,0,0,0,False,False,False,False,False,True,False,False,False,4,SUV,of_Origin_USA,Cadillac,XT4,2022.0,30057.941,30057.941
11351,85838.0,7.0,0,0,0,0,0,1,False,False,False,False,False,False,True,False,False,4,Sedan,of_Origin_Japan,Honda,Accord,2020.0,23679.92,23679.92
3103,47980.0,10.0,0,0,0,0,0,0,False,False,False,False,True,False,True,False,False,6,Coupe,of_Origin_USA,Dodge,Challenger,2017.0,35931.32,35931.32
16224,12689.0,3.0,0,0,0,0,0,0,False,False,False,False,False,True,False,False,False,4,SUV,of_Origin_USA,Lincoln,Nautilus,2024.0,46780.82,46780.82
28180,108679.0,12.0,0,0,0,0,0,0,False,False,False,False,False,False,True,False,False,4,Sedan,of_Origin_Japan,Nissan,Versa,2015.0,8549.482,8549.482
36963,195000.0,9.0,0,0,0,0,0,0,False,False,False,False,False,False,True,False,False,baseline_value_here,baseline_value_here,of_Origin_USA,RAM,1500,2018.0,19967.26,19967.26
31951,108851.0,9.0,0,0,0,0,0,0,False,False,False,False,False,False,True,False,False,4,Sedan,of_Origin_Japan,Honda,Accord,2018.0,17335.16,17335.16
31515,49216.0,6.0,0,0,0,0,0,0,False,False,False,False,True,True,False,False,False,6,Sedan,of_Origin_South Korea,Genesis,G80,2021.0,29815.402,29815.402
13611,79014.0,4.0,0,0,0,0,0,0,False,False,False,False,False,False,True,False,False,6,SUV,of_Origin_USA,Jeep,Wrangler,2023.0,40436.934,40436.934
26165,139000.0,10.0,0,0,0,0,0,0,False,False,False,False,False,False,True,False,False,4,Sedan,of_Origin_Japan,Toyota,Corolla,2017.0,14601.588,14601.588
38741,63946.0,4.0,0,0,0,0,0,0,False,False,False,False,False,False,False,True,False,4,SUV,of_Origin_USA,Buick,Envision,2023.0,28102.328,28102.328
24799,166000.0,12.0,0,0,0,0,0,0,False,False,False,False,True,True,False,False,False,5,Sedan,of_Origin_Sweden,Volvo,S60,2015.0,11775.461,11775.461
7912,62762.0,5.0,0,0,0,0,0,0,False,False,False,False,False,False,False,False,False,4,SUV,of_Origin_USA,Chevrolet,Equinox,2022.0,27269.594,27269.594
2678,172000.0,7.0,0,0,0,0,0,0,False,False,False,False,False,False,True,False,False,4,Pickup Truck,of_Origin_Japan,Toyota,Tacoma,2020.0,33860.46,33860.46
36156,72583.0,12.0,0,0,0,0,0,0,False,False,False,False,True,True,False,False,False,6,Coupe,of_Origin_USA,Cadillac,ATS,2015.0,31353.219,31353.219
2431,153136.0,8.0,0,0,0,0,1,0,False,False,False,False,False,False,True,False,False,4,Sedan,of_Origin_Japan,Honda,Accord,2019.0,15820.514,15820.514
33754,20786.0,3.0,0,1,1,0,0,0,True,False,False,False,False,False,True,False,False,4,Hatchback,baseline_value_here,Volkswagen,Golf,2024.0,50091.277,50091.277
2038,185000.0,9.0,0,0,0,0,1,0,False,False,False,False,False,False,True,False,False,4,SUV,of_Origin_Japan,Subaru,Forester,2018.0,13174.466,13174.466
9362,64857.0,4.0,0,0,0,0,0,0,False,False,False,False,False,False,True,False,False,4,SUV,of_Origin_USA,Ford,Explorer,2023.0,30277.895,30277.895
17621,107678.0,11.0,0,0,0,0,1,0,False,False,False,False,False,False,True,False,False,4,Sedan,of_Origin_Japan,Mazda,Mazda3,2016.0,12569.75,12569.75
2978,88900.0,8.0,0,0,0,0,0,0,False,False,False,False,False,False,True,False,False,4,SUV,baseline_value_here,Volkswagen,Tiguan,2019.0,18781.752,18781.752
34465,58216.0,3.0,0,0,0,0,0,0,False,True,False,False,False,False,True,False,False,8,Pickup Truck,of_Origin_USA,Ford,F-250,2024.0,63903.035,63903.035
7790,70922.0,4.0,0,0,0,0,0,0,False,False,False,False,False,False,False,False,False,8,Pickup Truck,of_Origin_USA,Chevrolet,Silverado,2023.0,49316.426,49316.426
33076,75194.0,5.0,0,0,0,0,0,0,False,False,False,False,False,False,True,False,False,6,SUV,of_Origin_USA,Dodge,Durango,2022.0,39551.406,39551.406
16212,154050.0,7.0,0,0,0,0,0,0,False,False,False,False,False,True,False,False,False,4,SUV,of_Origin_USA,Lincoln,Nautilus,2020.0,22463.566,22463.566
2056,51435.0,5.0,0,0,0,0,0,0,False,False,False,False,False,False,True,False,False,4,Sedan,of_Origin_Japan,Honda,Civic,2022.0,25439.588,25439.588
25934,29780.0,2.0,0,0,0,0,0,1,False,False,False,False,False,False,True,False,False,4,Sedan,of_Origin_Japan,Toyota,Corolla,2025.0,36785.523,36785.523
25943,40426.0,6.0,0,0,0,0,0,0,False,False,False,False,True,False,True,False,False,4,SUV,of_Origin_Japan,Mazda,CX-9,2021.0,32132.578,32132.578
16787,499.0,1.0,0,0,0,0,0,0,False,False,False,False,False,True,False,False,False,6,SUV,of_Origin_USA,Lincoln,Aviator,2026.0,82057.836,82057.836
9581,26833.0,2.0,1,0,0,0,0,0,False,False,False,False,False,False,True,False,False,4,baseline_value_here,of_Origin_USA,Ford,Mustang,2025.0,41889.734,41889.734
16112,60423.0,4.0,0,0,0,0,0,0,False,False,False,False,False,True,False,False,False,6,SUV,of_Origin_USA,Lincoln,Aviator,2023.0,52254.68,52254.68
12947,181317.0,19.0,0,0,0,0,0,0,False,False,False,False,True,True,False,False,False,4,SUV,of_Origin_Japan,Infiniti,EX,2008.0,8239.7295,8239.7295
9375,170000.0,7.0,0,0,0,0,0,0,False,False,False,False,False,False,True,False,False,6,Pickup Truck,of_Origin_USA,Ford,F-150,2020.0,29367.969,29367.969
26317,272000.0,16.0,0,0,0,0,0,0,False,False,False,False,True,True,False,False,False,6,Sedan,of_Origin_USA,Cadillac,CTS,2011.0,4357.3057,4357.3057
24686,74560.0,8.0,0,1,0,0,0,0,False,False,False,False,False,True,False,False,False,4,SUV,of_Origin_Sweden,Volvo,XC60,2019.0,23801.729,23801.729
17223,28530.0,3.0,0,0,0,0,0,0,False,False,False,False,False,False,False,False,True,baseline_value_here,baseline_value_here,of_Origin_UK,MINI,3,2024.0,33953.67,33953.67
456,56126.0,3.0,0,0,0,0,0,1,False,False,False,False,False,True,False,False,False,4,SUV,of_Origin_Japan,Lexus,UX,2024.0,48256.73,48256.73
8094,64724.0,12.0,0,0,0,0,0,0,False,False,True,False,False,False,False,False,False,8,Coupe,of_Origin_USA,Chevrolet,Corvette,2015.0,53874.0,53874.0
19275,176623.0,7.0,0,0,0,0,0,0,False,False,False,False,False,False,False,False,False,4,Coupe,of_Origin_Japan,Mitsubishi,Eclipse,2020.0,14232.475,14232.475
4521,68637.0,4.0,0,0,0,0,0,0,False,False,False,False,False,True,False,False,False,6,SUV,baseline_value_here,Audi,Q7,2023.0,46240.855,46240.855
9107,188688.0,10.0,0,0,0,0,0,0,False,False,False,False,False,False,True,False,False,8,Sedan,of_Origin_USA,Dodge,Charger,2017.0,15724.369,15724.369
3954,72846.0,5.0,0,0,0,0,0,0,False,True,False,False,False,True,False,False,False,6,SUV,of_Origin_Japan,baseline_value_here,MDX,2022.0,44413.85,44413.85
12908,77176.0,4.0,0,0,0,0,0,0,False,False,False,False,False,True,False,False,False,6,SUV,of_Origin_Japan,Infiniti,QX60,2023.0,36902.95,36902.95
19468,91271.0,4.0,1,0,0,0,1,0,False,True,False,False,False,False,False,False,False,4,SUV,of_Origin_Japan,Mitsubishi,Outlander,2023.0,29657.45,29657.45
36152,109099.0,4.0,0,0,0,0,0,0,False,True,False,False,False,False,True,False,False,4,SUV,baseline_value_here,Volkswagen,Atlas,2023.0,33655.133,33655.133
37176,44519.0,4.0,1,0,0,0,1,0,False,False,True,False,False,False,True,False,False,6,SUV,of_Origin_Japan,Nissan,Pathfinder,2023.0,45997.99,45997.99
8310,59163.0,4.0,0,0,0,0,0,0,False,False,False,False,False,False,True,False,False,6,Minivan,of_Origin_USA,Chrysler,Grand,2023.0,34986.688,34986.688
13303,4538.0,2.0,0,0,0,0,0,0,False,False,False,False,False,False,True,False,False,6,SUV,of_Origin_USA,Jeep,Wrangler,2025.0,66159.17,66159.17
9396,18650.0,17.0,0,1,0,0,0,0,True,False,False,False,False,False,True,False,False,6,baseline_value_here,of_Origin_USA,Ford,Mustang,2010.0,51852.25,51852.25
33891,83862.0,7.0,0,0,0,0,0,0,False,False,False,False,True,True,False,False,False,4,Hatchback,baseline_value_here,Mercedes-Benz,A-Class,2020.0,17589.324,17589.324
13329,11218.0,3.0,0,0,0,0,0,0,False,False,False,False,False,False,True,False,False,6,SUV,of_Origin_USA,Jeep,Wrangler,2024.0,55394.31,55394.31
23056,81610.0,6.0,1,0,0,0,0,0,False,False,False,False,False,False,True,False,False,4,SUV,of_Origin_Japan,Toyota,C-HR,2021.0,29406.19,29406.19
21846,218958.0,7.0,0,0,0,0,0,0,False,True,False,False,False,False,True,False,False,4,SUV,of_Origin_Japan,Subaru,Outback,2020.0,15437.286,15437.286
11339,20171.0,3.0,0,0,0,0,1,0,False,False,False,False,False,False,True,False,False,4,SUV,of_Origin_Japan,Honda,CR-V,2024.0,34862.508,34862.508
25822,109096.0,10.0,0,0,0,0,0,0,False,False,False,False,False,False,True,False,False,6,SUV,of_Origin_USA,Ford,Explorer,2017.0,18552.732,18552.732
19342,35018.0,3.0,0,0,0,0,0,0,False,True,False,False,False,False,False,False,False,4,SUV,of_Origin_Japan,Mitsubishi,Outlander,2024.0,37459.92,37459.92
13087,1184.0,2.0,0,0,0,0,0,0,False,False,False,False,False,True,False,False,False,4,SUV,of_Origin_Japan,Infiniti,QX50,2025.0,52295.27,52295.27
7833,64813.0,3.0,1,0,0,0,0,0,False,False,False,False,False,False,False,False,False,8,Pickup Truck,of_Origin_USA,Chevrolet,Silverado,2024.0,49265.15,49265.15
23806,39283.0,2.0,0,0,0,0,0,0,False,False,False,False,False,False,True,False,False,4,SUV,baseline_value_here,Volkswagen,Taos,2025.0,31915.04,31915.04
2496,203000.0,9.0,0,0,0,0,0,0,False,False,False,False,False,False,False,False,False,8,Pickup Truck,of_Origin_USA,Chevrolet,Silverado,2018.0,20679.611,20679.611
26350,53288.0,3.0,0,0,0,0,0,0,False,False,False,False,False,False,True,False,False,4,SUV,of_Origin_Japan,Honda,CR-V,2024.0,33797.29,33797.29
7156,129702.0,10.0,0,0,0,0,0,0,False,False,False,False,False,True,False,False,False,4,SUV,of_Origin_USA,Cadillac,XT5,2017.0,18406.562,18406.562
2129,89000.0,8.0,0,0,0,0,0,0,False,False,False,False,False,False,True,False,False,4,Hatchback,of_Origin_Japan,Toyota,Corolla,2019.0,18797.783,18797.783
23714,139683.0,5.0,0,0,0,0,0,0,False,True,False,False,False,False,True,False,False,4,SUV,baseline_value_here,Volkswagen,Atlas,2022.0,26358.654,26358.654
35240,98000.0,19.0,0,0,0,0,0,0,True,False,False,False,False,False,True,False,False,4,Sedan,of_Origin_Japan,Mazda,Mazda3,2008.0,8997.551,8997.551
6321,57476.0,6.0,0,0,0,0,0,0,False,False,False,False,False,False,False,True,False,4,SUV,of_Origin_USA,Buick,Envision,2021.0,24767.506,24767.506
28522,167000.0,7.0,0,0,0,0,0,0,False,False,False,False,True,False,False,False,False,4,Hatchback,of_Origin_South Korea,Kia,Soul,2020.0,11616.579,11616.579
31067,79000.0,18.0,0,0,0,0,0,0,True,False,True,False,False,False,False,False,False,8,Coupe,of_Origin_USA,Chevrolet,Corvette,2009.0,50118.05,50118.05
9394,21737.0,4.0,0,0,0,0,0,1,False,False,False,False,False,False,True,False,False,4,SUV,of_Origin_USA,Ford,Escape,2023.0,23288.8,23288.8
24517,2424.0,1.0,0,0,0,0,0,0,False,False,False,False,False,True,False,False,False,4,SUV,of_Origin_Sweden,Volvo,XC90,2026.0,63255.754,63255.754
29198,69558.0,13.0,0,0,0,0,0,0,False,False,False,False,False,False,True,False,False,baseline_value_here,baseline_value_here,of_Origin_USA,RAM,1500,2014.0,24502.002,24502.002
6527,16631.0,3.0,0,0,0,0,0,0,False,False,False,False,False,False,False,True,False,4,SUV,of_Origin_USA,Buick,Encore,2024.0,30991.354,30991.354
24732,69806.0,5.0,0,0,0,0,0,0,False,False,False,False,False,True,False,False,False,4,SUV,of_Origin_Sweden,Volvo,XC60,2022.0,39965.766,39965.766
35838,92255.0,6.0,1,0,0,0,0,0,False,True,False,False,False,False,True,False,False,4,SUV,baseline_value_here,Volkswagen,Atlas,2021.0,30272.713,30272.713
16704,499.0,1.0,0,0,0,0,0,0,False,False,True,False,False,True,False,False,False,6,SUV,of_Origin_USA,Lincoln,Navigator,2026.0,127010.086,127010.086
571,9289.0,2.0,0,0,0,0,0,0,False,False,False,False,False,False,True,False,False,4,SUV,of_Origin_Japan,Nissan,Rogue,2025.0,26817.635,26817.635
27222,80177.0,5.0,0,0,0,0,0,0,False,False,False,False,False,False,False,False,False,4,SUV,of_Origin_USA,Chevrolet,Equinox,2022.0,21406.639,21406.639
34222,150513.0,15.0,0,0,0,0,0,0,False,False,False,False,False,False,True,False,False,4,SUV,of_Origin_Japan,Toyota,RAV,2012.0,11542.612,11542.612
11858,110016.0,4.0,0,0,0,0,0,0,False,False,False,False,False,False,False,False,False,4,Sedan,of_Origin_South Korea,Hyundai,Elantra,2023.0,18246.857,18246.857
11934,63330.0,7.0,0,0,0,0,0,0,False,False,False,False,False,False,False,False,False,4,Sedan,of_Origin_South Korea,Hyundai,Elantra,2020.0,17457.715,17457.715
23713,86096.0,3.0,0,0,0,0,0,0,False,False,False,False,False,False,True,False,False,4,SUV,baseline_value_here,Volkswagen,Taos,2024.0,25716.115,25716.115
35322,81922.0,19.0,0,0,0,0,0,0,False,False,False,False,False,False,True,False,False,6,Coupe,of_Origin_USA,Ford,Mustang,2008.0,24917.744,24917.744
18725,189923.0,9.0,0,0,0,0,0,0,False,False,False,False,False,True,False,False,False,6,Coupe,baseline_value_here,Mercedes-Benz,C-Class,2018.0,30029.676,30029.676
33734,73617.0,4.0,0,0,0,0,0,0,False,False,False,False,False,False,False,False,False,4,SUV,of_Origin_South Korea,Hyundai,Santa,2023.0,24664.076,24664.076
27070,252000.0,10.0,0,0,0,0,0,0,False,False,False,False,False,False,True,False,False,4,SUV,of_Origin_Japan,Honda,CR-V,2017.0,12125.398,12125.398
27377,66323.0,5.0,0,0,0,0,0,0,False,False,False,False,False,False,False,False,False,4,SUV,of_Origin_South Korea,Hyundai,Santa,2022.0,25034.072,25034.072
8135,200000.0,11.0,0,0,0,0,1,0,False,False,False,False,False,False,False,False,False,8,Pickup Truck,of_Origin_USA,Chevrolet,Silverado,2016.0,18904.492,18904.492
319,68000.0,6.0,0,0,0,0,0,0,False,True,False,False,False,True,False,False,False,4,SUV,baseline_value_here,Mercedes-Benz,GLE,2021.0,48068.453,48068.453
21893,248901.0,15.0,0,0,0,0,1,0,False,False,False,False,True,False,True,False,False,4,Sedan,of_Origin_Japan,Subaru,Legacy,2012.0,5552.7207,5552.7207
33569,85000.0,5.0,0,0,0,0,0,0,False,False,False,False,False,False,True,False,False,4,Pickup Truck,of_Origin_USA,Ford,Maverick,2022.0,35142.652,35142.652
33943,55669.0,6.0,0,0,0,0,0,0,False,False,False,False,False,False,True,False,False,6,SUV,of_Origin_Japan,Toyota,4-Runner,2021.0,40229.312,40229.312
27034,62492.0,3.0,0,0,0,0,0,0,False,False,False,False,False,False,False,False,False,4,SUV,of_Origin_South Korea,Kia,Sorento,2024.0,27939.803,27939.803
36224,37589.0,3.0,0,0,0,0,0,0,False,True,False,False,False,False,True,False,False,4,SUV,baseline_value_here,Volkswagen,Atlas,2024.0,46008.86,46008.86
7801,218499.0,6.0,0,0,0,0,0,0,False,False,False,False,False,False,False,False,False,4,SUV,of_Origin_USA,Chevrolet,Equinox,2021.0,11756.367,11756.367
23540,23813.0,1.0,0,0,0,0,0,0,False,False,False,False,False,False,True,False,False,4,SUV,baseline_value_here,Volkswagen,Tiguan,2026.0,36227.957,36227.957
36605,177000.0,12.0,0,0,0,0,0,0,False,False,False,False,False,False,True,False,False,4,Sedan,of_Origin_Japan,Mazda,Mazda3,2015.0,10136.607,10136.607
22105,15860.0,4.0,1,0,1,0,0,0,True,False,False,False,False,False,True,False,False,4,Coupe,of_Origin_Japan,Subaru,BRZ,2023.0,26493.729,26493.729
35736,50191.0,3.0,0,0,0,0,0,0,False,True,False,False,False,False,False,False,False,4,SUV,of_Origin_Japan,Mitsubishi,Outlander,2024.0,35931.51,35931.51
30739,69846.0,4.0,0,0,0,0,0,0,False,False,False,False,False,False,True,False,False,4,Sedan,of_Origin_Japan,Toyota,Corolla,2023.0,24919.984,24919.984
2392,41201.0,4.0,0,0,0,0,0,0,False,False,False,False,False,False,False,False,False,4,Sedan,of_Origin_South Korea,Hyundai,Elantra,2023.0,20233.252,20233.252
29099,29222.0,2.0,0,0,0,0,0,1,False,False,False,False,False,False,True,False,False,4,Sedan,of_Origin_Japan,Honda,Civic,2025.0,34076.348,34076.348
20485,52147.0,7.0,0,0,0,0,0,0,False,False,False,False,False,False,True,False,False,4,SUV,of_Origin_Japan,Nissan,Rogue,2020.0,20259.916,20259.916
17214,52735.0,3.0,0,0,0,0,0,0,False,False,False,False,False,False,False,False,True,baseline_value_here,baseline_value_here,of_Origin_UK,MINI,5,2024.0,30713.592,30713.592
37794,101432.0,15.0,0,1,0,1,0,0,False,False,False,False,True,True,False,False,False,baseline_value_here,baseline_value_here,baseline_value_here,BMW,1,2012.0,19415.252,19415.252
13929,96036.0,5.0,1,0,1,0,0,0,False,False,False,False,True,False,False,False,False,4,Sedan,of_Origin_South Korea,Kia,Forte,2022.0,18835.666,18835.666
12934,101078.0,6.0,0,0,0,0,0,0,False,True,False,False,False,True,False,False,False,8,SUV,of_Origin_Japan,Infiniti,QX80,2021.0,39411.184,39411.184
900,3238.0,2.0,0,0,0,0,0,0,True,True,False,False,False,False,True,False,False,4,Sedan,of_Origin_Japan,Subaru,WRX,2025.0,47447.6,47447.6
10896,221069.0,8.0,0,0,0,0,0,0,False,False,False,False,True,True,False,False,False,4,Sedan,of_Origin_South Korea,Genesis,G80,2019.0,18159.52,18159.52
18575,96209.0,6.0,0,1,0,0,0,0,False,True,False,False,False,True,False,False,False,4,SUV,baseline_value_here,Mercedes-Benz,GLE,2021.0,43081.906,43081.906
35795,33806.0,4.0,0,0,0,0,0,0,False,False,False,False,False,False,True,False,False,4,Sedan,baseline_value_here,Volkswagen,Jetta,2023.0,22821.537,22821.537
15450,29667.0,3.0,0,0,0,0,0,0,False,False,False,False,False,True,False,False,False,4,SUV,of_Origin_Japan,Lexus,NX,2024.0,53472.527,53472.527
37695,53365.0,12.0,0,0,0,0,0,0,False,False,False,False,True,False,True,False,False,6,Minivan,of_Origin_USA,Dodge,Grand,2015.0,10041.059,10041.059
2862,161475.0,7.0,0,0,0,0,0,0,False,False,False,False,False,False,False,False,False,4,SUV,of_Origin_South Korea,Kia,Sorento,2020.0,15393.219,15393.219
1230,19214.0,3.0,1,0,1,0,0,0,False,False,False,False,False,False,True,False,False,4,SUV,of_Origin_USA,Ford,Bronco,2024.0,27788.8,27788.8
7001,90529.0,6.0,0,1,0,0,0,0,False,False,False,False,False,True,False,False,False,4,SUV,of_Origin_USA,Cadillac,XT5,2021.0,30195.287,30195.287
36220,25834.0,3.0,0,0,0,0,0,0,False,False,False,False,False,False,True,False,False,4,SUV,of_Origin_Japan,Nissan,Kicks,2024.0,26163.883,26163.883
19318,48697.0,3.0,0,0,0,0,0,0,False,False,False,False,False,False,False,False,False,4,SUV,of_Origin_Japan,Mitsubishi,RVR,2024.0,24351.74,24351.74
31817,30843.0,2.0,0,0,0,0,0,0,False,False,False,False,False,False,False,False,False,4,SUV,of_Origin_South Korea,Hyundai,Kona,2025.0,29366.07,29366.07
33213,129869.0,5.0,0,0,0,0,0,0,False,False,False,False,False,False,False,False,False,4,SUV,of_Origin_USA,Chevrolet,Trailblazer,2022.0,19751.97,19751.97
27693,53861.0,5.0,0,0,0,0,0,1,False,False,False,False,False,False,True,False,False,4,SUV,of_Origin_USA,Jeep,Grand,2022.0,58001.5,58001.5
33153,191000.0,10.0,0,0,0,0,0,0,False,False,False,False,False,True,False,False,False,6,SUV,of_Origin_Japan,baseline_value_here,RDX,2017.0,16427.22,16427.22
34058,57208.0,3.0,0,0,0,0,0,0,False,False,False,False,False,False,True,False,False,6,SUV,of_Origin_USA,Dodge,Durango,2024.0,68915.57,68915.57
10043,85467.0,2.0,0,0,0,0,0,0,False,True,False,False,False,False,False,True,False,8,SUV,of_Origin_USA,GMC,Yukon,2025.0,103631.4,103631.4
36253,63447.0,5.0,0,0,1,0,0,0,False,False,False,False,False,False,True,False,False,4,SUV,of_Origin_Japan,Honda,CR-V,2022.0,29647.838,29647.838
9308,38043.0,3.0,0,0,0,0,0,0,False,True,False,False,False,False,True,False,False,8,Pickup Truck,of_Origin_USA,Ford,F-350,2024.0,70603.31,70603.31
33748,220000.0,9.0,0,0,0,0,0,0,False,False,False,False,False,False,False,False,False,4,SUV,of_Origin_South Korea,Kia,Sorento,2018.0,11098.846,11098.846
37014,44937.0,3.0,0,0,0,0,0,0,False,True,False,False,False,False,True,False,False,4,SUV,baseline_value_here,Volkswagen,Atlas,2024.0,42946.258,42946.258
20461,25255.0,3.0,1,0,0,0,0,0,False,False,False,False,False,False,True,False,False,4,SUV,of_Origin_Japan,Nissan,Rogue,2024.0,27190.996,27190.996
31281,499.0,1.0,0,0,0,0,0,1,False,False,False,False,False,False,True,False,False,6,Pickup Truck,of_Origin_USA,Ford,F-150,2026.0,94931.93,94931.93
3926,13398.0,3.0,0,0,0,0,1,0,False,False,False,False,False,True,False,False,False,4,SUV,of_Origin_Japan,baseline_value_here,RDX,2024.0,44528.477,44528.477
22828,53782.0,5.0,0,0,0,0,0,1,False,False,False,False,False,False,True,False,False,4,SUV,of_Origin_Japan,Toyota,RAV,2022.0,37562.66,37562.66
27664,300.0,1.0,0,0,0,0,0,1,False,False,False,False,False,False,True,False,False,4,SUV,of_Origin_Japan,Honda,CR-V,2026.0,51829.53,51829.53
31822,18961.0,4.0,0,0,0,0,0,0,False,False,False,False,False,False,True,False,False,4,Sedan,of_Origin_Japan,Toyota,Corolla,2023.0,25775.406,25775.406
29759,94275.0,21.0,0,0,0,0,0,0,False,False,False,False,False,False,True,False,False,4,baseline_value_here,of_Origin_Japan,Mazda,MX-5,2006.0,16692.324,16692.324
25342,93120.0,6.0,0,0,0,0,0,0,False,True,False,False,False,True,False,False,False,4,SUV,baseline_value_here,Mercedes-Benz,GLE,2021.0,51246.785,51246.785
8614,125101.0,10.0,0,0,0,0,0,0,False,False,False,False,False,False,True,False,False,6,Minivan,of_Origin_USA,Chrysler,Pacifica,2017.0,19276.016,19276.016
30744,24202.0,5.0,1,0,0,1,0,0,False,False,False,False,False,True,False,False,False,4,SUV,baseline_value_here,Mercedes-Benz,GLB,2022.0,35815.65,35815.65
9335,27708.0,2.0,0,0,0,0,0,0,False,False,False,False,False,False,True,False,False,6,Pickup Truck,of_Origin_USA,Ford,F-150,2025.0,69972.07,69972.07
20991,6266.0,2.0,0,0,0,0,0,0,False,False,False,False,False,False,True,False,False,baseline_value_here,baseline_value_here,of_Origin_USA,RAM,1500,2025.0,68757.305,68757.305
2562,91436.0,6.0,0,0,0,0,0,0,False,False,False,False,False,False,True,False,False,4,Sedan,of_Origin_Japan,Honda,Civic,2021.0,22062.77,22062.77
33810,139647.0,12.0,0,0,0,0,0,0,True,False,False,False,False,False,True,False,False,4,Sedan,of_Origin_Japan,Honda,Civic,2015.0,12648.906,12648.906
1995,129350.0,9.0,0,0,0,0,0,0,False,False,False,False,False,True,False,False,False,6,Coupe,baseline_value_here,Mercedes-Benz,C-Class,2018.0,32836.383,32836.383
15527,36510.0,3.0,0,0,1,0,0,1,False,False,False,False,False,True,False,False,False,4,SUV,of_Origin_Japan,Lexus,TX,2024.0,47751.73,47751.73
36169,135151.0,7.0,0,0,0,0,0,0,False,False,False,False,False,False,True,False,False,6,Pickup Truck,of_Origin_USA,Ford,F-150,2020.0,29577.957,29577.957
2797,56750.0,5.0,0,0,0,0,0,0,False,False,False,False,False,False,True,False,False,4,Sedan,of_Origin_Japan,Honda,Civic,2022.0,25408.258,25408.258
32699,34964.0,3.0,0,0,0,0,0,0,False,False,False,False,False,False,True,False,False,4,SUV,of_Origin_Japan,Nissan,Kicks,2024.0,26096.441,26096.441
28411,182365.0,8.0,0,0,0,0,0,0,False,False,False,False,False,False,False,False,False,4,SUV,of_Origin_USA,Chevrolet,Trax,2019.0,13056.888,13056.888
34995,139000.0,10.0,0,0,0,0,0,0,False,False,False,False,True,False,True,False,False,4,Sedan,of_Origin_USA,Ford,Fusion,2017.0,12121.264,12121.264
18527,105000.0,7.0,0,0,0,0,0,0,False,True,False,False,False,True,False,False,False,4,SUV,baseline_value_here,Mercedes-Benz,GLE,2020.0,41495.918,41495.918
34152,125000.0,14.0,0,0,0,0,0,0,False,False,False,False,False,False,False,False,False,4,Sedan,of_Origin_South Korea,Hyundai,Elantra,2013.0,7252.503,7252.503
30569,499.0,1.0,0,0,0,0,0,1,False,False,False,False,False,False,True,False,False,6,Pickup Truck,of_Origin_USA,Ford,F-150,2026.0,94931.93,94931.93
31576,73865.0,5.0,0,0,0,0,0,0,False,False,False,False,False,False,True,False,False,4,SUV,baseline_value_here,Volkswagen,Tiguan,2022.0,24158.607,24158.607
12997,184000.0,13.0,0,0,0,0,0,0,False,False,False,False,True,True,False,False,False,6,Sedan,of_Origin_Japan,Infiniti,Q50,2014.0,10667.252,10667.252
1032,57824.0,5.0,0,0,0,0,0,0,False,False,False,False,False,False,True,False,False,6,Pickup Truck,of_Origin_USA,Ford,F-150,2022.0,47258.902,47258.902
15592,312234.0,10.0,0,0,0,0,0,0,False,False,False,False,False,True,False,False,False,4,SUV,of_Origin_Japan,Lexus,RX,2017.0,14798.414,14798.414
8392,49914.0,2.0,0,0,0,0,0,0,False,False,False,False,False,False,True,False,False,6,Minivan,of_Origin_USA,Chrysler,Pacifica,2025.0,39886.883,39886.883
32821,91160.0,8.0,1,0,0,0,1,0,False,False,False,False,False,False,True,False,False,4,SUV,of_Origin_Japan,Mazda,CX-5,2019.0,23394.576,23394.576
11111,58685.0,5.0,0,0,0,0,0,0,False,False,False,False,False,False,True,False,False,4,SUV,of_Origin_Japan,Honda,CR-V,2022.0,31174.736,31174.736
17650,58800.0,6.0,1,0,0,0,0,0,False,False,False,False,False,False,True,False,False,4,SUV,of_Origin_Japan,Mazda,CX-5,2021.0,25792.047,25792.047
27346,116394.0,10.0,0,0,0,0,0,0,False,False,False,False,False,False,True,False,False,6,SUV,of_Origin_USA,Jeep,Wrangler,2017.0,20522.129,20522.129
1087,75615.0,11.0,0,0,0,0,0,0,False,False,False,False,False,True,False,False,False,6,Sedan,baseline_value_here,Mercedes-Benz,E-Class,2016.0,21833.979,21833.979
800,62139.0,5.0,0,1,0,0,0,0,False,False,False,False,False,True,False,False,False,4,Hatchback,baseline_value_here,Audi,A5,2022.0,34777.37,34777.37
17758,23980.0,5.0,0,0,1,0,0,0,False,False,False,False,False,False,True,False,False,4,SUV,of_Origin_Japan,Mazda,CX-5,2022.0,31412.158,31412.158
27249,114428.0,6.0,0,0,0,0,0,0,False,False,False,False,False,False,True,False,False,4,SUV,of_Origin_Japan,Nissan,Rogue,2021.0,18756.902,18756.902
12984,41694.0,5.0,0,0,0,0,0,0,False,False,False,False,False,True,False,False,False,4,SUV,of_Origin_Japan,Infiniti,QX55,2022.0,30114.795,30114.795
482,63200.0,7.0,0,0,0,0,0,0,False,False,False,False,False,False,True,False,False,4,Hatchback,baseline_value_here,Volkswagen,Golf,2020.0,24211.195,24211.195
12758,24816.0,3.0,0,0,0,0,0,0,False,False,False,False,False,True,False,False,False,6,SUV,of_Origin_Japan,Infiniti,QX60,2024.0,48089.04,48089.04
9037,75568.0,3.0,0,0,0,0,0,0,False,False,False,False,False,False,True,False,False,6,SUV,of_Origin_USA,Dodge,Durango,2024.0,48814.445,48814.445
6328,36653.0,3.0,0,0,0,0,0,0,False,False,False,False,False,False,False,True,False,4,SUV,of_Origin_USA,Buick,Encore,2024.0,27920.94,27920.94
11055,67313.0,10.0,0,0,0,0,0,0,False,False,True,False,False,False,True,False,False,6,SUV,of_Origin_Japan,Honda,Pilot,2017.0,30740.514,30740.514
29369,112330.0,13.0,0,0,0,0,0,0,False,False,False,False,True,False,True,False,False,4,Hatchback,of_Origin_Japan,Toyota,Matrix,2014.0,12324.702,12324.702
15464,146273.0,7.0,0,0,0,0,0,0,False,False,False,False,False,True,False,False,False,4,SUV,of_Origin_Japan,Lexus,RX,2020.0,31562.871,31562.871
17806,28673.0,4.0,0,0,0,0,0,0,False,False,False,False,False,False,True,False,False,4,SUV,of_Origin_Japan,Mazda,CX-5,2023.0,34489.055,34489.055
4385,152000.0,7.0,0,0,0,0,0,0,False,False,False,False,False,True,False,False,False,4,SUV,baseline_value_here,Audi,Q5,2020.0,21011.205,21011.205
29544,602.0,1.0,0,0,0,0,0,0,False,False,False,False,False,False,True,False,False,4,SUV,of_Origin_USA,Ford,Bronco,2026.0,41854.49,41854.49
11141,20935.0,3.0,0,1,0,0,0,0,False,True,False,False,False,False,True,False,False,6,Minivan,of_Origin_Japan,Honda,Odyssey,2024.0,48945.953,48945.953
33038,37800.0,2.0,0,0,0,0,0,0,False,False,False,False,False,False,True,False,False,4,Sedan,baseline_value_here,Volkswagen,Jetta,2025.0,25025.129,25025.129
1021,118950.0,12.0,0,0,0,0,0,0,False,False,False,False,False,True,False,False,False,6,SUV,baseline_value_here,Audi,Q7,2015.0,17965.023,17965.023
23065,26051.0,2.0,0,0,0,0,0,0,False,False,False,False,False,False,True,False,False,4,SUV,of_Origin_Japan,Toyota,RAV,2025.0,40629.12,40629.12
31010,85905.0,4.0,1,1,0,0,1,0,False,False,False,False,False,False,False,False,False,4,Sedan,of_Origin_South Korea,Hyundai,Elantra,2023.0,19587.254,19587.254
20179,127000.0,5.0,0,0,0,0,0,0,False,False,True,False,False,False,True,False,False,6,SUV,of_Origin_Japan,Nissan,Pathfinder,2022.0,28787.482,28787.482
15439,69700.0,7.0,0,0,0,0,0,1,False,False,False,False,False,True,False,False,False,4,SUV,of_Origin_Japan,Lexus,UX,2020.0,30836.705,30836.705
37975,21419.0,3.0,0,0,0,0,0,0,False,False,False,False,False,False,True,False,False,4,SUV,of_Origin_Japan,Subaru,Crosstrek,2024.0,29655.646,29655.646
4577,78462.0,4.0,0,0,0,0,0,0,False,False,False,False,True,True,False,False,False,4,Sedan,baseline_value_here,Audi,A4,2023.0,31609.057,31609.057
8536,24559.0,3.0,0,0,1,0,0,0,False,False,False,False,False,False,True,False,False,6,Minivan,of_Origin_USA,Chrysler,Pacifica,2024.0,43590.47,43590.47
21810,39142.0,4.0,0,0,0,0,0,0,False,False,False,False,True,False,True,False,False,4,SUV,of_Origin_Japan,Subaru,Ascent,2023.0,36675.723,36675.723
12969,122000.0,10.0,1,0,0,0,0,0,False,False,False,False,True,True,False,False,False,4,SUV,of_Origin_Japan,Infiniti,QX30,2017.0,15387.482,15387.482
37240,77800.0,19.0,0,0,0,0,0,0,True,False,False,False,False,False,True,False,False,6,Coupe,of_Origin_USA,Ford,Mustang,2008.0,35745.312,35745.312
20556,35017.0,4.0,1,0,0,0,1,0,False,False,False,False,False,False,True,False,False,4,SUV,of_Origin_Japan,Nissan,Rogue,2023.0,27184.408,27184.408
34242,154000.0,12.0,0,0,0,0,0,0,False,False,False,False,True,True,False,False,False,8,Sedan,baseline_value_here,Mercedes-Benz,CLS-Class,2015.0,42346.074,42346.074
30112,16212.0,4.0,0,0,0,0,0,0,False,False,False,False,False,False,True,False,False,4,SUV,of_Origin_USA,Jeep,Cherokee,2023.0,28019.254,28019.254
19295,38694.0,5.0,0,0,0,0,0,0,False,True,False,False,False,False,False,False,False,4,SUV,of_Origin_Japan,Mitsubishi,Outlander,2022.0,29743.145,29743.145
5656,58395.0,3.0,0,0,0,0,0,0,False,False,False,False,False,True,False,False,False,baseline_value_here,baseline_value_here,baseline_value_here,BMW,3,2024.0,49483.33,49483.33
25696,57500.0,3.0,0,1,0,0,0,0,False,True,False,False,False,False,True,False,False,4,SUV,baseline_value_here,Volkswagen,Atlas,2024.0,44816.836,44816.836
32970,57689.0,2.0,0,0,0,0,0,1,False,False,False,False,False,False,True,False,False,4,Sedan,of_Origin_Japan,Honda,Civic,2025.0,34129.125,34129.125
29734,130808.0,8.0,0,0,0,0,0,0,False,False,False,False,False,False,True,False,False,4,SUV,of_Origin_USA,Jeep,Cherokee,2019.0,18822.29,18822.29
16273,59602.0,5.0,0,0,0,0,0,0,False,False,False,False,False,True,False,False,False,4,SUV,of_Origin_USA,Lincoln,Nautilus,2022.0,34212.918,34212.918
19477,167209.0,16.0,0,0,0,0,1,0,False,True,False,False,False,False,False,False,False,4,SUV,of_Origin_Japan,Mitsubishi,Outlander,2011.0,6510.3105,6510.3105
2660,140690.0,10.0,0,0,0,0,0,0,False,False,False,False,False,False,True,False,False,4,Sedan,of_Origin_Japan,Subaru,Impreza,2017.0,13384.762,13384.762
3105,43630.0,7.0,0,0,0,0,0,0,False,False,False,False,False,False,False,False,False,4,SUV,of_Origin_South Korea,Hyundai,Santa,2020.0,23550.697,23550.697
12666,9598.0,2.0,0,0,0,0,0,0,False,True,False,False,False,True,False,False,False,8,SUV,of_Origin_Japan,Infiniti,QX80,2025.0,112356.984,112356.984
37554,132994.0,17.0,0,0,0,0,0,0,False,False,False,False,False,False,True,False,False,4,SUV,baseline_value_here,Volkswagen,Tiguan,2010.0,7434.3774,7434.3774
30503,167500.0,13.0,0,0,0,0,0,0,False,False,False,False,False,False,True,False,False,6,Pickup Truck,of_Origin_USA,Ford,F-150,2014.0,16646.574,16646.574
32995,25076.0,2.0,0,0,0,0,0,0,False,False,False,False,False,False,True,False,False,4,Pickup Truck,of_Origin_Japan,Toyota,Tacoma,2025.0,51326.875,51326.875
20330,94000.0,5.0,0,0,0,0,0,0,False,False,False,False,False,False,True,False,False,4,Sedan,of_Origin_Japan,Nissan,Sentra,2022.0,17399.875,17399.875
10099,31600.0,2.0,0,0,0,0,0,0,False,False,False,False,False,False,False,True,False,8,Pickup Truck,of_Origin_USA,GMC,Sierra,2025.0,60987.65,60987.65
5718,78161.0,7.0,0,0,0,0,0,0,False,False,False,False,False,True,False,False,False,baseline_value_here,baseline_value_here,baseline_value_here,BMW,3,2020.0,42892.055,42892.055
6210,262472.0,10.0,0,0,0,0,1,0,False,False,False,False,False,False,False,True,False,4,SUV,of_Origin_USA,Buick,Encore,2017.0,8327.013,8327.013
26183,61841.0,5.0,0,0,0,0,0,0,False,False,False,False,False,True,False,False,False,4,SUV,baseline_value_here,BMW,X3,2022.0,40564.58,40564.58
27563,95000.0,10.0,0,0,0,0,0,0,True,False,False,False,False,False,True,False,False,4,Hatchback,baseline_value_here,Volkswagen,Golf,2017.0,18271.717,18271.717
24990,21055.0,4.0,0,0,0,0,0,0,False,False,False,False,False,False,True,False,False,baseline_value_here,baseline_value_here,of_Origin_USA,RAM,1500,2023.0,42786.07,42786.07
36869,206770.0,14.0,0,0,0,0,0,0,False,False,False,False,True,False,True,False,False,6,Minivan,of_Origin_USA,Chrysler,Town,2013.0,7700.4053,7700.4053
1448,11021.0,1.0,0,0,0,0,0,0,False,False,False,False,False,False,False,False,False,8,Pickup Truck,of_Origin_USA,Chevrolet,Silverado,2026.0,65942.28,65942.28
28777,18386.0,2.0,0,0,0,0,0,0,False,True,False,False,False,True,False,False,False,6,SUV,of_Origin_Japan,baseline_value_here,MDX,2025.0,62296.14,62296.14
10029,127522.0,12.0,0,0,0,0,0,0,False,True,False,False,False,False,False,True,False,8,SUV,of_Origin_USA,GMC,Yukon,2015.0,29787.574,29787.574
29669,30363.0,3.0,0,0,0,0,0,0,False,False,False,False,False,True,False,False,False,4,SUV,baseline_value_here,Audi,Q5,2024.0,43599.51,43599.51
32858,38074.0,2.0,0,0,0,0,0,0,False,False,False,False,False,True,False,False,False,4,SUV,baseline_value_here,Audi,Q3,2025.0,43010.6,43010.6
8909,39752.0,3.0,0,0,0,0,0,0,False,False,False,False,False,False,True,False,False,6,SUV,of_Origin_USA,Dodge,Durango,2024.0,57834.18,57834.18
25887,16504.0,2.0,0,0,0,0,0,0,False,True,False,False,False,False,False,False,False,6,SUV,of_Origin_South Korea,Hyundai,Palisade,2025.0,61727.668,61727.668
33776,123000.0,7.0,0,0,0,0,0,0,False,False,False,False,False,False,True,False,False,4,Sedan,of_Origin_Japan,Toyota,Corolla,2020.0,19791.01,19791.01
6603,170015.0,14.0,0,0,0,0,0,0,False,False,False,False,True,False,False,True,False,4,Sedan,of_Origin_USA,Buick,Verano,2013.0,5122.9136,5122.9136
18435,162215.0,12.0,0,0,0,0,1,0,False,False,False,False,False,True,False,False,False,4,Sedan,baseline_value_here,Mercedes-Benz,C-Class,2015.0,13707.505,13707.505
2939,163655.0,7.0,0,0,0,0,0,0,False,False,False,False,False,False,False,True,False,8,Pickup Truck,of_Origin_USA,GMC,Sierra,2020.0,36136.434,36136.434
12186,314572.0,16.0,0,0,0,0,0,0,False,False,False,False,False,False,False,False,False,4,SUV,of_Origin_South Korea,Hyundai,Santa,2011.0,2507.6943,2507.6943
27817,83772.0,4.0,0,0,0,0,0,0,False,False,False,False,True,False,False,False,False,4,Sedan,of_Origin_South Korea,Kia,Forte,2023.0,19043.635,19043.635
2963,191653.0,9.0,0,0,0,0,0,1,False,False,False,False,False,False,True,False,False,6,Minivan,of_Origin_USA,Chrysler,Pacifica,2018.0,18725.758,18725.758
19283,203343.0,8.0,0,0,0,0,0,0,False,True,False,False,False,False,False,False,False,4,SUV,of_Origin_Japan,Mitsubishi,Outlander,2019.0,12109.414,12109.414
13503,11809.0,2.0,0,1,0,0,0,0,False,False,False,False,False,False,True,False,False,6,SUV,of_Origin_USA,Jeep,Grand,2025.0,49225.12,49225.12
13379,576.0,2.0,0,0,0,0,0,0,False,False,False,False,False,False,True,False,False,6,SUV,of_Origin_USA,Jeep,Grand,2025.0,66215.22,66215.22
16455,30054.0,2.0,0,0,0,0,0,1,False,False,False,False,False,True,False,False,False,4,SUV,of_Origin_USA,Lincoln,Corsair,2025.0,51230.316,51230.316
22130,130710.0,8.0,0,0,0,0,0,0,False,False,False,False,False,False,True,False,False,4,Sedan,of_Origin_Japan,Subaru,Impreza,2019.0,17088.35,17088.35
38024,236000.0,12.0,0,0,0,0,0,0,False,False,True,False,False,True,False,False,False,6,Coupe,baseline_value_here,BMW,M4,2015.0,27485.941,27485.941
4247,56445.0,4.0,0,0,0,0,0,0,False,False,False,False,False,True,False,False,False,4,SUV,of_Origin_Japan,baseline_value_here,RDX,2023.0,41148.266,41148.266
15590,46301.0,3.0,0,0,0,0,1,1,False,False,False,False,False,True,False,False,False,4,SUV,of_Origin_Japan,Lexus,UX,2024.0,54940.71,54940.71
25288,61468.0,3.0,1,0,0,0,0,0,False,False,False,False,False,False,True,False,False,4,SUV,of_Origin_Japan,Toyota,RAV,2024.0,34580.965,34580.965
572,31261.0,3.0,0,0,0,0,0,0,False,False,False,False,False,True,False,False,False,4,SUV,baseline_value_here,BMW,X3,2024.0,46269.742,46269.742
35851,33706.0,3.0,0,0,0,0,0,0,False,False,False,False,False,False,True,False,False,4,Sedan,of_Origin_Japan,Nissan,Versa,2024.0,19806.484,19806.484
19523,86899.0,5.0,0,0,0,0,0,0,False,True,False,False,False,False,False,False,False,4,SUV,of_Origin_Japan,Mitsubishi,Outlander,2022.0,27415.338,27415.338
19393,82950.0,9.0,0,0,0,0,0,0,False,True,False,False,False,False,False,False,False,4,SUV,of_Origin_Japan,Mitsubishi,Outlander,2018.0,18437.457,18437.457
31890,300.0,1.0,0,0,0,0,0,1,False,False,False,False,False,False,True,False,False,4,Sedan,of_Origin_Japan,Honda,Civic,2026.0,43238.91,43238.91
36313,114850.0,7.0,0,0,0,0,1,0,False,False,False,False,False,False,True,False,False,4,Pickup Truck,of_Origin_Japan,Toyota,Tacoma,2020.0,39818.195,39818.195
31174,63119.0,5.0,0,0,0,0,0,0,False,False,False,False,False,False,True,False,False,4,SUV,of_Origin_Japan,Honda,HR-V,2022.0,29521.264,29521.264
7954,66099.0,6.0,0,0,0,0,0,0,False,False,False,False,True,False,False,False,False,4,Sedan,of_Origin_USA,Chevrolet,Malibu,2021.0,21053.725,21053.725
37269,24041.0,3.0,0,0,0,0,0,1,False,False,False,False,False,False,True,False,False,4,SUV,of_Origin_Japan,Honda,CR-V,2024.0,42593.27,42593.27
36439,40000.0,9.0,0,0,0,0,0,0,False,False,True,False,False,False,False,False,False,8,Coupe,of_Origin_USA,Chevrolet,Corvette,2018.0,82564.84,82564.84
17814,48041.0,4.0,0,1,1,0,0,0,False,False,False,False,False,False,True,False,False,4,Sedan,of_Origin_Japan,Mazda,Mazda3,2023.0,27535.951,27535.951
19625,134599.0,9.0,0,0,0,0,0,0,False,False,False,False,True,False,False,False,False,3,Hatchback,of_Origin_Japan,Mitsubishi,Mirage,2018.0,7490.2705,7490.2705
19294,38292.0,3.0,0,0,0,0,0,0,False,True,False,False,False,False,False,False,False,4,SUV,of_Origin_Japan,Mitsubishi,Outlander,2024.0,37372.117,37372.117
6404,82775.0,7.0,0,0,0,0,0,0,False,False,False,False,False,False,False,True,False,4,SUV,of_Origin_USA,Buick,Encore,2020.0,19862.477,19862.477
25951,92878.0,5.0,0,0,0,0,0,0,False,False,False,False,False,False,True,False,False,4,SUV,baseline_value_here,Volkswagen,Taos,2022.0,24003.182,24003.182
36947,113922.0,3.0,0,0,0,0,0,1,False,False,False,False,False,False,True,False,False,4,Sedan,of_Origin_Japan,Honda,Accord,2024.0,28947.453,28947.453
33863,26759.0,3.0,0,0,0,0,0,1,False,False,False,False,False,False,True,False,False,4,SUV,of_Origin_Japan,Honda,CR-V,2024.0,42781.547,42781.547
35453,20075.0,4.0,0,0,1,0,0,0,False,False,False,False,False,False,True,False,False,4,Sedan,of_Origin_Japan,Toyota,Camry,2023.0,26691.523,26691.523
22057,25756.0,3.0,0,0,0,0,0,0,False,False,False,False,False,False,True,False,False,4,SUV,of_Origin_Japan,Subaru,Crosstrek,2024.0,33133.676,33133.676
731,58819.0,3.0,0,0,0,0,0,0,False,True,False,False,False,False,True,False,False,4,SUV,baseline_value_here,Volkswagen,Atlas,2024.0,45139.12,45139.12
32363,29167.0,3.0,0,0,1,0,0,0,False,False,False,False,False,False,True,False,False,4,SUV,of_Origin_Japan,Honda,HR-V,2024.0,34528.848,34528.848
8715,256659.0,12.0,0,0,0,0,1,0,False,False,False,False,True,False,True,False,False,4,SUV,of_Origin_USA,Dodge,Journey,2015.0,4302.058,4302.058
10872,5000.0,1.0,0,0,0,0,0,0,False,True,False,False,False,True,False,False,False,6,SUV,of_Origin_South Korea,Genesis,GV80,2026.0,96600.805,96600.805
23781,133896.0,7.0,1,0,0,0,0,0,False,False,False,False,False,False,True,False,False,4,SUV,baseline_value_here,Volkswagen,Tiguan,2020.0,18083.035,18083.035
17961,162763.0,15.0,0,0,0,0,0,0,False,False,False,False,False,False,True,False,False,4,Sedan,of_Origin_Japan,Mazda,Mazda3,2012.0,7138.824,7138.824
37436,206000.0,17.0,0,0,0,0,0,0,False,False,False,False,True,False,True,False,False,4,Pickup Truck,of_Origin_Japan,Mazda,B-Series,2010.0,6396.4893,6396.4893
4137,15303.0,3.0,1,0,1,0,0,0,False,False,False,False,False,True,False,False,False,4,Hatchback,of_Origin_Japan,baseline_value_here,Integra,2024.0,41515.355,41515.355
28505,89056.0,4.0,0,1,1,0,0,0,False,False,False,False,False,False,True,False,False,4,SUV,of_Origin_Japan,Toyota,RAV,2023.0,31212.312,31212.312
11371,6647.0,2.0,0,0,0,0,0,0,False,False,False,False,False,False,True,False,False,4,Sedan,of_Origin_Japan,Honda,Civic,2025.0,31139.365,31139.365
19378,146220.0,12.0,0,0,0,0,0,0,True,False,False,False,True,False,False,False,False,4,Sedan,of_Origin_Japan,Mitsubishi,Lancer,2015.0,10998.679,10998.679
1558,127244.0,9.0,0,0,0,0,0,0,False,False,False,False,False,False,True,False,False,6,Minivan,of_Origin_Japan,Toyota,Sienna,2018.0,29540.342,29540.342
33369,60000.0,5.0,0,1,0,0,0,0,False,True,False,False,False,False,True,False,False,6,Pickup Truck,of_Origin_Japan,Honda,Ridgeline,2022.0,38443.293,38443.293
8797,65905.0,2.0,0,0,0,0,0,0,False,False,False,False,False,False,True,False,False,6,SUV,of_Origin_USA,Dodge,Durango,2025.0,47007.22,47007.22
8769,5300.0,1.0,0,0,0,0,0,0,False,False,False,False,False,False,True,False,False,6,SUV,of_Origin_USA,Dodge,Durango,2026.0,57712.223,57712.223
13839,9943.0,2.0,0,0,0,0,0,1,False,False,False,False,False,False,False,False,False,4,SUV,of_Origin_South Korea,Kia,Sorento,2025.0,44425.914,44425.914
29950,256498.0,8.0,0,0,0,0,0,0,False,False,False,False,False,False,True,False,False,6,Pickup Truck,of_Origin_USA,Ford,F-150,2019.0,21205.615,21205.615
19587,99812.0,5.0,0,0,0,0,0,0,False,False,False,False,False,False,False,False,False,4,SUV,of_Origin_Japan,Mitsubishi,RVR,2022.0,20537.76,20537.76
16501,66000.0,4.0,0,0,0,0,0,0,False,False,False,False,False,True,False,False,False,6,SUV,of_Origin_USA,Lincoln,Aviator,2023.0,50879.082,50879.082
33750,81755.0,6.0,0,0,0,0,0,1,False,False,False,False,False,False,True,False,False,4,SUV,of_Origin_Japan,Toyota,RAV,2021.0,37065.57,37065.57
13019,274000.0,19.0,0,0,0,0,0,0,False,False,False,False,True,True,False,False,False,6,Sedan,of_Origin_Japan,Infiniti,G,2008.0,6779.806,6779.806
46,73303.0,8.0,0,0,0,1,0,0,False,False,False,False,False,False,True,False,False,4,Sedan,of_Origin_Japan,Mazda,Mazda3,2019.0,19888.854,19888.854
30477,120011.0,9.0,0,0,0,0,0,0,False,False,False,False,False,False,False,False,False,4,SUV,of_Origin_South Korea,Hyundai,Kona,2018.0,15536.143,15536.143
35046,109075.0,11.0,0,0,0,0,0,0,False,False,False,False,False,False,True,False,False,4,SUV,of_Origin_Japan,Honda,CR-V,2016.0,17232.309,17232.309
10780,101230.0,4.0,0,0,1,0,1,0,False,False,False,False,False,True,False,False,False,4,Sedan,of_Origin_South Korea,Genesis,G70,2023.0,36344.883,36344.883
13383,6514.0,2.0,0,0,0,0,0,0,False,False,False,False,False,False,True,False,False,4,SUV,of_Origin_USA,Jeep,Compass,2025.0,34177.863,34177.863
38007,61223.0,5.0,0,0,0,0,0,0,False,False,False,False,False,True,False,False,False,4,SUV,of_Origin_Japan,Infiniti,QX55,2022.0,31108.816,31108.816
27926,37800.0,2.0,0,0,0,0,0,0,False,False,False,False,False,True,False,False,False,6,Coupe,baseline_value_here,Audi,A5,2025.0,45551.836,45551.836
33816,80278.0,7.0,0,0,0,0,0,0,False,False,False,False,False,True,False,False,False,4,SUV,baseline_value_here,BMW,X1,2020.0,27579.564,27579.564
17363,193868.0,8.0,0,0,0,0,0,1,False,False,False,False,False,False,False,False,True,4,SUV,of_Origin_UK,MINI,Countryman,2019.0,13654.113,13654.113
23050,118746.0,9.0,0,0,0,0,0,0,False,False,False,False,False,False,True,False,False,4,Sedan,of_Origin_Japan,Toyota,Corolla,2018.0,17741.238,17741.238
31270,209635.0,21.0,0,0,0,0,0,0,True,False,False,False,False,True,False,False,False,baseline_value_here,baseline_value_here,baseline_value_here,BMW,3,2006.0,1000.5494,1000.5494
8398,3071.0,1.0,0,0,0,0,0,0,False,False,False,False,False,False,True,False,False,6,Minivan,of_Origin_USA,Chrysler,Pacifica,2026.0,61317.85,61317.85
27540,196400.0,19.0,0,0,0,0,0,0,False,False,False,False,False,False,True,False,False,4,Sedan,of_Origin_Japan,Nissan,Altima,2008.0,3085.897,3085.897
37263,4855.0,1.0,0,0,0,0,0,0,False,False,False,False,False,True,False,False,False,4,Sedan,baseline_value_here,Mercedes-Benz,C-Class,2026.0,57201.824,57201.824
21952,18799.0,2.0,0,1,1,0,0,0,False,False,False,False,False,False,True,False,False,4,Sedan,of_Origin_Japan,Subaru,Impreza,2025.0,31189.113,31189.113
33707,240400.0,12.0,0,0,0,0,0,0,True,False,False,False,False,False,True,False,False,4,Sedan,of_Origin_Japan,Honda,Accord,2015.0,8813.391,8813.391
2171,35755.0,5.0,0,0,0,0,0,0,False,False,False,False,False,False,True,False,False,4,SUV,of_Origin_Japan,Honda,CR-V,2022.0,32377.453,32377.453
22197,138882.0,9.0,0,1,0,0,1,0,True,True,False,False,False,False,True,False,False,4,Sedan,of_Origin_Japan,Subaru,WRX,2018.0,21160.447,21160.447
25274,131000.0,10.0,1,0,0,0,0,0,False,True,False,False,False,True,False,False,False,6,SUV,of_Origin_Japan,baseline_value_here,MDX,2017.0,22732.986,22732.986
20162,173567.0,9.0,0,0,0,0,1,0,False,False,False,False,False,False,True,False,False,4,SUV,of_Origin_Japan,Nissan,Rogue,2018.0,10536.015,10536.015
35544,54451.0,3.0,0,0,0,0,0,0,False,False,False,False,False,False,True,False,False,4,SUV,of_Origin_Japan,Toyota,RAV,2024.0,36913.082,36913.082
23475,84384.0,4.0,0,0,0,0,0,0,False,True,False,False,False,False,True,False,False,4,SUV,baseline_value_here,Volkswagen,Atlas,2023.0,35229.574,35229.574
29090,136195.0,6.0,0,0,0,0,0,0,False,False,False,False,True,False,False,False,False,4,Sedan,of_Origin_South Korea,Kia,Forte,2021.0,16098.426,16098.426
7084,30624.0,2.0,0,0,0,0,0,0,False,False,False,False,True,True,False,False,False,6,SUV,of_Origin_USA,Cadillac,XT6,2025.0,65420.06,65420.06
10864,8241.0,1.0,0,0,0,0,0,0,False,False,False,False,False,True,False,False,False,4,Sedan,of_Origin_South Korea,Genesis,G70,2026.0,58204.164,58204.164
5583,51974.0,6.0,0,0,0,0,0,0,False,False,False,False,False,True,False,False,False,4,SUV,baseline_value_here,BMW,X3,2021.0,34537.64,34537.64
6450,45227.0,4.0,0,0,0,0,0,0,False,False,False,False,False,False,False,True,False,4,SUV,of_Origin_USA,Buick,Envision,2023.0,32795.86,32795.86
18249,16000.0,2.0,0,0,0,0,0,0,False,False,False,False,False,False,True,False,False,4,SUV,of_Origin_Japan,Mazda,CX-50,2025.0,41666.355,41666.355
30480,52153.0,4.0,0,0,0,0,0,0,False,False,False,False,False,False,False,False,False,4,Sedan,of_Origin_South Korea,Hyundai,Elantra,2023.0,23056.623,23056.623
34290,96164.0,7.0,1,0,0,0,0,0,False,False,False,False,False,False,True,False,False,4,Sedan,of_Origin_Japan,Toyota,Corolla,2020.0,21232.78,21232.78
17846,235611.0,12.0,0,0,0,0,1,0,False,False,False,False,False,False,True,False,False,4,Sedan,of_Origin_Japan,Mazda,Mazda3,2015.0,8317.088,8317.088
35657,171511.0,12.0,0,0,0,0,0,0,False,True,False,False,False,False,True,False,False,4,SUV,of_Origin_Japan,Subaru,Outback,2015.0,11411.29,11411.29
25164,31889.0,4.0,0,0,0,0,0,0,False,True,False,False,False,True,False,False,False,6,SUV,baseline_value_here,Mercedes-Benz,GLE,2023.0,73166.555,73166.555
17570,80886.0,11.0,0,0,0,0,0,0,True,False,False,False,False,False,False,False,True,baseline_value_here,baseline_value_here,of_Origin_UK,MINI,3,2016.0,13290.282,13290.282
14078,15744.0,2.0,0,0,0,0,0,1,False,False,False,False,False,False,False,False,False,4,SUV,of_Origin_South Korea,Kia,Niro,2025.0,47209.38,47209.38
20409,171752.0,9.0,0,0,0,0,0,0,False,False,False,False,True,False,True,False,False,6,Pickup Truck,of_Origin_Japan,Nissan,Frontier,2018.0,19645.44,19645.44
34624,70749.0,3.0,0,0,0,0,0,0,False,False,False,False,True,False,True,False,False,4,SUV,of_Origin_USA,Ford,Edge,2024.0,28232.688,28232.688
2820,31340.0,2.0,0,0,0,0,0,0,False,False,False,False,False,False,True,False,False,6,SUV,of_Origin_USA,Dodge,Durango,2025.0,55378.613,55378.613
13877,8500.0,2.0,0,0,0,0,0,1,False,False,False,False,False,False,False,False,False,4,SUV,of_Origin_South Korea,Kia,Sorento,2025.0,46034.23,46034.23
21234,67386.0,4.0,0,0,0,0,0,0,False,False,False,False,False,False,True,False,False,baseline_value_here,baseline_value_here,of_Origin_USA,RAM,1500,2023.0,44623.004,44623.004
23821,135197.0,14.0,0,0,0,0,0,0,False,False,False,False,False,False,True,False,False,4,Sedan,baseline_value_here,Volkswagen,Jetta,2013.0,7721.601,7721.601
5001,3800.0,1.0,0,0,0,0,0,0,False,False,False,False,False,True,False,False,False,6,SUV,baseline_value_here,Audi,SQ5,2026.0,97670.1,97670.1
38609,38722.0,5.0,0,0,0,0,0,0,False,False,False,False,False,False,True,False,False,4,Coupe,of_Origin_Japan,Toyota,GR86,2022.0,38546.195,38546.195
25823,40598.0,4.0,1,0,0,0,0,0,False,False,False,False,False,False,True,False,False,6,SUV,of_Origin_Japan,Toyota,Highlander,2023.0,46779.92,46779.92
8382,96682.0,4.0,0,0,0,0,0,0,False,False,False,False,False,False,True,False,False,6,Minivan,of_Origin_USA,Chrysler,Pacifica,2023.0,30983.781,30983.781
28419,300.0,1.0,0,0,0,0,0,0,True,False,False,False,False,False,True,False,False,4,Sedan,of_Origin_Japan,Honda,Civic,2026.0,40464.043,40464.043
8117,8221.0,2.0,0,0,0,0,0,0,False,False,False,False,False,False,False,False,False,4,SUV,of_Origin_USA,Chevrolet,Trailblazer,2025.0,31140.371,31140.371
222,71631.0,4.0,1,0,1,0,0,0,False,False,False,False,False,False,True,False,False,4,SUV,of_Origin_Japan,Nissan,Rogue,2023.0,24447.459,24447.459
28466,131524.0,9.0,0,0,0,0,0,0,False,False,False,False,True,True,False,False,False,4,Sedan,baseline_value_here,Audi,A4,2018.0,18210.73,18210.73
5856,4500.0,1.0,0,0,0,0,0,0,False,False,False,False,False,False,False,True,False,4,SUV,of_Origin_USA,Buick,Encore,2026.0,42660.297,42660.297
24696,118497.0,8.0,1,0,0,0,0,0,False,False,False,False,True,True,False,False,False,4,Sedan,of_Origin_Sweden,Volvo,S60,2019.0,23961.543,23961.543
15406,43464.0,6.0,0,0,0,0,0,0,False,False,False,False,False,True,False,False,False,4,Sedan,of_Origin_Japan,Lexus,IS,2021.0,38132.96,38132.96
38051,37715.0,3.0,0,0,0,0,0,0,False,False,False,False,False,False,True,False,False,4,SUV,of_Origin_Japan,Mazda,CX-50,2024.0,34269.44,34269.44
28318,43535.0,5.0,0,0,0,0,0,0,False,False,False,False,True,True,False,False,False,4,Sedan,baseline_value_here,Mercedes-Benz,A-Class,2022.0,48176.58,48176.58
15266,45471.0,5.0,0,0,0,0,0,1,False,False,False,False,False,True,False,False,False,4,SUV,of_Origin_Japan,Lexus,NX,2022.0,41845.496,41845.496
30765,30000.0,2.0,0,0,0,0,0,1,False,False,True,False,False,True,False,False,False,6,SUV,baseline_value_here,Mercedes-Benz,GLS,2025.0,103142.82,103142.82
8705,107639.0,13.0,1,0,0,0,0,0,False,False,False,False,True,False,True,False,False,baseline_value_here,baseline_value_here,of_Origin_USA,Chrysler,300,2014.0,12764.262,12764.262
28083,6188.0,3.0,0,0,0,0,0,0,False,False,False,False,False,False,False,False,False,4,Sedan,of_Origin_South Korea,Hyundai,Elantra,2024.0,27357.488,27357.488
28091,44600.0,20.0,0,0,0,0,0,0,True,False,True,False,False,False,False,False,False,8,Coupe,of_Origin_USA,Chevrolet,Corvette,2007.0,54780.664,54780.664
8134,18144.0,2.0,0,0,0,0,0,0,False,False,False,False,False,False,False,False,False,6,Van,of_Origin_USA,Chevrolet,Express,2025.0,44416.77,44416.77
11838,123000.0,5.0,0,0,0,0,0,0,False,False,False,False,False,False,False,False,False,4,SUV,of_Origin_South Korea,Hyundai,Tucson,2022.0,20620.914,20620.914
26395,72573.0,7.0,0,1,1,1,0,1,False,False,False,False,False,False,False,False,False,4,Sedan,of_Origin_South Korea,Hyundai,Sonata,2020.0,23527.158,23527.158
22866,3591.0,1.0,0,0,0,0,0,1,False,False,False,False,False,False,True,False,False,4,SUV,of_Origin_Japan,Toyota,RAV,2026.0,54930.676,54930.676
31601,183000.0,17.0,0,0,0,0,0,0,False,False,False,False,False,False,True,False,False,4,SUV,of_Origin_Japan,Honda,CR-V,2010.0,7415.397,7415.397
886,93502.0,8.0,0,0,0,0,0,0,False,False,False,False,False,False,True,False,False,baseline_value_here,baseline_value_here,of_Origin_USA,RAM,1500,2019.0,36240.996,36240.996
22892,30415.0,2.0,0,0,0,0,0,1,False,False,False,False,False,False,True,False,False,4,Sedan,of_Origin_Japan,Toyota,Corolla,2025.0,37154.547,37154.547
5596,73194.0,3.0,0,0,0,0,0,0,False,False,False,False,False,True,False,False,False,4,SUV,baseline_value_here,BMW,X3,2024.0,41899.535,41899.535
17813,79995.0,5.0,0,0,1,0,0,0,False,False,False,False,False,False,True,False,False,4,SUV,of_Origin_Japan,Mazda,CX-5,2022.0,28111.297,28111.297
38757,16687.0,2.0,0,0,0,0,1,0,False,True,False,False,False,True,False,False,False,6,SUV,baseline_value_here,Mercedes-Benz,GLE,2025.0,73037.36,73037.36
32747,82260.0,5.0,0,0,0,0,0,1,False,False,False,False,False,False,False,False,False,4,SUV,of_Origin_South Korea,Hyundai,Tucson,2022.0,30552.287,30552.287
2777,94073.0,6.0,0,0,0,0,0,1,False,False,False,False,False,True,False,False,False,4,SUV,of_Origin_Japan,Lexus,UX,2021.0,32863.465,32863.465
5034,3008.0,2.0,0,0,0,0,0,0,False,False,False,False,False,True,False,False,False,6,Coupe,baseline_value_here,Audi,A5,2025.0,63372.76,63372.76
37702,179424.0,7.0,0,0,0,0,0,0,False,False,False,False,False,False,True,False,False,4,SUV,of_Origin_Japan,Nissan,Rogue,2020.0,12647.786,12647.786
10910,11553.0,2.0,0,0,0,0,0,0,False,False,False,False,False,True,False,False,False,4,Sedan,of_Origin_South Korea,Genesis,G70,2025.0,52597.195,52597.195
22210,42704.0,4.0,0,0,0,0,0,0,True,True,False,False,False,False,True,False,False,4,Sedan,of_Origin_Japan,Subaru,WRX,2023.0,33613.33,33613.33
26832,84385.0,7.0,0,0,0,0,0,0,False,False,False,False,False,False,True,False,False,6,Pickup Truck,of_Origin_USA,Ford,F-150,2020.0,34990.79,34990.79
2608,161630.0,10.0,0,0,0,0,0,0,False,True,False,False,False,False,False,True,False,8,SUV,of_Origin_USA,GMC,Yukon,2017.0,32124.766,32124.766
34972,159100.0,15.0,0,0,0,0,0,0,False,False,False,False,True,True,False,False,False,4,SUV,baseline_value_here,Mercedes-Benz,GLK-Class,2012.0,7797.8115,7797.8115
11957,4532.0,2.0,0,0,0,0,0,0,False,False,False,False,False,False,False,False,False,4,SUV,of_Origin_South Korea,Hyundai,Kona,2025.0,33532.367,33532.367
34142,13173.0,2.0,0,0,0,0,0,0,False,True,False,False,False,True,False,False,False,8,SUV,of_Origin_Japan,Infiniti,QX80,2025.0,102505.62,102505.62
5608,101787.0,11.0,0,0,0,0,0,0,False,True,False,False,False,True,False,False,False,6,SUV,baseline_value_here,BMW,X5,2016.0,22261.05,22261.05
38630,127810.0,9.0,1,0,1,0,0,0,False,False,False,False,False,True,False,False,False,4,SUV,of_Origin_Japan,Lexus,NX,2018.0,30082.477,30082.477
21180,133329.0,5.0,0,0,0,0,0,0,False,False,False,False,False,False,True,False,False,baseline_value_here,baseline_value_here,of_Origin_USA,RAM,1500,2022.0,44358.35,44358.35
1441,39401.0,4.0,0,0,0,0,0,0,False,False,False,False,False,False,True,False,False,4,SUV,of_Origin_USA,Ford,Bronco,2023.0,36400.77,36400.77
29223,191953.0,13.0,0,0,0,0,0,0,False,False,False,False,False,False,True,False,False,4,Sedan,of_Origin_Japan,Honda,Civic,2014.0,9781.892,9781.892
1930,59650.0,4.0,1,0,0,0,0,0,False,False,False,False,False,True,False,False,False,6,Hatchback,baseline_value_here,Audi,S5,2023.0,38419.934,38419.934
8313,88838.0,7.0,0,0,0,0,0,0,False,False,False,False,False,False,True,False,False,6,Minivan,of_Origin_USA,Chrysler,Pacifica,2020.0,28230.031,28230.031
27875,38303.0,3.0,0,0,0,0,0,0,False,False,False,False,False,False,True,False,False,4,Sedan,of_Origin_Japan,Honda,Accord,2024.0,29743.531,29743.531
2750,44861.0,5.0,0,0,1,0,0,0,False,False,False,False,False,False,True,False,False,4,SUV,of_Origin_USA,Ford,Bronco,2022.0,27773.488,27773.488
21900,108120.0,8.0,0,0,0,0,0,0,False,True,False,False,False,False,True,False,False,4,SUV,of_Origin_Japan,Subaru,Outback,2019.0,21833.51,21833.51
33496,52057.0,3.0,0,0,0,0,0,0,False,False,False,False,False,False,True,False,False,4,Pickup Truck,of_Origin_USA,Ford,Ranger,2024.0,44531.24,44531.24
51,36962.0,3.0,0,0,0,0,0,0,False,False,False,False,False,False,True,False,False,4,SUV,baseline_value_here,Volkswagen,Tiguan,2024.0,30587.438,30587.438
29922,53700.0,4.0,0,0,0,0,0,0,False,True,False,False,False,False,False,False,False,4,SUV,of_Origin_Japan,Mitsubishi,Outlander,2023.0,32320.709,32320.709
6489,35012.0,3.0,0,0,0,0,0,0,False,False,False,False,False,False,False,True,False,4,SUV,of_Origin_USA,Buick,Envista,2024.0,28185.932,28185.932
34150,340000.0,16.0,0,0,0,0,0,0,False,False,False,False,False,False,True,False,False,6,Minivan,of_Origin_Japan,Toyota,Sienna,2011.0,7436.4688,7436.4688
34640,68600.0,4.0,0,0,0,0,0,0,False,False,False,False,False,False,False,False,False,4,SUV,of_Origin_USA,Chevrolet,Equinox,2023.0,24674.002,24674.002
1091,21065.0,3.0,0,0,0,0,0,0,False,False,False,False,False,True,False,False,False,4,Sedan,of_Origin_Japan,Lexus,IS,2024.0,47425.88,47425.88
7242,30739.0,8.0,0,0,0,0,0,0,False,False,False,False,False,True,False,False,False,4,SUV,of_Origin_USA,Cadillac,XT4,2019.0,28455.186,28455.186
12944,177228.0,9.0,0,0,0,0,0,0,False,False,False,False,True,True,False,False,False,6,Sedan,of_Origin_Japan,Infiniti,Q60,2018.0,12114.398,12114.398
21000,114236.0,8.0,0,0,0,0,0,0,False,False,False,False,False,False,True,False,False,baseline_value_here,baseline_value_here,of_Origin_USA,RAM,1500,2019.0,29750.457,29750.457
25000,57000.0,6.0,0,0,0,0,0,0,False,False,False,False,True,True,False,False,False,6,Sedan,baseline_value_here,Audi,RS7,2021.0,73146.35,73146.35
17420,76134.0,2.0,0,0,0,0,0,0,False,False,False,False,False,False,False,False,True,4,SUV,of_Origin_UK,MINI,Countryman,2025.0,32431.588,32431.588
10230,114288.0,6.0,0,0,0,0,0,0,False,False,False,False,False,False,False,True,False,8,Pickup Truck,of_Origin_USA,GMC,Sierra,2021.0,45067.414,45067.414
984,22211.0,2.0,0,0,0,0,0,0,False,False,False,False,False,True,False,False,False,6,Hatchback,baseline_value_here,Audi,S5,2025.0,68096.43,68096.43
23586,4165.0,2.0,0,0,0,0,0,0,False,False,False,False,False,False,True,False,False,4,SUV,baseline_value_here,Volkswagen,Taos,2025.0,38808.355,38808.355
34813,117500.0,9.0,0,0,0,0,0,0,False,False,False,False,False,False,True,False,False,baseline_value_here,baseline_value_here,of_Origin_USA,RAM,1500,2018.0,24494.588,24494.588
2769,188300.0,11.0,0,0,0,0,0,1,False,False,False,False,False,False,True,False,False,4,Hatchback,of_Origin_Japan,Toyota,Prius,2016.0,11319.213,11319.213
6311,6395.0,3.0,0,0,0,0,0,0,False,False,False,False,False,False,False,True,False,4,SUV,of_Origin_USA,Buick,Encore,2024.0,29775.643,29775.643
7131,16646.0,2.0,0,0,0,0,0,0,False,False,False,False,False,True,False,False,False,6,Sedan,of_Origin_USA,Cadillac,CT5-V,2025.0,75276.73,75276.73
8425,57726.0,3.0,0,0,0,0,0,0,False,False,False,False,False,False,True,False,False,6,Minivan,of_Origin_USA,Chrysler,Pacifica,2024.0,36646.21,36646.21
38100,201430.0,9.0,0,0,0,0,0,0,False,False,False,False,False,False,True,False,False,4,Sedan,of_Origin_Japan,Honda,Civic,2018.0,13211.945,13211.945
35688,94076.0,10.0,0,0,0,0,0,0,True,True,False,False,False,False,True,False,False,4,Sedan,of_Origin_Japan,Subaru,WRX,2017.0,22608.479,22608.479
18505,99945.0,7.0,0,0,0,0,1,0,False,False,False,False,False,True,False,False,False,6,Sedan,baseline_value_here,Mercedes-Benz,E-Class,2020.0,37392.824,37392.824
17403,43081.0,5.0,0,0,0,0,0,0,False,False,False,False,False,False,False,False,True,4,baseline_value_here,of_Origin_UK,MINI,Convertible,2022.0,34086.188,34086.188
19292,55483.0,4.0,0,0,0,0,0,1,False,True,False,False,False,False,False,False,False,4,SUV,of_Origin_Japan,Mitsubishi,Outlander,2023.0,34320.65,34320.65
11069,16884.0,3.0,0,0,0,0,0,0,False,False,False,False,False,False,True,False,False,4,Sedan,of_Origin_Japan,Honda,Civic,2024.0,31412.41,31412.41
20520,99171.0,12.0,0,0,0,0,0,0,False,False,False,False,False,False,True,False,False,4,SUV,of_Origin_Japan,Nissan,Rogue,2015.0,10888.18,10888.18
6274,52451.0,8.0,0,0,1,0,0,0,False,False,False,False,False,False,False,True,False,4,SUV,of_Origin_USA,Buick,Encore,2019.0,17963.072,17963.072
25364,39603.0,5.0,0,0,0,0,0,0,False,False,False,False,False,False,True,False,False,4,SUV,of_Origin_Japan,Mazda,CX-5,2022.0,29195.219,29195.219
33157,67000.0,5.0,0,0,0,0,0,0,False,False,False,False,False,False,True,False,False,4,SUV,of_Origin_Japan,Toyota,C-HR,2022.0,32918.51,32918.51
29073,148046.0,7.0,0,0,0,0,0,0,False,False,False,False,False,True,False,False,False,4,SUV,of_Origin_USA,Lincoln,Nautilus,2020.0,22941.23,22941.23
153,140496.0,8.0,1,0,0,0,0,0,False,False,False,False,False,False,True,False,False,4,SUV,of_Origin_Japan,Mazda,CX-5,2019.0,19486.809,19486.809
34049,85213.0,3.0,0,0,0,0,0,0,False,False,False,False,False,False,True,False,False,6,SUV,of_Origin_USA,Dodge,Durango,2024.0,44897.918,44897.918
21806,29478.0,3.0,0,0,0,0,0,0,False,False,False,False,False,False,True,False,False,4,SUV,of_Origin_Japan,Subaru,Crosstrek,2024.0,33132.484,33132.484
33129,83237.0,6.0,0,0,0,0,0,0,False,False,False,False,False,False,False,False,False,4,SUV,of_Origin_USA,Chevrolet,Trailblazer,2021.0,18005.172,18005.172
22154,141894.0,10.0,0,0,0,0,0,0,False,False,False,False,False,False,True,False,False,4,SUV,of_Origin_Japan,Subaru,Crosstrek,2017.0,15398.902,15398.902
11282,50475.0,6.0,0,0,0,0,0,0,False,False,False,False,False,False,True,False,False,4,SUV,of_Origin_Japan,Honda,HR-V,2021.0,27819.621,27819.621
12013,112442.0,5.0,0,0,0,0,0,0,False,False,False,False,False,False,False,False,False,4,SUV,of_Origin_South Korea,Hyundai,Venue,2022.0,22623.625,22623.625
7022,99559.0,8.0,0,0,0,0,0,0,False,False,False,False,False,True,False,False,False,4,SUV,of_Origin_USA,Cadillac,XT5,2019.0,20936.045,20936.045
28781,49613.0,2.0,0,0,0,0,0,0,False,False,False,False,False,False,True,False,False,4,SUV,of_Origin_Japan,Mazda,CX-5,2025.0,33264.12,33264.12
1196,62300.0,5.0,0,0,0,0,0,0,False,False,False,False,False,False,True,False,False,4,Pickup Truck,of_Origin_USA,Ford,Maverick,2022.0,41182.855,41182.855
24715,162980.0,6.0,1,0,1,1,0,0,False,False,False,False,False,True,False,False,False,4,Wagon,of_Origin_Sweden,Volvo,V60,2021.0,31450.96,31450.96
35587,26903.0,3.0,0,0,0,0,0,0,False,True,False,False,False,False,True,False,False,4,SUV,baseline_value_here,Volkswagen,Atlas,2024.0,47764.062,47764.062
9472,47675.0,4.0,0,0,0,0,0,0,False,False,False,False,False,False,True,False,False,4,SUV,of_Origin_USA,Ford,Explorer,2023.0,34125.617,34125.617
8461,108792.0,6.0,0,0,0,0,0,0,False,False,False,False,True,False,True,False,False,baseline_value_here,baseline_value_here,of_Origin_USA,Chrysler,300,2021.0,24291.889,24291.889
30486,57095.0,6.0,0,0,0,0,0,0,False,False,False,False,False,False,True,False,False,4,SUV,baseline_value_here,Volkswagen,Tiguan,2021.0,23513.254,23513.254
31560,72495.0,4.0,0,0,0,0,0,0,False,False,False,False,False,False,False,True,False,4,SUV,of_Origin_USA,GMC,Terrain,2023.0,28908.182,28908.182
29938,155740.0,7.0,0,0,0,0,0,0,False,False,False,False,False,True,False,False,False,4,SUV,baseline_value_here,BMW,X4,2020.0,22111.732,22111.732
36513,5987.0,2.0,0,0,0,0,1,1,False,False,False,False,False,True,False,False,False,4,SUV,of_Origin_Japan,Lexus,RX,2025.0,71411.06,71411.06
433,54980.0,2.0,0,0,0,0,0,0,False,False,False,False,False,False,True,False,False,baseline_value_here,baseline_value_here,of_Origin_USA,RAM,1500,2025.0,55891.83,55891.83
8113,42759.0,4.0,0,0,0,0,0,0,False,False,False,False,False,False,False,False,False,8,Pickup Truck,of_Origin_USA,Chevrolet,Silverado,2023.0,58474.285,58474.285
32253,60409.0,3.0,0,0,0,0,0,0,False,True,False,False,False,False,True,False,False,4,SUV,of_Origin_Japan,Subaru,Outback,2024.0,37379.72,37379.72
5492,80661.0,4.0,0,0,0,0,0,0,False,False,False,False,False,True,False,False,False,4,SUV,baseline_value_here,BMW,X4,2023.0,36386.016,36386.016
35846,276591.0,13.0,0,0,0,0,0,0,False,False,False,False,True,False,True,False,False,4,Hatchback,of_Origin_Japan,Honda,Fit,2014.0,6614.0576,6614.0576
20378,107971.0,4.0,0,0,0,0,0,0,False,False,False,False,False,False,True,False,False,4,SUV,of_Origin_Japan,Nissan,Rogue,2023.0,21452.523,21452.523
38301,223564.0,11.0,0,0,0,0,1,0,False,False,False,False,False,False,True,False,False,6,SUV,of_Origin_Japan,Toyota,Highlander,2016.0,21243.803,21243.803
4685,64961.0,6.0,0,0,0,0,0,0,False,False,False,False,False,True,False,False,False,4,SUV,baseline_value_here,Audi,Q3,2021.0,29422.781,29422.781
10685,11657.0,2.0,0,0,0,0,0,0,False,False,False,False,False,True,False,False,False,4,Sedan,of_Origin_South Korea,Genesis,G70,2025.0,52597.195,52597.195
4006,10301.0,2.0,0,0,0,0,0,0,True,False,False,False,False,True,False,False,False,4,Hatchback,of_Origin_Japan,baseline_value_here,Integra,2025.0,57775.523,57775.523
36501,182500.0,13.0,0,0,0,0,0,0,False,False,False,False,False,False,True,False,False,4,Sedan,of_Origin_Japan,Toyota,Camry,2014.0,10476.427,10476.427
17790,45921.0,5.0,0,0,0,0,0,0,False,False,False,False,False,False,True,False,False,4,SUV,of_Origin_Japan,Mazda,CX-30,2022.0,30136.887,30136.887
30913,63000.0,9.0,0,0,0,0,0,0,False,False,False,False,False,True,False,False,False,4,Sedan,baseline_value_here,Mercedes-Benz,CLA,2018.0,29414.652,29414.652
23072,76786.0,4.0,0,0,0,0,0,1,False,False,False,False,False,False,True,False,False,4,SUV,of_Origin_Japan,Toyota,RAV,2023.0,40271.06,40271.06
24713,94773.0,5.0,0,0,0,0,0,1,False,False,False,False,False,True,False,False,False,4,SUV,of_Origin_Sweden,Volvo,XC90,2022.0,44309.52,44309.52
11400,63830.0,4.0,0,0,0,0,0,0,False,False,False,False,False,False,True,False,False,4,SUV,of_Origin_Japan,Honda,HR-V,2023.0,31830.412,31830.412
17197,130010.0,8.0,0,0,0,0,0,1,False,False,False,False,False,False,False,False,True,4,SUV,of_Origin_UK,MINI,Countryman,2019.0,17840.924,17840.924
17327,43497.0,7.0,0,0,0,0,0,0,False,False,False,False,False,False,False,False,True,4,SUV,of_Origin_UK,MINI,Countryman,2020.0,27122.234,27122.234
36081,158000.0,14.0,0,0,0,0,0,0,False,False,False,False,False,False,False,False,False,4,SUV,of_Origin_USA,Chevrolet,Trax,2013.0,6699.652,6699.652
35848,65000.0,9.0,0,0,0,0,0,0,False,False,False,False,False,False,True,False,False,4,Sedan,of_Origin_Japan,Toyota,Corolla,2018.0,19807.848,19807.848
7183,138457.0,12.0,0,0,0,0,0,0,False,False,False,False,True,True,False,False,False,6,Coupe,of_Origin_USA,Cadillac,ATS,2015.0,11976.431,11976.431
31223,127000.0,4.0,0,0,0,0,0,0,False,False,False,False,False,False,True,False,False,baseline_value_here,baseline_value_here,of_Origin_USA,RAM,1500,2023.0,33497.566,33497.566
9112,14996.0,3.0,0,0,0,0,0,0,False,False,False,False,True,False,True,False,False,4,SUV,of_Origin_USA,Dodge,Hornet,2024.0,37411.117,37411.117
14102,107050.0,10.0,0,0,0,0,1,0,False,False,False,False,True,False,False,False,False,4,Sedan,of_Origin_South Korea,Kia,Forte,2017.0,11307.189,11307.189
29793,29778.0,5.0,0,0,0,0,0,0,False,False,False,False,False,True,False,False,False,6,Sedan,baseline_value_here,Mercedes-Benz,E-Class,2022.0,61425.53,61425.53
13634,77254.0,7.0,0,0,0,0,0,0,False,False,False,False,False,False,True,False,False,6,SUV,of_Origin_USA,Jeep,Grand,2020.0,27694.26,27694.26
13432,25545.0,3.0,0,0,0,0,0,0,False,False,False,False,False,False,True,False,False,4,SUV,of_Origin_USA,Jeep,Compass,2024.0,28759.04,28759.04
37701,89801.0,10.0,0,0,0,0,0,0,False,False,False,False,False,False,True,False,False,4,SUV,of_Origin_Japan,Nissan,Rogue,2017.0,13213.639,13213.639
22099,28500.0,3.0,0,0,0,0,0,0,False,False,False,False,False,False,True,False,False,4,SUV,of_Origin_Japan,Subaru,Crosstrek,2024.0,32317.953,32317.953
26933,49487.0,3.0,0,0,0,0,0,0,False,False,False,False,False,False,True,False,False,4,SUV,of_Origin_Japan,Nissan,Kicks,2024.0,25742.904,25742.904
33639,214900.0,12.0,0,0,0,0,0,0,False,False,False,False,True,False,True,False,False,4,SUV,of_Origin_USA,Ford,Edge,2015.0,4581.6567,4581.6567
5549,99389.0,4.0,0,0,0,0,0,0,False,False,False,False,False,True,False,False,False,baseline_value_here,baseline_value_here,baseline_value_here,BMW,3,2023.0,38697.945,38697.945
25292,130609.0,7.0,0,0,0,0,0,0,False,False,False,False,False,False,True,False,False,4,Sedan,of_Origin_Japan,Honda,Civic,2020.0,19961.838,19961.838
29626,309423.0,18.0,0,0,0,0,0,0,False,False,False,False,False,False,False,False,False,4,SUV,of_Origin_South Korea,Hyundai,Santa,2009.0,2045.1676,2045.1676
17679,98000.0,4.0,0,0,0,0,0,0,False,False,False,False,False,False,True,False,False,4,SUV,of_Origin_Japan,Mazda,CX-5,2023.0,29220.01,29220.01
28607,210000.0,16.0,0,0,0,0,1,0,False,False,False,False,False,False,True,False,False,4,SUV,of_Origin_Japan,Honda,CR-V,2011.0,9108.454,9108.454
16277,28941.0,2.0,0,0,0,0,0,0,False,False,False,False,False,True,False,False,False,4,SUV,of_Origin_USA,Lincoln,Corsair,2025.0,52410.023,52410.023
33363,122000.0,7.0,0,0,0,0,0,0,False,False,False,False,True,False,True,False,False,4,SUV,of_Origin_USA,Ford,Edge,2020.0,20025.936,20025.936
34303,85949.0,4.0,1,0,1,0,0,0,False,False,False,False,False,False,True,False,False,4,Sedan,baseline_value_here,Volkswagen,Jetta,2023.0,21387.896,21387.896
31706,61500.0,6.0,0,0,0,0,0,0,False,False,False,False,False,False,False,False,False,4,Sedan,of_Origin_South Korea,Hyundai,Elantra,2021.0,16921.875,16921.875
36173,93495.0,8.0,0,0,0,0,0,0,False,True,False,False,False,True,False,False,False,6,Sedan,baseline_value_here,Audi,A6,2019.0,32493.033,32493.033
37053,81845.0,6.0,0,0,0,0,0,0,False,False,False,False,False,False,True,False,False,4,Sedan,of_Origin_Japan,Honda,Accord,2021.0,22698.865,22698.865
27941,172583.0,9.0,0,0,0,0,0,0,False,False,False,False,False,False,True,False,False,4,Sedan,of_Origin_Japan,Nissan,Sentra,2018.0,8683.125,8683.125
27190,106500.0,11.0,0,0,0,0,0,0,False,False,False,False,False,True,False,False,False,4,Sedan,of_Origin_Japan,Lexus,ES,2016.0,24561.72,24561.72
36861,78000.0,19.0,0,0,0,0,1,0,False,False,False,False,True,True,False,False,False,6,baseline_value_here,baseline_value_here,Mercedes-Benz,SL-Class,2008.0,22327.23,22327.23
8514,95043.0,4.0,0,0,0,0,0,0,False,False,False,False,False,False,True,False,False,6,Minivan,of_Origin_USA,Chrysler,Pacifica,2023.0,30287.887,30287.887
8778,28920.0,2.0,0,0,0,0,0,0,False,False,False,False,False,False,True,False,False,6,SUV,of_Origin_USA,Dodge,Durango,2025.0,56766.36,56766.36
17954,64884.0,3.0,0,0,0,0,0,0,False,False,False,False,False,False,True,False,False,4,SUV,of_Origin_Japan,Mazda,CX-50,2024.0,31179.82,31179.82
420,14428.0,2.0,0,0,0,0,0,0,False,False,False,False,False,False,True,False,False,baseline_value_here,baseline_value_here,of_Origin_USA,RAM,1500,2025.0,65241.418,65241.418
17634,166434.0,13.0,0,0,0,0,1,0,False,False,False,False,False,False,True,False,False,4,Sedan,of_Origin_Japan,Mazda,Mazda3,2014.0,9157.8545,9157.8545
5587,103000.0,6.0,1,0,0,0,0,0,False,False,False,False,False,True,False,False,False,4,SUV,baseline_value_here,BMW,X3,2021.0,29781.627,29781.627
6987,171032.0,9.0,0,0,0,0,0,0,False,False,False,False,True,True,False,False,False,6,Sedan,of_Origin_USA,Cadillac,XTS,2018.0,18452.893,18452.893
26952,39869.0,7.0,1,0,1,0,0,0,False,False,False,False,False,False,False,False,False,4,Sedan,of_Origin_South Korea,Hyundai,Elantra,2020.0,15370.064,15370.064
336,11269.0,2.0,0,0,0,0,0,0,False,False,False,False,False,False,False,False,False,4,SUV,of_Origin_South Korea,Kia,Sorento,2025.0,33901.992,33901.992
8132,107992.0,10.0,0,0,0,0,0,0,False,False,False,False,True,False,False,False,False,4,Sedan,of_Origin_USA,Chevrolet,Cruze,2017.0,11569.513,11569.513
20328,25392.0,4.0,0,0,0,0,0,0,False,False,False,False,False,False,True,False,False,4,SUV,of_Origin_Japan,Nissan,Rogue,2023.0,26334.414,26334.414
25805,72252.0,6.0,0,0,0,0,0,1,False,False,False,False,False,False,True,False,False,4,SUV,of_Origin_Japan,Toyota,RAV,2021.0,35797.98,35797.98
27211,39537.0,6.0,0,0,1,0,0,0,False,False,False,False,True,False,True,False,False,4,SUV,of_Origin_Japan,Nissan,Qashqai,2021.0,21985.957,21985.957
29617,44084.0,5.0,0,0,0,0,0,1,False,False,False,False,False,True,False,False,False,4,SUV,baseline_value_here,Audi,Q5,2022.0,34991.918,34991.918
4015,49544.0,3.0,0,0,0,0,0,0,False,False,False,False,False,True,False,False,False,4,SUV,of_Origin_Japan,baseline_value_here,RDX,2024.0,45497.18,45497.18
4125,35880.0,3.0,0,0,0,0,0,0,False,True,False,False,False,True,False,False,False,6,SUV,of_Origin_Japan,baseline_value_here,MDX,2024.0,55837.29,55837.29
8634,4924.0,1.0,0,0,0,0,0,0,False,False,False,False,False,False,True,False,False,6,Minivan,of_Origin_USA,Chrysler,Grand,2026.0,60307.266,60307.266
10840,5000.0,1.0,0,0,0,0,0,0,False,False,False,False,False,True,False,False,False,6,SUV,of_Origin_South Korea,Genesis,GV70,2026.0,72085.85,72085.85
7869,31506.0,3.0,0,0,0,0,0,0,False,False,False,False,False,False,False,False,False,6,SUV,of_Origin_USA,Chevrolet,Traverse,2024.0,46245.254,46245.254
566,96496.0,11.0,0,0,1,0,0,1,False,False,False,False,False,True,False,False,False,4,SUV,baseline_value_here,Audi,Q5,2016.0,16750.39,16750.39
9104,145553.0,14.0,0,0,0,0,0,0,False,False,False,False,True,False,True,False,False,6,Minivan,of_Origin_USA,Dodge,Grand,2013.0,10623.207,10623.207
35769,40847.0,4.0,0,0,0,0,0,0,False,False,False,False,False,False,True,False,False,4,Sedan,baseline_value_here,Volkswagen,Jetta,2023.0,24694.24,24694.24
36146,18870.0,3.0,0,0,0,0,0,0,False,False,False,False,False,True,False,False,False,4,SUV,baseline_value_here,BMW,X3,2024.0,47099.055,47099.055
27666,104941.0,5.0,0,0,0,0,0,1,False,False,False,False,False,False,True,False,False,6,Pickup Truck,of_Origin_USA,Ford,F-150,2022.0,46078.734,46078.734
15571,152185.0,10.0,0,0,0,0,0,0,False,False,False,False,False,True,False,False,False,4,SUV,of_Origin_Japan,Lexus,NX,2017.0,24711.709,24711.709
20325,8870.0,2.0,0,0,0,0,0,0,False,False,False,False,False,False,True,False,False,4,Sedan,of_Origin_Japan,Nissan,Altima,2025.0,24571.605,24571.605
37632,55552.0,8.0,0,0,0,0,0,0,False,False,False,False,False,False,True,False,False,4,SUV,of_Origin_Japan,Toyota,RAV,2019.0,26209.404,26209.404
30316,77532.0,5.0,0,0,0,0,0,0,True,False,False,False,False,False,True,False,False,6,SUV,of_Origin_USA,Jeep,Wrangler,2022.0,34214.63,34214.63
19375,55022.0,3.0,0,0,0,0,0,0,False,True,False,False,False,False,False,False,False,4,SUV,of_Origin_Japan,Mitsubishi,Outlander,2024.0,35306.133,35306.133
13499,77799.0,12.0,0,0,0,0,0,0,False,False,False,False,True,False,True,False,False,4,SUV,of_Origin_USA,Jeep,Renegade,2015.0,11592.97,11592.97
17974,62894.0,3.0,0,0,0,0,0,0,False,False,False,False,False,False,True,False,False,4,SUV,of_Origin_Japan,Mazda,CX-30,2024.0,31505.08,31505.08
3488,2831.0,1.0,0,0,0,0,0,0,False,False,False,False,False,True,False,False,False,4,SUV,of_Origin_Japan,baseline_value_here,ADX,2026.0,53394.49,53394.49
31170,33236.0,4.0,0,0,0,0,0,0,False,False,False,False,False,False,False,False,False,4,SUV,of_Origin_South Korea,Hyundai,Tucson,2023.0,29609.059,29609.059
30949,149437.0,9.0,0,0,0,0,0,0,False,False,False,False,False,False,True,False,False,4,SUV,of_Origin_Japan,Toyota,RAV,2018.0,19820.656,19820.656
16131,17667.0,2.0,0,0,0,0,0,0,False,False,False,False,False,True,False,False,False,6,SUV,of_Origin_USA,Lincoln,Aviator,2025.0,81320.77,81320.77
38065,134654.0,7.0,0,0,0,0,0,0,False,True,False,False,False,False,True,False,False,6,Minivan,of_Origin_Japan,Honda,Odyssey,2020.0,28185.285,28185.285
4190,76476.0,6.0,0,0,0,0,0,0,False,False,False,False,False,True,False,False,False,4,SUV,of_Origin_Japan,baseline_value_here,RDX,2021.0,31168.293,31168.293
11393,6223.0,1.0,0,0,0,0,0,0,False,False,False,False,False,False,True,False,False,4,SUV,of_Origin_Japan,Honda,HR-V,2026.0,37293.79,37293.79
23681,11953.0,1.0,0,0,0,0,0,0,False,True,False,False,False,False,True,False,False,4,SUV,baseline_value_here,Volkswagen,Atlas,2026.0,58087.76,58087.76
24980,43191.0,4.0,0,0,0,0,0,0,False,False,False,False,False,False,False,False,False,4,SUV,of_Origin_South Korea,Hyundai,Santa,2023.0,30327.059,30327.059
22854,75965.0,4.0,0,0,0,0,0,1,False,False,False,False,False,False,True,False,False,4,SUV,of_Origin_Japan,Toyota,RAV,2023.0,39770.62,39770.62
36719,34534.0,2.0,1,0,0,0,0,0,False,True,False,False,False,True,False,False,False,6,SUV,baseline_value_here,Mercedes-Benz,GLE,2025.0,102455.016,102455.016
20309,157601.0,12.0,0,1,0,0,0,0,False,False,False,False,False,False,True,False,False,4,Sedan,of_Origin_Japan,Nissan,Altima,2015.0,8028.975,8028.975
17497,12836.0,2.0,0,0,0,0,0,0,False,False,False,False,False,False,False,False,True,4,SUV,of_Origin_UK,MINI,Countryman,2025.0,49399.992,49399.992
20355,91909.0,4.0,1,0,0,0,1,0,False,False,False,False,False,False,True,False,False,4,Sedan,of_Origin_Japan,Nissan,Altima,2023.0,17879.197,17879.197
20954,93999.0,5.0,0,0,0,0,0,0,False,False,False,False,False,False,True,False,False,baseline_value_here,baseline_value_here,of_Origin_USA,RAM,1500,2022.0,53892.695,53892.695
30878,126000.0,15.0,0,0,0,0,0,0,False,False,False,False,True,False,True,False,False,4,Hatchback,baseline_value_here,Volkswagen,Beetle,2012.0,9907.768,9907.768
29653,96000.0,10.0,0,0,0,0,0,0,False,False,False,False,False,True,False,False,False,4,Sedan,baseline_value_here,Audi,A3,2017.0,17223.875,17223.875
9022,176179.0,7.0,0,0,0,0,0,0,False,False,False,False,True,False,True,False,False,6,Minivan,of_Origin_USA,Dodge,Grand,2020.0,16800.525,16800.525
15374,38844.0,3.0,0,0,0,0,1,0,False,False,False,False,True,True,False,False,False,6,Coupe,of_Origin_Japan,Lexus,RC,2024.0,40822.453,40822.453
8968,147493.0,8.0,0,0,0,0,0,0,False,False,False,False,True,False,True,False,False,6,Minivan,of_Origin_USA,Dodge,Grand,2019.0,15536.847,15536.847
9067,33704.0,3.0,0,0,0,0,0,0,False,False,False,False,False,False,True,False,False,6,SUV,of_Origin_USA,Dodge,Durango,2024.0,53325.773,53325.773
31493,135000.0,6.0,0,0,0,0,0,0,False,False,False,False,False,False,True,False,False,4,SUV,of_Origin_USA,Ford,Escape,2021.0,23727.48,23727.48
14160,90591.0,4.0,0,0,0,0,0,0,False,False,False,False,True,False,False,False,False,4,Sedan,of_Origin_South Korea,Kia,Forte,2023.0,20534.834,20534.834
26794,84261.0,9.0,0,0,0,0,0,0,True,True,False,False,False,False,True,False,False,4,Sedan,of_Origin_Japan,Subaru,WRX,2018.0,24657.91,24657.91
38344,35627.0,3.0,0,0,0,0,0,0,False,False,False,False,False,False,True,False,False,4,Sedan,of_Origin_Japan,Honda,Civic,2024.0,29290.682,29290.682
18645,47454.0,6.0,0,1,0,0,0,0,False,False,False,False,False,True,False,False,False,4,Sedan,baseline_value_here,Mercedes-Benz,C-Class,2021.0,41351.91,41351.91
28124,54195.0,3.0,0,0,0,0,0,1,False,False,False,False,False,False,True,False,False,4,SUV,of_Origin_Japan,Honda,CR-V,2024.0,39196.33,39196.33
3773,446.0,1.0,0,0,0,0,0,0,False,False,False,False,False,True,False,False,False,4,SUV,of_Origin_Japan,baseline_value_here,ADX,2026.0,56718.395,56718.395
33247,45600.0,13.0,0,0,0,0,0,0,False,False,False,False,True,False,False,False,False,4,Minivan,of_Origin_South Korea,Kia,Rondo,2014.0,12799.192,12799.192
22000,78251.0,6.0,1,0,0,0,0,0,False,False,False,False,False,False,True,False,False,4,SUV,of_Origin_Japan,Subaru,Forester,2021.0,23522.041,23522.041
9481,5400.0,1.0,0,0,0,0,0,0,False,False,False,False,False,False,True,False,False,4,SUV,of_Origin_USA,Ford,Explorer,2026.0,75562.73,75562.73
26721,499.0,1.0,0,0,0,0,0,0,False,False,False,False,False,False,True,False,False,8,Coupe,of_Origin_USA,Ford,Mustang,2026.0,48649.8,48649.8
34909,45524.0,5.0,0,0,0,0,0,0,False,False,False,False,False,True,False,False,False,4,SUV,baseline_value_here,Audi,Q3,2022.0,32329.51,32329.51
20284,130000.0,9.0,0,0,0,0,0,0,False,False,False,False,False,False,True,False,False,4,SUV,of_Origin_Japan,Nissan,Rogue,2018.0,13230.546,13230.546
3045,126000.0,10.0,0,0,0,0,0,0,False,False,True,False,False,False,True,False,False,6,SUV,of_Origin_Japan,Nissan,Pathfinder,2017.0,12659.212,12659.212
8774,183000.0,10.0,0,0,0,0,0,0,False,False,False,False,False,False,True,False,False,6,SUV,of_Origin_USA,Dodge,Durango,2017.0,17655.418,17655.418
16999,1518.0,2.0,0,0,0,0,0,0,False,False,False,False,False,False,False,False,True,4,baseline_value_here,of_Origin_UK,MINI,Convertible,2025.0,51584.03,51584.03
37721,142458.0,10.0,1,0,0,0,0,0,False,False,False,False,False,False,True,False,False,4,SUV,of_Origin_USA,Ford,Escape,2017.0,11391.668,11391.668
31476,3695.0,1.0,1,1,0,0,0,0,False,False,False,False,False,False,False,False,False,4,SUV,of_Origin_South Korea,Kia,Seltos,2026.0,39190.188,39190.188
1119,115000.0,8.0,0,0,0,0,0,0,False,False,False,False,False,False,True,False,False,6,SUV,of_Origin_USA,Jeep,Wrangler,2019.0,26340.047,26340.047
36583,47015.0,3.0,0,0,0,0,0,0,False,False,False,False,False,False,False,False,False,4,SUV,of_Origin_South Korea,Hyundai,Santa,2024.0,29637.014,29637.014
30322,22910.0,4.0,0,0,0,0,0,0,False,False,False,False,False,False,True,False,False,baseline_value_here,baseline_value_here,of_Origin_USA,RAM,1500,2023.0,39764.664,39764.664
2463,171036.0,9.0,0,0,0,0,0,0,False,False,False,False,False,False,False,False,False,4,Sedan,of_Origin_South Korea,Hyundai,Elantra,2018.0,9418.408,9418.408
34037,21903.0,2.0,0,0,0,0,0,0,False,False,False,False,False,False,False,True,False,8,Pickup Truck,of_Origin_USA,GMC,Sierra,2025.0,75272.11,75272.11
25163,33402.0,4.0,0,0,0,0,1,0,False,False,False,False,False,False,True,False,False,4,SUV,of_Origin_Japan,Honda,CR-V,2023.0,32831.42,32831.42
31497,148254.0,8.0,0,0,0,0,0,0,False,False,False,False,True,False,False,False,False,baseline_value_here,baseline_value_here,of_Origin_South Korea,Hyundai,SANTA,2019.0,13004.468,13004.468
15388,43154.0,4.0,0,0,0,0,0,0,False,False,False,False,False,True,False,False,False,4,SUV,of_Origin_Japan,Lexus,RX,2023.0,50089.516,50089.516
25970,46566.0,2.0,0,0,0,0,0,0,False,False,False,False,False,False,False,False,False,4,Sedan,of_Origin_South Korea,Hyundai,Elantra,2025.0,26868.893,26868.893
30522,6280.0,3.0,0,0,0,0,0,0,False,False,False,False,False,False,True,False,False,4,Pickup Truck,of_Origin_Japan,Toyota,Tacoma,2024.0,43781.516,43781.516
7200,56551.0,6.0,0,0,0,0,0,0,False,False,False,False,False,True,False,False,False,6,Sedan,of_Origin_USA,Cadillac,CT5,2021.0,48169.637,48169.637
8775,20046.0,2.0,0,0,0,0,0,0,False,False,False,False,False,False,True,False,False,6,SUV,of_Origin_USA,Dodge,Durango,2025.0,63842.49,63842.49
24571,103852.0,7.0,0,0,0,0,1,0,False,False,False,False,False,True,False,False,False,4,SUV,of_Origin_Sweden,Volvo,XC60,2020.0,26726.05,26726.05
32071,90859.0,4.0,0,0,0,0,0,0,False,False,False,False,True,False,False,False,False,4,Sedan,of_Origin_South Korea,Kia,Forte,2023.0,20534.834,20534.834
36792,18033.0,3.0,0,0,0,0,0,0,True,False,False,False,False,False,True,False,False,4,Hatchback,baseline_value_here,Volkswagen,Golf,2024.0,48262.527,48262.527
15587,46550.0,5.0,0,0,0,0,0,0,False,False,False,False,False,True,False,False,False,4,SUV,of_Origin_Japan,Lexus,RX,2022.0,45367.09,45367.09
16293,13081.0,3.0,0,0,0,0,0,0,False,False,False,False,False,True,False,False,False,4,SUV,of_Origin_USA,Lincoln,Corsair,2024.0,47009.473,47009.473
27985,100000.0,5.0,0,0,0,0,0,0,False,True,False,False,False,True,False,False,False,6,SUV,of_Origin_Japan,baseline_value_here,MDX,2022.0,41111.156,41111.156
16257,60595.0,4.0,0,0,1,0,0,0,False,False,False,False,False,True,False,False,False,6,SUV,of_Origin_USA,Lincoln,Aviator,2023.0,51398.87,51398.87
4559,73609.0,4.0,0,0,0,0,0,0,False,False,False,False,False,True,False,False,False,6,Hatchback,baseline_value_here,Audi,S5,2023.0,43315.812,43315.812
13028,90.0,3.0,0,0,0,0,0,0,False,False,False,False,False,True,False,False,False,4,SUV,of_Origin_Japan,Infiniti,QX55,2024.0,55062.652,55062.652
12884,33732.0,8.0,0,0,0,0,0,0,False,False,False,False,False,True,False,False,False,4,SUV,of_Origin_Japan,Infiniti,QX50,2019.0,21610.164,21610.164
4081,53109.0,4.0,0,0,0,0,0,0,False,True,False,False,False,True,False,False,False,6,SUV,of_Origin_Japan,baseline_value_here,MDX,2023.0,48599.457,48599.457
33520,300.0,1.0,0,0,0,0,0,0,False,True,False,False,False,False,True,False,False,6,Minivan,of_Origin_Japan,Honda,Odyssey,2026.0,60248.26,60248.26
19346,152570.0,4.0,0,0,0,0,0,1,False,True,False,False,False,False,False,False,False,4,SUV,of_Origin_Japan,Mitsubishi,Outlander,2023.0,27678.98,27678.98
27376,52979.0,2.0,0,0,0,0,0,0,False,False,False,False,False,False,True,False,False,4,SUV,of_Origin_Japan,Nissan,Kicks,2025.0,27727.428,27727.428
28819,22668.0,3.0,0,1,1,0,0,0,False,True,False,False,False,False,False,False,False,4,SUV,of_Origin_Japan,Mitsubishi,Outlander,2024.0,37521.99,37521.99
20163,69808.0,3.0,0,0,0,0,0,0,False,False,False,False,False,False,True,False,False,4,SUV,of_Origin_Japan,Nissan,Kicks,2024.0,27043.986,27043.986
27741,211915.0,18.0,0,0,0,0,0,0,False,False,False,False,False,False,False,False,False,4,SUV,of_Origin_South Korea,Hyundai,Santa,2009.0,3491.053,3491.053
7237,126300.0,4.0,0,0,0,0,0,0,False,False,False,False,False,True,False,False,False,4,SUV,of_Origin_USA,Cadillac,XT5,2023.0,33638.113,33638.113
25317,42398.0,3.0,0,0,0,0,0,0,False,False,False,False,False,False,True,False,False,4,Sedan,of_Origin_Japan,Honda,Accord,2024.0,27368.676,27368.676
20408,862.0,2.0,0,0,0,0,0,0,False,False,False,False,False,False,True,False,False,4,SUV,of_Origin_Japan,Nissan,Kicks,2025.0,33835.008,33835.008
7181,127453.0,8.0,0,0,0,0,0,0,False,False,False,False,False,True,False,False,False,4,SUV,of_Origin_USA,Cadillac,XT4,2019.0,22974.262,22974.262
2664,67050.0,7.0,0,0,0,0,0,0,False,True,False,False,False,False,True,False,False,4,SUV,baseline_value_here,Volkswagen,Atlas,2020.0,31417.486,31417.486
19618,123580.0,10.0,0,1,0,0,0,0,False,False,False,False,False,False,False,False,False,4,SUV,of_Origin_Japan,Mitsubishi,RVR,2017.0,13178.108,13178.108
21850,36625.0,3.0,0,0,0,0,0,0,False,True,False,False,False,False,True,False,False,4,SUV,of_Origin_Japan,Subaru,Outback,2024.0,37871.66,37871.66
24700,106128.0,5.0,0,0,0,0,0,1,False,False,False,False,False,True,False,False,False,4,SUV,of_Origin_Sweden,Volvo,XC60,2022.0,40514.227,40514.227
12725,104045.0,13.0,0,0,0,0,0,0,False,False,False,False,False,True,False,False,False,4,SUV,of_Origin_Japan,Infiniti,QX50,2014.0,10951.285,10951.285
26059,115125.0,5.0,0,0,0,0,0,0,False,False,False,False,False,False,False,True,False,8,Pickup Truck,of_Origin_USA,GMC,Sierra,2022.0,46623.16,46623.16
11224,83753.0,9.0,0,0,0,0,0,0,False,False,False,False,False,False,True,False,False,4,SUV,of_Origin_Japan,Honda,CR-V,2018.0,21120.83,21120.83
9584,192000.0,18.0,0,0,0,0,0,0,False,False,False,False,True,False,True,False,False,4,Sedan,of_Origin_USA,Ford,Fusion,2009.0,1556.0931,1556.0931
19672,214000.0,15.0,0,0,0,0,0,0,False,False,False,False,True,False,False,False,False,4,Sedan,of_Origin_Japan,Mitsubishi,Lancer,2012.0,5129.533,5129.533
3074,84844.0,6.0,0,0,0,0,0,0,False,False,False,False,False,True,False,False,False,baseline_value_here,baseline_value_here,baseline_value_here,BMW,3,2021.0,29903.95,29903.95
27534,450.0,1.0,0,0,0,0,0,0,False,False,False,False,False,False,False,True,False,4,SUV,of_Origin_USA,GMC,Terrain,2026.0,52288.508,52288.508
31783,155526.0,14.0,0,0,0,0,0,0,False,False,False,False,True,False,True,False,False,4,SUV,of_Origin_USA,Ford,Edge,2013.0,6444.302,6444.302
2810,106655.0,9.0,0,0,0,0,0,0,False,True,False,False,False,True,False,False,False,6,SUV,baseline_value_here,BMW,X5,2018.0,26041.662,26041.662
26008,85797.0,6.0,0,0,0,0,0,1,False,False,False,False,False,False,True,False,False,4,SUV,of_Origin_Japan,Toyota,Highlander,2021.0,35739.56,35739.56
23031,105764.0,7.0,1,0,0,0,0,0,False,False,False,False,False,False,True,False,False,4,SUV,of_Origin_Japan,Toyota,RAV,2020.0,28029.186,28029.186
23489,3700.0,4.0,0,0,0,0,0,0,False,False,False,False,False,False,True,False,False,4,Sedan,baseline_value_here,Volkswagen,Jetta,2023.0,27310.264,27310.264
22897,131153.0,6.0,0,0,0,0,0,0,False,False,False,False,False,False,True,False,False,6,SUV,of_Origin_Japan,Toyota,Highlander,2021.0,36010.74,36010.74
6533,115895.0,7.0,0,0,0,0,0,0,False,False,False,False,False,False,False,True,False,4,SUV,of_Origin_USA,Buick,Encore,2020.0,17971.928,17971.928
37706,100000.0,17.0,0,0,0,0,0,0,True,False,False,False,False,False,True,False,False,4,SUV,of_Origin_USA,Ford,Escape,2010.0,15051.096,15051.096
25587,30180.0,3.0,0,0,0,0,0,0,False,False,False,False,False,False,True,False,False,4,Sedan,of_Origin_Japan,Toyota,Corolla,2024.0,29351.57,29351.57
17300,30028.0,8.0,0,0,0,0,0,0,False,False,False,False,False,False,False,False,True,4,SUV,of_Origin_UK,MINI,Countryman,2019.0,24024.742,24024.742
1071,36326.0,3.0,0,0,0,0,0,0,False,False,False,False,False,False,True,False,False,6,Pickup Truck,of_Origin_USA,Ford,F-150,2024.0,65159.91,65159.91
13482,121119.0,9.0,0,0,0,0,0,0,False,False,False,False,False,False,True,False,False,6,SUV,of_Origin_USA,Jeep,Grand,2018.0,23918.52,23918.52
1255,63391.0,8.0,0,0,0,0,0,0,False,False,False,False,False,False,True,False,False,4,Sedan,of_Origin_Japan,Honda,Civic,2019.0,21122.404,21122.404
28235,43429.0,3.0,1,0,0,0,0,0,False,False,False,False,False,False,False,False,False,8,Pickup Truck,of_Origin_USA,Chevrolet,Silverado,2024.0,51226.69,51226.69
534,97000.0,5.0,0,0,0,0,0,0,False,False,False,False,False,False,True,False,False,4,SUV,baseline_value_here,Volkswagen,Tiguan,2022.0,24249.873,24249.873
26384,36647.0,3.0,0,0,0,0,0,0,False,True,False,False,False,False,False,False,False,6,SUV,of_Origin_South Korea,Hyundai,Palisade,2024.0,46540.645,46540.645
35535,26012.0,2.0,0,0,0,0,0,0,False,False,False,False,False,True,False,False,False,4,SUV,baseline_value_here,Mercedes-Benz,GLA,2025.0,44318.883,44318.883
868,2966.0,1.0,0,0,0,0,0,0,False,False,False,False,False,False,False,False,False,4,Coupe,of_Origin_Japan,Mitsubishi,Eclipse,2026.0,39484.24,39484.24
28233,25123.0,3.0,1,0,0,0,0,0,False,False,False,False,False,False,False,False,False,8,Pickup Truck,of_Origin_USA,Chevrolet,Silverado,2024.0,45536.727,45536.727
33833,26586.0,3.0,1,0,0,0,0,0,False,False,False,False,False,False,True,False,False,4,SUV,of_Origin_Japan,Nissan,Kicks,2024.0,27229.232,27229.232
36954,97726.0,8.0,0,0,0,0,0,0,False,False,False,False,False,False,True,False,False,4,SUV,of_Origin_Japan,Honda,CR-V,2019.0,23754.666,23754.666
11006,138294.0,9.0,0,0,0,0,1,0,False,False,False,False,False,False,True,False,False,4,Sedan,of_Origin_Japan,Honda,Civic,2018.0,16455.3,16455.3
5695,80057.0,5.0,0,0,1,0,0,0,False,False,False,False,False,True,False,False,False,4,SUV,baseline_value_here,BMW,X3,2022.0,33847.523,33847.523
21905,14122.0,3.0,0,1,1,0,0,0,True,True,False,False,False,False,True,False,False,4,Sedan,of_Origin_Japan,Subaru,WRX,2024.0,38147.645,38147.645
24593,106820.0,6.0,0,0,0,0,0,1,False,False,False,False,False,True,False,False,False,4,SUV,of_Origin_Sweden,Volvo,XC90,2021.0,37336.035,37336.035
32600,38588.0,3.0,0,0,0,0,0,0,False,False,False,False,False,False,True,False,False,6,SUV,of_Origin_USA,Jeep,Wrangler,2024.0,47312.06,47312.06
8311,60698.0,4.0,0,0,0,0,0,0,False,False,False,False,False,False,True,False,False,6,Minivan,of_Origin_USA,Chrysler,Grand,2023.0,34530.055,34530.055
8424,73669.0,10.0,0,0,0,0,0,0,False,False,False,False,True,False,True,False,False,baseline_value_here,baseline_value_here,of_Origin_USA,Chrysler,300,2017.0,23329.115,23329.115
290,36663.0,5.0,0,0,0,0,0,0,True,False,False,False,False,False,True,False,False,4,Sedan,of_Origin_Japan,Honda,Civic,2022.0,44833.387,44833.387
30728,148034.0,10.0,0,0,0,0,0,0,False,False,False,False,False,True,False,False,False,4,Sedan,baseline_value_here,Mercedes-Benz,CLA,2017.0,17578.861,17578.861
38020,92796.0,13.0,0,0,0,0,1,0,False,False,False,False,True,True,False,False,False,6,Sedan,of_Origin_Japan,Infiniti,Q50,2014.0,15104.123,15104.123
17681,80000.0,6.0,0,0,0,0,0,0,False,False,False,False,False,False,True,False,False,4,SUV,of_Origin_Japan,Mazda,CX-5,2021.0,25305.902,25305.902
36178,117469.0,13.0,0,0,0,0,0,0,False,False,False,False,True,False,True,False,False,4,SUV,of_Origin_USA,Dodge,Journey,2014.0,8552.624,8552.624
18564,55688.0,6.0,0,0,0,0,0,0,False,False,False,False,False,True,False,False,False,4,SUV,baseline_value_here,Mercedes-Benz,GLA,2021.0,37096.06,37096.06
2481,48130.0,4.0,0,0,0,0,0,0,False,False,False,False,False,True,False,False,False,4,SUV,of_Origin_Japan,Lexus,NX,2023.0,45531.402,45531.402
27424,87156.0,15.0,0,0,0,0,0,0,False,False,False,False,True,False,False,False,False,6,Coupe,of_Origin_South Korea,Hyundai,Genesis,2012.0,15080.53,15080.53
8890,53125.0,5.0,0,0,0,0,0,0,False,False,False,False,False,False,True,False,False,6,SUV,of_Origin_USA,Dodge,Durango,2022.0,43488.777,43488.777
23588,62215.0,5.0,0,1,0,0,0,0,False,False,False,False,False,False,True,False,False,4,SUV,baseline_value_here,Volkswagen,Tiguan,2022.0,25789.182,25789.182
32511,65125.0,5.0,0,0,0,0,0,1,False,False,False,False,False,False,True,False,False,4,SUV,of_Origin_USA,Ford,Escape,2022.0,28621.23,28621.23
37119,108032.0,3.0,0,0,0,0,0,0,False,False,False,False,False,False,True,False,False,4,Sedan,of_Origin_Japan,Honda,Civic,2024.0,25305.764,25305.764
9069,181290.0,10.0,1,0,0,0,1,0,False,False,False,False,False,False,True,False,False,6,SUV,of_Origin_USA,Dodge,Durango,2017.0,18446.844,18446.844
23584,55551.0,5.0,0,0,0,0,0,0,False,False,False,False,False,False,True,False,False,4,SUV,baseline_value_here,Volkswagen,Tiguan,2022.0,25564.309,25564.309
13854,49985.0,2.0,0,0,0,0,0,0,False,False,False,False,False,False,False,False,False,4,SUV,of_Origin_South Korea,Kia,Seltos,2025.0,31342.023,31342.023
22908,124677.0,5.0,0,0,0,0,0,0,False,False,False,False,False,False,True,False,False,4,SUV,of_Origin_Japan,Toyota,RAV,2022.0,29029.537,29029.537
20535,164284.0,13.0,0,0,0,0,0,0,False,False,False,False,False,False,True,False,False,4,Sedan,of_Origin_Japan,Nissan,Sentra,2014.0,6492.0933,6492.0933
6492,12531.0,3.0,0,0,0,0,0,0,False,False,False,False,False,False,False,True,False,4,SUV,of_Origin_USA,Buick,Encore,2024.0,28301.164,28301.164
16239,123933.0,5.0,0,0,0,0,0,0,False,False,True,False,False,True,False,False,False,6,SUV,of_Origin_USA,Lincoln,Navigator,2022.0,59702.78,59702.78
20240,11339.0,2.0,0,0,0,0,0,0,False,True,False,False,False,False,True,False,False,6,SUV,of_Origin_Japan,Nissan,Murano,2025.0,48503.98,48503.98
6257,24118.0,5.0,0,0,0,0,0,0,False,False,False,False,False,False,False,True,False,4,SUV,of_Origin_USA,Buick,Encore,2022.0,28301.793,28301.793
34343,300.0,1.0,0,0,0,0,0,1,False,False,False,False,False,False,True,False,False,4,Sedan,of_Origin_Japan,Honda,Civic,2026.0,43238.91,43238.91
12053,15046.0,2.0,0,0,0,0,0,0,False,True,False,False,False,False,False,False,False,6,SUV,of_Origin_South Korea,Hyundai,Palisade,2025.0,59772.652,59772.652
10813,50375.0,3.0,0,0,0,0,0,0,False,False,False,False,False,True,False,False,False,6,SUV,of_Origin_South Korea,Genesis,GV70,2024.0,49487.684,49487.684
7374,220000.0,11.0,0,0,0,0,0,0,False,False,False,False,True,True,False,False,False,4,SUV,of_Origin_USA,Cadillac,SRX,2016.0,9633.102,9633.102
28724,361.0,2.0,0,0,0,0,0,0,False,False,False,False,False,False,False,False,False,4,SUV,of_Origin_USA,Chevrolet,Blazer,2025.0,61460.527,61460.527
37115,62339.0,8.0,0,0,0,0,0,0,False,False,False,False,False,False,True,False,False,4,Sedan,of_Origin_Japan,Honda,Accord,2019.0,21848.773,21848.773
29292,41637.0,3.0,0,0,0,0,1,0,False,False,True,False,False,False,True,False,False,6,SUV,of_Origin_Japan,Nissan,Pathfinder,2024.0,47955.668,47955.668
16443,108415.0,7.0,0,0,0,0,0,0,False,False,False,False,False,True,False,False,False,4,SUV,of_Origin_USA,Lincoln,Nautilus,2020.0,25803.488,25803.488
7888,104037.0,12.0,0,0,0,0,0,0,True,False,False,False,True,False,False,False,False,4,Sedan,of_Origin_USA,Chevrolet,Cruze,2015.0,12393.59,12393.59
19504,44563.0,4.0,0,0,0,0,0,0,False,True,False,False,False,False,False,False,False,4,SUV,of_Origin_Japan,Mitsubishi,Outlander,2023.0,32449.99,32449.99
7849,41784.0,7.0,0,0,1,0,0,0,False,False,False,False,False,False,False,False,False,4,SUV,of_Origin_USA,Chevrolet,Trax,2020.0,22984.32,22984.32
16251,108169.0,5.0,0,0,0,0,0,0,False,False,False,False,False,True,False,False,False,6,SUV,of_Origin_USA,Lincoln,Aviator,2022.0,39760.33,39760.33
17272,22904.0,2.0,0,1,0,0,0,0,False,False,False,False,False,False,False,False,True,4,SUV,of_Origin_UK,MINI,Countryman,2025.0,45485.63,45485.63
15480,41288.0,5.0,0,0,0,0,0,0,False,False,False,False,False,True,False,False,False,4,SUV,of_Origin_Japan,Lexus,NX,2022.0,44325.055,44325.055
22822,36248.0,2.0,0,0,0,0,0,0,False,False,False,False,False,False,True,False,False,4,Sedan,of_Origin_Japan,Toyota,Corolla,2025.0,28493.84,28493.84
9602,4000.0,1.0,0,0,0,0,0,0,False,False,False,False,False,False,True,False,False,4,SUV,of_Origin_USA,Ford,Explorer,2026.0,49917.773,49917.773
17964,144910.0,7.0,0,0,0,0,0,0,False,False,False,False,True,False,True,False,False,4,SUV,of_Origin_Japan,Mazda,CX-9,2020.0,20851.32,20851.32
32147,219000.0,21.0,0,0,0,0,0,0,False,False,False,False,True,False,True,False,False,6,Pickup Truck,of_Origin_Japan,Nissan,Frontier,2006.0,5618.5977,5618.5977
10656,10503.0,1.0,0,0,0,0,0,0,False,False,False,False,False,False,False,True,False,8,Pickup Truck,of_Origin_USA,GMC,Sierra,2026.0,76716.25,76716.25
1719,18729.0,2.0,0,0,0,0,0,0,False,False,False,False,False,False,True,False,False,6,Pickup Truck,of_Origin_USA,Ford,F-150,2025.0,72829.83,72829.83
16418,85390.0,11.0,0,0,0,0,0,0,False,False,False,False,True,True,False,False,False,4,SUV,of_Origin_USA,Lincoln,MKC,2016.0,17087.527,17087.527
23780,180300.0,7.0,0,1,0,0,0,0,False,False,False,False,False,False,True,False,False,4,SUV,baseline_value_here,Volkswagen,Tiguan,2020.0,15524.383,15524.383
1017,46354.0,7.0,0,0,0,0,0,0,False,False,False,False,False,True,False,False,False,4,Sedan,of_Origin_Japan,Lexus,ES,2020.0,33914.297,33914.297
17923,17840.0,3.0,0,0,0,0,0,0,False,False,False,False,False,False,True,False,False,4,SUV,of_Origin_Japan,Mazda,CX-5,2024.0,34851.793,34851.793
16786,499.0,1.0,0,0,0,0,0,0,False,False,False,False,False,True,False,False,False,6,SUV,of_Origin_USA,Lincoln,Aviator,2026.0,82057.836,82057.836
11181,81531.0,2.0,0,0,0,0,0,1,False,False,False,False,False,False,True,False,False,4,SUV,of_Origin_Japan,Honda,CR-V,2025.0,41555.707,41555.707
23636,60614.0,3.0,0,0,0,0,0,0,False,True,False,False,False,False,True,False,False,4,SUV,baseline_value_here,Volkswagen,Atlas,2024.0,43935.496,43935.496
17661,84378.0,4.0,0,0,0,0,0,0,False,False,False,False,False,False,True,False,False,4,SUV,of_Origin_Japan,Mazda,CX-5,2023.0,29506.81,29506.81
8366,97666.0,5.0,0,0,0,0,0,0,False,False,False,False,False,False,True,False,False,6,Minivan,of_Origin_USA,Chrysler,Pacifica,2022.0,30675.547,30675.547
10323,3245.0,1.0,0,0,0,0,0,0,False,False,False,False,False,False,False,True,False,8,Pickup Truck,of_Origin_USA,GMC,Sierra,2026.0,71424.016,71424.016
8532,28369.0,3.0,0,0,1,0,0,0,False,False,False,False,False,False,True,False,False,6,Minivan,of_Origin_USA,Chrysler,Pacifica,2024.0,42408.684,42408.684
29363,23695.0,4.0,0,0,0,0,0,0,False,False,False,False,False,True,False,False,False,6,Sedan,baseline_value_here,Mercedes-Benz,E-Class,2023.0,63706.094,63706.094
31976,73000.0,4.0,0,0,0,0,0,1,False,False,False,False,False,False,True,False,False,4,SUV,of_Origin_Japan,Honda,CR-V,2023.0,37093.734,37093.734
28045,108327.0,9.0,0,0,0,0,0,0,False,False,False,False,False,False,False,False,False,4,Sedan,of_Origin_South Korea,Hyundai,Elantra,2018.0,13190.447,13190.447
36530,136548.0,5.0,0,0,0,0,0,0,False,False,False,False,False,False,False,False,False,4,Pickup Truck,of_Origin_USA,Chevrolet,Colorado,2022.0,26998.502,26998.502
19289,20465.0,3.0,0,0,0,0,0,0,False,True,False,False,False,False,False,False,False,4,SUV,of_Origin_Japan,Mitsubishi,Outlander,2024.0,38166.438,38166.438
26014,137025.0,9.0,0,0,0,0,0,0,False,False,False,False,False,False,True,False,False,4,SUV,of_Origin_Japan,Mazda,CX-5,2018.0,18979.984,18979.984
35160,235000.0,13.0,0,0,0,0,0,0,False,False,False,False,False,False,True,False,False,6,Sedan,of_Origin_USA,Dodge,Charger,2014.0,8891.614,8891.614
31158,795.0,1.0,0,0,0,0,0,0,False,False,False,False,False,False,False,True,False,8,Pickup Truck,of_Origin_USA,GMC,Sierra,2026.0,86838.18,86838.18
32874,33161.0,3.0,0,0,0,0,0,0,False,False,False,False,False,True,False,False,False,4,SUV,of_Origin_Japan,Lexus,RX,2024.0,50955.41,50955.41
4623,53858.0,13.0,0,0,0,0,0,0,False,False,False,False,True,True,False,False,False,baseline_value_here,Coupe,baseline_value_here,Audi,R8,2014.0,87018.15,87018.15
10695,5580.0,1.0,0,0,0,0,0,0,False,False,False,False,False,True,False,False,False,6,SUV,of_Origin_South Korea,Genesis,GV70,2026.0,64912.113,64912.113
12212,6060.0,1.0,0,0,0,0,0,0,False,True,False,False,False,False,False,False,False,6,SUV,of_Origin_South Korea,Hyundai,Palisade,2026.0,58611.598,58611.598
28557,30651.0,4.0,0,0,0,0,0,0,False,False,False,False,False,False,True,False,False,4,SUV,of_Origin_Japan,Mazda,CX-5,2023.0,31777.094,31777.094
38733,29164.0,3.0,1,0,0,0,0,0,False,False,False,False,False,False,False,False,False,8,Pickup Truck,of_Origin_USA,Chevrolet,Silverado,2024.0,44586.21,44586.21
37073,126486.0,4.0,0,0,0,0,0,0,False,False,False,False,False,False,True,False,False,4,SUV,of_Origin_Japan,Nissan,Kicks,2023.0,21770.35,21770.35
269,116725.0,5.0,0,0,0,0,0,0,False,False,False,False,False,False,True,False,False,4,Sedan,of_Origin_Japan,Honda,Civic,2022.0,22747.244,22747.244
26354,12395.0,16.0,0,0,0,0,0,0,False,False,False,False,True,True,False,False,False,6,baseline_value_here,baseline_value_here,Mercedes-Benz,SL,2011.0,66117.85,66117.85
1934,144000.0,14.0,0,0,0,0,0,0,False,False,True,False,False,False,True,False,False,6,SUV,of_Origin_Japan,Honda,Pilot,2013.0,16333.561,16333.561
24957,72002.0,4.0,0,0,0,0,0,0,False,False,False,False,False,False,True,False,False,4,SUV,baseline_value_here,Volkswagen,Tiguan,2023.0,28029.17,28029.17
25191,33358.0,5.0,0,0,0,0,0,0,False,False,False,False,False,False,True,False,False,4,SUV,baseline_value_here,Volkswagen,Taos,2022.0,24585.184,24585.184
25953,77402.0,12.0,0,0,0,0,0,0,False,False,False,False,False,True,False,False,False,4,Sedan,baseline_value_here,Mercedes-Benz,C-Class,2015.0,21022.352,21022.352
21255,79442.0,4.0,0,0,0,0,0,0,False,False,False,False,False,False,True,False,False,6,Van,of_Origin_USA,RAM,ProMaster,2023.0,37192.062,37192.062
17494,111000.0,8.0,0,0,0,0,0,0,False,False,False,False,False,False,False,False,True,4,baseline_value_here,of_Origin_UK,MINI,Convertible,2019.0,18789.979,18789.979
31732,6000.0,1.0,0,0,0,0,0,1,False,True,False,False,False,False,True,False,False,6,SUV,of_Origin_Japan,Mazda,CX-90,2026.0,61905.67,61905.67
24820,96410.0,3.0,0,0,0,0,0,1,False,False,False,False,False,True,False,False,False,4,Wagon,of_Origin_Sweden,Volvo,V60,2024.0,46246.73,46246.73
31423,71000.0,7.0,0,0,0,0,0,0,False,True,False,False,False,True,False,False,False,6,SUV,baseline_value_here,BMW,X5,2020.0,46653.46,46653.46
25615,86585.0,4.0,0,0,0,0,0,0,False,False,False,False,False,False,True,False,False,4,Sedan,of_Origin_Japan,Honda,Civic,2023.0,25178.646,25178.646
864,41971.0,3.0,0,0,0,0,0,0,False,True,False,False,False,False,True,False,False,4,SUV,baseline_value_here,Volkswagen,Atlas,2024.0,47054.8,47054.8
31100,40395.0,2.0,0,0,0,0,0,0,True,False,False,False,False,False,True,False,False,3,Hatchback,of_Origin_Japan,Toyota,GR,2025.0,15570.959,15570.959
13214,1500.0,2.0,0,0,0,0,0,0,False,False,False,False,False,True,False,False,False,4,SUV,of_Origin_Japan,Infiniti,QX50,2025.0,63655.855,63655.855
7382,240545.0,10.0,0,0,0,0,0,0,False,False,False,False,False,True,False,False,False,4,SUV,of_Origin_USA,Cadillac,XT5,2017.0,11158.263,11158.263
27453,54300.0,4.0,0,0,0,0,0,0,False,True,False,False,False,True,False,False,False,6,SUV,of_Origin_South Korea,Genesis,GV80,2023.0,49301.836,49301.836
27719,65000.0,7.0,0,0,0,0,0,0,True,True,False,False,False,False,True,False,False,4,Sedan,of_Origin_Japan,Subaru,WRX,2020.0,31924.182,31924.182
33131,115125.0,14.0,0,0,0,0,0,0,False,False,False,False,False,False,True,False,False,4,Pickup Truck,of_Origin_Japan,Toyota,Tacoma,2013.0,17524.775,17524.775
17266,103000.0,10.0,0,0,0,0,0,0,False,False,False,False,False,False,False,False,True,4,baseline_value_here,of_Origin_UK,MINI,Convertible,2017.0,16249.905,16249.905
15407,12163.0,2.0,1,0,1,0,0,0,False,False,False,False,False,True,False,False,False,4,SUV,of_Origin_Japan,Lexus,NX,2025.0,61168.035,61168.035
33758,30231.0,4.0,0,0,0,0,0,0,False,True,False,False,False,False,True,False,False,4,SUV,of_Origin_Japan,Subaru,Outback,2023.0,36643.664,36643.664
13969,89644.0,5.0,1,0,0,0,0,0,False,False,False,False,True,False,False,False,False,4,Sedan,of_Origin_South Korea,Kia,Forte,2022.0,18114.22,18114.22
31140,499.0,1.0,0,0,0,0,0,0,False,False,False,False,False,False,True,False,False,4,SUV,of_Origin_USA,Ford,Bronco,2026.0,60521.71,60521.71
34791,6847.0,2.0,0,0,0,0,0,0,False,False,True,False,False,False,True,False,False,6,SUV,of_Origin_USA,Ford,Expedition,2025.0,90258.94,90258.94
12889,70783.0,5.0,0,1,0,0,0,0,False,False,False,False,False,True,False,False,False,6,SUV,of_Origin_Japan,Infiniti,QX60,2022.0,34150.594,34150.594
21811,19557.0,4.0,1,0,1,0,0,0,False,False,False,False,False,False,True,False,False,4,Sedan,of_Origin_Japan,Subaru,Impreza,2023.0,26680.217,26680.217
16314,50108.0,4.0,0,0,0,0,0,0,False,False,False,False,False,True,False,False,False,6,SUV,of_Origin_USA,Lincoln,Aviator,2023.0,52237.926,52237.926
7323,207217.0,10.0,1,0,0,0,0,0,False,False,False,True,False,True,False,False,False,8,SUV,of_Origin_USA,Cadillac,Escalade,2017.0,27727.031,27727.031
22805,29777.0,2.0,0,0,0,0,0,0,False,False,False,False,False,False,True,False,False,4,SUV,of_Origin_Japan,Toyota,RAV,2025.0,39719.36,39719.36
616,75622.0,4.0,0,0,0,0,0,0,False,False,False,False,False,False,False,False,False,4,SUV,of_Origin_South Korea,Kia,Sportage,2023.0,24886.742,24886.742
2318,151296.0,13.0,0,0,0,0,0,0,False,False,False,False,False,False,True,False,False,4,SUV,of_Origin_Japan,Mazda,CX-5,2014.0,11100.406,11100.406
30123,77106.0,3.0,0,0,0,0,0,0,False,False,False,False,False,False,False,False,False,8,Pickup Truck,of_Origin_USA,Chevrolet,Silverado,2024.0,46982.34,46982.34
32655,48300.0,2.0,0,0,0,0,0,0,False,False,False,False,False,False,False,False,False,4,Sedan,of_Origin_South Korea,Hyundai,Elantra,2025.0,27680.422,27680.422
12474,11421.0,2.0,0,0,0,0,0,0,False,False,False,False,False,False,False,False,False,4,Sedan,of_Origin_South Korea,Hyundai,Sonata,2025.0,30744.062,30744.062
10354,88086.0,5.0,0,0,0,0,0,0,False,False,False,False,False,False,False,True,False,8,Pickup Truck,of_Origin_USA,GMC,Sierra,2022.0,48312.72,48312.72
3571,6471.0,1.0,0,0,0,0,0,0,False,False,False,False,False,True,False,False,False,4,SUV,of_Origin_Japan,baseline_value_here,RDX,2026.0,57012.76,57012.76
34969,77603.0,3.0,0,0,0,0,0,0,False,False,False,False,False,False,True,False,False,4,SUV,baseline_value_here,Volkswagen,Taos,2024.0,25704.02,25704.02
36787,25555.0,3.0,0,0,0,0,0,0,True,False,False,False,False,False,True,False,False,4,Hatchback,baseline_value_here,Volkswagen,Golf,2024.0,48022.742,48022.742
8573,24938.0,3.0,0,0,0,0,0,0,False,False,False,False,False,False,True,False,False,6,Minivan,of_Origin_USA,Chrysler,Pacifica,2024.0,44665.2,44665.2
23631,17154.0,3.0,0,0,0,0,0,0,False,True,False,False,False,False,True,False,False,4,SUV,baseline_value_here,Volkswagen,Atlas,2024.0,45967.395,45967.395
4127,39445.0,3.0,0,0,0,0,0,0,False,False,False,False,False,True,False,False,False,4,SUV,of_Origin_Japan,baseline_value_here,RDX,2024.0,44501.055,44501.055
25601,34154.0,3.0,0,0,0,0,0,0,False,False,False,False,False,False,True,False,False,4,Sedan,of_Origin_Japan,Toyota,Corolla,2024.0,31248.611,31248.611
20557,85621.0,6.0,0,0,0,0,0,0,False,False,False,False,False,False,True,False,False,4,SUV,of_Origin_Japan,Nissan,Rogue,2021.0,20932.11,20932.11
1981,169000.0,6.0,0,0,1,0,1,0,False,False,False,False,False,False,True,False,False,6,SUV,of_Origin_USA,Dodge,Durango,2021.0,27443.334,27443.334
29941,156000.0,9.0,0,0,0,0,0,0,False,True,False,False,False,True,False,False,False,baseline_value_here,baseline_value_here,baseline_value_here,BMW,5,2018.0,24188.959,24188.959
9333,240000.0,10.0,1,0,0,0,0,0,False,False,False,False,False,False,True,False,False,4,SUV,of_Origin_USA,Ford,Escape,2017.0,6753.2173,6753.2173
30881,167000.0,14.0,1,0,0,0,0,0,False,False,False,False,True,False,True,False,False,6,SUV,of_Origin_USA,Ford,Flex,2013.0,8211.477,8211.477
13675,10120.0,3.0,0,0,0,0,0,0,False,False,False,False,False,False,True,False,False,4,SUV,of_Origin_USA,Jeep,Compass,2024.0,32301.295,32301.295
20558,184692.0,8.0,0,0,0,0,0,0,False,False,False,False,False,False,True,False,False,4,Sedan,of_Origin_Japan,Nissan,Sentra,2019.0,9392.869,9392.869
613,15083.0,4.0,0,0,0,0,0,0,False,False,False,False,False,False,True,False,False,6,SUV,of_Origin_Japan,Toyota,Highlander,2023.0,54861.51,54861.51
30298,62831.0,4.0,0,0,0,0,0,0,False,False,False,False,False,False,True,False,False,4,SUV,of_Origin_Japan,Nissan,Rogue,2023.0,24615.518,24615.518
32088,37770.0,2.0,0,0,0,0,0,0,False,False,False,False,False,True,False,False,False,4,Hatchback,of_Origin_Japan,baseline_value_here,Integra,2025.0,41683.71,41683.71
2693,154848.0,10.0,0,1,0,0,0,0,True,False,False,False,False,False,True,False,False,4,Sedan,of_Origin_Japan,Honda,Civic,2017.0,15520.501,15520.501
33788,50190.0,4.0,0,0,1,0,0,0,False,False,False,False,False,True,False,False,False,4,Sedan,of_Origin_USA,Cadillac,CT5,2023.0,43131.832,43131.832
19357,83191.0,4.0,0,0,0,0,0,0,False,False,False,False,False,False,False,False,False,4,SUV,of_Origin_Japan,Mitsubishi,RVR,2023.0,22451.129,22451.129
8541,90952.0,5.0,0,0,0,0,0,0,False,False,False,False,False,False,True,False,False,6,Minivan,of_Origin_USA,Chrysler,Pacifica,2022.0,29545.48,29545.48
698,46500.0,3.0,1,0,1,0,0,0,False,False,True,False,False,False,True,False,False,6,SUV,of_Origin_Japan,Nissan,Pathfinder,2024.0,45443.184,45443.184
8288,178863.0,10.0,1,0,0,0,0,0,False,False,False,False,False,False,True,False,False,6,Minivan,of_Origin_USA,Chrysler,Pacifica,2017.0,17756.494,17756.494
19285,101437.0,8.0,0,0,0,0,0,1,False,True,False,False,False,False,False,False,False,4,SUV,of_Origin_Japan,Mitsubishi,Outlander,2019.0,22037.566,22037.566
38025,149407.0,13.0,0,0,0,0,0,0,False,False,False,False,False,False,True,False,False,4,SUV,of_Origin_Japan,Honda,CR-V,2014.0,13462.152,13462.152
29529,128263.0,9.0,0,0,0,0,0,0,False,True,False,False,False,True,False,False,False,6,SUV,baseline_value_here,BMW,X5,2018.0,30349.355,30349.355
9023,151000.0,10.0,0,0,0,0,0,0,False,False,False,False,True,False,True,False,False,4,SUV,of_Origin_USA,Dodge,Journey,2017.0,9488.419,9488.419
5763,55205.0,5.0,0,0,0,0,0,0,False,False,False,False,False,True,False,False,False,baseline_value_here,baseline_value_here,baseline_value_here,BMW,3,2022.0,40860.31,40860.31
34693,220780.0,13.0,0,0,0,0,0,0,True,False,False,False,False,False,True,False,False,4,Sedan,of_Origin_Japan,Mazda,Mazda3,2014.0,6097.045,6097.045
17811,87550.0,4.0,0,0,0,0,1,0,False,False,False,False,False,False,True,False,False,4,SUV,of_Origin_Japan,Mazda,CX-50,2023.0,29391.854,29391.854
17192,14996.0,2.0,0,0,0,0,0,0,False,False,False,False,False,False,False,False,True,4,SUV,of_Origin_UK,MINI,Countryman,2025.0,41705.766,41705.766
26316,280900.0,19.0,0,0,0,0,0,0,False,False,False,False,False,True,False,False,False,6,SUV,baseline_value_here,Audi,Q7,2008.0,894.0674,894.0674
29299,245819.0,10.0,0,0,0,0,0,0,False,False,False,False,False,False,True,False,False,4,Sedan,of_Origin_Japan,Honda,Civic,2017.0,10833.5625,10833.5625
29939,145581.0,10.0,0,0,0,0,0,0,True,False,False,False,False,False,True,False,False,4,Sedan,of_Origin_Japan,Honda,Civic,2017.0,15438.416,15438.416
13643,5727.0,2.0,0,0,0,0,0,0,False,True,False,False,False,False,True,False,False,6,SUV,of_Origin_USA,Jeep,Wagoneer,2025.0,65787.45,65787.45
33767,95000.0,5.0,0,0,0,0,0,0,False,False,False,False,False,False,True,False,False,4,Sedan,of_Origin_Japan,Honda,Civic,2022.0,23374.6,23374.6
29265,153109.0,9.0,0,0,0,0,0,0,False,False,False,False,False,False,True,False,False,4,SUV,of_Origin_Japan,Mazda,CX-5,2018.0,16544.227,16544.227
36964,114198.0,18.0,0,0,0,0,0,0,False,False,False,False,True,True,False,False,False,6,Sedan,of_Origin_Japan,Infiniti,G,2009.0,6671.9,6671.9
30956,56869.0,3.0,0,0,0,0,0,0,False,True,False,False,False,False,False,False,False,4,SUV,of_Origin_Japan,Mitsubishi,Outlander,2024.0,32594.363,32594.363
16350,147753.0,6.0,0,0,0,0,0,0,False,False,False,False,False,True,False,False,False,4,SUV,of_Origin_USA,Lincoln,Corsair,2021.0,24488.846,24488.846
29244,107765.0,15.0,0,1,1,0,0,0,False,False,False,False,False,False,False,False,False,4,SUV,of_Origin_South Korea,Hyundai,Santa,2012.0,10262.033,10262.033
6529,113013.0,8.0,0,0,0,0,0,0,False,False,False,False,False,False,False,True,False,4,SUV,of_Origin_USA,Buick,Encore,2019.0,16411.16,16411.16
31449,218000.0,15.0,0,0,0,0,0,0,False,False,False,False,False,True,False,False,False,4,Sedan,baseline_value_here,Mercedes-Benz,C-Class,2012.0,8799.248,8799.248
16376,96097.0,5.0,0,0,0,0,0,0,False,False,False,False,False,True,False,False,False,6,SUV,of_Origin_USA,Lincoln,Aviator,2022.0,42565.977,42565.977
19575,63072.0,3.0,0,0,0,0,0,0,False,True,False,False,False,False,False,False,False,4,SUV,of_Origin_Japan,Mitsubishi,Outlander,2024.0,32437.588,32437.588
7246,99396.0,7.0,0,0,0,0,0,0,False,False,False,False,False,True,False,False,False,4,SUV,of_Origin_USA,Cadillac,XT5,2020.0,25417.412,25417.412
33342,167005.0,10.0,0,0,0,0,0,0,False,False,False,False,False,False,True,False,False,4,SUV,of_Origin_Japan,Honda,CR-V,2017.0,16772.223,16772.223
11407,57654.0,4.0,0,0,0,0,0,0,False,False,False,False,False,False,True,False,False,4,SUV,of_Origin_Japan,Honda,HR-V,2023.0,31731.197,31731.197
3176,3446.0,1.0,0,0,0,0,0,0,False,False,False,False,False,False,False,True,False,8,Pickup Truck,of_Origin_USA,GMC,Sierra,2026.0,71424.016,71424.016
32157,116347.0,11.0,0,0,0,0,0,0,False,False,False,False,False,False,True,False,False,4,Sedan,of_Origin_Japan,Honda,Civic,2016.0,14548.318,14548.318
7908,220566.0,8.0,0,0,0,0,0,0,False,False,False,False,True,False,False,False,False,4,Hatchback,of_Origin_USA,Chevrolet,Spark,2019.0,6835.6265,6835.6265
24887,42724.0,2.0,0,0,0,0,0,0,False,True,False,False,False,True,False,False,False,6,SUV,of_Origin_Japan,baseline_value_here,MDX,2025.0,57872.703,57872.703
6335,47819.0,4.0,0,0,1,0,0,0,False,False,False,False,False,False,False,True,False,4,SUV,of_Origin_USA,Buick,Encore,2023.0,29795.674,29795.674
25074,47130.0,2.0,0,0,0,0,0,0,False,False,False,False,False,False,True,False,False,baseline_value_here,baseline_value_here,of_Origin_USA,RAM,1500,2025.0,53148.367,53148.367
26845,41452.0,3.0,0,0,0,0,0,1,False,False,False,False,False,False,False,False,False,4,SUV,of_Origin_South Korea,Kia,Niro,2024.0,45367.992,45367.992
34831,109000.0,8.0,0,0,0,0,0,0,False,False,False,False,False,False,False,False,False,4,Sedan,of_Origin_South Korea,Hyundai,Elantra,2019.0,14511.912,14511.912
602,68450.0,3.0,0,1,0,0,0,0,False,False,False,False,False,True,False,False,False,4,Sedan,of_Origin_Japan,Lexus,IS,2024.0,40566.285,40566.285
12171,73372.0,4.0,0,0,0,0,0,0,False,True,False,False,False,False,False,False,False,6,SUV,of_Origin_South Korea,Hyundai,Palisade,2023.0,37704.918,37704.918
7757,199702.0,8.0,0,0,0,0,1,0,False,False,False,False,False,False,False,False,False,4,SUV,of_Origin_USA,Chevrolet,Trax,2019.0,10891.436,10891.436
34146,240000.0,15.0,0,0,0,0,0,0,False,False,False,False,False,False,True,False,False,4,Pickup Truck,of_Origin_Japan,Toyota,Tacoma,2012.0,19182.27,19182.27
37547,66000.0,2.0,0,0,0,0,0,0,False,False,False,False,False,False,True,False,False,4,SUV,of_Origin_USA,Ford,Bronco,2025.0,26768.428,26768.428
33726,140902.0,6.0,0,0,0,0,0,0,False,False,False,False,False,False,True,False,False,4,SUV,of_Origin_Japan,Toyota,RAV,2021.0,26370.494,26370.494
11032,96000.0,8.0,0,0,0,0,0,0,False,True,False,False,False,False,True,False,False,6,Minivan,of_Origin_Japan,Honda,Odyssey,2019.0,28348.25,28348.25
34406,77463.0,3.0,0,0,0,0,0,0,False,False,False,False,False,False,True,False,False,4,SUV,of_Origin_USA,Ford,Escape,2024.0,29941.234,29941.234
31187,60604.0,4.0,0,0,0,0,0,0,False,False,False,False,False,True,False,False,False,4,Sedan,baseline_value_here,Mercedes-Benz,CLA,2023.0,46220.35,46220.35
33508,237000.0,14.0,0,0,0,0,0,0,False,False,False,False,True,True,False,False,False,6,Sedan,baseline_value_here,Audi,S4,2013.0,16921.873,16921.873
24896,12263.0,2.0,0,0,0,0,0,0,False,False,False,False,False,False,True,False,False,6,Pickup Truck,of_Origin_USA,Ford,F-150,2025.0,78703.87,78703.87
28571,299999.0,13.0,0,0,0,0,0,0,False,False,False,True,False,True,False,False,False,6,SUV,of_Origin_Japan,Lexus,LX,2014.0,33223.562,33223.562
21954,35242.0,6.0,0,1,1,0,0,0,True,True,False,False,False,False,True,False,False,4,Sedan,of_Origin_Japan,Subaru,WRX,2021.0,36979.465,36979.465
18605,161510.0,9.0,0,0,0,0,0,0,False,False,False,False,False,True,False,False,False,6,Sedan,baseline_value_here,Mercedes-Benz,E-Class,2018.0,23873.238,23873.238
30033,15000.0,22.0,0,0,0,0,0,0,False,False,False,False,True,False,True,False,False,6,Coupe,of_Origin_USA,Chrysler,Crossfire,2005.0,25407.305,25407.305
28421,300.0,1.0,0,0,0,0,0,1,False,False,False,False,False,False,True,False,False,4,SUV,of_Origin_Japan,Honda,CR-V,2026.0,51829.53,51829.53
4683,99000.0,5.0,1,0,0,0,0,0,False,False,False,False,False,True,False,False,False,6,SUV,baseline_value_here,Audi,SQ5,2022.0,37981.375,37981.375
34823,98616.0,9.0,0,0,0,0,0,0,False,False,False,False,False,False,True,False,False,4,SUV,of_Origin_Japan,Nissan,Rogue,2018.0,15346.298,15346.298
30287,35207.0,2.0,0,0,0,0,0,0,False,False,True,False,False,False,True,False,False,6,SUV,of_Origin_Japan,Honda,Pilot,2025.0,56481.734,56481.734
12623,78574.0,3.0,0,1,0,0,0,0,False,False,False,False,False,True,False,False,False,6,SUV,of_Origin_Japan,Infiniti,QX60,2024.0,41665.977,41665.977
2813,149180.0,8.0,0,0,0,1,0,0,False,True,False,False,False,False,True,False,False,6,Minivan,of_Origin_Japan,Honda,Odyssey,2019.0,24394.15,24394.15
1058,63008.0,8.0,0,0,1,0,0,0,False,False,False,False,False,False,True,False,False,4,SUV,of_Origin_Japan,Nissan,Rogue,2019.0,17687.062,17687.062
33682,61667.0,8.0,0,0,0,0,0,0,False,False,False,False,False,False,True,False,False,4,SUV,of_Origin_USA,Jeep,Cherokee,2019.0,22318.023,22318.023
26408,48919.0,4.0,0,0,0,0,0,0,True,False,False,False,False,False,False,False,False,4,Sedan,of_Origin_South Korea,Hyundai,Elantra,2023.0,24573.611,24573.611
2390,68361.0,3.0,1,0,0,0,0,0,False,False,False,False,False,False,True,False,False,6,SUV,of_Origin_USA,Jeep,Grand,2024.0,45039.305,45039.305
2686,89000.0,6.0,0,0,0,0,0,0,False,False,False,False,False,True,False,False,False,4,Sedan,of_Origin_Japan,Lexus,ES,2021.0,32736.576,32736.576
11800,130763.0,6.0,0,0,0,0,0,0,False,False,False,False,False,False,False,False,False,4,SUV,of_Origin_South Korea,Hyundai,Tucson,2021.0,18544.236,18544.236
8166,4.0,3.0,0,0,0,0,0,1,False,False,False,False,False,False,True,False,False,6,Minivan,of_Origin_USA,Chrysler,Pacifica,2024.0,57635.363,57635.363
33112,25845.0,3.0,0,0,0,0,0,0,False,True,False,False,False,False,False,False,False,4,SUV,of_Origin_Japan,Mitsubishi,Outlander,2024.0,35662.76,35662.76
30740,233260.0,11.0,0,0,0,0,0,0,False,False,False,False,False,False,True,False,False,4,Sedan,of_Origin_Japan,Nissan,Altima,2016.0,6222.324,6222.324
4917,1500.0,1.0,0,0,0,0,0,0,False,False,False,False,False,True,False,False,False,4,SUV,baseline_value_here,Audi,Q5,2026.0,68108.85,68108.85
10342,48000.0,5.0,0,0,0,0,0,0,False,False,False,False,False,False,False,True,False,4,SUV,of_Origin_USA,GMC,Terrain,2022.0,28058.084,28058.084
12708,12981.0,2.0,0,0,0,0,0,0,False,False,False,False,False,True,False,False,False,6,SUV,of_Origin_Japan,Infiniti,QX60,2025.0,61111.695,61111.695
6349,63184.0,5.0,0,0,0,0,0,0,False,True,False,False,False,False,False,True,False,6,SUV,of_Origin_USA,Buick,Enclave,2022.0,41933.52,41933.52
13466,36349.0,3.0,1,0,0,0,0,0,False,False,False,False,False,False,True,False,False,4,SUV,of_Origin_USA,Jeep,Compass,2024.0,27113.746,27113.746
8317,6500.0,3.0,0,0,0,0,0,1,False,False,False,False,False,False,True,False,False,6,Minivan,of_Origin_USA,Chrysler,Pacifica,2024.0,57531.184,57531.184
26943,25731.0,2.0,1,0,1,0,0,0,False,False,False,False,False,False,False,False,False,4,SUV,of_Origin_South Korea,Kia,Sportage,2025.0,35968.94,35968.94
27524,220247.0,13.0,0,0,0,0,0,0,False,False,False,False,False,False,True,False,False,4,Sedan,baseline_value_here,Volkswagen,Jetta,2014.0,4608.566,4608.566
33501,101304.0,5.0,0,0,0,0,0,0,False,False,False,False,False,False,True,False,False,4,SUV,of_Origin_USA,Ford,Bronco,2022.0,32075.172,32075.172
966,37231.0,3.0,0,0,0,0,0,0,False,False,False,False,False,True,False,False,False,4,SUV,baseline_value_here,BMW,X3,2024.0,45629.03,45629.03
28319,16921.0,2.0,0,0,0,0,0,1,False,False,False,False,False,False,True,False,False,4,Minivan,of_Origin_Japan,Toyota,Sienna,2025.0,53551.395,53551.395
15541,198856.0,14.0,0,0,0,0,0,0,False,False,False,False,False,True,False,False,False,4,SUV,of_Origin_Japan,Lexus,RX,2013.0,15564.714,15564.714
37387,172257.0,11.0,0,0,0,0,0,0,True,False,False,False,True,False,True,False,False,4,Hatchback,of_Origin_USA,Ford,Focus,2016.0,16656.611,16656.611
38470,75500.0,7.0,0,0,0,0,0,0,False,False,False,False,False,False,True,False,False,4,SUV,of_Origin_Japan,Toyota,RAV,2020.0,28329.428,28329.428
12691,30800.0,3.0,0,0,0,0,0,0,False,False,False,False,False,True,False,False,False,6,SUV,of_Origin_Japan,Infiniti,QX60,2024.0,47533.52,47533.52
29790,46421.0,9.0,0,0,0,0,0,0,False,False,False,False,False,False,True,False,False,4,Sedan,of_Origin_Japan,Honda,Accord,2018.0,19421.66,19421.66
18017,199983.0,13.0,0,0,0,0,0,0,False,False,False,False,False,False,True,False,False,4,SUV,of_Origin_Japan,Mazda,CX-5,2014.0,9286.431,9286.431
38629,42961.0,5.0,1,0,0,0,0,0,False,False,False,False,False,False,True,False,False,4,Sedan,of_Origin_Japan,Honda,Civic,2022.0,26120.154,26120.154
23055,91530.0,5.0,0,0,0,0,0,1,False,False,False,False,True,False,True,False,False,4,SUV,of_Origin_Japan,Toyota,Venza,2022.0,33595.414,33595.414
31943,29000.0,5.0,1,0,0,0,0,0,False,False,False,False,False,False,False,False,False,4,SUV,of_Origin_South Korea,Hyundai,Kona,2022.0,25430.217,25430.217
973,70505.0,8.0,0,0,0,0,0,1,False,False,False,False,True,True,False,False,False,6,Sedan,baseline_value_here,Audi,A8,2019.0,46435.06,46435.06
18567,20500.0,3.0,0,0,0,0,0,0,False,False,False,False,False,True,False,False,False,4,SUV,baseline_value_here,Mercedes-Benz,GLC,2024.0,50517.945,50517.945
9385,80279.0,5.0,0,0,0,0,0,0,False,False,False,False,False,False,True,False,False,4,SUV,of_Origin_USA,Ford,Explorer,2022.0,29956.287,29956.287
31673,36119.0,4.0,0,0,0,0,0,0,False,False,False,False,False,False,False,False,False,4,SUV,of_Origin_South Korea,Kia,Sportage,2023.0,28242.135,28242.135
27131,150000.0,8.0,0,0,0,0,0,0,False,False,False,False,False,False,False,True,False,6,Van,of_Origin_USA,GMC,Savana,2019.0,21988.207,21988.207
22973,25617.0,4.0,1,0,1,0,0,0,False,False,False,False,False,False,True,False,False,6,SUV,of_Origin_Japan,Toyota,Highlander,2023.0,56906.87,56906.87
25121,133822.0,5.0,0,0,1,0,0,0,False,False,False,False,False,False,True,False,False,4,SUV,of_Origin_Japan,Honda,CR-V,2022.0,25558.945,25558.945
34076,81723.0,3.0,0,0,0,0,0,0,False,False,False,False,False,False,True,False,False,6,SUV,of_Origin_USA,Jeep,Grand,2024.0,42057.258,42057.258
34077,92061.0,4.0,0,0,0,0,0,1,False,False,False,False,False,False,True,False,False,4,Sedan,of_Origin_Japan,Toyota,Corolla,2023.0,27086.781,27086.781
7798,41935.0,3.0,0,0,0,0,0,0,False,False,False,False,False,False,False,False,False,8,Pickup Truck,of_Origin_USA,Chevrolet,Silverado,2024.0,50802.33,50802.33
7959,12982.0,2.0,0,0,0,0,0,0,False,False,False,False,False,False,False,False,False,4,SUV,of_Origin_USA,Chevrolet,Trax,2025.0,32413.457,32413.457
537,73455.0,4.0,0,0,0,0,0,0,False,False,False,False,False,False,True,False,False,6,SUV,of_Origin_USA,Jeep,Wrangler,2023.0,41859.266,41859.266
12102,36721.0,4.0,0,0,0,0,0,0,False,True,False,False,False,False,False,False,False,6,SUV,of_Origin_South Korea,Hyundai,Palisade,2023.0,42624.87,42624.87
11064,161362.0,3.0,1,0,1,0,0,0,False,False,False,False,False,False,True,False,False,4,SUV,of_Origin_Japan,Honda,CR-V,2024.0,28796.986,28796.986
5725,20542.0,2.0,0,0,0,0,0,0,False,False,False,False,False,True,False,False,False,baseline_value_here,baseline_value_here,baseline_value_here,BMW,3,2025.0,59612.594,59612.594
27628,499.0,1.0,0,0,0,0,0,0,False,False,False,False,False,False,True,False,False,4,SUV,of_Origin_USA,Ford,Explorer,2026.0,60521.71,60521.71
28767,54416.0,3.0,0,0,0,0,0,0,False,False,False,True,False,True,False,False,False,8,SUV,of_Origin_USA,Cadillac,Escalade,2024.0,116774.625,116774.625
34736,216526.0,9.0,0,0,0,0,0,0,False,False,False,False,False,False,True,False,False,4,SUV,of_Origin_Japan,Subaru,Forester,2018.0,11932.862,11932.862
31997,137083.0,6.0,0,0,0,0,0,0,False,False,False,False,False,False,False,False,False,4,SUV,of_Origin_South Korea,Kia,Sorento,2021.0,19964.719,19964.719
29723,111560.0,14.0,1,0,0,0,0,0,False,False,False,False,False,True,False,False,False,4,SUV,baseline_value_here,BMW,X1,2013.0,11046.865,11046.865
4472,30311.0,4.0,0,0,0,0,0,0,False,False,False,False,False,True,False,False,False,6,SUV,baseline_value_here,Audi,SQ5,2023.0,57468.484,57468.484
5562,35093.0,4.0,0,0,0,0,0,0,False,False,False,False,False,True,False,False,False,baseline_value_here,baseline_value_here,baseline_value_here,BMW,3,2023.0,58161.977,58161.977
10766,7730.0,1.0,0,0,0,0,0,0,False,False,False,False,False,True,False,False,False,6,SUV,of_Origin_South Korea,Genesis,GV70,2026.0,63577.094,63577.094
33791,250000.0,19.0,0,0,0,0,0,0,False,False,False,False,True,True,False,False,False,4,SUV,of_Origin_Japan,Infiniti,EX,2008.0,1716.682,1716.682
13398,98000.0,9.0,0,0,0,0,0,0,False,False,False,False,False,False,True,False,False,4,SUV,of_Origin_USA,Jeep,Compass,2018.0,16111.39,16111.39
17388,47668.0,6.0,0,0,0,0,0,0,False,False,False,False,False,False,False,False,True,4,SUV,of_Origin_UK,MINI,Countryman,2021.0,25106.969,25106.969
4214,99520.0,12.0,0,0,0,0,0,0,False,False,False,False,True,True,False,False,False,4,Sedan,of_Origin_Japan,baseline_value_here,TLX,2015.0,15426.597,15426.597
29414,140709.0,9.0,0,0,0,0,0,0,False,False,False,False,False,False,True,False,False,6,Pickup Truck,of_Origin_USA,Ford,F-150,2018.0,26323.414,26323.414
30786,334476.0,16.0,0,0,0,0,0,0,False,False,False,False,False,False,True,False,False,4,Sedan,of_Origin_Japan,Mazda,Mazda3,2011.0,2267.9563,2267.9563
3775,1478.0,1.0,0,0,0,0,0,0,False,False,False,False,False,True,False,False,False,4,SUV,of_Origin_Japan,baseline_value_here,ADX,2026.0,56590.17,56590.17
37016,62945.0,5.0,0,0,0,0,0,0,False,True,False,False,False,True,False,False,False,6,SUV,baseline_value_here,BMW,X6,2022.0,65943.02,65943.02
6578,44993.0,3.0,0,0,0,0,0,0,False,False,False,False,False,False,False,True,False,4,SUV,of_Origin_USA,Buick,Envista,2024.0,31236.893,31236.893
32754,141199.0,14.0,0,0,0,0,0,0,False,False,False,False,True,False,True,False,False,4,Coupe,baseline_value_here,Volkswagen,Beetle,2013.0,8052.481,8052.481
17879,60851.0,4.0,0,1,1,0,0,0,False,False,False,False,False,False,True,False,False,4,SUV,of_Origin_Japan,Mazda,CX-5,2023.0,31185.309,31185.309
26327,65714.0,4.0,0,0,0,0,0,0,False,False,False,False,False,False,True,False,False,4,SUV,baseline_value_here,Volkswagen,Taos,2023.0,27372.102,27372.102
10799,71010.0,4.0,0,0,0,0,0,0,False,False,False,False,False,True,False,False,False,4,Sedan,of_Origin_South Korea,Genesis,G70,2023.0,35551.49,35551.49
32174,26093.0,3.0,0,0,0,0,0,1,False,False,False,False,False,False,True,False,False,4,SUV,of_Origin_Japan,Toyota,RAV,2024.0,49509.297,49509.297
38092,96056.0,7.0,0,0,0,0,0,0,False,False,False,False,False,True,False,False,False,baseline_value_here,baseline_value_here,baseline_value_here,BMW,3,2020.0,29939.484,29939.484
22816,141250.0,7.0,0,0,0,0,0,0,False,False,False,False,False,False,True,False,False,4,Sedan,of_Origin_Japan,Toyota,Corolla,2020.0,19231.72,19231.72
1563,42000.0,5.0,0,0,0,0,0,0,False,False,False,False,False,False,True,False,False,4,Pickup Truck,of_Origin_USA,Ford,Maverick,2022.0,41794.07,41794.07
9306,105767.0,8.0,0,0,0,0,0,0,False,False,False,False,False,False,True,False,False,4,SUV,of_Origin_USA,Ford,Escape,2019.0,18058.928,18058.928
25963,39468.0,4.0,0,0,0,0,0,0,False,False,False,False,False,False,True,False,False,4,Pickup Truck,of_Origin_Japan,Toyota,Tacoma,2023.0,50770.816,50770.816
22175,49205.0,3.0,0,0,0,0,0,0,False,False,False,False,False,False,True,False,False,4,SUV,of_Origin_Japan,Subaru,Crosstrek,2024.0,29889.45,29889.45
31304,193000.0,18.0,0,0,0,0,0,0,False,False,False,False,False,False,True,False,False,4,SUV,of_Origin_Japan,Nissan,Rogue,2009.0,3824.2312,3824.2312
4353,91859.0,10.0,0,0,1,0,0,1,False,False,False,False,False,True,False,False,False,4,Sedan,baseline_value_here,Audi,A3,2017.0,19967.875,19967.875
9043,46974.0,3.0,0,0,0,0,0,0,False,False,False,False,False,False,True,False,False,6,SUV,of_Origin_USA,Dodge,Durango,2024.0,51227.44,51227.44
10206,63350.0,3.0,0,0,0,0,1,0,False,False,False,False,False,False,False,True,False,6,Van,of_Origin_USA,GMC,Savana,2024.0,48939.316,48939.316
30357,98195.0,13.0,0,1,1,0,0,0,False,False,False,False,False,False,True,False,False,4,Sedan,of_Origin_Japan,Subaru,Impreza,2014.0,12708.492,12708.492
25,30802.0,2.0,0,0,0,0,0,0,False,False,False,False,False,False,False,False,False,4,Minivan,of_Origin_South Korea,Kia,Carnival,2025.0,51033.87,51033.87
25900,14322.0,2.0,0,0,0,0,0,1,False,False,False,False,False,False,True,False,False,4,SUV,of_Origin_Japan,Honda,CR-V,2025.0,44298.3,44298.3
18024,113060.0,3.0,0,0,1,0,0,0,False,False,False,False,False,False,True,False,False,4,SUV,of_Origin_Japan,Mazda,CX-50,2024.0,28918.898,28918.898
24934,8815.0,2.0,0,0,0,0,0,0,False,False,False,False,False,False,True,False,False,4,SUV,of_Origin_Japan,Nissan,Kicks,2025.0,26817.635,26817.635
19358,132000.0,5.0,0,0,0,0,0,0,False,False,False,False,False,False,False,False,False,4,Coupe,of_Origin_Japan,Mitsubishi,Eclipse,2022.0,21731.531,21731.531
37740,105828.0,12.0,0,0,0,0,0,0,False,True,False,False,False,False,True,False,False,6,SUV,of_Origin_Japan,Nissan,Murano,2015.0,12493.759,12493.759
10067,23382.0,3.0,0,1,1,0,0,0,False,False,False,False,False,False,False,True,False,4,SUV,of_Origin_USA,GMC,Terrain,2024.0,35949.285,35949.285
5480,17615.0,4.0,0,0,0,0,0,0,False,True,False,False,False,True,False,False,False,baseline_value_here,baseline_value_here,baseline_value_here,BMW,5,2023.0,51423.29,51423.29
38201,65600.0,5.0,0,0,0,0,0,0,False,False,False,False,False,False,True,False,False,4,SUV,of_Origin_Japan,Mazda,CX-5,2022.0,28276.83,28276.83
5781,44806.0,5.0,0,0,0,0,0,0,False,False,False,False,False,True,False,False,False,4,SUV,baseline_value_here,BMW,X3,2022.0,39404.297,39404.297
30315,149285.0,10.0,0,0,0,0,0,0,False,False,False,False,False,True,False,False,False,6,SUV,of_Origin_Japan,baseline_value_here,RDX,2017.0,20073.592,20073.592
13825,165628.0,7.0,0,0,0,0,1,0,False,False,False,False,True,False,False,False,False,4,Sedan,of_Origin_South Korea,Kia,Forte,2020.0,10388.769,10388.769
18551,57968.0,4.0,0,0,0,0,0,1,False,True,False,False,False,True,False,False,False,6,SUV,baseline_value_here,Mercedes-Benz,GLE,2023.0,56092.223,56092.223
19518,109457.0,6.0,0,0,0,0,0,0,False,False,False,False,False,False,False,False,False,4,SUV,of_Origin_Japan,Mitsubishi,RVR,2021.0,18844.775,18844.775
26475,144535.0,5.0,0,0,0,0,0,0,False,True,False,False,False,True,False,False,False,6,SUV,of_Origin_Japan,baseline_value_here,MDX,2022.0,38566.69,38566.69
15513,63659.0,5.0,0,0,0,0,0,1,False,False,False,False,False,True,False,False,False,4,SUV,of_Origin_Japan,Lexus,RX,2022.0,42879.523,42879.523
35771,212814.0,14.0,0,0,0,0,0,0,False,False,False,False,False,False,True,False,False,4,Sedan,of_Origin_Japan,Nissan,Versa,2013.0,4441.0083,4441.0083
16092,5233.0,1.0,0,0,0,0,0,0,False,False,False,False,False,True,False,False,False,4,SUV,of_Origin_USA,Lincoln,Nautilus,2026.0,72972.625,72972.625
15638,121000.0,9.0,0,0,0,0,0,0,False,False,False,False,False,True,False,False,False,4,Sedan,of_Origin_Japan,Lexus,IS,2018.0,26418.977,26418.977
33618,80000.0,11.0,0,0,1,0,1,0,False,False,False,False,True,False,True,False,False,6,Van,of_Origin_USA,RAM,Promaster,2016.0,17870.09,17870.09
12686,89867.0,5.0,0,0,0,0,0,0,False,True,False,False,False,True,False,False,False,8,SUV,of_Origin_Japan,Infiniti,QX80,2022.0,41595.254,41595.254
211,54392.0,3.0,0,0,0,0,0,0,False,True,False,False,False,True,False,False,False,6,SUV,baseline_value_here,BMW,X5,2024.0,77195.31,77195.31
22187,58838.0,5.0,0,0,0,0,0,0,True,True,False,False,False,False,True,False,False,4,Sedan,of_Origin_Japan,Subaru,WRX,2022.0,32808.58,32808.58
14200,72673.0,3.0,0,0,0,0,0,0,False,False,False,False,False,False,False,False,False,4,Minivan,of_Origin_South Korea,Kia,Carnival,2024.0,39536.555,39536.555
30974,94131.0,10.0,0,0,0,0,0,0,False,False,False,False,False,False,True,False,False,4,Sedan,of_Origin_Japan,Honda,Civic,2017.0,17522.266,17522.266
15258,13922.0,2.0,0,0,0,0,0,1,False,False,False,False,False,True,False,False,False,4,SUV,of_Origin_Japan,Lexus,UX,2025.0,49356.715,49356.715
18517,51865.0,5.0,0,0,0,0,0,0,False,True,False,False,False,True,False,False,False,6,SUV,baseline_value_here,Mercedes-Benz,GLE,2022.0,64782.72,64782.72
9421,46984.0,5.0,0,0,0,0,0,0,False,False,False,False,False,False,True,False,False,4,SUV,of_Origin_USA,Ford,Escape,2022.0,28788.654,28788.654
2285,132000.0,17.0,0,0,0,0,0,0,False,False,False,False,True,False,True,False,False,4,Van,of_Origin_Japan,Toyota,HiAce,2010.0,20503.975,20503.975
35911,167329.0,9.0,0,0,0,0,0,0,False,False,False,False,False,False,False,False,False,4,SUV,of_Origin_South Korea,Hyundai,Santa,2018.0,12381.194,12381.194
25405,56600.0,5.0,0,0,0,0,0,1,False,False,True,False,False,True,False,False,False,6,SUV,baseline_value_here,Audi,Q8,2022.0,54040.77,54040.77
33662,45038.0,3.0,0,0,0,0,0,0,False,False,False,False,False,False,False,False,False,baseline_value_here,baseline_value_here,of_Origin_South Korea,Hyundai,KONA,2024.0,30667.945,30667.945
7850,144700.0,9.0,0,0,0,0,0,0,False,False,False,False,True,False,False,False,False,4,Sedan,of_Origin_USA,Chevrolet,Cruze,2018.0,11626.446,11626.446
34122,176614.0,15.0,0,0,0,0,0,0,False,False,False,False,False,False,False,False,True,baseline_value_here,baseline_value_here,of_Origin_UK,MINI,3,2012.0,5216.812,5216.812
31418,67180.0,7.0,0,0,0,0,0,0,False,True,False,False,False,False,True,False,False,6,SUV,of_Origin_Japan,Nissan,Murano,2020.0,25468.963,25468.963
20980,20296.0,2.0,0,0,0,0,0,0,False,False,False,False,False,False,True,False,False,baseline_value_here,baseline_value_here,of_Origin_USA,RAM,1500,2025.0,61510.57,61510.57
3974,40694.0,4.0,0,0,0,0,0,0,False,False,False,False,False,True,False,False,False,4,SUV,of_Origin_Japan,baseline_value_here,RDX,2023.0,41210.703,41210.703
31670,331226.0,8.0,0,0,0,0,0,0,False,False,False,False,False,False,True,False,False,4,Sedan,of_Origin_Japan,Honda,Civic,2019.0,10028.119,10028.119
25436,105160.0,5.0,0,0,1,0,0,0,False,True,False,False,False,False,True,False,False,6,Minivan,of_Origin_Japan,Honda,Odyssey,2022.0,35959.875,35959.875
13859,35127.0,3.0,1,0,0,0,0,0,False,False,False,False,False,False,False,False,False,4,SUV,of_Origin_South Korea,Kia,Sportage,2024.0,28282.836,28282.836
31290,499.0,1.0,0,0,0,0,0,1,False,False,False,False,False,False,True,False,False,6,Pickup Truck,of_Origin_USA,Ford,F-150,2026.0,94931.93,94931.93
32724,77113.0,5.0,0,0,0,0,0,0,False,False,False,False,True,True,False,False,False,6,Sedan,baseline_value_here,Audi,A8,2022.0,54877.465,54877.465
12626,1100.0,1.0,0,0,0,0,0,0,False,False,False,False,False,True,False,False,False,6,SUV,of_Origin_Japan,Infiniti,QX60,2026.0,65733.445,65733.445
745,44103.0,4.0,0,0,0,0,0,0,False,False,False,False,False,False,False,False,False,4,Sedan,of_Origin_South Korea,Hyundai,Sonata,2023.0,25210.58,25210.58
32136,24787.0,3.0,0,0,0,0,0,0,False,False,False,False,False,False,True,False,False,4,Sedan,of_Origin_Japan,Mazda,Mazda3,2024.0,27855.383,27855.383
35892,24793.0,3.0,0,1,1,0,0,0,True,False,False,False,False,False,True,False,False,4,Hatchback,baseline_value_here,Volkswagen,Golf,2024.0,45911.953,45911.953
27957,102862.0,11.0,0,0,0,0,0,0,False,False,False,False,False,True,False,False,False,4,Sedan,baseline_value_here,Audi,A3,2016.0,11629.531,11629.531
23467,39778.0,3.0,0,0,0,0,0,0,False,True,False,False,False,False,True,False,False,4,SUV,baseline_value_here,Volkswagen,Atlas,2024.0,44742.457,44742.457
33763,181995.0,3.0,0,0,0,0,0,1,False,False,False,False,False,False,True,False,False,4,SUV,of_Origin_Japan,Honda,CR-V,2024.0,30027.094,30027.094
4051,209594.0,15.0,0,0,0,0,0,0,False,True,False,False,False,True,False,False,False,6,SUV,of_Origin_Japan,baseline_value_here,MDX,2012.0,9601.949,9601.949
21158,3228.0,2.0,0,0,0,0,0,0,False,False,False,False,False,False,True,False,False,baseline_value_here,baseline_value_here,of_Origin_USA,RAM,1500,2025.0,91011.04,91011.04
33113,197500.0,12.0,0,0,0,0,0,0,False,False,False,False,False,False,True,False,False,6,SUV,of_Origin_USA,Jeep,Wrangler,2015.0,13330.94,13330.94
11348,74355.0,12.0,0,0,0,0,0,0,False,False,False,False,False,False,True,False,False,4,Sedan,of_Origin_Japan,Honda,Civic,2015.0,16578.227,16578.227
31550,74543.0,4.0,0,0,0,0,0,0,False,False,False,False,False,False,True,False,False,4,Pickup Truck,of_Origin_USA,Ford,Maverick,2023.0,42482.56,42482.56
15443,53733.0,4.0,0,0,0,0,0,0,False,False,False,False,False,True,False,False,False,4,SUV,of_Origin_Japan,Lexus,NX,2023.0,42656.74,42656.74
17898,106811.0,10.0,0,0,0,1,0,0,False,False,False,False,False,False,True,False,False,4,SUV,of_Origin_Japan,Mazda,CX-5,2017.0,17830.662,17830.662
33367,144000.0,5.0,0,1,0,0,0,0,False,False,False,False,False,False,False,True,False,8,Pickup Truck,of_Origin_USA,GMC,Sierra,2022.0,43235.668,43235.668
29051,48931.0,6.0,0,0,0,0,0,0,False,False,False,False,True,False,True,False,False,4,SUV,of_Origin_Japan,Mazda,CX-3,2021.0,25240.96,25240.96
18880,2482.0,2.0,0,0,0,0,0,0,False,False,False,False,False,True,False,False,False,4,SUV,baseline_value_here,Mercedes-Benz,GLB,2025.0,65348.375,65348.375
1670,16933.0,3.0,0,0,0,0,0,0,False,False,False,False,False,False,True,False,False,6,SUV,of_Origin_USA,Jeep,Wrangler,2024.0,91641.34,91641.34
8318,22601.0,3.0,0,0,0,0,0,0,False,False,False,False,False,False,True,False,False,6,Minivan,of_Origin_USA,Chrysler,Pacifica,2024.0,41530.23,41530.23
30450,38721.0,4.0,0,0,0,0,1,0,False,False,False,False,False,True,False,False,False,4,SUV,baseline_value_here,Mercedes-Benz,GLC,2023.0,50874.418,50874.418
16231,50302.0,4.0,0,0,1,0,0,0,False,False,False,False,False,True,False,False,False,4,SUV,of_Origin_USA,Lincoln,Nautilus,2023.0,41639.89,41639.89
10671,57733.0,4.0,0,1,1,0,0,0,False,False,False,False,False,True,False,False,False,6,SUV,of_Origin_South Korea,Genesis,GV70,2023.0,49106.39,49106.39
7877,39274.0,3.0,0,0,0,0,0,0,False,False,False,False,False,False,False,False,False,4,SUV,of_Origin_USA,Chevrolet,Equinox,2024.0,26165.896,26165.896
5517,144242.0,10.0,0,0,0,0,0,0,False,True,False,False,False,True,False,False,False,baseline_value_here,baseline_value_here,baseline_value_here,BMW,5,2017.0,23173.625,23173.625
6246,40854.0,5.0,0,0,0,0,0,0,False,False,False,False,False,False,False,True,False,4,SUV,of_Origin_USA,Buick,Encore,2022.0,28545.88,28545.88
31605,50950.0,8.0,0,0,0,0,0,0,False,False,False,False,False,False,False,True,False,4,SUV,of_Origin_USA,Buick,Envision,2019.0,20412.178,20412.178
33134,169500.0,7.0,0,0,0,0,0,0,False,False,False,False,False,False,False,False,False,baseline_value_here,baseline_value_here,of_Origin_South Korea,Hyundai,KONA,2020.0,15619.769,15619.769
36906,150281.0,12.0,0,0,0,0,0,1,False,False,False,False,False,True,False,False,False,4,SUV,of_Origin_Japan,Lexus,RX,2015.0,26127.879,26127.879
14027,86082.0,4.0,0,0,0,0,0,0,False,False,False,False,False,False,False,False,False,4,SUV,of_Origin_South Korea,Kia,Sportage,2023.0,24753.672,24753.672
1194,52640.0,10.0,0,0,0,0,0,0,False,False,False,False,False,False,True,False,False,8,Sedan,of_Origin_USA,Dodge,Charger,2017.0,53195.375,53195.375
32780,211869.0,11.0,1,0,0,0,0,0,False,False,False,False,False,False,False,True,False,8,Pickup Truck,of_Origin_USA,GMC,Sierra,2016.0,12062.609,12062.609
31624,4471.0,9.0,0,0,0,0,0,0,True,False,False,False,True,False,False,False,False,6,Coupe,of_Origin_USA,Chevrolet,Camaro,2018.0,122624.984,122624.984
24869,127478.0,10.0,0,0,0,0,0,0,False,False,False,False,False,False,True,False,False,4,SUV,of_Origin_Japan,Mazda,CX-5,2017.0,17561.947,17561.947
18608,79300.0,6.0,0,0,0,0,0,0,False,True,False,False,False,True,False,False,False,4,SUV,baseline_value_here,Mercedes-Benz,GLE,2021.0,58712.59,58712.59
28890,30004.0,3.0,0,0,0,0,0,0,False,False,False,False,False,False,True,False,False,4,SUV,of_Origin_Japan,Honda,CR-V,2024.0,33304.82,33304.82
21112,79570.0,4.0,0,0,0,0,0,0,False,False,False,False,False,False,True,False,False,6,Van,of_Origin_USA,RAM,ProMaster,2023.0,37192.062,37192.062
15245,38368.0,2.0,0,0,0,0,0,1,False,False,False,False,False,True,False,False,False,4,SUV,of_Origin_Japan,Lexus,UX,2025.0,46858.477,46858.477
29054,213000.0,20.0,0,0,0,0,0,0,False,False,False,False,False,False,True,False,False,4,Sedan,of_Origin_Japan,Toyota,Camry,2007.0,5709.71,5709.71
32274,31098.0,4.0,0,0,0,0,0,0,False,False,False,False,False,False,True,False,False,4,SUV,of_Origin_Japan,Mazda,CX-5,2023.0,32283.63,32283.63
26381,288161.0,17.0,0,0,0,0,0,0,False,False,False,False,False,False,False,False,False,4,SUV,of_Origin_South Korea,Hyundai,Santa,2010.0,3157.1682,3157.1682
38432,63485.0,3.0,0,0,0,0,0,0,False,True,False,False,False,False,True,False,False,4,SUV,baseline_value_here,Volkswagen,Atlas,2024.0,44207.19,44207.19
17360,21027.0,1.0,0,0,0,0,0,0,False,False,False,False,False,False,False,False,True,4,SUV,of_Origin_UK,MINI,Countryman,2026.0,48683.215,48683.215
10192,8219.0,4.0,0,0,0,0,0,0,False,False,False,False,False,False,False,True,False,6,Van,of_Origin_USA,GMC,Savana,2023.0,49407.793,49407.793
4231,114200.0,7.0,0,0,0,0,0,0,False,False,False,False,False,True,False,False,False,4,SUV,of_Origin_Japan,baseline_value_here,RDX,2020.0,28106.799,28106.799
32941,134000.0,6.0,0,0,0,0,0,0,False,False,False,False,False,False,False,False,False,4,SUV,of_Origin_South Korea,Kia,Sorento,2021.0,18848.377,18848.377
10895,180069.0,8.0,0,0,0,0,0,0,True,False,False,False,False,True,False,False,False,4,Sedan,of_Origin_South Korea,Genesis,G70,2019.0,24538.434,24538.434
8378,86596.0,4.0,0,0,0,0,0,0,False,False,False,False,False,False,True,False,False,6,Minivan,of_Origin_USA,Chrysler,Pacifica,2023.0,31402.191,31402.191
2084,117921.0,10.0,0,0,0,0,0,0,False,False,False,False,False,False,True,False,False,4,Sedan,of_Origin_Japan,Honda,Accord,2017.0,16489.045,16489.045
33101,65772.0,5.0,0,0,0,0,0,0,False,False,False,False,False,False,True,False,False,4,SUV,of_Origin_Japan,Honda,CR-V,2022.0,30122.727,30122.727
20155,198612.0,9.0,0,0,0,0,1,0,False,False,False,False,True,False,True,False,False,4,SUV,of_Origin_Japan,Nissan,Qashqai,2018.0,9854.674,9854.674
4211,51906.0,3.0,0,0,0,0,0,0,False,False,False,False,False,True,False,False,False,4,SUV,of_Origin_Japan,baseline_value_here,RDX,2024.0,45991.266,45991.266
31735,140000.0,12.0,0,0,0,0,0,0,True,False,False,False,False,False,True,False,False,4,Sedan,baseline_value_here,Volkswagen,Jetta,2015.0,8277.589,8277.589
29148,117380.0,10.0,0,1,0,0,1,0,False,False,False,False,False,False,True,False,False,4,Sedan,of_Origin_Japan,Honda,Civic,2017.0,15517.1875,15517.1875
29758,138000.0,8.0,0,0,0,0,0,0,False,False,False,False,False,False,True,False,False,4,Hatchback,of_Origin_Japan,Toyota,Corolla,2019.0,17968.328,17968.328
31619,53124.0,3.0,0,0,0,0,0,0,False,False,False,False,False,False,True,False,False,4,Sedan,baseline_value_here,Volkswagen,Jetta,2024.0,29751.97,29751.97
8943,146072.0,12.0,0,0,0,0,0,0,False,False,False,False,False,False,True,False,False,6,Sedan,of_Origin_USA,Dodge,Charger,2015.0,14177.877,14177.877
6596,38259.0,6.0,0,0,0,0,0,0,False,False,False,False,False,False,False,True,False,4,SUV,of_Origin_USA,Buick,Encore,2021.0,27733.453,27733.453
24679,61949.0,3.0,0,0,0,0,0,1,False,False,False,False,False,True,False,False,False,4,SUV,of_Origin_Sweden,Volvo,XC60,2024.0,56120.434,56120.434
11327,172952.0,9.0,0,0,0,1,0,0,False,False,False,False,False,False,True,False,False,4,Sedan,of_Origin_Japan,Honda,Accord,2018.0,14747.469,14747.469
17689,50274.0,2.0,1,0,1,0,0,0,False,True,False,False,False,False,True,False,False,6,SUV,of_Origin_Japan,Mazda,CX-70,2025.0,43210.695,43210.695
23524,141200.0,8.0,0,0,0,0,0,0,False,False,False,False,False,False,True,False,False,4,Sedan,baseline_value_here,Volkswagen,Jetta,2019.0,14970.436,14970.436
1499,25747.0,2.0,0,0,0,0,0,0,False,False,False,False,False,False,True,False,False,4,SUV,of_Origin_USA,Ford,Explorer,2025.0,41548.715,41548.715
25021,62655.0,6.0,0,0,0,0,0,0,False,False,False,False,False,False,True,False,False,4,Sedan,of_Origin_Japan,Mazda,Mazda3,2021.0,21185.75,21185.75
32169,41110.0,2.0,0,0,0,0,0,0,False,False,False,False,False,False,True,False,False,6,SUV,of_Origin_USA,Dodge,Durango,2025.0,48634.17,48634.17
33301,45120.0,4.0,0,0,0,0,0,0,False,False,False,False,False,False,True,False,False,4,SUV,of_Origin_Japan,Toyota,RAV,2023.0,36683.26,36683.26
33368,191952.0,7.0,0,0,0,0,1,0,False,False,False,False,True,False,False,False,False,4,Hatchback,of_Origin_South Korea,Kia,Soul,2020.0,9342.115,9342.115
19345,64868.0,12.0,0,0,0,0,0,0,True,False,False,False,True,False,False,False,False,4,Sedan,of_Origin_Japan,Mitsubishi,Lancer,2015.0,15194.007,15194.007
37791,28951.0,11.0,0,0,0,0,0,0,False,False,False,False,False,False,True,False,False,6,SUV,of_Origin_USA,Jeep,Wrangler,2016.0,35557.48,35557.48
469,49933.0,4.0,0,0,0,0,0,0,False,False,True,False,False,True,False,False,False,baseline_value_here,baseline_value_here,baseline_value_here,BMW,8,2023.0,75209.62,75209.62
24670,45429.0,5.0,0,0,0,0,0,0,False,False,False,False,False,True,False,False,False,4,SUV,of_Origin_Sweden,Volvo,XC60,2022.0,38752.8,38752.8
4288,23106.0,2.0,1,0,1,0,0,0,False,False,False,False,False,True,False,False,False,4,SUV,of_Origin_Japan,baseline_value_here,ADX,2025.0,49986.246,49986.246
19448,38068.0,3.0,0,0,0,0,0,0,False,False,False,False,False,False,False,False,False,4,SUV,of_Origin_Japan,Mitsubishi,RVR,2024.0,26293.611,26293.611
4519,119329.0,6.0,0,0,0,0,0,0,False,False,False,False,False,True,False,False,False,4,SUV,baseline_value_here,Audi,Q5,2021.0,24875.184,24875.184
27201,120871.0,12.0,0,0,0,0,0,0,False,False,False,False,True,True,False,False,False,4,Sedan,of_Origin_Japan,baseline_value_here,TLX,2015.0,14177.301,14177.301
4018,67158.0,3.0,1,0,0,0,0,0,False,True,False,False,False,True,False,False,False,6,SUV,of_Origin_Japan,baseline_value_here,MDX,2024.0,49273.844,49273.844
32417,37148.0,2.0,0,0,0,0,0,1,False,False,False,False,False,False,True,False,False,4,Pickup Truck,of_Origin_USA,Ford,Maverick,2025.0,46342.22,46342.22
29100,74496.0,6.0,0,1,1,0,0,0,False,False,False,False,True,False,False,False,False,4,Sedan,of_Origin_South Korea,Kia,Forte,2021.0,20491.32,20491.32
37537,157460.0,12.0,0,0,0,0,0,0,False,False,False,False,True,False,False,False,False,6,Minivan,of_Origin_South Korea,Kia,Sedona,2015.0,10026.882,10026.882
12041,28802.0,4.0,0,0,0,0,0,0,False,True,False,False,False,False,False,False,False,6,SUV,of_Origin_South Korea,Hyundai,Palisade,2023.0,43211.668,43211.668
25698,52744.0,3.0,0,0,0,0,0,1,False,False,False,False,False,False,True,False,False,4,Sedan,of_Origin_Japan,Toyota,Corolla,2024.0,37963.824,37963.824
12132,15526.0,2.0,0,0,0,0,0,0,False,True,False,False,False,False,False,False,False,6,SUV,of_Origin_South Korea,Hyundai,Palisade,2025.0,53257.797,53257.797
22216,38900.0,4.0,0,0,0,0,0,0,False,False,False,False,True,False,True,False,False,4,SUV,of_Origin_Japan,Subaru,Ascent,2023.0,37797.137,37797.137
34860,22156.0,4.0,0,0,0,0,0,0,False,False,False,False,False,False,False,False,False,4,SUV,of_Origin_Japan,Mitsubishi,RVR,2023.0,30030.055,30030.055
30292,8181.0,1.0,0,0,0,0,0,1,False,False,False,False,False,False,True,False,False,4,SUV,of_Origin_Japan,Honda,CR-V,2026.0,49660.63,49660.63
31144,499.0,1.0,0,0,0,0,0,0,False,False,False,False,False,False,True,False,False,6,Pickup Truck,of_Origin_USA,Ford,F-150,2026.0,79353.48,79353.48
13647,14650.0,2.0,0,0,0,0,0,0,False,False,False,False,False,False,True,False,False,6,SUV,of_Origin_USA,Jeep,Grand,2025.0,60134.004,60134.004
11206,44479.0,3.0,0,0,0,0,1,1,False,False,False,False,False,False,True,False,False,4,SUV,of_Origin_Japan,Honda,CR-V,2024.0,41166.484,41166.484
8918,138965.0,8.0,0,0,0,0,0,0,False,False,False,False,True,False,True,False,False,6,Minivan,of_Origin_USA,Dodge,Grand,2019.0,16232.814,16232.814
12063,81097.0,6.0,0,1,1,0,0,0,False,False,False,False,False,False,False,False,False,4,SUV,of_Origin_South Korea,Hyundai,Kona,2021.0,22396.844,22396.844
25389,50833.0,6.0,0,0,0,0,0,1,False,False,False,False,False,False,False,False,False,4,SUV,of_Origin_South Korea,Hyundai,Santa,2021.0,28472.18,28472.18
31210,183000.0,12.0,0,0,0,0,0,0,False,False,False,False,False,False,True,False,False,6,SUV,of_Origin_USA,Jeep,Wrangler,2015.0,14999.487,14999.487
5732,131098.0,8.0,0,0,0,0,0,0,False,False,False,False,False,True,False,False,False,4,SUV,baseline_value_here,BMW,X3,2019.0,21747.95,21747.95
8443,98891.0,4.0,0,0,0,0,0,0,False,False,False,False,False,False,True,False,False,6,Minivan,of_Origin_USA,Chrysler,Pacifica,2023.0,30776.768,30776.768
36602,86000.0,5.0,0,0,0,0,0,0,False,False,False,False,False,False,True,False,False,4,Sedan,baseline_value_here,Volkswagen,Jetta,2022.0,20780.143,20780.143
7011,103792.0,10.0,0,0,0,0,0,0,False,False,False,False,True,True,False,False,False,6,Coupe,of_Origin_USA,Cadillac,ATS,2017.0,18984.207,18984.207
17442,25549.0,3.0,0,0,0,0,0,0,False,False,False,False,False,False,False,False,True,baseline_value_here,baseline_value_here,of_Origin_UK,MINI,3,2024.0,34933.406,34933.406
4206,67804.0,7.0,0,0,0,0,0,0,False,False,False,False,True,True,False,False,False,4,Sedan,of_Origin_Japan,baseline_value_here,TLX,2020.0,29970.018,29970.018
29507,140200.0,9.0,0,0,0,0,0,0,False,True,False,False,False,False,True,False,False,6,Minivan,of_Origin_Japan,Honda,Odyssey,2018.0,22902.264,22902.264
36277,52834.0,4.0,0,0,0,0,0,0,False,False,False,False,False,False,True,False,False,4,SUV,of_Origin_Japan,Nissan,Rogue,2023.0,24502.47,24502.47
3763,1689.0,1.0,0,0,0,0,0,0,False,False,False,False,False,True,False,False,False,4,SUV,of_Origin_Japan,baseline_value_here,RDX,2026.0,56590.17,56590.17
35935,33000.0,4.0,0,0,0,0,0,1,False,False,True,False,False,True,False,False,False,6,SUV,baseline_value_here,BMW,X7,2023.0,76820.62,76820.62
9061,99727.0,9.0,0,0,0,0,0,0,False,False,False,False,False,False,True,False,False,6,Sedan,of_Origin_USA,Dodge,Charger,2018.0,22399.209,22399.209
27867,138995.0,12.0,0,0,0,0,0,0,False,False,False,False,False,True,False,False,False,4,Sedan,baseline_value_here,Mercedes-Benz,C-Class,2015.0,14524.03,14524.03
10034,86920.0,3.0,0,0,0,0,0,0,False,False,False,False,False,False,False,True,False,4,SUV,of_Origin_USA,GMC,Terrain,2024.0,26029.098,26029.098
6486,133596.0,4.0,0,0,0,0,0,0,False,False,False,False,False,False,False,True,False,4,SUV,of_Origin_USA,Buick,Envision,2023.0,22526.797,22526.797
816,107437.0,11.0,0,0,0,0,0,0,False,False,False,False,False,True,False,False,False,6,Coupe,baseline_value_here,Audi,S5,2016.0,16211.292,16211.292
20455,69223.0,6.0,1,0,0,1,0,0,False,False,False,False,False,False,True,False,False,4,SUV,of_Origin_Japan,Nissan,Rogue,2021.0,22063.21,22063.21
24942,116158.0,9.0,0,0,0,0,1,0,False,True,False,False,False,True,False,False,False,6,SUV,baseline_value_here,BMW,X5,2018.0,25795.26,25795.26
27239,2933.0,2.0,0,0,0,0,0,0,False,False,False,False,False,False,True,False,False,4,Sedan,baseline_value_here,Volkswagen,Jetta,2025.0,28949.615,28949.615
16361,25188.0,3.0,0,0,0,0,0,0,False,False,False,False,False,True,False,False,False,4,SUV,of_Origin_USA,Lincoln,Corsair,2024.0,49235.316,49235.316
4703,233248.0,17.0,0,0,0,0,0,0,False,False,False,False,True,True,False,False,False,4,Sedan,baseline_value_here,Audi,A4,2010.0,5090.3867,5090.3867
10241,86533.0,6.0,0,0,1,0,0,0,False,False,False,False,False,False,False,True,False,8,Pickup Truck,of_Origin_USA,GMC,Sierra,2021.0,47539.82,47539.82
21890,6308.0,3.0,0,0,1,0,0,0,False,False,False,False,False,False,True,False,False,4,SUV,of_Origin_Japan,Subaru,Crosstrek,2024.0,30217.404,30217.404
8059,55330.0,4.0,0,0,0,0,0,0,False,False,False,False,False,False,False,False,False,4,SUV,of_Origin_USA,Chevrolet,Trailblazer,2023.0,26870.7,26870.7
15672,223167.0,9.0,0,0,1,0,0,0,False,False,False,False,True,True,False,False,False,6,Sedan,of_Origin_Japan,Lexus,LS,2018.0,27412.154,27412.154
17198,190077.0,8.0,0,0,0,0,0,0,False,False,False,False,False,False,False,False,True,4,SUV,of_Origin_UK,MINI,Countryman,2019.0,13148.419,13148.419
38764,184782.0,13.0,0,0,0,0,0,0,False,False,False,False,False,False,False,False,False,4,SUV,of_Origin_South Korea,Hyundai,Santa,2014.0,8115.4688,8115.4688
2766,109307.0,5.0,0,0,0,0,0,0,False,False,False,False,False,False,True,False,False,4,Sedan,of_Origin_Japan,Toyota,Camry,2022.0,21186.867,21186.867
32947,30030.0,2.0,0,0,0,0,0,0,False,False,False,False,False,False,False,False,False,4,Minivan,of_Origin_South Korea,Kia,Carnival,2025.0,50316.77,50316.77
25318,29681.0,3.0,0,0,0,0,0,0,False,False,False,False,False,False,True,False,False,4,Sedan,of_Origin_Japan,Honda,Civic,2024.0,28377.408,28377.408
10773,8175.0,2.0,0,0,0,0,0,0,False,True,False,False,False,True,False,False,False,4,SUV,of_Origin_South Korea,Genesis,GV80,2025.0,83682.6,83682.6
29419,256000.0,18.0,0,0,0,0,0,0,False,False,False,False,False,False,True,False,False,4,Sedan,of_Origin_Japan,Honda,Accord,2009.0,3769.3784,3769.3784
38004,55132.0,4.0,0,0,1,0,0,0,False,False,False,False,False,False,False,False,False,4,SUV,of_Origin_South Korea,Kia,Sportage,2023.0,28857.672,28857.672
34914,91824.0,6.0,0,0,0,0,0,0,False,False,False,False,False,True,False,False,False,4,SUV,baseline_value_here,BMW,X3,2021.0,32159.13,32159.13
37091,132000.0,9.0,0,0,0,0,1,0,False,False,False,False,False,False,True,False,False,4,SUV,of_Origin_Japan,Nissan,Rogue,2018.0,12903.178,12903.178
30485,66250.0,5.0,0,0,0,0,0,0,False,False,False,False,False,False,True,False,False,4,SUV,of_Origin_Japan,Honda,HR-V,2022.0,30122.727,30122.727
24626,105222.0,11.0,0,0,0,0,0,0,False,False,False,False,False,True,False,False,False,4,SUV,of_Origin_Sweden,Volvo,XC90,2016.0,18985.74,18985.74
416,114000.0,14.0,0,1,0,1,0,0,False,False,False,False,False,False,True,False,False,4,Sedan,of_Origin_Japan,Nissan,Altima,2013.0,8221.96,8221.96
33170,96000.0,4.0,0,0,0,0,0,0,False,False,False,False,False,False,False,False,False,4,Sedan,of_Origin_South Korea,Hyundai,Sonata,2023.0,20761.871,20761.871
1623,97696.0,5.0,0,0,0,0,0,0,False,False,False,False,False,False,True,False,False,6,Pickup Truck,of_Origin_USA,Ford,F-150,2022.0,47820.01,47820.01
22968,92000.0,8.0,0,1,1,0,1,0,False,False,False,False,False,False,True,False,False,4,Hatchback,of_Origin_Japan,Toyota,Corolla,2019.0,19615.67,19615.67
10613,2354.0,1.0,0,0,0,0,0,0,False,False,False,False,False,False,False,True,False,8,Pickup Truck,of_Origin_USA,GMC,Sierra,2026.0,95198.73,95198.73
34391,76072.0,4.0,0,0,0,0,0,0,False,False,False,False,False,False,True,False,False,4,Sedan,of_Origin_Japan,Honda,Civic,2023.0,26837.555,26837.555
29094,27932.0,3.0,0,0,0,0,0,0,False,False,False,False,False,False,True,False,False,4,Pickup Truck,of_Origin_Japan,Toyota,Tacoma,2024.0,51949.434,51949.434
2276,4397.0,1.0,0,0,0,0,0,0,False,False,False,False,False,False,False,True,False,8,Pickup Truck,of_Origin_USA,GMC,Sierra,2026.0,85340.31,85340.31
32928,102927.0,10.0,0,0,0,0,0,0,False,False,False,False,False,False,True,False,False,4,Sedan,of_Origin_Japan,Nissan,Sentra,2017.0,10458.392,10458.392
1239,78409.0,5.0,0,0,0,0,0,0,False,False,False,False,False,False,True,False,False,baseline_value_here,baseline_value_here,of_Origin_USA,RAM,1500,2022.0,42655.562,42655.562
4292,47192.0,3.0,0,0,0,0,0,0,False,True,False,False,False,True,False,False,False,6,SUV,of_Origin_Japan,baseline_value_here,MDX,2024.0,52763.39,52763.39
27986,348341.0,17.0,0,0,0,0,0,0,False,False,False,False,False,False,True,False,False,4,SUV,of_Origin_Japan,Honda,CR-V,2010.0,4264.3,4264.3
25854,137851.0,7.0,0,0,0,0,0,1,False,False,False,False,False,False,True,False,False,4,SUV,of_Origin_Japan,Toyota,Highlander,2020.0,30624.766,30624.766
1616,97587.0,6.0,0,0,0,0,0,0,False,False,False,False,False,False,True,False,False,6,SUV,of_Origin_USA,Jeep,Grand,2021.0,33386.41,33386.41
2062,61000.0,8.0,0,0,0,0,0,0,False,False,False,False,False,False,False,False,False,8,Pickup Truck,of_Origin_USA,Chevrolet,Silverado,2019.0,43681.168,43681.168
17399,52746.0,6.0,0,0,0,0,0,0,False,False,False,False,False,False,False,False,True,baseline_value_here,baseline_value_here,of_Origin_UK,MINI,5,2021.0,23329.26,23329.26
8902,34051.0,3.0,0,0,0,0,0,0,False,False,False,False,False,False,True,False,False,6,SUV,of_Origin_USA,Dodge,Durango,2024.0,50101.48,50101.48
1650,44761.0,3.0,0,0,0,0,0,0,False,False,False,False,False,False,True,False,False,6,SUV,of_Origin_USA,Dodge,Durango,2024.0,52320.816,52320.816
10154,220427.0,9.0,0,0,0,0,0,0,False,False,False,False,False,False,False,True,False,8,Pickup Truck,of_Origin_USA,GMC,Sierra,2018.0,18236.04,18236.04
36427,38399.0,2.0,0,0,0,0,0,1,False,False,False,False,False,False,True,False,False,4,SUV,of_Origin_Japan,Toyota,RAV,2025.0,47958.43,47958.43
37928,10505.0,1.0,0,0,0,0,0,0,False,True,False,False,False,False,True,False,False,6,SUV,of_Origin_Japan,Honda,Passport,2026.0,60479.273,60479.273
11188,172952.0,9.0,0,0,0,1,0,0,False,False,False,False,False,False,True,False,False,4,Sedan,of_Origin_Japan,Honda,Accord,2018.0,14747.469,14747.469
20944,123647.0,6.0,0,1,0,0,0,0,False,False,False,False,False,False,True,False,False,baseline_value_here,baseline_value_here,of_Origin_USA,RAM,1500,2021.0,35577.547,35577.547
2655,143000.0,9.0,0,0,0,0,0,0,False,False,False,False,False,False,True,False,False,4,Sedan,of_Origin_Japan,Honda,Accord,2018.0,16528.402,16528.402
28296,8442.0,5.0,0,0,0,0,0,1,False,False,False,False,False,False,True,False,False,4,SUV,of_Origin_USA,Ford,Escape,2022.0,48845.19,48845.19
26182,53750.0,8.0,0,0,0,0,0,0,False,False,False,False,False,True,False,False,False,4,SUV,baseline_value_here,BMW,X3,2019.0,27834.537,27834.537
36700,61000.0,5.0,0,0,0,0,0,0,False,False,False,False,True,True,False,False,False,4,Van,baseline_value_here,Mercedes-Benz,Metris,2022.0,44195.195,44195.195
26021,47777.0,3.0,0,0,1,0,0,0,False,False,False,False,False,False,True,False,False,6,Pickup Truck,of_Origin_USA,Ford,F-150,2024.0,53719.87,53719.87
22136,122431.0,12.0,0,0,0,0,0,0,False,False,False,False,False,False,True,False,False,4,SUV,of_Origin_Japan,Subaru,Forester,2015.0,13378.72,13378.72
610,49423.0,5.0,0,0,0,0,0,0,False,False,False,False,False,False,False,True,False,4,SUV,of_Origin_USA,GMC,Terrain,2022.0,24681.232,24681.232
27993,85048.0,6.0,0,0,0,0,0,0,False,False,False,False,False,False,True,False,False,4,SUV,of_Origin_Japan,Honda,CR-V,2021.0,25563.14,25563.14
31416,29369.0,8.0,0,0,0,0,0,0,False,False,False,False,False,False,True,False,False,4,SUV,of_Origin_Japan,Toyota,RAV,2019.0,29422.441,29422.441
33568,189467.0,13.0,0,0,0,0,0,0,False,False,False,False,True,False,True,False,False,6,Van,of_Origin_USA,RAM,Cargo,2014.0,8588.229,8588.229
13345,22871.0,3.0,0,0,0,0,0,0,False,False,False,False,False,False,True,False,False,4,SUV,of_Origin_USA,Jeep,Compass,2024.0,30511.53,30511.53
10173,119000.0,8.0,0,0,0,0,0,0,False,False,False,False,False,False,False,True,False,8,Pickup Truck,of_Origin_USA,GMC,Sierra,2019.0,28591.41,28591.41
37533,74447.0,9.0,0,0,0,0,0,0,False,False,False,False,False,False,True,False,False,4,Sedan,of_Origin_Japan,Honda,Accord,2018.0,20032.277,20032.277
15384,24228.0,4.0,0,1,1,0,0,0,False,False,False,False,False,True,False,False,False,4,SUV,of_Origin_Japan,Lexus,RX,2023.0,49724.484,49724.484
29965,6810.0,1.0,0,0,0,0,1,0,False,True,False,False,False,True,False,False,False,6,SUV,baseline_value_here,Mercedes-Benz,GLE,2026.0,104347.18,104347.18
26137,122000.0,12.0,0,0,0,0,0,0,False,False,False,False,False,False,True,False,False,4,SUV,of_Origin_Japan,Nissan,Rogue,2015.0,9978.996,9978.996
10321,84633.0,5.0,0,0,0,0,0,0,False,False,False,False,False,False,False,True,False,8,Pickup Truck,of_Origin_USA,GMC,Sierra,2022.0,51534.67,51534.67
16469,80885.0,6.0,0,0,0,0,0,0,False,False,False,False,False,True,False,False,False,6,SUV,of_Origin_USA,Lincoln,Aviator,2021.0,39216.805,39216.805
35994,31981.0,2.0,0,0,0,0,0,0,False,False,False,False,False,True,False,False,False,4,SUV,of_Origin_Japan,Lexus,TX,2025.0,41734.33,41734.33
11242,62399.0,3.0,0,0,0,0,0,0,False,True,False,False,False,False,True,False,False,6,Minivan,of_Origin_Japan,Honda,Odyssey,2024.0,45751.69,45751.69
31421,65000.0,4.0,0,0,0,0,0,0,False,False,False,False,False,False,False,False,False,4,SUV,of_Origin_South Korea,Hyundai,Santa,2023.0,26276.041,26276.041
2811,92057.0,6.0,0,0,0,0,0,0,False,False,False,False,False,True,False,False,False,4,SUV,baseline_value_here,Audi,Q5,2021.0,25427.33,25427.33
11933,133524.0,5.0,0,0,0,0,1,0,False,False,False,False,False,False,False,False,False,4,SUV,of_Origin_South Korea,Hyundai,Tucson,2022.0,19252.926,19252.926
27330,167667.0,12.0,0,0,0,0,0,0,False,False,False,False,False,False,True,False,False,4,SUV,of_Origin_Japan,Honda,CR-V,2015.0,14419.512,14419.512
7086,153055.0,10.0,0,0,0,0,0,0,False,False,False,False,False,True,False,False,False,4,SUV,of_Origin_USA,Cadillac,XT5,2017.0,16559.213,16559.213
217,54789.0,5.0,0,0,0,0,0,0,False,False,False,False,False,True,False,False,False,4,SUV,of_Origin_South Korea,Genesis,GV70,2022.0,39052.562,39052.562
96,26236.0,2.0,0,0,0,0,0,0,False,False,False,False,False,False,True,False,False,baseline_value_here,baseline_value_here,of_Origin_USA,RAM,1500,2025.0,79878.27,79878.27
818,50175.0,5.0,0,0,0,0,0,0,False,True,False,False,False,True,False,False,False,6,SUV,baseline_value_here,BMW,X5,2022.0,56274.527,56274.527
38246,132000.0,10.0,0,0,0,0,0,0,False,False,False,False,False,False,True,False,False,4,SUV,of_Origin_Japan,Subaru,Forester,2017.0,15955.925,15955.925
4499,46951.0,5.0,0,0,0,0,0,0,False,False,False,False,False,True,False,False,False,6,SUV,baseline_value_here,Audi,Q7,2022.0,46658.227,46658.227
27432,65758.0,5.0,1,0,0,0,0,0,False,False,False,False,False,False,False,False,False,4,SUV,of_Origin_South Korea,Hyundai,Santa,2022.0,24257.53,24257.53
11386,49905.0,3.0,0,0,0,0,0,1,False,False,False,False,False,False,True,False,False,4,SUV,of_Origin_Japan,Honda,CR-V,2024.0,41685.62,41685.62
20212,21718.0,4.0,0,0,0,0,0,0,False,False,False,False,False,False,True,False,False,4,SUV,of_Origin_Japan,Nissan,Rogue,2023.0,24101.877,24101.877
18515,48402.0,5.0,0,0,0,0,0,0,False,True,False,False,False,True,False,False,False,6,SUV,baseline_value_here,Mercedes-Benz,GLE,2022.0,69707.03,69707.03
12021,624.0,2.0,0,0,0,0,0,0,False,False,False,False,False,False,False,False,False,4,Sedan,of_Origin_South Korea,Hyundai,Elantra,2025.0,31270.246,31270.246
25307,14445.0,3.0,0,0,0,0,0,0,False,False,False,False,False,False,True,False,False,4,Sedan,of_Origin_Japan,Honda,Civic,2024.0,29514.078,29514.078
29443,41011.0,1.0,0,0,0,0,0,1,False,False,False,False,False,False,True,False,False,4,SUV,of_Origin_Japan,Toyota,Highlander,2026.0,65024.195,65024.195
37146,37936.0,4.0,0,0,0,0,0,0,False,False,False,False,False,True,False,False,False,6,SUV,baseline_value_here,Audi,SQ5,2023.0,51664.242,51664.242
21409,9680.0,2.0,0,0,0,0,0,0,False,False,False,False,False,False,True,False,False,4,Sedan,of_Origin_Japan,Subaru,Impreza,2025.0,30615.387,30615.387
25839,20119.0,2.0,0,0,0,0,0,0,False,False,False,False,False,False,False,False,False,4,SUV,of_Origin_South Korea,Kia,Sorento,2025.0,34525.027,34525.027
204,62955.0,8.0,0,0,0,0,0,0,False,False,False,False,False,False,True,False,False,4,SUV,of_Origin_Japan,Honda,CR-V,2019.0,25069.28,25069.28
17711,199992.0,13.0,1,0,0,0,0,0,False,False,False,False,False,False,True,False,False,4,Sedan,of_Origin_Japan,Mazda,Mazda3,2014.0,7345.892,7345.892
30098,86000.0,4.0,0,0,0,0,0,0,False,False,False,False,False,False,True,False,False,4,Sedan,of_Origin_Japan,Toyota,Corolla,2023.0,23843.873,23843.873
7212,70499.0,4.0,0,0,0,0,0,0,False,False,False,False,True,True,False,False,False,6,SUV,of_Origin_USA,Cadillac,XT6,2023.0,44444.68,44444.68
19348,16752.0,2.0,0,0,0,0,0,0,False,True,False,False,False,False,False,False,False,4,SUV,of_Origin_Japan,Mitsubishi,Outlander,2025.0,38609.46,38609.46
26224,41590.0,3.0,1,0,0,0,0,0,False,False,False,False,False,False,True,False,False,4,Sedan,baseline_value_here,Volkswagen,Jetta,2024.0,28051.566,28051.566
3107,68478.0,6.0,0,0,0,0,0,1,False,False,False,False,False,True,False,False,False,4,SUV,of_Origin_USA,Lincoln,Corsair,2021.0,33179.285,33179.285
2335,12442.0,4.0,0,0,0,0,0,0,False,True,False,False,False,False,True,False,False,6,Pickup Truck,of_Origin_Japan,Toyota,Tundra,2023.0,53569.945,53569.945
18498,115756.0,9.0,0,0,0,0,0,0,False,False,False,False,False,True,False,False,False,6,Coupe,baseline_value_here,Mercedes-Benz,C-Class,2018.0,20403.213,20403.213
22730,113000.0,8.0,0,0,0,0,0,0,False,False,False,False,False,False,True,False,False,4,Hatchback,of_Origin_Japan,Toyota,Corolla,2019.0,18734.203,18734.203
17831,29010.0,4.0,0,0,1,0,0,0,False,False,False,False,True,False,True,False,False,4,SUV,of_Origin_Japan,Mazda,CX-9,2023.0,37564.297,37564.297
23810,104337.0,8.0,0,0,0,0,0,0,False,True,False,False,False,False,True,False,False,4,SUV,baseline_value_here,Volkswagen,Atlas,2019.0,24499.674,24499.674
22033,24810.0,3.0,0,0,0,0,0,0,False,False,False,False,False,False,True,False,False,4,Sedan,of_Origin_Japan,Subaru,Impreza,2024.0,28650.553,28650.553
4172,97471.0,5.0,0,0,0,0,0,0,False,True,False,False,False,True,False,False,False,6,SUV,of_Origin_Japan,baseline_value_here,MDX,2022.0,43170.49,43170.49
31269,195226.0,14.0,0,0,0,0,0,0,True,False,False,False,False,False,True,False,False,6,Coupe,of_Origin_USA,Ford,Mustang,2013.0,17157.86,17157.86
1375,134148.0,8.0,0,0,0,0,0,0,False,True,False,False,False,False,True,False,False,6,Pickup Truck,of_Origin_Japan,Toyota,Tundra,2019.0,37382.39,37382.39
27467,93151.0,13.0,0,0,0,0,0,0,False,False,False,False,False,False,True,False,False,4,SUV,of_Origin_Japan,Honda,CR-V,2014.0,14930.582,14930.582
29602,300.0,1.0,0,0,0,0,0,1,False,False,False,False,False,False,True,False,False,4,SUV,of_Origin_Japan,Honda,CR-V,2026.0,51829.53,51829.53
37061,27201.0,2.0,0,0,0,0,0,0,False,False,False,False,False,False,True,False,False,4,Sedan,of_Origin_Japan,Honda,Civic,2025.0,30080.805,30080.805
7998,60079.0,2.0,0,0,0,0,0,0,False,False,False,False,False,False,False,False,False,8,Pickup Truck,of_Origin_USA,Chevrolet,Silverado,2025.0,43682.62,43682.62
36798,176761.0,17.0,0,0,0,0,0,0,True,False,False,False,True,True,False,False,False,4,Sedan,of_Origin_Japan,baseline_value_here,CSX,2010.0,7620.7173,7620.7173
10189,4688.0,1.0,0,0,0,0,0,0,False,False,False,False,False,False,False,True,False,8,Pickup Truck,of_Origin_USA,GMC,Sierra,2026.0,80842.37,80842.37
28199,222715.0,12.0,0,0,0,0,0,0,False,False,False,False,True,False,True,False,False,6,SUV,of_Origin_Japan,Toyota,Sequoia,2015.0,21098.678,21098.678
17882,232508.0,13.0,0,0,0,0,1,0,False,False,False,False,False,False,True,False,False,4,Sedan,of_Origin_Japan,Mazda,Mazda3,2014.0,8099.282,8099.282
15341,51925.0,4.0,0,0,0,0,0,0,False,False,False,False,False,True,False,False,False,4,SUV,of_Origin_Japan,Lexus,RX,2023.0,46580.223,46580.223
13652,86984.0,6.0,0,0,0,0,0,0,False,False,False,False,False,False,True,False,False,6,SUV,of_Origin_USA,Jeep,Grand,2021.0,31994.47,31994.47
15333,53094.0,3.0,0,0,0,0,0,1,False,False,False,False,False,True,False,False,False,4,SUV,of_Origin_Japan,Lexus,RX,2024.0,51141.26,51141.26
8833,93214.0,8.0,0,0,0,0,0,0,False,False,False,False,True,False,True,False,False,6,Coupe,of_Origin_USA,Dodge,Challenger,2019.0,36544.562,36544.562
3016,30229.0,2.0,0,0,0,0,0,0,False,False,False,False,False,False,True,False,False,4,SUV,of_Origin_Japan,Honda,CR-V,2025.0,35524.73,35524.73
31070,109545.0,12.0,0,0,0,0,0,0,False,True,False,False,False,False,True,False,False,4,SUV,of_Origin_Japan,Subaru,Outback,2015.0,15395.715,15395.715
25213,109521.0,9.0,0,0,0,0,0,0,False,False,False,False,False,True,False,False,False,6,Hatchback,baseline_value_here,Audi,S5,2018.0,28258.273,28258.273
4318,196227.0,12.0,0,0,0,0,0,0,False,False,False,False,False,True,False,False,False,6,SUV,of_Origin_Japan,baseline_value_here,RDX,2015.0,13721.823,13721.823
30327,121000.0,11.0,0,0,0,0,0,0,False,True,False,False,False,True,False,False,False,6,SUV,baseline_value_here,BMW,X5,2016.0,17588.69,17588.69
30665,114943.0,11.0,0,0,0,0,1,0,False,False,False,False,False,True,False,False,False,4,SUV,baseline_value_here,BMW,X1,2016.0,16795.693,16795.693
27451,100300.0,4.0,0,0,0,0,0,0,False,False,False,False,False,False,False,False,False,4,SUV,of_Origin_USA,Chevrolet,Trailblazer,2023.0,23791.719,23791.719
7311,88600.0,13.0,0,0,0,0,0,0,False,False,False,False,True,True,False,False,False,4,SUV,of_Origin_USA,Cadillac,SRX,2014.0,12820.456,12820.456
26410,97786.0,5.0,0,0,0,0,0,0,False,False,False,False,False,False,False,False,False,4,SUV,of_Origin_South Korea,Hyundai,Kona,2022.0,25185.434,25185.434
24787,13701.0,2.0,0,0,0,0,0,1,False,False,False,False,False,True,False,False,False,4,SUV,of_Origin_Sweden,Volvo,XC60,2025.0,61388.176,61388.176
2120,58774.0,11.0,0,0,0,0,0,0,False,False,False,False,False,False,True,False,False,4,SUV,of_Origin_Japan,Honda,HR-V,2016.0,24762.975,24762.975
20188,82440.0,6.0,0,0,0,0,0,0,False,False,False,False,False,False,True,False,False,4,SUV,of_Origin_Japan,Nissan,Rogue,2021.0,19912.074,19912.074
12642,15577.0,3.0,1,0,1,0,0,0,False,False,False,False,False,True,False,False,False,4,SUV,of_Origin_Japan,Infiniti,QX50,2024.0,42745.133,42745.133
12643,51544.0,8.0,0,0,0,0,0,0,False,False,False,False,False,True,False,False,False,4,SUV,of_Origin_Japan,Infiniti,QX50,2019.0,22555.36,22555.36
3686,1830.0,1.0,0,0,0,0,0,0,False,False,False,False,False,True,False,False,False,4,SUV,of_Origin_Japan,baseline_value_here,RDX,2026.0,56590.17,56590.17
35092,7717.0,3.0,0,0,0,0,0,0,True,False,False,False,False,False,True,False,False,4,baseline_value_here,of_Origin_Japan,Mazda,MX-5,2024.0,47823.82,47823.82
21248,35256.0,10.0,0,0,0,0,0,0,False,False,False,False,False,False,True,False,False,baseline_value_here,baseline_value_here,of_Origin_USA,RAM,1500,2017.0,32475.414,32475.414
18687,96716.0,9.0,0,0,0,0,0,0,False,False,False,False,False,True,False,False,False,4,Sedan,baseline_value_here,Mercedes-Benz,CLA,2018.0,17235.154,17235.154
30698,145500.0,6.0,0,0,0,0,0,0,False,False,False,False,False,False,True,False,False,6,SUV,of_Origin_USA,Dodge,Durango,2021.0,30402.066,30402.066
10042,40736.0,3.0,0,0,0,0,0,0,False,False,False,False,False,False,False,True,False,8,Pickup Truck,of_Origin_USA,GMC,Sierra,2024.0,56249.062,56249.062
35027,75096.0,12.0,0,0,0,0,0,0,False,False,False,False,True,False,False,False,False,4,Sedan,of_Origin_South Korea,Kia,Forte,2015.0,11371.063,11371.063
17712,63175.0,4.0,0,0,1,0,0,0,False,False,False,False,False,False,True,False,False,4,SUV,of_Origin_Japan,Mazda,CX-30,2023.0,31363.002,31363.002
28502,18649.0,9.0,0,1,0,0,0,0,False,False,False,False,False,True,False,False,False,4,SUV,of_Origin_Japan,Lexus,RX,2018.0,39699.832,39699.832
25117,45068.0,3.0,0,0,0,0,0,0,False,False,False,False,False,False,False,False,False,8,Pickup Truck,of_Origin_USA,Chevrolet,Silverado,2024.0,59183.152,59183.152
12744,14602.0,1.0,0,0,0,0,0,0,False,True,False,False,False,True,False,False,False,8,SUV,of_Origin_Japan,Infiniti,QX80,2026.0,84350.89,84350.89
767,172000.0,8.0,0,0,0,0,0,0,False,False,False,False,False,False,True,False,False,6,Pickup Truck,of_Origin_USA,Ford,F-150,2019.0,25891.908,25891.908
19367,63156.0,3.0,0,0,1,0,0,0,False,False,False,False,False,False,False,False,False,4,Coupe,of_Origin_Japan,Mitsubishi,Eclipse,2024.0,25489.621,25489.621
28209,140129.0,11.0,0,0,0,0,1,0,False,False,False,False,False,False,True,False,False,baseline_value_here,baseline_value_here,of_Origin_USA,RAM,1500,2016.0,29912.574,29912.574
4351,833.0,2.0,0,0,0,0,0,0,False,False,False,False,False,True,False,False,False,6,SUV,baseline_value_here,Audi,SQ5,2025.0,86603.55,86603.55
33332,167754.0,10.0,1,0,0,0,0,0,True,False,False,False,False,False,True,False,False,4,Sedan,of_Origin_Japan,Honda,Civic,2017.0,14467.397,14467.397
4528,54086.0,4.0,0,1,1,0,0,0,False,False,False,False,True,True,False,False,False,4,Sedan,baseline_value_here,Audi,A4,2023.0,32039.666,32039.666
24951,98000.0,7.0,1,0,0,0,0,0,False,False,False,False,False,True,False,False,False,4,SUV,of_Origin_Sweden,Volvo,XC40,2020.0,30753.691,30753.691
25960,82840.0,4.0,0,0,0,0,0,0,False,False,False,False,False,False,True,False,False,4,SUV,of_Origin_Japan,Honda,CR-V,2023.0,29714.1,29714.1
13349,129123.0,10.0,0,0,0,0,0,0,False,False,False,False,False,False,True,False,False,6,SUV,of_Origin_USA,Jeep,Wrangler,2017.0,19852.213,19852.213
35154,74850.0,8.0,0,0,0,0,0,0,False,False,False,False,False,False,True,False,False,4,Sedan,baseline_value_here,Volkswagen,Jetta,2019.0,20357.133,20357.133
27123,123973.0,10.0,0,0,0,0,0,0,False,False,False,False,False,False,True,False,False,4,SUV,of_Origin_Japan,Nissan,Rogue,2017.0,12622.206,12622.206
20200,8517.0,2.0,0,0,0,0,0,0,False,False,False,False,False,False,True,False,False,4,SUV,of_Origin_Japan,Nissan,Kicks,2025.0,30654.588,30654.588
26579,450.0,1.0,0,0,0,0,0,0,False,False,False,False,False,False,False,False,False,6,SUV,of_Origin_USA,Chevrolet,Traverse,2026.0,78206.23,78206.23
6279,3568.0,3.0,0,0,1,0,0,0,False,False,False,False,False,False,False,True,False,4,SUV,of_Origin_USA,Buick,Envista,2024.0,29960.146,29960.146
32661,30844.0,5.0,0,0,0,0,0,0,False,False,False,False,True,True,False,False,False,4,Sedan,of_Origin_Japan,baseline_value_here,TLX,2022.0,36117.707,36117.707
22923,92811.0,4.0,0,0,1,0,0,0,False,False,False,False,False,False,True,False,False,4,SUV,of_Origin_Japan,Toyota,RAV,2023.0,31379.252,31379.252
22801,12513.0,2.0,0,0,0,0,0,1,False,False,False,False,False,False,True,False,False,4,SUV,of_Origin_Japan,Toyota,RAV,2025.0,49854.67,49854.67
21044,59685.0,5.0,0,0,0,0,0,0,False,False,False,False,False,False,True,False,False,baseline_value_here,baseline_value_here,of_Origin_USA,RAM,1500,2022.0,43504.594,43504.594
23608,168846.0,11.0,0,0,0,0,0,0,False,False,False,False,False,False,True,False,False,4,SUV,baseline_value_here,Volkswagen,Tiguan,2016.0,10613.283,10613.283
37991,145000.0,13.0,0,0,0,0,0,0,False,False,False,False,False,False,True,False,False,4,SUV,of_Origin_Japan,Honda,CR-V,2014.0,13399.289,13399.289
17957,80059.0,5.0,0,0,1,0,0,0,False,False,False,False,False,False,True,False,False,4,SUV,of_Origin_Japan,Mazda,CX-5,2022.0,28111.297,28111.297
21159,39946.0,4.0,0,0,0,0,0,0,False,False,False,False,False,False,True,False,False,baseline_value_here,baseline_value_here,of_Origin_USA,RAM,1500,2023.0,40355.418,40355.418
27209,6600.0,9.0,0,0,0,0,0,0,True,False,False,False,True,False,False,False,False,6,Coupe,of_Origin_USA,Chevrolet,Camaro,2018.0,108260.26,108260.26
32703,98000.0,8.0,0,0,0,0,0,0,False,False,False,False,False,False,True,False,False,4,Sedan,of_Origin_Japan,Honda,Civic,2019.0,21074.916,21074.916
30830,16567.0,3.0,0,0,0,0,0,0,False,False,False,False,False,False,False,False,False,4,SUV,of_Origin_South Korea,Hyundai,Tucson,2024.0,31478.814,31478.814
594,54000.0,5.0,1,0,0,0,0,0,False,False,False,False,False,False,True,False,False,4,Sedan,of_Origin_Japan,Toyota,Corolla,2022.0,21971.215,21971.215
15376,18855.0,3.0,0,0,0,0,0,0,False,False,False,False,False,True,False,False,False,4,SUV,of_Origin_Japan,Lexus,NX,2024.0,55706.133,55706.133
36988,129831.0,3.0,0,0,0,0,0,0,False,False,False,False,False,False,True,False,False,4,Pickup Truck,of_Origin_USA,Ford,Ranger,2024.0,31389.996,31389.996
6962,500.0,1.0,0,0,0,0,0,0,False,False,False,False,False,True,False,False,False,4,SUV,of_Origin_USA,Cadillac,XT5,2026.0,68273.05,68273.05
16790,499.0,1.0,0,0,0,0,0,0,False,False,False,False,False,True,False,False,False,6,SUV,of_Origin_USA,Lincoln,Aviator,2026.0,82057.836,82057.836
38459,85500.0,4.0,0,0,0,0,0,1,False,False,False,False,False,False,True,False,False,4,Sedan,of_Origin_Japan,Toyota,Corolla,2023.0,27422.158,27422.158
34281,220201.0,10.0,0,0,0,0,0,0,False,False,False,False,False,False,True,False,False,4,SUV,of_Origin_USA,Ford,Escape,2017.0,7728.113,7728.113
6994,240000.0,11.0,0,1,0,0,0,0,False,False,False,True,False,True,False,False,False,8,SUV,of_Origin_USA,Cadillac,Escalade,2016.0,25155.098,25155.098
10745,5904.0,3.0,0,0,0,0,0,0,False,False,False,False,False,True,False,False,False,4,Sedan,of_Origin_South Korea,Genesis,G70,2024.0,48626.137,48626.137
31510,4225.0,1.0,1,1,0,0,0,0,False,False,False,False,False,False,False,False,False,4,SUV,of_Origin_South Korea,Kia,Seltos,2026.0,38241.21,38241.21
2921,5217.0,1.0,0,0,1,0,0,0,False,False,False,False,False,False,True,False,False,4,SUV,of_Origin_Japan,Nissan,Kicks,2026.0,29561.479,29561.479
23775,44336.0,4.0,0,0,0,0,0,0,False,False,False,False,False,False,True,False,False,4,SUV,baseline_value_here,Volkswagen,Taos,2023.0,27512.807,27512.807
29063,1638.0,4.0,0,0,0,0,0,0,False,False,False,False,True,False,True,False,False,4,SUV,of_Origin_Japan,Nissan,Qashqai,2023.0,21556.781,21556.781
22079,151053.0,14.0,0,0,0,0,1,0,False,False,False,False,True,False,True,False,False,4,Sedan,of_Origin_Japan,Subaru,Legacy,2013.0,8236.841,8236.841
28652,152082.0,12.0,0,0,0,0,0,0,False,False,False,False,True,True,False,False,False,6,Coupe,of_Origin_USA,Cadillac,ATS,2015.0,13569.16,13569.16
4071,8305.0,3.0,0,0,0,0,0,0,False,False,False,False,True,True,False,False,False,4,Sedan,of_Origin_Japan,baseline_value_here,TLX,2024.0,47389.145,47389.145
17332,65207.0,8.0,0,0,0,0,1,0,False,False,False,False,False,False,False,False,True,baseline_value_here,baseline_value_here,of_Origin_UK,MINI,3,2019.0,20284.996,20284.996
24745,13416.0,2.0,0,0,0,0,0,0,False,False,False,False,False,True,False,False,False,4,SUV,of_Origin_Sweden,Volvo,XC40,2025.0,37755.152,37755.152
30413,89789.0,6.0,0,0,0,0,0,0,False,False,False,False,False,False,True,False,False,4,SUV,of_Origin_Japan,Nissan,Rogue,2021.0,19252.424,19252.424
4136,11895.0,2.0,1,0,0,0,0,0,False,False,False,False,False,True,False,False,False,4,SUV,of_Origin_Japan,baseline_value_here,ADX,2025.0,50088.484,50088.484
25064,47000.0,5.0,1,0,1,0,0,0,False,False,False,False,False,False,False,False,False,4,SUV,of_Origin_USA,Chevrolet,Equinox,2022.0,20698.809,20698.809
92,163700.0,10.0,1,0,0,0,0,0,False,False,False,False,False,True,False,False,False,4,Sedan,of_Origin_Japan,Lexus,IS,2017.0,20524.623,20524.623
15581,1500.0,1.0,0,0,0,0,0,0,False,False,False,False,False,True,False,False,False,4,SUV,of_Origin_Japan,Lexus,TX,2026.0,78740.32,78740.32
21201,123800.0,5.0,0,0,0,0,0,0,False,False,False,False,False,False,True,False,False,baseline_value_here,baseline_value_here,of_Origin_USA,RAM,2500,2022.0,41130.305,41130.305
37524,178241.0,16.0,0,0,0,0,0,0,False,False,False,False,False,False,True,False,False,4,SUV,of_Origin_Japan,Toyota,RAV,2011.0,11256.35,11256.35
1353,80360.0,9.0,0,0,0,0,0,0,False,False,False,False,False,True,False,False,False,6,SUV,of_Origin_Japan,baseline_value_here,RDX,2018.0,26762.215,26762.215
31038,14357.0,2.0,0,0,0,0,0,0,False,False,False,False,False,False,True,False,False,4,Sedan,baseline_value_here,Volkswagen,Jetta,2025.0,26630.773,26630.773
1547,75537.0,4.0,0,0,0,0,0,0,False,False,True,False,False,False,True,False,False,6,SUV,of_Origin_Japan,Nissan,Pathfinder,2023.0,38531.156,38531.156
15381,202780.0,19.0,0,0,0,0,0,0,False,False,False,False,False,True,False,False,False,4,Sedan,of_Origin_Japan,Lexus,ES,2008.0,13781.363,13781.363
7814,44497.0,3.0,0,0,0,0,0,0,False,False,False,False,False,False,False,False,False,8,Pickup Truck,of_Origin_USA,Chevrolet,Silverado,2024.0,57905.492,57905.492
10688,30235.0,3.0,0,0,0,0,0,0,False,False,False,False,False,True,False,False,False,6,SUV,of_Origin_South Korea,Genesis,GV70,2024.0,51572.434,51572.434
12737,22360.0,2.0,0,0,0,0,0,0,False,False,False,False,False,True,False,False,False,6,SUV,of_Origin_Japan,Infiniti,QX60,2025.0,54082.184,54082.184
1990,112095.0,11.0,1,0,0,0,0,0,False,False,False,False,False,False,False,False,False,4,SUV,of_Origin_South Korea,Hyundai,Tucson,2016.0,13758.694,13758.694
33673,57690.0,3.0,0,0,0,0,0,0,False,False,False,False,False,False,True,False,False,4,SUV,of_Origin_Japan,Subaru,Forester,2024.0,30473.396,30473.396
8307,30869.0,3.0,0,0,0,0,0,0,False,False,False,False,False,False,True,False,False,6,Minivan,of_Origin_USA,Chrysler,Pacifica,2024.0,40004.855,40004.855
28991,8510.0,2.0,0,0,0,0,0,0,False,False,False,False,False,False,True,False,False,4,Sedan,of_Origin_Japan,Toyota,Corolla,2025.0,30288.734,30288.734
35141,170994.0,8.0,0,0,0,0,0,0,False,False,False,False,False,True,False,False,False,4,Coupe,baseline_value_here,Mercedes-Benz,C-Class,2019.0,23017.164,23017.164
20291,119691.0,6.0,0,0,0,0,0,0,False,False,False,False,False,False,True,False,False,4,Sedan,of_Origin_Japan,Nissan,Sentra,2021.0,16119.696,16119.696
33494,60607.0,5.0,0,0,0,0,0,0,False,False,False,False,True,False,True,False,False,4,SUV,of_Origin_USA,Ford,Edge,2022.0,28883.686,28883.686
148,126400.0,8.0,0,0,0,0,0,0,False,False,False,False,False,True,False,False,False,4,Sedan,of_Origin_Japan,Lexus,IS,2019.0,25996.508,25996.508
4611,140000.0,9.0,0,1,0,0,0,0,False,False,False,False,False,True,False,False,False,4,Sedan,baseline_value_here,Audi,A3,2018.0,14490.902,14490.902
10916,6750.0,1.0,0,0,0,0,0,0,False,False,False,False,False,True,False,False,False,4,Sedan,of_Origin_South Korea,Genesis,G70,2026.0,56958.242,56958.242
17239,11761.0,2.0,1,0,0,0,0,0,False,False,False,False,False,False,False,False,True,baseline_value_here,baseline_value_here,of_Origin_UK,MINI,3,2025.0,45277.254,45277.254
7148,162282.0,8.0,0,0,0,0,0,0,False,False,False,True,False,True,False,False,False,8,SUV,of_Origin_USA,Cadillac,Escalade,2019.0,46540.92,46540.92
35348,137275.0,5.0,0,0,0,0,0,0,False,False,False,False,False,False,False,False,False,4,SUV,of_Origin_South Korea,Hyundai,Venue,2022.0,21555.71,21555.71
10045,19808.0,3.0,0,0,0,0,0,0,False,False,False,False,False,False,False,True,False,4,Pickup Truck,of_Origin_USA,GMC,Canyon,2024.0,46810.535,46810.535
30659,149464.0,5.0,0,0,0,0,0,0,False,False,False,False,False,False,True,False,False,4,SUV,of_Origin_Japan,Toyota,RAV,2022.0,26839.59,26839.59
6575,188731.0,14.0,0,0,0,0,0,0,False,False,False,False,True,False,False,True,False,4,Sedan,of_Origin_USA,Buick,Regal,2013.0,5612.6807,5612.6807
35458,57080.0,3.0,0,0,0,0,0,0,False,False,False,False,False,False,True,False,False,4,SUV,of_Origin_Japan,Subaru,Crosstrek,2024.0,31579.883,31579.883
22715,55388.0,8.0,0,0,0,0,0,0,False,False,False,False,False,False,True,False,False,4,SUV,of_Origin_Japan,Toyota,RAV,2019.0,26209.404,26209.404
31129,49995.0,10.0,0,0,0,0,0,0,False,False,False,False,False,True,False,False,False,4,Sedan,baseline_value_here,Mercedes-Benz,C-Class,2017.0,24443.805,24443.805
24004,2578.0,2.0,0,0,0,0,0,0,False,False,False,False,False,False,True,False,False,4,Sedan,baseline_value_here,Volkswagen,Jetta,2025.0,28949.615,28949.615
34019,66625.0,3.0,0,0,0,0,0,0,False,False,False,False,False,False,False,False,False,4,Sedan,of_Origin_South Korea,Hyundai,Elantra,2024.0,21801.004,21801.004
28527,83868.0,9.0,0,0,0,0,1,0,False,False,False,False,False,True,False,False,False,6,SUV,baseline_value_here,Audi,Q7,2018.0,26946.906,26946.906
4429,103304.0,8.0,0,0,0,0,0,1,False,False,False,False,True,True,False,False,False,6,Sedan,baseline_value_here,Audi,A7,2019.0,40884.473,40884.473
31687,56529.0,7.0,0,0,0,0,0,0,False,False,True,False,False,False,False,False,False,8,Coupe,of_Origin_USA,Chevrolet,Corvette,2020.0,72015.96,72015.96
37531,128600.0,9.0,0,0,0,0,0,0,False,False,False,False,False,False,False,False,True,4,SUV,of_Origin_UK,MINI,Countryman,2018.0,16556.047,16556.047
821,44158.0,6.0,0,0,0,0,0,0,False,False,False,False,False,True,False,False,False,baseline_value_here,baseline_value_here,baseline_value_here,BMW,2,2021.0,37388.21,37388.21
36523,12000.0,3.0,0,1,0,0,0,0,True,False,False,False,False,False,True,False,False,4,Coupe,of_Origin_Japan,Subaru,BRZ,2024.0,37749.277,37749.277
19416,73450.0,4.0,0,0,0,0,0,0,False,False,False,False,False,False,False,False,False,4,Coupe,of_Origin_Japan,Mitsubishi,Eclipse,2023.0,22796.357,22796.357
36628,24741.0,2.0,0,0,0,0,0,0,False,False,False,False,False,True,False,False,False,baseline_value_here,baseline_value_here,baseline_value_here,BMW,4,2025.0,44317.36,44317.36
18639,66000.0,4.0,0,0,0,0,0,0,False,False,False,False,False,True,False,False,False,4,Sedan,baseline_value_here,Mercedes-Benz,CLA,2023.0,39767.75,39767.75
35921,82700.0,3.0,1,0,1,0,0,0,False,False,False,False,False,False,False,False,False,4,SUV,of_Origin_Japan,Mitsubishi,RVR,2024.0,22514.14,22514.14
30992,132211.0,8.0,0,0,0,0,0,0,False,False,False,False,False,False,True,False,False,baseline_value_here,baseline_value_here,of_Origin_USA,RAM,1500,2019.0,26029.45,26029.45
8690,56593.0,3.0,0,0,0,0,0,0,False,False,False,False,False,False,True,False,False,6,Minivan,of_Origin_USA,Chrysler,Pacifica,2024.0,36924.504,36924.504
4159,98000.0,8.0,0,0,0,0,0,0,False,False,False,False,False,True,False,False,False,4,SUV,of_Origin_Japan,baseline_value_here,RDX,2019.0,26924.58,26924.58
12866,9368.0,2.0,0,0,0,0,0,0,False,False,False,False,False,True,False,False,False,4,SUV,of_Origin_Japan,Infiniti,QX50,2025.0,63242.082,63242.082
12141,184549.0,16.0,0,1,1,0,0,0,False,False,False,False,False,False,False,False,False,4,SUV,of_Origin_South Korea,Hyundai,Tucson,2011.0,7227.1436,7227.1436
29170,28880.0,2.0,0,0,0,0,0,0,False,False,False,False,False,False,False,True,False,8,Pickup Truck,of_Origin_USA,GMC,Sierra,2025.0,71016.92,71016.92
27869,95496.0,4.0,0,0,0,0,0,0,False,False,False,False,False,False,False,False,False,4,SUV,of_Origin_USA,Chevrolet,Trailblazer,2023.0,24159.043,24159.043
24880,48864.0,5.0,0,0,0,0,0,0,False,False,False,False,False,True,False,False,False,4,SUV,baseline_value_here,Mercedes-Benz,GLC,2022.0,38130.4,38130.4
648,194394.0,11.0,0,1,1,0,0,0,False,False,False,False,False,False,True,False,False,4,SUV,of_Origin_Japan,Mazda,CX-5,2016.0,13467.76,13467.76
12630,587.0,2.0,0,0,0,0,0,0,False,False,False,False,False,True,False,False,False,4,SUV,of_Origin_Japan,Infiniti,QX50,2025.0,58742.656,58742.656
18513,89078.0,9.0,0,0,0,0,0,0,False,False,False,False,False,True,False,False,False,6,SUV,baseline_value_here,Mercedes-Benz,GLC,2018.0,20318.86,20318.86
16120,79577.0,5.0,0,0,0,0,1,0,False,False,False,False,False,True,False,False,False,4,SUV,of_Origin_USA,Lincoln,Nautilus,2022.0,33979.758,33979.758
843,80568.0,5.0,0,0,0,0,0,1,False,False,False,False,False,False,True,False,False,6,Pickup Truck,of_Origin_USA,Ford,F-150,2022.0,46324.016,46324.016
30631,347.0,1.0,0,0,0,0,0,0,False,False,True,False,False,False,False,False,False,8,SUV,of_Origin_USA,Chevrolet,Tahoe,2026.0,103804.77,103804.77
22164,31160.0,5.0,0,0,0,0,0,0,True,True,False,False,False,False,True,False,False,4,Sedan,of_Origin_Japan,Subaru,WRX,2022.0,31690.064,31690.064
19553,156187.0,7.0,0,0,0,0,0,0,False,True,False,False,False,False,False,False,False,4,SUV,of_Origin_Japan,Mitsubishi,Outlander,2020.0,16735.754,16735.754
27955,139973.0,11.0,0,0,0,0,0,0,False,True,False,False,False,False,True,False,False,6,SUV,of_Origin_Japan,Nissan,Murano,2016.0,10717.821,10717.821
4478,132000.0,9.0,0,0,0,0,0,0,False,False,False,False,False,True,False,False,False,4,SUV,baseline_value_here,Audi,Q3,2018.0,18983.639,18983.639
6271,11868.0,2.0,0,0,0,0,0,0,False,False,False,False,False,False,False,True,False,4,SUV,of_Origin_USA,Buick,Envista,2025.0,31742.467,31742.467
33498,1002.0,2.0,0,0,0,0,0,0,False,False,False,False,False,False,True,False,False,6,SUV,of_Origin_USA,Jeep,Grand,2025.0,59007.18,59007.18
11230,28093.0,4.0,0,0,0,0,1,0,False,False,False,False,False,False,True,False,False,4,Sedan,of_Origin_Japan,Honda,Civic,2023.0,28593.1,28593.1
33647,47861.0,5.0,0,0,0,0,0,0,False,False,False,False,False,True,False,False,False,4,SUV,of_Origin_Japan,Lexus,RX,2022.0,44857.938,44857.938
24731,43962.0,3.0,0,0,0,0,0,0,False,False,False,False,False,True,False,False,False,4,SUV,of_Origin_Sweden,Volvo,XC90,2024.0,50907.477,50907.477
25988,134589.0,11.0,0,0,0,0,0,0,False,False,False,False,False,False,True,False,False,4,SUV,of_Origin_Japan,Subaru,Forester,2016.0,14156.897,14156.897
35762,71907.0,3.0,0,0,0,0,0,0,False,True,False,False,False,False,False,False,False,4,SUV,of_Origin_Japan,Mitsubishi,Outlander,2024.0,30752.033,30752.033
32018,98897.0,9.0,0,0,0,0,0,0,False,False,False,False,False,False,True,False,False,4,SUV,of_Origin_Japan,Nissan,Rogue,2018.0,14742.598,14742.598
16204,54599.0,3.0,0,1,1,0,0,0,False,False,False,False,False,True,False,False,False,4,SUV,of_Origin_USA,Lincoln,Nautilus,2024.0,45507.0,45507.0
33127,105000.0,5.0,0,0,0,0,0,0,False,False,False,False,False,False,True,False,False,4,SUV,of_Origin_Japan,Honda,HR-V,2022.0,27511.9,27511.9
4640,31212.0,4.0,0,0,0,0,0,0,False,False,False,False,True,True,False,False,False,4,Coupe,baseline_value_here,Audi,TTS,2023.0,67495.0,67495.0
27354,58602.0,2.0,0,0,0,0,0,0,False,False,False,False,False,False,True,False,False,4,SUV,of_Origin_Japan,Nissan,Rogue,2025.0,32787.83,32787.83
23029,15891.0,2.0,0,0,0,0,0,1,False,False,False,False,False,False,True,False,False,4,Minivan,of_Origin_Japan,Toyota,Sienna,2025.0,59632.863,59632.863
15317,34383.0,3.0,0,0,0,0,0,1,False,False,False,False,False,True,False,False,False,4,SUV,of_Origin_Japan,Lexus,RX,2024.0,48780.15,48780.15
35370,50697.0,7.0,0,0,0,0,0,0,False,False,False,False,False,True,False,False,False,4,SUV,baseline_value_here,BMW,X4,2020.0,36448.94,36448.94
10845,88627.0,5.0,0,0,0,0,0,0,False,False,False,False,False,True,False,False,False,4,Sedan,of_Origin_South Korea,Genesis,G70,2022.0,31011.443,31011.443
5795,17172.0,2.0,0,0,0,0,0,0,False,False,False,False,False,True,False,False,False,4,SUV,baseline_value_here,BMW,X1,2025.0,52590.703,52590.703
20974,74524.0,5.0,0,0,0,0,0,0,False,False,False,False,False,False,True,False,False,baseline_value_here,baseline_value_here,of_Origin_USA,RAM,1500,2022.0,45026.867,45026.867
12772,42226.0,6.0,0,1,0,0,0,0,False,False,False,False,True,True,False,False,False,6,Sedan,of_Origin_Japan,Infiniti,Q50,2021.0,29991.72,29991.72
23590,34674.0,2.0,0,1,0,0,0,0,False,True,False,False,False,False,True,False,False,4,SUV,baseline_value_here,Volkswagen,Atlas,2025.0,46136.86,46136.86
37525,17000.0,6.0,0,0,0,0,0,0,False,False,False,False,False,False,True,False,False,6,Minivan,of_Origin_USA,Chrysler,Pacifica,2021.0,29524.67,29524.67
23668,87136.0,5.0,0,0,0,0,0,0,False,False,False,False,False,False,True,False,False,4,SUV,baseline_value_here,Volkswagen,Taos,2022.0,25086.598,25086.598
4553,43769.0,3.0,0,0,0,0,0,0,False,False,False,False,False,True,False,False,False,4,SUV,baseline_value_here,Audi,Q5,2024.0,38663.18,38663.18
29903,42528.0,2.0,0,0,0,0,0,0,False,False,False,False,False,False,False,False,False,4,Sedan,of_Origin_South Korea,Kia,K4,2025.0,25359.203,25359.203
24481,710.0,1.0,0,0,0,0,0,0,False,False,False,False,False,True,False,False,False,4,SUV,of_Origin_Sweden,Volvo,XC40,2026.0,67991.17,67991.17
25417,90000.0,4.0,0,1,0,0,0,0,False,False,False,False,False,False,True,False,False,6,Van,of_Origin_USA,RAM,ProMaster,2023.0,40195.992,40195.992
16470,21508.0,4.0,0,0,0,0,0,0,False,False,False,False,False,True,False,False,False,4,SUV,of_Origin_USA,Lincoln,Nautilus,2023.0,39284.445,39284.445
37549,78299.0,12.0,0,1,0,0,1,0,False,False,False,False,True,False,True,False,False,4,Sedan,of_Origin_Japan,Nissan,Micra,2015.0,6403.8843,6403.8843
21863,158932.0,9.0,1,0,0,0,0,0,False,True,False,False,False,False,True,False,False,4,SUV,of_Origin_Japan,Subaru,Outback,2018.0,16879.445,16879.445
31824,75195.0,4.0,0,0,0,0,0,1,False,False,True,False,False,True,False,False,False,6,SUV,baseline_value_here,BMW,X7,2023.0,73422.625,73422.625
26990,274544.0,11.0,0,0,0,0,0,0,False,False,False,False,False,False,True,False,False,4,SUV,of_Origin_Japan,Mazda,CX-5,2016.0,7776.324,7776.324
19543,60282.0,3.0,0,0,0,0,0,0,False,True,False,False,False,False,False,False,False,4,SUV,of_Origin_Japan,Mitsubishi,Outlander,2024.0,33049.33,33049.33
12622,2500.0,1.0,0,0,0,0,0,0,False,False,False,False,False,True,False,False,False,6,SUV,of_Origin_Japan,Infiniti,QX60,2026.0,73239.195,73239.195
9611,40465.0,2.0,1,0,0,0,0,0,False,False,False,False,False,False,True,False,False,4,baseline_value_here,of_Origin_USA,Ford,Mustang,2025.0,59334.574,59334.574
21204,79720.0,4.0,0,0,0,0,0,0,False,False,False,False,False,False,True,False,False,6,Van,of_Origin_USA,RAM,ProMaster,2023.0,36247.254,36247.254
33544,123000.0,9.0,0,0,0,0,0,0,True,False,False,False,False,False,True,False,False,4,Coupe,of_Origin_USA,Ford,Mustang,2018.0,35366.87,35366.87
34701,137338.0,6.0,0,0,0,0,0,0,False,False,False,False,False,False,True,False,False,4,SUV,baseline_value_here,Volkswagen,Tiguan,2021.0,21472.703,21472.703
34517,169946.0,9.0,0,0,0,0,0,0,False,False,False,False,False,False,True,False,False,4,SUV,of_Origin_Japan,Mazda,CX-5,2018.0,16637.502,16637.502
4570,44751.0,2.0,0,0,0,0,0,0,False,False,False,False,False,True,False,False,False,4,SUV,baseline_value_here,Audi,Q3,2025.0,39727.453,39727.453
15575,23825.0,3.0,0,0,0,0,0,1,False,False,False,False,False,True,False,False,False,4,SUV,of_Origin_Japan,Lexus,RX,2024.0,48693.63,48693.63
36384,158292.0,10.0,0,0,0,0,0,1,False,False,False,False,False,True,False,False,False,4,SUV,of_Origin_Japan,Lexus,NX,2017.0,26665.166,26665.166
14097,9082.0,2.0,0,0,0,0,0,0,False,False,False,False,False,False,False,False,False,4,Sedan,of_Origin_South Korea,Kia,K4,2025.0,28559.938,28559.938
20481,104108.0,9.0,0,0,0,0,0,0,False,False,False,False,True,False,True,False,False,4,SUV,of_Origin_Japan,Nissan,Qashqai,2018.0,14019.231,14019.231
29343,134740.0,12.0,0,0,0,0,0,0,False,False,False,False,False,False,True,False,False,8,Coupe,of_Origin_USA,Ford,Mustang,2015.0,24197.562,24197.562
4575,16045.0,3.0,0,0,0,0,0,0,False,False,False,False,False,True,False,False,False,4,SUV,baseline_value_here,Audi,Q5,2024.0,42851.5,42851.5
13478,189192.0,16.0,1,0,0,0,0,0,False,False,False,False,False,False,True,False,False,6,SUV,of_Origin_USA,Jeep,Grand,2011.0,10638.921,10638.921
8121,98638.0,12.0,0,0,0,0,0,0,False,False,False,False,True,False,False,False,False,6,Van,of_Origin_USA,Chevrolet,City,2015.0,17046.922,17046.922
7134,10547.0,2.0,0,0,0,0,0,0,False,False,False,False,False,True,False,False,False,4,SUV,of_Origin_USA,Cadillac,XT4,2025.0,66085.93,66085.93
38227,203300.0,13.0,0,0,0,0,0,0,False,False,False,False,False,False,True,False,False,4,Sedan,of_Origin_Japan,Toyota,Corolla,2014.0,10163.187,10163.187
2159,158700.0,15.0,0,0,0,0,0,0,False,True,False,False,False,False,True,False,False,6,Pickup Truck,of_Origin_Japan,Toyota,Tundra,2012.0,23692.303,23692.303
17794,17108.0,2.0,1,0,0,0,0,0,False,True,False,False,False,False,True,False,False,6,SUV,of_Origin_Japan,Mazda,CX-90,2025.0,55463.055,55463.055
16271,27635.0,5.0,0,0,0,0,0,0,False,False,False,False,False,True,False,False,False,4,SUV,of_Origin_USA,Lincoln,Corsair,2022.0,37905.37,37905.37
13306,88250.0,4.0,0,0,0,0,0,0,False,False,False,False,False,False,True,False,False,6,SUV,of_Origin_USA,Jeep,Wrangler,2023.0,31484.094,31484.094
26942,98535.0,13.0,1,0,0,0,0,0,False,False,False,False,True,False,False,False,False,4,Minivan,of_Origin_South Korea,Kia,Rondo,2014.0,9258.038,9258.038
32029,106317.0,7.0,0,0,0,0,0,0,False,False,False,False,False,False,True,False,False,baseline_value_here,baseline_value_here,of_Origin_USA,RAM,1500,2020.0,33711.73,33711.73
10185,46958.0,3.0,0,0,0,0,0,0,False,False,False,False,False,False,False,True,False,8,Pickup Truck,of_Origin_USA,GMC,Sierra,2024.0,61231.17,61231.17
32290,26289.0,2.0,0,0,0,0,0,0,False,False,False,False,False,False,True,False,False,4,SUV,of_Origin_Japan,Toyota,RAV,2025.0,40629.12,40629.12
24704,89668.0,5.0,0,0,0,0,0,1,False,False,False,False,False,True,False,False,False,4,SUV,of_Origin_Sweden,Volvo,XC60,2022.0,37797.09,37797.09
33940,131278.0,13.0,0,0,0,0,0,0,False,False,False,False,True,False,True,False,False,6,SUV,of_Origin_Japan,Toyota,FJ,2014.0,23991.418,23991.418
37006,39626.0,2.0,0,0,0,0,0,1,False,False,False,False,False,False,True,False,False,4,SUV,of_Origin_Japan,Honda,CR-V,2025.0,41903.746,41903.746
2085,109999.0,10.0,0,0,0,0,0,0,False,False,False,False,False,False,True,False,False,6,SUV,of_Origin_USA,Ford,Explorer,2017.0,18606.316,18606.316
2301,136000.0,10.0,0,0,0,0,0,0,False,False,False,False,False,True,False,False,False,4,SUV,of_Origin_Sweden,Volvo,XC90,2017.0,23697.29,23697.29
33661,33349.0,3.0,0,0,0,0,0,0,False,False,False,False,False,False,False,False,False,baseline_value_here,baseline_value_here,of_Origin_South Korea,Hyundai,KONA,2024.0,29374.76,29374.76
1637,42600.0,4.0,0,0,0,0,0,0,False,False,False,False,False,False,True,False,False,4,SUV,of_Origin_USA,Ford,Bronco,2023.0,32786.28,32786.28
2602,34373.0,18.0,0,0,1,0,0,0,False,False,False,False,False,False,True,False,False,4,Pickup Truck,of_Origin_USA,Ford,Ranger,2009.0,-9351.362,-9351.362
27721,24603.0,2.0,0,0,0,0,0,0,False,False,False,False,False,False,False,False,False,4,SUV,of_Origin_USA,Chevrolet,Equinox,2025.0,27303.49,27303.49
36619,285085.0,15.0,0,0,0,0,0,0,False,True,False,False,False,False,True,False,False,4,SUV,of_Origin_Japan,Subaru,Outback,2012.0,2767.0361,2767.0361
19364,35000.0,5.0,0,0,0,0,0,0,False,False,False,False,False,False,False,False,False,4,SUV,of_Origin_Japan,Mitsubishi,RVR,2022.0,25893.121,25893.121
28478,85000.0,11.0,0,0,0,0,0,0,False,False,False,False,True,False,True,False,False,4,SUV,of_Origin_USA,Dodge,Journey,2016.0,10225.553,10225.553
27742,60479.0,3.0,0,0,0,0,1,0,False,False,False,False,False,False,True,False,False,4,SUV,baseline_value_here,Volkswagen,Taos,2024.0,29425.271,29425.271
17241,134216.0,11.0,1,0,0,0,0,0,False,False,False,False,False,False,False,False,True,baseline_value_here,baseline_value_here,of_Origin_UK,MINI,3,2016.0,10396.891,10396.891
7139,86151.0,12.0,0,0,0,0,1,0,False,False,False,False,True,True,False,False,False,6,Coupe,of_Origin_USA,Cadillac,ATS,2015.0,10310.193,10310.193
18616,75544.0,3.0,0,0,0,0,0,0,False,False,True,False,False,True,False,False,False,8,SUV,baseline_value_here,Mercedes-Benz,GLS,2024.0,94052.875,94052.875
29688,165987.0,10.0,0,0,0,0,0,0,False,False,False,False,False,False,False,True,False,4,SUV,of_Origin_USA,GMC,Terrain,2017.0,11959.287,11959.287
33700,41577.0,2.0,0,0,0,0,0,1,False,False,False,False,False,False,True,False,False,4,SUV,of_Origin_Japan,Toyota,Crown,2025.0,50383.934,50383.934
12849,47181.0,4.0,0,0,0,0,0,0,False,False,False,False,True,True,False,False,False,6,Sedan,of_Origin_Japan,Infiniti,Q50,2023.0,37334.605,37334.605
4370,424.0,2.0,0,0,0,0,0,0,False,False,False,False,True,True,False,False,False,4,Sedan,baseline_value_here,Audi,A4,2025.0,53484.22,53484.22
4407,136344.0,9.0,0,0,0,0,0,0,False,False,False,False,False,True,False,False,False,4,SUV,baseline_value_here,Audi,Q5,2018.0,19957.635,19957.635
38209,193000.0,14.0,0,0,0,0,0,0,False,False,False,False,False,False,False,False,False,4,SUV,of_Origin_South Korea,Hyundai,Santa,2013.0,7267.5645,7267.5645
32440,28581.0,2.0,0,0,0,0,0,0,False,False,False,False,False,False,True,False,False,4,SUV,of_Origin_USA,Ford,Bronco,2025.0,43256.094,43256.094
3970,117511.0,7.0,0,0,0,0,0,0,False,True,False,False,False,True,False,False,False,6,SUV,of_Origin_Japan,baseline_value_here,MDX,2020.0,33024.797,33024.797
8732,102421.0,9.0,0,0,0,0,0,0,False,False,False,False,True,False,True,False,False,6,Minivan,of_Origin_USA,Dodge,Grand,2018.0,17857.0,17857.0
27815,137254.0,9.0,0,0,0,0,0,0,False,False,False,False,True,False,False,False,False,6,Minivan,of_Origin_South Korea,Kia,Sedona,2018.0,18675.084,18675.084
26225,184006.0,10.0,0,0,0,0,0,0,False,False,False,False,False,False,True,False,False,4,SUV,of_Origin_USA,Jeep,Cherokee,2017.0,11298.259,11298.259
17765,9139.0,2.0,1,0,0,0,0,0,False,False,False,False,False,False,True,False,False,4,SUV,of_Origin_Japan,Mazda,CX-5,2025.0,32226.92,32226.92
38284,66803.0,14.0,0,0,0,0,0,0,False,False,False,False,False,False,True,False,False,6,SUV,of_Origin_USA,Jeep,Wrangler,2013.0,17733.988,17733.988
7767,37403.0,3.0,0,0,0,0,0,0,False,False,False,False,False,False,False,False,False,6,SUV,of_Origin_USA,Chevrolet,Blazer,2024.0,45579.22,45579.22
13984,10967.0,2.0,0,0,0,0,0,0,False,False,False,False,True,False,False,False,False,6,SUV,of_Origin_South Korea,Kia,Telluride,2025.0,51918.723,51918.723
350,54706.0,7.0,0,0,0,0,0,0,False,False,False,False,False,True,False,False,False,baseline_value_here,baseline_value_here,baseline_value_here,BMW,3,2020.0,33946.324,33946.324
15369,25067.0,5.0,0,0,0,0,0,0,False,False,False,False,False,True,False,False,False,4,Sedan,of_Origin_Japan,Lexus,IS,2022.0,42836.65,42836.65
29321,200585.0,7.0,0,0,0,0,0,0,False,False,False,False,False,False,False,False,False,6,Van,of_Origin_USA,Chevrolet,Express,2020.0,18066.824,18066.824
9452,188549.0,12.0,0,0,0,0,0,0,False,False,False,False,True,False,True,False,False,4,Sedan,of_Origin_USA,Ford,Fusion,2015.0,5675.6855,5675.6855
24740,74534.0,5.0,0,0,0,0,0,1,False,False,False,False,False,True,False,False,False,4,SUV,of_Origin_Sweden,Volvo,XC60,2022.0,36421.55,36421.55
7755,112773.0,12.0,0,0,0,0,1,0,True,False,False,False,True,False,False,False,False,4,Hatchback,of_Origin_USA,Chevrolet,Spark,2015.0,10083.814,10083.814
25463,39103.0,3.0,0,0,0,0,0,0,False,False,False,False,False,True,False,False,False,6,SUV,of_Origin_Japan,Infiniti,QX60,2024.0,45216.652,45216.652
9064,98253.0,7.0,0,0,0,0,0,0,False,False,False,False,True,False,True,False,False,6,Minivan,of_Origin_USA,Dodge,Grand,2020.0,24011.025,24011.025
16356,132780.0,9.0,0,0,0,0,0,0,False,False,False,False,True,True,False,False,False,4,SUV,of_Origin_USA,Lincoln,MKC,2018.0,18490.812,18490.812
30481,87815.0,5.0,0,0,0,0,0,0,False,False,False,False,True,False,True,False,False,4,SUV,of_Origin_Japan,Subaru,Ascent,2022.0,30557.793,30557.793
21055,1211.0,1.0,0,0,0,0,0,0,False,False,False,False,False,False,True,False,False,baseline_value_here,baseline_value_here,of_Origin_USA,RAM,1500,2026.0,79929.14,79929.14
8645,85825.0,3.0,0,0,0,0,0,0,False,False,False,False,False,False,True,False,False,6,Minivan,of_Origin_USA,Chrysler,Grand,2024.0,33775.516,33775.516
21819,95832.0,4.0,1,0,0,0,0,0,False,True,False,False,False,False,True,False,False,4,SUV,of_Origin_Japan,Subaru,Outback,2023.0,30538.096,30538.096
8410,1142.0,3.0,0,0,0,0,0,1,False,False,False,False,False,False,True,False,False,6,Minivan,of_Origin_USA,Chrysler,Pacifica,2024.0,54353.48,54353.48
11218,56968.0,4.0,0,0,0,0,1,1,False,False,False,False,False,False,True,False,False,4,SUV,of_Origin_Japan,Honda,CR-V,2023.0,39441.902,39441.902
25811,134000.0,8.0,0,0,0,0,0,0,False,False,False,False,False,True,False,False,False,4,SUV,baseline_value_here,Audi,Q5,2019.0,20632.236,20632.236
10918,47000.0,4.0,0,0,0,0,0,0,False,True,False,False,False,True,False,False,False,6,SUV,of_Origin_South Korea,Genesis,GV80,2023.0,51510.613,51510.613
24674,34287.0,3.0,0,0,0,0,0,1,False,False,False,False,False,True,False,False,False,4,SUV,of_Origin_Sweden,Volvo,XC90,2024.0,57771.367,57771.367
27246,84600.0,5.0,0,0,0,0,0,0,False,False,False,False,False,False,True,False,False,4,SUV,baseline_value_here,Volkswagen,Tiguan,2022.0,23342.639,23342.639
17268,11759.0,1.0,0,0,0,0,0,0,False,False,False,False,False,False,False,False,True,4,SUV,of_Origin_UK,MINI,Countryman,2026.0,54590.992,54590.992
35683,41298.0,4.0,0,0,0,0,0,0,False,False,False,False,False,False,False,False,False,4,SUV,of_Origin_South Korea,Hyundai,Santa,2023.0,25756.896,25756.896
16146,126763.0,10.0,0,0,0,0,0,0,False,False,False,False,True,True,False,False,False,6,Sedan,of_Origin_USA,Lincoln,MKZ,2017.0,19585.502,19585.502
8635,109038.0,4.0,0,0,0,0,0,0,False,False,False,False,False,False,True,False,False,6,Minivan,of_Origin_USA,Chrysler,Grand,2023.0,28918.549,28918.549
23752,53147.0,3.0,0,0,0,0,0,0,False,False,False,False,False,False,True,False,False,4,Hatchback,baseline_value_here,Volkswagen,Golf,2024.0,35045.41,35045.41
29911,96611.0,4.0,0,0,0,0,0,0,False,False,False,False,False,False,True,False,False,baseline_value_here,baseline_value_here,of_Origin_USA,RAM,1500,2023.0,33975.09,33975.09
15626,26124.0,3.0,0,0,0,0,0,0,False,False,False,False,False,True,False,False,False,4,SUV,of_Origin_Japan,Lexus,RX,2024.0,51964.875,51964.875
19544,40746.0,3.0,1,0,0,0,0,0,False,False,False,False,False,False,False,False,False,4,SUV,of_Origin_Japan,Mitsubishi,RVR,2024.0,25633.549,25633.549
30184,97174.0,8.0,0,0,0,0,0,0,False,False,False,False,True,False,True,False,False,4,Sedan,of_Origin_Japan,Subaru,Legacy,2019.0,19597.99,19597.99
34262,117678.0,9.0,0,0,0,0,0,0,False,False,False,False,True,False,False,False,False,4,Sedan,of_Origin_South Korea,Kia,Rio,2018.0,12778.548,12778.548
17358,7136.0,1.0,0,0,0,0,0,0,False,False,False,False,False,False,False,False,True,baseline_value_here,baseline_value_here,of_Origin_UK,MINI,3,2026.0,54421.7,54421.7
17700,115800.0,4.0,0,0,0,0,0,0,False,False,False,False,True,False,True,False,False,4,SUV,of_Origin_Japan,Mazda,CX-9,2023.0,30029.582,30029.582
38457,56961.0,6.0,0,0,0,0,0,0,False,False,False,False,False,False,False,False,False,4,Sedan,of_Origin_South Korea,Hyundai,Elantra,2021.0,18402.738,18402.738
20938,27820.0,2.0,0,0,0,0,0,0,False,False,False,False,False,False,True,False,False,baseline_value_here,baseline_value_here,of_Origin_USA,RAM,1500,2025.0,71201.055,71201.055
37561,103947.0,11.0,0,0,0,0,0,0,False,False,False,False,True,False,False,False,False,6,Minivan,of_Origin_South Korea,Kia,Sedona,2016.0,14525.874,14525.874
25763,44827.0,4.0,0,0,0,0,0,0,False,True,False,False,False,False,False,False,False,6,SUV,of_Origin_South Korea,Hyundai,Palisade,2023.0,43932.844,43932.844
17699,100166.0,4.0,0,0,0,0,0,0,False,False,False,False,False,False,True,False,False,4,SUV,of_Origin_Japan,Mazda,CX-5,2023.0,28033.848,28033.848
19418,129967.0,5.0,0,0,0,0,0,0,False,False,False,False,False,False,False,False,False,4,Coupe,of_Origin_Japan,Mitsubishi,Eclipse,2022.0,19678.578,19678.578
37274,9863.0,3.0,0,0,0,0,0,0,False,False,False,False,False,False,True,False,False,4,SUV,baseline_value_here,Volkswagen,Taos,2024.0,33691.543,33691.543
10268,57426.0,4.0,0,0,0,0,0,0,False,False,False,False,False,False,False,True,False,8,Pickup Truck,of_Origin_USA,GMC,Sierra,2023.0,58339.332,58339.332
18021,205436.0,12.0,0,0,0,0,0,0,False,False,False,False,False,False,True,False,False,4,Sedan,of_Origin_Japan,Mazda,Mazda3,2015.0,8511.732,8511.732
18432,12876.0,1.0,0,0,0,0,1,0,False,False,False,False,False,True,False,False,False,4,SUV,baseline_value_here,Mercedes-Benz,GLA,2026.0,86231.46,86231.46
9073,57836.0,10.0,0,0,0,0,0,0,False,False,False,False,False,False,True,False,False,8,Sedan,of_Origin_USA,Dodge,Charger,2017.0,57652.34,57652.34
22807,61434.0,6.0,0,0,0,0,0,0,False,False,False,False,False,False,True,False,False,4,SUV,of_Origin_Japan,Toyota,RAV,2021.0,30329.396,30329.396
1165,70201.0,11.0,0,0,0,0,0,0,False,False,False,False,False,False,True,False,False,4,Sedan,of_Origin_Japan,Honda,Civic,2016.0,17283.143,17283.143
1288,1878.0,3.0,0,0,0,0,0,1,False,False,False,False,False,False,True,False,False,4,SUV,of_Origin_USA,Ford,Escape,2024.0,29742.902,29742.902
2292,87596.0,4.0,0,0,0,0,0,0,False,False,False,False,False,False,True,False,False,4,SUV,of_Origin_Japan,Honda,CR-V,2023.0,30212.504,30212.504
8095,169683.0,9.0,0,0,0,0,0,0,False,False,False,False,True,False,False,False,False,4,Hatchback,of_Origin_USA,Chevrolet,Sonic,2018.0,8999.302,8999.302
1147,130366.0,9.0,0,0,0,0,0,1,False,False,False,False,False,False,True,False,False,6,SUV,of_Origin_USA,Jeep,Wrangler,2018.0,22637.205,22637.205
4073,17588.0,1.0,0,0,0,0,0,0,False,True,False,False,False,True,False,False,False,6,SUV,of_Origin_Japan,baseline_value_here,MDX,2026.0,72792.24,72792.24
33675,81257.0,3.0,0,0,0,0,0,0,False,False,False,False,False,False,False,False,False,4,SUV,of_Origin_South Korea,Kia,Seltos,2024.0,26888.627,26888.627
8631,111757.0,5.0,0,0,0,0,0,0,False,False,False,False,True,False,True,False,False,baseline_value_here,baseline_value_here,of_Origin_USA,Chrysler,300,2022.0,24542.168,24542.168
4201,174346.0,13.0,0,0,0,0,0,0,False,True,False,False,False,True,False,False,False,6,SUV,of_Origin_Japan,baseline_value_here,MDX,2014.0,11902.755,11902.755
20312,34308.0,4.0,1,0,0,0,0,0,False,False,False,False,True,False,True,False,False,4,SUV,of_Origin_Japan,Nissan,Qashqai,2023.0,21589.105,21589.105
36462,288000.0,17.0,0,0,0,0,0,0,False,False,False,False,False,False,True,False,False,4,Hatchback,baseline_value_here,Volkswagen,Golf,2010.0,3020.0933,3020.0933
340,181061.0,9.0,0,0,0,0,0,0,False,False,False,False,False,False,True,False,False,baseline_value_here,baseline_value_here,of_Origin_USA,RAM,1500,2018.0,21777.188,21777.188
2914,81625.0,4.0,0,0,0,0,0,0,False,False,False,False,False,True,False,False,False,6,Hatchback,baseline_value_here,Audi,S5,2023.0,42575.363,42575.363
36943,175899.0,6.0,0,0,0,0,0,0,False,False,False,False,False,False,True,False,False,4,SUV,of_Origin_USA,Ford,Bronco,2021.0,20554.652,20554.652
21188,89998.0,4.0,0,0,0,0,0,0,False,False,False,False,False,False,True,False,False,baseline_value_here,baseline_value_here,of_Origin_USA,RAM,1500,2023.0,40181.438,40181.438
4139,50027.0,10.0,0,0,0,0,0,0,False,False,False,False,True,True,False,False,False,4,Sedan,of_Origin_Japan,baseline_value_here,ILX,2017.0,22595.137,22595.137
37189,4909.0,4.0,0,1,0,0,0,0,False,False,False,False,False,False,True,False,False,4,SUV,baseline_value_here,Volkswagen,Tiguan,2023.0,28513.242,28513.242
933,95845.0,9.0,0,0,0,0,0,0,False,False,False,False,False,True,False,False,False,4,Sedan,baseline_value_here,Mercedes-Benz,CLA,2018.0,16819.447,16819.447
27407,138711.0,14.0,0,0,0,0,0,0,False,False,False,False,False,False,True,False,False,4,Pickup Truck,of_Origin_Japan,Toyota,Tacoma,2013.0,18970.91,18970.91
11945,118730.0,5.0,0,0,0,0,0,0,False,False,False,False,False,False,False,False,False,4,Sedan,of_Origin_South Korea,Hyundai,Elantra,2022.0,17689.648,17689.648
28523,138000.0,13.0,0,0,0,0,0,0,False,False,False,False,False,False,True,False,False,4,Sedan,of_Origin_Japan,Nissan,Versa,2014.0,7456.1636,7456.1636
36244,8358.0,1.0,0,0,0,0,0,0,False,False,False,False,False,False,True,False,False,4,SUV,baseline_value_here,Volkswagen,Tiguan,2026.0,38387.016,38387.016
25656,29539.0,5.0,0,0,0,0,0,0,False,False,False,False,False,True,False,False,False,4,SUV,baseline_value_here,BMW,X1,2022.0,36815.555,36815.555
8485,42357.0,4.0,0,0,0,0,0,0,False,False,False,False,False,False,True,False,False,6,Minivan,of_Origin_USA,Chrysler,Pacifica,2023.0,42276.516,42276.516
32519,96069.0,5.0,0,0,0,0,0,0,False,False,False,False,True,False,True,False,False,4,SUV,of_Origin_Japan,Mazda,CX-9,2022.0,28629.148,28629.148
8024,88749.0,4.0,0,0,0,0,0,0,False,False,False,False,True,False,False,False,False,4,Sedan,of_Origin_USA,Chevrolet,Malibu,2023.0,18958.998,18958.998
19274,40290.0,2.0,0,0,0,0,0,0,False,True,False,False,False,False,False,False,False,4,SUV,of_Origin_Japan,Mitsubishi,Outlander,2025.0,38277.254,38277.254
26348,171000.0,14.0,0,0,0,0,0,0,False,False,False,False,True,False,False,False,False,6,Coupe,of_Origin_South Korea,Hyundai,Genesis,2013.0,6300.043,6300.043
5614,34000.0,2.0,0,0,0,0,0,1,False,False,False,False,False,True,False,False,False,baseline_value_here,baseline_value_here,baseline_value_here,BMW,3,2025.0,52983.82,52983.82
1467,151437.0,8.0,0,0,1,0,0,0,False,False,False,False,False,False,False,True,False,8,Pickup Truck,of_Origin_USA,GMC,Sierra,2019.0,29471.896,29471.896
3967,42579.0,3.0,0,0,0,0,1,0,False,True,False,False,False,True,False,False,False,6,SUV,of_Origin_Japan,baseline_value_here,MDX,2024.0,50101.1,50101.1
4327,86668.0,5.0,0,0,0,0,0,0,False,False,False,False,False,True,False,False,False,6,SUV,baseline_value_here,Audi,SQ5,2022.0,42100.977,42100.977
33565,77627.0,7.0,0,0,0,0,0,0,False,False,False,False,False,False,False,False,False,4,SUV,of_Origin_South Korea,Kia,Sportage,2020.0,20857.367,20857.367
14126,120222.0,11.0,0,0,0,0,0,0,False,False,False,False,False,False,False,False,False,4,SUV,of_Origin_South Korea,Kia,Sorento,2016.0,13010.015,13010.015
17893,137738.0,5.0,0,0,1,0,0,0,False,False,False,False,True,False,True,False,False,4,SUV,of_Origin_Japan,Mazda,CX-3,2022.0,28499.422,28499.422
16702,499.0,1.0,0,0,0,0,0,0,False,False,True,False,False,True,False,False,False,6,SUV,of_Origin_USA,Lincoln,Navigator,2026.0,127010.086,127010.086
22221,46993.0,3.0,0,0,0,0,0,0,False,False,False,False,False,False,True,False,False,4,SUV,of_Origin_Japan,Subaru,Forester,2024.0,31612.932,31612.932
29901,37251.0,2.0,0,0,0,0,0,0,False,False,False,False,False,False,False,False,False,4,Sedan,of_Origin_South Korea,Kia,K4,2025.0,26812.836,26812.836
6459,134747.0,6.0,0,0,0,0,0,0,False,True,False,False,False,False,False,True,False,6,SUV,of_Origin_USA,Buick,Enclave,2021.0,26522.312,26522.312
16358,11435.0,2.0,0,0,0,0,0,0,False,False,True,False,False,True,False,False,False,6,SUV,of_Origin_USA,Lincoln,Navigator,2025.0,118571.9,118571.9
25151,55500.0,6.0,0,0,0,0,0,1,False,False,False,False,False,False,True,False,False,4,Minivan,of_Origin_Japan,Toyota,Sienna,2021.0,42050.305,42050.305
17566,53000.0,10.0,0,0,0,0,0,0,False,False,False,False,False,False,False,False,True,baseline_value_here,baseline_value_here,of_Origin_UK,MINI,3,2017.0,19756.848,19756.848
21240,50518.0,5.0,0,0,0,0,0,0,False,False,False,False,False,False,True,False,False,baseline_value_here,baseline_value_here,of_Origin_USA,RAM,1500,2022.0,79921.35,79921.35
29471,172715.0,12.0,0,0,0,0,0,1,False,False,False,False,False,False,True,False,False,4,Hatchback,of_Origin_Japan,Toyota,Prius,2015.0,12505.37,12505.37
25448,90806.0,8.0,0,0,0,0,0,0,False,False,False,False,False,True,False,False,False,4,Sedan,baseline_value_here,Mercedes-Benz,CLA,2019.0,25498.97,25498.97
22053,65044.0,3.0,0,0,0,0,0,0,False,False,False,False,False,False,True,False,False,4,SUV,of_Origin_Japan,Subaru,Crosstrek,2024.0,30587.451,30587.451
24587,17366.0,1.0,0,0,0,0,0,0,False,False,False,False,False,True,False,False,False,4,SUV,of_Origin_Sweden,Volvo,XC90,2026.0,76116.22,76116.22
27433,33143.0,4.0,1,0,0,0,0,0,False,False,False,False,False,False,True,False,False,4,SUV,of_Origin_Japan,Honda,HR-V,2023.0,34911.098,34911.098
10025,32865.0,5.0,0,0,0,0,0,0,False,False,False,False,False,False,False,True,False,4,Pickup Truck,of_Origin_USA,GMC,Canyon,2022.0,41924.062,41924.062
30687,39916.0,3.0,0,0,0,0,0,0,False,False,False,False,False,False,True,False,False,4,SUV,of_Origin_USA,Jeep,Compass,2024.0,29331.271,29331.271
36137,47414.0,4.0,0,0,0,0,0,0,False,True,False,False,False,True,False,False,False,baseline_value_here,baseline_value_here,baseline_value_here,BMW,5,2023.0,51127.227,51127.227
17863,2260.0,1.0,0,0,0,0,0,0,False,False,False,False,False,False,True,False,False,4,SUV,of_Origin_Japan,Mazda,CX-30,2026.0,36345.387,36345.387
8486,49244.0,4.0,0,0,0,0,0,0,False,False,False,False,True,False,True,False,False,baseline_value_here,baseline_value_here,of_Origin_USA,Chrysler,300,2023.0,34516.02,34516.02
1172,51148.0,4.0,0,0,0,0,0,0,False,False,False,False,False,False,True,False,False,6,Van,of_Origin_USA,Ford,Transit,2023.0,61481.668,61481.668
37359,39339.0,3.0,0,0,0,0,0,0,False,False,False,False,False,False,True,False,False,4,SUV,baseline_value_here,Volkswagen,Taos,2024.0,30775.953,30775.953
23574,172084.0,7.0,0,0,0,0,0,0,False,False,False,False,False,False,True,False,False,4,Sedan,baseline_value_here,Volkswagen,Jetta,2020.0,12874.561,12874.561
16378,111000.0,13.0,0,0,0,0,0,0,False,False,False,False,True,True,False,False,False,6,SUV,of_Origin_USA,Lincoln,MKT,2014.0,16142.081,16142.081
27426,204000.0,12.0,0,0,0,0,0,0,False,True,False,False,False,True,False,False,False,baseline_value_here,baseline_value_here,baseline_value_here,BMW,5,2015.0,6747.047,6747.047
23087,146711.0,12.0,0,0,0,0,1,0,False,False,False,False,True,False,True,False,False,4,SUV,of_Origin_Japan,Toyota,Venza,2015.0,15090.908,15090.908
34096,24141.0,3.0,0,0,0,0,0,0,False,False,False,False,False,False,False,False,False,8,Pickup Truck,of_Origin_USA,Chevrolet,Silverado,2024.0,49469.973,49469.973
10036,71465.0,3.0,0,0,0,0,0,0,False,False,False,False,False,False,False,True,False,4,SUV,of_Origin_USA,GMC,Terrain,2024.0,26219.652,26219.652
38321,39896.0,4.0,0,0,0,0,0,0,False,False,False,False,False,True,False,False,False,6,Hatchback,baseline_value_here,Audi,S5,2023.0,53779.035,53779.035
17263,24224.0,2.0,0,0,0,0,0,0,False,False,False,False,False,False,False,False,True,4,SUV,of_Origin_UK,MINI,Countryman,2025.0,43274.04,43274.04
17984,265018.0,14.0,0,0,0,0,1,0,False,False,False,False,False,False,True,False,False,4,Sedan,of_Origin_Japan,Mazda,Mazda3,2013.0,6002.5044,6002.5044
20996,265261.0,8.0,0,0,0,0,0,0,False,False,False,False,False,False,True,False,False,baseline_value_here,baseline_value_here,of_Origin_USA,RAM,1500,2019.0,19822.686,19822.686
8866,5175.0,4.0,0,1,0,0,0,0,False,False,False,False,True,False,True,False,False,6,Coupe,of_Origin_USA,Dodge,Challenger,2023.0,62475.953,62475.953
7924,49482.0,4.0,0,0,0,0,0,0,False,False,False,False,False,False,False,False,False,4,SUV,of_Origin_USA,Chevrolet,Trailblazer,2023.0,26603.52,26603.52
1513,49971.0,4.0,0,0,0,0,0,0,False,False,False,False,False,False,True,False,False,4,SUV,of_Origin_USA,Ford,Explorer,2023.0,34812.94,34812.94
14057,82056.0,4.0,0,0,1,0,0,0,False,False,False,False,True,False,False,False,False,4,Sedan,of_Origin_South Korea,Kia,Forte,2023.0,20315.602,20315.602
27830,64399.0,7.0,0,0,0,0,0,0,False,False,False,False,False,False,True,False,False,4,Sedan,of_Origin_Japan,Mazda,Mazda3,2020.0,18951.492,18951.492
30054,41164.0,3.0,0,0,0,0,0,0,False,True,False,False,False,True,False,False,False,6,SUV,baseline_value_here,BMW,X5,2024.0,76096.984,76096.984
17321,21918.0,2.0,0,0,0,0,0,0,False,False,False,False,False,False,False,False,True,4,SUV,of_Origin_UK,MINI,Countryman,2025.0,40656.027,40656.027
4453,73502.0,6.0,0,0,0,0,0,0,False,False,False,False,False,True,False,False,False,6,SUV,baseline_value_here,Audi,SQ5,2021.0,36166.6,36166.6
33355,93585.0,5.0,0,0,0,0,0,0,False,False,False,False,False,False,False,False,False,4,SUV,of_Origin_South Korea,Hyundai,Santa,2022.0,25157.492,25157.492
17390,76411.0,7.0,0,0,0,0,0,0,False,False,False,False,False,False,False,False,True,baseline_value_here,baseline_value_here,of_Origin_UK,MINI,3,2020.0,22170.611,22170.611
7769,104000.0,5.0,0,0,0,0,0,0,False,False,False,False,False,False,False,False,False,4,SUV,of_Origin_USA,Chevrolet,Equinox,2022.0,22417.914,22417.914
16161,1093.0,1.0,0,0,0,0,0,0,False,False,False,False,False,True,False,False,False,4,SUV,of_Origin_USA,Lincoln,Corsair,2026.0,74041.16,74041.16
25358,18808.0,6.0,0,0,0,0,0,0,False,False,False,False,False,False,True,False,False,4,SUV,of_Origin_Japan,Honda,CR-V,2021.0,26137.777,26137.777
21239,77953.0,5.0,0,0,0,0,0,0,False,False,False,False,False,False,True,False,False,baseline_value_here,baseline_value_here,of_Origin_USA,RAM,1500,2022.0,40801.45,40801.45
37139,138940.0,15.0,1,0,0,0,0,0,False,False,False,False,False,False,False,False,False,4,Sedan,of_Origin_South Korea,Hyundai,Elantra,2012.0,6912.764,6912.764
35870,20321.0,3.0,0,0,0,0,0,0,False,False,False,False,False,False,True,False,False,baseline_value_here,baseline_value_here,of_Origin_USA,RAM,3500,2024.0,54250.855,54250.855
31968,62000.0,13.0,1,0,1,0,0,0,False,False,False,False,False,False,True,False,False,4,Sedan,of_Origin_Japan,Toyota,Corolla,2014.0,14056.185,14056.185
30089,17000.0,5.0,0,1,0,0,0,0,False,False,False,False,False,False,True,False,False,4,SUV,of_Origin_USA,Jeep,Cherokee,2022.0,40377.387,40377.387
21937,32233.0,3.0,0,0,0,0,0,0,False,False,False,False,False,False,True,False,False,4,SUV,of_Origin_Japan,Subaru,Forester,2024.0,31635.98,31635.98
36562,30217.0,2.0,0,0,0,0,0,1,False,False,False,False,False,False,True,False,False,4,Sedan,of_Origin_Japan,Honda,Civic,2025.0,33026.46,33026.46
25525,91718.0,6.0,0,0,0,0,0,1,False,False,False,False,False,False,True,False,False,4,Hatchback,of_Origin_Japan,Toyota,Prius,2021.0,25668.078,25668.078
13401,87607.0,4.0,0,0,0,0,0,0,False,False,False,False,False,False,True,False,False,6,SUV,of_Origin_USA,Jeep,Wrangler,2023.0,33997.547,33997.547
22789,17702.0,2.0,0,0,0,0,0,1,False,False,False,False,False,False,True,False,False,4,Minivan,of_Origin_Japan,Toyota,Sienna,2025.0,56675.26,56675.26
28346,144848.0,11.0,0,0,0,0,0,0,False,False,False,False,False,False,True,False,False,4,Hatchback,baseline_value_here,Volkswagen,Golf,2016.0,11142.258,11142.258
17299,17356.0,2.0,0,1,0,0,0,0,False,False,False,False,False,False,False,False,True,baseline_value_here,baseline_value_here,of_Origin_UK,MINI,3,2025.0,37480.445,37480.445
32969,79655.0,4.0,0,0,0,0,0,0,False,False,True,False,False,False,True,False,False,6,SUV,of_Origin_Japan,Nissan,Pathfinder,2023.0,35755.17,35755.17
11878,147491.0,10.0,0,0,0,0,0,0,False,False,False,False,False,False,False,False,False,4,SUV,of_Origin_South Korea,Hyundai,Santa,2017.0,11934.082,11934.082
29072,20138.0,5.0,0,0,0,0,0,0,False,False,False,False,False,False,True,False,False,4,SUV,of_Origin_Japan,Nissan,Kicks,2022.0,23183.041,23183.041
15387,97582.0,5.0,0,0,0,0,0,1,False,False,False,False,False,True,False,False,False,4,SUV,of_Origin_Japan,Lexus,NX,2022.0,38011.086,38011.086
25379,34451.0,5.0,0,0,0,0,0,0,False,False,False,False,False,False,True,False,False,4,SUV,of_Origin_USA,Ford,Escape,2022.0,34440.156,34440.156
7958,25127.0,5.0,0,0,0,0,0,0,False,False,False,False,False,False,False,False,False,4,SUV,of_Origin_USA,Chevrolet,Equinox,2022.0,21424.123,21424.123
25488,107230.0,5.0,0,0,1,0,0,0,False,False,False,False,False,False,True,False,False,4,SUV,baseline_value_here,Volkswagen,Tiguan,2022.0,22491.143,22491.143
17543,88000.0,11.0,0,0,0,0,0,0,False,False,False,False,False,False,False,False,True,baseline_value_here,baseline_value_here,of_Origin_UK,MINI,3,2016.0,12375.25,12375.25
6535,5000.0,1.0,0,0,0,0,0,0,False,False,False,False,False,False,False,True,False,4,SUV,of_Origin_USA,Buick,Envista,2026.0,53614.543,53614.543
37428,28972.0,2.0,0,0,0,0,0,0,False,False,False,False,False,False,False,False,False,4,SUV,of_Origin_South Korea,Hyundai,Kona,2025.0,28633.758,28633.758
14175,56995.0,4.0,0,0,0,0,1,0,False,False,False,False,False,False,False,False,False,4,SUV,of_Origin_South Korea,Kia,Seltos,2023.0,27731.436,27731.436
19312,50097.0,2.0,0,0,0,0,0,0,False,True,False,False,False,False,False,False,False,4,SUV,of_Origin_Japan,Mitsubishi,Outlander,2025.0,36623.938,36623.938
36853,76689.0,7.0,0,0,0,0,0,0,False,False,False,False,False,False,True,False,False,6,Minivan,of_Origin_Japan,Toyota,Sienna,2020.0,37867.414,37867.414
4019,31489.0,3.0,0,0,0,0,0,0,False,False,False,False,False,True,False,False,False,4,SUV,of_Origin_Japan,baseline_value_here,RDX,2024.0,47028.7,47028.7
11250,43116.0,3.0,0,0,0,0,0,0,False,False,False,False,False,False,True,False,False,4,Sedan,of_Origin_Japan,Honda,Civic,2024.0,29248.752,29248.752
36902,170000.0,8.0,1,0,0,0,0,0,False,False,False,False,False,True,False,False,False,4,SUV,of_Origin_USA,Lincoln,Nautilus,2019.0,17103.37,17103.37
33602,140000.0,9.0,1,0,0,0,1,0,True,False,False,False,True,False,False,False,False,4,Sedan,of_Origin_South Korea,Kia,Rio,2018.0,9401.896,9401.896
28507,22668.0,3.0,0,1,1,0,0,0,False,True,False,False,False,False,False,False,False,4,SUV,of_Origin_Japan,Mitsubishi,Outlander,2024.0,37521.99,37521.99
30748,69846.0,3.0,0,0,0,0,0,0,False,False,False,False,False,True,False,False,False,4,SUV,baseline_value_here,Audi,Q5,2024.0,35561.79,35561.79
23047,42133.0,3.0,0,0,0,0,0,1,False,False,False,False,False,False,True,False,False,4,SUV,of_Origin_Japan,Toyota,RAV,2024.0,46838.168,46838.168
7088,104471.0,8.0,0,0,0,0,0,0,False,False,False,False,False,True,False,False,False,4,SUV,of_Origin_USA,Cadillac,XT4,2019.0,24434.795,24434.795
5728,45911.0,3.0,0,0,0,0,0,0,False,True,False,False,False,True,False,False,False,6,SUV,baseline_value_here,BMW,X5,2024.0,74912.82,74912.82
26626,92212.0,6.0,1,0,0,0,0,0,False,False,False,False,False,False,True,False,False,4,SUV,of_Origin_Japan,Subaru,Crosstrek,2021.0,24847.275,24847.275
3883,104000.0,6.0,0,0,0,0,0,0,False,False,False,False,False,True,False,False,False,4,SUV,of_Origin_Japan,baseline_value_here,RDX,2021.0,30570.564,30570.564
10827,8845.0,2.0,0,0,0,0,1,0,False,False,False,False,True,True,False,False,False,6,Sedan,of_Origin_South Korea,Genesis,G80,2025.0,77339.44,77339.44
17759,62652.0,8.0,0,0,0,0,0,0,False,False,False,False,False,False,True,False,False,4,SUV,of_Origin_Japan,Mazda,CX-5,2019.0,23568.64,23568.64
34372,7450.0,1.0,0,0,0,0,0,0,False,False,False,False,False,False,False,False,False,4,SUV,of_Origin_South Korea,Kia,Seltos,2026.0,34400.84,34400.84
30031,146000.0,14.0,0,0,0,0,0,0,False,False,False,False,True,False,True,False,False,4,SUV,of_Origin_USA,Dodge,Journey,2013.0,5928.418,5928.418
23682,121500.0,5.0,0,0,0,0,0,0,False,False,False,False,False,False,True,False,False,4,SUV,baseline_value_here,Volkswagen,Taos,2022.0,21816.521,21816.521
11092,94337.0,5.0,0,0,0,0,0,0,False,False,False,False,False,False,True,False,False,4,SUV,of_Origin_Japan,Honda,CR-V,2022.0,27322.576,27322.576
32091,36866.0,3.0,0,0,0,0,0,0,False,False,False,False,False,False,True,False,False,4,SUV,of_Origin_Japan,Toyota,RAV,2024.0,38249.285,38249.285
12201,22090.0,2.0,0,0,0,0,0,0,False,False,False,False,False,False,False,False,False,4,Sedan,of_Origin_South Korea,Hyundai,Elantra,2025.0,24691.176,24691.176
20269,47315.0,3.0,0,0,0,0,0,0,False,False,False,False,False,False,True,False,False,4,SUV,of_Origin_Japan,Nissan,Rogue,2024.0,25182.484,25182.484
34180,257362.0,13.0,1,0,0,0,0,0,False,False,False,False,False,True,False,False,False,4,SUV,baseline_value_here,BMW,X3,2014.0,-11224.19,-11224.19
32540,77060.0,4.0,0,0,0,0,0,0,False,False,False,False,False,False,False,False,False,4,SUV,of_Origin_South Korea,Hyundai,Kona,2023.0,24805.139,24805.139
34008,99323.0,6.0,0,0,0,0,0,0,False,False,False,False,False,False,True,False,False,6,SUV,of_Origin_Japan,Toyota,4-Runner,2021.0,38531.758,38531.758
20151,12846.0,1.0,0,0,0,0,0,0,False,False,False,False,False,False,True,False,False,4,SUV,of_Origin_Japan,Nissan,Rogue,2026.0,48022.117,48022.117
9351,230322.0,12.0,0,1,0,0,0,0,False,False,False,False,True,False,True,False,False,4,SUV,of_Origin_USA,Ford,Edge,2015.0,6051.02,6051.02
23814,44280.0,3.0,0,0,0,0,0,0,False,True,False,False,False,False,True,False,False,4,SUV,baseline_value_here,Volkswagen,Atlas,2024.0,42946.258,42946.258
27438,3500.0,2.0,0,0,0,0,0,0,False,False,False,False,True,True,False,False,False,6,Coupe,baseline_value_here,Audi,RS5,2025.0,104337.93,104337.93
38777,90546.0,5.0,0,0,0,0,0,0,False,False,False,False,False,False,False,True,False,4,SUV,of_Origin_USA,GMC,Terrain,2022.0,25682.281,25682.281
18650,46455.0,6.0,0,0,0,0,0,0,False,False,False,False,False,True,False,False,False,6,Sedan,baseline_value_here,Mercedes-Benz,E-Class,2021.0,64633.4,64633.4
17971,57430.0,4.0,0,0,0,0,0,0,False,False,False,False,False,False,True,False,False,4,SUV,of_Origin_Japan,Mazda,CX-5,2023.0,31216.768,31216.768
5490,44414.0,3.0,0,0,0,0,0,0,False,True,False,False,False,True,False,False,False,6,SUV,baseline_value_here,BMW,X6,2024.0,76116.68,76116.68
26383,55430.0,3.0,0,0,0,0,0,0,False,False,False,False,False,False,True,False,False,4,SUV,of_Origin_Japan,Honda,CR-V,2024.0,33313.785,33313.785
11182,64930.0,4.0,0,0,0,0,1,0,False,False,False,False,False,False,True,False,False,4,SUV,of_Origin_Japan,Honda,CR-V,2023.0,31831.418,31831.418
25580,53710.0,5.0,0,0,0,0,0,0,False,False,False,False,False,True,False,False,False,4,SUV,of_Origin_Japan,baseline_value_here,RDX,2022.0,35488.035,35488.035
37522,122000.0,16.0,0,0,0,0,0,0,False,False,False,False,False,True,False,False,False,baseline_value_here,baseline_value_here,baseline_value_here,BMW,3,2011.0,8707.923,8707.923
38308,45800.0,3.0,1,0,0,0,0,0,False,False,False,False,False,False,True,False,False,4,Pickup Truck,of_Origin_USA,Ford,Maverick,2024.0,49253.91,49253.91
23676,92285.0,4.0,0,0,0,0,0,0,False,False,False,False,False,False,True,False,False,4,SUV,baseline_value_here,Volkswagen,Tiguan,2023.0,24686.605,24686.605
2433,102430.0,9.0,0,0,0,0,0,0,False,False,False,False,False,True,False,False,False,4,SUV,baseline_value_here,Mercedes-Benz,GLA,2018.0,21369.31,21369.31
33625,59000.0,19.0,0,0,0,0,0,0,True,False,False,False,False,True,False,False,False,baseline_value_here,baseline_value_here,baseline_value_here,BMW,3,2008.0,38584.457,38584.457
7257,11060.0,2.0,0,0,0,0,0,0,False,False,False,False,True,True,False,False,False,6,SUV,of_Origin_USA,Cadillac,XT6,2025.0,72247.79,72247.79
7028,77326.0,7.0,0,0,0,0,0,0,False,False,False,False,False,True,False,False,False,4,Sedan,of_Origin_USA,Cadillac,CT5,2020.0,33205.145,33205.145
24690,20767.0,2.0,0,0,0,0,0,0,False,False,False,False,False,True,False,False,False,4,SUV,of_Origin_Sweden,Volvo,XC40,2025.0,48105.535,48105.535
37094,42185.0,4.0,0,1,1,0,0,0,False,False,False,False,False,False,True,False,False,4,SUV,of_Origin_Japan,Nissan,Rogue,2023.0,26688.86,26688.86
22200,45081.0,4.0,0,0,0,0,0,0,True,True,False,False,False,False,True,False,False,4,Sedan,of_Origin_Japan,Subaru,WRX,2023.0,33300.336,33300.336
17678,72000.0,5.0,0,0,0,0,0,0,False,False,False,False,False,False,True,False,False,4,SUV,of_Origin_Japan,Mazda,CX-5,2022.0,28222.938,28222.938
36227,71548.0,6.0,0,0,0,0,0,0,False,False,False,False,False,False,True,False,False,4,SUV,of_Origin_Japan,Honda,CR-V,2021.0,26861.965,26861.965
38568,151690.0,12.0,0,0,0,0,0,0,False,False,False,False,False,False,True,False,False,4,SUV,of_Origin_Japan,Honda,CR-V,2015.0,15112.808,15112.808
17592,28000.0,3.0,0,0,0,0,0,0,False,False,False,False,False,False,False,False,True,4,baseline_value_here,of_Origin_UK,MINI,Convertible,2024.0,38007.793,38007.793
31422,98000.0,13.0,0,0,0,0,0,0,False,False,False,False,False,True,False,False,False,6,Sedan,baseline_value_here,Mercedes-Benz,E-Class,2014.0,19308.139,19308.139
30651,168000.0,6.0,0,0,0,0,1,0,False,False,False,False,False,False,True,False,False,4,SUV,of_Origin_USA,Ford,Explorer,2021.0,17755.873,17755.873
24819,144805.0,7.0,0,0,0,0,0,0,False,False,False,False,False,True,False,False,False,4,SUV,of_Origin_Sweden,Volvo,XC60,2020.0,26540.795,26540.795
17328,76250.0,15.0,0,1,0,0,0,0,False,False,False,False,False,False,False,False,True,4,SUV,of_Origin_UK,MINI,Countryman,2012.0,8161.088,8161.088
36989,76015.0,3.0,0,0,0,0,0,0,False,False,True,False,False,False,True,False,False,6,SUV,of_Origin_Japan,Honda,Pilot,2024.0,51756.637,51756.637
181,58611.0,4.0,0,0,0,0,0,0,False,False,False,False,False,True,False,False,False,baseline_value_here,baseline_value_here,baseline_value_here,BMW,4,2023.0,43992.137,43992.137
32389,124000.0,7.0,0,0,0,0,0,0,False,False,False,False,False,True,False,False,False,4,SUV,baseline_value_here,Audi,Q5,2020.0,22825.648,22825.648
20255,6562.0,2.0,0,0,0,1,0,0,False,False,False,False,False,False,True,False,False,4,SUV,of_Origin_Japan,Nissan,Rogue,2025.0,33940.285,33940.285
4563,166000.0,9.0,0,0,0,0,0,0,False,False,False,False,True,True,False,False,False,4,Sedan,baseline_value_here,Audi,A4,2018.0,14541.021,14541.021
7167,120968.0,17.0,0,0,0,0,0,0,False,False,False,False,True,True,False,False,False,6,Sedan,of_Origin_USA,Cadillac,CTS,2010.0,8323.64,8323.64
25413,5560.0,2.0,0,0,0,0,0,0,False,False,False,False,False,False,True,False,False,4,Sedan,baseline_value_here,Volkswagen,Jetta,2025.0,27019.273,27019.273
31279,203000.0,10.0,0,0,0,0,0,1,False,False,False,False,True,False,True,False,False,4,Sedan,of_Origin_USA,Ford,Fusion,2017.0,8077.5303,8077.5303
36873,100696.0,5.0,0,0,1,0,0,0,False,False,False,False,False,False,True,False,False,4,SUV,of_Origin_USA,Ford,Explorer,2022.0,26921.15,26921.15
33907,123000.0,9.0,0,0,0,0,0,0,False,False,False,False,False,False,True,False,False,4,Wagon,baseline_value_here,Volkswagen,Golf,2018.0,16656.305,16656.305
13489,41165.0,4.0,0,0,0,0,0,0,False,False,False,False,False,False,True,False,False,6,SUV,of_Origin_USA,Jeep,Grand,2023.0,43258.258,43258.258
30068,196955.0,17.0,0,0,0,0,0,0,False,False,False,False,False,False,False,False,False,4,SUV,of_Origin_South Korea,Hyundai,Santa,2010.0,5799.288,5799.288
34257,127000.0,10.0,0,0,0,0,0,0,False,False,False,False,False,False,False,False,False,4,SUV,of_Origin_South Korea,Hyundai,Tucson,2017.0,14076.224,14076.224
23787,37789.0,3.0,0,0,0,0,0,0,False,True,False,False,False,False,True,False,False,4,SUV,baseline_value_here,Volkswagen,Atlas,2024.0,44784.22,44784.22
27760,166228.0,9.0,0,0,0,0,0,0,False,False,False,False,True,False,True,False,False,4,SUV,of_Origin_Japan,Mazda,CX-3,2018.0,16942.521,16942.521
26031,214000.0,15.0,0,0,0,0,0,0,False,False,False,False,True,False,True,False,False,4,Hatchback,of_Origin_USA,Ford,Focus,2012.0,1714.3337,1714.3337
13569,6268.0,1.0,0,0,0,0,0,0,False,False,False,False,False,False,True,False,False,4,SUV,of_Origin_USA,Jeep,Compass,2026.0,37139.21,37139.21
524,108000.0,17.0,0,0,0,0,0,0,True,False,False,False,False,False,True,False,False,4,Sedan,of_Origin_Japan,Toyota,Camry,2010.0,10357.561,10357.561
38500,203988.0,8.0,0,0,0,0,0,0,False,False,False,False,False,False,True,False,False,4,SUV,baseline_value_here,Volkswagen,Tiguan,2019.0,12577.853,12577.853
23796,45920.0,4.0,0,0,0,0,0,0,False,False,False,False,False,False,True,False,False,4,SUV,baseline_value_here,Volkswagen,Taos,2023.0,28713.39,28713.39
37724,77500.0,7.0,0,0,0,0,0,0,False,False,False,False,False,False,True,False,False,6,Pickup Truck,of_Origin_USA,Jeep,Gladiator,2020.0,31631.137,31631.137
21182,67463.0,4.0,0,0,0,0,0,0,False,False,False,False,False,False,True,False,False,baseline_value_here,baseline_value_here,of_Origin_USA,RAM,1500,2023.0,44623.004,44623.004
27836,79116.0,8.0,0,0,0,0,0,0,False,False,False,False,False,False,True,False,False,6,Pickup Truck,of_Origin_USA,Ford,F-150,2019.0,30290.299,30290.299
12084,90480.0,6.0,0,0,0,0,0,0,False,False,False,False,False,False,False,False,False,4,SUV,of_Origin_South Korea,Hyundai,Santa,2021.0,21898.354,21898.354
28191,26286.0,2.0,0,0,0,0,0,0,False,True,False,False,False,True,False,False,False,6,SUV,of_Origin_Japan,baseline_value_here,MDX,2025.0,59177.62,59177.62
10033,108390.0,8.0,0,0,1,1,0,0,False,False,False,False,False,False,False,True,False,8,Pickup Truck,of_Origin_USA,GMC,Sierra,2019.0,28172.656,28172.656
33160,108000.0,7.0,0,0,0,0,0,0,False,False,False,False,False,True,False,False,False,4,Wagon,baseline_value_here,Mercedes-Benz,C-Class,2020.0,27219.254,27219.254
28710,58838.0,5.0,0,0,0,0,0,0,True,True,False,False,False,False,True,False,False,4,Sedan,of_Origin_Japan,Subaru,WRX,2022.0,32808.58,32808.58
2264,99000.0,12.0,0,0,0,0,0,0,False,False,False,False,False,True,False,False,False,4,Sedan,baseline_value_here,Mercedes-Benz,C-Class,2015.0,17195.55,17195.55
3949,74183.0,3.0,0,0,0,0,1,0,False,True,False,False,False,True,False,False,False,6,SUV,of_Origin_Japan,baseline_value_here,MDX,2024.0,48811.145,48811.145
22162,27743.0,3.0,0,0,0,0,0,0,False,False,False,False,False,False,True,False,False,4,SUV,of_Origin_Japan,Subaru,Crosstrek,2024.0,33223.633,33223.633
36585,111158.0,10.0,0,0,0,0,0,0,False,False,False,False,False,False,True,False,False,4,SUV,of_Origin_Japan,Honda,HR-V,2017.0,18603.53,18603.53
18597,97500.0,11.0,1,0,0,0,0,0,False,False,False,False,False,True,False,False,False,4,Sedan,baseline_value_here,Mercedes-Benz,CLA,2016.0,13698.684,13698.684
33387,184365.0,13.0,0,0,0,0,0,0,False,False,False,False,False,False,True,False,False,4,SUV,of_Origin_Japan,Nissan,Rogue,2014.0,6947.95,6947.95
29875,42298.0,2.0,0,0,0,0,0,0,False,False,False,False,False,False,False,True,False,4,SUV,of_Origin_USA,Buick,Envista,2025.0,27961.666,27961.666
34335,300.0,1.0,0,0,0,0,0,0,False,True,False,False,False,False,True,False,False,6,Minivan,of_Origin_Japan,Honda,Odyssey,2026.0,60248.26,60248.26
831,14280.0,2.0,0,0,0,0,0,1,False,True,False,False,False,False,False,False,False,4,SUV,of_Origin_Japan,Mitsubishi,Outlander,2025.0,44230.605,44230.605
2191,149000.0,15.0,0,0,0,0,0,0,False,False,False,False,False,True,False,False,False,5,SUV,of_Origin_Sweden,Volvo,XC60,2012.0,13812.376,13812.376
3053,122639.0,6.0,0,0,0,0,0,0,False,False,False,False,False,False,True,False,False,6,Pickup Truck,of_Origin_USA,Jeep,Gladiator,2021.0,32914.887,32914.887
30520,142121.0,7.0,0,0,0,0,0,0,False,False,False,False,False,False,False,False,False,4,SUV,of_Origin_South Korea,Hyundai,Tucson,2020.0,16193.39,16193.39
22836,116639.0,6.0,0,0,0,0,0,1,False,False,False,False,False,False,True,False,False,4,SUV,of_Origin_Japan,Toyota,Highlander,2021.0,32256.973,32256.973
4020,209205.0,15.0,0,0,0,0,0,0,False,True,False,False,False,True,False,False,False,6,SUV,of_Origin_Japan,baseline_value_here,MDX,2012.0,9601.949,9601.949
18454,61312.0,7.0,1,0,0,0,0,0,False,False,False,False,False,True,False,False,False,4,SUV,baseline_value_here,Mercedes-Benz,GLC,2020.0,35239.906,35239.906
33158,92000.0,8.0,1,0,0,0,0,0,False,False,False,False,False,False,True,False,False,4,SUV,of_Origin_Japan,Toyota,RAV,2019.0,24857.992,24857.992
8684,108000.0,6.0,0,0,0,0,0,0,False,False,False,False,False,False,True,False,False,6,Minivan,of_Origin_USA,Chrysler,Grand,2021.0,27837.127,27837.127
28613,182000.0,20.0,0,0,0,0,0,0,False,False,False,False,False,False,True,False,False,baseline_value_here,baseline_value_here,of_Origin_Japan,Mazda,3,2007.0,1675.2516,1675.2516
32204,70075.0,2.0,0,0,0,0,0,0,False,False,False,False,False,False,False,False,False,4,SUV,of_Origin_USA,Chevrolet,Equinox,2025.0,26945.996,26945.996
5714,26000.0,6.0,1,0,1,1,0,0,False,False,False,False,False,True,False,False,False,4,SUV,baseline_value_here,BMW,X3,2021.0,29896.543,29896.543
19502,31409.0,2.0,0,0,0,0,0,0,False,True,False,False,False,False,False,False,False,4,SUV,of_Origin_Japan,Mitsubishi,Outlander,2025.0,40909.16,40909.16
24826,167949.0,12.0,0,0,0,0,0,0,False,False,False,False,False,True,False,False,False,6,SUV,of_Origin_Sweden,Volvo,XC60,2015.0,11556.505,11556.505
35295,82951.0,10.0,0,0,0,0,0,0,False,False,False,False,False,True,False,False,False,4,Sedan,baseline_value_here,Mercedes-Benz,E-Class,2017.0,23301.07,23301.07
33444,499.0,1.0,0,0,0,0,0,0,False,False,False,False,False,False,True,False,False,6,Pickup Truck,of_Origin_USA,Ford,F-150,2026.0,79353.48,79353.48
26901,87837.0,5.0,0,0,0,0,0,0,False,True,False,False,False,False,True,False,False,4,SUV,baseline_value_here,Volkswagen,Atlas,2022.0,34388.785,34388.785
29304,125800.0,6.0,0,0,0,0,0,0,False,False,False,False,False,False,False,False,False,4,SUV,of_Origin_South Korea,Kia,Seltos,2021.0,19012.613,19012.613
104,32734.0,5.0,0,0,0,0,0,0,False,False,False,False,False,False,False,False,False,4,SUV,of_Origin_South Korea,Hyundai,Santa,2022.0,27620.518,27620.518
8330,151067.0,10.0,0,0,0,0,0,0,False,False,False,False,False,False,True,False,False,6,Minivan,of_Origin_USA,Chrysler,Pacifica,2017.0,19612.31,19612.31
12045,50908.0,12.0,0,0,0,0,1,0,False,False,False,False,False,False,False,False,False,4,Sedan,of_Origin_South Korea,Hyundai,Elantra,2015.0,11427.991,11427.991
740,113960.0,9.0,0,0,0,0,0,0,True,False,False,False,False,False,True,False,False,4,Wagon,baseline_value_here,Volkswagen,Golf,2018.0,17596.076,17596.076
2438,75668.0,5.0,0,0,0,0,0,0,False,True,False,False,False,False,True,False,False,4,SUV,baseline_value_here,Volkswagen,Atlas,2022.0,34715.86,34715.86
23577,63654.0,5.0,0,0,0,0,0,0,False,False,False,False,False,False,True,False,False,4,SUV,baseline_value_here,Volkswagen,Taos,2022.0,25964.883,25964.883
20386,46085.0,4.0,0,0,0,0,0,0,False,False,False,False,False,False,True,False,False,4,SUV,of_Origin_Japan,Nissan,Rogue,2023.0,25244.926,25244.926
23818,147560.0,8.0,0,1,0,0,0,0,False,False,False,False,False,False,True,False,False,4,Sedan,baseline_value_here,Volkswagen,Jetta,2019.0,14484.454,14484.454
22699,210492.0,16.0,0,0,0,0,1,0,False,False,False,False,False,False,True,False,False,4,Sedan,of_Origin_Japan,Toyota,Camry,2011.0,8358.835,8358.835
11865,165116.0,14.0,0,0,0,0,1,0,False,False,False,False,False,False,False,False,False,4,Sedan,of_Origin_South Korea,Hyundai,Elantra,2013.0,6077.7354,6077.7354
36361,34674.0,8.0,0,0,0,0,1,0,False,False,False,False,False,False,True,False,False,4,SUV,of_Origin_Japan,Mazda,CX-5,2019.0,27383.041,27383.041
1631,11728.0,3.0,0,0,0,0,0,0,False,False,False,False,False,True,False,False,False,4,Sedan,of_Origin_Japan,Lexus,IS,2024.0,55880.363,55880.363
11409,115504.0,6.0,0,0,0,0,0,0,False,False,False,False,False,False,True,False,False,4,SUV,of_Origin_Japan,Honda,CR-V,2021.0,25085.62,25085.62
24972,82700.0,6.0,0,0,0,0,0,0,False,False,True,False,False,True,False,False,False,baseline_value_here,baseline_value_here,baseline_value_here,BMW,8,2021.0,56442.53,56442.53
2909,20453.0,3.0,0,0,0,0,0,0,False,False,False,False,False,False,True,False,False,6,Pickup Truck,of_Origin_USA,Ford,F-150,2024.0,60423.47,60423.47
18731,37266.0,5.0,0,0,0,0,0,0,False,True,False,False,False,True,False,False,False,6,SUV,baseline_value_here,Mercedes-Benz,GLE,2022.0,72691.7,72691.7
38680,183000.0,8.0,0,0,0,0,0,0,False,False,False,False,False,False,True,False,False,6,Van,of_Origin_USA,Ford,Transit,2019.0,25950.682,25950.682
10115,124554.0,9.0,0,0,0,0,0,0,False,False,False,False,False,False,False,True,False,8,Pickup Truck,of_Origin_USA,GMC,Sierra,2018.0,27961.986,27961.986
9105,15411.0,5.0,0,0,0,0,0,0,False,False,False,False,True,False,True,False,False,6,Coupe,of_Origin_USA,Dodge,Challenger,2022.0,44622.47,44622.47
4543,129717.0,8.0,0,0,0,0,0,0,False,False,False,False,False,True,False,False,False,6,Coupe,baseline_value_here,Audi,A5,2019.0,24008.375,24008.375
27967,38303.0,3.0,0,0,0,0,0,0,False,False,False,False,False,False,True,False,False,4,Sedan,of_Origin_Japan,Honda,Accord,2024.0,29743.531,29743.531
16276,139254.0,3.0,0,0,0,0,0,1,False,False,False,False,False,True,False,False,False,4,SUV,of_Origin_USA,Lincoln,Nautilus,2024.0,36454.9,36454.9
24904,76192.0,6.0,0,0,0,0,0,0,False,False,False,False,False,True,False,False,False,6,Hatchback,baseline_value_here,Audi,S5,2021.0,37968.18,37968.18
14455,8480.0,2.0,0,0,0,0,0,0,False,False,False,False,False,False,False,False,False,4,Sedan,of_Origin_South Korea,Kia,K4,2025.0,29376.162,29376.162
7509,5000.0,1.0,0,0,0,0,0,0,False,False,False,False,False,False,False,False,False,8,Pickup Truck,of_Origin_USA,Chevrolet,Silverado,2026.0,67446.66,67446.66
38676,73909.0,7.0,0,0,0,0,0,0,False,False,False,False,False,False,True,False,False,4,Sedan,of_Origin_Japan,Toyota,Corolla,2020.0,23297.705,23297.705
4131,15494.0,2.0,1,0,0,0,0,0,False,False,False,False,False,True,False,False,False,4,SUV,of_Origin_Japan,baseline_value_here,ADX,2025.0,50307.914,50307.914
9525,55298.0,5.0,0,0,0,0,0,0,False,False,False,False,False,False,True,False,False,4,SUV,of_Origin_USA,Ford,Explorer,2022.0,29193.803,29193.803
35601,4365.0,2.0,0,0,0,0,0,1,False,False,False,False,False,False,True,False,False,4,SUV,of_Origin_Japan,Mazda,CX-50,2025.0,42094.36,42094.36
35215,120725.0,9.0,0,0,0,0,0,0,False,False,False,False,False,False,True,False,False,4,SUV,of_Origin_Japan,Toyota,C-HR,2018.0,21768.756,21768.756
29633,92032.0,4.0,0,0,0,0,0,1,False,False,False,False,False,False,False,False,False,4,SUV,of_Origin_South Korea,Kia,Sportage,2023.0,29372.912,29372.912
25156,17000.0,3.0,0,0,0,0,0,1,False,False,False,False,True,True,False,False,False,4,Sedan,baseline_value_here,Audi,A4,2024.0,43979.215,43979.215
35779,217600.0,10.0,0,0,0,0,0,0,False,False,False,False,False,False,True,False,False,4,Sedan,of_Origin_Japan,Honda,Civic,2017.0,12106.795,12106.795
32359,82065.0,6.0,0,0,0,0,0,0,False,False,False,False,False,False,True,False,False,4,SUV,baseline_value_here,Volkswagen,Tiguan,2021.0,21458.863,21458.863
176,62490.0,6.0,0,0,0,0,0,0,False,False,False,False,False,False,True,False,False,4,SUV,of_Origin_Japan,Toyota,RAV,2021.0,29929.152,29929.152
36503,170082.0,11.0,0,0,0,0,0,0,False,False,False,False,False,False,False,False,False,8,Pickup Truck,of_Origin_USA,Chevrolet,Silverado,2016.0,21792.727,21792.727
9558,38186.0,2.0,0,0,0,0,0,0,False,False,False,False,False,False,True,False,False,4,baseline_value_here,of_Origin_USA,Ford,Mustang,2025.0,42221.965,42221.965
31738,150000.0,14.0,0,0,0,0,0,0,False,False,False,False,False,False,True,False,False,4,SUV,of_Origin_USA,Ford,Escape,2013.0,5567.1313,5567.1313
13685,61767.0,9.0,0,0,0,0,0,0,False,False,False,False,False,False,True,False,False,6,SUV,of_Origin_USA,Jeep,Wrangler,2018.0,47964.55,47964.55
28456,157000.0,6.0,1,0,0,0,0,1,False,False,False,False,False,False,True,False,False,4,SUV,of_Origin_Japan,Toyota,Highlander,2021.0,27807.018,27807.018
6318,99097.0,10.0,0,0,0,0,0,0,False,False,False,False,True,False,False,True,False,4,Sedan,of_Origin_USA,Buick,Lacrosse,2017.0,15364.615,15364.615
33905,92400.0,20.0,0,0,0,0,0,0,False,False,False,False,False,False,True,False,False,4,Sedan,of_Origin_Japan,Toyota,Camry,2007.0,8952.895,8952.895
37029,72100.0,8.0,0,0,0,0,0,0,False,False,False,False,True,True,False,False,False,6,Sedan,baseline_value_here,Mercedes-Benz,S-Class,2019.0,60630.48,60630.48
34612,84008.0,6.0,0,0,0,0,0,0,False,True,False,False,False,False,True,False,False,4,SUV,baseline_value_here,Volkswagen,Atlas,2021.0,31021.746,31021.746
38130,77058.0,5.0,0,0,0,0,0,0,False,False,False,False,False,False,True,False,False,4,Sedan,of_Origin_Japan,Honda,Civic,2022.0,24519.557,24519.557
23546,72751.0,3.0,0,0,0,0,0,0,False,False,False,False,False,False,True,False,False,4,SUV,baseline_value_here,Volkswagen,Taos,2024.0,26395.146,26395.146
33541,86377.0,5.0,0,0,0,0,0,0,False,False,False,False,False,False,True,False,False,4,SUV,of_Origin_Japan,Toyota,C-HR,2022.0,30014.926,30014.926
25415,54000.0,15.0,0,0,1,0,0,0,False,False,False,False,False,False,True,False,False,4,SUV,of_Origin_USA,Ford,Escape,2012.0,12426.975,12426.975
32270,499.0,1.0,0,0,0,0,0,0,False,False,False,False,False,False,True,False,False,4,SUV,of_Origin_USA,Ford,Bronco,2026.0,60521.71,60521.71
6369,39972.0,3.0,0,0,0,0,0,0,False,False,False,False,False,False,False,True,False,4,SUV,of_Origin_USA,Buick,Envision,2024.0,27195.717,27195.717
10893,8866.0,2.0,0,0,0,0,0,0,False,False,False,False,False,True,False,False,False,4,SUV,of_Origin_South Korea,Genesis,GV70,2025.0,57941.324,57941.324
19520,79515.0,5.0,0,0,0,0,0,0,False,True,False,False,False,False,False,False,False,4,SUV,of_Origin_Japan,Mitsubishi,Outlander,2022.0,28753.842,28753.842
10898,56789.0,3.0,0,0,0,0,0,0,False,False,False,False,False,True,False,False,False,6,SUV,of_Origin_South Korea,Genesis,GV70,2024.0,47747.637,47747.637
34438,49375.0,3.0,0,0,0,0,0,0,False,False,False,False,False,False,True,False,False,4,Pickup Truck,of_Origin_Japan,Toyota,Tacoma,2024.0,51217.85,51217.85
17317,18060.0,2.0,0,0,0,0,0,0,False,False,False,False,False,False,False,False,True,4,SUV,of_Origin_UK,MINI,Countryman,2025.0,41051.01,41051.01
6528,110203.0,7.0,0,0,1,0,0,0,False,False,False,False,False,False,False,True,False,4,SUV,of_Origin_USA,Buick,Encore,2020.0,19087.166,19087.166
3682,8400.0,1.0,0,0,0,0,0,0,False,False,False,False,False,True,False,False,False,4,SUV,of_Origin_Japan,baseline_value_here,RDX,2026.0,59160.23,59160.23
30970,125775.0,10.0,0,0,0,0,0,0,False,False,False,False,False,False,False,False,False,4,SUV,of_Origin_South Korea,Hyundai,Santa,2017.0,13702.604,13702.604
1986,164000.0,10.0,0,0,1,0,0,0,False,True,False,False,False,False,True,False,False,6,Pickup Truck,of_Origin_Japan,Honda,Ridgeline,2017.0,24349.21,24349.21
22918,84000.0,6.0,0,0,0,0,0,0,False,False,False,False,False,False,True,False,False,6,SUV,of_Origin_Japan,Toyota,Highlander,2021.0,40793.35,40793.35
25555,39004.0,3.0,0,0,0,0,0,1,False,False,False,False,False,False,True,False,False,4,SUV,of_Origin_Japan,Honda,CR-V,2024.0,40546.008,40546.008
195,15428.0,2.0,0,0,0,0,0,0,False,False,False,False,False,False,False,False,False,4,Sedan,of_Origin_South Korea,Kia,K4,2025.0,32150.867,32150.867
15573,64500.0,9.0,0,0,0,0,0,0,False,False,False,False,False,True,False,False,False,4,Sedan,of_Origin_Japan,Lexus,IS,2018.0,24945.877,24945.877
36793,38669.0,4.0,0,0,0,0,0,0,False,False,False,False,False,False,True,False,False,4,Sedan,of_Origin_Japan,Nissan,Altima,2023.0,22355.752,22355.752
28900,99969.0,3.0,0,0,0,0,0,1,False,False,False,False,True,False,True,False,False,4,SUV,of_Origin_Japan,Toyota,Venza,2024.0,35101.35,35101.35
12616,21684.0,3.0,0,0,0,0,0,0,False,False,False,False,True,True,False,False,False,6,Sedan,of_Origin_Japan,Infiniti,Q50,2024.0,41623.348,41623.348
30090,39504.0,3.0,0,0,0,0,0,1,False,False,False,False,False,False,True,False,False,4,SUV,of_Origin_Japan,Honda,CR-V,2024.0,40827.246,40827.246
37523,81000.0,8.0,0,0,0,0,0,0,False,False,False,False,False,True,False,False,False,4,SUV,baseline_value_here,Mercedes-Benz,GLC,2019.0,29355.41,29355.41
35841,26502.0,10.0,0,0,0,0,0,0,False,False,False,False,False,False,False,False,False,4,SUV,of_Origin_South Korea,Hyundai,Tucson,2017.0,17162.592,17162.592
37408,65274.0,5.0,0,0,1,0,0,0,False,False,True,False,False,False,True,False,False,6,SUV,of_Origin_Japan,Nissan,Pathfinder,2022.0,31844.928,31844.928
25673,45238.0,3.0,0,0,0,0,0,0,False,False,False,False,False,False,True,False,False,4,Pickup Truck,of_Origin_Japan,Toyota,Tacoma,2024.0,58591.105,58591.105
644,139000.0,8.0,1,0,0,0,0,0,False,False,False,False,False,False,True,False,False,baseline_value_here,baseline_value_here,of_Origin_USA,RAM,1500,2019.0,25609.422,25609.422
32628,46607.0,2.0,0,0,0,0,0,0,False,True,False,False,False,True,False,False,False,6,SUV,of_Origin_Japan,baseline_value_here,MDX,2025.0,54848.336,54848.336
17895,61272.0,4.0,0,0,1,0,0,0,False,False,False,False,False,False,True,False,False,4,SUV,of_Origin_Japan,Mazda,CX-5,2023.0,31831.455,31831.455
21190,119752.0,8.0,0,0,0,0,0,0,False,False,False,False,False,False,True,False,False,baseline_value_here,baseline_value_here,of_Origin_USA,RAM,1500,2019.0,27036.533,27036.533
32949,94587.0,17.0,0,0,0,0,0,0,False,False,False,False,True,False,False,False,False,4,Hatchback,of_Origin_USA,Chevrolet,Aveo,2010.0,9000.385,9000.385
12733,135000.0,8.0,0,0,0,0,0,0,False,False,False,False,False,True,False,False,False,4,SUV,of_Origin_Japan,Infiniti,QX50,2019.0,17660.342,17660.342
38233,102096.0,4.0,0,0,0,0,0,0,False,False,False,False,False,False,True,False,False,4,SUV,of_Origin_Japan,Nissan,Rogue,2023.0,21888.025,21888.025
17612,123295.0,12.0,0,0,0,0,1,0,False,False,False,False,False,False,True,False,False,4,Sedan,of_Origin_Japan,Mazda,Mazda3,2015.0,10684.65,10684.65
32102,109000.0,12.0,1,0,0,0,0,0,False,False,False,False,False,False,False,False,True,4,baseline_value_here,of_Origin_UK,MINI,Convertible,2015.0,14035.298,14035.298
4643,134582.0,8.0,0,0,0,0,0,0,False,False,False,False,False,True,False,False,False,5,Sedan,baseline_value_here,Audi,RS3,2019.0,39043.027,39043.027
4556,90754.0,9.0,0,0,0,0,0,0,False,False,False,False,True,True,False,False,False,4,Sedan,baseline_value_here,Audi,A4,2018.0,19273.63,19273.63
3041,54163.0,4.0,0,0,0,0,0,0,True,False,False,False,False,False,True,False,False,4,Hatchback,baseline_value_here,Volkswagen,Golf,2023.0,32902.93,32902.93
11081,109836.0,5.0,0,0,0,0,0,0,False,True,False,False,False,False,True,False,False,6,Minivan,of_Origin_Japan,Honda,Odyssey,2022.0,35757.055,35757.055
11297,69372.0,3.0,0,0,0,0,0,1,False,False,False,False,False,False,True,False,False,4,SUV,of_Origin_Japan,Honda,CR-V,2024.0,40794.305,40794.305
25360,69343.0,4.0,0,0,0,0,0,0,False,False,False,False,False,False,True,False,False,4,SUV,of_Origin_Japan,Honda,CR-V,2023.0,31868.467,31868.467
27150,83628.0,10.0,0,0,0,0,0,0,False,False,False,False,False,False,False,True,False,8,Pickup Truck,of_Origin_USA,GMC,Sierra,2017.0,25471.082,25471.082
23700,82244.0,3.0,0,0,0,0,0,0,False,False,False,False,False,False,True,False,False,4,SUV,baseline_value_here,Volkswagen,Tiguan,2024.0,25457.85,25457.85
8844,27500.0,3.0,0,0,0,0,0,0,False,False,False,False,False,False,True,False,False,6,SUV,of_Origin_USA,Dodge,Durango,2024.0,56184.11,56184.11
7365,90753.0,5.0,0,1,0,0,0,0,False,False,False,False,True,True,False,False,False,6,SUV,of_Origin_USA,Cadillac,XT6,2022.0,37391.195,37391.195
7415,1109.0,1.0,0,0,0,0,0,0,False,False,False,False,False,False,False,False,False,8,Pickup Truck,of_Origin_USA,Chevrolet,Silverado,2026.0,71672.914,71672.914
11929,107399.0,8.0,0,1,0,0,0,0,False,False,False,False,False,False,False,False,False,4,SUV,of_Origin_South Korea,Hyundai,Kona,2019.0,17979.254,17979.254
19459,121507.0,5.0,0,0,0,0,0,0,False,False,False,False,False,False,False,False,False,4,SUV,of_Origin_Japan,Mitsubishi,RVR,2022.0,19048.635,19048.635
4079,168446.0,7.0,1,0,0,0,0,0,False,True,False,False,False,True,False,False,False,6,SUV,of_Origin_Japan,baseline_value_here,MDX,2020.0,28335.814,28335.814
33577,28206.0,3.0,0,0,0,0,0,0,False,False,False,False,False,False,True,False,False,6,Minivan,of_Origin_USA,Chrysler,Grand,2024.0,44554.832,44554.832
18,28963.0,6.0,1,0,1,1,0,0,False,False,False,False,False,False,True,False,False,4,SUV,of_Origin_USA,Ford,Bronco,2021.0,24657.027,24657.027
37738,92196.0,12.0,0,0,0,0,0,0,False,False,False,False,True,False,False,False,False,4,Minivan,of_Origin_South Korea,Kia,Rondo,2015.0,9574.557,9574.557
13689,109685.0,7.0,0,1,0,0,0,0,False,False,False,False,False,False,True,False,False,6,SUV,of_Origin_USA,Jeep,Wrangler,2020.0,27998.277,27998.277
26499,53421.0,4.0,0,0,0,0,1,0,False,False,True,False,False,False,True,False,False,6,SUV,of_Origin_Japan,Nissan,Pathfinder,2023.0,41369.24,41369.24
18497,12144.0,5.0,0,0,0,0,0,1,False,False,False,False,False,True,False,False,False,6,Sedan,baseline_value_here,Mercedes-Benz,E-Class,2022.0,96911.07,96911.07
6356,68851.0,5.0,0,0,0,0,0,0,False,False,False,False,False,False,False,True,False,4,SUV,of_Origin_USA,Buick,Envision,2022.0,25473.502,25473.502
15423,53620.0,4.0,0,0,0,0,1,1,False,False,False,False,False,True,False,False,False,4,SUV,of_Origin_Japan,Lexus,RX,2023.0,47106.297,47106.297
17713,187168.0,11.0,0,0,0,0,1,0,True,False,False,False,False,False,True,False,False,4,Sedan,of_Origin_Japan,Mazda,Mazda3,2016.0,10099.314,10099.314
38102,211687.0,9.0,0,0,0,0,0,0,False,False,False,False,False,False,True,False,False,4,SUV,of_Origin_USA,Jeep,Cherokee,2018.0,8605.54,8605.54
25689,87832.0,9.0,0,0,0,0,0,0,False,False,False,False,False,False,True,False,False,4,SUV,of_Origin_Japan,Nissan,Rogue,2018.0,15672.262,15672.262
36099,7286.0,1.0,0,0,0,0,0,1,False,False,False,False,False,False,True,False,False,4,Sedan,of_Origin_Japan,Honda,Civic,2026.0,38831.258,38831.258
26150,78910.0,5.0,0,0,0,0,0,0,False,False,False,False,False,False,False,False,False,4,SUV,of_Origin_South Korea,Kia,Sorento,2022.0,23579.701,23579.701
17309,15772.0,1.0,0,0,0,0,0,0,False,False,False,False,False,False,False,False,True,4,SUV,of_Origin_UK,MINI,Countryman,2026.0,52052.652,52052.652
37295,24206.0,3.0,0,0,0,0,0,0,False,False,False,False,False,False,False,False,False,4,SUV,of_Origin_South Korea,Hyundai,Santa,2024.0,30018.318,30018.318
9296,120383.0,10.0,0,0,0,0,0,0,False,False,False,False,False,False,True,False,False,4,SUV,of_Origin_USA,Ford,Escape,2017.0,13560.897,13560.897
1343,42099.0,2.0,0,0,0,0,0,0,False,False,False,False,False,False,True,False,False,4,SUV,of_Origin_USA,Ford,Bronco,2025.0,35695.195,35695.195
22103,35700.0,4.0,1,0,0,0,0,0,True,False,False,False,False,False,True,False,False,4,Coupe,of_Origin_Japan,Subaru,BRZ,2023.0,27564.379,27564.379
24611,160000.0,5.0,0,1,1,0,0,1,False,False,False,False,False,True,False,False,False,4,SUV,of_Origin_Sweden,Volvo,XC90,2022.0,33976.445,33976.445
34617,263000.0,15.0,0,0,0,0,0,0,False,False,False,False,True,False,False,False,False,4,Sedan,of_Origin_USA,Chevrolet,Cruze,2012.0,2055.5918,2055.5918
4513,101603.0,17.0,0,0,0,0,0,0,False,False,False,False,False,True,False,False,False,6,Coupe,baseline_value_here,Audi,S5,2010.0,13571.197,13571.197
36260,40900.0,14.0,0,0,0,0,0,0,False,False,False,False,True,False,False,False,False,4,Hatchback,of_Origin_South Korea,Hyundai,Veloster,2013.0,11587.346,11587.346
11157,112531.0,9.0,0,1,0,0,0,0,False,True,False,False,False,False,True,False,False,6,Minivan,of_Origin_Japan,Honda,Odyssey,2018.0,25580.418,25580.418
679,7650.0,3.0,1,0,1,0,0,0,False,False,False,False,False,False,True,False,False,4,SUV,of_Origin_Japan,Nissan,Kicks,2024.0,28202.822,28202.822
28251,11217.0,3.0,0,0,0,0,0,0,False,False,False,False,False,True,False,False,False,4,SUV,of_Origin_Japan,baseline_value_here,RDX,2024.0,46478.688,46478.688
25146,576.0,2.0,0,0,0,0,0,0,False,False,False,False,False,False,True,False,False,6,SUV,of_Origin_USA,Jeep,Grand,2025.0,66215.22,66215.22
5481,79710.0,4.0,0,0,0,0,0,0,False,False,False,False,False,True,False,False,False,4,SUV,baseline_value_here,BMW,X3,2023.0,33635.996,33635.996
33307,95522.0,4.0,0,0,0,0,0,0,False,False,False,False,False,False,False,False,False,4,Minivan,of_Origin_South Korea,Kia,Carnival,2023.0,36314.83,36314.83
16372,103892.0,6.0,0,0,0,0,0,0,False,False,False,False,False,True,False,False,False,4,SUV,of_Origin_USA,Lincoln,Corsair,2021.0,28501.736,28501.736
35741,82611.0,7.0,0,0,0,0,0,0,False,False,False,False,False,True,False,False,False,4,SUV,of_Origin_Japan,Lexus,NX,2020.0,35005.355,35005.355
38089,134800.0,13.0,0,0,0,0,0,0,False,False,False,False,False,False,False,False,False,4,Sedan,of_Origin_South Korea,Hyundai,Elantra,2014.0,8121.4326,8121.4326
34087,119000.0,6.0,0,0,0,0,0,0,False,False,False,False,False,False,True,False,False,4,SUV,of_Origin_Japan,Mazda,CX-5,2021.0,24319.89,24319.89
7325,118790.0,6.0,0,0,0,0,0,0,False,False,False,False,True,True,False,False,False,6,SUV,of_Origin_USA,Cadillac,XT6,2021.0,33919.16,33919.16
15394,23153.0,3.0,0,0,0,0,0,0,False,False,False,False,False,True,False,False,False,4,SUV,of_Origin_Japan,Lexus,NX,2024.0,55633.652,55633.652
27380,60245.0,4.0,0,0,0,0,0,0,False,False,False,False,False,False,False,True,False,4,SUV,of_Origin_USA,Buick,Envision,2023.0,29422.477,29422.477
16214,10035.0,2.0,1,0,0,0,0,0,False,False,False,False,False,True,False,False,False,4,SUV,of_Origin_USA,Lincoln,Nautilus,2025.0,61154.57,61154.57
33302,182000.0,12.0,0,0,0,0,0,0,False,False,False,False,False,False,True,False,False,4,SUV,of_Origin_Japan,Subaru,Forester,2015.0,10124.938,10124.938
1648,32178.0,4.0,0,0,0,0,0,0,False,False,False,False,False,True,False,False,False,4,SUV,of_Origin_Japan,Lexus,NX,2023.0,46546.637,46546.637
21798,205367.0,7.0,0,0,0,0,1,0,False,False,False,False,False,False,True,False,False,4,SUV,of_Origin_Japan,Subaru,Forester,2020.0,14359.992,14359.992
33050,91000.0,10.0,0,0,0,0,0,0,False,True,False,False,False,True,False,False,False,6,SUV,baseline_value_here,BMW,X5,2017.0,33269.31,33269.31
15624,25324.0,3.0,0,0,0,0,0,1,False,False,False,False,False,True,False,False,False,4,SUV,of_Origin_Japan,Lexus,UX,2024.0,45690.938,45690.938
38244,215000.0,11.0,0,0,0,0,0,0,False,True,False,False,False,True,False,False,False,8,SUV,of_Origin_Japan,Infiniti,QX80,2016.0,14358.223,14358.223
11087,48500.0,3.0,0,0,0,0,0,1,False,False,False,False,False,False,True,False,False,4,SUV,of_Origin_Japan,Honda,CR-V,2024.0,40111.137,40111.137
2747,154409.0,9.0,1,0,0,0,0,0,False,False,False,False,False,False,True,False,False,4,SUV,of_Origin_USA,Jeep,Cherokee,2018.0,12883.558,12883.558
36587,163000.0,12.0,0,0,0,0,0,0,False,False,False,False,False,False,True,False,False,4,SUV,of_Origin_Japan,Mazda,CX-5,2015.0,13070.81,13070.81
1233,162079.0,20.0,0,0,0,0,0,0,False,False,False,False,False,True,False,False,False,4,Sedan,of_Origin_Japan,Lexus,IS,2007.0,12345.784,12345.784
33527,124282.0,5.0,0,0,0,0,0,0,False,False,False,False,False,False,True,False,False,4,SUV,of_Origin_Japan,Mazda,CX-30,2022.0,24802.068,24802.068
2673,70991.0,7.0,0,0,0,0,0,0,False,False,False,False,False,True,False,False,False,baseline_value_here,baseline_value_here,baseline_value_here,BMW,3,2020.0,30671.793,30671.793
36082,173000.0,19.0,0,0,0,0,0,0,False,True,False,False,False,False,True,False,False,6,Minivan,of_Origin_Japan,Honda,Odyssey,2008.0,5331.641,5331.641
18699,137454.0,6.0,0,0,0,0,0,0,False,False,False,False,True,True,False,False,False,8,Sedan,baseline_value_here,Mercedes-Benz,S-Class,2021.0,92184.12,92184.12
35451,61097.0,3.0,0,0,0,0,0,0,False,False,False,False,False,False,True,False,False,4,SUV,of_Origin_USA,Ford,Escape,2024.0,28151.438,28151.438
13516,36737.0,5.0,0,0,0,0,0,0,False,False,False,False,False,False,True,False,False,6,SUV,of_Origin_USA,Jeep,Grand,2022.0,38238.88,38238.88
7204,127362.0,9.0,0,0,0,0,0,0,False,False,False,False,False,True,False,False,False,4,SUV,of_Origin_USA,Cadillac,XT5,2018.0,20777.12,20777.12
30387,103027.0,11.0,0,1,0,0,0,0,False,False,False,False,False,False,False,False,False,4,SUV,of_Origin_South Korea,Hyundai,Santa,2016.0,13992.361,13992.361
16174,88399.0,8.0,1,0,0,0,0,0,False,False,False,False,True,True,False,False,False,4,SUV,of_Origin_USA,Lincoln,MKC,2019.0,22001.254,22001.254
9399,180000.0,4.0,0,0,0,0,0,0,False,False,False,False,False,False,True,False,False,4,Pickup Truck,of_Origin_USA,Ford,Ranger,2023.0,26648.373,26648.373
35618,30743.0,5.0,0,0,0,0,0,0,False,False,False,False,False,True,False,False,False,4,SUV,of_Origin_South Korea,Genesis,GV70,2022.0,44134.223,44134.223
24664,162431.0,5.0,0,0,0,0,0,0,False,False,False,False,False,True,False,False,False,4,SUV,of_Origin_Sweden,Volvo,XC90,2022.0,30350.791,30350.791
17731,70570.0,5.0,0,0,1,0,0,0,False,False,False,False,False,False,True,False,False,4,SUV,of_Origin_Japan,Mazda,CX-5,2022.0,28841.19,28841.19
1367,44839.0,3.0,0,0,0,0,0,1,False,False,False,False,False,False,True,False,False,4,Pickup Truck,of_Origin_USA,Ford,Maverick,2024.0,33447.27,33447.27
20323,31782.0,4.0,0,0,0,0,0,0,False,False,False,False,False,False,True,False,False,4,SUV,of_Origin_Japan,Nissan,Rogue,2023.0,23304.121,23304.121
31458,8100.0,3.0,0,0,0,0,0,0,False,False,False,False,False,False,True,False,False,4,SUV,of_Origin_USA,Ford,Escape,2024.0,85231.76,85231.76
28219,129869.0,5.0,0,0,0,0,0,0,False,False,False,False,False,False,False,False,False,4,SUV,of_Origin_USA,Chevrolet,Trailblazer,2022.0,19751.97,19751.97
16511,109824.0,4.0,0,0,0,0,0,0,False,False,False,False,False,True,False,False,False,6,SUV,of_Origin_USA,Lincoln,Aviator,2023.0,44242.01,44242.01
4278,203937.0,15.0,0,0,0,0,0,0,False,True,False,False,False,True,False,False,False,6,SUV,of_Origin_Japan,baseline_value_here,MDX,2012.0,9064.946,9064.946
2882,121777.0,10.0,1,0,0,0,0,0,False,False,False,False,False,True,False,False,False,4,Sedan,baseline_value_here,Mercedes-Benz,E-Class,2017.0,17496.035,17496.035
38043,15200.0,2.0,1,0,1,0,0,0,False,False,False,False,False,False,True,False,False,4,SUV,of_Origin_Japan,Mazda,CX-5,2025.0,35842.426,35842.426
8361,57.0,3.0,0,0,0,0,0,0,False,False,False,False,False,False,True,False,False,6,Minivan,of_Origin_USA,Chrysler,Grand,2024.0,43290.355,43290.355
8371,22335.0,2.0,0,1,1,0,0,0,False,False,False,False,False,False,True,False,False,6,Minivan,of_Origin_USA,Chrysler,Pacifica,2025.0,41284.773,41284.773
27488,36937.0,2.0,0,0,0,0,0,0,False,False,False,False,False,False,False,False,False,4,SUV,of_Origin_South Korea,Hyundai,Kona,2025.0,29859.879,29859.879
25160,139543.0,8.0,0,0,1,0,0,0,False,False,False,False,False,False,False,False,False,8,Pickup Truck,of_Origin_USA,Chevrolet,Silverado,2019.0,23905.436,23905.436
9379,110177.0,8.0,0,0,0,0,0,0,False,False,False,False,False,False,True,False,False,4,SUV,of_Origin_USA,Ford,Escape,2019.0,18656.75,18656.75
20554,54293.0,3.0,0,0,0,0,0,0,False,False,False,False,False,False,True,False,False,4,Sedan,of_Origin_Japan,Nissan,Versa,2024.0,21743.617,21743.617
8966,289553.0,15.0,0,0,0,0,0,0,False,False,False,False,True,False,True,False,False,4,SUV,of_Origin_USA,Dodge,Journey,2012.0,1765.0168,1765.0168
14514,7787.0,1.0,0,0,0,0,0,0,False,False,False,False,False,False,False,False,False,4,SUV,of_Origin_South Korea,Kia,Sportage,2026.0,34400.84,34400.84
16144,189870.0,8.0,1,0,0,1,0,0,False,False,True,False,False,True,False,False,False,6,SUV,of_Origin_USA,Lincoln,Navigator,2019.0,30208.576,30208.576
28939,97000.0,7.0,0,0,0,0,0,0,False,False,False,False,False,False,True,False,False,4,Sedan,of_Origin_Japan,Honda,Civic,2020.0,21334.312,21334.312
36394,111377.0,4.0,0,0,0,0,0,1,False,False,False,False,False,True,False,False,False,4,SUV,baseline_value_here,Audi,Q5,2023.0,29870.867,29870.867
25384,21983.0,3.0,0,0,0,0,0,0,False,False,False,False,False,False,True,False,False,4,SUV,baseline_value_here,Volkswagen,Taos,2024.0,31158.766,31158.766
9314,34759.0,2.0,0,0,0,0,0,0,False,False,False,False,False,False,True,False,False,4,baseline_value_here,of_Origin_USA,Ford,Mustang,2025.0,44289.332,44289.332
12701,151000.0,10.0,0,0,0,0,0,0,False,False,False,False,True,True,False,False,False,6,Sedan,of_Origin_Japan,Infiniti,Q60,2017.0,18540.215,18540.215
25931,11850.0,2.0,0,0,0,0,0,0,False,False,False,False,False,True,False,False,False,4,SUV,baseline_value_here,Mercedes-Benz,GLC,2025.0,60416.484,60416.484
33437,499.0,1.0,0,0,0,0,0,0,False,False,False,False,False,False,True,False,False,6,Pickup Truck,of_Origin_USA,Ford,F-150,2026.0,79353.48,79353.48
25097,105767.0,8.0,0,0,0,0,0,0,False,False,False,False,False,False,True,False,False,4,SUV,of_Origin_USA,Ford,Escape,2019.0,18058.928,18058.928
8521,56565.0,19.0,0,0,0,0,0,0,False,False,False,False,True,False,True,False,False,4,Sedan,of_Origin_USA,Chrysler,Sebring,2008.0,3163.3325,3163.3325
8314,50002.0,3.0,0,0,0,0,0,0,False,False,False,False,False,False,True,False,False,6,Minivan,of_Origin_USA,Chrysler,Grand,2024.0,36186.453,36186.453
38700,46600.0,9.0,0,0,0,0,0,0,False,False,False,False,False,False,True,False,False,4,SUV,of_Origin_Japan,Nissan,Rogue,2018.0,16611.389,16611.389
1584,105929.0,6.0,0,0,0,0,0,0,False,False,False,False,False,False,True,False,False,6,SUV,of_Origin_USA,Jeep,Wrangler,2021.0,28160.291,28160.291
33908,160280.0,10.0,0,0,0,0,0,0,False,False,False,False,False,False,True,False,False,4,Hatchback,baseline_value_here,Volkswagen,Golf,2017.0,12462.307,12462.307
33768,78890.0,6.0,0,0,0,0,0,0,False,False,False,False,False,False,True,False,False,4,SUV,of_Origin_Japan,Honda,CR-V,2021.0,27021.834,27021.834
26716,499.0,1.0,0,0,0,0,0,0,False,False,False,False,False,False,True,False,False,4,SUV,of_Origin_USA,Ford,Bronco,2026.0,60521.71,60521.71
29178,62489.0,14.0,0,0,0,0,0,0,False,False,False,False,False,False,False,False,False,4,SUV,of_Origin_South Korea,Kia,Sportage,2013.0,13827.063,13827.063
6414,14661.0,1.0,0,0,0,0,0,0,False,False,False,False,False,False,False,True,False,4,SUV,of_Origin_USA,Buick,Encore,2026.0,37763.08,37763.08
29618,145064.0,8.0,1,0,0,0,0,0,False,False,False,False,False,False,True,False,False,4,Sedan,of_Origin_Japan,Subaru,Impreza,2019.0,17001.12,17001.12
27017,155000.0,8.0,0,0,0,0,0,0,False,True,False,False,False,True,False,False,False,6,SUV,baseline_value_here,BMW,X6,2019.0,28158.848,28158.848
2763,99221.0,10.0,1,0,0,0,0,0,False,False,False,False,True,True,False,False,False,4,Sedan,baseline_value_here,Audi,A4,2017.0,18471.58,18471.58
2141,152500.0,9.0,0,0,0,0,0,0,False,False,False,False,False,True,False,False,False,4,SUV,baseline_value_here,BMW,X1,2018.0,15580.659,15580.659
13838,99000.0,5.0,0,0,0,0,0,0,False,False,False,False,False,False,False,False,False,4,SUV,of_Origin_South Korea,Kia,Sorento,2022.0,23251.03,23251.03
28528,44311.0,5.0,1,0,1,0,0,0,False,False,False,False,False,False,True,False,False,baseline_value_here,baseline_value_here,of_Origin_Japan,Mazda,3,2022.0,38922.527,38922.527
9457,2962.0,1.0,0,0,0,0,0,1,False,False,False,False,False,False,True,False,False,6,Pickup Truck,of_Origin_USA,Ford,F-150,2026.0,110068.41,110068.41
7915,235723.0,9.0,0,0,0,0,0,0,False,False,False,False,False,False,False,False,False,8,Pickup Truck,of_Origin_USA,Chevrolet,Silverado,2018.0,21618.805,21618.805
13690,294132.0,11.0,0,0,0,0,0,0,False,False,False,False,False,False,True,False,False,4,SUV,of_Origin_USA,Jeep,Cherokee,2016.0,3185.661,3185.661
13686,47129.0,4.0,0,0,0,0,0,0,False,False,False,False,False,False,True,False,False,4,SUV,of_Origin_USA,Jeep,Compass,2023.0,28864.72,28864.72
10103,112182.0,6.0,0,0,0,0,0,0,False,False,False,False,False,False,False,True,False,4,SUV,of_Origin_USA,GMC,Acadia,2021.0,27051.229,27051.229
4497,86851.0,8.0,0,0,0,0,0,0,False,False,False,False,False,True,False,False,False,4,Sedan,baseline_value_here,Audi,A3,2019.0,22257.166,22257.166
27541,5000.0,1.0,0,0,0,0,0,0,False,False,False,False,False,False,False,False,False,4,SUV,of_Origin_South Korea,Hyundai,Tucson,2026.0,38720.51,38720.51
28012,80003.0,13.0,0,0,0,0,0,0,False,False,False,False,True,False,True,False,False,4,Sedan,of_Origin_Japan,Mazda,Mazda6,2014.0,12181.984,12181.984
13633,253776.0,11.0,0,0,0,0,0,0,False,False,False,False,True,False,True,False,False,4,SUV,of_Origin_USA,Jeep,Patriot,2016.0,3247.2627,3247.2627
27807,72566.0,3.0,0,0,0,0,0,0,True,False,False,False,False,False,True,False,False,4,Sedan,baseline_value_here,Volkswagen,Jetta,2024.0,26429.754,26429.754
10925,59412.0,5.0,0,0,0,0,1,0,False,False,False,False,False,True,False,False,False,4,Sedan,of_Origin_South Korea,Genesis,G70,2022.0,35237.145,35237.145
26303,78567.0,12.0,0,0,0,0,0,0,False,True,False,False,False,False,True,False,False,6,Minivan,of_Origin_Japan,Honda,Odyssey,2015.0,26467.652,26467.652
35652,67950.0,4.0,0,0,0,0,0,0,False,False,False,False,False,False,False,True,False,4,SUV,of_Origin_USA,Buick,Encore,2023.0,28752.377,28752.377
14010,23690.0,4.0,0,0,0,0,0,0,False,False,False,False,True,False,False,False,False,6,SUV,of_Origin_South Korea,Kia,Telluride,2023.0,46448.555,46448.555
884,72287.0,6.0,0,0,0,0,1,0,False,False,False,False,False,False,False,False,False,8,Pickup Truck,of_Origin_USA,Chevrolet,Silverado,2021.0,41755.8,41755.8
848,96384.0,9.0,0,0,0,0,0,0,True,False,False,False,False,False,True,False,False,4,Wagon,baseline_value_here,Volkswagen,Golf,2018.0,17612.947,17612.947
6624,17089.0,2.0,0,0,0,0,0,0,False,True,False,False,False,False,False,True,False,6,SUV,of_Origin_USA,Buick,Enclave,2025.0,57879.68,57879.68
36091,111510.0,11.0,0,0,0,0,0,0,False,False,False,False,False,True,False,False,False,4,Sedan,baseline_value_here,Audi,A3,2016.0,11664.493,11664.493
293,56484.0,9.0,0,1,0,0,1,0,False,False,False,False,True,False,True,False,False,4,SUV,of_Origin_Japan,Mazda,CX-3,2018.0,22219.53,22219.53
4463,38304.0,6.0,0,0,0,0,0,1,False,False,False,False,False,True,False,False,False,6,Hatchback,baseline_value_here,Audi,A5,2021.0,38770.24,38770.24
29794,38065.0,2.0,0,0,0,0,0,1,False,False,False,False,False,False,True,False,False,4,SUV,of_Origin_Japan,Toyota,RAV,2025.0,46542.344,46542.344
13866,28994.0,3.0,0,0,0,0,0,0,False,False,False,False,False,False,False,False,False,4,SUV,of_Origin_South Korea,Kia,Sorento,2024.0,30859.94,30859.94
24849,79009.0,6.0,0,0,0,0,0,0,False,False,False,False,False,True,False,False,False,4,SUV,of_Origin_Sweden,Volvo,XC40,2021.0,30217.48,30217.48
29598,300.0,1.0,0,0,0,0,0,1,False,False,False,False,False,False,True,False,False,4,Sedan,of_Origin_Japan,Honda,Civic,2026.0,43238.91,43238.91
4287,51723.0,7.0,0,1,0,0,0,0,False,False,False,False,False,True,False,False,False,4,SUV,of_Origin_Japan,baseline_value_here,RDX,2020.0,32140.021,32140.021
19656,54314.0,3.0,0,0,0,0,0,0,False,True,False,False,False,False,False,False,False,4,SUV,of_Origin_Japan,Mitsubishi,Outlander,2024.0,34312.258,34312.258
7033,127112.0,8.0,0,0,0,0,0,0,False,False,False,False,False,True,False,False,False,4,SUV,of_Origin_USA,Cadillac,XT5,2019.0,22752.13,22752.13
22983,29756.0,3.0,0,0,1,0,1,0,False,False,False,False,False,False,True,False,False,4,SUV,of_Origin_Japan,Toyota,RAV,2024.0,37842.387,37842.387
22078,21400.0,3.0,0,1,1,0,0,0,False,False,False,False,False,False,True,False,False,4,SUV,of_Origin_Japan,Subaru,Crosstrek,2024.0,29712.047,29712.047
15478,35325.0,3.0,0,1,0,0,0,0,False,False,False,False,False,True,False,False,False,4,SUV,of_Origin_Japan,Lexus,RX,2024.0,50176.64,50176.64
27225,129913.0,12.0,0,0,0,0,0,0,False,False,False,False,False,False,False,False,False,4,SUV,of_Origin_South Korea,Hyundai,Santa,2015.0,11355.544,11355.544
31545,54436.0,5.0,0,0,0,0,0,0,False,False,False,False,False,False,True,False,False,6,SUV,of_Origin_USA,Jeep,Grand,2022.0,43452.33,43452.33
8770,3100.0,2.0,1,0,0,0,0,0,False,False,False,False,False,False,True,False,False,6,SUV,of_Origin_USA,Dodge,Durango,2025.0,115916.57,115916.57
8593,107725.0,6.0,0,0,0,0,0,0,False,False,False,False,False,False,True,False,False,6,Minivan,of_Origin_USA,Chrysler,Grand,2021.0,28070.768,28070.768
27046,49096.0,3.0,0,0,0,0,0,0,False,False,False,False,False,False,True,False,False,4,Sedan,of_Origin_Japan,Subaru,Impreza,2024.0,25684.05,25684.05
28081,48188.0,4.0,0,0,0,0,0,0,False,False,False,False,False,False,False,False,False,4,Sedan,of_Origin_South Korea,Hyundai,Elantra,2023.0,23794.064,23794.064
36415,10903.0,2.0,0,0,0,0,0,0,False,False,False,False,False,False,True,False,False,4,SUV,baseline_value_here,Volkswagen,Taos,2025.0,36868.89,36868.89
3996,114482.0,7.0,0,0,0,0,0,0,False,False,False,False,False,True,False,False,False,4,SUV,of_Origin_Japan,baseline_value_here,RDX,2020.0,28106.799,28106.799
20338,25194.0,3.0,1,0,1,0,0,0,False,False,False,False,False,False,True,False,False,4,SUV,of_Origin_Japan,Nissan,Kicks,2024.0,26760.299,26760.299
18546,57595.0,6.0,0,0,0,0,0,0,False,False,False,False,False,True,False,False,False,4,Sedan,baseline_value_here,Mercedes-Benz,C-Class,2021.0,30535.059,30535.059
37793,116000.0,10.0,0,0,0,0,0,0,False,False,False,False,False,False,False,False,False,4,Sedan,of_Origin_South Korea,Hyundai,Elantra,2017.0,11979.629,11979.629
4153,41394.0,3.0,0,0,0,0,0,0,False,True,False,False,False,True,False,False,False,6,SUV,of_Origin_Japan,baseline_value_here,MDX,2024.0,53594.51,53594.51
37318,93500.0,8.0,0,0,0,0,0,0,False,False,False,False,False,True,False,False,False,baseline_value_here,baseline_value_here,baseline_value_here,BMW,4,2019.0,29155.283,29155.283
6267,151269.0,6.0,0,0,0,0,0,0,False,True,False,False,False,False,False,True,False,6,SUV,of_Origin_USA,Buick,Enclave,2021.0,29867.762,29867.762
35543,177876.0,10.0,0,0,0,0,0,0,False,True,False,False,False,False,True,False,False,4,SUV,of_Origin_Japan,Subaru,Outback,2017.0,14316.321,14316.321
25893,46666.0,4.0,0,0,1,0,0,0,False,False,False,False,False,False,True,False,False,4,SUV,baseline_value_here,Volkswagen,Tiguan,2023.0,28254.572,28254.572
29571,119829.0,6.0,0,0,0,0,0,0,False,False,False,False,True,True,False,False,False,6,Coupe,baseline_value_here,Audi,RS5,2021.0,55674.355,55674.355
31201,36542.0,3.0,0,0,0,0,0,0,False,True,False,False,False,False,True,False,False,6,Pickup Truck,of_Origin_Japan,Honda,Ridgeline,2024.0,45118.207,45118.207
13965,9499.0,2.0,0,0,0,0,0,0,False,False,False,False,False,False,False,False,False,4,SUV,of_Origin_South Korea,Kia,Sorento,2025.0,34213.83,34213.83
26897,147580.0,9.0,0,1,0,1,0,0,False,False,False,False,False,True,False,False,False,6,SUV,baseline_value_here,Audi,Q7,2018.0,22357.734,22357.734
29770,69000.0,5.0,0,0,0,0,0,0,False,False,False,False,False,False,True,False,False,4,Sedan,of_Origin_Japan,Honda,Accord,2022.0,25880.328,25880.328
34583,7528.0,3.0,0,0,0,0,0,0,False,False,False,False,False,False,True,False,False,4,SUV,of_Origin_Japan,Nissan,Kicks,2024.0,25601.031,25601.031
22993,37138.0,2.0,0,0,1,0,0,1,False,False,False,False,False,False,True,False,False,4,SUV,of_Origin_Japan,Toyota,RAV,2025.0,47115.246,47115.246
27405,78000.0,14.0,0,0,0,0,0,0,False,False,False,False,False,False,True,False,False,6,Coupe,of_Origin_USA,Ford,Mustang,2013.0,21315.709,21315.709
38502,1733.0,1.0,0,0,0,0,0,1,False,True,False,False,False,False,False,False,False,6,SUV,of_Origin_South Korea,Hyundai,Palisade,2026.0,77423.7,77423.7
4687,17063.0,2.0,0,0,0,0,0,0,False,False,True,False,False,True,False,False,False,6,SUV,baseline_value_here,Audi,Q8,2025.0,85508.8,85508.8
25276,19391.0,5.0,0,0,0,0,0,0,False,False,False,False,False,True,False,False,False,4,SUV,of_Origin_Japan,Lexus,RX,2022.0,50084.434,50084.434
20419,29043.0,3.0,0,1,0,0,0,0,False,False,False,False,False,False,True,False,False,4,SUV,of_Origin_Japan,Nissan,Rogue,2024.0,29981.955,29981.955
22184,56660.0,3.0,0,0,0,0,0,0,False,False,False,False,False,False,True,False,False,4,SUV,of_Origin_Japan,Subaru,Crosstrek,2024.0,31511.354,31511.354
15476,2148.0,1.0,0,0,0,0,0,1,False,False,False,False,False,True,False,False,False,4,SUV,of_Origin_Japan,Lexus,RX,2026.0,59936.066,59936.066
13879,190567.0,11.0,0,1,0,0,0,0,False,False,False,False,False,False,False,False,False,4,SUV,of_Origin_South Korea,Kia,Sorento,2016.0,10641.064,10641.064
5750,142000.0,12.0,0,0,0,0,0,0,False,True,False,False,False,True,False,False,False,6,SUV,baseline_value_here,BMW,X5,2015.0,14587.345,14587.345
31040,174803.0,12.0,0,0,0,0,0,0,False,False,False,False,False,False,False,False,False,4,SUV,of_Origin_USA,Chevrolet,Trax,2015.0,8449.583,8449.583
26056,8721.0,2.0,0,0,0,0,0,0,False,False,False,False,False,False,True,False,False,4,Sedan,of_Origin_Japan,Honda,Civic,2025.0,33285.09,33285.09
18576,69616.0,7.0,0,0,0,0,0,0,False,False,False,False,False,True,False,False,False,6,Sedan,baseline_value_here,Mercedes-Benz,E-Class,2020.0,44261.09,44261.09
36905,30430.0,2.0,0,0,0,0,0,0,False,False,False,False,False,True,False,False,False,4,SUV,baseline_value_here,Audi,Q5,2025.0,45816.355,45816.355
12068,141701.0,9.0,0,0,0,0,0,0,False,False,False,False,False,False,False,False,False,4,SUV,of_Origin_South Korea,Hyundai,Tucson,2018.0,14041.791,14041.791
8337,21992.0,3.0,0,0,0,0,0,0,False,False,False,False,False,False,True,False,False,6,Minivan,of_Origin_USA,Chrysler,Pacifica,2024.0,43970.04,43970.04
33026,74940.0,4.0,0,0,1,0,0,0,False,False,False,False,False,False,True,False,False,4,SUV,of_Origin_Japan,Mazda,CX-5,2023.0,33245.72,33245.72
26244,61751.0,5.0,0,0,0,0,0,0,False,False,False,False,False,False,False,False,False,4,SUV,of_Origin_South Korea,Hyundai,Santa,2022.0,25123.006,25123.006
10689,11735.0,1.0,0,0,0,0,0,0,False,False,False,False,False,True,False,False,False,6,SUV,of_Origin_South Korea,Genesis,GV70,2026.0,71818.41,71818.41
19245,105000.0,5.0,0,0,0,0,0,0,False,False,False,False,False,False,False,False,False,4,Coupe,of_Origin_Japan,Mitsubishi,Eclipse,2022.0,21024.668,21024.668
6992,70619.0,8.0,0,0,0,0,0,0,False,False,False,False,False,True,False,False,False,4,SUV,of_Origin_USA,Cadillac,XT4,2019.0,27719.047,27719.047
8261,108325.0,4.0,0,0,0,0,0,0,False,False,False,False,False,False,True,False,False,6,Minivan,of_Origin_USA,Chrysler,Pacifica,2023.0,29469.111,29469.111
2357,13959.0,2.0,0,0,0,0,1,0,False,False,False,False,False,True,False,False,False,4,SUV,of_Origin_Japan,baseline_value_here,ADX,2025.0,45935.0,45935.0
4140,14983.0,2.0,1,0,0,0,0,0,False,False,False,False,False,True,False,False,False,4,SUV,of_Origin_Japan,baseline_value_here,ADX,2025.0,46202.15,46202.15
3965,27423.0,5.0,0,0,0,0,0,0,False,True,False,False,False,True,False,False,False,6,SUV,of_Origin_Japan,baseline_value_here,MDX,2022.0,47014.895,47014.895
13981,13568.0,2.0,0,0,0,0,0,0,False,False,False,False,False,False,False,False,False,4,SUV,of_Origin_South Korea,Kia,Sportage,2025.0,35780.44,35780.44
15458,74996.0,9.0,0,0,0,0,0,0,False,False,False,False,True,True,False,False,False,6,Sedan,of_Origin_Japan,Lexus,LS,2018.0,43877.3,43877.3
21969,73530.0,9.0,1,0,0,0,0,0,False,False,False,False,False,False,True,False,False,4,SUV,of_Origin_Japan,Subaru,Crosstrek,2018.0,19017.025,19017.025
36364,10060.0,2.0,0,0,0,0,0,0,False,False,False,False,False,False,False,False,False,4,SUV,of_Origin_South Korea,Hyundai,Kona,2025.0,31955.568,31955.568
35702,300.0,1.0,0,0,0,0,0,1,False,False,False,False,False,False,True,False,False,4,SUV,of_Origin_Japan,Honda,CR-V,2026.0,51829.53,51829.53
22904,25283.0,5.0,0,0,0,0,0,0,False,False,False,False,False,False,True,False,False,4,Sedan,of_Origin_Japan,Toyota,Corolla,2022.0,25461.18,25461.18
22885,22951.0,2.0,0,0,0,0,0,0,False,False,False,False,False,False,True,False,False,4,SUV,of_Origin_Japan,Toyota,RAV,2025.0,40118.88,40118.88
2029,107729.0,11.0,0,0,0,0,0,0,False,False,False,False,False,False,True,False,False,6,SUV,of_Origin_Japan,Toyota,4-Runner,2016.0,27523.51,27523.51
32479,39219.0,8.0,0,0,0,0,0,0,False,False,False,False,True,False,True,False,False,4,SUV,of_Origin_USA,Ford,Edge,2019.0,13087.303,13087.303
6593,110948.0,9.0,0,0,0,0,0,0,False,True,False,False,False,False,False,True,False,6,SUV,of_Origin_USA,Buick,Enclave,2018.0,20304.893,20304.893
24875,102026.0,7.0,0,0,0,0,0,0,False,False,False,False,False,False,True,False,False,4,SUV,of_Origin_Japan,Mazda,CX-30,2020.0,22689.365,22689.365
11375,48244.0,3.0,0,1,1,0,0,0,False,False,False,False,False,False,True,False,False,4,SUV,of_Origin_Japan,Honda,CR-V,2024.0,33244.707,33244.707
28661,31947.0,3.0,0,0,0,0,0,0,False,False,False,False,False,False,False,False,False,4,SUV,of_Origin_South Korea,Hyundai,Tucson,2024.0,33277.348,33277.348
2682,13213.0,3.0,0,0,0,0,0,0,False,False,False,False,False,False,True,False,False,4,Sedan,of_Origin_Japan,Nissan,Sentra,2024.0,22853.266,22853.266
7249,157636.0,12.0,0,0,0,0,0,0,False,False,False,False,True,True,False,False,False,6,Coupe,of_Origin_USA,Cadillac,ATS,2015.0,10077.285,10077.285
37253,59576.0,5.0,0,0,0,0,0,0,False,False,False,False,False,True,False,False,False,4,SUV,of_Origin_South Korea,Genesis,GV70,2022.0,37883.633,37883.633
825,31678.0,2.0,0,0,0,0,0,0,False,False,False,False,False,False,True,False,False,4,SUV,of_Origin_Japan,Mazda,CX-50,2025.0,33804.4,33804.4
12985,94000.0,8.0,0,0,0,0,0,0,False,False,False,False,True,True,False,False,False,6,Sedan,of_Origin_Japan,Infiniti,Q50,2019.0,22224.861,22224.861
28940,184000.0,10.0,0,0,0,0,0,0,False,False,False,False,False,True,False,False,False,4,SUV,of_Origin_Japan,Lexus,RX,2017.0,22001.047,22001.047
27454,181000.0,13.0,0,0,0,0,0,0,False,False,False,False,False,True,False,False,False,baseline_value_here,baseline_value_here,baseline_value_here,BMW,3,2014.0,10472.079,10472.079
36195,115297.0,5.0,0,0,0,0,0,0,False,False,False,False,False,False,True,False,False,4,Sedan,of_Origin_Japan,Toyota,Corolla,2022.0,21620.248,21620.248
2340,135304.0,12.0,0,0,0,0,0,0,False,False,False,False,False,False,False,False,False,4,SUV,of_Origin_South Korea,Hyundai,Tucson,2015.0,11158.568,11158.568
26146,232000.0,16.0,0,0,0,0,0,0,False,False,False,False,False,False,True,False,False,4,SUV,of_Origin_Japan,Honda,CR-V,2011.0,8176.2,8176.2
5450,4085.0,1.0,0,0,0,0,0,0,False,False,False,False,False,True,False,False,False,4,SUV,baseline_value_here,BMW,X1,2026.0,67901.195,67901.195
2072,31069.0,3.0,0,0,0,0,0,0,False,True,False,False,False,False,True,False,False,6,Pickup Truck,of_Origin_Japan,Toyota,Tundra,2024.0,58329.72,58329.72
12085,34195.0,4.0,0,0,0,0,0,0,False,False,False,False,False,False,False,False,False,4,Sedan,of_Origin_South Korea,Hyundai,Elantra,2023.0,23665.459,23665.459
29102,95090.0,4.0,0,0,0,0,0,0,False,False,False,False,False,True,False,False,False,4,Sedan,baseline_value_here,Mercedes-Benz,CLA,2023.0,31068.56,31068.56
4133,153500.0,8.0,0,1,0,0,0,0,False,True,False,False,False,True,False,False,False,6,SUV,of_Origin_Japan,baseline_value_here,MDX,2019.0,24739.254,24739.254
17915,64255.0,3.0,1,0,1,1,0,0,False,True,False,False,False,False,True,False,False,6,SUV,of_Origin_Japan,Mazda,CX-90,2024.0,42787.36,42787.36
34095,99000.0,8.0,0,0,0,0,0,0,False,False,False,False,False,False,False,False,False,4,SUV,of_Origin_South Korea,Hyundai,Santa,2019.0,18085.26,18085.26
2596,137800.0,10.0,1,0,0,0,0,0,False,False,False,False,False,True,False,False,False,6,Coupe,baseline_value_here,Audi,A5,2017.0,20406.37,20406.37
12158,156353.0,9.0,0,0,0,0,0,0,False,False,False,False,False,False,False,False,False,4,SUV,of_Origin_South Korea,Hyundai,Santa,2018.0,13308.77,13308.77
12641,99264.0,5.0,1,0,0,1,0,0,False,False,False,False,False,True,False,False,False,6,SUV,of_Origin_Japan,Infiniti,QX60,2022.0,32750.29,32750.29
28864,3147.0,2.0,0,0,0,0,0,0,False,False,False,False,False,True,False,False,False,4,SUV,of_Origin_USA,Cadillac,XT4,2025.0,60144.98,60144.98
36559,14048.0,3.0,0,0,0,0,0,0,False,False,False,False,False,False,True,False,False,4,SUV,of_Origin_Japan,Nissan,Rogue,2024.0,27285.941,27285.941
20947,216897.0,9.0,0,0,0,0,0,0,False,False,False,False,False,False,True,False,False,6,Van,of_Origin_USA,RAM,ProMaster,2018.0,18364.682,18364.682
33182,73000.0,4.0,0,0,0,0,0,0,False,False,False,False,False,False,True,False,False,4,Sedan,baseline_value_here,Volkswagen,Jetta,2023.0,24041.941,24041.941
611,109099.0,9.0,0,0,0,0,0,0,False,False,False,False,False,False,True,False,False,4,Sedan,of_Origin_Japan,Honda,Civic,2018.0,17448.324,17448.324
28619,49613.0,2.0,0,0,0,0,0,0,False,False,False,False,False,False,True,False,False,4,SUV,of_Origin_Japan,Mazda,CX-5,2025.0,33264.12,33264.12
4188,23673.0,2.0,0,0,0,0,0,0,False,True,False,False,False,True,False,False,False,6,SUV,of_Origin_Japan,baseline_value_here,MDX,2025.0,61717.715,61717.715
997,245380.0,10.0,1,0,0,0,1,0,False,False,False,False,False,False,True,False,False,6,SUV,of_Origin_Japan,Toyota,4-Runner,2017.0,22253.541,22253.541
27680,31900.0,3.0,0,0,0,0,0,0,False,False,False,False,False,False,True,False,False,4,Sedan,of_Origin_Japan,Nissan,Sentra,2024.0,19153.268,19153.268
4641,6007.0,2.0,0,0,0,0,0,0,False,False,False,False,False,True,False,False,False,6,SUV,baseline_value_here,Audi,SQ5,2025.0,74642.484,74642.484
13391,113000.0,8.0,0,0,0,0,0,0,False,False,False,False,False,False,True,False,False,4,SUV,of_Origin_USA,Jeep,Compass,2019.0,19798.416,19798.416
460,44450.0,3.0,0,0,0,0,0,0,False,False,False,False,False,False,True,False,False,baseline_value_here,baseline_value_here,of_Origin_USA,RAM,3500,2024.0,59894.055,59894.055
38088,130098.0,11.0,0,0,0,0,0,0,False,False,False,False,False,False,True,False,False,4,Hatchback,baseline_value_here,Volkswagen,Golf,2016.0,13077.291,13077.291
21809,33185.0,2.0,1,0,0,0,0,0,False,True,False,False,False,False,True,False,False,4,SUV,of_Origin_Japan,Subaru,Outback,2025.0,44501.17,44501.17
22127,197229.0,16.0,0,1,0,0,0,0,False,True,False,False,False,False,True,False,False,4,SUV,of_Origin_Japan,Subaru,Outback,2011.0,6512.2627,6512.2627
24808,37658.0,4.0,0,0,0,0,0,0,False,False,False,False,True,True,False,False,False,4,Sedan,of_Origin_Sweden,Volvo,S90,2023.0,46046.305,46046.305
760,16975.0,3.0,0,0,0,0,0,0,False,False,False,False,False,False,True,False,False,4,SUV,of_Origin_USA,Ford,Escape,2024.0,41612.504,41612.504
1156,22700.0,4.0,0,0,0,0,0,1,False,False,False,False,False,True,False,False,False,6,Sedan,baseline_value_here,Mercedes-Benz,C-Class,2023.0,76139.57,76139.57
25277,112500.0,7.0,0,0,0,0,0,0,False,True,False,False,False,True,False,False,False,4,SUV,baseline_value_here,Mercedes-Benz,GLE,2020.0,42052.797,42052.797
17557,107039.0,14.0,0,0,0,0,0,0,False,False,False,False,False,False,False,False,True,baseline_value_here,baseline_value_here,of_Origin_UK,MINI,3,2013.0,9387.683,9387.683
6337,158927.0,11.0,0,0,0,0,0,0,False,True,False,False,False,False,False,True,False,6,SUV,of_Origin_USA,Buick,Enclave,2016.0,13846.73,13846.73
11038,16740.0,1.0,1,0,0,0,0,1,False,False,False,False,False,False,True,False,False,4,SUV,of_Origin_Japan,Honda,CR-V,2026.0,47580.305,47580.305
26148,213323.0,10.0,0,0,0,0,0,0,False,False,False,False,True,True,False,False,False,4,Sedan,baseline_value_here,Audi,A4,2017.0,13761.633,13761.633
14153,95900.0,4.0,0,0,0,0,0,0,False,False,False,False,True,False,False,False,False,4,Sedan,of_Origin_South Korea,Kia,Forte,2023.0,19071.139,19071.139
8590,64960.0,5.0,0,0,0,0,0,1,False,False,False,False,False,False,True,False,False,6,Minivan,of_Origin_USA,Chrysler,Pacifica,2022.0,42639.695,42639.695
32623,258000.0,12.0,0,0,0,0,0,0,False,False,False,False,True,False,True,False,False,4,Sedan,of_Origin_Japan,Subaru,Legacy,2015.0,5627.0786,5627.0786
36701,210000.0,9.0,0,0,0,0,0,0,False,False,False,False,True,False,False,False,False,4,Sedan,of_Origin_USA,Chevrolet,Cruze,2018.0,8018.756,8018.756
29365,130891.0,6.0,1,0,0,0,0,0,False,False,False,False,False,False,True,False,False,6,Pickup Truck,of_Origin_USA,Jeep,Gladiator,2021.0,32924.805,32924.805
26411,87345.0,7.0,0,0,0,0,0,0,False,False,False,False,False,False,False,False,False,4,Sedan,of_Origin_South Korea,Hyundai,Elantra,2020.0,17218.957,17218.957
8505,50211.0,3.0,0,0,0,0,0,0,False,False,False,False,False,False,True,False,False,6,Minivan,of_Origin_USA,Chrysler,Pacifica,2024.0,36186.453,36186.453
28768,51020.0,2.0,0,0,0,0,0,0,False,False,False,False,False,False,True,False,False,4,Sedan,of_Origin_Japan,Toyota,Corolla,2025.0,29311.1,29311.1
647,66779.0,6.0,0,0,0,0,0,1,False,False,False,False,False,False,True,False,False,6,SUV,of_Origin_USA,Jeep,Wrangler,2021.0,37564.21,37564.21
34380,67450.0,5.0,0,0,0,0,0,0,False,True,False,False,False,False,True,False,False,4,SUV,baseline_value_here,Volkswagen,Atlas,2022.0,34863.81,34863.81
23549,33285.0,5.0,0,0,0,0,0,0,False,False,False,False,False,False,True,False,False,4,SUV,baseline_value_here,Volkswagen,Taos,2022.0,25344.303,25344.303
24889,75052.0,12.0,0,0,0,0,0,0,False,False,False,False,False,False,True,False,False,4,Sedan,of_Origin_Japan,Mazda,Mazda3,2015.0,15635.293,15635.293
6516,147499.0,18.0,0,0,0,0,0,0,False,False,False,False,True,False,False,True,False,4,Sedan,of_Origin_USA,Buick,Allure,2009.0,4792.168,4792.168
4274,50890.0,8.0,0,0,0,0,0,0,False,False,False,False,False,True,False,False,False,4,SUV,of_Origin_Japan,baseline_value_here,RDX,2019.0,30679.752,30679.752
6392,16125.0,2.0,0,0,0,0,0,0,False,False,False,False,False,False,False,True,False,4,SUV,of_Origin_USA,Buick,Envista,2025.0,35082.81,35082.81
8488,32644.0,3.0,0,0,0,0,0,0,False,False,False,False,False,False,True,False,False,6,Minivan,of_Origin_USA,Chrysler,Pacifica,2024.0,42548.98,42548.98
21941,20231.0,3.0,0,0,0,0,0,0,False,False,False,False,False,False,True,False,False,4,Sedan,of_Origin_Japan,Subaru,Impreza,2024.0,29234.334,29234.334
9446,120733.0,7.0,0,0,0,0,0,0,False,False,False,False,False,False,True,False,False,4,SUV,of_Origin_USA,Ford,Escape,2020.0,22337.016,22337.016
11819,67000.0,4.0,0,0,0,0,0,1,False,False,False,False,False,False,False,False,False,4,Sedan,of_Origin_South Korea,Hyundai,Elantra,2023.0,27378.656,27378.656
26743,31284.0,3.0,0,0,0,0,0,0,False,False,False,False,False,False,True,False,False,4,SUV,baseline_value_here,Volkswagen,Taos,2024.0,31944.217,31944.217
8839,21505.0,5.0,0,0,0,0,0,0,False,False,False,False,True,False,True,False,False,6,Coupe,of_Origin_USA,Dodge,Challenger,2022.0,58516.863,58516.863
737,91105.0,10.0,0,0,0,0,0,0,False,False,False,False,False,False,True,False,False,6,SUV,of_Origin_Japan,Toyota,4-Runner,2017.0,29965.117,29965.117
16991,726.0,1.0,0,0,0,0,0,0,False,False,False,False,False,False,False,False,True,4,SUV,of_Origin_UK,MINI,Countryman,2026.0,57318.16,57318.16
30474,37718.0,2.0,0,0,0,0,0,1,False,False,False,False,False,True,False,False,False,4,SUV,of_Origin_Sweden,Volvo,XC90,2025.0,57007.086,57007.086
12693,35490.0,3.0,0,0,0,0,0,0,False,False,False,False,False,True,False,False,False,4,SUV,of_Origin_Japan,Infiniti,QX50,2024.0,40753.707,40753.707
10608,698.0,2.0,0,0,0,0,0,0,False,True,False,False,False,False,False,True,False,8,SUV,of_Origin_USA,GMC,Yukon,2025.0,120620.83,120620.83
6482,75521.0,5.0,0,0,0,0,0,0,False,False,False,False,False,False,False,True,False,4,SUV,of_Origin_USA,Buick,Encore,2022.0,24976.406,24976.406
32861,68199.0,3.0,0,0,0,0,0,0,False,False,False,False,False,False,False,True,False,4,SUV,of_Origin_USA,GMC,Terrain,2024.0,29289.482,29289.482
4101,25635.0,2.0,1,0,0,0,0,0,False,False,False,False,False,True,False,False,False,4,SUV,of_Origin_Japan,baseline_value_here,RDX,2025.0,47016.51,47016.51
8405,45177.0,3.0,0,0,0,0,0,0,False,False,False,False,False,False,True,False,False,6,Minivan,of_Origin_USA,Chrysler,Pacifica,2024.0,47431.145,47431.145
1317,169150.0,7.0,0,0,0,0,0,0,False,True,False,False,False,False,False,False,False,6,SUV,of_Origin_South Korea,Hyundai,Palisade,2020.0,23285.8,23285.8
18596,37298.0,9.0,0,0,0,0,0,0,False,False,False,False,True,True,False,False,False,6,Sedan,baseline_value_here,Mercedes-Benz,S-Class,2018.0,73250.586,73250.586
10873,97822.0,4.0,0,0,0,0,0,0,False,False,False,False,False,True,False,False,False,6,SUV,of_Origin_South Korea,Genesis,GV70,2023.0,40100.875,40100.875
4516,138008.0,9.0,0,0,0,0,0,0,False,False,False,False,False,True,False,False,False,4,Sedan,baseline_value_here,Audi,S3,2018.0,17469.195,17469.195
36517,41572.0,3.0,0,0,0,0,0,0,False,False,False,False,False,False,False,False,False,4,SUV,of_Origin_South Korea,Kia,Sorento,2024.0,34486.176,34486.176
38232,42021.0,3.0,0,0,0,0,0,0,False,False,False,False,False,False,True,False,False,6,SUV,of_Origin_USA,Jeep,Grand,2024.0,52190.36,52190.36
28069,45828.0,3.0,0,0,0,0,0,0,False,False,False,False,False,True,False,False,False,6,SUV,baseline_value_here,Audi,Q7,2024.0,56972.086,56972.086
35653,139474.0,7.0,0,0,0,0,0,0,False,False,False,False,False,False,True,False,False,4,Sedan,baseline_value_here,Volkswagen,Jetta,2020.0,15070.459,15070.459
34597,48452.0,5.0,0,1,1,0,0,0,False,False,False,False,True,True,False,False,False,4,Sedan,of_Origin_Japan,baseline_value_here,ILX,2022.0,38870.38,38870.38
17677,1442.0,1.0,0,0,0,0,0,0,False,False,False,False,False,False,True,False,False,4,SUV,of_Origin_Japan,Mazda,CX-30,2026.0,41312.418,41312.418
23480,56907.0,5.0,0,0,0,0,0,0,False,True,False,False,False,False,True,False,False,4,SUV,baseline_value_here,Volkswagen,Atlas,2022.0,34527.008,34527.008
30616,123629.0,9.0,0,0,0,0,0,0,False,False,False,False,False,False,True,False,False,6,SUV,of_Origin_Japan,Toyota,Highlander,2018.0,33247.234,33247.234
36979,156594.0,15.0,0,0,0,0,0,0,True,True,False,False,False,False,True,False,False,4,SUV,of_Origin_Japan,Subaru,Outback,2012.0,8994.951,8994.951
33844,220000.0,11.0,0,0,0,0,0,0,False,False,False,False,False,False,True,False,False,4,SUV,of_Origin_Japan,Subaru,Crosstrek,2016.0,9380.951,9380.951
35876,43470.0,12.0,0,0,0,0,0,0,False,False,False,False,True,False,False,False,False,6,Coupe,of_Origin_USA,Chevrolet,Camaro,2015.0,58392.316,58392.316
16132,93622.0,6.0,0,0,0,0,0,1,False,False,False,False,False,True,False,False,False,4,SUV,of_Origin_USA,Lincoln,Corsair,2021.0,30393.557,30393.557
34057,70786.0,3.0,0,0,0,0,0,0,False,False,False,False,False,False,False,False,False,4,SUV,of_Origin_South Korea,Hyundai,Venue,2024.0,26011.646,26011.646
1099,27110.0,2.0,0,1,0,0,0,0,False,False,False,False,False,False,True,False,False,4,SUV,of_Origin_Japan,Toyota,Grand,2025.0,41576.195,41576.195
32630,72000.0,9.0,0,0,0,0,0,0,False,False,False,False,False,True,False,False,False,4,Sedan,baseline_value_here,Mercedes-Benz,CLA,2018.0,39809.625,39809.625
23798,54102.0,5.0,0,0,0,0,0,0,False,True,False,False,False,False,True,False,False,4,SUV,baseline_value_here,Volkswagen,Atlas,2022.0,37185.39,37185.39
28780,170201.0,9.0,1,0,0,0,1,0,False,False,False,False,False,False,False,False,False,4,SUV,of_Origin_South Korea,Hyundai,Tucson,2018.0,12962.629,12962.629
27977,180656.0,9.0,0,0,0,0,0,0,False,False,False,False,False,True,False,False,False,4,Sedan,baseline_value_here,Mercedes-Benz,CLA,2018.0,13066.922,13066.922
7363,43541.0,5.0,0,0,0,0,0,0,False,False,False,False,False,True,False,False,False,4,Sedan,of_Origin_USA,Cadillac,CT5,2022.0,33252.62,33252.62
21824,11443.0,2.0,0,0,0,0,0,0,False,False,False,False,False,False,True,False,False,4,Sedan,of_Origin_Japan,Subaru,Impreza,2025.0,32985.47,32985.47
31378,60182.0,13.0,0,0,0,0,0,0,False,False,False,False,False,False,False,False,False,4,SUV,of_Origin_South Korea,Hyundai,Santa,2014.0,11124.748,11124.748
7281,50190.0,4.0,0,0,1,0,0,0,False,False,False,False,False,True,False,False,False,4,Sedan,of_Origin_USA,Cadillac,CT5,2023.0,43131.832,43131.832
17833,4850.0,1.0,0,0,0,0,0,0,False,False,False,False,False,False,True,False,False,4,SUV,of_Origin_Japan,Mazda,CX-30,2026.0,36989.65,36989.65
38053,145176.0,8.0,0,0,0,0,0,0,False,False,False,False,False,False,True,False,False,4,Pickup Truck,of_Origin_USA,Ford,Ranger,2019.0,25899.129,25899.129
38436,134836.0,6.0,0,0,0,0,0,1,False,False,False,False,False,False,True,False,False,4,SUV,of_Origin_Japan,Toyota,RAV,2021.0,31094.734,31094.734
3020,150845.0,11.0,0,0,0,0,0,0,False,False,False,False,False,True,False,False,False,baseline_value_here,baseline_value_here,baseline_value_here,BMW,4,2016.0,15484.761,15484.761
22052,34153.0,3.0,1,0,0,0,0,0,True,True,False,False,False,False,True,False,False,4,Sedan,of_Origin_Japan,Subaru,WRX,2024.0,34408.74,34408.74
6499,72252.0,5.0,0,0,0,0,0,0,False,False,False,False,False,False,False,True,False,4,SUV,of_Origin_USA,Buick,Encore,2022.0,24755.412,24755.412
6332,98477.0,6.0,0,0,0,0,0,0,False,True,False,False,False,False,False,True,False,6,SUV,of_Origin_USA,Buick,Enclave,2021.0,34153.863,34153.863
8597,71520.0,4.0,0,0,0,0,0,0,False,False,False,False,True,False,True,False,False,baseline_value_here,baseline_value_here,of_Origin_USA,Chrysler,300,2023.0,31432.453,31432.453
11411,17572.0,3.0,0,0,0,0,0,0,False,False,False,False,False,False,True,False,False,4,SUV,of_Origin_Japan,Honda,HR-V,2024.0,34909.56,34909.56
31477,6354.0,1.0,1,1,0,0,0,1,False,False,False,False,False,False,False,False,False,4,SUV,of_Origin_South Korea,Kia,Sorento,2026.0,42087.28,42087.28
32178,179706.0,12.0,0,0,0,0,0,0,False,False,False,False,False,False,False,False,False,4,Sedan,of_Origin_South Korea,Hyundai,Elantra,2015.0,7245.313,7245.313
2350,154700.0,11.0,0,0,0,0,1,0,False,False,False,False,False,True,False,False,False,4,Sedan,of_Origin_Japan,Lexus,IS,2016.0,20987.857,20987.857
4535,50350.0,5.0,0,0,0,0,0,0,False,False,False,False,False,True,False,False,False,4,Sedan,baseline_value_here,Audi,A3,2022.0,30299.396,30299.396
8607,79011.0,4.0,0,0,0,0,0,0,False,False,False,False,False,False,True,False,False,6,Minivan,of_Origin_USA,Chrysler,Grand,2023.0,31684.59,31684.59
37512,58500.0,11.0,0,0,0,0,0,0,False,False,False,False,True,True,False,False,False,6,Sedan,baseline_value_here,Audi,A7,2016.0,43822.645,43822.645
23064,60706.0,5.0,0,0,0,0,0,0,False,False,False,False,False,False,True,False,False,4,SUV,of_Origin_Japan,Toyota,RAV,2022.0,32634.418,32634.418
38069,12100.0,4.0,0,0,0,0,0,0,False,False,False,False,False,True,False,False,False,4,SUV,baseline_value_here,BMW,X3,2023.0,34701.105,34701.105
16247,79692.0,6.0,0,0,0,0,0,0,False,False,False,False,False,True,False,False,False,4,SUV,of_Origin_USA,Lincoln,Corsair,2021.0,28926.191,28926.191
489,120000.0,8.0,0,0,0,0,0,0,False,False,False,False,False,False,True,False,False,4,Sedan,of_Origin_Japan,Honda,Civic,2019.0,20463.6,20463.6
30044,56777.0,4.0,0,0,0,0,0,0,False,False,False,False,True,False,False,False,False,4,Sedan,of_Origin_South Korea,Kia,Forte,2023.0,21765.719,21765.719
17533,139000.0,17.0,0,1,0,0,0,0,False,False,False,False,False,False,False,False,True,baseline_value_here,baseline_value_here,of_Origin_UK,MINI,3,2010.0,5731.0845,5731.0845
17772,43854.0,4.0,1,0,1,0,0,0,False,False,False,False,False,False,True,False,False,4,SUV,of_Origin_Japan,Mazda,CX-5,2023.0,33068.902,33068.902
6722,560.0,1.0,0,0,0,0,0,0,False,False,False,False,False,True,False,False,False,4,SUV,of_Origin_USA,Cadillac,XT5,2026.0,71011.336,71011.336
23708,117769.0,12.0,0,0,0,0,0,0,False,False,False,False,False,False,True,False,False,4,Sedan,baseline_value_here,Volkswagen,Jetta,2015.0,10493.308,10493.308
21178,134053.0,13.0,0,0,0,0,1,0,False,False,False,False,False,False,True,False,False,baseline_value_here,baseline_value_here,of_Origin_USA,RAM,1500,2014.0,17032.629,17032.629
17536,155000.0,10.0,0,0,0,0,0,0,False,False,False,False,False,False,False,False,True,4,SUV,of_Origin_UK,MINI,Countryman,2017.0,13051.563,13051.563
12991,138674.0,16.0,0,0,0,0,0,0,False,False,False,False,True,True,False,False,False,6,Sedan,of_Origin_Japan,Infiniti,G,2011.0,17240.28,17240.28
9419,76000.0,9.0,0,0,0,0,0,0,False,False,False,False,False,False,True,False,False,4,SUV,of_Origin_USA,Ford,Escape,2018.0,19475.77,19475.77
25487,24107.0,2.0,0,0,0,0,0,0,False,False,False,False,False,False,True,False,False,4,SUV,of_Origin_USA,Ford,Bronco,2025.0,31634.145,31634.145
32964,40879.0,13.0,0,0,0,0,0,0,False,False,False,False,False,False,True,False,False,6,baseline_value_here,of_Origin_USA,Ford,Mustang,2014.0,36023.67,36023.67
15265,69498.0,3.0,0,0,0,0,0,1,False,False,False,False,False,True,False,False,False,4,SUV,of_Origin_Japan,Lexus,RX,2024.0,49303.996,49303.996
22738,104000.0,5.0,0,0,0,0,0,0,False,False,False,False,False,False,True,False,False,4,Sedan,of_Origin_Japan,Toyota,Corolla,2022.0,21998.926,21998.926
8836,8150.0,1.0,0,0,0,0,0,0,False,False,False,False,False,False,True,False,False,6,SUV,of_Origin_USA,Dodge,Durango,2026.0,64320.895,64320.895
30938,120450.0,6.0,0,0,0,0,0,0,False,False,False,False,False,False,False,False,False,4,Sedan,of_Origin_South Korea,Hyundai,Elantra,2021.0,16302.283,16302.283
4582,56513.0,7.0,0,0,0,0,0,1,False,False,False,False,False,True,False,False,False,6,SUV,baseline_value_here,Audi,Q5,2020.0,40626.758,40626.758
12081,57394.0,3.0,0,0,0,0,0,0,False,False,False,False,False,False,False,False,False,4,SUV,of_Origin_South Korea,Hyundai,Venue,2024.0,30771.15,30771.15
35368,39997.0,3.0,0,0,0,0,0,0,False,False,False,False,False,True,False,False,False,4,SUV,of_Origin_Japan,Lexus,RX,2024.0,50602.89,50602.89
6388,65263.0,5.0,0,0,0,0,0,0,False,True,False,False,False,False,False,True,False,6,SUV,of_Origin_USA,Buick,Enclave,2022.0,39772.19,39772.19
7933,37300.0,15.0,0,0,0,0,0,0,True,False,True,False,False,False,False,False,False,8,Coupe,of_Origin_USA,Chevrolet,Corvette,2012.0,78368.305,78368.305
2607,92605.0,5.0,1,0,0,0,0,0,False,False,False,False,False,False,True,False,False,4,Sedan,of_Origin_Japan,Toyota,Corolla,2022.0,21978.941,21978.941
22075,31503.0,3.0,1,0,0,0,0,0,False,False,False,False,False,False,True,False,False,4,SUV,of_Origin_Japan,Subaru,Crosstrek,2024.0,34470.395,34470.395
10082,44715.0,3.0,0,0,0,0,0,0,False,False,False,False,False,False,False,True,False,8,Pickup Truck,of_Origin_USA,GMC,Sierra,2024.0,56376.457,56376.457
27639,149500.0,9.0,0,0,0,0,0,0,False,False,False,False,False,False,False,True,False,8,Pickup Truck,of_Origin_USA,GMC,Sierra,2018.0,25267.732,25267.732
9020,42945.0,18.0,0,0,0,0,0,0,False,False,False,False,True,False,True,False,False,8,Pickup Truck,of_Origin_USA,Dodge,RAM,2009.0,17405.455,17405.455
37916,56802.0,5.0,0,0,0,0,0,0,False,True,False,False,False,False,True,False,False,4,SUV,baseline_value_here,Volkswagen,Atlas,2022.0,34527.008,34527.008
7077,75606.0,3.0,0,0,0,0,0,0,False,False,False,False,False,True,False,False,False,6,Sedan,of_Origin_USA,Cadillac,CT5-V,2024.0,52176.55,52176.55
12748,197049.0,9.0,0,0,0,0,0,0,False,False,False,False,False,True,False,False,False,6,SUV,of_Origin_Japan,Infiniti,QX60,2018.0,10915.798,10915.798
4171,129805.0,5.0,0,0,0,0,0,0,False,False,False,False,True,True,False,False,False,4,Sedan,of_Origin_Japan,baseline_value_here,TLX,2022.0,29517.771,29517.771
13506,7945.0,2.0,0,0,0,0,0,0,False,False,False,False,False,False,True,False,False,4,SUV,of_Origin_USA,Jeep,Compass,2025.0,37211.6,37211.6
15628,122850.0,8.0,0,0,0,0,0,0,False,False,False,False,False,True,False,False,False,4,SUV,of_Origin_Japan,Lexus,NX,2019.0,27920.602,27920.602
37543,97144.0,12.0,0,0,0,0,0,0,False,False,False,False,False,False,True,False,False,4,SUV,of_Origin_USA,Ford,Escape,2015.0,10687.401,10687.401
4449,88000.0,9.0,0,0,0,0,0,0,False,False,False,False,False,True,False,False,False,4,SUV,baseline_value_here,Audi,Q3,2018.0,19198.504,19198.504
27370,76339.0,6.0,0,0,0,0,0,0,False,False,False,False,False,False,True,False,False,4,SUV,of_Origin_Japan,Mazda,CX-5,2021.0,26001.902,26001.902
8287,87073.0,5.0,0,0,0,0,0,0,False,False,False,False,False,False,True,False,False,6,Minivan,of_Origin_USA,Chrysler,Pacifica,2022.0,32220.21,32220.21
33623,210000.0,9.0,0,0,0,0,0,0,False,False,False,False,False,False,True,False,False,4,Sedan,of_Origin_Japan,Honda,Accord,2018.0,13220.587,13220.587
25157,29129.0,4.0,0,0,0,0,1,0,False,False,False,False,False,False,True,False,False,4,SUV,of_Origin_Japan,Honda,CR-V,2023.0,35589.125,35589.125
34584,18790.0,3.0,0,0,0,0,0,0,False,False,False,False,False,False,True,False,False,4,SUV,of_Origin_Japan,Nissan,Rogue,2024.0,24759.332,24759.332
22704,193370.0,12.0,0,0,0,0,1,0,False,False,False,False,False,False,True,False,False,6,Minivan,of_Origin_Japan,Toyota,Sienna,2015.0,16336.206,16336.206
11210,9926.0,1.0,0,0,0,0,0,0,False,False,False,False,False,False,True,False,False,4,SUV,of_Origin_Japan,Honda,HR-V,2026.0,40190.94,40190.94
26058,83506.0,3.0,0,0,0,0,0,0,False,False,False,False,False,False,False,False,False,4,SUV,of_Origin_South Korea,Kia,Seltos,2024.0,27297.633,27297.633
21922,31093.0,3.0,0,0,0,0,0,0,False,False,False,False,False,False,True,False,False,4,SUV,of_Origin_Japan,Subaru,Crosstrek,2024.0,32760.943,32760.943
5474,122400.0,9.0,0,0,0,0,0,0,False,False,False,False,False,True,False,False,False,baseline_value_here,baseline_value_here,baseline_value_here,BMW,3,2018.0,20142.094,20142.094
12031,119000.0,4.0,0,0,0,0,0,0,False,False,False,False,False,False,False,False,False,4,SUV,of_Origin_South Korea,Hyundai,Santa,2023.0,23207.428,23207.428
9453,20500.0,2.0,0,0,0,0,0,0,False,False,False,False,False,False,True,False,False,6,Pickup Truck,of_Origin_USA,Ford,F-150,2025.0,66754.55,66754.55
17925,71854.0,9.0,0,0,0,0,0,0,False,False,False,False,True,False,True,False,False,4,Sedan,of_Origin_Japan,Mazda,Mazda6,2018.0,18776.562,18776.562
271,112534.0,9.0,0,0,0,0,0,0,False,False,False,False,False,True,False,False,False,6,SUV,of_Origin_Japan,baseline_value_here,RDX,2018.0,24885.33,24885.33
14165,147805.0,4.0,0,0,0,0,0,0,False,False,False,False,True,False,False,False,False,6,SUV,of_Origin_South Korea,Kia,Telluride,2023.0,31819.871,31819.871
12881,53200.0,5.0,0,0,0,0,0,0,False,False,False,False,False,True,False,False,False,4,SUV,of_Origin_Japan,Infiniti,QX55,2022.0,29141.89,29141.89
12044,72693.0,4.0,0,0,0,0,0,0,False,False,False,False,False,False,False,False,False,4,SUV,of_Origin_South Korea,Hyundai,Santa,2023.0,24679.035,24679.035
10194,31454.0,3.0,0,0,0,0,0,0,False,False,False,False,False,False,False,True,False,6,Van,of_Origin_USA,GMC,Savana,2024.0,42332.22,42332.22
8046,49859.0,5.0,0,0,0,0,0,0,False,False,False,False,False,False,False,False,False,4,SUV,of_Origin_USA,Chevrolet,Blazer,2022.0,21909.512,21909.512
11356,99183.0,7.0,0,0,0,0,0,0,False,False,False,False,False,False,True,False,False,4,SUV,of_Origin_Japan,Honda,CR-V,2020.0,24700.215,24700.215
9237,4424.0,1.0,0,0,0,0,0,0,False,False,False,False,False,False,True,False,False,4,SUV,of_Origin_USA,Ford,Explorer,2026.0,49917.773,49917.773
25738,74557.0,5.0,0,0,0,0,0,1,False,False,False,False,False,False,True,False,False,4,SUV,of_Origin_Japan,Toyota,RAV,2022.0,37028.902,37028.902
36984,79600.0,3.0,0,0,0,0,0,0,False,False,False,False,False,False,True,False,False,6,SUV,of_Origin_USA,Dodge,Durango,2024.0,45671.83,45671.83
37308,15556.0,3.0,0,0,0,0,0,0,False,False,False,False,False,False,True,False,False,4,SUV,baseline_value_here,Volkswagen,Taos,2024.0,33920.863,33920.863
20159,234131.0,7.0,0,0,0,0,1,0,False,False,False,False,False,False,True,False,False,4,Sedan,of_Origin_Japan,Nissan,Sentra,2020.0,8231.975,8231.975
1566,5290.0,2.0,0,0,0,0,0,0,False,False,False,False,False,True,False,False,False,4,Hatchback,of_Origin_Japan,baseline_value_here,Integra,2025.0,43669.12,43669.12
26795,21288.0,6.0,0,0,0,0,0,0,False,False,False,False,False,False,True,False,False,4,SUV,of_Origin_USA,Jeep,Cherokee,2021.0,28381.217,28381.217
13006,206000.0,12.0,0,0,0,0,0,0,False,False,False,False,False,True,False,False,False,6,SUV,of_Origin_Japan,Infiniti,QX60,2015.0,7684.3135,7684.3135
36316,133370.0,12.0,0,0,0,0,0,0,False,False,False,False,False,False,True,False,False,4,Sedan,of_Origin_Japan,Nissan,Altima,2015.0,8176.1274,8176.1274
12064,58665.0,4.0,0,0,0,0,0,0,False,False,False,False,False,False,False,False,False,4,SUV,of_Origin_South Korea,Hyundai,Kona,2023.0,26621.434,26621.434
11902,179259.0,11.0,0,0,0,0,1,0,False,False,False,False,False,False,False,False,False,4,Sedan,of_Origin_South Korea,Hyundai,Elantra,2016.0,8504.188,8504.188
2816,35238.0,4.0,0,0,1,0,0,0,True,True,False,False,False,False,True,False,False,4,Sedan,of_Origin_Japan,Subaru,WRX,2023.0,33198.492,33198.492
8086,124460.0,5.0,0,0,0,0,0,0,False,False,False,False,False,False,False,False,False,6,Van,of_Origin_USA,Chevrolet,Express,2022.0,29010.879,29010.879
1417,59623.0,8.0,0,0,0,0,0,0,False,False,False,False,False,False,True,False,False,6,SUV,of_Origin_USA,Jeep,Grand,2019.0,42149.938,42149.938
26027,20516.0,4.0,0,0,0,0,0,0,False,False,False,False,False,True,False,False,False,4,SUV,of_Origin_Japan,Lexus,NX,2023.0,47623.465,47623.465
10262,150000.0,4.0,0,0,0,0,0,0,False,False,False,False,False,False,False,True,False,6,Van,of_Origin_USA,GMC,Savana,2023.0,29318.553,29318.553
35291,130000.0,13.0,0,0,0,0,0,0,False,False,False,False,False,False,True,False,False,4,SUV,of_Origin_USA,Ford,Escape,2014.0,7380.028,7380.028
20230,50638.0,7.0,0,1,0,0,0,0,False,False,False,False,False,False,True,False,False,4,SUV,of_Origin_Japan,Nissan,Kicks,2020.0,20609.398,20609.398
26631,76136.0,5.0,1,0,1,1,0,0,False,False,False,False,False,False,True,False,False,4,SUV,of_Origin_Japan,Toyota,RAV,2022.0,32945.22,32945.22
37697,43281.0,2.0,0,0,0,0,0,0,False,False,False,False,False,False,True,False,False,4,SUV,of_Origin_Japan,Mazda,CX-5,2025.0,34683.246,34683.246
25135,14121.0,2.0,0,0,0,0,0,0,False,False,True,False,False,False,True,False,False,6,SUV,of_Origin_Japan,Nissan,Pathfinder,2025.0,66465.13,66465.13
10777,122853.0,6.0,0,0,0,0,0,0,False,True,False,False,False,True,False,False,False,6,SUV,of_Origin_South Korea,Genesis,GV80,2021.0,30493.592,30493.592
13907,71175.0,4.0,0,0,0,0,0,0,False,False,False,False,False,False,False,False,False,4,SUV,of_Origin_South Korea,Kia,Sorento,2023.0,27312.434,27312.434
35349,110796.0,5.0,0,0,0,0,0,1,False,False,False,False,False,True,False,False,False,4,SUV,of_Origin_Japan,Lexus,NX,2022.0,34451.652,34451.652
25933,62371.0,4.0,0,0,0,0,0,0,False,False,False,False,False,False,True,False,False,4,SUV,of_Origin_Japan,Mazda,CX-30,2023.0,31079.832,31079.832
27097,79775.0,5.0,0,0,0,0,0,0,False,False,False,False,False,False,True,False,False,6,SUV,of_Origin_Japan,Toyota,Highlander,2022.0,42645.816,42645.816
18464,14120.0,2.0,0,0,0,0,1,0,False,True,False,False,False,True,False,False,False,6,SUV,baseline_value_here,Mercedes-Benz,GLE,2025.0,65835.45,65835.45
6526,646.0,1.0,0,0,0,0,0,0,False,False,False,False,False,False,False,True,False,4,SUV,of_Origin_USA,Buick,Encore,2026.0,48389.58,48389.58
38264,90621.0,5.0,0,0,0,0,0,0,False,False,False,False,False,False,True,False,False,4,SUV,of_Origin_Japan,Honda,CR-V,2022.0,28097.5,28097.5
33746,219470.0,10.0,0,0,0,0,1,0,False,False,False,False,False,False,True,False,False,4,SUV,of_Origin_Japan,Honda,CR-V,2017.0,14515.872,14515.872
9239,33924.0,3.0,0,1,0,0,0,0,False,False,False,False,False,False,True,False,False,4,SUV,of_Origin_USA,Ford,Escape,2024.0,30350.54,30350.54
17319,152116.0,13.0,0,0,0,0,0,0,False,False,False,False,False,False,False,False,True,4,baseline_value_here,of_Origin_UK,MINI,Convertible,2014.0,10186.732,10186.732
31512,16082.0,2.0,0,0,0,0,0,0,False,False,False,False,False,False,True,False,False,6,SUV,of_Origin_USA,Jeep,Grand,2025.0,63404.324,63404.324
22947,84774.0,5.0,0,0,0,0,0,0,False,False,False,False,False,False,True,False,False,4,Sedan,of_Origin_Japan,Toyota,Corolla,2022.0,22431.758,22431.758
36728,55960.0,2.0,0,0,0,0,0,0,False,False,False,False,False,False,True,False,False,4,Sedan,of_Origin_Japan,Toyota,Corolla,2025.0,26253.525,26253.525
29060,55773.0,5.0,0,0,0,0,0,0,False,False,False,False,False,True,False,False,False,4,SUV,baseline_value_here,BMW,X1,2022.0,34725.223,34725.223
36958,214350.0,11.0,0,0,0,0,0,0,False,False,True,False,False,False,True,False,False,6,SUV,of_Origin_Japan,Honda,Pilot,2016.0,13856.338,13856.338
32931,183004.0,11.0,0,0,0,0,0,0,False,False,False,False,False,False,True,False,False,4,SUV,of_Origin_Japan,Mazda,CX-5,2016.0,12867.19,12867.19
13479,102622.0,7.0,0,0,0,0,0,0,False,False,False,False,False,False,True,False,False,6,SUV,of_Origin_USA,Jeep,Wrangler,2020.0,27666.232,27666.232
35249,143620.0,9.0,0,0,0,0,0,0,False,False,False,False,False,False,True,False,False,6,SUV,of_Origin_USA,Jeep,Wrangler,2018.0,21391.367,21391.367
34927,44051.0,5.0,0,0,0,0,0,0,False,False,False,False,False,True,False,False,False,baseline_value_here,baseline_value_here,baseline_value_here,BMW,3,2022.0,43286.375,43286.375
3050,59780.0,4.0,0,0,0,0,0,0,False,True,False,False,False,True,False,False,False,6,SUV,baseline_value_here,BMW,X5,2023.0,69635.11,69635.11
28143,265000.0,11.0,0,0,0,0,0,0,False,False,False,True,False,True,False,False,False,8,SUV,of_Origin_USA,Cadillac,Escalade,2016.0,18155.652,18155.652
37141,154487.0,17.0,0,0,0,0,0,0,False,False,False,False,False,False,True,False,False,6,baseline_value_here,of_Origin_USA,Ford,Mustang,2010.0,12216.108,12216.108
24688,15744.0,2.0,0,0,0,0,0,0,False,False,False,False,False,True,False,False,False,4,SUV,of_Origin_Sweden,Volvo,XC40,2025.0,48677.19,48677.19
10160,21779.0,4.0,0,0,0,0,0,0,False,False,False,False,False,False,False,True,False,8,Pickup Truck,of_Origin_USA,GMC,Sierra,2023.0,66245.66,66245.66
15508,131529.0,9.0,0,0,0,0,0,0,False,False,False,False,False,True,False,False,False,4,Sedan,of_Origin_Japan,Lexus,IS,2018.0,26136.89,26136.89
31108,31179.0,2.0,0,0,0,0,0,1,False,False,False,False,False,False,False,False,False,4,SUV,of_Origin_South Korea,Hyundai,Tucson,2025.0,37896.94,37896.94
34100,48000.0,3.0,0,0,0,0,0,0,False,False,False,False,False,True,False,False,False,baseline_value_here,baseline_value_here,baseline_value_here,BMW,3,2024.0,55436.492,55436.492
7213,79129.0,4.0,0,0,0,0,0,0,False,False,False,False,True,True,False,False,False,6,SUV,of_Origin_USA,Cadillac,XT6,2023.0,40613.51,40613.51
2994,135221.0,11.0,0,0,0,0,1,0,False,False,False,False,False,False,True,False,False,4,SUV,of_Origin_Japan,Honda,HR-V,2016.0,16107.439,16107.439
9290,162813.0,6.0,0,0,0,0,0,0,False,False,False,False,False,False,True,False,False,4,SUV,of_Origin_USA,Ford,Explorer,2021.0,19641.893,19641.893
8432,117712.0,7.0,0,1,0,0,0,0,False,False,False,False,False,False,True,False,False,6,Minivan,of_Origin_USA,Chrysler,Pacifica,2020.0,26670.598,26670.598
33640,142719.0,12.0,0,0,0,0,0,0,False,False,False,False,False,False,True,False,False,4,Hatchback,baseline_value_here,Volkswagen,Golf,2015.0,10580.876,10580.876
14088,47198.0,4.0,0,0,0,0,0,0,False,False,False,False,False,False,False,False,False,4,SUV,of_Origin_South Korea,Kia,Seltos,2023.0,28083.146,28083.146
31820,288050.0,17.0,0,0,0,0,0,1,False,False,False,False,False,False,True,False,False,4,Hatchback,of_Origin_Japan,Toyota,Prius,2010.0,5329.852,5329.852
13598,101536.0,15.0,0,0,0,0,0,0,False,False,False,False,False,False,True,False,False,6,SUV,of_Origin_USA,Jeep,Grand,2012.0,16180.656,16180.656
27371,65787.0,4.0,0,0,0,0,0,0,False,False,False,False,False,False,True,False,False,4,SUV,of_Origin_Japan,Mazda,CX-50,2023.0,32421.527,32421.527
8528,94550.0,4.0,0,0,0,0,0,0,False,False,False,False,False,False,True,False,False,6,Minivan,of_Origin_USA,Chrysler,Pacifica,2023.0,30075.258,30075.258
31565,145477.0,12.0,0,0,0,0,0,1,False,False,False,False,False,False,True,False,False,4,Sedan,of_Origin_Japan,Toyota,Camry,2015.0,14269.033,14269.033
2538,157696.0,10.0,0,0,0,0,0,0,False,False,False,False,False,False,True,False,False,4,SUV,of_Origin_Japan,Mazda,CX-5,2017.0,15802.855,15802.855
29307,113395.0,5.0,0,0,0,0,0,0,False,False,False,False,False,False,True,False,False,4,SUV,baseline_value_here,Volkswagen,Tiguan,2022.0,22848.248,22848.248
20444,135438.0,11.0,0,0,0,0,0,0,False,False,False,False,False,False,True,False,False,4,SUV,of_Origin_Japan,Nissan,Rogue,2016.0,11214.997,11214.997
8576,1200.0,1.0,0,0,0,0,0,0,False,False,False,False,False,False,True,False,False,6,Minivan,of_Origin_USA,Chrysler,Pacifica,2026.0,53383.82,53383.82
1857,31126.0,3.0,0,0,0,0,0,0,False,False,False,False,False,False,True,False,False,4,Hatchback,baseline_value_here,Volkswagen,Golf,2024.0,35948.402,35948.402
37350,59400.0,5.0,0,0,0,0,0,0,False,False,False,False,False,False,True,False,False,baseline_value_here,baseline_value_here,of_Origin_USA,RAM,1500,2022.0,44565.44,44565.44
17504,82039.0,14.0,0,0,0,0,0,0,False,False,False,False,True,False,False,False,True,4,Hatchback,of_Origin_UK,MINI,Coupe,2013.0,9904.371,9904.371
17864,100829.0,11.0,0,0,0,0,0,0,False,False,False,False,False,False,True,False,False,4,SUV,of_Origin_Japan,Mazda,CX-5,2016.0,16354.651,16354.651
37546,175910.0,12.0,0,0,0,0,0,0,True,False,False,False,False,False,True,False,False,4,Hatchback,baseline_value_here,Volkswagen,Golf,2015.0,10794.388,10794.388
12202,72100.0,10.0,0,0,0,0,0,0,False,False,False,False,False,False,False,False,False,4,SUV,of_Origin_South Korea,Hyundai,Tucson,2017.0,16368.557,16368.557
22955,137000.0,5.0,0,0,0,0,0,0,False,False,False,False,False,False,True,False,False,6,SUV,of_Origin_Japan,Toyota,Highlander,2022.0,42214.16,42214.16
1617,33929.0,4.0,0,0,1,0,0,0,False,False,False,False,False,False,True,False,False,4,SUV,of_Origin_Japan,Mazda,CX-30,2023.0,32588.467,32588.467
22004,87223.0,4.0,0,0,0,0,0,0,False,False,False,False,False,False,True,False,False,4,SUV,of_Origin_Japan,Subaru,Crosstrek,2023.0,28666.074,28666.074
38103,86779.0,3.0,0,0,0,0,0,1,False,False,False,False,False,True,False,False,False,4,SUV,of_Origin_Japan,Lexus,UX,2024.0,47815.31,47815.31
19559,60645.0,3.0,0,0,0,0,0,0,False,True,False,False,False,False,False,False,False,4,SUV,of_Origin_Japan,Mitsubishi,Outlander,2024.0,31959.697,31959.697
35354,78742.0,3.0,0,0,0,0,0,0,False,False,False,False,False,False,False,False,False,8,Pickup Truck,of_Origin_USA,Chevrolet,Silverado,2024.0,45126.29,45126.29
27946,160271.0,13.0,0,0,0,0,0,0,False,False,False,False,False,True,False,False,False,6,SUV,baseline_value_here,Audi,SQ5,2014.0,11957.358,11957.358
34136,80601.0,8.0,1,0,0,0,0,0,False,False,False,False,False,False,True,False,False,4,Sedan,of_Origin_Japan,Subaru,Impreza,2019.0,18388.63,18388.63
34973,231000.0,21.0,0,0,0,0,0,0,False,False,False,False,False,True,False,False,False,baseline_value_here,baseline_value_here,baseline_value_here,BMW,3,2006.0,4654.969,4654.969
3296,13796.0,1.0,0,0,0,0,0,1,False,False,False,False,False,False,True,False,False,4,SUV,of_Origin_Japan,Honda,CR-V,2026.0,48699.746,48699.746
11028,241405.0,9.0,0,0,0,0,1,0,False,False,False,False,False,False,True,False,False,4,Sedan,of_Origin_Japan,Honda,Civic,2018.0,12011.586,12011.586
28962,35000.0,4.0,0,0,0,0,0,0,False,False,False,False,False,False,False,False,False,4,SUV,of_Origin_South Korea,Hyundai,Venue,2023.0,28896.248,28896.248
26104,189696.0,9.0,0,0,0,0,1,0,False,True,False,False,False,False,True,False,False,4,SUV,of_Origin_Japan,Subaru,Outback,2018.0,14089.806,14089.806
11162,43134.0,3.0,1,0,0,0,0,0,False,False,False,False,False,False,True,False,False,4,Sedan,of_Origin_Japan,Honda,Civic,2024.0,30226.756,30226.756
23654,71308.0,3.0,0,0,0,0,0,0,False,False,False,False,False,False,True,False,False,4,SUV,baseline_value_here,Volkswagen,Tiguan,2024.0,27394.047,27394.047
19555,92598.0,10.0,0,0,0,0,0,0,False,False,False,False,True,False,False,False,False,3,Hatchback,of_Origin_Japan,Mitsubishi,Mirage,2017.0,13155.285,13155.285
5610,118236.0,9.0,0,0,0,1,0,0,False,False,False,False,False,True,False,False,False,4,SUV,baseline_value_here,BMW,X2,2018.0,18508.701,18508.701
9004,118647.0,15.0,0,0,0,0,0,0,False,False,False,False,True,False,True,False,False,4,SUV,of_Origin_USA,Dodge,Journey,2012.0,4638.249,4638.249
19582,7684.0,4.0,0,0,0,0,0,0,False,False,False,False,True,False,False,False,False,3,Hatchback,of_Origin_Japan,Mitsubishi,Mirage,2023.0,20314.385,20314.385
17876,184020.0,9.0,0,0,0,0,1,0,False,False,False,False,False,False,True,False,False,4,Sedan,of_Origin_Japan,Mazda,Mazda3,2018.0,12378.058,12378.058
11897,139186.0,12.0,0,0,0,0,0,0,False,False,False,False,False,False,False,False,False,4,Sedan,of_Origin_South Korea,Hyundai,Elantra,2015.0,8603.914,8603.914
7251,14708.0,3.0,0,0,0,0,0,0,False,False,False,False,False,True,False,False,False,4,SUV,of_Origin_USA,Cadillac,XT4,2024.0,52646.42,52646.42
1296,12163.0,3.0,0,0,0,0,0,0,False,False,True,False,False,False,True,False,False,6,SUV,of_Origin_USA,Ford,Expedition,2024.0,92304.766,92304.766
26633,51862.0,3.0,0,0,0,0,0,0,False,False,False,False,False,False,False,False,False,4,SUV,of_Origin_South Korea,Hyundai,Santa,2024.0,27748.695,27748.695
346,43636.0,3.0,0,0,0,0,0,0,False,False,False,False,False,False,True,False,False,4,Sedan,of_Origin_Japan,Nissan,Sentra,2024.0,23333.938,23333.938
28356,103615.0,3.0,0,0,1,0,0,0,False,False,False,False,False,False,True,False,False,4,SUV,of_Origin_Japan,Honda,CR-V,2024.0,30792.352,30792.352
21899,7594.0,3.0,0,0,0,0,0,0,False,False,False,False,False,False,True,False,False,4,SUV,of_Origin_Japan,Subaru,Crosstrek,2024.0,35849.62,35849.62
538,139000.0,10.0,0,0,0,0,0,0,False,False,False,False,False,False,True,False,False,4,SUV,of_Origin_Japan,Mazda,CX-5,2017.0,16318.877,16318.877
33925,180900.0,13.0,0,0,0,0,0,0,True,False,False,False,False,False,True,False,False,6,SUV,of_Origin_USA,Jeep,Wrangler,2014.0,13856.966,13856.966
17946,19278.0,2.0,0,0,0,0,0,0,False,False,False,False,False,False,True,False,False,4,SUV,of_Origin_Japan,Mazda,CX-50,2025.0,37128.008,37128.008
26242,32744.0,5.0,0,0,0,0,0,0,False,False,False,False,False,True,False,False,False,4,SUV,baseline_value_here,Audi,Q5,2022.0,32393.484,32393.484
8469,115272.0,4.0,0,0,0,0,0,0,False,False,False,False,False,False,True,False,False,6,Minivan,of_Origin_USA,Chrysler,Pacifica,2023.0,30178.516,30178.516
21917,41683.0,3.0,0,0,1,0,0,0,False,False,False,False,False,False,True,False,False,4,SUV,of_Origin_Japan,Subaru,Forester,2024.0,32251.512,32251.512
2180,66468.0,9.0,0,0,0,0,0,0,False,False,False,False,False,True,False,False,False,6,Coupe,baseline_value_here,Audi,A5,2018.0,23944.52,23944.52
19521,132213.0,7.0,0,0,0,0,0,0,False,False,False,False,False,False,False,False,False,4,SUV,of_Origin_Japan,Mitsubishi,RVR,2020.0,15713.072,15713.072
16121,6761.0,2.0,0,0,0,0,0,0,False,False,False,False,False,True,False,False,False,4,SUV,of_Origin_USA,Lincoln,Corsair,2025.0,62959.477,62959.477
4117,178640.0,12.0,0,0,0,0,0,0,False,False,False,False,False,True,False,False,False,6,SUV,of_Origin_Japan,baseline_value_here,RDX,2015.0,14703.178,14703.178
2768,173288.0,8.0,0,0,0,0,0,0,False,False,True,False,False,False,True,False,False,6,SUV,of_Origin_Japan,Nissan,Pathfinder,2019.0,15065.685,15065.685
14012,170898.0,8.0,0,0,0,0,0,0,False,False,False,False,False,False,False,False,False,4,SUV,of_Origin_South Korea,Kia,Sorento,2019.0,14071.122,14071.122
38181,288000.0,17.0,0,0,0,0,0,0,False,False,False,False,False,False,True,False,False,4,Sedan,of_Origin_Japan,Honda,Civic,2010.0,3849.4258,3849.4258
7171,204978.0,11.0,0,0,0,0,0,0,False,False,False,True,False,True,False,False,False,8,SUV,of_Origin_USA,Cadillac,Escalade,2016.0,21675.281,21675.281
32694,76239.0,5.0,0,0,0,0,0,0,False,False,False,False,False,False,True,False,False,4,Sedan,of_Origin_Japan,Honda,Civic,2022.0,24161.906,24161.906
9577,31948.0,6.0,0,0,0,0,0,0,False,False,False,False,False,False,True,False,False,4,SUV,of_Origin_USA,Ford,Escape,2021.0,24490.025,24490.025
35677,27193.0,4.0,0,0,0,0,0,0,False,False,False,False,True,True,False,False,False,4,Sedan,baseline_value_here,Audi,A4,2023.0,33971.164,33971.164
8399,26035.0,3.0,0,0,0,0,0,0,False,False,False,False,False,False,True,False,False,6,Minivan,of_Origin_USA,Chrysler,Pacifica,2024.0,43348.59,43348.59
13628,1038.0,2.0,0,0,0,0,0,0,False,False,False,False,False,False,True,False,False,6,SUV,of_Origin_USA,Jeep,Wrangler,2025.0,59007.18,59007.18
10274,151385.0,9.0,0,0,0,0,0,0,False,False,False,False,False,False,False,True,False,8,Pickup Truck,of_Origin_USA,GMC,Sierra,2018.0,26483.139,26483.139
27774,49200.0,5.0,0,0,0,0,0,0,False,False,False,False,False,True,False,False,False,4,SUV,of_Origin_Japan,Lexus,RX,2022.0,45216.863,45216.863
1202,49981.0,4.0,1,0,0,0,0,0,False,False,False,False,False,False,True,False,False,4,SUV,baseline_value_here,Volkswagen,Taos,2023.0,27777.082,27777.082
6610,204048.0,11.0,0,1,0,0,0,0,False,False,False,False,False,False,False,True,False,4,SUV,of_Origin_USA,Buick,Encore,2016.0,9473.311,9473.311
2722,138757.0,11.0,0,0,0,0,0,0,False,False,False,False,False,False,True,False,False,6,SUV,of_Origin_Japan,Toyota,4-Runner,2016.0,26800.646,26800.646
1388,124052.0,6.0,0,0,0,0,0,0,False,False,False,False,False,False,True,False,False,4,SUV,of_Origin_Japan,Toyota,RAV,2021.0,26758.69,26758.69
17953,128942.0,3.0,0,0,0,0,0,1,False,True,False,False,False,False,True,False,False,6,SUV,of_Origin_Japan,Mazda,CX-90,2024.0,35241.605,35241.605
33634,38780.0,4.0,0,0,0,0,0,0,False,False,False,False,False,True,False,False,False,4,SUV,baseline_value_here,Audi,Q3,2023.0,36394.16,36394.16
10150,97916.0,7.0,0,0,0,0,0,0,False,False,False,False,False,False,False,True,False,8,Pickup Truck,of_Origin_USA,GMC,Sierra,2020.0,43706.414,43706.414
9053,982.0,3.0,0,0,0,0,0,0,False,False,False,False,True,False,True,False,False,4,SUV,of_Origin_USA,Dodge,Hornet,2024.0,41726.305,41726.305
20281,222573.0,9.0,0,0,0,0,0,0,False,False,False,False,False,False,True,False,False,4,SUV,of_Origin_Japan,Nissan,Rogue,2018.0,9380.368,9380.368
9250,13187.0,2.0,0,0,0,0,0,1,False,False,False,False,False,False,True,False,False,4,SUV,of_Origin_USA,Ford,Escape,2025.0,32705.145,32705.145
15635,120301.0,9.0,0,0,0,0,0,1,False,False,False,False,False,True,False,False,False,4,SUV,of_Origin_Japan,Lexus,NX,2018.0,32418.723,32418.723
8673,30292.0,3.0,0,0,0,0,0,0,False,False,False,False,False,False,True,False,False,6,Minivan,of_Origin_USA,Chrysler,Pacifica,2024.0,43671.742,43671.742
8789,186486.0,11.0,0,0,0,0,0,0,False,False,False,False,True,False,True,False,False,6,Minivan,of_Origin_USA,Dodge,Grand,2016.0,8304.88,8304.88
20270,41091.0,4.0,0,0,0,0,0,0,False,False,False,False,False,False,True,False,False,4,SUV,of_Origin_Japan,Nissan,Rogue,2023.0,25114.115,25114.115
37465,86784.0,9.0,0,0,0,0,0,0,False,False,False,False,False,False,False,True,False,4,SUV,of_Origin_USA,Buick,Encore,2018.0,17852.64,17852.64
8459,99421.0,4.0,0,0,0,0,0,0,False,False,False,False,False,False,True,False,False,6,Minivan,of_Origin_USA,Chrysler,Pacifica,2023.0,30776.768,30776.768
7821,165628.0,18.0,1,0,0,0,0,1,False,False,False,False,True,False,False,False,False,4,Sedan,of_Origin_USA,Chevrolet,Malibu,2009.0,4468.892,4468.892
4590,10099.0,3.0,0,0,0,0,0,0,False,False,False,False,False,True,False,False,False,6,Hatchback,baseline_value_here,Audi,S5,2024.0,49168.113,49168.113
16128,63850.0,4.0,1,0,1,0,0,0,False,False,False,False,False,True,False,False,False,6,SUV,of_Origin_USA,Lincoln,Aviator,2023.0,50393.066,50393.066
22768,80000.0,6.0,0,0,0,0,0,0,False,False,False,False,False,False,True,False,False,4,SUV,of_Origin_Japan,Toyota,C-HR,2021.0,28703.326,28703.326
37562,168268.0,8.0,0,0,0,0,1,0,False,False,False,False,False,False,True,False,False,6,SUV,of_Origin_USA,Jeep,Wrangler,2019.0,21588.389,21588.389
121,21338.0,2.0,0,0,0,0,1,0,False,False,False,False,False,False,True,False,False,4,SUV,of_Origin_Japan,Honda,CR-V,2025.0,34762.438,34762.438
8944,8828.0,4.0,0,0,0,0,0,0,False,False,False,False,True,False,True,False,False,4,SUV,of_Origin_USA,Dodge,Hornet,2023.0,30434.744,30434.744
25154,138659.0,8.0,0,0,0,0,0,0,False,False,False,False,False,True,False,False,False,4,SUV,of_Origin_Sweden,Volvo,XC60,2019.0,24820.549,24820.549
17718,74473.0,5.0,0,0,0,0,0,0,False,False,False,False,True,False,True,False,False,4,SUV,of_Origin_Japan,Mazda,CX-9,2022.0,29323.982,29323.982
20963,78224.0,6.0,0,0,0,0,0,0,False,False,False,False,False,False,True,False,False,baseline_value_here,baseline_value_here,of_Origin_USA,RAM,1500,2021.0,30145.66,30145.66
22718,134000.0,8.0,0,0,0,0,0,0,False,False,False,False,False,False,True,False,False,4,SUV,of_Origin_Japan,Toyota,C-HR,2019.0,22837.424,22837.424
9572,9169.0,2.0,0,0,0,0,0,1,False,False,False,False,False,False,True,False,False,4,SUV,of_Origin_USA,Ford,Escape,2025.0,34811.78,34811.78
7016,29082.0,3.0,0,0,0,0,0,0,False,False,False,False,False,True,False,False,False,4,SUV,of_Origin_USA,Cadillac,XT5,2024.0,48563.113,48563.113
9432,148465.0,9.0,0,0,0,0,0,0,False,False,False,False,False,False,True,False,False,4,SUV,of_Origin_USA,Ford,Escape,2018.0,12549.726,12549.726
17248,65619.0,8.0,1,0,0,0,0,0,False,False,False,False,False,False,False,False,True,4,baseline_value_here,of_Origin_UK,MINI,Convertible,2019.0,20857.477,20857.477
10058,298932.0,10.0,0,0,0,0,1,0,False,False,False,False,False,False,False,True,False,6,Van,of_Origin_USA,GMC,Savana,2017.0,7245.9233,7245.9233
31439,71630.0,4.0,0,0,0,0,0,0,False,False,False,False,True,False,False,False,False,4,Sedan,of_Origin_South Korea,Kia,Forte,2023.0,22036.885,22036.885
11808,33330.0,4.0,0,0,0,0,0,0,False,False,False,False,False,False,False,False,False,4,SUV,of_Origin_South Korea,Hyundai,Kona,2023.0,29609.059,29609.059
16111,20902.0,3.0,0,0,1,0,0,0,False,False,False,False,False,True,False,False,False,4,SUV,of_Origin_USA,Lincoln,Corsair,2024.0,44581.402,44581.402
32096,89234.0,7.0,0,0,0,0,0,0,False,False,False,False,True,False,True,False,False,4,SUV,of_Origin_USA,Ford,Edge,2020.0,21540.271,21540.271
11844,47763.0,7.0,0,0,0,0,0,0,False,False,False,False,False,False,False,False,False,4,SUV,of_Origin_South Korea,Hyundai,Venue,2020.0,20279.883,20279.883
30446,106317.0,5.0,0,0,0,0,1,0,False,False,False,False,False,False,True,False,False,4,SUV,baseline_value_here,Volkswagen,Tiguan,2022.0,22399.816,22399.816
5617,80665.0,6.0,1,0,0,0,0,0,False,False,False,False,False,True,False,False,False,baseline_value_here,baseline_value_here,baseline_value_here,BMW,3,2021.0,28940.975,28940.975
25429,95000.0,9.0,0,0,0,0,0,0,False,True,False,False,False,True,False,False,False,6,SUV,baseline_value_here,BMW,X5,2018.0,28650.525,28650.525
7277,79166.0,6.0,1,0,0,0,0,0,False,False,False,True,False,True,False,False,False,8,SUV,of_Origin_USA,Cadillac,Escalade,2021.0,71966.21,71966.21
36161,180000.0,16.0,0,0,0,0,0,0,False,False,False,False,False,False,False,False,False,4,Sedan,of_Origin_South Korea,Hyundai,Elantra,2011.0,4735.8955,4735.8955
33103,75194.0,5.0,0,0,0,0,0,0,False,False,False,False,False,False,True,False,False,6,SUV,of_Origin_USA,Dodge,Durango,2022.0,39551.406,39551.406
28519,179560.0,15.0,0,0,0,0,0,0,False,True,False,False,False,False,True,False,False,6,Minivan,of_Origin_Japan,Honda,Odyssey,2012.0,9811.58,9811.58
20120,11876.0,2.0,0,0,0,0,0,0,False,True,False,False,False,False,True,False,False,6,SUV,of_Origin_Japan,Nissan,Murano,2025.0,49304.69,49304.69
22013,45073.0,4.0,0,0,0,0,0,0,True,True,False,False,False,False,True,False,False,4,Sedan,of_Origin_Japan,Subaru,WRX,2023.0,33300.336,33300.336
26753,499.0,1.0,0,0,0,0,0,0,False,False,False,False,False,False,True,False,False,4,SUV,of_Origin_USA,Ford,Bronco,2026.0,60521.71,60521.71
14040,81846.0,4.0,0,0,0,0,0,0,False,False,False,False,False,False,False,False,False,4,SUV,of_Origin_South Korea,Kia,Sportage,2023.0,27043.752,27043.752
9238,139633.0,10.0,0,0,0,0,1,0,False,False,False,False,False,False,True,False,False,4,SUV,of_Origin_USA,Ford,Escape,2017.0,11178.942,11178.942
12896,33413.0,4.0,1,0,1,0,0,0,False,False,False,False,False,True,False,False,False,4,SUV,of_Origin_Japan,Infiniti,QX50,2023.0,31252.805,31252.805
18649,60147.0,5.0,0,0,0,0,0,0,False,False,False,False,False,True,False,False,False,4,SUV,baseline_value_here,Mercedes-Benz,GLC,2022.0,52044.008,52044.008
2250,116079.0,14.0,0,0,0,0,0,0,False,False,False,False,False,True,False,False,False,baseline_value_here,baseline_value_here,baseline_value_here,BMW,3,2013.0,12368.668,12368.668
20499,37479.0,3.0,0,0,0,0,0,0,False,False,False,False,False,False,True,False,False,4,SUV,of_Origin_Japan,Nissan,Rogue,2024.0,25820.502,25820.502
34410,28307.0,4.0,0,0,0,0,0,0,False,True,False,False,False,False,False,False,False,6,SUV,of_Origin_South Korea,Hyundai,Palisade,2023.0,41285.1,41285.1
1048,70854.0,4.0,0,0,0,0,0,0,False,False,False,False,False,True,False,False,False,6,Hatchback,baseline_value_here,Audi,A5,2023.0,42296.332,42296.332
11835,69000.0,3.0,0,0,0,0,0,0,False,False,False,False,False,False,False,False,False,4,SUV,of_Origin_South Korea,Hyundai,Kona,2024.0,26231.654,26231.654
11212,110798.0,6.0,1,0,0,0,0,0,False,False,False,False,False,False,True,False,False,4,SUV,of_Origin_Japan,Honda,CR-V,2021.0,25382.127,25382.127
7828,100000.0,18.0,0,0,0,0,1,0,True,False,True,False,False,False,False,False,False,8,Coupe,of_Origin_USA,Chevrolet,Corvette,2009.0,41869.12,41869.12
28273,59908.0,7.0,0,0,0,0,0,0,False,False,False,False,False,True,False,False,False,baseline_value_here,baseline_value_here,baseline_value_here,BMW,3,2020.0,35831.188,35831.188
19545,78700.0,4.0,0,0,0,0,0,1,False,True,False,False,False,False,False,False,False,4,SUV,of_Origin_Japan,Mitsubishi,Outlander,2023.0,35708.547,35708.547
8084,15814.0,3.0,0,0,0,0,0,0,False,False,False,False,False,False,False,False,False,8,Pickup Truck,of_Origin_USA,Chevrolet,Silverado,2024.0,50982.69,50982.69
12106,131616.0,7.0,0,0,0,0,0,0,False,False,False,False,False,False,False,False,False,4,SUV,of_Origin_South Korea,Hyundai,Tucson,2020.0,17023.252,17023.252
33039,300.0,1.0,0,0,0,0,0,1,False,False,False,False,False,False,True,False,False,4,SUV,of_Origin_Japan,Toyota,Highlander,2026.0,55475.85,55475.85
2359,102000.0,8.0,0,0,0,0,0,0,False,False,False,True,False,True,False,False,False,8,SUV,of_Origin_USA,Cadillac,Escalade,2019.0,45584.94,45584.94
27220,84000.0,6.0,0,0,0,0,0,0,False,False,False,False,False,False,True,False,False,4,Sedan,of_Origin_Japan,Mazda,Mazda3,2021.0,20725.906,20725.906
20380,105000.0,4.0,0,0,0,0,0,0,False,False,False,False,False,False,True,False,False,4,Sedan,of_Origin_Japan,Nissan,Sentra,2023.0,18050.24,18050.24
8062,20622.0,2.0,0,0,0,0,0,0,False,False,False,False,False,False,False,False,False,4,Pickup Truck,of_Origin_USA,Chevrolet,Colorado,2025.0,52738.53,52738.53
32770,146804.0,8.0,0,0,0,0,0,0,False,False,False,False,True,False,True,False,False,4,SUV,of_Origin_Japan,Mazda,CX-9,2019.0,19814.568,19814.568
32187,41356.0,4.0,0,0,0,0,0,0,False,False,False,False,False,False,True,False,False,4,Sedan,of_Origin_Japan,Toyota,Corolla,2023.0,27519.688,27519.688
11357,105000.0,5.0,0,0,0,0,0,0,False,False,False,False,False,False,True,False,False,4,SUV,of_Origin_Japan,Honda,HR-V,2022.0,27511.9,27511.9
25648,22738.0,3.0,0,0,0,0,0,0,False,False,False,False,False,False,True,False,False,4,SUV,of_Origin_Japan,Mazda,CX-5,2024.0,36015.477,36015.477
20473,73804.0,7.0,0,0,0,0,0,0,False,False,False,False,False,False,True,False,False,4,SUV,of_Origin_Japan,Nissan,Rogue,2020.0,18910.166,18910.166
18543,47099.0,3.0,0,0,0,0,0,0,False,True,False,False,False,True,False,False,False,6,SUV,baseline_value_here,Mercedes-Benz,GLE,2024.0,82543.73,82543.73
25035,117730.0,7.0,0,0,0,0,0,1,False,False,False,False,False,True,False,False,False,4,SUV,of_Origin_Japan,Lexus,UX,2020.0,28575.549,28575.549
13580,23800.0,2.0,0,0,0,0,0,0,False,False,False,False,False,False,True,False,False,6,SUV,of_Origin_USA,Jeep,Grand,2025.0,54885.625,54885.625
16262,14624.0,2.0,0,0,0,0,0,0,False,False,False,False,False,True,False,False,False,4,SUV,of_Origin_USA,Lincoln,Nautilus,2025.0,56476.973,56476.973
28301,105876.0,7.0,0,0,0,0,0,1,False,False,False,False,False,False,True,False,False,4,SUV,of_Origin_USA,Ford,Escape,2020.0,19717.176,19717.176
20581,16750.0,4.0,0,0,0,0,0,0,False,False,False,False,True,False,True,False,False,4,SUV,of_Origin_Japan,Nissan,Qashqai,2023.0,24410.873,24410.873
29066,31345.0,3.0,1,0,0,0,0,0,False,False,False,False,False,False,False,False,False,8,Pickup Truck,of_Origin_USA,Chevrolet,Silverado,2024.0,45365.887,45365.887
30745,58362.0,5.0,0,0,0,0,0,0,False,False,False,False,False,False,False,False,False,4,SUV,of_Origin_South Korea,Hyundai,Santa,2022.0,24424.258,24424.258
31716,175000.0,10.0,0,0,0,0,0,0,False,False,False,False,False,False,False,True,False,8,Pickup Truck,of_Origin_USA,GMC,Sierra,2017.0,20773.947,20773.947
446,15715.0,3.0,0,0,1,0,0,0,False,False,False,False,False,True,False,False,False,4,SUV,of_Origin_Japan,Lexus,NX,2024.0,46555.785,46555.785
9277,59814.0,5.0,0,0,0,0,0,0,False,False,False,False,False,False,True,False,False,4,SUV,of_Origin_USA,Ford,Escape,2022.0,28886.56,28886.56
2257,122981.0,10.0,1,0,0,0,0,0,False,False,False,False,True,False,True,False,False,4,Sedan,of_Origin_Japan,Mazda,Mazda6,2017.0,14116.632,14116.632
37062,40961.0,3.0,0,0,0,0,0,1,False,False,False,False,False,False,True,False,False,4,SUV,of_Origin_Japan,Honda,CR-V,2024.0,41165.51,41165.51
33887,230000.0,17.0,0,0,0,0,0,0,False,False,False,False,False,False,True,False,False,4,Sedan,of_Origin_Japan,Toyota,Corolla,2010.0,6407.547,6407.547
8750,44484.0,2.0,0,0,0,0,0,0,False,False,False,False,False,False,True,False,False,6,SUV,of_Origin_USA,Dodge,Durango,2025.0,52919.86,52919.86
19438,29747.0,3.0,0,0,0,0,0,0,False,True,False,False,False,False,False,False,False,4,SUV,of_Origin_Japan,Mitsubishi,Outlander,2024.0,35860.46,35860.46
8511,158712.0,9.0,0,0,0,0,0,1,False,False,False,False,False,False,True,False,False,6,Minivan,of_Origin_USA,Chrysler,Pacifica,2018.0,21843.307,21843.307
11012,120079.0,10.0,0,0,0,0,1,0,False,False,False,False,False,False,True,False,False,4,Sedan,of_Origin_Japan,Honda,Civic,2017.0,16021.907,16021.907
8025,71962.0,3.0,0,0,1,0,0,0,False,False,False,False,True,False,False,False,False,4,Sedan,of_Origin_USA,Chevrolet,Malibu,2024.0,23438.49,23438.49
14343,6000.0,1.0,0,0,0,0,0,0,False,False,False,False,False,False,False,False,False,4,SUV,of_Origin_South Korea,Kia,Sportage,2026.0,38080.305,38080.305
16740,499.0,1.0,0,0,0,0,0,0,False,False,False,False,False,True,False,False,False,4,SUV,of_Origin_USA,Lincoln,Nautilus,2026.0,65235.47,65235.47
16523,189445.0,11.0,0,0,0,0,0,0,False,False,False,False,True,True,False,False,False,4,SUV,of_Origin_USA,Lincoln,MKX,2016.0,12140.361,12140.361
10356,299900.0,10.0,0,0,0,0,0,0,False,True,False,False,False,False,False,True,False,8,SUV,of_Origin_USA,GMC,Yukon,2017.0,17754.727,17754.727
6367,22855.0,5.0,0,0,0,0,0,0,False,False,False,False,False,False,False,True,False,4,SUV,of_Origin_USA,Buick,Encore,2022.0,25824.12,25824.12
36157,50977.0,5.0,0,0,0,0,0,0,False,False,False,False,False,False,True,False,False,4,Sedan,of_Origin_Japan,Honda,Accord,2022.0,24353.873,24353.873
676,118300.0,12.0,0,0,0,0,1,0,False,False,False,False,False,False,True,False,False,4,Sedan,of_Origin_Japan,Toyota,Camry,2015.0,13899.467,13899.467
19598,86920.0,5.0,0,0,0,0,0,0,False,False,False,False,False,False,False,False,False,4,Coupe,of_Origin_Japan,Mitsubishi,Eclipse,2022.0,22184.676,22184.676
29692,79500.0,6.0,0,0,0,0,0,0,False,False,False,False,False,False,False,True,False,4,Pickup Truck,of_Origin_USA,GMC,Canyon,2021.0,33391.83,33391.83
21977,171821.0,10.0,0,0,0,0,0,0,True,True,False,False,False,False,True,False,False,4,Sedan,of_Origin_Japan,Subaru,WRX,2017.0,16493.164,16493.164
31667,168500.0,16.0,1,0,1,0,1,0,False,False,False,False,False,False,True,False,False,6,Minivan,of_Origin_Japan,Toyota,Sienna,2011.0,12956.927,12956.927
17515,130000.0,12.0,0,0,0,0,0,0,False,False,False,False,False,False,False,False,True,4,baseline_value_here,of_Origin_UK,MINI,Convertible,2015.0,12479.364,12479.364
33344,64000.0,7.0,0,0,0,0,0,0,False,False,False,False,False,False,True,False,False,4,SUV,of_Origin_Japan,Nissan,Rogue,2020.0,18962.787,18962.787
35761,109740.0,4.0,0,0,0,0,0,0,False,False,False,False,False,False,False,False,False,6,SUV,of_Origin_USA,Chevrolet,Traverse,2023.0,32043.809,32043.809
6474,5213.0,2.0,0,0,0,0,0,0,False,False,False,False,False,False,False,True,False,4,SUV,of_Origin_USA,Buick,Encore,2025.0,41763.848,41763.848
30613,93500.0,6.0,1,0,0,0,0,0,False,False,False,False,False,False,True,False,False,4,Sedan,of_Origin_Japan,Honda,Civic,2021.0,23088.477,23088.477
38554,100000.0,16.0,0,0,0,0,0,0,True,False,False,False,False,True,False,False,False,6,Coupe,baseline_value_here,Audi,A5,2011.0,27705.904,27705.904
35392,42102.0,2.0,0,0,0,0,0,0,False,False,False,False,False,False,False,False,False,4,Sedan,of_Origin_South Korea,Hyundai,Sonata,2025.0,24877.03,24877.03
4304,131331.0,9.0,0,0,0,0,0,0,False,True,False,False,False,True,False,False,False,6,SUV,of_Origin_Japan,baseline_value_here,MDX,2018.0,25205.172,25205.172
5623,32343.0,7.0,0,0,0,0,0,0,False,False,True,False,False,True,False,False,False,6,Coupe,baseline_value_here,BMW,M4,2020.0,75375.11,75375.11
20242,23568.0,3.0,0,0,0,0,0,0,False,False,False,False,False,False,True,False,False,4,Sedan,of_Origin_Japan,Nissan,Sentra,2024.0,19870.305,19870.305
10049,38258.0,2.0,0,0,0,0,0,0,False,False,False,False,False,False,False,True,False,8,Pickup Truck,of_Origin_USA,GMC,Sierra,2025.0,59423.61,59423.61
38022,130180.0,10.0,0,0,0,0,0,0,False,False,False,False,False,False,True,False,False,6,SUV,of_Origin_USA,Jeep,Grand,2017.0,19496.287,19496.287
37789,152300.0,11.0,0,0,0,0,0,0,False,False,False,False,False,False,True,False,False,4,Coupe,of_Origin_Japan,Honda,Accord,2016.0,20452.727,20452.727
4196,81560.0,8.0,0,0,0,0,0,0,False,True,False,False,False,True,False,False,False,6,SUV,of_Origin_Japan,baseline_value_here,MDX,2019.0,34658.25,34658.25
311,79192.0,5.0,0,0,0,0,0,0,False,False,True,False,False,False,True,False,False,6,SUV,of_Origin_Japan,Honda,Pilot,2022.0,37740.23,37740.23
20555,50582.0,3.0,0,0,0,0,0,0,False,False,False,False,False,False,True,False,False,4,SUV,of_Origin_Japan,Nissan,Kicks,2024.0,25195.557,25195.557
28756,202000.0,9.0,1,0,1,0,1,1,False,False,False,False,False,False,True,False,False,4,Hatchback,of_Origin_Japan,Toyota,Prius,2018.0,14357.607,14357.607
27016,67464.0,4.0,0,0,0,0,0,0,False,False,False,False,False,False,True,False,False,baseline_value_here,baseline_value_here,of_Origin_USA,RAM,1500,2023.0,44623.004,44623.004
19443,75421.0,3.0,0,0,0,0,0,0,False,False,False,False,False,False,False,False,False,4,SUV,of_Origin_Japan,Mitsubishi,RVR,2024.0,22652.912,22652.912
25561,40384.0,4.0,0,0,0,0,0,0,False,False,False,False,False,False,False,False,False,4,SUV,of_Origin_South Korea,Kia,Sportage,2023.0,30025.682,30025.682
12912,129000.0,8.0,1,0,0,0,0,0,False,False,False,False,False,True,False,False,False,4,SUV,of_Origin_Japan,Infiniti,QX50,2019.0,18280.924,18280.924
28462,129677.0,6.0,0,0,0,0,0,0,False,False,False,False,False,True,False,False,False,4,SUV,of_Origin_Japan,Lexus,NX,2021.0,32861.33,32861.33
8848,5056.0,3.0,0,0,0,0,0,1,False,False,False,False,True,False,True,False,False,4,SUV,of_Origin_USA,Dodge,Hornet,2024.0,35364.523,35364.523
1294,47186.0,3.0,0,0,0,0,0,0,False,False,False,False,False,False,True,False,False,4,SUV,of_Origin_Japan,Subaru,Crosstrek,2024.0,31203.324,31203.324
26208,228518.0,10.0,0,0,0,0,0,0,False,False,False,False,False,False,True,False,False,6,Pickup Truck,of_Origin_USA,Ford,F-150,2017.0,19305.379,19305.379
1464,104336.0,4.0,0,0,0,0,0,0,False,True,False,False,False,False,False,True,False,8,SUV,of_Origin_USA,GMC,Yukon,2023.0,67844.555,67844.555
8107,129321.0,11.0,0,0,0,0,1,0,False,False,False,False,False,False,False,False,False,4,SUV,of_Origin_USA,Chevrolet,Equinox,2016.0,10740.903,10740.903
25808,31886.0,3.0,0,0,0,0,0,0,False,False,False,False,False,True,False,False,False,4,SUV,baseline_value_here,Mercedes-Benz,GLC,2024.0,51650.746,51650.746
2640,37541.0,4.0,0,1,1,0,0,0,False,False,False,False,False,False,False,False,False,8,Pickup Truck,of_Origin_USA,Chevrolet,Silverado,2023.0,61746.715,61746.715
16261,56556.0,5.0,0,0,0,0,0,0,False,False,False,False,False,True,False,False,False,4,SUV,of_Origin_USA,Lincoln,Nautilus,2022.0,34100.652,34100.652
17719,73257.0,4.0,0,0,1,0,0,0,False,False,False,False,False,False,True,False,False,4,SUV,of_Origin_Japan,Mazda,CX-5,2023.0,30563.768,30563.768
16730,499.0,1.0,0,0,0,0,0,0,False,False,False,False,False,True,False,False,False,6,SUV,of_Origin_USA,Lincoln,Aviator,2026.0,82057.836,82057.836
7186,47333.0,5.0,0,0,0,0,0,0,False,False,False,False,False,True,False,False,False,4,SUV,of_Origin_USA,Cadillac,XT4,2022.0,33413.664,33413.664
35634,55385.0,5.0,0,0,0,0,0,0,False,False,False,False,False,False,True,False,False,4,SUV,of_Origin_USA,Ford,Explorer,2022.0,29193.803,29193.803
24678,13977.0,2.0,0,0,0,0,0,0,False,False,False,False,False,True,False,False,False,4,SUV,of_Origin_Sweden,Volvo,XC40,2025.0,39005.68,39005.68
32827,83110.0,4.0,1,0,0,0,0,0,False,False,False,False,False,True,False,False,False,4,SUV,baseline_value_here,BMW,X3,2023.0,35747.69,35747.69
22707,274835.0,8.0,0,0,0,0,1,0,False,False,False,False,False,False,True,False,False,4,Sedan,of_Origin_Japan,Toyota,Camry,2019.0,12679.948,12679.948
25567,184230.0,9.0,0,0,0,0,1,0,False,False,False,False,True,False,True,False,False,4,Sedan,of_Origin_Japan,Subaru,Legacy,2018.0,11032.904,11032.904
28927,51973.0,4.0,0,0,0,0,0,0,False,False,True,False,False,False,True,False,False,6,SUV,of_Origin_Japan,Nissan,Pathfinder,2023.0,42921.387,42921.387
18506,73061.0,4.0,0,0,0,0,0,0,False,False,True,False,False,True,False,False,False,6,SUV,baseline_value_here,Mercedes-Benz,GLS,2023.0,84566.484,84566.484
18457,3090.0,2.0,0,0,0,0,0,0,False,False,False,False,False,True,False,False,False,4,SUV,baseline_value_here,Mercedes-Benz,GLC,2025.0,64860.227,64860.227
25849,25118.0,6.0,0,0,0,0,0,0,False,False,False,False,False,False,True,False,False,4,SUV,of_Origin_Japan,Toyota,RAV,2021.0,30951.605,30951.605
37913,26357.0,3.0,0,0,0,0,0,0,False,False,False,False,False,True,False,False,False,4,SUV,of_Origin_Japan,Lexus,TX,2024.0,51964.875,51964.875
8546,85359.0,3.0,0,0,0,0,0,0,False,False,False,False,False,False,True,False,False,6,Minivan,of_Origin_USA,Chrysler,Pacifica,2024.0,33775.516,33775.516
3993,116474.0,7.0,0,0,0,0,0,0,False,True,False,False,False,True,False,False,False,6,SUV,of_Origin_Japan,baseline_value_here,MDX,2020.0,31000.498,31000.498
37798,9090.0,1.0,0,0,0,0,0,0,False,True,False,False,False,True,False,False,False,6,SUV,of_Origin_Japan,baseline_value_here,MDX,2026.0,75247.914,75247.914
26431,143759.0,14.0,0,0,0,0,0,0,False,False,False,False,False,True,False,False,False,6,Coupe,baseline_value_here,Audi,A5,2013.0,11324.946,11324.946
34726,116256.0,11.0,0,0,0,0,0,0,True,False,False,False,False,False,True,False,False,4,Sedan,of_Origin_Japan,Nissan,Versa,2016.0,8953.923,8953.923
14171,99966.0,8.0,0,0,0,0,0,0,False,False,False,False,True,False,False,False,False,4,Sedan,of_Origin_South Korea,Kia,Forte,2019.0,14551.568,14551.568
14103,100505.0,6.0,0,0,0,0,0,0,False,False,False,False,True,False,False,False,False,4,Hatchback,of_Origin_South Korea,Kia,Soul,2021.0,15635.031,15635.031
31575,47201.0,7.0,0,0,0,0,0,0,False,False,False,False,False,False,True,False,False,4,Sedan,of_Origin_Japan,Honda,Civic,2020.0,22221.184,22221.184
2945,43235.0,4.0,0,0,0,0,0,0,False,False,False,False,True,False,True,False,False,6,Pickup Truck,of_Origin_Japan,Nissan,Frontier,2023.0,44354.156,44354.156
30079,48077.0,4.0,0,0,0,0,0,0,False,False,False,False,False,False,True,False,False,4,Sedan,of_Origin_Japan,Honda,Civic,2023.0,28148.129,28148.129
13394,18069.0,3.0,0,0,0,0,0,0,False,False,False,False,False,False,True,False,False,4,SUV,of_Origin_USA,Jeep,Compass,2024.0,33648.594,33648.594
33886,305000.0,14.0,0,0,0,0,0,0,False,True,False,False,False,True,False,False,False,6,SUV,of_Origin_Japan,baseline_value_here,MDX,2013.0,7527.5137,7527.5137
11183,225557.0,14.0,0,1,1,0,0,0,False,False,False,False,False,False,True,False,False,4,SUV,of_Origin_Japan,Honda,CR-V,2013.0,10825.857,10825.857
16326,205542.0,12.0,0,0,0,0,0,0,False,False,False,False,True,True,False,False,False,4,SUV,of_Origin_USA,Lincoln,MKC,2015.0,7964.539,7964.539
23793,19067.0,3.0,0,0,0,0,0,0,False,False,False,False,False,False,True,False,False,4,SUV,baseline_value_here,Volkswagen,Tiguan,2024.0,30791.281,30791.281
11920,21160.0,3.0,0,0,0,0,0,0,False,True,False,False,False,False,False,False,False,6,SUV,of_Origin_South Korea,Hyundai,Palisade,2024.0,49511.25,49511.25
10770,35000.0,3.0,0,0,0,0,0,0,False,True,False,False,False,True,False,False,False,6,SUV,of_Origin_South Korea,Genesis,GV80,2024.0,64902.32,64902.32
22802,35419.0,4.0,0,0,0,0,0,1,False,False,False,False,False,False,True,False,False,4,SUV,of_Origin_Japan,Toyota,RAV,2023.0,47120.11,47120.11
22177,98275.0,4.0,0,0,0,0,0,0,False,False,False,False,False,False,True,False,False,4,SUV,of_Origin_Japan,Subaru,Forester,2023.0,29105.25,29105.25
37800,43289.0,3.0,0,0,0,0,0,0,False,False,False,False,False,True,False,False,False,4,SUV,of_Origin_USA,Cadillac,XT5,2024.0,42597.55,42597.55
29993,79606.0,4.0,0,0,0,0,0,0,False,False,False,False,False,True,False,False,False,4,SUV,of_Origin_Japan,Lexus,NX,2023.0,43691.445,43691.445
30344,177050.0,14.0,0,0,0,0,0,0,False,False,False,False,False,False,True,False,False,4,Sedan,of_Origin_Japan,Mazda,Mazda3,2013.0,7599.267,7599.267
32185,200694.0,12.0,0,0,0,0,0,0,False,False,False,False,False,False,True,False,False,6,SUV,of_Origin_USA,Ford,Explorer,2015.0,8414.815,8414.815
29751,29554.0,3.0,0,0,0,0,0,1,False,False,False,False,False,True,False,False,False,4,SUV,baseline_value_here,Audi,Q5,2024.0,48485.02,48485.02
31274,18520.0,17.0,0,0,0,0,0,0,True,False,False,False,True,False,True,False,False,8,Coupe,of_Origin_USA,Dodge,Challenger,2010.0,73362.2,73362.2
29500,112061.0,7.0,0,0,0,0,1,0,False,False,False,False,True,False,True,False,False,4,Van,of_Origin_Japan,Nissan,NV200,2020.0,17001.543,17001.543
10151,175019.0,9.0,0,0,0,0,0,0,False,False,False,False,False,False,False,True,False,8,Pickup Truck,of_Origin_USA,GMC,Sierra,2018.0,22057.537,22057.537
18599,67551.0,10.0,0,0,0,0,0,0,False,False,False,False,False,True,False,False,False,4,Sedan,baseline_value_here,Mercedes-Benz,C-Class,2017.0,25098.371,25098.371
31675,152795.0,6.0,0,0,0,0,0,0,False,False,False,False,False,False,True,False,False,6,Pickup Truck,of_Origin_USA,Ford,F-150,2021.0,33954.53,33954.53
25999,68699.0,13.0,0,0,0,0,0,0,False,False,False,False,False,False,True,False,False,6,baseline_value_here,of_Origin_USA,Ford,Mustang,2014.0,22949.2,22949.2
25732,21972.0,4.0,1,0,0,0,0,0,False,False,False,False,False,False,True,False,False,4,SUV,of_Origin_Japan,Nissan,Rogue,2023.0,25142.967,25142.967
11316,163886.0,5.0,1,0,0,0,0,0,False,False,False,False,False,False,True,False,False,4,SUV,of_Origin_Japan,Honda,CR-V,2022.0,23893.28,23893.28
36876,29323.0,3.0,0,0,0,0,0,1,False,False,False,False,False,False,False,False,False,4,SUV,of_Origin_South Korea,Hyundai,Santa,2024.0,37899.836,37899.836
2992,81906.0,4.0,0,0,0,0,0,0,False,False,False,False,True,False,True,False,False,4,SUV,of_Origin_Japan,Subaru,Ascent,2023.0,33317.508,33317.508
25890,18110.0,3.0,0,0,0,0,0,0,False,False,False,False,True,True,False,False,False,4,Sedan,of_Origin_Japan,baseline_value_here,TLX,2024.0,44975.516,44975.516
467,136858.0,7.0,0,0,0,0,0,0,False,False,True,False,False,False,False,False,False,8,SUV,of_Origin_USA,Chevrolet,Tahoe,2020.0,42047.246,42047.246
24855,96885.0,9.0,1,0,0,0,0,0,False,False,False,False,True,True,False,False,False,5,Sedan,of_Origin_Sweden,Volvo,S60,2018.0,25987.402,25987.402
20479,37247.0,3.0,0,0,0,0,0,0,False,False,False,False,False,False,True,False,False,4,Sedan,of_Origin_Japan,Nissan,Versa,2024.0,22515.545,22515.545
35241,164888.0,19.0,0,0,0,0,0,0,False,False,False,False,False,False,True,False,False,4,Pickup Truck,of_Origin_Japan,Toyota,Tacoma,2008.0,12395.504,12395.504
4743,2329.0,1.0,0,0,0,0,0,0,False,False,False,False,False,True,False,False,False,4,Sedan,baseline_value_here,Audi,A3,2026.0,50046.22,50046.22
34010,97566.0,4.0,0,0,0,0,0,1,False,False,False,False,False,False,True,False,False,4,Sedan,of_Origin_Japan,Toyota,Corolla,2023.0,27014.785,27014.785
24554,65900.0,6.0,0,0,0,0,0,1,False,False,False,False,False,True,False,False,False,4,SUV,of_Origin_Sweden,Volvo,XC60,2021.0,41542.555,41542.555
32289,57529.0,4.0,0,0,0,0,0,0,False,False,False,False,False,False,True,False,False,4,SUV,of_Origin_Japan,Mazda,CX-5,2023.0,31216.768,31216.768
12624,183468.0,12.0,0,0,0,0,0,0,False,False,False,False,False,True,False,False,False,6,SUV,of_Origin_Japan,Infiniti,QX60,2015.0,10046.628,10046.628
11084,114000.0,4.0,0,0,0,0,0,0,False,False,False,False,False,False,True,False,False,4,SUV,of_Origin_Japan,Honda,CR-V,2023.0,29137.613,29137.613
23674,8602.0,2.0,0,1,0,0,0,0,False,False,False,False,False,False,True,False,False,4,SUV,baseline_value_here,Volkswagen,Taos,2025.0,32849.055,32849.055
16296,18000.0,2.0,0,0,0,0,0,0,False,False,False,False,False,True,False,False,False,4,SUV,of_Origin_USA,Lincoln,Corsair,2025.0,55117.254,55117.254
26606,161100.0,12.0,0,0,0,0,0,0,False,False,False,False,False,False,True,False,False,4,Sedan,of_Origin_Japan,Honda,Civic,2015.0,13134.113,13134.113
5735,70470.0,8.0,0,0,0,0,0,0,False,False,False,False,False,True,False,False,False,baseline_value_here,baseline_value_here,baseline_value_here,BMW,2,2019.0,31131.21,31131.21
22698,310084.0,14.0,0,0,0,0,1,0,False,False,False,False,False,False,True,False,False,4,Sedan,of_Origin_Japan,Toyota,Corolla,2013.0,7280.1675,7280.1675
14189,114000.0,10.0,1,0,0,0,0,0,False,False,False,False,True,False,False,False,False,4,Sedan,of_Origin_South Korea,Kia,Rio,2017.0,13163.316,13163.316
16105,56022.0,5.0,1,0,1,0,0,0,False,False,False,False,False,True,False,False,False,4,SUV,of_Origin_USA,Lincoln,Nautilus,2022.0,34583.336,34583.336
8963,1001.0,2.0,0,0,0,0,0,0,False,False,False,False,False,False,True,False,False,6,SUV,of_Origin_USA,Dodge,Durango,2025.0,65782.1,65782.1
29342,67000.0,6.0,1,0,0,0,0,0,False,False,True,False,False,True,False,False,False,6,SUV,baseline_value_here,Audi,Q8,2021.0,46818.477,46818.477
23629,796.0,2.0,0,0,0,0,0,0,False,False,False,False,False,False,True,False,False,4,Sedan,baseline_value_here,Volkswagen,Jetta,2025.0,37062.875,37062.875
34856,72516.0,8.0,0,0,0,0,0,0,False,False,False,False,False,True,False,False,False,baseline_value_here,baseline_value_here,baseline_value_here,BMW,4,2019.0,29535.135,29535.135
243,43812.0,5.0,0,0,0,0,0,0,False,False,False,False,False,True,False,False,False,4,SUV,baseline_value_here,Audi,Q5,2022.0,30664.678,30664.678
9439,14499.0,3.0,0,0,0,0,0,0,False,False,False,False,False,False,True,False,False,4,SUV,of_Origin_USA,Ford,Bronco,2024.0,35726.22,35726.22
33664,62268.0,3.0,0,0,0,0,0,0,False,False,False,False,True,False,True,False,False,4,SUV,of_Origin_USA,Ford,Edge,2024.0,26469.045,26469.045
6520,73431.0,5.0,0,0,0,0,0,0,False,False,False,False,False,False,False,True,False,4,SUV,of_Origin_USA,Buick,Encore,2022.0,23738.508,23738.508
28699,11991.0,1.0,0,0,0,0,0,0,False,False,False,False,False,True,False,False,False,6,SUV,of_Origin_South Korea,Genesis,GV70,2026.0,74646.86,74646.86
12962,200000.0,14.0,0,0,0,0,0,0,False,False,False,False,True,True,False,False,False,6,SUV,of_Origin_Japan,Infiniti,JX35,2013.0,7102.8496,7102.8496
27832,155127.0,5.0,0,0,0,0,0,0,False,False,False,False,False,False,False,True,False,6,Van,of_Origin_USA,GMC,Savana,2022.0,30370.025,30370.025
18677,23102.0,3.0,0,0,0,0,0,0,False,False,False,False,False,True,False,False,False,4,SUV,baseline_value_here,Mercedes-Benz,GLC,2024.0,53281.117,53281.117
5621,137800.0,8.0,0,0,0,0,0,0,False,True,False,False,False,True,False,False,False,6,SUV,baseline_value_here,BMW,X5,2019.0,29777.129,29777.129
33680,104956.0,8.0,0,0,0,0,0,0,False,False,False,False,True,True,False,False,False,4,Sedan,of_Origin_Sweden,Volvo,S60,2019.0,21946.703,21946.703
8124,121976.0,5.0,0,0,0,0,0,0,False,False,False,False,False,False,False,False,False,4,Pickup Truck,of_Origin_USA,Chevrolet,Colorado,2022.0,28011.72,28011.72
100,191574.0,8.0,0,0,0,0,0,0,False,False,False,False,False,False,True,False,False,baseline_value_here,baseline_value_here,of_Origin_USA,RAM,1500,2019.0,25185.367,25185.367
6415,48955.0,5.0,0,0,0,0,0,0,False,False,False,False,False,False,False,True,False,4,SUV,of_Origin_USA,Buick,Envision,2022.0,29870.434,29870.434
34953,19000.0,3.0,0,1,0,0,0,0,False,False,False,False,False,False,True,False,False,4,SUV,of_Origin_Japan,Nissan,Rogue,2024.0,30109.504,30109.504
10201,83406.0,4.0,0,1,1,0,0,0,False,True,False,False,False,False,False,True,False,8,SUV,of_Origin_USA,GMC,Yukon,2023.0,76841.3,76841.3
2876,122120.0,10.0,0,0,0,0,0,0,False,False,False,False,False,True,False,False,False,4,Sedan,baseline_value_here,Mercedes-Benz,E-Class,2017.0,20047.357,20047.357
29097,93991.0,12.0,0,0,0,0,0,0,False,False,False,False,True,False,True,False,False,6,Minivan,of_Origin_USA,Dodge,Grand,2015.0,13040.46,13040.46
27954,147689.0,9.0,0,0,0,0,0,0,False,False,False,False,False,False,True,False,False,4,Sedan,of_Origin_Japan,Nissan,Versa,2018.0,10110.764,10110.764
23567,6556.0,2.0,0,0,0,0,0,0,False,False,False,False,False,False,True,False,False,4,SUV,baseline_value_here,Volkswagen,Tiguan,2025.0,37297.9,37297.9
24893,130589.0,10.0,0,0,0,0,0,0,False,False,False,False,False,False,True,False,False,6,SUV,of_Origin_Japan,Toyota,4-Runner,2017.0,29813.127,29813.127
1456,149636.0,5.0,0,0,0,0,0,0,False,False,False,False,False,False,True,False,False,6,Pickup Truck,of_Origin_USA,Ford,F-150,2022.0,36614.98,36614.98
30099,198909.0,14.0,1,0,0,0,0,0,False,False,False,False,False,False,True,False,False,4,Sedan,of_Origin_Japan,Subaru,Impreza,2013.0,6919.376,6919.376
20283,118546.0,3.0,0,0,0,0,0,0,False,False,False,False,False,False,True,False,False,4,SUV,of_Origin_Japan,Nissan,Kicks,2024.0,23411.54,23411.54
31150,499.0,1.0,0,0,0,0,0,0,False,False,False,False,False,False,True,False,False,6,Pickup Truck,of_Origin_USA,Ford,F-150,2026.0,79353.48,79353.48
32641,65547.0,10.0,0,0,0,0,0,0,False,False,False,False,False,False,True,False,False,4,SUV,of_Origin_Japan,Honda,CR-V,2017.0,21018.688,21018.688
10130,34420.0,4.0,0,0,0,0,0,0,False,False,False,False,False,False,False,True,False,8,Pickup Truck,of_Origin_USA,GMC,Sierra,2023.0,67020.484,67020.484
8003,46207.0,3.0,1,0,0,0,0,0,False,False,False,False,False,False,False,False,False,8,Pickup Truck,of_Origin_USA,Chevrolet,Silverado,2024.0,47688.34,47688.34
31042,272000.0,14.0,0,0,0,0,0,1,False,False,False,False,True,False,True,False,False,4,Hatchback,of_Origin_USA,Ford,C-Max,2013.0,3408.767,3408.767
10355,154885.0,14.0,0,0,0,0,0,0,False,False,False,False,False,False,False,True,False,8,Pickup Truck,of_Origin_USA,GMC,Sierra,2013.0,18639.115,18639.115
27087,32656.0,3.0,1,0,0,0,0,0,False,False,False,False,False,False,True,False,False,4,SUV,of_Origin_Japan,Nissan,Rogue,2024.0,25661.213,25661.213
2926,261396.0,12.0,0,0,0,0,0,0,False,False,False,False,False,False,True,False,False,6,Pickup Truck,of_Origin_USA,Ford,F-150,2015.0,15958.169,15958.169
35715,34292.0,2.0,0,0,0,0,0,0,False,False,False,False,False,True,False,False,False,4,Sedan,baseline_value_here,Mercedes-Benz,CLA,2025.0,53982.074,53982.074
1081,165245.0,9.0,0,0,0,0,0,0,False,False,False,False,False,False,True,False,False,4,Sedan,of_Origin_Japan,Toyota,Camry,2018.0,15811.258,15811.258
18607,100793.0,10.0,0,1,0,0,1,0,False,False,False,False,False,True,False,False,False,4,Sedan,baseline_value_here,Mercedes-Benz,CLA,2017.0,20689.395,20689.395
36915,80793.0,7.0,0,0,0,0,0,0,False,False,False,False,False,False,True,False,False,4,SUV,of_Origin_Japan,Subaru,Crosstrek,2020.0,22686.031,22686.031
5580,57273.0,5.0,0,0,0,0,0,0,False,False,False,False,False,True,False,False,False,4,SUV,baseline_value_here,BMW,X3,2022.0,35903.277,35903.277
30743,112426.0,11.0,0,0,0,0,0,0,False,False,False,False,True,False,False,False,False,4,Hatchback,of_Origin_South Korea,Kia,Soul,2016.0,10209.321,10209.321
2111,171545.0,10.0,0,0,0,0,0,0,False,False,False,False,False,False,True,False,False,6,Minivan,of_Origin_USA,Chrysler,Pacifica,2017.0,16890.084,16890.084
32518,62717.0,5.0,1,0,0,1,0,0,False,False,False,False,False,True,False,False,False,6,SUV,of_Origin_USA,Lincoln,Aviator,2022.0,46914.54,46914.54
8496,56931.0,2.0,0,0,0,0,0,0,False,False,False,False,False,False,True,False,False,6,Minivan,of_Origin_USA,Chrysler,Pacifica,2025.0,40579.8,40579.8
35312,240353.0,16.0,0,0,0,0,0,0,False,False,False,False,True,False,True,False,False,4,SUV,of_Origin_Japan,Toyota,Venza,2011.0,10196.587,10196.587
37786,290000.0,18.0,0,0,0,0,0,0,False,False,False,False,False,True,False,False,False,baseline_value_here,baseline_value_here,baseline_value_here,BMW,3,2009.0,2264.243,2264.243
16269,92221.0,9.0,0,0,0,0,0,0,False,False,False,False,True,True,False,False,False,4,SUV,of_Origin_USA,Lincoln,MKX,2018.0,18148.46,18148.46
26167,22223.0,3.0,0,1,1,0,0,0,False,False,False,False,False,False,True,False,False,4,SUV,of_Origin_Japan,Subaru,Crosstrek,2024.0,31708.652,31708.652
20426,53841.0,4.0,0,0,0,0,0,0,False,False,False,False,False,False,True,False,False,4,SUV,of_Origin_Japan,Nissan,Rogue,2023.0,24897.25,24897.25
23509,141580.0,12.0,0,1,0,0,0,0,False,False,False,False,False,False,True,False,False,4,Hatchback,baseline_value_here,Volkswagen,Golf,2015.0,11274.724,11274.724
29741,79578.0,2.0,0,0,0,0,0,1,False,True,False,False,False,False,True,False,False,6,SUV,of_Origin_Japan,Mazda,CX-90,2025.0,44322.387,44322.387
5584,85693.0,6.0,0,0,0,0,0,0,False,False,False,False,False,True,False,False,False,4,SUV,baseline_value_here,BMW,X3,2021.0,30262.055,30262.055
5551,57900.0,6.0,0,0,0,0,0,0,False,False,False,False,False,True,False,False,False,4,SUV,baseline_value_here,BMW,X3,2021.0,26966.51,26966.51
10951,78000.0,8.0,0,0,0,0,0,0,False,False,False,False,False,True,False,False,False,4,Sedan,of_Origin_South Korea,Genesis,G70,2019.0,26285.266,26285.266
38632,66350.0,6.0,1,0,0,1,0,0,False,False,False,False,False,False,True,False,False,4,Sedan,of_Origin_Japan,Honda,Civic,2021.0,27043.629,27043.629
33736,63190.0,4.0,0,0,0,0,0,0,False,False,False,False,True,False,True,False,False,4,SUV,of_Origin_Japan,Nissan,Qashqai,2023.0,22181.705,22181.705
4662,110043.0,9.0,0,0,0,0,0,0,False,False,False,False,True,True,False,False,False,4,Sedan,baseline_value_here,Audi,A4,2018.0,17993.17,17993.17
29644,145628.0,8.0,0,0,0,0,0,0,False,False,False,False,False,False,True,False,False,baseline_value_here,baseline_value_here,of_Origin_USA,RAM,1500,2019.0,28652.238,28652.238
12128,28589.0,3.0,0,0,0,0,0,0,False,False,False,False,False,False,False,False,False,4,Sedan,of_Origin_South Korea,Hyundai,Elantra,2024.0,22537.271,22537.271
33740,43676.0,4.0,0,0,0,0,0,0,False,False,False,False,False,False,True,False,False,4,Sedan,baseline_value_here,Volkswagen,Jetta,2023.0,25469.125,25469.125
9081,56305.0,2.0,0,0,0,0,0,0,False,False,False,False,False,False,True,False,False,6,SUV,of_Origin_USA,Dodge,Durango,2025.0,47786.35,47786.35
2803,73005.0,5.0,0,0,1,0,0,0,False,False,False,False,False,True,False,False,False,6,SUV,baseline_value_here,Audi,Q7,2022.0,42513.53,42513.53
27403,146708.0,14.0,0,0,0,0,0,0,False,False,False,False,False,True,False,False,False,baseline_value_here,baseline_value_here,baseline_value_here,BMW,3,2013.0,12205.114,12205.114
22809,103876.0,5.0,0,0,0,0,0,0,False,False,False,False,False,False,True,False,False,4,SUV,of_Origin_Japan,Toyota,RAV,2022.0,29896.732,29896.732
3023,111500.0,11.0,0,0,0,0,1,0,False,False,False,False,False,False,True,False,False,4,Sedan,of_Origin_Japan,Mazda,Mazda3,2016.0,11727.561,11727.561
16447,45373.0,2.0,0,0,1,0,0,1,False,False,False,False,False,True,False,False,False,4,SUV,of_Origin_USA,Lincoln,Corsair,2025.0,60209.23,60209.23
37515,178646.0,13.0,0,0,0,0,0,0,False,False,False,False,False,False,True,False,False,4,Sedan,of_Origin_Japan,Mazda,Mazda3,2014.0,8794.98,8794.98
37940,57892.0,5.0,0,0,0,0,0,0,False,False,False,False,False,False,False,False,False,4,SUV,of_Origin_South Korea,Hyundai,Tucson,2022.0,23447.746,23447.746
11401,51309.0,2.0,0,0,0,0,1,0,False,False,True,False,False,False,True,False,False,6,SUV,of_Origin_Japan,Honda,Pilot,2025.0,51021.703,51021.703
221,19446.0,4.0,0,0,0,0,0,0,True,False,False,True,False,False,True,False,False,6,Coupe,of_Origin_Japan,Nissan,Z,2023.0,45936.703,45936.703
34979,107930.0,12.0,0,0,0,0,0,0,False,False,False,False,False,False,True,False,False,4,Hatchback,baseline_value_here,Volkswagen,Golf,2015.0,13902.243,13902.243
34279,99833.0,7.0,0,0,0,0,0,0,False,False,False,False,False,True,False,False,False,4,SUV,of_Origin_Japan,baseline_value_here,RDX,2020.0,29173.086,29173.086
36234,27963.0,3.0,0,0,0,0,0,0,False,False,False,False,False,False,True,False,False,4,Sedan,of_Origin_Japan,Honda,Civic,2024.0,29137.297,29137.297
34915,14152.0,4.0,0,1,1,0,0,0,False,False,False,False,False,False,True,False,False,4,SUV,of_Origin_Japan,Toyota,RAV,2023.0,39478.344,39478.344
11990,16270.0,3.0,0,0,0,0,0,0,False,False,False,False,False,False,False,False,False,4,SUV,of_Origin_South Korea,Hyundai,Tucson,2024.0,32325.162,32325.162
23500,71260.0,3.0,0,0,0,0,0,0,False,True,False,False,False,False,True,False,False,4,SUV,baseline_value_here,Volkswagen,Atlas,2024.0,41528.742,41528.742
35746,124509.0,10.0,0,0,0,0,0,0,False,False,False,False,True,False,True,False,False,4,SUV,of_Origin_Japan,Nissan,Qashqai,2017.0,11841.98,11841.98
8813,110215.0,17.0,0,0,0,0,0,0,False,False,False,False,True,False,True,False,False,4,Sedan,of_Origin_USA,Dodge,Caliber,2010.0,4482.296,4482.296
31216,130000.0,13.0,0,0,0,0,0,0,False,False,False,False,False,False,False,False,False,4,SUV,of_Origin_South Korea,Hyundai,Santa,2014.0,9808.784,9808.784
10270,41045.0,3.0,0,0,0,0,0,0,False,False,False,False,False,False,False,True,False,8,Pickup Truck,of_Origin_USA,GMC,Sierra,2024.0,49126.215,49126.215
22795,20466.0,2.0,1,0,1,0,0,0,False,False,False,False,False,False,True,False,False,4,Sedan,of_Origin_Japan,Toyota,Corolla,2025.0,28060.828,28060.828
37978,3900.0,1.0,0,0,0,0,0,0,False,False,False,False,False,True,False,False,False,4,SUV,baseline_value_here,Mercedes-Benz,GLB,2026.0,63863.355,63863.355
4009,207406.0,14.0,1,0,0,0,0,0,False,False,False,False,False,True,False,False,False,6,SUV,of_Origin_Japan,baseline_value_here,RDX,2013.0,7881.192,7881.192
17379,24422.0,3.0,0,0,0,0,0,0,False,False,False,False,False,False,False,False,True,baseline_value_here,baseline_value_here,of_Origin_UK,MINI,3,2024.0,36452.94,36452.94
548,53000.0,5.0,1,0,0,0,0,0,False,False,False,False,False,False,True,False,False,4,Sedan,of_Origin_Japan,Honda,Civic,2022.0,27970.203,27970.203
797,88293.0,5.0,0,0,0,0,0,0,False,False,False,False,False,False,True,False,False,4,SUV,baseline_value_here,Volkswagen,Tiguan,2022.0,23196.691,23196.691
15291,40768.0,5.0,0,0,0,0,0,0,False,False,False,False,False,True,False,False,False,4,SUV,of_Origin_Japan,Lexus,NX,2022.0,43724.766,43724.766
35314,119000.0,8.0,0,0,0,0,0,0,False,False,False,False,False,False,True,False,False,4,Pickup Truck,of_Origin_Japan,Toyota,Tacoma,2019.0,34703.53,34703.53
6586,36653.0,3.0,0,0,0,0,0,0,False,False,False,False,False,False,False,True,False,4,SUV,of_Origin_USA,Buick,Encore,2024.0,27920.94,27920.94
36934,131868.0,9.0,0,0,0,0,0,0,False,False,False,False,False,True,False,False,False,4,SUV,baseline_value_here,Audi,Q5,2018.0,18983.639,18983.639
5807,64174.0,3.0,0,0,0,0,0,1,False,True,False,False,False,True,False,False,False,6,SUV,baseline_value_here,BMW,X5,2024.0,70163.73,70163.73
1090,103929.0,19.0,0,0,0,0,0,0,False,False,False,False,False,False,True,False,False,6,SUV,of_Origin_Japan,Toyota,Highlander,2008.0,20724.012,20724.012
4299,222927.0,15.0,1,0,0,0,0,0,False,False,False,False,True,True,False,False,False,4,Sedan,of_Origin_Japan,baseline_value_here,TL,2012.0,6971.2705,6971.2705
38581,105493.0,12.0,0,0,0,0,0,0,False,False,False,False,False,False,True,False,False,6,SUV,of_Origin_USA,Jeep,Wrangler,2015.0,18189.986,18189.986
25728,34374.0,5.0,0,0,0,0,0,0,False,False,False,False,True,True,False,False,False,4,Sedan,of_Origin_Japan,baseline_value_here,TLX,2022.0,35729.195,35729.195
19939,3200.0,1.0,0,0,0,0,0,0,False,False,False,False,False,False,True,False,False,4,SUV,of_Origin_Japan,Nissan,Rogue,2026.0,36933.97,36933.97
9256,117897.0,6.0,0,0,0,0,0,0,False,False,False,False,False,False,True,False,False,4,SUV,of_Origin_USA,Ford,Escape,2021.0,22598.447,22598.447
10044,132379.0,4.0,0,0,0,0,0,0,False,False,False,False,False,False,False,True,False,8,Pickup Truck,of_Origin_USA,GMC,Sierra,2023.0,44672.69,44672.69
24800,71407.0,3.0,0,0,0,0,0,1,False,False,False,False,False,True,False,False,False,4,SUV,of_Origin_Sweden,Volvo,XC40,2024.0,58131.65,58131.65
12839,90912.0,3.0,0,0,0,0,0,0,False,True,False,False,False,True,False,False,False,8,SUV,of_Origin_Japan,Infiniti,QX80,2024.0,50654.176,50654.176
10084,5650.0,1.0,0,0,0,0,0,0,False,False,False,False,False,False,False,True,False,4,SUV,of_Origin_USA,GMC,Terrain,2026.0,59235.617,59235.617
2028,154200.0,13.0,0,0,1,0,0,0,False,True,False,False,False,False,True,False,False,6,Pickup Truck,of_Origin_Japan,Toyota,Tundra,2014.0,26770.586,26770.586
22749,78436.0,8.0,0,0,0,0,0,0,False,False,False,False,False,False,True,False,False,4,SUV,of_Origin_Japan,Toyota,RAV,2019.0,26774.303,26774.303
33045,35300.0,2.0,0,0,0,0,0,0,False,False,False,False,False,False,True,False,False,4,SUV,of_Origin_USA,Ford,Bronco,2025.0,22224.227,22224.227
36708,127000.0,14.0,0,0,0,0,0,0,False,False,False,False,True,True,False,False,False,4,SUV,baseline_value_here,Mercedes-Benz,GLK-Class,2013.0,12616.672,12616.672
10087,158530.0,7.0,0,0,0,0,0,0,False,False,False,False,False,False,False,True,False,8,Pickup Truck,of_Origin_USA,GMC,Sierra,2020.0,33489.76,33489.76
25998,83604.0,5.0,0,0,0,0,0,0,False,False,False,False,False,False,True,False,False,4,SUV,of_Origin_Japan,Toyota,RAV,2022.0,31101.809,31101.809
23006,52207.0,4.0,0,0,0,0,0,0,False,False,False,False,False,False,True,False,False,6,SUV,of_Origin_Japan,Toyota,4-Runner,2023.0,50299.387,50299.387
20447,126499.0,6.0,0,0,0,0,0,0,False,False,False,False,False,False,True,False,False,4,SUV,of_Origin_Japan,Nissan,Kicks,2021.0,18047.215,18047.215
27851,82243.0,12.0,0,0,0,0,0,0,False,False,False,False,False,False,True,False,False,6,SUV,of_Origin_USA,Jeep,Wrangler,2015.0,24445.977,24445.977
2685,28064.0,3.0,0,0,0,0,0,0,False,False,False,False,False,False,True,False,False,4,SUV,of_Origin_Japan,Mazda,CX-5,2024.0,35963.836,35963.836
8846,2500.0,10.0,1,0,0,0,0,0,True,False,False,False,True,False,True,False,False,6,Coupe,of_Origin_USA,Dodge,Challenger,2017.0,106156.33,106156.33
33135,216074.0,9.0,0,0,0,0,0,0,False,True,False,False,False,True,False,False,False,6,SUV,baseline_value_here,Mercedes-Benz,GLE,2018.0,21385.658,21385.658
6601,180607.0,11.0,0,0,0,0,0,0,False,False,False,False,False,False,False,True,False,4,SUV,of_Origin_USA,Buick,Encore,2016.0,10101.934,10101.934
30870,154000.0,9.0,0,0,0,0,0,0,False,False,False,False,False,True,False,False,False,4,SUV,baseline_value_here,BMW,X1,2018.0,16800.773,16800.773
7925,71913.0,2.0,0,0,0,0,0,0,False,False,False,False,False,False,False,False,False,8,Pickup Truck,of_Origin_USA,Chevrolet,Silverado,2025.0,53783.324,53783.324
25497,30991.0,4.0,0,0,0,0,0,0,False,False,False,False,False,False,True,False,False,4,SUV,of_Origin_Japan,Nissan,Rogue,2023.0,26974.543,26974.543
33126,59000.0,3.0,0,0,0,0,0,0,False,False,False,False,False,False,True,False,False,4,SUV,of_Origin_Japan,Nissan,Rogue,2024.0,28656.219,28656.219
5773,53385.0,3.0,0,0,0,0,0,0,False,False,True,False,False,True,False,False,False,6,SUV,baseline_value_here,BMW,X7,2024.0,90956.59,90956.59
15424,33650.0,9.0,0,1,0,0,0,0,False,False,False,False,False,True,False,False,False,4,SUV,of_Origin_Japan,Lexus,NX,2018.0,33869.03,33869.03
26033,192000.0,13.0,0,0,0,0,1,0,False,False,False,False,True,True,False,False,False,4,Sedan,of_Origin_Japan,baseline_value_here,TL,2014.0,10742.844,10742.844
630,48412.0,3.0,0,0,0,0,0,0,False,False,False,False,False,False,True,False,False,6,SUV,of_Origin_USA,Jeep,Grand,2024.0,53202.676,53202.676
6429,18976.0,3.0,1,0,1,0,0,0,False,False,False,False,False,False,False,True,False,4,SUV,of_Origin_USA,Buick,Envista,2024.0,29457.48,29457.48
6220,85824.0,5.0,0,1,0,0,0,0,False,False,False,False,False,False,False,True,False,4,SUV,of_Origin_USA,Buick,Encore,2022.0,24712.31,24712.31
33778,115000.0,7.0,0,0,0,0,0,0,False,False,False,False,False,False,True,False,False,4,Sedan,baseline_value_here,Volkswagen,Jetta,2020.0,17358.305,17358.305
6402,28348.0,3.0,0,0,1,0,0,0,False,False,False,False,False,False,False,True,False,4,SUV,of_Origin_USA,Buick,Encore,2024.0,24783.62,24783.62
5643,46648.0,3.0,0,0,0,0,0,0,False,True,False,False,False,True,False,False,False,6,SUV,baseline_value_here,BMW,X5,2024.0,73093.87,73093.87
6641,6726.0,2.0,0,0,0,0,0,0,False,False,False,False,False,False,False,True,False,4,SUV,of_Origin_USA,Buick,Encore,2025.0,39817.465,39817.465
2368,120415.0,12.0,0,0,0,0,0,0,False,False,False,False,True,False,True,False,False,4,Hatchback,of_Origin_USA,Ford,Focus,2015.0,8415.419,8415.419
31684,226000.0,16.0,0,0,0,0,0,0,False,False,False,False,True,False,True,False,False,4,SUV,of_Origin_USA,Dodge,Journey,2011.0,3023.91,3023.91
24852,125105.0,11.0,0,0,0,0,0,0,False,False,False,False,False,True,False,False,False,6,Wagon,of_Origin_Sweden,Volvo,V60,2016.0,18518.22,18518.22
22133,195884.0,12.0,0,0,0,0,0,0,False,False,False,False,True,False,True,False,False,4,Sedan,of_Origin_Japan,Subaru,Legacy,2015.0,8591.409,8591.409
8847,8477.0,1.0,0,0,0,0,0,0,False,False,False,False,False,False,True,False,False,6,SUV,of_Origin_USA,Dodge,Durango,2026.0,64320.895,64320.895
25478,10496.0,3.0,0,0,1,0,0,0,False,False,False,False,False,False,False,False,False,4,SUV,of_Origin_USA,Chevrolet,Trax,2024.0,25806.254,25806.254
10343,65839.0,5.0,0,0,0,0,0,0,False,False,False,False,False,False,False,True,False,4,SUV,of_Origin_USA,GMC,Acadia,2022.0,29394.318,29394.318
37394,180855.0,12.0,0,0,0,0,0,0,False,False,False,False,False,False,True,False,False,4,Sedan,baseline_value_here,Volkswagen,Jetta,2015.0,7861.619,7861.619
756,127998.0,6.0,0,0,0,0,0,0,False,False,False,False,False,False,True,False,False,baseline_value_here,baseline_value_here,of_Origin_USA,RAM,2500,2021.0,36479.484,36479.484
36465,186437.0,18.0,0,0,0,0,0,0,False,False,False,False,False,True,False,False,False,6,SUV,baseline_value_here,Audi,Q7,2009.0,6214.983,6214.983
4290,113926.0,9.0,0,0,0,0,0,0,False,False,False,False,True,True,False,False,False,4,Sedan,of_Origin_Japan,baseline_value_here,TLX,2018.0,20873.574,20873.574
11313,91167.0,8.0,0,0,0,0,0,0,False,False,False,False,False,False,True,False,False,4,SUV,of_Origin_Japan,Honda,CR-V,2019.0,23737.379,23737.379
27685,158000.0,11.0,1,0,1,0,0,0,False,False,False,False,True,False,True,False,False,4,Hatchback,of_Origin_Japan,Toyota,Yaris,2016.0,14020.949,14020.949
21143,108111.0,5.0,0,1,0,0,0,0,False,False,False,False,False,False,True,False,False,baseline_value_here,baseline_value_here,of_Origin_USA,RAM,2500,2022.0,45006.984,45006.984
30025,290000.0,10.0,0,0,1,0,1,0,False,False,False,False,False,False,True,False,False,baseline_value_here,baseline_value_here,of_Origin_USA,RAM,1500,2017.0,14882.653,14882.653
5800,134765.0,13.0,0,0,0,0,0,0,False,False,False,False,False,True,False,False,False,baseline_value_here,baseline_value_here,baseline_value_here,BMW,4,2014.0,13977.192,13977.192
30722,50315.0,3.0,0,0,0,0,0,0,False,False,False,False,False,False,True,False,False,6,SUV,of_Origin_USA,Jeep,Grand,2024.0,49869.69,49869.69
1437,47642.0,4.0,0,0,0,0,0,0,False,False,False,False,False,False,True,False,False,4,SUV,of_Origin_Japan,Nissan,Rogue,2023.0,24328.152,24328.152
6276,47827.0,5.0,0,1,0,0,0,0,False,False,False,False,False,False,False,True,False,4,SUV,of_Origin_USA,Buick,Encore,2022.0,32060.443,32060.443
22893,17611.0,2.0,0,0,0,0,0,1,False,False,False,False,False,False,True,False,False,4,Sedan,of_Origin_Japan,Toyota,Corolla,2025.0,39959.863,39959.863
33418,499.0,1.0,0,0,0,0,0,0,False,False,False,False,False,False,True,False,False,6,Pickup Truck,of_Origin_USA,Ford,F-150,2026.0,79353.48,79353.48
14499,11379.0,2.0,0,0,0,0,0,0,False,False,False,False,False,False,False,False,False,4,SUV,of_Origin_South Korea,Kia,Sportage,2025.0,33901.992,33901.992
30662,3574.0,2.0,0,0,0,0,0,0,False,False,False,False,False,True,False,False,False,4,SUV,baseline_value_here,Audi,Q3,2025.0,64618.64,64618.64
3088,19090.0,3.0,0,0,0,0,1,0,False,False,False,False,False,True,False,False,False,4,SUV,of_Origin_Japan,Lexus,NX,2024.0,59621.36,59621.36
29944,70500.0,4.0,0,0,0,0,0,0,False,False,False,False,False,False,True,False,False,6,Pickup Truck,of_Origin_USA,Ford,F-150,2023.0,52586.04,52586.04
28646,106000.0,10.0,0,1,0,0,0,0,False,False,False,False,True,False,False,False,False,4,Sedan,of_Origin_Japan,Mitsubishi,Lancer,2017.0,15141.477,15141.477
35021,133735.0,14.0,0,0,0,0,0,0,False,False,False,False,False,True,False,False,False,4,Sedan,baseline_value_here,Mercedes-Benz,C-Class,2013.0,11459.299,11459.299
14128,52000.0,4.0,0,0,0,0,0,0,False,False,False,False,True,False,False,False,False,6,SUV,of_Origin_South Korea,Kia,Telluride,2023.0,51740.234,51740.234
17509,56700.0,8.0,1,0,0,0,0,0,False,False,False,False,False,False,False,False,True,baseline_value_here,baseline_value_here,of_Origin_UK,MINI,3,2019.0,19762.416,19762.416
24911,62235.0,5.0,0,0,0,0,0,1,False,False,False,False,False,False,True,False,False,4,Minivan,of_Origin_Japan,Toyota,Sienna,2022.0,49612.6,49612.6
21916,192500.0,11.0,0,1,0,1,0,0,False,False,False,False,False,False,True,False,False,4,SUV,of_Origin_Japan,Subaru,Forester,2016.0,11327.029,11327.029
34124,375000.0,14.0,0,0,0,0,0,0,False,False,False,False,True,False,True,False,False,4,SUV,of_Origin_USA,Ford,Edge,2013.0,2910.6934,2910.6934
595,290177.0,13.0,0,0,0,0,0,0,False,False,False,False,False,True,False,False,False,4,Sedan,of_Origin_Japan,Lexus,IS,2014.0,14169.325,14169.325
3119,24836.0,4.0,0,1,1,0,0,0,False,False,False,False,False,False,True,False,False,4,SUV,of_Origin_Japan,Mazda,CX-50,2023.0,34137.934,34137.934
5605,152733.0,11.0,0,0,0,0,0,0,False,False,False,False,False,True,False,False,False,baseline_value_here,baseline_value_here,baseline_value_here,BMW,4,2016.0,15990.719,15990.719
7182,24427.0,2.0,0,0,0,0,0,0,False,False,False,False,False,True,False,False,False,4,SUV,of_Origin_USA,Cadillac,XT5,2025.0,55745.023,55745.023
27796,42191.0,6.0,0,0,0,0,0,0,False,False,False,False,False,False,True,False,False,6,SUV,of_Origin_USA,Jeep,Grand,2021.0,37639.523,37639.523
13156,8000.0,2.0,0,0,0,0,0,0,False,False,False,False,False,True,False,False,False,4,SUV,of_Origin_Japan,Infiniti,QX50,2025.0,46835.65,46835.65
7380,158774.0,8.0,0,0,0,0,0,0,False,False,False,True,False,True,False,False,False,8,SUV,of_Origin_USA,Cadillac,Escalade,2019.0,47899.766,47899.766
34350,167332.0,8.0,0,0,0,0,0,0,False,False,False,False,False,False,True,False,False,4,SUV,of_Origin_Japan,Honda,CR-V,2019.0,19719.037,19719.037
27905,129994.0,4.0,0,0,0,0,0,0,False,False,False,False,False,False,True,False,False,4,SUV,of_Origin_Japan,Honda,HR-V,2023.0,29485.727,29485.727
28193,34860.0,3.0,0,0,0,0,0,0,False,False,False,False,False,False,True,False,False,4,SUV,of_Origin_Japan,Subaru,Crosstrek,2024.0,33728.61,33728.61
10601,750.0,1.0,0,0,0,0,0,0,False,False,False,False,False,False,False,True,False,4,SUV,of_Origin_USA,GMC,Terrain,2026.0,46588.83,46588.83
17783,48211.0,2.0,0,0,0,0,0,0,False,False,False,False,False,False,True,False,False,4,SUV,of_Origin_Japan,Mazda,CX-5,2025.0,33303.453,33303.453
15461,39271.0,4.0,0,0,0,0,0,0,False,False,False,False,False,True,False,False,False,4,SUV,of_Origin_Japan,Lexus,RX,2023.0,46060.223,46060.223
26526,77600.0,6.0,0,0,0,0,0,0,False,False,False,False,False,False,True,False,False,6,Pickup Truck,of_Origin_USA,Ford,F-150,2021.0,44791.016,44791.016
31348,150000.0,13.0,0,0,0,0,0,0,False,False,False,False,True,False,True,False,False,4,SUV,of_Origin_Japan,Subaru,XV,2014.0,10983.348,10983.348
29948,242000.0,17.0,0,0,0,0,0,0,False,False,False,False,False,False,False,False,False,8,Pickup Truck,of_Origin_USA,Chevrolet,Silverado,2010.0,8674.508,8674.508
12946,177291.0,9.0,0,0,0,0,0,0,False,False,False,False,True,True,False,False,False,6,Sedan,of_Origin_Japan,Infiniti,Q50,2018.0,12114.398,12114.398
34595,33400.0,2.0,0,0,0,0,0,0,False,False,False,False,False,False,True,False,False,4,SUV,baseline_value_here,Volkswagen,Taos,2025.0,31146.92,31146.92
27009,149110.0,9.0,0,0,0,0,0,0,False,False,False,False,False,False,False,False,False,4,SUV,of_Origin_South Korea,Hyundai,Kona,2018.0,13036.214,13036.214
23669,161286.0,12.0,0,0,0,0,0,0,True,False,False,False,False,False,True,False,False,4,Hatchback,baseline_value_here,Volkswagen,Golf,2015.0,12145.552,12145.552
22226,164010.0,10.0,0,0,0,0,0,0,False,False,False,False,True,False,True,False,False,4,Sedan,of_Origin_Japan,Subaru,Legacy,2017.0,11386.431,11386.431
1989,52377.0,5.0,0,0,0,0,0,0,False,True,False,False,False,False,True,False,False,4,SUV,baseline_value_here,Volkswagen,Atlas,2022.0,36854.086,36854.086
936,137504.0,8.0,0,0,0,0,0,0,False,False,False,False,True,False,True,False,False,4,SUV,of_Origin_USA,Ford,Edge,2019.0,16929.258,16929.258
25620,19684.0,5.0,0,0,0,0,0,0,False,False,False,False,False,True,False,False,False,4,SUV,of_Origin_Japan,Lexus,RX,2022.0,49394.883,49394.883
30036,71360.0,6.0,0,0,0,0,0,0,False,False,False,False,False,False,True,False,False,4,SUV,of_Origin_Japan,Honda,CR-V,2021.0,26861.965,26861.965
17450,46000.0,20.0,0,0,0,0,1,0,True,False,False,False,False,False,False,False,True,4,baseline_value_here,of_Origin_UK,MINI,Convertible,2007.0,12757.037,12757.037
22902,97480.0,7.0,0,0,0,0,0,0,False,False,False,False,False,False,True,False,False,4,Hatchback,of_Origin_Japan,Toyota,Prius,2020.0,22890.242,22890.242
27462,232586.0,16.0,0,0,0,0,0,0,False,False,False,False,False,False,True,False,False,4,Hatchback,baseline_value_here,Volkswagen,Golf,2011.0,5300.332,5300.332
32946,158071.0,6.0,0,0,0,0,0,0,False,False,False,False,False,False,True,False,False,baseline_value_here,baseline_value_here,of_Origin_USA,RAM,1500,2021.0,28642.6,28642.6
5660,83309.0,7.0,0,1,0,0,0,0,False,False,False,False,False,True,False,False,False,4,SUV,baseline_value_here,BMW,X2,2020.0,28304.053,28304.053
32932,149405.0,6.0,0,0,0,0,0,0,False,False,False,False,True,False,True,False,False,4,Sedan,of_Origin_Japan,Mazda,Mazda6,2021.0,19490.312,19490.312
33996,499.0,1.0,0,0,0,0,0,0,False,False,False,False,False,False,True,False,False,6,Pickup Truck,of_Origin_USA,Ford,F-150,2026.0,79353.48,79353.48
17514,120300.0,16.0,1,0,0,0,0,0,False,False,False,False,False,False,False,False,True,baseline_value_here,baseline_value_here,of_Origin_UK,MINI,3,2011.0,7425.127,7425.127
34626,75551.0,8.0,0,0,0,0,0,0,False,False,False,False,False,False,True,False,False,baseline_value_here,baseline_value_here,of_Origin_USA,RAM,1500,2019.0,41662.504,41662.504
31955,179000.0,16.0,0,0,0,0,0,0,True,False,False,False,False,False,True,False,False,4,SUV,of_Origin_USA,Jeep,Compass,2011.0,4801.3306,4801.3306
9413,75047.0,5.0,0,0,0,0,0,0,False,False,False,False,True,False,True,False,False,4,SUV,of_Origin_USA,Ford,Edge,2022.0,29653.264,29653.264
27724,96836.0,6.0,0,1,0,0,0,0,False,False,False,False,False,False,True,False,False,6,SUV,of_Origin_Japan,Toyota,Highlander,2021.0,39230.535,39230.535
6600,124500.0,9.0,0,0,0,0,0,0,False,False,False,False,False,False,False,True,False,4,SUV,of_Origin_USA,Buick,Encore,2018.0,14302.641,14302.641
12672,74549.0,8.0,0,0,0,0,0,0,False,False,False,False,False,True,False,False,False,4,SUV,of_Origin_Japan,Infiniti,QX50,2019.0,20759.383,20759.383
23434,4548.0,1.0,0,0,0,0,0,0,False,False,False,False,False,False,True,False,False,4,SUV,baseline_value_here,Volkswagen,Tiguan,2026.0,41149.652,41149.652
36174,52243.0,3.0,0,0,0,0,0,0,False,False,True,False,False,False,True,False,False,6,SUV,of_Origin_Japan,Honda,Pilot,2024.0,52144.598,52144.598
36921,128655.0,8.0,0,0,0,0,0,0,False,False,False,False,True,False,True,False,False,4,Sedan,of_Origin_USA,Ford,Fusion,2019.0,15995.186,15995.186
16210,70650.0,6.0,0,0,0,0,0,1,False,False,False,False,False,True,False,False,False,4,SUV,of_Origin_USA,Lincoln,Corsair,2021.0,35053.324,35053.324
11397,63371.0,3.0,0,0,0,0,1,1,False,False,False,False,False,False,True,False,False,4,SUV,of_Origin_Japan,Honda,CR-V,2024.0,39539.6,39539.6
9253,257689.0,10.0,0,0,0,0,1,0,False,False,False,False,False,False,True,False,False,4,SUV,of_Origin_USA,Ford,Escape,2017.0,7227.2344,7227.2344
25668,65141.0,6.0,0,0,0,0,0,0,False,False,False,False,False,False,True,False,False,4,SUV,of_Origin_Japan,Honda,CR-V,2021.0,27896.299,27896.299
8462,94115.0,4.0,0,0,0,0,0,0,False,False,False,False,False,False,True,False,False,6,Minivan,of_Origin_USA,Chrysler,Pacifica,2023.0,30555.943,30555.943
34413,135345.0,7.0,0,0,0,0,0,0,False,False,False,False,False,False,True,False,False,baseline_value_here,baseline_value_here,of_Origin_USA,RAM,1500,2020.0,30052.111,30052.111
21211,71400.0,4.0,0,0,0,0,0,0,False,False,False,False,False,False,True,False,False,baseline_value_here,baseline_value_here,of_Origin_USA,RAM,1500,2023.0,49511.65,49511.65
4892,8500.0,2.0,0,0,0,0,0,0,False,False,False,False,False,True,False,False,False,4,SUV,baseline_value_here,Audi,Q5,2025.0,61581.2,61581.2
23618,60052.0,4.0,0,0,0,0,0,0,False,False,False,False,False,False,True,False,False,4,SUV,baseline_value_here,Volkswagen,Tiguan,2023.0,27660.2,27660.2
707,53250.0,6.0,0,0,0,0,0,1,False,False,False,False,False,False,True,False,False,6,SUV,of_Origin_USA,Jeep,Wrangler,2021.0,53379.43,53379.43
28546,156600.0,5.0,0,0,0,0,0,0,False,False,False,False,False,False,False,False,False,4,Minivan,of_Origin_South Korea,Kia,Carnival,2022.0,25670.836,25670.836
1431,70000.0,2.0,0,0,0,0,0,0,False,True,False,False,False,False,True,False,False,6,SUV,of_Origin_Japan,Mazda,CX-90,2025.0,41046.125,41046.125
25870,80225.0,4.0,0,0,0,0,0,0,False,False,False,False,False,False,True,False,False,4,SUV,baseline_value_here,Volkswagen,Tiguan,2023.0,24429.383,24429.383
2380,69000.0,5.0,0,0,0,0,0,1,False,False,False,False,False,False,False,False,False,4,SUV,of_Origin_South Korea,Hyundai,Tucson,2022.0,30077.783,30077.783
30852,75336.0,8.0,0,0,0,0,0,0,False,False,False,False,True,False,True,False,False,6,Minivan,of_Origin_USA,Dodge,Grand,2019.0,22094.602,22094.602
27474,119000.0,13.0,0,0,0,0,0,0,False,False,False,False,False,True,False,False,False,4,Sedan,baseline_value_here,Mercedes-Benz,C-Class,2014.0,26286.344,26286.344
11947,154051.0,13.0,0,0,0,0,0,0,False,False,False,False,False,False,False,False,False,4,Sedan,of_Origin_South Korea,Hyundai,Elantra,2014.0,7278.663,7278.663
26435,53000.0,4.0,0,0,0,0,0,0,False,False,True,False,False,True,False,False,False,6,SUV,baseline_value_here,Mercedes-Benz,GLS,2023.0,88968.24,88968.24
19633,134130.0,12.0,0,0,0,0,1,0,True,False,False,False,True,False,False,False,False,3,Hatchback,of_Origin_Japan,Mitsubishi,Mirage,2015.0,3703.0571,3703.0571
4587,26763.0,2.0,0,0,0,0,0,0,False,False,False,False,False,True,False,False,False,4,SUV,baseline_value_here,Audi,Q3,2025.0,44881.203,44881.203
2087,158000.0,9.0,0,0,0,0,0,0,False,False,False,False,False,False,True,False,False,4,SUV,baseline_value_here,Volkswagen,Tiguan,2018.0,15038.095,15038.095
25681,44280.0,3.0,0,0,0,0,0,0,False,True,False,False,False,False,True,False,False,4,SUV,baseline_value_here,Volkswagen,Atlas,2024.0,42946.258,42946.258
803,70365.0,3.0,0,0,0,0,0,0,False,False,False,False,False,False,True,False,False,6,Pickup Truck,of_Origin_USA,Ford,F-150,2024.0,52615.043,52615.043
18586,80780.0,5.0,0,0,0,0,0,1,False,True,False,False,False,True,False,False,False,8,SUV,baseline_value_here,Mercedes-Benz,GLE,2022.0,79641.74,79641.74
10225,93956.0,4.0,0,0,0,0,0,0,False,False,False,False,False,False,False,True,False,4,SUV,of_Origin_USA,GMC,Terrain,2023.0,28408.127,28408.127
23520,8006.0,1.0,0,0,0,0,0,0,False,True,False,False,False,False,True,False,False,4,SUV,baseline_value_here,Volkswagen,Atlas,2026.0,53111.375,53111.375
16345,144112.0,10.0,0,0,0,0,0,0,False,False,False,False,True,True,False,False,False,4,SUV,of_Origin_USA,Lincoln,MKX,2017.0,14931.485,14931.485
37557,35756.0,2.0,0,0,0,0,0,0,False,False,False,False,False,False,True,False,False,4,SUV,of_Origin_Japan,Subaru,Crosstrek,2025.0,37369.195,37369.195
37527,230322.0,12.0,0,1,0,0,0,0,False,False,False,False,True,False,True,False,False,4,SUV,of_Origin_USA,Ford,Edge,2015.0,6051.02,6051.02
22100,71456.0,6.0,0,0,1,0,0,0,False,True,False,False,False,False,True,False,False,4,SUV,of_Origin_Japan,Subaru,Outback,2021.0,29286.926,29286.926
18736,66000.0,5.0,0,0,0,0,0,0,False,True,False,False,False,True,False,False,False,6,SUV,baseline_value_here,Mercedes-Benz,GLE,2022.0,51583.887,51583.887
8315,30526.0,3.0,0,0,0,0,0,0,False,False,False,False,False,False,True,False,False,6,Minivan,of_Origin_USA,Chrysler,Pacifica,2024.0,40004.855,40004.855
9295,171386.0,4.0,1,0,0,0,0,0,False,False,False,False,False,False,True,False,False,6,Pickup Truck,of_Origin_USA,Ford,F-150,2023.0,37210.766,37210.766
2643,115550.0,7.0,0,0,0,0,0,0,False,False,False,False,False,True,False,False,False,6,SUV,of_Origin_USA,Lincoln,Aviator,2020.0,33438.56,33438.56
23106,40098.0,2.0,0,0,0,0,0,1,False,False,False,False,False,False,True,False,False,4,SUV,of_Origin_Japan,Toyota,RAV,2025.0,47825.477,47825.477
16945,1080.0,1.0,0,0,0,0,0,0,False,False,False,False,False,False,False,False,True,baseline_value_here,baseline_value_here,of_Origin_UK,MINI,5,2026.0,47570.453,47570.453
5025,256.0,1.0,0,0,0,0,0,0,False,False,False,False,False,True,False,False,False,6,SUV,baseline_value_here,Audi,Q7,2026.0,85257.266,85257.266
34459,129400.0,6.0,1,0,0,0,0,0,False,False,False,False,False,False,True,False,False,4,SUV,of_Origin_Japan,Mazda,CX-5,2021.0,22491.469,22491.469
10088,59636.0,3.0,0,0,0,0,0,0,False,False,False,False,False,False,False,True,False,8,Pickup Truck,of_Origin_USA,GMC,Sierra,2024.0,52117.71,52117.71
31479,237963.0,10.0,0,0,0,0,0,0,False,False,False,False,False,False,True,False,False,baseline_value_here,baseline_value_here,of_Origin_USA,RAM,1500,2017.0,17790.072,17790.072
34825,60275.0,6.0,0,0,0,0,0,0,True,False,False,False,False,False,True,False,False,4,Sedan,baseline_value_here,Volkswagen,Jetta,2021.0,25750.285,25750.285
5042,7603.0,2.0,0,0,0,0,0,0,False,False,False,False,False,True,False,False,False,6,Coupe,baseline_value_here,Audi,A5,2025.0,65408.6,65408.6
38185,183400.0,16.0,0,0,0,0,0,0,False,False,False,False,False,True,False,False,False,6,Sedan,baseline_value_here,Mercedes-Benz,E-Class,2011.0,9935.356,9935.356
35526,100973.0,9.0,0,0,0,0,0,0,False,True,False,False,False,False,True,False,False,4,Sedan,of_Origin_Japan,Subaru,WRX,2018.0,20365.756,20365.756
20259,158281.0,3.0,0,0,0,0,0,0,False,False,False,False,False,False,True,False,False,4,SUV,of_Origin_Japan,Nissan,Rogue,2024.0,20000.518,20000.518
36983,122383.0,9.0,0,0,0,0,0,0,False,False,False,False,False,False,True,False,False,6,SUV,of_Origin_USA,Jeep,Grand,2018.0,22664.47,22664.47
19321,206655.0,9.0,0,0,0,0,0,0,False,True,False,False,False,False,False,False,False,4,SUV,of_Origin_Japan,Mitsubishi,Outlander,2018.0,11887.2705,11887.2705
12795,12773.0,4.0,0,0,0,0,0,0,False,False,False,False,False,True,False,False,False,4,SUV,of_Origin_Japan,Infiniti,QX50,2023.0,33251.703,33251.703
23769,101052.0,4.0,0,0,0,0,0,0,False,True,False,False,False,False,True,False,False,4,SUV,baseline_value_here,Volkswagen,Atlas,2023.0,33170.9,33170.9
27040,98446.0,9.0,0,0,0,0,0,0,False,False,False,False,False,True,False,False,False,baseline_value_here,baseline_value_here,baseline_value_here,BMW,3,2018.0,26006.002,26006.002
22753,81865.0,4.0,0,1,0,0,0,0,False,False,False,False,False,False,True,False,False,4,SUV,of_Origin_Japan,Toyota,RAV,2023.0,33569.387,33569.387
14033,5500.0,1.0,0,0,0,0,0,0,False,False,False,False,False,False,False,False,False,4,SUV,of_Origin_South Korea,Kia,Seltos,2026.0,35779.14,35779.14
28582,203454.0,13.0,0,0,0,0,0,1,True,False,False,False,True,False,True,False,False,4,Hatchback,of_Origin_Japan,Honda,CR-Z,2014.0,8931.097,8931.097
1066,16283.0,4.0,0,0,0,0,0,0,False,False,False,False,False,False,False,True,False,4,SUV,of_Origin_USA,Buick,Envision,2023.0,33437.67,33437.67
26987,158000.0,13.0,0,0,0,0,0,0,True,False,False,False,False,True,False,False,False,baseline_value_here,baseline_value_here,baseline_value_here,BMW,4,2014.0,14314.798,14314.798
13487,7933.0,2.0,0,0,0,0,0,0,False,False,False,False,False,False,True,False,False,6,SUV,of_Origin_USA,Jeep,Grand,2025.0,60121.566,60121.566
5879,6800.0,1.0,0,0,0,0,0,0,False,False,False,False,False,False,False,True,False,4,SUV,of_Origin_USA,Buick,Envision,2026.0,52975.71,52975.71
25236,120794.0,7.0,0,0,0,0,0,0,False,False,False,False,False,False,False,False,False,4,SUV,of_Origin_South Korea,Hyundai,Tucson,2020.0,17943.447,17943.447
37423,63000.0,10.0,0,0,0,0,0,0,False,False,False,False,False,True,False,False,False,4,Sedan,baseline_value_here,Mercedes-Benz,C-Class,2017.0,26864.52,26864.52
33799,195000.0,10.0,0,0,0,0,0,0,False,False,False,False,False,False,False,True,False,4,SUV,of_Origin_USA,GMC,Terrain,2017.0,11298.084,11298.084
2263,125000.0,12.0,1,0,0,0,0,0,False,False,False,False,False,False,True,False,False,4,SUV,of_Origin_Japan,Toyota,RAV,2015.0,17822.924,17822.924
7890,3522.0,2.0,0,0,0,0,0,0,False,False,True,False,False,False,False,False,False,8,Coupe,of_Origin_USA,Chevrolet,Corvette,2025.0,107761.08,107761.08
12126,159914.0,5.0,0,0,0,0,0,0,False,False,False,False,False,False,False,False,False,4,Sedan,of_Origin_South Korea,Hyundai,Elantra,2022.0,14535.504,14535.504
3022,122000.0,12.0,0,0,0,0,0,0,False,True,False,False,False,True,False,False,False,baseline_value_here,baseline_value_here,baseline_value_here,BMW,5,2015.0,17504.389,17504.389
2316,143745.0,14.0,0,0,0,0,0,0,False,False,False,False,True,True,False,False,False,6,baseline_value_here,of_Origin_Japan,Infiniti,G,2013.0,13912.518,13912.518
36629,79662.0,4.0,0,0,0,0,0,0,False,False,False,False,True,True,False,False,False,6,Sedan,baseline_value_here,Audi,S4,2023.0,54968.863,54968.863
12850,98152.0,7.0,0,0,0,0,0,0,False,False,False,False,False,True,False,False,False,4,SUV,of_Origin_Japan,Infiniti,QX50,2020.0,23564.885,23564.885
608,190894.0,17.0,0,0,0,0,0,1,False,False,False,False,False,False,True,False,False,4,Hatchback,of_Origin_Japan,Toyota,Prius,2010.0,7476.1904,7476.1904
11103,40834.0,3.0,0,0,0,0,0,0,False,True,False,False,False,False,True,False,False,6,Minivan,of_Origin_Japan,Honda,Odyssey,2024.0,47546.83,47546.83
26256,126900.0,9.0,0,0,0,0,0,0,False,True,False,False,False,False,True,False,False,4,SUV,baseline_value_here,Volkswagen,Atlas,2018.0,22537.03,22537.03
27267,55630.0,5.0,0,0,0,0,0,0,False,False,False,False,True,False,True,False,False,4,SUV,of_Origin_USA,Ford,Edge,2022.0,25834.207,25834.207
13619,49389.0,6.0,0,1,0,0,0,0,False,False,False,False,False,False,True,False,False,6,Pickup Truck,of_Origin_USA,Jeep,Gladiator,2021.0,37546.684,37546.684
32272,99766.0,14.0,0,0,0,0,0,0,False,False,False,False,False,False,True,False,False,4,SUV,of_Origin_Japan,Subaru,Forester,2013.0,12097.231,12097.231
8280,78798.0,4.0,0,0,0,0,0,0,False,False,False,False,False,False,True,False,False,6,Minivan,of_Origin_USA,Chrysler,Grand,2023.0,31260.799,31260.799
23770,71889.0,6.0,0,0,0,0,0,0,False,True,False,False,False,False,True,False,False,4,SUV,baseline_value_here,Volkswagen,Atlas,2021.0,32633.283,32633.283
4482,69869.0,8.0,0,0,0,0,0,0,False,True,False,False,False,True,False,False,False,6,Sedan,baseline_value_here,Audi,A6,2019.0,32314.205,32314.205
21868,195050.0,11.0,0,0,0,0,0,0,False,False,False,False,False,False,True,False,False,4,Sedan,of_Origin_Japan,Subaru,Impreza,2016.0,9639.214,9639.214
9135,19912.0,3.0,0,0,0,0,0,0,False,False,False,False,False,False,True,False,False,6,SUV,of_Origin_USA,Dodge,Durango,2024.0,77033.35,77033.35
29822,52639.0,5.0,0,0,0,0,0,1,False,False,False,False,False,True,False,False,False,4,SUV,of_Origin_Sweden,Volvo,XC60,2022.0,37775.797,37775.797
8069,45876.0,4.0,0,1,1,0,0,0,False,False,False,False,False,False,False,False,False,8,Pickup Truck,of_Origin_USA,Chevrolet,Silverado,2023.0,62051.58,62051.58
24831,74170.0,4.0,0,0,0,0,0,1,False,False,False,False,False,True,False,False,False,4,Wagon,of_Origin_Sweden,Volvo,V60,2023.0,39712.62,39712.62
5972,360.0,2.0,0,0,0,0,0,0,False,False,False,False,False,False,False,True,False,4,SUV,of_Origin_USA,Buick,Envision,2025.0,34475.652,34475.652
6583,98477.0,6.0,0,0,0,0,0,0,False,True,False,False,False,False,False,True,False,6,SUV,of_Origin_USA,Buick,Enclave,2021.0,34153.863,34153.863
35466,73794.0,3.0,0,0,0,0,0,0,False,False,False,False,False,False,True,False,False,4,SUV,of_Origin_Japan,Toyota,RAV,2024.0,34305.89,34305.89
32929,119509.0,5.0,0,1,0,0,0,0,False,False,False,False,False,False,False,False,False,4,SUV,of_Origin_South Korea,Hyundai,Kona,2022.0,22445.37,22445.37
32850,157900.0,10.0,0,0,0,0,0,0,False,False,False,False,False,False,False,False,False,4,Sedan,of_Origin_South Korea,Hyundai,Elantra,2017.0,10151.233,10151.233
27960,193372.0,12.0,0,0,0,0,0,0,False,False,False,False,False,True,False,False,False,4,SUV,of_Origin_Japan,Infiniti,QX50,2015.0,9902.541,9902.541
20168,216298.0,9.0,0,0,0,0,1,0,False,False,False,False,False,False,True,False,False,4,SUV,of_Origin_Japan,Nissan,Rogue,2018.0,9789.477,9789.477
897,96754.0,7.0,0,0,0,0,0,0,False,False,False,False,False,True,False,False,False,4,Wagon,baseline_value_here,Mercedes-Benz,C-Class,2020.0,28842.84,28842.84
31920,300.0,1.0,0,0,0,0,0,1,False,False,False,False,False,False,True,False,False,4,SUV,of_Origin_Japan,Honda,CR-V,2026.0,51829.53,51829.53
36630,25195.0,3.0,0,0,0,0,0,0,False,False,False,False,False,True,False,False,False,6,Hatchback,baseline_value_here,Audi,S5,2024.0,51394.5,51394.5
13361,66710.0,5.0,0,0,0,0,0,0,False,False,False,False,False,False,True,False,False,6,SUV,of_Origin_USA,Jeep,Grand,2022.0,40683.26,40683.26
12191,19677.0,2.0,0,0,0,0,0,0,False,False,False,False,False,False,False,False,False,4,SUV,of_Origin_South Korea,Hyundai,Kona,2025.0,28778.32,28778.32
5568,70983.0,5.0,1,0,0,0,0,0,False,False,False,False,False,True,False,False,False,baseline_value_here,baseline_value_here,baseline_value_here,BMW,2,2022.0,35004.59,35004.59
1571,8000.0,2.0,0,1,0,0,0,0,False,False,False,False,False,False,True,False,False,4,Sedan,baseline_value_here,Volkswagen,Jetta,2025.0,26328.887,26328.887
30963,144989.0,10.0,0,0,0,0,0,0,False,False,True,False,False,False,True,False,False,6,SUV,of_Origin_Japan,Honda,Pilot,2017.0,22590.426,22590.426
8005,138374.0,4.0,0,0,0,0,0,0,False,False,False,False,False,False,False,False,False,4,SUV,of_Origin_USA,Chevrolet,Equinox,2023.0,23411.695,23411.695
30832,121928.0,9.0,0,0,0,0,0,0,False,False,False,False,False,False,True,False,False,4,SUV,of_Origin_USA,Jeep,Cherokee,2018.0,15665.897,15665.897
38330,17926.0,3.0,0,0,0,0,0,0,False,False,False,False,False,False,False,True,False,4,SUV,of_Origin_USA,Buick,Envision,2024.0,29343.701,29343.701
27045,40927.0,3.0,0,0,0,0,0,0,False,False,False,False,False,False,True,False,False,4,SUV,of_Origin_Japan,Subaru,Crosstrek,2024.0,30699.26,30699.26
17686,23667.0,3.0,0,0,1,0,0,0,False,False,False,False,False,False,True,False,False,4,SUV,of_Origin_Japan,Mazda,CX-5,2024.0,36615.598,36615.598
23606,32090.0,6.0,0,0,0,0,0,0,False,False,False,False,False,False,True,False,False,4,Hatchback,baseline_value_here,Volkswagen,Golf,2021.0,26148.95,26148.95
22024,44824.0,3.0,0,1,1,0,0,0,False,False,False,False,False,False,True,False,False,4,Sedan,of_Origin_Japan,Subaru,Impreza,2024.0,27147.793,27147.793
13012,118731.0,12.0,0,0,0,0,1,0,False,False,False,False,True,True,False,False,False,6,Sedan,of_Origin_Japan,Infiniti,Q50,2015.0,15485.843,15485.843
37026,37844.0,4.0,0,0,0,0,0,0,False,False,False,False,False,True,False,False,False,6,SUV,baseline_value_here,Audi,Q7,2023.0,51664.242,51664.242
23088,86062.0,3.0,0,0,0,0,0,0,False,False,False,False,False,False,True,False,False,4,SUV,of_Origin_Japan,Toyota,RAV,2024.0,34610.188,34610.188
27031,4567.0,1.0,0,0,0,0,0,0,False,False,False,False,False,False,True,False,False,6,SUV,of_Origin_USA,Dodge,Durango,2026.0,56468.105,56468.105
34925,62871.0,6.0,0,0,0,0,0,0,False,False,False,False,False,False,False,False,False,4,SUV,of_Origin_South Korea,Hyundai,Kona,2021.0,22470.914,22470.914
29693,280000.0,19.0,0,0,0,0,0,0,False,False,False,False,True,True,False,False,False,4,SUV,of_Origin_USA,Lincoln,MKX,2008.0,2674.1912,2674.1912
19325,157141.0,8.0,0,0,0,0,0,0,False,True,False,False,False,False,False,False,False,4,SUV,of_Origin_Japan,Mitsubishi,Outlander,2019.0,15225.761,15225.761
10696,29207.0,2.0,0,0,0,0,0,0,False,False,False,False,False,True,False,False,False,4,SUV,of_Origin_South Korea,Genesis,GV70,2025.0,53452.87,53452.87
26929,48347.0,2.0,0,0,0,0,0,0,False,False,False,False,False,False,True,False,False,4,SUV,of_Origin_USA,Ford,Explorer,2025.0,35511.438,35511.438
29616,247114.0,16.0,0,0,0,0,0,0,False,False,False,False,False,False,True,False,False,4,SUV,of_Origin_Japan,Toyota,RAV,2011.0,8577.427,8577.427
4150,3717.0,2.0,0,0,0,0,0,0,False,False,False,False,False,True,False,False,False,4,SUV,of_Origin_Japan,baseline_value_here,ADX,2025.0,48547.84,48547.84
18651,92564.0,7.0,0,0,0,0,0,0,False,False,False,False,False,True,False,False,False,4,SUV,baseline_value_here,Mercedes-Benz,GLC,2020.0,34768.582,34768.582
20468,175750.0,13.0,0,0,0,0,0,0,False,False,False,False,False,False,True,False,False,4,SUV,of_Origin_Japan,Nissan,Rogue,2014.0,7136.209,7136.209
10961,160145.0,8.0,0,0,0,0,0,0,False,False,False,False,False,True,False,False,False,4,Sedan,of_Origin_South Korea,Genesis,G70,2019.0,21506.166,21506.166
5618,20174.0,2.0,0,0,0,0,0,0,False,False,False,False,False,True,False,False,False,4,SUV,baseline_value_here,BMW,X3,2025.0,49025.453,49025.453
32446,100465.0,4.0,0,0,0,0,0,0,False,False,False,False,True,False,True,False,False,4,SUV,of_Origin_USA,Ford,Edge,2023.0,24944.574,24944.574
5116,9211.0,2.0,0,0,0,0,0,0,False,False,False,False,False,True,False,False,False,6,Coupe,baseline_value_here,Audi,A5,2025.0,51411.688,51411.688
31226,26547.0,4.0,0,0,0,0,0,0,False,False,False,False,False,True,False,False,False,4,SUV,baseline_value_here,Audi,Q3,2023.0,38023.285,38023.285
23090,37470.0,2.0,0,0,0,0,0,0,False,False,False,False,False,False,True,False,False,4,SUV,of_Origin_Japan,Toyota,RAV,2025.0,39093.895,39093.895
1069,73877.0,3.0,0,0,0,0,0,0,False,False,False,False,False,False,True,False,False,4,SUV,baseline_value_here,Volkswagen,Taos,2024.0,25209.092,25209.092
13526,79761.0,6.0,0,0,0,0,0,1,False,False,False,False,False,False,True,False,False,6,SUV,of_Origin_USA,Jeep,Wrangler,2021.0,38361.49,38361.49
28335,131307.0,10.0,0,0,0,0,0,0,True,False,False,False,False,False,True,False,False,4,Sedan,of_Origin_Japan,Honda,Civic,2017.0,15273.585,15273.585
20478,44184.0,4.0,0,0,0,0,0,0,False,False,False,False,False,False,True,False,False,4,SUV,of_Origin_Japan,Nissan,Rogue,2023.0,25682.041,25682.041
31672,142779.0,8.0,0,0,0,0,0,0,False,False,False,False,False,False,False,False,False,4,SUV,of_Origin_South Korea,Hyundai,Santa,2019.0,15040.868,15040.868
5341,3489.0,1.0,0,0,0,0,0,0,False,False,False,False,False,True,False,False,False,4,SUV,baseline_value_here,BMW,X1,2026.0,71476.99,71476.99
17559,103460.0,13.0,0,0,0,0,0,0,False,False,False,False,False,False,False,False,True,baseline_value_here,baseline_value_here,of_Origin_UK,MINI,3,2014.0,10158.269,10158.269
8741,120000.0,11.0,0,0,0,0,0,0,False,False,False,False,True,False,True,False,False,6,Minivan,of_Origin_USA,Dodge,Grand,2016.0,13187.468,13187.468
13971,89125.0,4.0,0,0,0,0,0,0,False,False,False,False,False,False,False,False,False,4,SUV,of_Origin_South Korea,Kia,Seltos,2023.0,24431.271,24431.271
38329,121895.0,14.0,0,0,0,0,0,0,False,False,False,False,False,False,True,False,False,4,Sedan,of_Origin_Japan,Honda,Civic,2013.0,11838.389,11838.389
27785,113575.0,5.0,0,0,0,0,0,0,False,False,False,False,False,False,True,False,False,6,SUV,of_Origin_USA,Jeep,Grand,2022.0,33627.88,33627.88
29779,51682.0,5.0,0,0,0,0,0,0,False,True,False,False,False,True,False,False,False,6,SUV,baseline_value_here,Mercedes-Benz,GLE,2022.0,64782.72,64782.72
14045,46716.0,4.0,0,0,0,0,0,0,False,False,False,False,True,False,False,False,False,4,Sedan,of_Origin_South Korea,Kia,Forte,2023.0,22291.709,22291.709
32585,177000.0,7.0,0,0,0,0,0,0,False,False,False,False,False,False,False,False,False,4,SUV,of_Origin_South Korea,Kia,Sportage,2020.0,14562.08,14562.08
23649,5705.0,2.0,0,0,0,0,0,0,False,False,False,False,False,False,True,False,False,4,SUV,baseline_value_here,Volkswagen,Tiguan,2025.0,40706.945,40706.945
22773,26799.0,3.0,0,0,0,0,0,1,False,False,False,False,False,False,True,False,False,4,SUV,of_Origin_Japan,Toyota,RAV,2024.0,50143.977,50143.977
37518,135680.0,7.0,0,0,0,0,0,0,False,False,False,False,False,False,True,False,False,4,Sedan,of_Origin_Japan,Toyota,Corolla,2020.0,20623.45,20623.45
33020,180035.0,9.0,0,0,0,0,0,0,False,False,False,False,False,False,False,False,False,4,SUV,of_Origin_USA,Chevrolet,Equinox,2018.0,12574.667,12574.667
34917,31646.0,3.0,0,1,0,0,0,1,False,True,False,False,False,False,True,False,False,6,SUV,of_Origin_Japan,Toyota,Land,2024.0,53956.203,53956.203
18516,45223.0,7.0,0,0,0,0,0,0,False,False,False,False,False,True,False,False,False,4,SUV,baseline_value_here,Mercedes-Benz,GLC,2020.0,34814.16,34814.16
29752,198625.0,12.0,0,0,0,0,0,0,False,False,False,False,False,False,True,False,False,4,Sedan,of_Origin_Japan,Mazda,Mazda3,2015.0,8824.892,8824.892
17206,90320.0,7.0,0,0,0,0,0,0,False,False,False,False,False,False,False,False,True,baseline_value_here,baseline_value_here,of_Origin_UK,MINI,3,2020.0,23263.99,23263.99
26191,11056.0,2.0,0,0,0,0,0,0,False,False,False,False,False,False,False,False,False,4,SUV,of_Origin_USA,Chevrolet,Trax,2025.0,29562.334,29562.334
2710,76170.0,8.0,0,0,0,0,0,0,False,False,False,False,False,False,False,False,False,4,SUV,of_Origin_Japan,Mitsubishi,RVR,2019.0,17745.516,17745.516
27487,32381.0,2.0,0,0,0,0,0,0,False,False,False,False,False,False,False,False,False,4,SUV,of_Origin_South Korea,Hyundai,Kona,2025.0,29280.514,29280.514
20487,32815.0,4.0,1,0,0,0,0,0,False,False,False,False,False,False,True,False,False,4,SUV,of_Origin_Japan,Nissan,Rogue,2023.0,25702.043,25702.043
2501,162756.0,9.0,0,0,0,0,0,0,False,False,False,False,False,False,False,False,False,4,Sedan,of_Origin_South Korea,Hyundai,Elantra,2018.0,10069.215,10069.215
8525,49366.0,3.0,0,0,1,0,0,0,False,False,False,False,False,False,True,False,False,6,Minivan,of_Origin_USA,Chrysler,Grand,2024.0,38310.55,38310.55
7273,213000.0,11.0,0,0,0,0,0,0,False,False,False,True,False,True,False,False,False,8,SUV,of_Origin_USA,Cadillac,Escalade,2016.0,20617.818,20617.818
34620,14895.0,2.0,0,0,0,0,0,0,False,False,False,False,False,False,True,False,False,6,Van,of_Origin_USA,RAM,ProMaster,2025.0,50399.32,50399.32
7024,52113.0,3.0,0,0,0,0,0,0,False,False,False,False,False,True,False,False,False,4,SUV,of_Origin_USA,Cadillac,XT4,2024.0,43516.438,43516.438
25598,70000.0,5.0,1,0,0,0,0,0,False,False,False,False,False,True,False,False,False,4,SUV,baseline_value_here,BMW,X2,2022.0,28974.438,28974.438
29910,33962.0,2.0,0,0,0,0,0,0,False,False,False,False,False,False,False,False,False,4,Sedan,of_Origin_South Korea,Kia,K4,2025.0,29604.695,29604.695
35379,15911.0,2.0,0,0,0,0,0,1,False,False,False,False,False,False,True,False,False,4,SUV,of_Origin_Japan,Toyota,RAV,2025.0,54288.24,54288.24
28146,188500.0,9.0,0,0,0,0,0,0,False,False,False,False,False,False,True,False,False,4,Sedan,of_Origin_Japan,Honda,Accord,2018.0,13019.764,13019.764
11834,19526.0,3.0,0,0,0,0,0,0,False,False,False,False,False,False,False,False,False,4,SUV,of_Origin_South Korea,Hyundai,Santa,2024.0,29848.426,29848.426
17510,82000.0,9.0,0,0,0,0,0,0,False,False,False,False,False,False,False,False,True,baseline_value_here,baseline_value_here,of_Origin_UK,MINI,3,2018.0,18173.68,18173.68
24825,77514.0,3.0,0,0,0,0,0,0,False,False,False,False,False,True,False,False,False,4,SUV,of_Origin_Sweden,Volvo,XC40,2024.0,41684.418,41684.418
20190,59000.0,3.0,0,0,0,0,0,0,False,False,False,False,False,False,True,False,False,4,SUV,of_Origin_Japan,Nissan,Rogue,2024.0,28656.219,28656.219
25027,51279.0,4.0,0,0,0,0,0,0,False,False,False,False,False,True,False,False,False,4,SUV,of_Origin_Japan,baseline_value_here,RDX,2023.0,40283.344,40283.344
33621,40087.0,4.0,0,0,0,0,0,1,False,False,False,False,False,False,False,False,False,4,SUV,of_Origin_South Korea,Hyundai,TUCSON,2023.0,37594.113,37594.113
27566,143992.0,9.0,0,0,0,0,0,0,False,False,False,False,False,False,True,False,False,6,Pickup Truck,of_Origin_USA,Ford,F-150,2018.0,25853.002,25853.002
9518,89010.0,10.0,0,0,0,0,0,0,False,False,False,False,False,False,True,False,False,4,SUV,of_Origin_USA,Ford,Escape,2017.0,13661.886,13661.886
31634,300.0,1.0,0,0,0,0,0,1,False,False,False,False,False,False,True,False,False,4,SUV,of_Origin_Japan,Honda,CR-V,2026.0,51829.53,51829.53
949,168823.0,16.0,0,0,0,0,0,0,True,False,False,False,False,False,True,False,False,4,Sedan,baseline_value_here,Volkswagen,Jetta,2011.0,5486.5522,5486.5522
27873,189334.0,9.0,0,0,0,0,0,0,False,False,False,False,False,False,False,False,False,4,SUV,of_Origin_USA,Chevrolet,Equinox,2018.0,11362.638,11362.638
35372,30977.0,3.0,0,0,0,0,0,0,False,True,False,False,False,False,False,False,False,4,SUV,of_Origin_Japan,Mitsubishi,Outlander,2024.0,35927.434,35927.434
33253,18147.0,3.0,0,0,0,0,0,1,False,False,False,False,False,False,True,False,False,4,Sedan,of_Origin_Japan,Toyota,Corolla,2024.0,35323.387,35323.387
38397,34963.0,3.0,0,0,0,0,0,0,False,False,False,False,False,False,False,False,True,baseline_value_here,baseline_value_here,of_Origin_UK,MINI,3,2024.0,36519.844,36519.844
25179,27027.0,10.0,0,0,0,0,0,0,False,False,False,False,False,True,False,False,False,4,Sedan,baseline_value_here,Mercedes-Benz,E-Class,2017.0,34561.754,34561.754
14164,48650.0,4.0,0,0,0,0,0,0,False,False,False,False,True,False,False,False,False,6,SUV,of_Origin_South Korea,Kia,Telluride,2023.0,45681.12,45681.12
29737,10326.0,3.0,0,0,0,0,0,0,False,False,False,False,False,False,False,False,False,8,Pickup Truck,of_Origin_USA,Chevrolet,Silverado,2024.0,52067.914,52067.914
2317,99507.0,5.0,0,0,0,0,0,0,False,False,False,False,False,False,True,False,False,4,Sedan,of_Origin_Japan,Honda,Civic,2022.0,23221.219,23221.219
23725,72320.0,3.0,1,0,0,0,0,0,False,False,False,False,False,False,True,False,False,4,SUV,baseline_value_here,Volkswagen,Tiguan,2024.0,25146.123,25146.123
20445,46870.0,4.0,0,0,0,0,0,0,False,False,False,False,False,False,True,False,False,4,SUV,of_Origin_Japan,Nissan,Rogue,2023.0,24916.37,24916.37
18499,69850.0,5.0,0,0,0,0,0,0,False,False,False,False,False,True,False,False,False,4,SUV,baseline_value_here,Mercedes-Benz,GLC,2022.0,33220.562,33220.562
27809,33256.0,4.0,0,0,0,0,0,0,False,False,False,False,False,False,True,False,False,6,SUV,of_Origin_USA,Jeep,Wrangler,2023.0,39880.74,39880.74
9014,42007.0,6.0,0,0,0,0,0,0,False,False,False,False,False,False,True,False,False,6,Sedan,of_Origin_USA,Dodge,Charger,2021.0,47365.73,47365.73
28210,194373.0,9.0,0,0,0,0,0,0,False,False,False,False,False,False,True,False,False,baseline_value_here,baseline_value_here,of_Origin_USA,RAM,2500,2018.0,19967.26,19967.26
4633,84481.0,5.0,0,0,0,0,0,0,False,False,False,False,False,True,False,False,False,6,SUV,baseline_value_here,Audi,SQ5,2022.0,41726.105,41726.105
25005,122467.0,19.0,0,1,0,0,0,0,False,False,False,False,False,False,True,False,False,4,Sedan,of_Origin_Japan,Honda,Accord,2008.0,7602.539,7602.539
33929,205000.0,16.0,0,0,0,0,0,0,False,False,False,False,False,False,True,False,False,4,Sedan,of_Origin_Japan,Toyota,Corolla,2011.0,7715.816,7715.816
2838,127312.0,8.0,0,0,0,0,0,0,False,False,False,False,False,False,False,False,False,4,SUV,of_Origin_South Korea,Hyundai,Santa,2019.0,16113.467,16113.467
36552,44093.0,4.0,0,0,0,0,0,0,False,False,False,False,False,False,True,False,False,4,Sedan,of_Origin_Japan,Honda,Civic,2023.0,28807.133,28807.133
36784,11500.0,8.0,0,0,0,0,0,0,False,False,False,False,False,True,False,False,False,4,Coupe,baseline_value_here,Mercedes-Benz,C-Class,2019.0,68525.7,68525.7
36764,13400.0,3.0,0,0,0,0,0,0,False,False,False,False,False,False,False,False,False,4,SUV,of_Origin_South Korea,Kia,Seltos,2024.0,28667.266,28667.266
13316,89676.0,6.0,0,0,0,0,0,0,False,False,False,False,False,False,True,False,False,6,SUV,of_Origin_USA,Jeep,Grand,2021.0,30010.053,30010.053
17361,18907.0,1.0,0,0,0,0,0,0,False,False,False,False,False,False,False,False,True,4,SUV,of_Origin_UK,MINI,Countryman,2026.0,46811.99,46811.99
33685,31897.0,2.0,0,0,0,0,0,0,False,False,False,False,False,True,False,False,False,4,SUV,of_Origin_Japan,Lexus,NX,2025.0,41734.33,41734.33
965,87007.0,5.0,0,1,0,0,0,0,False,False,False,False,False,False,True,False,False,baseline_value_here,baseline_value_here,of_Origin_USA,RAM,1500,2022.0,45491.086,45491.086
32613,167896.0,13.0,0,0,0,0,0,0,False,True,False,False,False,False,True,False,False,4,SUV,of_Origin_Japan,Subaru,Outback,2014.0,8012.445,8012.445
27907,40413.0,6.0,0,0,0,0,0,0,False,False,False,False,False,True,False,False,False,4,Sedan,of_Origin_South Korea,Genesis,G70,2021.0,31974.504,31974.504
13430,54375.0,4.0,0,0,0,0,0,1,False,False,False,False,False,False,True,False,False,6,SUV,of_Origin_USA,Jeep,Wrangler,2023.0,41336.42,41336.42
2901,123990.0,8.0,0,0,0,0,0,0,False,False,False,False,False,True,False,False,False,4,SUV,of_Origin_Sweden,Volvo,XC60,2019.0,25308.08,25308.08
1940,119000.0,11.0,0,0,0,0,0,0,False,False,False,False,False,False,True,False,False,4,SUV,of_Origin_Japan,Subaru,Crosstrek,2016.0,15646.39,15646.39
17453,90348.0,6.0,0,0,0,0,0,0,False,False,False,False,False,False,False,False,True,4,baseline_value_here,of_Origin_UK,MINI,Convertible,2021.0,23620.64,23620.64
7235,189324.0,11.0,0,0,0,0,0,0,False,False,False,False,True,True,False,False,False,6,Sedan,of_Origin_USA,Cadillac,ATS,2016.0,12256.056,12256.056
25287,98175.0,7.0,0,0,0,0,0,0,False,False,False,False,False,False,True,False,False,4,Sedan,of_Origin_Japan,Toyota,Corolla,2020.0,21139.47,21139.47
202,66000.0,5.0,0,0,0,0,0,1,False,False,False,False,False,True,False,False,False,4,SUV,baseline_value_here,Mercedes-Benz,GLC,2022.0,42176.45,42176.45
10779,89852.0,6.0,0,0,0,0,0,0,False,False,False,False,True,True,False,False,False,8,Sedan,of_Origin_South Korea,Genesis,G90,2021.0,44185.6,44185.6
11269,43590.0,2.0,0,1,0,0,1,1,False,False,False,False,False,False,True,False,False,4,Sedan,of_Origin_Japan,Honda,Civic,2025.0,36302.766,36302.766
12982,100300.0,3.0,0,0,0,0,0,0,False,True,False,False,False,True,False,False,False,8,SUV,of_Origin_Japan,Infiniti,QX80,2024.0,44725.76,44725.76
24743,9481.0,2.0,0,0,0,0,0,0,False,False,False,False,False,True,False,False,False,4,SUV,of_Origin_Sweden,Volvo,XC40,2025.0,45521.742,45521.742
12091,15854.0,2.0,0,0,0,0,0,0,False,False,False,False,False,False,False,False,False,4,Sedan,of_Origin_South Korea,Hyundai,Elantra,2025.0,24754.96,24754.96
1204,45463.0,4.0,1,0,1,0,0,0,False,False,False,False,False,True,False,False,False,6,SUV,of_Origin_South Korea,Genesis,GV70,2023.0,46652.586,46652.586
13400,59232.0,3.0,1,0,0,0,0,0,False,False,False,False,False,False,True,False,False,4,SUV,of_Origin_USA,Jeep,Compass,2024.0,24393.68,24393.68
21993,30278.0,2.0,0,1,0,0,0,0,False,False,False,False,False,False,True,False,False,4,SUV,of_Origin_Japan,Subaru,Crosstrek,2025.0,38911.895,38911.895
12685,231585.0,13.0,0,0,0,0,0,0,False,False,False,False,True,True,False,False,False,6,Sedan,of_Origin_Japan,Infiniti,Q50,2014.0,7380.971,7380.971
3906,17964.0,2.0,0,0,0,0,0,0,False,False,False,False,False,True,False,False,False,4,SUV,of_Origin_Japan,baseline_value_here,RDX,2025.0,45031.965,45031.965
18683,55631.0,5.0,0,0,0,0,0,0,False,False,False,False,False,True,False,False,False,4,SUV,baseline_value_here,Mercedes-Benz,GLC,2022.0,41709.387,41709.387
11606,4500.0,1.0,0,0,0,0,0,1,False,False,False,False,False,False,True,False,False,4,SUV,of_Origin_Japan,Honda,CR-V,2026.0,52733.51,52733.51
25888,99792.0,8.0,0,0,0,0,0,0,False,False,False,False,False,True,False,False,False,4,SUV,baseline_value_here,Mercedes-Benz,GLC,2019.0,26099.152,26099.152
8795,77966.0,4.0,0,0,0,0,0,0,False,False,False,False,False,False,True,False,False,6,Sedan,of_Origin_USA,Dodge,Charger,2023.0,31199.824,31199.824
12656,164147.0,10.0,0,0,0,0,0,0,False,False,False,False,False,True,False,False,False,6,SUV,of_Origin_Japan,Infiniti,QX60,2017.0,13310.149,13310.149
22005,96000.0,9.0,0,0,0,0,0,0,True,True,False,False,False,False,True,False,False,4,Sedan,of_Origin_Japan,Subaru,WRX,2018.0,22892.26,22892.26
27579,59197.0,3.0,0,0,0,0,0,0,False,False,False,False,False,False,True,False,False,6,SUV,of_Origin_USA,Jeep,Wrangler,2024.0,45559.7,45559.7
31559,39504.0,2.0,0,0,0,0,0,0,False,False,False,False,False,False,True,False,False,4,SUV,of_Origin_USA,Ford,Escape,2025.0,27742.111,27742.111
15674,75244.0,4.0,0,0,0,0,0,1,False,False,False,False,False,True,False,False,False,4,SUV,of_Origin_Japan,Lexus,RX,2023.0,54794.36,54794.36
32474,17300.0,4.0,0,0,0,0,0,0,False,False,False,False,False,True,False,False,False,6,SUV,of_Origin_USA,Lincoln,Aviator,2023.0,63336.266,63336.266
25748,68421.0,4.0,0,0,0,0,0,0,False,True,False,False,False,False,True,False,False,4,SUV,baseline_value_here,Volkswagen,Atlas,2023.0,37798.21,37798.21
8044,19953.0,3.0,0,0,0,0,0,0,False,False,False,False,False,False,False,False,False,6,Van,of_Origin_USA,Chevrolet,Express,2024.0,38907.473,38907.473
13878,48848.0,5.0,0,0,0,0,0,0,False,False,False,False,False,False,False,False,False,4,SUV,of_Origin_South Korea,Kia,Sorento,2022.0,24787.336,24787.336
2991,173677.0,12.0,0,0,0,0,0,0,False,False,False,False,False,False,True,False,False,4,Sedan,of_Origin_Japan,Mazda,Mazda3,2015.0,10023.465,10023.465
38780,48000.0,4.0,0,0,0,0,0,1,False,False,False,False,True,True,False,False,False,8,Sedan,baseline_value_here,Mercedes-Benz,S-Class,2023.0,90291.44,90291.44
18697,82508.0,9.0,0,0,0,0,0,0,False,False,False,False,False,True,False,False,False,6,SUV,baseline_value_here,Mercedes-Benz,GLC,2018.0,35683.812,35683.812
437,86327.0,11.0,0,0,0,0,0,0,False,False,False,False,False,False,True,False,False,4,SUV,of_Origin_Japan,Honda,CR-V,2016.0,18522.576,18522.576
21880,88954.0,10.0,0,0,1,0,0,0,False,False,False,False,False,False,True,False,False,4,Sedan,of_Origin_Japan,Subaru,Impreza,2017.0,15067.85,15067.85
8476,210108.0,9.0,0,0,0,0,0,0,False,False,False,False,False,False,True,False,False,6,Minivan,of_Origin_USA,Chrysler,Pacifica,2018.0,14200.868,14200.868
38610,46293.0,2.0,0,0,0,0,0,0,False,False,False,False,False,False,True,False,False,baseline_value_here,baseline_value_here,of_Origin_USA,RAM,1500,2025.0,49105.047,49105.047
13488,1012.0,2.0,0,0,0,0,0,0,False,False,False,False,False,False,True,False,False,4,SUV,of_Origin_USA,Jeep,Compass,2025.0,42569.71,42569.71
28416,300.0,1.0,0,0,0,0,0,1,False,False,False,False,False,False,True,False,False,4,SUV,of_Origin_Japan,Honda,CR-V,2026.0,51829.53,51829.53
30936,23400.0,3.0,0,0,0,0,0,0,False,False,False,False,False,False,True,False,False,baseline_value_here,baseline_value_here,of_Origin_USA,RAM,1500,2024.0,54443.582,54443.582
35217,238000.0,22.0,0,0,0,0,0,0,True,False,False,False,False,False,False,False,True,baseline_value_here,baseline_value_here,of_Origin_UK,MINI,3,2005.0,3646.2024,3646.2024
14206,58072.0,3.0,1,1,0,0,0,0,False,False,False,False,True,False,False,False,False,4,Sedan,of_Origin_South Korea,Kia,Forte,2024.0,19723.414,19723.414
15385,10503.0,2.0,0,0,0,0,0,0,False,False,False,False,False,True,False,False,False,4,SUV,of_Origin_Japan,Lexus,NX,2025.0,51253.652,51253.652
35383,61010.0,4.0,0,0,0,0,0,0,False,False,False,False,False,True,False,False,False,4,SUV,baseline_value_here,BMW,X4,2023.0,50096.72,50096.72
37136,55485.0,10.0,0,0,0,0,0,0,False,False,False,False,False,False,True,False,False,4,Sedan,of_Origin_Japan,Honda,Civic,2017.0,19870.246,19870.246
14032,80740.0,4.0,0,0,0,0,0,0,False,False,False,False,False,False,False,False,False,4,SUV,of_Origin_South Korea,Kia,Sportage,2023.0,27385.03,27385.03
38495,34960.0,3.0,0,0,0,0,0,0,False,False,True,False,False,False,True,False,False,6,SUV,of_Origin_Japan,Nissan,Pathfinder,2024.0,48073.875,48073.875
21836,104665.0,5.0,1,0,0,0,0,0,False,True,False,False,False,False,True,False,False,4,SUV,of_Origin_Japan,Subaru,Outback,2022.0,28928.172,28928.172
19594,184940.0,8.0,0,0,0,0,0,0,False,False,False,False,False,False,False,False,False,4,SUV,of_Origin_Japan,Mitsubishi,RVR,2019.0,12153.312,12153.312
25418,86721.0,8.0,0,0,0,0,0,0,False,True,False,False,False,True,False,False,False,6,Sedan,baseline_value_here,Audi,A6,2019.0,29896.13,29896.13
38363,12851.0,1.0,0,0,0,0,0,0,False,False,False,False,False,True,False,False,False,4,Sedan,of_Origin_South Korea,Genesis,G70,2026.0,53146.258,53146.258
24859,137000.0,14.0,0,0,0,0,0,0,False,False,False,False,True,True,False,False,False,6,SUV,of_Origin_Sweden,Volvo,XC70,2013.0,17831.805,17831.805
35282,14111.0,1.0,0,0,0,0,0,0,False,False,True,False,False,True,False,False,False,6,Coupe,baseline_value_here,BMW,M4,2026.0,115811.51,115811.51
529,110489.0,12.0,0,0,0,0,0,0,False,False,False,False,True,False,True,False,False,4,Hatchback,of_Origin_USA,Ford,Focus,2015.0,9197.006,9197.006
31103,110000.0,9.0,0,0,0,0,0,0,False,False,False,False,False,True,False,False,False,4,Sedan,baseline_value_here,Audi,A3,2018.0,16865.795,16865.795
5808,220084.0,10.0,0,0,0,0,0,0,False,True,False,False,False,True,False,False,False,6,SUV,baseline_value_here,BMW,X5,2017.0,16824.842,16824.842
34375,39690.0,4.0,0,0,0,0,0,0,False,False,False,False,False,True,False,False,False,6,Hatchback,baseline_value_here,Audi,S5,2023.0,48611.617,48611.617
25321,43207.0,3.0,0,0,0,0,0,1,False,False,False,False,False,False,True,False,False,4,SUV,of_Origin_Japan,Toyota,RAV,2024.0,48321.23,48321.23
35280,147000.0,12.0,0,0,0,0,0,0,False,False,False,False,False,False,True,False,False,4,SUV,of_Origin_Japan,Subaru,Forester,2015.0,12147.545,12147.545
8852,3316.0,3.0,0,0,0,0,0,0,False,False,False,False,False,False,True,False,False,6,SUV,of_Origin_USA,Dodge,Durango,2024.0,72382.17,72382.17
8275,97684.0,5.0,0,0,0,0,0,0,False,False,False,False,False,False,True,False,False,6,Minivan,of_Origin_USA,Chrysler,Pacifica,2022.0,30675.547,30675.547
820,3542.0,2.0,0,0,0,0,0,0,False,False,False,False,False,True,False,False,False,4,Sedan,baseline_value_here,Mercedes-Benz,CLA,2025.0,63346.066,63346.066
24695,147000.0,9.0,0,0,0,0,0,0,False,False,False,False,False,True,False,False,False,5,Wagon,of_Origin_Sweden,Volvo,V60,2018.0,28823.889,28823.889
26612,23000.0,3.0,0,0,0,0,0,0,False,False,False,False,False,False,False,False,True,baseline_value_here,baseline_value_here,of_Origin_UK,MINI,5,2024.0,36530.22,36530.22
19425,35581.0,3.0,0,0,0,0,0,0,False,True,False,False,False,False,False,False,False,4,SUV,of_Origin_Japan,Mitsubishi,Outlander,2024.0,37279.137,37279.137
12183,32359.0,3.0,0,0,0,0,0,0,False,False,False,False,False,False,False,False,False,4,Sedan,of_Origin_South Korea,Hyundai,Sonata,2024.0,28757.16,28757.16
28277,31690.0,4.0,0,0,0,0,0,0,False,False,False,False,False,True,False,False,False,baseline_value_here,baseline_value_here,baseline_value_here,BMW,3,2023.0,48040.92,48040.92
37544,40827.0,3.0,0,0,0,0,0,0,False,False,False,False,False,False,False,True,False,8,Pickup Truck,of_Origin_USA,GMC,Sierra,2024.0,56249.062,56249.062
19607,125315.0,9.0,0,0,0,0,0,0,False,True,False,False,False,False,False,False,False,4,SUV,of_Origin_Japan,Mitsubishi,Outlander,2018.0,16369.692,16369.692
29295,18054.0,2.0,0,0,0,0,0,0,False,True,False,False,False,False,True,False,False,6,Pickup Truck,of_Origin_Japan,Toyota,Tundra,2025.0,63398.91,63398.91
4284,127795.0,7.0,0,0,0,0,0,0,False,False,False,False,False,True,False,False,False,4,SUV,of_Origin_Japan,baseline_value_here,RDX,2020.0,27665.217,27665.217
23688,120251.0,6.0,0,0,0,0,1,0,False,False,False,False,True,False,True,False,False,4,Sedan,baseline_value_here,Volkswagen,Passat,2021.0,18339.982,18339.982
6310,24854.0,3.0,0,0,0,0,0,0,False,False,False,False,False,False,False,True,False,4,SUV,of_Origin_USA,Buick,Envista,2024.0,29700.727,29700.727
35939,80300.0,3.0,1,0,1,0,0,0,False,False,False,False,False,False,False,False,False,4,SUV,of_Origin_Japan,Mitsubishi,RVR,2024.0,22074.217,22074.217
31679,145621.0,6.0,0,0,0,0,0,0,False,False,False,False,False,False,True,False,False,baseline_value_here,baseline_value_here,of_Origin_USA,RAM,1500,2021.0,29538.314,29538.314
29757,127000.0,3.0,0,0,0,0,0,0,False,False,False,False,False,False,False,False,False,4,SUV,of_Origin_South Korea,Kia,Sportage,2024.0,24525.244,24525.244
33638,206000.0,13.0,0,0,0,0,0,0,False,False,False,False,False,False,True,False,False,4,SUV,of_Origin_Japan,Nissan,Rogue,2014.0,6175.4146,6175.4146
5499,20935.0,3.0,0,0,0,0,0,0,False,True,False,False,False,True,False,False,False,6,SUV,baseline_value_here,BMW,X5,2024.0,77861.17,77861.17
4280,106511.0,5.0,0,0,0,0,0,0,False,False,False,False,False,True,False,False,False,4,SUV,of_Origin_Japan,baseline_value_here,RDX,2022.0,32844.008,32844.008
17290,60800.0,5.0,0,0,0,0,0,0,False,False,False,False,False,False,False,False,True,baseline_value_here,baseline_value_here,of_Origin_UK,MINI,3,2022.0,29791.252,29791.252
25884,48535.0,5.0,0,0,0,0,0,0,False,False,False,False,False,False,True,False,False,4,SUV,of_Origin_Japan,Honda,CR-V,2022.0,29281.955,29281.955
1937,44500.0,5.0,0,0,1,0,0,0,False,False,False,False,False,False,False,False,False,4,SUV,of_Origin_South Korea,Hyundai,Tucson,2022.0,26557.354,26557.354
32674,84297.0,5.0,0,0,0,0,0,0,False,False,False,False,True,True,False,False,False,4,Sedan,of_Origin_Japan,baseline_value_here,TLX,2022.0,32711.244,32711.244
25353,150817.0,10.0,0,1,0,0,0,0,False,False,False,False,False,False,True,False,False,4,Sedan,of_Origin_Japan,Honda,Civic,2017.0,14770.14,14770.14
34827,81163.0,6.0,0,0,0,0,0,0,False,False,False,False,False,False,True,False,False,4,Sedan,of_Origin_Japan,Toyota,Corolla,2021.0,22602.354,22602.354
6326,3416.0,1.0,0,0,0,0,0,0,False,False,False,False,False,False,False,True,False,4,SUV,of_Origin_USA,Buick,Envision,2026.0,42949.848,42949.848
5764,35027.0,5.0,0,0,0,0,0,0,False,False,False,False,False,True,False,False,False,4,SUV,baseline_value_here,BMW,X3,2022.0,45012.35,45012.35
12801,125976.0,7.0,0,0,0,0,0,0,False,False,False,False,True,True,False,False,False,6,Sedan,of_Origin_Japan,Infiniti,Q50,2020.0,18583.44,18583.44
22169,113789.0,7.0,0,1,1,0,0,0,False,True,False,False,False,False,True,False,False,4,SUV,of_Origin_Japan,Subaru,Outback,2020.0,23799.65,23799.65
26483,192000.0,12.0,0,0,0,0,0,0,False,False,False,False,False,False,True,False,False,4,SUV,of_Origin_USA,Ford,Escape,2015.0,6456.588,6456.588
921,89000.0,5.0,0,0,0,0,0,0,False,False,False,False,False,True,False,False,False,4,SUV,baseline_value_here,Audi,Q3,2022.0,27679.418,27679.418
25022,34928.0,3.0,0,0,0,0,0,0,False,False,False,False,False,False,False,False,False,8,Pickup Truck,of_Origin_USA,Chevrolet,Silverado,2024.0,47419.066,47419.066
7050,199304.0,14.0,0,0,0,0,0,0,False,False,False,False,True,True,False,False,False,6,Coupe,of_Origin_USA,Cadillac,CTS,2013.0,1584.9233,1584.9233
11186,230279.0,8.0,0,0,0,0,1,0,False,False,False,False,False,False,True,False,False,4,Sedan,of_Origin_Japan,Honda,Civic,2019.0,13182.773,13182.773
22741,107000.0,5.0,0,0,0,0,0,0,False,False,False,False,False,False,True,False,False,4,SUV,of_Origin_Japan,Toyota,RAV,2022.0,29234.438,29234.438
33742,9174.0,2.0,0,0,0,0,0,0,False,False,False,False,False,False,False,False,False,4,SUV,of_Origin_South Korea,Hyundai,Venue,2025.0,25646.467,25646.467
31816,52821.0,3.0,0,0,0,0,0,0,False,False,False,False,False,False,True,False,False,4,Sedan,of_Origin_Japan,Mazda,Mazda3,2024.0,29641.955,29641.955
28239,23802.0,4.0,0,0,0,0,0,0,False,False,False,False,False,False,False,False,False,4,SUV,of_Origin_Japan,Mitsubishi,RVR,2023.0,26600.012,26600.012
12815,75000.0,7.0,0,0,0,0,0,0,False,False,False,False,False,True,False,False,False,6,SUV,of_Origin_Japan,Infiniti,QX60,2020.0,26439.582,26439.582
7956,65000.0,18.0,0,0,1,0,1,0,False,False,False,False,False,False,False,False,False,8,Pickup Truck,of_Origin_USA,Chevrolet,Silverado,2009.0,13347.339,13347.339
2494,108825.0,10.0,0,0,0,0,0,0,False,False,False,False,True,True,False,False,False,6,Coupe,of_Origin_Japan,Lexus,RC,2017.0,28549.74,28549.74
4086,102200.0,9.0,0,0,0,0,0,0,False,False,False,False,False,True,False,False,False,6,SUV,of_Origin_Japan,baseline_value_here,RDX,2018.0,25754.322,25754.322
36363,69448.0,5.0,0,0,0,0,0,0,False,False,False,False,True,False,True,False,False,4,SUV,of_Origin_Japan,Mazda,CX-9,2022.0,29312.531,29312.531
23572,169814.0,18.0,0,0,0,0,0,0,False,False,False,False,True,False,True,False,False,4,Hatchback,baseline_value_here,Volkswagen,Rabbit,2009.0,5838.7163,5838.7163
609,136000.0,10.0,1,0,0,0,0,0,False,False,False,False,False,False,True,False,False,4,Sedan,of_Origin_Japan,Honda,Civic,2017.0,17247.1,17247.1
4524,78563.0,3.0,0,0,0,0,0,0,False,False,False,False,False,True,False,False,False,4,Sedan,baseline_value_here,Audi,A3,2024.0,30955.465,30955.465
25959,22990.0,3.0,0,0,0,0,0,1,False,False,False,False,False,True,False,False,False,4,SUV,baseline_value_here,Mercedes-Benz,GLC,2024.0,63670.17,63670.17
12769,89195.0,3.0,0,0,0,0,0,0,False,False,False,False,False,True,False,False,False,6,SUV,of_Origin_Japan,Infiniti,QX60,2024.0,39683.32,39683.32
33744,127035.0,10.0,0,0,0,0,0,0,False,False,False,False,False,False,True,False,False,4,SUV,of_Origin_USA,Ford,Escape,2017.0,13052.694,13052.694
26296,49505.0,2.0,0,0,0,0,0,0,False,False,False,False,False,False,True,False,False,4,Sedan,of_Origin_Japan,Toyota,Corolla,2025.0,27630.549,27630.549
10035,47589.0,4.0,1,0,0,0,0,0,False,False,False,False,False,False,False,True,False,8,Pickup Truck,of_Origin_USA,GMC,Sierra,2023.0,55633.28,55633.28
35030,137176.0,7.0,0,0,0,0,0,0,False,False,False,False,False,False,True,False,False,4,SUV,of_Origin_Japan,Mazda,CX-5,2020.0,21708.666,21708.666
37818,196000.0,9.0,0,0,0,0,0,0,True,False,False,False,False,False,True,False,False,4,Wagon,baseline_value_here,Volkswagen,Golf,2018.0,11853.005,11853.005
23080,27982.0,2.0,0,0,0,0,0,1,False,False,False,False,False,False,True,False,False,4,Hatchback,of_Origin_Japan,Toyota,Prius,2025.0,37742.14,37742.14
6377,14133.0,4.0,0,0,0,0,0,0,False,False,False,False,False,False,False,True,False,4,SUV,of_Origin_USA,Buick,Envision,2023.0,33075.445,33075.445
33142,79000.0,4.0,0,0,0,0,0,0,False,False,False,False,False,False,True,False,False,6,Sedan,of_Origin_USA,Dodge,Charger,2023.0,33082.074,33082.074
17777,28473.0,2.0,1,0,0,0,0,0,False,False,False,False,False,False,True,False,False,4,SUV,of_Origin_Japan,Mazda,CX-5,2025.0,37992.203,37992.203
920,41622.0,5.0,1,0,0,0,0,0,True,False,False,False,False,False,False,False,False,4,Sedan,of_Origin_South Korea,Hyundai,Elantra,2022.0,21749.014,21749.014
6298,57473.0,3.0,0,0,0,0,0,0,False,True,False,False,False,False,False,True,False,6,SUV,of_Origin_USA,Buick,Enclave,2024.0,53259.477,53259.477
12869,4351.0,2.0,0,0,0,0,0,0,False,False,False,False,False,True,False,False,False,4,SUV,of_Origin_Japan,Infiniti,QX50,2025.0,48474.98,48474.98
36548,179700.0,16.0,0,0,0,0,0,0,False,False,False,False,True,False,True,False,False,6,Minivan,of_Origin_USA,Chrysler,Town,2011.0,8600.177,8600.177
22194,73056.0,8.0,0,0,0,0,0,0,False,False,False,False,False,False,True,False,False,4,SUV,of_Origin_Japan,Subaru,Crosstrek,2019.0,22239.45,22239.45
26098,4188.0,2.0,0,0,0,0,0,0,False,False,False,False,False,True,False,False,False,4,SUV,baseline_value_here,Audi,Q5,2025.0,62744.176,62744.176
29372,281833.0,10.0,0,0,0,0,0,0,False,False,False,False,False,False,True,False,False,6,SUV,of_Origin_USA,Jeep,Wrangler,2017.0,5524.9053,5524.9053
12782,227312.0,15.0,0,0,0,0,0,0,False,False,False,False,True,True,False,False,False,4,SUV,of_Origin_Japan,Infiniti,EX,2012.0,7591.6426,7591.6426
38174,96609.0,8.0,0,0,0,0,0,0,False,False,False,False,False,False,False,False,False,4,SUV,of_Origin_South Korea,Kia,Sorento,2019.0,18364.385,18364.385
576,139941.0,9.0,0,1,0,0,0,0,False,False,False,False,False,False,True,False,False,4,SUV,baseline_value_here,Volkswagen,Tiguan,2018.0,15714.606,15714.606
26849,23203.0,4.0,0,0,0,0,0,0,False,False,False,False,False,False,False,False,False,4,SUV,of_Origin_South Korea,Hyundai,Venue,2023.0,28769.81,28769.81
31389,5010.0,2.0,0,0,0,0,0,0,True,False,False,False,False,False,True,False,False,4,baseline_value_here,of_Origin_Japan,Mazda,MX-5,2025.0,42327.85,42327.85
4398,71003.0,5.0,0,0,0,0,0,0,False,False,False,False,False,True,False,False,False,4,SUV,baseline_value_here,Audi,Q3,2022.0,30568.86,30568.86
30683,21477.0,3.0,0,0,0,0,0,0,False,False,False,False,False,False,True,False,False,4,SUV,of_Origin_USA,Jeep,Compass,2024.0,30923.734,30923.734
27185,74647.0,5.0,0,0,0,0,0,0,False,False,False,False,False,False,True,False,False,4,SUV,of_Origin_USA,Ford,Escape,2022.0,34063.27,34063.27
30916,96793.0,6.0,0,0,0,0,0,0,False,True,False,False,False,False,True,False,False,4,SUV,baseline_value_here,Volkswagen,Atlas,2021.0,29799.064,29799.064
22820,5784.0,2.0,0,0,0,0,0,0,False,False,False,False,False,False,True,False,False,4,SUV,of_Origin_Japan,Toyota,RAV,2025.0,41342.605,41342.605
4185,42995.0,3.0,0,0,0,0,0,0,False,False,False,False,False,True,False,False,False,4,Hatchback,of_Origin_Japan,baseline_value_here,Integra,2024.0,38256.344,38256.344
9566,39950.0,4.0,0,1,1,0,0,1,False,False,False,False,False,False,True,False,False,4,SUV,of_Origin_USA,Ford,Explorer,2023.0,22847.295,22847.295
33667,29243.0,3.0,0,0,0,0,0,0,False,False,False,False,False,False,False,False,False,baseline_value_here,baseline_value_here,of_Origin_South Korea,Hyundai,KONA,2024.0,23091.88,23091.88
24860,89628.0,3.0,0,0,0,0,0,0,False,False,False,False,False,True,False,False,False,4,SUV,of_Origin_Sweden,Volvo,XC90,2024.0,43228.156,43228.156
37686,31603.0,3.0,0,0,0,0,0,1,False,True,False,False,False,False,True,False,False,6,Pickup Truck,of_Origin_Japan,Toyota,Tundra,2024.0,68406.984,68406.984
20582,196000.0,12.0,0,0,0,0,0,0,False,False,False,False,False,False,True,False,False,4,SUV,of_Origin_Japan,Nissan,Rogue,2015.0,8150.9297,8150.9297
30122,139368.0,6.0,0,0,0,0,0,0,False,False,False,False,True,False,False,False,False,4,Sedan,of_Origin_South Korea,Kia,Rio,2021.0,14789.875,14789.875
13964,22053.0,5.0,0,0,0,0,0,0,False,False,False,False,True,False,False,False,False,4,Sedan,of_Origin_South Korea,Kia,Forte,2022.0,18531.514,18531.514
35696,300.0,1.0,0,0,0,0,0,0,False,False,False,False,False,False,True,False,False,4,SUV,of_Origin_Japan,Honda,CR-V,2026.0,42263.734,42263.734
30829,72255.0,13.0,0,0,0,0,0,0,False,False,False,False,False,False,True,False,False,4,Sedan,of_Origin_Japan,Honda,Civic,2014.0,16392.316,16392.316
24646,147109.0,12.0,0,0,0,0,0,0,False,False,False,False,False,True,False,False,False,6,SUV,of_Origin_Sweden,Volvo,XC60,2015.0,14925.2295,14925.2295
38067,112000.0,8.0,0,0,0,0,0,0,False,False,False,False,False,False,True,False,False,4,Sedan,baseline_value_here,Volkswagen,Jetta,2019.0,16632.49,16632.49
35180,48324.0,4.0,0,0,0,0,0,0,False,False,False,False,False,True,False,False,False,4,SUV,baseline_value_here,Audi,Q5,2023.0,37528.973,37528.973
31524,64847.0,4.0,0,0,0,0,0,0,False,False,False,False,False,False,True,False,False,4,SUV,of_Origin_Japan,Mazda,CX-50,2023.0,30821.262,30821.262
7106,186209.0,11.0,0,0,0,0,0,0,False,False,False,True,False,True,False,False,False,8,SUV,of_Origin_USA,Cadillac,Escalade,2016.0,28597.01,28597.01
776,57200.0,8.0,0,0,0,0,0,0,False,False,False,False,False,False,True,False,False,baseline_value_here,baseline_value_here,of_Origin_USA,RAM,1500,2019.0,27292.367,27292.367
13952,48767.0,3.0,1,0,0,0,0,0,False,False,False,False,False,False,False,False,False,4,SUV,of_Origin_South Korea,Kia,Seltos,2024.0,26551.547,26551.547
8892,86957.0,5.0,0,1,0,0,0,0,False,False,False,False,False,False,True,False,False,6,SUV,of_Origin_USA,Dodge,Durango,2022.0,39381.926,39381.926
30727,48245.0,2.0,0,0,0,0,0,0,False,False,False,False,False,False,True,False,False,4,Sedan,of_Origin_Japan,Nissan,Sentra,2025.0,23312.508,23312.508
29095,232750.0,5.0,1,0,0,0,0,0,False,False,False,False,False,False,True,False,False,4,Minivan,of_Origin_Japan,Toyota,Sienna,2022.0,28873.395,28873.395
36645,20821.0,3.0,0,0,0,0,0,0,False,False,False,False,False,True,False,False,False,4,SUV,of_Origin_Japan,baseline_value_here,RDX,2024.0,45463.133,45463.133
26321,114000.0,10.0,0,0,0,0,0,0,False,False,False,False,True,False,True,False,False,4,SUV,of_Origin_Japan,Nissan,Qashqai,2017.0,12585.368,12585.368
36790,131500.0,9.0,0,0,0,0,0,0,False,False,False,False,False,False,True,False,False,6,Minivan,of_Origin_USA,Chrysler,Pacifica,2018.0,19504.738,19504.738
3925,33628.0,3.0,0,0,0,0,1,0,False,False,False,False,False,True,False,False,False,4,SUV,of_Origin_Japan,baseline_value_here,RDX,2024.0,44764.203,44764.203
31104,42252.0,3.0,0,0,0,0,0,0,False,False,False,False,False,False,False,False,False,4,SUV,of_Origin_South Korea,Kia,Seltos,2024.0,30504.883,30504.883
27076,154000.0,6.0,0,0,0,0,0,0,False,False,False,False,False,False,True,False,False,6,Van,of_Origin_USA,Ford,Transit,2021.0,27474.25,27474.25
1299,129741.0,5.0,0,0,0,0,0,0,False,False,False,False,False,False,True,False,False,6,Pickup Truck,of_Origin_USA,Ford,F-150,2022.0,38082.535,38082.535
26323,87000.0,8.0,0,1,0,0,0,0,False,False,False,False,False,True,False,False,False,6,Coupe,baseline_value_here,Audi,S5,2019.0,25749.928,25749.928
22837,29147.0,2.0,0,0,0,0,0,1,False,False,False,False,False,False,True,False,False,4,SUV,of_Origin_Japan,Toyota,RAV,2025.0,48099.492,48099.492
8415,50.0,3.0,0,0,0,0,0,0,False,False,False,False,False,False,True,False,False,6,Minivan,of_Origin_USA,Chrysler,Grand,2024.0,43290.355,43290.355
22139,37492.0,3.0,0,0,0,0,0,0,True,True,False,False,False,False,True,False,False,4,Sedan,of_Origin_Japan,Subaru,WRX,2024.0,38063.184,38063.184
26125,12505.0,2.0,0,0,0,0,0,0,False,False,False,False,False,True,False,False,False,4,SUV,baseline_value_here,Audi,Q5,2025.0,51681.7,51681.7
13376,12339.0,3.0,0,0,0,0,0,0,False,False,False,False,False,False,True,False,False,6,SUV,of_Origin_USA,Jeep,Wrangler,2024.0,59749.78,59749.78
20402,56095.0,4.0,0,0,1,1,0,0,False,False,False,False,True,False,True,False,False,4,SUV,of_Origin_Japan,Nissan,Qashqai,2023.0,26054.39,26054.39
31338,98300.0,10.0,0,0,0,0,0,0,False,False,False,False,True,False,False,False,False,4,Hatchback,of_Origin_South Korea,Hyundai,ACCENT,2017.0,12017.544,12017.544
21109,93686.0,4.0,0,0,0,0,0,0,False,False,False,False,False,False,True,False,False,6,Van,of_Origin_USA,RAM,ProMaster,2023.0,35429.42,35429.42
21897,165896.0,7.0,0,0,0,0,1,0,False,False,False,False,True,False,True,False,False,4,Sedan,of_Origin_Japan,Subaru,Legacy,2020.0,13723.302,13723.302
21126,254320.0,5.0,0,0,0,0,1,0,False,False,False,False,False,False,True,False,False,6,Van,of_Origin_USA,RAM,ProMaster,2022.0,24626.312,24626.312
26604,174989.0,12.0,0,0,0,0,0,0,False,False,False,False,False,False,False,False,False,8,Pickup Truck,of_Origin_USA,Chevrolet,Silverado,2015.0,19211.486,19211.486
32614,139882.0,10.0,0,0,0,0,0,0,False,False,False,False,False,True,False,False,False,4,Sedan,baseline_value_here,Mercedes-Benz,C-Class,2017.0,17813.62,17813.62
1460,47522.0,2.0,0,0,0,0,0,0,False,False,False,False,False,False,True,False,False,4,SUV,of_Origin_USA,Jeep,Compass,2025.0,31656.113,31656.113
443,42490.0,4.0,0,0,0,0,0,1,False,False,False,False,False,False,True,False,False,6,Pickup Truck,of_Origin_USA,Ford,F-150,2023.0,63958.723,63958.723
26140,25909.0,2.0,0,0,0,0,0,1,False,False,False,False,False,False,True,False,False,4,SUV,of_Origin_Japan,Toyota,RAV,2025.0,50357.29,50357.29
13529,67229.0,6.0,0,0,0,0,0,0,False,False,False,False,False,False,True,False,False,6,Pickup Truck,of_Origin_USA,Jeep,Gladiator,2021.0,41916.8,41916.8
7291,175145.0,7.0,0,0,0,0,0,0,False,False,False,True,False,True,False,False,False,8,SUV,of_Origin_USA,Cadillac,Escalade,2020.0,59133.934,59133.934
30314,99779.0,5.0,0,0,0,0,0,0,False,False,False,False,False,False,True,False,False,6,SUV,of_Origin_USA,Jeep,Grand,2022.0,34646.883,34646.883
5589,162634.0,12.0,0,0,0,0,0,0,False,False,False,False,False,True,False,False,False,baseline_value_here,baseline_value_here,baseline_value_here,BMW,4,2015.0,14793.815,14793.815
78,96670.0,9.0,0,0,0,0,0,0,False,False,False,False,False,True,False,False,False,6,SUV,baseline_value_here,Audi,Q7,2018.0,25601.852,25601.852
35230,10253.0,2.0,0,0,0,0,0,0,False,True,False,False,False,False,True,False,False,6,SUV,of_Origin_Japan,Mazda,CX-90,2025.0,52025.91,52025.91
33078,65772.0,5.0,0,0,0,0,0,0,False,False,False,False,False,False,True,False,False,4,SUV,of_Origin_Japan,Honda,CR-V,2022.0,30122.727,30122.727
21860,140000.0,5.0,0,0,0,0,1,0,False,True,False,False,False,False,True,False,False,4,SUV,of_Origin_Japan,Subaru,Outback,2022.0,24101.934,24101.934
36373,122055.0,9.0,0,0,0,0,0,0,False,False,False,False,True,False,True,False,False,8,Coupe,of_Origin_USA,Dodge,Challenger,2018.0,22367.283,22367.283
29935,97423.0,9.0,0,0,0,0,0,0,False,False,False,False,True,True,False,False,False,4,Sedan,baseline_value_here,Audi,A4,2018.0,19574.04,19574.04
33649,274000.0,14.0,0,0,0,0,0,0,False,False,False,False,True,False,True,False,False,4,Hatchback,of_Origin_USA,Ford,Focus,2013.0,2874.4163,2874.4163
29069,57000.0,7.0,0,0,0,0,0,0,False,False,False,False,False,False,True,False,False,6,Van,of_Origin_USA,Ford,Transit,2020.0,38535.67,38535.67
4458,62894.0,11.0,0,0,0,0,0,0,False,False,False,False,False,True,False,False,False,4,Sedan,baseline_value_here,Audi,A3,2016.0,15734.669,15734.669
23043,90909.0,8.0,0,1,0,0,0,0,False,False,False,False,False,False,True,False,False,6,SUV,of_Origin_Japan,Toyota,Highlander,2019.0,34499.027,34499.027
24979,81000.0,4.0,0,0,0,0,0,0,False,False,False,False,False,False,True,False,False,4,Sedan,of_Origin_Japan,Nissan,Sentra,2023.0,18981.604,18981.604
10753,7505.0,1.0,0,0,0,0,0,0,False,False,False,False,False,True,False,False,False,6,SUV,of_Origin_South Korea,Genesis,GV70,2026.0,63577.094,63577.094
38066,197000.0,9.0,0,0,0,0,0,0,False,False,False,False,False,False,True,False,False,4,SUV,of_Origin_USA,Ford,Escape,2018.0,10764.379,10764.379
20572,111850.0,15.0,0,0,0,0,0,0,False,False,False,False,False,False,True,False,False,4,Sedan,of_Origin_Japan,Nissan,Altima,2012.0,13425.471,13425.471
2737,26750.0,4.0,0,0,0,0,0,0,False,False,False,False,False,False,True,False,False,4,SUV,of_Origin_USA,Jeep,Cherokee,2023.0,26581.521,26581.521
32626,57000.0,5.0,1,0,1,0,0,0,False,False,False,False,False,False,True,False,False,4,SUV,of_Origin_Japan,Nissan,Rogue,2022.0,22862.367,22862.367
34519,59590.0,10.0,0,0,0,0,0,0,False,False,False,False,True,True,False,False,False,6,Sedan,baseline_value_here,Mercedes-Benz,S-Class,2017.0,66203.16,66203.16
25310,1132.0,4.0,0,0,0,0,0,0,False,False,False,False,False,False,True,False,False,4,SUV,of_Origin_Japan,Honda,CR-V,2023.0,35453.348,35453.348
158,6588.0,1.0,0,0,0,0,0,0,False,False,False,False,False,False,True,False,False,6,SUV,of_Origin_Japan,Toyota,4-Runner,2026.0,72940.91,72940.91
11359,39158.0,3.0,0,0,0,0,0,1,False,False,False,False,False,False,True,False,False,4,SUV,of_Origin_Japan,Honda,CR-V,2024.0,40546.008,40546.008
710,82561.0,9.0,0,1,0,0,0,0,False,False,False,False,False,False,True,False,False,4,Sedan,of_Origin_Japan,Toyota,Camry,2018.0,19604.152,19604.152
11846,68000.0,3.0,0,0,0,0,0,0,False,False,False,False,False,False,False,False,False,4,SUV,of_Origin_South Korea,Hyundai,Tucson,2024.0,25510.582,25510.582
15277,71000.0,8.0,0,0,0,0,0,0,False,False,False,False,False,True,False,False,False,4,Sedan,of_Origin_Japan,Lexus,IS,2019.0,27854.037,27854.037
17356,4175.0,2.0,0,0,0,0,0,0,False,False,False,False,False,False,False,False,True,4,SUV,of_Origin_UK,MINI,Countryman,2025.0,49800.777,49800.777
9086,159544.0,9.0,0,0,0,0,0,0,False,False,False,False,True,False,True,False,False,6,Minivan,of_Origin_USA,Dodge,Grand,2018.0,12876.975,12876.975
26019,28134.0,3.0,0,0,0,0,0,1,False,False,False,False,False,False,True,False,False,4,Minivan,of_Origin_Japan,Toyota,Sienna,2024.0,53858.22,53858.22
24750,49956.0,3.0,0,0,0,0,0,0,False,False,False,False,False,True,False,False,False,4,SUV,of_Origin_Sweden,Volvo,XC90,2024.0,45566.96,45566.96
11221,44409.0,2.0,0,1,0,0,0,0,False,False,False,False,False,False,True,False,False,4,SUV,of_Origin_Japan,Honda,CR-V,2025.0,35954.914,35954.914
26871,64300.0,7.0,0,0,0,0,0,0,False,False,False,False,False,True,False,False,False,6,Coupe,baseline_value_here,Audi,S5,2020.0,26084.355,26084.355
28798,198500.0,18.0,0,0,0,0,0,0,False,False,False,False,False,False,True,False,False,4,Sedan,baseline_value_here,Volkswagen,Jetta,2009.0,3659.7158,3659.7158
35888,63115.0,11.0,0,0,0,0,0,0,False,False,False,False,True,False,False,False,False,4,Sedan,of_Origin_USA,Chevrolet,Cruze,2016.0,13831.879,13831.879
35200,123365.0,12.0,0,0,0,0,0,0,False,False,False,False,False,True,False,False,False,4,SUV,baseline_value_here,Audi,Q5,2015.0,12037.171,12037.171
12854,9269.0,1.0,0,0,0,0,0,0,False,True,False,False,False,True,False,False,False,8,SUV,of_Origin_Japan,Infiniti,QX80,2026.0,108585.445,108585.445
10832,88716.0,7.0,0,0,0,0,0,0,False,False,False,False,False,True,False,False,False,4,Sedan,of_Origin_South Korea,Genesis,G70,2020.0,25939.322,25939.322
25529,53840.0,4.0,0,0,0,0,0,0,False,False,False,False,False,True,False,False,False,6,Sedan,baseline_value_here,Mercedes-Benz,E-Class,2023.0,54113.59,54113.59
22783,47538.0,4.0,0,0,0,0,1,0,False,False,False,False,False,False,True,False,False,6,SUV,of_Origin_Japan,Toyota,4-Runner,2023.0,50051.168,50051.168
32572,54311.0,3.0,0,0,0,0,0,0,False,False,False,False,False,True,False,False,False,4,SUV,baseline_value_here,Audi,Q5,2024.0,36874.87,36874.87
15449,90383.0,4.0,0,0,0,0,0,0,False,False,False,False,False,True,False,False,False,4,SUV,of_Origin_Japan,Lexus,RX,2023.0,40795.78,40795.78
36858,24741.0,2.0,0,0,0,0,0,0,False,False,False,False,False,True,False,False,False,baseline_value_here,baseline_value_here,baseline_value_here,BMW,4,2025.0,44317.36,44317.36
4551,72859.0,4.0,0,0,0,0,0,0,False,False,False,False,True,True,False,False,False,4,Sedan,baseline_value_here,Audi,A4,2023.0,35177.047,35177.047
24877,13800.0,1.0,0,0,0,0,0,0,False,False,False,False,False,False,False,False,False,4,SUV,of_Origin_South Korea,Hyundai,Tucson,2026.0,32827.285,32827.285
1297,46504.0,4.0,0,0,0,0,0,1,False,False,False,False,False,False,True,False,False,6,Pickup Truck,of_Origin_USA,Ford,F-150,2023.0,56871.383,56871.383
21859,155189.0,12.0,1,0,1,0,0,0,False,False,False,False,False,False,True,False,False,4,SUV,of_Origin_Japan,Subaru,Forester,2015.0,13051.343,13051.343
7321,150045.0,18.0,0,0,0,0,0,0,False,False,False,False,True,True,False,False,False,8,Sedan,of_Origin_USA,Cadillac,DTS,2009.0,12577.332,12577.332
13327,93878.0,4.0,0,0,0,0,0,0,False,False,False,False,False,False,True,False,False,6,SUV,of_Origin_USA,Jeep,Grand,2023.0,33668.7,33668.7
1518,136902.0,10.0,0,0,0,0,0,0,False,False,False,False,False,False,False,True,False,4,SUV,of_Origin_USA,GMC,Terrain,2017.0,13066.189,13066.189
31654,174000.0,13.0,0,0,0,0,0,0,False,False,False,False,False,False,True,False,False,4,SUV,of_Origin_USA,Ford,Escape,2014.0,6724.708,6724.708
12995,171000.0,13.0,0,0,0,0,0,1,False,False,False,False,True,True,False,False,False,6,Sedan,of_Origin_Japan,Infiniti,Q50,2014.0,11056.912,11056.912
528,7455.0,3.0,0,0,0,0,0,0,False,False,False,True,False,False,True,False,False,6,Coupe,of_Origin_Japan,Nissan,Z,2024.0,35216.76,35216.76
8989,46495.0,2.0,0,0,0,0,0,0,False,False,False,False,False,False,True,False,False,6,SUV,of_Origin_USA,Dodge,Durango,2025.0,55856.83,55856.83
25926,16424.0,4.0,0,0,0,0,0,0,False,False,False,False,False,False,False,False,False,4,SUV,of_Origin_South Korea,Hyundai,Tucson,2023.0,29739.193,29739.193
13518,134828.0,9.0,0,0,0,0,0,0,False,False,False,False,False,False,True,False,False,4,SUV,of_Origin_USA,Jeep,Cherokee,2018.0,15135.459,15135.459
28645,69231.0,5.0,0,0,0,0,0,1,False,False,False,False,False,False,False,False,False,4,SUV,of_Origin_South Korea,Hyundai,Santa,2022.0,30077.783,30077.783
15608,101606.0,9.0,0,0,0,0,0,0,False,False,False,False,False,True,False,False,False,4,Sedan,of_Origin_Japan,Lexus,IS,2018.0,27726.852,27726.852
38156,46248.0,5.0,0,0,0,0,0,0,False,False,False,False,True,False,True,False,False,4,SUV,of_Origin_Japan,Subaru,Ascent,2022.0,33433.332,33433.332
13539,21856.0,5.0,0,0,0,0,0,1,False,False,False,False,False,False,True,False,False,4,SUV,of_Origin_USA,Jeep,Grand,2022.0,49666.375,49666.375
13914,54156.0,3.0,0,0,0,0,0,0,False,False,False,False,True,False,False,False,False,4,Sedan,of_Origin_South Korea,Kia,Forte,2024.0,23597.613,23597.613
29511,185443.0,8.0,0,0,0,0,0,0,False,False,False,False,False,False,False,False,False,4,SUV,of_Origin_South Korea,Hyundai,Tucson,2019.0,12278.114,12278.114
33552,37679.0,3.0,0,0,0,0,0,0,False,False,False,False,False,False,True,False,False,6,Pickup Truck,of_Origin_USA,Ford,F-150,2024.0,63096.668,63096.668
18536,26572.0,4.0,0,0,0,0,0,0,False,False,False,False,False,True,False,False,False,6,Sedan,baseline_value_here,Mercedes-Benz,E-Class,2023.0,68661.53,68661.53
750,69816.0,5.0,0,0,0,0,1,0,False,False,False,False,True,False,True,False,False,4,SUV,of_Origin_USA,Ford,Edge,2022.0,20907.668,20907.668
36899,110143.0,4.0,0,0,0,0,0,0,False,False,False,False,False,False,True,False,False,4,SUV,baseline_value_here,Volkswagen,Tiguan,2023.0,24358.346,24358.346
38668,113599.0,7.0,0,0,0,0,0,0,False,False,False,False,False,False,False,False,False,4,Sedan,of_Origin_South Korea,Hyundai,Elantra,2020.0,14549.024,14549.024
16421,75000.0,16.0,0,0,0,0,0,0,False,False,False,False,True,True,False,False,False,8,Sedan,of_Origin_USA,Lincoln,Town,2011.0,24873.445,24873.445
29134,137120.0,11.0,0,0,0,0,1,0,False,False,False,False,False,False,False,True,False,8,Pickup Truck,of_Origin_USA,GMC,Sierra,2016.0,21611.568,21611.568
11831,181947.0,10.0,0,0,0,0,1,0,False,False,False,False,False,False,False,False,False,4,Sedan,of_Origin_South Korea,Hyundai,Elantra,2017.0,8509.305,8509.305
22710,215471.0,12.0,0,0,0,0,1,0,False,False,False,False,False,False,True,False,False,4,SUV,of_Origin_Japan,Toyota,RAV,2015.0,14019.489,14019.489
20565,54750.0,5.0,0,0,0,0,0,0,False,False,False,False,False,False,True,False,False,4,SUV,of_Origin_Japan,Nissan,Kicks,2022.0,24265.242,24265.242
33343,70003.0,6.0,0,0,1,0,0,1,False,False,False,False,False,False,True,False,False,4,SUV,of_Origin_Japan,Toyota,RAV,2021.0,37203.684,37203.684
17582,131584.0,11.0,0,0,0,0,0,0,False,False,False,False,False,False,False,False,True,baseline_value_here,baseline_value_here,of_Origin_UK,MINI,3,2016.0,10332.543,10332.543
2918,61762.0,9.0,0,0,0,0,0,0,False,False,False,False,False,False,True,False,False,4,SUV,of_Origin_Japan,Mazda,CX-5,2018.0,21908.145,21908.145
29747,69000.0,8.0,0,0,0,0,0,0,False,False,False,False,True,False,False,False,False,4,Sedan,of_Origin_South Korea,Kia,Forte,2019.0,16728.213,16728.213
2646,76498.0,6.0,1,0,0,0,0,0,False,False,False,False,False,False,True,False,False,4,SUV,of_Origin_Japan,Honda,CR-V,2021.0,26322.615,26322.615
25426,82152.0,8.0,0,0,0,0,0,0,False,False,False,False,False,True,False,False,False,4,SUV,of_Origin_Japan,baseline_value_here,RDX,2019.0,27198.645,27198.645
2708,133236.0,9.0,0,0,0,0,0,0,False,False,False,False,False,False,True,False,False,6,SUV,of_Origin_USA,Jeep,Wrangler,2018.0,22994.518,22994.518
33896,175343.0,14.0,0,0,0,0,0,0,False,False,False,False,False,False,True,False,False,4,Sedan,of_Origin_Japan,Honda,Civic,2013.0,9929.786,9929.786
27501,93900.0,9.0,0,0,0,0,0,0,False,False,False,False,True,False,False,False,False,4,Sedan,of_Origin_USA,Chevrolet,Cruze,2018.0,13597.575,13597.575
38768,53722.0,4.0,0,0,0,0,0,0,False,False,False,False,False,False,True,False,False,baseline_value_here,baseline_value_here,of_Origin_USA,RAM,1500,2023.0,48849.094,48849.094
36653,70763.0,2.0,0,0,0,0,0,0,False,False,False,False,False,True,False,False,False,4,SUV,of_Origin_South Korea,Genesis,GV70,2025.0,46217.19,46217.19
27466,171200.0,10.0,0,0,0,0,0,0,True,False,False,False,False,False,True,False,False,4,Sedan,baseline_value_here,Volkswagen,Jetta,2017.0,10177.957,10177.957
27402,26456.0,4.0,0,0,0,0,0,0,False,False,False,False,False,False,True,False,False,4,Sedan,of_Origin_Japan,Toyota,Corolla,2023.0,28676.77,28676.77
38694,499.0,1.0,0,0,0,0,0,0,False,False,False,False,False,False,True,False,False,4,Pickup Truck,of_Origin_USA,Ford,Maverick,2026.0,49992.91,49992.91
31227,113693.0,13.0,1,0,0,0,0,0,False,False,False,False,False,False,True,False,False,4,Sedan,of_Origin_Japan,Mazda,Mazda3,2014.0,11889.494,11889.494
3051,96116.0,5.0,0,0,0,0,0,0,False,False,False,False,True,False,False,False,False,4,Sedan,of_Origin_South Korea,Kia,Forte,2022.0,17742.3,17742.3
38748,188000.0,11.0,1,0,0,0,0,0,False,False,True,False,False,False,False,False,False,8,SUV,of_Origin_USA,Chevrolet,Suburban,2016.0,22532.56,22532.56
31209,186201.0,11.0,0,0,0,0,0,0,False,True,False,False,False,False,True,False,False,6,Minivan,of_Origin_Japan,Honda,Odyssey,2016.0,15613.153,15613.153
19408,80113.0,3.0,0,0,0,0,0,0,False,True,False,False,False,False,False,False,False,4,SUV,of_Origin_Japan,Mitsubishi,Outlander,2024.0,31910.203,31910.203
5485,69421.0,3.0,0,0,0,0,0,0,False,True,False,False,False,True,False,False,False,6,SUV,baseline_value_here,BMW,X5,2024.0,66791.445,66791.445
32789,183406.0,11.0,0,1,0,0,0,0,False,False,False,False,False,False,True,False,False,4,SUV,of_Origin_Japan,Subaru,Crosstrek,2016.0,11802.528,11802.528
26785,74346.0,5.0,0,0,0,0,1,0,False,False,False,False,False,False,True,False,False,6,Pickup Truck,of_Origin_USA,Ford,F-150,2022.0,46668.66,46668.66
14059,9078.0,3.0,0,0,0,0,0,0,False,False,False,False,False,False,False,False,False,4,SUV,of_Origin_South Korea,Kia,Sorento,2024.0,27985.748,27985.748
7299,103000.0,10.0,0,0,0,0,0,0,False,False,False,False,False,True,False,False,False,4,SUV,of_Origin_USA,Cadillac,XT5,2017.0,20076.943,20076.943
13604,21200.0,6.0,0,0,0,0,0,0,False,False,False,False,False,False,True,False,False,4,SUV,of_Origin_USA,Jeep,Compass,2021.0,28381.217,28381.217
8660,82197.0,3.0,0,0,0,0,0,0,False,False,False,False,False,False,True,False,False,6,Minivan,of_Origin_USA,Chrysler,Pacifica,2024.0,33995.17,33995.17
38484,169000.0,8.0,0,0,0,0,0,0,False,False,False,False,False,False,True,False,False,4,SUV,of_Origin_Japan,Mazda,CX-5,2019.0,17816.506,17816.506
30874,229000.0,11.0,0,0,0,0,0,0,False,True,False,False,False,False,True,False,False,6,Minivan,of_Origin_Japan,Honda,Odyssey,2016.0,14293.421,14293.421
27770,519.0,1.0,0,0,0,0,0,0,False,True,False,False,False,False,True,False,False,8,Pickup Truck,of_Origin_USA,Ford,F-250,2026.0,98389.34,98389.34
16436,11447.0,3.0,0,0,0,0,0,0,False,False,False,False,False,True,False,False,False,4,SUV,of_Origin_USA,Lincoln,Corsair,2024.0,52249.887,52249.887
31178,28890.0,3.0,0,0,0,0,0,0,False,True,False,False,False,False,True,False,False,4,SUV,of_Origin_Japan,Subaru,Outback,2024.0,39726.28,39726.28
702,33642.0,3.0,1,0,1,0,0,0,False,False,True,False,False,False,True,False,False,6,SUV,of_Origin_Japan,Nissan,Pathfinder,2024.0,44269.258,44269.258
33074,59618.0,5.0,0,0,0,0,0,0,False,False,False,False,False,False,True,False,False,4,SUV,of_Origin_USA,Jeep,Compass,2022.0,25744.18,25744.18
5547,88000.0,8.0,1,0,0,0,0,0,False,False,False,False,False,True,False,False,False,4,SUV,baseline_value_here,BMW,X1,2019.0,19733.898,19733.898
6463,144368.0,10.0,0,0,0,0,0,0,False,False,False,False,False,False,False,True,False,4,SUV,of_Origin_USA,Buick,Encore,2017.0,13247.287,13247.287
17564,11879.0,3.0,1,0,0,0,0,0,False,False,False,False,False,False,False,False,True,4,baseline_value_here,of_Origin_UK,MINI,Convertible,2024.0,40389.062,40389.062
34300,85116.0,6.0,0,0,0,0,0,0,False,True,False,False,False,True,False,False,False,6,SUV,baseline_value_here,BMW,X6,2021.0,42422.9,42422.9
37018,48199.0,6.0,0,0,0,0,0,0,False,False,False,False,False,True,False,False,False,4,SUV,baseline_value_here,Audi,Q5,2021.0,30323.586,30323.586
8079,172478.0,6.0,0,0,0,0,0,0,False,False,True,False,False,False,False,False,False,8,SUV,of_Origin_USA,Chevrolet,Tahoe,2021.0,48510.203,48510.203
3122,87373.0,9.0,0,0,0,0,0,0,False,False,False,False,False,True,False,False,False,6,Sedan,baseline_value_here,Mercedes-Benz,E-Class,2018.0,35228.6,35228.6
17195,13740.0,2.0,0,0,0,0,0,0,False,False,False,False,False,False,False,False,True,baseline_value_here,baseline_value_here,of_Origin_UK,MINI,3,2025.0,33884.824,33884.824
16642,101.0,3.0,0,0,0,0,0,1,False,False,False,False,False,True,False,False,False,4,SUV,of_Origin_USA,Lincoln,Nautilus,2024.0,70943.79,70943.79
2452,80882.0,6.0,0,0,0,0,0,1,False,True,False,False,False,True,False,False,False,6,SUV,baseline_value_here,Mercedes-Benz,GLE,2021.0,69589.46,69589.46
8811,82340.0,4.0,0,0,0,0,0,0,False,False,False,False,False,False,True,False,False,6,Sedan,of_Origin_USA,Dodge,Charger,2023.0,33926.44,33926.44
37138,14861.0,4.0,0,0,0,0,0,0,False,False,False,False,False,True,False,False,False,4,SUV,baseline_value_here,BMW,X3,2023.0,43807.742,43807.742
1632,93791.0,6.0,0,0,0,0,0,0,False,False,False,False,False,False,True,False,False,6,Pickup Truck,of_Origin_USA,Ford,F-150,2021.0,41226.508,41226.508
11187,105000.0,7.0,0,0,0,0,0,0,False,True,False,False,False,False,True,False,False,6,Minivan,of_Origin_Japan,Honda,Odyssey,2020.0,32378.953,32378.953
34032,83561.0,4.0,0,0,0,0,0,0,False,False,False,False,False,False,True,False,False,4,SUV,of_Origin_Japan,Toyota,RAV,2023.0,33139.363,33139.363
25158,26309.0,3.0,0,0,0,0,1,0,False,False,False,False,False,False,True,False,False,4,Sedan,of_Origin_Japan,Honda,Civic,2024.0,28312.92,28312.92
7804,34920.0,3.0,0,0,0,0,0,0,False,False,False,False,False,False,False,False,False,8,Pickup Truck,of_Origin_USA,Chevrolet,Silverado,2024.0,47419.066,47419.066
34252,117650.0,9.0,0,0,0,0,0,0,False,True,False,False,False,True,False,False,False,6,SUV,of_Origin_Japan,baseline_value_here,MDX,2018.0,27546.23,27546.23
20488,42972.0,4.0,1,0,0,0,0,0,False,False,False,False,False,False,True,False,False,4,SUV,of_Origin_Japan,Nissan,Rogue,2023.0,25887.68,25887.68
2243,134918.0,11.0,0,0,0,0,0,0,False,False,False,False,False,False,True,False,False,4,SUV,of_Origin_USA,Ford,Escape,2016.0,10403.932,10403.932
35545,41576.0,4.0,0,0,0,0,0,1,False,False,False,False,False,False,True,False,False,4,SUV,of_Origin_Japan,Toyota,RAV,2023.0,45966.242,45966.242
27149,77123.0,9.0,0,0,0,0,0,0,False,False,False,False,True,True,False,False,False,4,Coupe,baseline_value_here,Audi,TTS,2018.0,38519.36,38519.36
27278,43999.0,2.0,0,0,0,0,0,0,False,False,False,False,False,True,False,False,False,4,SUV,baseline_value_here,BMW,X1,2025.0,46521.863,46521.863
254,94900.0,5.0,0,0,0,0,0,0,False,True,False,False,False,True,False,False,False,6,SUV,baseline_value_here,Mercedes-Benz,GLE,2022.0,45619.617,45619.617
31112,28686.0,3.0,1,0,0,0,0,0,False,False,False,False,False,False,True,False,False,4,SUV,of_Origin_Japan,Nissan,Rogue,2024.0,27895.734,27895.734
34059,62263.0,3.0,0,0,0,0,0,0,False,False,False,False,False,False,True,False,False,4,SUV,of_Origin_USA,Jeep,Compass,2024.0,26442.098,26442.098
33359,10.0,5.0,0,0,0,0,0,0,False,False,False,False,True,False,False,False,False,4,Hatchback,of_Origin_USA,Chevrolet,Spark,2022.0,37218.164,37218.164
399,9613.0,3.0,0,0,0,0,0,0,False,False,False,False,False,False,True,False,False,4,SUV,of_Origin_Japan,Honda,CR-V,2024.0,34483.918,34483.918
270,59216.0,3.0,0,0,0,0,0,0,False,False,False,False,False,False,True,False,False,4,SUV,baseline_value_here,Volkswagen,Taos,2024.0,30747.957,30747.957
16305,178136.0,10.0,0,0,0,0,0,0,False,False,False,False,True,True,False,False,False,4,SUV,of_Origin_USA,Lincoln,MKX,2017.0,12982.852,12982.852
29760,59764.0,5.0,0,0,0,0,0,1,False,False,False,False,False,True,False,False,False,4,SUV,baseline_value_here,Audi,Q5,2022.0,32324.064,32324.064
9519,12500.0,9.0,0,0,0,0,0,0,False,False,False,False,False,False,True,False,False,4,Coupe,of_Origin_USA,Ford,Mustang,2018.0,41924.574,41924.574
29666,72655.0,4.0,0,0,0,0,0,0,False,False,False,False,True,False,True,False,False,6,Van,of_Origin_USA,RAM,Promaster,2023.0,34160.168,34160.168
19517,67100.0,3.0,0,0,0,0,0,0,False,False,False,False,False,False,False,False,False,4,SUV,of_Origin_Japan,Mitsubishi,RVR,2024.0,22783.146,22783.146
28715,23772.0,2.0,0,0,0,0,0,0,False,False,False,False,True,False,True,False,False,4,SUV,of_Origin_Japan,Subaru,Ascent,2025.0,48115.67,48115.67
38116,102304.0,15.0,0,0,0,0,0,0,False,False,False,False,True,False,False,False,False,4,Sedan,of_Origin_South Korea,Kia,Optima,2012.0,7005.0757,7005.0757
34094,109917.0,8.0,0,0,0,0,0,0,False,False,False,False,False,False,True,False,False,4,SUV,of_Origin_Japan,Subaru,Crosstrek,2019.0,20651.643,20651.643
35489,25672.0,2.0,0,0,0,0,0,1,False,False,False,False,False,False,True,False,False,4,SUV,of_Origin_Japan,Honda,CR-V,2025.0,45836.777,45836.777
28231,76000.0,18.0,0,0,0,0,0,0,True,False,False,False,True,True,False,False,False,baseline_value_here,Coupe,baseline_value_here,BMW,M6,2009.0,36066.582,36066.582
682,77375.0,3.0,0,0,0,0,0,0,False,False,False,False,False,False,True,False,False,4,Sedan,baseline_value_here,Volkswagen,Jetta,2024.0,23061.354,23061.354
27682,16600.0,2.0,0,0,0,0,0,1,False,False,False,False,False,False,True,False,False,4,SUV,of_Origin_USA,Ford,Escape,2025.0,42960.766,42960.766
12657,40098.0,4.0,0,0,0,0,0,0,False,False,False,False,True,True,False,False,False,6,Sedan,of_Origin_Japan,Infiniti,Q50,2023.0,38274.188,38274.188
31627,136966.0,9.0,0,0,0,0,0,0,False,False,False,False,False,False,True,False,False,4,Sedan,of_Origin_Japan,Honda,Civic,2018.0,17796.422,17796.422
19401,47231.0,3.0,0,0,0,0,0,0,False,True,False,False,False,False,False,False,False,4,SUV,of_Origin_Japan,Mitsubishi,Outlander,2024.0,33733.586,33733.586
6621,164479.0,7.0,0,0,0,0,0,0,False,False,False,False,False,False,False,True,False,4,SUV,of_Origin_USA,Buick,Encore,2020.0,15677.592,15677.592
35472,182918.0,11.0,0,0,0,0,0,0,False,False,False,False,False,False,False,False,False,4,Sedan,of_Origin_South Korea,Hyundai,Sonata,2016.0,8334.406,8334.406
4733,5414.0,2.0,0,0,0,0,0,0,False,False,False,False,False,True,False,False,False,6,Coupe,baseline_value_here,Audi,A5,2025.0,55929.914,55929.914
25691,107000.0,8.0,0,0,0,0,0,0,False,False,False,False,False,True,False,False,False,4,Coupe,baseline_value_here,Mercedes-Benz,C-Class,2019.0,25601.963,25601.963
10907,79017.0,5.0,0,0,0,0,0,0,False,False,False,False,False,True,False,False,False,4,Sedan,of_Origin_South Korea,Genesis,G70,2022.0,33095.44,33095.44
26302,61278.0,6.0,0,0,0,0,0,1,False,False,False,False,False,False,True,False,False,4,SUV,of_Origin_Japan,Toyota,RAV,2021.0,37102.543,37102.543
35918,36356.0,2.0,0,0,0,0,0,0,False,False,False,False,False,False,True,False,False,4,SUV,of_Origin_Japan,Mazda,CX-30,2025.0,36071.484,36071.484
25554,153846.0,11.0,0,0,0,0,0,0,False,False,False,False,False,True,False,False,False,baseline_value_here,baseline_value_here,baseline_value_here,BMW,4,2016.0,15990.719,15990.719
35279,257053.0,16.0,0,0,0,0,0,0,False,False,False,False,True,False,True,False,False,6,Minivan,of_Origin_USA,Chrysler,Town,2011.0,6528.0557,6528.0557
37509,71000.0,10.0,0,0,0,0,0,0,False,False,False,False,True,False,True,False,False,4,baseline_value_here,baseline_value_here,Volkswagen,Beetle,2017.0,19021.818,19021.818
22889,31619.0,5.0,0,0,0,0,0,0,False,False,False,False,False,False,True,False,False,4,Sedan,of_Origin_Japan,Toyota,Corolla,2022.0,23653.197,23653.197
26979,163000.0,14.0,0,0,0,0,0,0,False,False,False,False,False,False,False,False,False,4,SUV,of_Origin_South Korea,Kia,Sorento,2013.0,7319.242,7319.242
26879,119221.0,12.0,0,0,0,0,0,1,False,False,False,False,True,False,True,False,False,4,SUV,of_Origin_Japan,Subaru,XV,2015.0,15450.724,15450.724
2959,124000.0,9.0,0,0,0,0,0,0,False,False,False,False,False,False,True,False,False,4,SUV,of_Origin_Japan,Subaru,Crosstrek,2018.0,18314.832,18314.832
36972,122400.0,10.0,0,0,0,0,0,0,False,False,True,False,False,False,True,False,False,6,SUV,of_Origin_Japan,Nissan,Pathfinder,2017.0,13340.516,13340.516
1507,130483.0,5.0,0,0,1,0,0,0,False,False,False,False,False,False,False,False,False,4,Minivan,of_Origin_South Korea,Kia,Carnival,2022.0,30861.346,30861.346
27783,93831.0,6.0,0,0,0,0,1,0,False,False,False,False,False,True,False,False,False,baseline_value_here,baseline_value_here,baseline_value_here,BMW,3,2021.0,30220.307,30220.307
29643,111900.0,8.0,0,0,0,0,0,0,True,False,False,False,False,False,True,False,False,4,Hatchback,baseline_value_here,Volkswagen,Golf,2019.0,22668.697,22668.697
31255,96500.0,10.0,0,0,0,0,0,0,False,False,False,False,True,True,False,False,False,baseline_value_here,baseline_value_here,baseline_value_here,BMW,6,2017.0,40927.434,40927.434
22965,106143.0,3.0,0,1,0,0,0,1,False,False,False,False,False,False,True,False,False,4,SUV,of_Origin_Japan,Toyota,RAV,2024.0,37336.074,37336.074
36913,223000.0,17.0,1,0,0,0,1,0,False,False,False,False,False,True,False,False,False,4,Sedan,of_Origin_Japan,Lexus,IS,2010.0,9459.176,9459.176
704,121966.0,8.0,0,0,0,0,0,1,False,False,False,False,False,False,True,False,False,baseline_value_here,baseline_value_here,of_Origin_USA,RAM,1500,2019.0,24922.262,24922.262
8517,90352.0,3.0,0,1,0,0,0,0,False,False,False,False,False,False,True,False,False,6,Minivan,of_Origin_USA,Chrysler,Pacifica,2024.0,34837.785,34837.785
4886,170.0,3.0,0,0,0,0,0,0,False,False,False,False,False,True,False,False,False,4,SUV,baseline_value_here,Audi,Q3,2024.0,58134.19,58134.19
23762,45832.0,5.0,0,0,0,0,0,0,False,False,False,False,False,False,True,False,False,4,SUV,baseline_value_here,Volkswagen,Taos,2022.0,26740.08,26740.08
20165,84997.0,6.0,0,0,0,0,0,0,False,False,False,False,False,False,True,False,False,4,SUV,of_Origin_Japan,Nissan,Kicks,2021.0,20203.248,20203.248
24843,13612.0,2.0,0,0,0,0,0,1,False,False,False,False,False,True,False,False,False,4,SUV,of_Origin_Sweden,Volvo,XC90,2025.0,61388.176,61388.176
29404,163800.0,10.0,0,0,0,0,0,0,False,False,False,False,False,False,True,False,False,4,SUV,of_Origin_Japan,Subaru,Forester,2017.0,13624.079,13624.079
34513,17310.0,4.0,0,0,0,0,0,0,False,False,False,False,False,True,False,False,False,4,SUV,baseline_value_here,BMW,X1,2023.0,40999.78,40999.78
25028,813.0,2.0,0,0,0,0,0,0,False,False,False,False,False,False,True,False,False,4,SUV,baseline_value_here,Volkswagen,Taos,2025.0,44724.812,44724.812
8603,19677.0,3.0,0,1,0,0,0,0,False,False,False,False,False,False,True,False,False,6,Minivan,of_Origin_USA,Chrysler,Pacifica,2024.0,43367.71,43367.71
24833,51241.0,3.0,0,0,0,0,0,1,False,False,False,False,True,True,False,False,False,4,Sedan,of_Origin_Sweden,Volvo,S60,2024.0,47275.465,47275.465
25230,152781.0,9.0,0,0,0,0,0,0,False,False,False,False,False,False,True,False,False,4,SUV,baseline_value_here,Volkswagen,Tiguan,2018.0,14408.801,14408.801
4084,52788.0,4.0,0,0,1,0,0,0,False,True,False,False,False,True,False,False,False,6,SUV,of_Origin_Japan,baseline_value_here,MDX,2023.0,50070.867,50070.867
3982,224000.0,13.0,0,0,0,0,0,0,False,True,False,False,False,True,False,False,False,6,SUV,of_Origin_Japan,baseline_value_here,MDX,2014.0,10242.167,10242.167
2789,30441.0,4.0,0,1,0,0,0,0,False,False,False,False,False,True,False,False,False,4,Sedan,of_Origin_Japan,Lexus,IS,2023.0,46853.32,46853.32
26797,33500.0,3.0,0,0,0,0,1,0,False,False,False,False,True,False,False,False,False,6,SUV,of_Origin_South Korea,Kia,Telluride,2024.0,49960.28,49960.28
5529,48269.0,5.0,0,0,0,0,0,0,False,True,False,False,False,True,False,False,False,6,SUV,baseline_value_here,BMW,X5,2022.0,60012.023,60012.023
25571,108137.0,4.0,0,0,0,0,0,0,False,False,False,False,False,False,False,False,False,8,Pickup Truck,of_Origin_USA,Chevrolet,Silverado,2023.0,34360.254,34360.254
21171,91539.0,4.0,0,0,0,0,0,0,False,False,False,False,False,False,True,False,False,baseline_value_here,baseline_value_here,of_Origin_USA,RAM,1500,2023.0,39525.383,39525.383
10768,78815.0,8.0,0,0,0,0,0,0,False,False,False,False,False,True,False,False,False,4,Sedan,of_Origin_South Korea,Genesis,G70,2019.0,26743.598,26743.598
25043,22000.0,4.0,0,0,1,0,0,0,False,False,False,False,False,True,False,False,False,4,SUV,of_Origin_Japan,Infiniti,QX50,2023.0,31037.611,31037.611
37133,145000.0,21.0,0,0,0,0,0,0,False,False,False,False,True,True,False,False,False,4,Coupe,baseline_value_here,Mercedes-Benz,CLK-Class,2006.0,5310.311,5310.311
9586,194246.0,11.0,0,0,0,0,0,0,False,False,False,False,True,False,True,False,False,4,SUV,of_Origin_USA,Ford,Edge,2016.0,7528.1133,7528.1133
38406,169984.0,10.0,0,0,0,0,0,0,False,False,False,False,False,False,True,False,False,4,SUV,of_Origin_Japan,Honda,CR-V,2017.0,16772.223,16772.223
466,181114.0,11.0,0,0,0,0,0,0,False,False,False,False,False,False,False,False,False,4,Sedan,of_Origin_South Korea,Hyundai,Sonata,2016.0,8287.633,8287.633
17774,57400.0,5.0,0,1,0,0,0,0,False,False,False,False,False,False,True,False,False,4,SUV,of_Origin_Japan,Mazda,CX-5,2022.0,28285.53,28285.53
38728,78925.0,3.0,0,0,0,0,1,0,False,False,False,False,False,True,False,False,False,4,SUV,baseline_value_here,Audi,Q3,2024.0,33802.645,33802.645
6611,2260.0,1.0,0,0,0,0,0,0,False,False,False,False,False,False,False,True,False,4,SUV,of_Origin_USA,Buick,Envision,2026.0,43804.38,43804.38
31752,128100.0,18.0,0,0,0,0,0,0,False,False,False,False,False,False,False,False,False,4,Sedan,of_Origin_South Korea,Hyundai,Elantra,2009.0,5747.6855,5747.6855
27062,122188.0,5.0,0,0,0,0,0,0,False,False,False,False,False,False,True,False,False,4,SUV,of_Origin_Japan,Toyota,RAV,2022.0,29229.066,29229.066
31645,300.0,1.0,0,0,0,0,0,1,False,False,False,False,False,False,True,False,False,4,SUV,of_Origin_Japan,Honda,CR-V,2026.0,51829.53,51829.53
38599,42554.0,5.0,0,1,1,0,0,0,False,False,False,False,False,False,True,False,False,4,Sedan,of_Origin_Japan,Toyota,Corolla,2022.0,24194.07,24194.07
26078,198190.0,21.0,0,0,0,0,0,0,False,False,False,False,False,False,True,False,False,4,Pickup Truck,of_Origin_USA,Ford,Ranger,2006.0,5922.65,5922.65
11343,98008.0,4.0,0,0,0,0,0,0,False,False,False,False,False,False,True,False,False,4,SUV,of_Origin_Japan,Honda,CR-V,2023.0,29750.16,29750.16
2000,147000.0,9.0,0,0,0,0,1,0,False,False,False,False,False,False,True,False,False,6,SUV,of_Origin_USA,Ford,Police,2018.0,16637.818,16637.818
7023,53447.0,4.0,0,0,0,0,0,0,False,False,False,True,False,True,False,False,False,8,SUV,of_Origin_USA,Cadillac,Escalade,2023.0,108491.99,108491.99
1539,30778.0,8.0,0,0,0,0,0,0,False,False,False,False,False,False,True,False,False,baseline_value_here,baseline_value_here,of_Origin_USA,RAM,1500,2019.0,35342.77,35342.77
34733,499.0,1.0,0,0,0,0,0,1,False,False,False,False,False,False,True,False,False,6,Pickup Truck,of_Origin_USA,Ford,F-150,2026.0,94931.93,94931.93
1509,36297.0,2.0,0,0,0,0,0,0,False,False,False,False,False,False,True,False,False,4,SUV,of_Origin_USA,Ford,Bronco,2025.0,43187.56,43187.56
334,13304.0,2.0,0,0,0,0,0,0,False,False,False,False,False,True,False,False,False,4,SUV,baseline_value_here,Mercedes-Benz,GLC,2025.0,55484.367,55484.367
38254,49750.0,3.0,1,0,0,0,0,0,False,True,False,False,False,False,True,False,False,4,SUV,of_Origin_Japan,Subaru,Outback,2024.0,38085.734,38085.734
18511,246012.0,9.0,0,0,0,0,0,0,False,False,False,False,False,True,False,False,False,6,Sedan,baseline_value_here,Mercedes-Benz,E-Class,2018.0,18031.855,18031.855
33419,499.0,1.0,0,0,0,0,0,0,False,False,False,False,False,False,True,False,False,4,SUV,of_Origin_USA,Ford,Bronco,2026.0,60521.71,60521.71
9533,9025.0,1.0,0,0,0,0,0,0,False,False,False,False,False,False,True,False,False,4,SUV,of_Origin_USA,Ford,Escape,2026.0,48638.35,48638.35
23745,119900.0,11.0,0,1,0,0,0,0,False,False,False,False,False,False,True,False,False,4,Sedan,baseline_value_here,Volkswagen,Jetta,2016.0,11878.399,11878.399
28279,111602.0,7.0,0,0,0,0,0,0,False,False,False,False,False,False,True,False,False,baseline_value_here,baseline_value_here,of_Origin_USA,RAM,1500,2020.0,32819.016,32819.016
37403,63900.0,9.0,1,0,0,0,0,0,False,False,False,False,False,False,True,False,False,6,SUV,of_Origin_USA,Ford,Explorer,2018.0,27402.018,27402.018
33192,111756.0,5.0,0,0,0,0,0,1,False,False,False,False,False,False,False,False,False,4,SUV,of_Origin_South Korea,Hyundai,TUCSON,2022.0,25836.38,25836.38
22172,39574.0,3.0,0,0,0,0,0,0,False,False,False,False,False,False,True,False,False,4,SUV,of_Origin_Japan,Subaru,Forester,2024.0,31650.398,31650.398
37516,139000.0,11.0,1,0,0,0,0,0,False,False,False,False,False,False,False,False,True,baseline_value_here,baseline_value_here,of_Origin_UK,MINI,3,2016.0,8080.6685,8080.6685
17503,98588.0,4.0,0,0,0,0,0,0,False,False,False,False,False,False,False,False,True,4,SUV,of_Origin_UK,MINI,Countryman,2023.0,31036.947,31036.947
10134,183303.0,9.0,0,0,0,0,0,0,False,False,False,False,False,False,False,True,False,8,Pickup Truck,of_Origin_USA,GMC,Sierra,2018.0,20986.723,20986.723
32772,64433.0,7.0,0,0,0,0,0,0,False,False,False,False,False,False,True,False,False,4,Sedan,of_Origin_Japan,Mazda,Mazda3,2020.0,18951.492,18951.492
12732,58599.0,9.0,0,0,0,0,0,0,False,False,False,False,False,True,False,False,False,6,SUV,of_Origin_Japan,Infiniti,QX60,2018.0,25897.926,25897.926
36924,162288.0,9.0,0,0,0,0,0,0,False,False,False,False,True,False,False,False,False,3,Hatchback,of_Origin_Japan,Mitsubishi,Mirage,2018.0,5761.261,5761.261
4564,46000.0,8.0,0,0,0,0,0,0,False,False,False,False,False,True,False,False,False,4,SUV,baseline_value_here,Audi,Q3,2019.0,22376.078,22376.078
16726,499.0,1.0,0,0,0,0,0,0,False,False,False,False,False,True,False,False,False,6,SUV,of_Origin_USA,Lincoln,Aviator,2026.0,82057.836,82057.836
9384,53488.0,5.0,0,0,0,0,0,0,False,False,False,False,False,False,True,False,False,4,SUV,of_Origin_USA,Ford,Bronco,2022.0,28021.225,28021.225
16143,38779.0,3.0,0,0,0,0,0,0,False,False,True,False,False,True,False,False,False,6,SUV,of_Origin_USA,Lincoln,Navigator,2024.0,96424.23,96424.23
38306,11030.0,2.0,0,0,0,0,0,0,False,False,False,False,False,True,False,False,False,6,SUV,of_Origin_USA,Lincoln,Aviator,2025.0,76062.77,76062.77
33658,24223.0,3.0,0,0,0,0,0,0,False,False,False,False,False,False,False,False,False,baseline_value_here,baseline_value_here,of_Origin_South Korea,Hyundai,KONA,2024.0,23950.14,23950.14
16417,45642.0,4.0,0,0,0,0,0,0,False,False,False,False,False,True,False,False,False,6,SUV,of_Origin_USA,Lincoln,Aviator,2023.0,58214.883,58214.883
32155,96757.0,11.0,0,0,0,0,0,0,False,False,False,False,True,False,True,False,False,4,Sedan,of_Origin_Japan,Subaru,Legacy,2016.0,13654.832,13654.832
29146,113000.0,11.0,0,0,0,0,0,0,True,False,False,False,False,False,True,False,False,4,Sedan,of_Origin_Japan,Mazda,Mazda3,2016.0,12780.554,12780.554
5667,11385.0,4.0,0,0,0,0,0,0,False,False,False,False,False,True,False,False,False,baseline_value_here,baseline_value_here,baseline_value_here,BMW,3,2023.0,50215.184,50215.184
20175,161440.0,10.0,0,0,0,0,1,0,False,False,False,False,False,False,True,False,False,4,SUV,of_Origin_Japan,Nissan,Rogue,2017.0,10111.828,10111.828
28405,46887.0,4.0,0,0,0,0,0,0,False,False,False,False,False,False,True,False,False,4,SUV,baseline_value_here,Volkswagen,Taos,2023.0,28378.4,28378.4
36515,68565.0,2.0,0,0,0,0,0,0,False,False,False,False,False,False,True,False,False,4,Sedan,of_Origin_Japan,Toyota,Corolla,2025.0,26963.656,26963.656
13548,4500.0,2.0,0,0,0,0,0,0,False,False,False,False,False,False,True,False,False,6,SUV,of_Origin_USA,Jeep,Wrangler,2025.0,66159.17,66159.17
19315,110000.0,12.0,0,1,1,0,0,0,True,False,False,False,True,False,False,False,False,4,Sedan,of_Origin_Japan,Mitsubishi,Lancer,2015.0,15211.542,15211.542
25915,54310.0,6.0,0,0,0,0,0,0,False,False,False,False,False,False,True,False,False,6,SUV,of_Origin_USA,Jeep,Wrangler,2021.0,36445.137,36445.137
802,11051.0,3.0,0,0,0,0,0,0,False,False,False,False,False,False,True,False,False,6,SUV,of_Origin_USA,Dodge,Durango,2024.0,59729.887,59729.887
36826,137515.0,6.0,0,0,0,0,0,0,False,False,False,False,False,False,True,False,False,4,SUV,of_Origin_Japan,Nissan,Rogue,2021.0,18770.79,18770.79
962,102269.0,6.0,0,0,0,0,0,0,False,False,False,False,False,False,True,False,False,4,Sedan,of_Origin_Japan,Honda,Civic,2021.0,21594.709,21594.709
3066,10380.0,2.0,0,0,0,0,0,0,False,False,False,False,False,True,False,False,False,4,SUV,baseline_value_here,Audi,Q5,2025.0,54195.516,54195.516
7695,341.0,1.0,0,0,0,0,0,0,False,False,False,False,False,False,False,False,False,8,Pickup Truck,of_Origin_USA,Chevrolet,Silverado,2026.0,69230.39,69230.39
33772,195111.0,10.0,0,0,0,0,1,0,False,False,False,False,False,False,True,False,False,4,Sedan,of_Origin_Japan,Honda,Civic,2017.0,12382.44,12382.44
2688,94000.0,6.0,0,0,0,0,0,0,False,False,False,False,False,True,False,False,False,4,SUV,of_Origin_Sweden,Volvo,XC90,2021.0,34325.992,34325.992
22147,326368.0,22.0,0,0,0,0,0,0,False,True,False,False,False,False,True,False,False,4,SUV,of_Origin_Japan,Subaru,Outback,2005.0,3160.8174,3160.8174
31542,138279.0,12.0,0,0,0,0,0,0,False,False,False,False,False,False,False,False,False,4,SUV,of_Origin_South Korea,Hyundai,Tucson,2015.0,11227.276,11227.276
21864,114912.0,8.0,1,0,0,0,0,0,False,False,False,False,False,False,True,False,False,4,SUV,of_Origin_Japan,Subaru,Forester,2019.0,20730.451,20730.451
31932,225600.0,15.0,0,0,0,0,0,0,False,False,False,False,False,False,True,False,False,4,SUV,of_Origin_Japan,Nissan,Rogue,2012.0,5446.1787,5446.1787
31850,46522.0,4.0,0,0,0,0,0,0,True,False,False,False,False,False,True,False,False,4,Sedan,of_Origin_Japan,Mazda,Mazda3,2023.0,30069.36,30069.36
10347,71965.0,3.0,0,0,0,0,0,0,False,False,False,False,False,False,False,True,False,4,SUV,of_Origin_USA,GMC,Terrain,2024.0,27391.645,27391.645
11190,123378.0,8.0,0,0,0,0,0,0,False,False,False,False,False,False,True,False,False,4,Sedan,of_Origin_Japan,Honda,Civic,2019.0,19227.2,19227.2
9095,47600.0,3.0,0,0,0,0,0,0,False,False,False,False,False,False,True,False,False,6,SUV,of_Origin_USA,Dodge,Durango,2024.0,50220.61,50220.61
30575,499.0,1.0,0,0,0,0,0,0,False,False,False,False,False,False,True,False,False,4,SUV,of_Origin_USA,Ford,Bronco,2026.0,60521.71,60521.71
29105,64649.0,4.0,0,0,0,0,0,1,False,False,False,False,False,False,True,False,False,4,SUV,of_Origin_Japan,Toyota,Highlander,2023.0,42076.844,42076.844
11263,34835.0,3.0,0,0,0,0,1,0,False,False,False,False,False,False,True,False,False,4,SUV,of_Origin_Japan,Honda,CR-V,2024.0,34429.773,34429.773
12653,35141.0,5.0,0,0,0,0,0,0,False,True,False,False,False,True,False,False,False,8,SUV,of_Origin_Japan,Infiniti,QX80,2022.0,61111.008,61111.008
37297,37810.0,3.0,0,0,0,0,0,0,False,False,False,False,False,False,True,False,False,4,SUV,of_Origin_Japan,Nissan,Rogue,2024.0,24013.123,24013.123
7896,22875.0,4.0,0,0,0,0,0,0,False,False,False,False,False,False,False,False,False,8,Pickup Truck,of_Origin_USA,Chevrolet,Silverado,2023.0,58203.62,58203.62
28978,11341.0,2.0,0,0,0,0,0,1,False,False,False,False,False,False,False,False,False,4,SUV,of_Origin_South Korea,Kia,Sorento,2025.0,41529.4,41529.4
14152,83031.0,4.0,0,0,0,0,0,0,False,False,False,False,True,False,False,False,False,4,Sedan,of_Origin_South Korea,Kia,Forte,2023.0,19271.797,19271.797
29927,80920.0,9.0,0,0,0,0,0,0,False,False,False,False,False,False,False,False,False,8,Pickup Truck,of_Origin_USA,Chevrolet,Silverado,2018.0,30520.938,30520.938
15361,138485.0,14.0,0,0,0,0,0,0,False,False,False,False,False,True,False,False,False,4,SUV,of_Origin_Japan,Lexus,RX,2013.0,18118.232,18118.232
31206,147343.0,17.0,0,0,0,0,0,0,False,False,False,False,True,False,True,False,False,6,Minivan,of_Origin_USA,Dodge,Grand,2010.0,7553.811,7553.811
8652,81680.0,3.0,0,0,0,0,0,0,False,False,False,False,False,False,True,False,False,6,Minivan,of_Origin_USA,Chrysler,Pacifica,2024.0,34119.805,34119.805
23566,236213.0,13.0,0,0,0,0,0,0,False,False,False,False,False,False,True,False,False,4,SUV,baseline_value_here,Volkswagen,Tiguan,2014.0,5216.719,5216.719
20489,36303.0,4.0,1,0,0,0,0,0,False,False,False,False,False,False,True,False,False,4,SUV,of_Origin_Japan,Nissan,Rogue,2023.0,26952.604,26952.604
29611,188000.0,17.0,0,0,0,0,0,0,False,False,False,False,False,False,True,False,False,4,SUV,of_Origin_Japan,Honda,CR-V,2010.0,7437.35,7437.35
13186,1500.0,1.0,0,0,0,0,0,0,False,False,False,False,False,True,False,False,False,6,SUV,of_Origin_Japan,Infiniti,QX60,2026.0,78580.9,78580.9
38005,44344.0,4.0,0,0,0,0,0,0,False,True,False,False,False,False,True,False,False,4,SUV,baseline_value_here,Volkswagen,Atlas,2023.0,38591.445,38591.445
33238,156000.0,4.0,0,0,0,0,0,0,False,False,False,False,False,False,False,False,False,8,Pickup Truck,of_Origin_USA,Chevrolet,Silverado,2023.0,34826.41,34826.41
29446,233812.0,10.0,0,0,1,0,0,0,False,False,False,False,False,True,False,False,False,4,Sedan,baseline_value_here,Audi,S3,2017.0,12508.884,12508.884
17330,49847.0,4.0,0,0,0,0,0,0,False,False,False,False,False,False,False,False,True,4,baseline_value_here,of_Origin_UK,MINI,Convertible,2023.0,32523.887,32523.887
16724,499.0,1.0,0,0,0,0,0,0,False,False,False,False,False,True,False,False,False,6,SUV,of_Origin_USA,Lincoln,Aviator,2026.0,82057.836,82057.836
24839,106580.0,7.0,0,0,0,0,0,0,False,False,False,False,False,True,False,False,False,4,SUV,of_Origin_Sweden,Volvo,XC90,2020.0,29256.738,29256.738
11895,89000.0,6.0,0,0,0,0,0,0,False,False,False,False,False,False,False,False,False,4,Sedan,of_Origin_South Korea,Hyundai,Elantra,2021.0,17128.12,17128.12
7319,119989.0,8.0,0,0,0,0,0,0,False,False,False,False,False,True,False,False,False,4,SUV,of_Origin_USA,Cadillac,XT4,2019.0,23855.883,23855.883
33967,29445.0,3.0,1,0,0,0,0,0,False,False,False,False,False,False,True,False,False,4,SUV,of_Origin_Japan,Nissan,Rogue,2024.0,27808.715,27808.715
34912,50000.0,9.0,0,0,0,0,0,0,False,False,False,False,False,False,False,False,False,4,SUV,of_Origin_South Korea,Hyundai,Santa,2018.0,16186.109,16186.109
8740,85500.0,4.0,0,1,0,0,0,0,False,False,False,False,False,False,True,False,False,6,SUV,of_Origin_USA,Dodge,Durango,2023.0,40910.508,40910.508
38360,117525.0,14.0,0,0,0,0,0,0,False,False,False,False,False,True,False,False,False,4,SUV,baseline_value_here,BMW,X3,2013.0,8856.853,8856.853
15490,146210.0,16.0,0,0,0,0,1,0,False,False,False,False,False,True,False,False,False,4,Sedan,of_Origin_Japan,Lexus,IS,2011.0,15270.529,15270.529
16695,499.0,1.0,0,0,0,0,0,0,False,False,False,False,False,True,False,False,False,4,SUV,of_Origin_USA,Lincoln,Nautilus,2026.0,65235.47,65235.47
30969,205000.0,12.0,0,0,0,0,0,0,False,False,False,False,False,False,True,False,False,4,Sedan,of_Origin_Japan,Honda,Accord,2015.0,10599.63,10599.63
7910,157000.0,16.0,0,0,0,0,1,0,False,False,False,False,False,False,False,False,False,8,Pickup Truck,of_Origin_USA,Chevrolet,Silverado,2011.0,16641.031,16641.031
36543,48010.0,4.0,0,0,0,0,0,0,False,False,False,False,False,True,False,False,False,6,SUV,baseline_value_here,Audi,SQ5,2023.0,52311.418,52311.418
12688,49957.0,4.0,0,1,0,0,0,0,False,False,False,False,False,True,False,False,False,4,SUV,of_Origin_Japan,Infiniti,QX55,2023.0,34610.145,34610.145
25714,38566.0,3.0,0,0,0,0,0,0,False,False,False,False,False,False,False,False,False,8,Pickup Truck,of_Origin_USA,Chevrolet,Silverado,2024.0,48416.8,48416.8
32533,79483.0,5.0,0,0,0,0,0,0,False,False,False,False,False,False,True,False,False,4,SUV,baseline_value_here,Volkswagen,Taos,2022.0,24302.584,24302.584
4243,151350.0,10.0,0,0,0,0,0,0,False,False,False,False,True,True,False,False,False,4,Sedan,of_Origin_Japan,baseline_value_here,ILX,2017.0,17090.125,17090.125
9569,197377.0,15.0,0,0,0,0,0,0,False,False,False,False,True,False,True,False,False,6,Van,of_Origin_USA,Ford,E-350,2012.0,7008.548,7008.548
17282,42765.0,6.0,0,0,0,0,0,0,True,False,False,False,False,False,False,False,True,baseline_value_here,baseline_value_here,of_Origin_UK,MINI,3,2021.0,33491.91,33491.91
11090,50368.0,3.0,0,0,0,0,0,0,False,False,False,False,False,False,True,False,False,4,Sedan,of_Origin_Japan,Honda,Civic,2024.0,28410.992,28410.992
27884,63765.0,4.0,0,0,0,0,0,0,False,False,False,False,False,False,True,False,False,4,SUV,of_Origin_Japan,Mazda,CX-5,2023.0,30567.846,30567.846
33837,81000.0,8.0,0,0,0,0,0,0,False,True,False,False,False,True,False,False,False,6,SUV,baseline_value_here,BMW,X5,2019.0,40206.457,40206.457
18728,53744.0,5.0,0,0,0,0,0,0,False,False,False,False,False,True,False,False,False,4,Sedan,baseline_value_here,Mercedes-Benz,C-Class,2022.0,36848.33,36848.33
27083,54808.0,8.0,0,0,0,0,0,0,False,False,False,False,False,False,False,False,True,baseline_value_here,baseline_value_here,of_Origin_UK,MINI,5,2019.0,18739.416,18739.416
38136,129730.0,9.0,0,0,0,0,0,0,False,False,False,False,False,False,False,False,False,4,SUV,of_Origin_South Korea,Hyundai,Santa,2018.0,14493.76,14493.76
11977,107382.0,5.0,0,0,0,0,0,0,False,False,False,False,False,False,False,False,False,4,Sedan,of_Origin_South Korea,Hyundai,Elantra,2022.0,18038.934,18038.934
37089,6749.0,2.0,0,0,0,0,0,0,False,False,False,False,False,False,True,False,False,6,SUV,of_Origin_USA,Jeep,Wrangler,2025.0,60352.367,60352.367
21212,1265.0,1.0,0,0,0,0,0,0,False,False,False,False,False,False,True,False,False,baseline_value_here,baseline_value_here,of_Origin_USA,RAM,1500,2026.0,89362.336,89362.336
1639,19711.0,6.0,0,0,0,0,0,0,False,False,False,False,False,False,False,True,False,8,Pickup Truck,of_Origin_USA,GMC,Sierra,2021.0,45125.586,45125.586
1197,133731.0,10.0,0,0,0,0,0,0,False,False,False,False,False,False,True,False,False,6,SUV,of_Origin_USA,Jeep,Wrangler,2017.0,20009.785,20009.785
9286,134684.0,8.0,0,0,0,0,0,0,False,False,False,False,False,False,True,False,False,6,Pickup Truck,of_Origin_USA,Ford,F-150,2019.0,27200.67,27200.67
25993,143181.0,6.0,0,0,0,0,0,0,False,False,False,False,False,False,True,False,False,6,SUV,of_Origin_USA,Jeep,Grand,2021.0,26842.447,26842.447
19483,151059.0,9.0,0,0,0,0,0,0,False,False,False,False,False,False,False,False,False,4,Coupe,of_Origin_Japan,Mitsubishi,Eclipse,2018.0,20030.557,20030.557
37406,85977.0,8.0,0,0,1,0,1,0,False,False,False,False,True,False,True,False,False,4,SUV,of_Origin_USA,Ford,Edge,2019.0,16908.996,16908.996
30920,85600.0,5.0,0,0,0,0,0,0,False,True,False,False,False,False,True,False,False,6,Minivan,of_Origin_Japan,Honda,Odyssey,2022.0,39585.914,39585.914
230,137000.0,12.0,1,0,0,0,0,0,False,False,False,False,True,True,False,False,False,4,Sedan,of_Origin_Japan,baseline_value_here,TLX,2015.0,15271.595,15271.595
20942,437.0,2.0,0,0,0,0,0,0,False,False,False,False,False,False,True,False,False,baseline_value_here,baseline_value_here,of_Origin_USA,RAM,1500,2025.0,56324.523,56324.523
1148,135270.0,7.0,0,0,0,0,0,0,False,False,False,False,False,False,True,False,False,4,SUV,of_Origin_USA,Ford,Explorer,2020.0,19844.145,19844.145
15436,44817.0,4.0,0,0,0,0,0,0,False,False,False,False,False,True,False,False,False,4,SUV,of_Origin_Japan,Lexus,RX,2023.0,44642.01,44642.01
32939,13750.0,2.0,0,0,0,0,0,0,False,False,False,False,False,True,False,False,False,4,SUV,of_Origin_Japan,baseline_value_here,RDX,2025.0,48564.945,48564.945
29983,22026.0,3.0,0,0,0,0,0,0,False,True,False,False,False,False,False,False,False,6,SUV,of_Origin_South Korea,Hyundai,Palisade,2024.0,49598.66,49598.66
37332,51600.0,6.0,0,0,0,0,0,0,False,False,False,False,False,False,True,False,False,4,Sedan,of_Origin_Japan,Mazda,Mazda3,2021.0,23114.88,23114.88
1662,46876.0,2.0,0,0,0,0,0,0,False,False,False,False,False,False,False,False,False,4,Minivan,of_Origin_South Korea,Kia,Carnival,2025.0,43458.633,43458.633
207,63881.0,5.0,1,0,0,0,0,0,False,False,False,False,False,False,True,False,False,6,Pickup Truck,of_Origin_USA,Ford,F-150,2022.0,52337.05,52337.05
4257,92785.0,14.0,0,0,0,0,0,0,True,False,False,False,True,True,False,False,False,4,Sedan,of_Origin_Japan,baseline_value_here,ILX,2013.0,26656.639,26656.639
11253,81572.0,6.0,0,0,0,0,0,0,False,False,False,False,False,False,True,False,False,4,Sedan,of_Origin_Japan,Honda,Civic,2021.0,22698.865,22698.865
35540,54041.0,3.0,0,0,0,0,0,0,False,False,False,False,False,False,True,False,False,4,Sedan,baseline_value_here,Volkswagen,Jetta,2024.0,27008.826,27008.826
2480,54164.0,3.0,0,0,0,0,0,0,False,True,False,False,False,False,True,False,False,4,SUV,baseline_value_here,Volkswagen,Atlas,2024.0,46215.156,46215.156
34989,28676.0,3.0,0,0,1,0,0,0,False,False,False,False,False,False,False,False,False,4,Minivan,of_Origin_South Korea,Kia,Carnival,2024.0,47515.805,47515.805
18444,54409.0,6.0,0,0,0,0,0,0,False,False,False,False,True,True,False,False,False,8,Sedan,baseline_value_here,Mercedes-Benz,S-Class,2021.0,88893.516,88893.516
24989,110000.0,5.0,1,0,0,0,0,0,False,False,False,False,False,True,False,False,False,4,SUV,baseline_value_here,BMW,X2,2022.0,27839.477,27839.477
3070,133072.0,7.0,0,0,0,0,0,0,False,False,False,False,False,False,True,False,False,4,Sedan,baseline_value_here,Volkswagen,Jetta,2020.0,16287.501,16287.501
23054,5794.0,2.0,0,0,0,0,0,0,False,False,False,False,False,False,True,False,False,4,SUV,of_Origin_Japan,Toyota,RAV,2025.0,41342.605,41342.605
36506,85075.0,3.0,0,0,0,0,0,0,False,False,False,False,False,False,False,False,False,4,SUV,of_Origin_South Korea,Kia,Sorento,2024.0,28601.004,28601.004
29707,160900.0,9.0,0,0,0,0,0,0,False,True,False,False,False,True,False,False,False,6,SUV,baseline_value_here,BMW,X5,2018.0,22342.828,22342.828
29145,210806.0,7.0,0,0,0,0,0,0,False,True,False,False,False,False,True,False,False,8,Pickup Truck,of_Origin_USA,Ford,F-250,2020.0,38766.137,38766.137
1652,72252.0,4.0,0,0,0,0,0,1,False,False,False,False,False,False,False,False,False,4,SUV,of_Origin_South Korea,Hyundai,Santa,2023.0,30773.252,30773.252
4032,26130.0,2.0,0,0,0,0,0,0,False,True,False,False,False,True,False,False,False,6,SUV,of_Origin_Japan,baseline_value_here,MDX,2025.0,59177.62,59177.62
10147,88636.0,9.0,0,0,0,0,0,0,False,False,False,False,False,False,False,True,False,8,Pickup Truck,of_Origin_USA,GMC,Sierra,2018.0,29217.408,29217.408
187,43514.0,3.0,0,0,0,0,0,0,False,False,False,False,False,True,False,False,False,4,SUV,of_Origin_Japan,Lexus,TX,2024.0,53020.16,53020.16
10127,133490.0,8.0,0,0,0,0,0,0,False,True,False,False,False,False,False,True,False,8,SUV,of_Origin_USA,GMC,Yukon,2019.0,40634.395,40634.395
25286,40256.0,4.0,0,0,0,0,0,0,False,False,False,False,False,False,True,False,False,4,SUV,baseline_value_here,Volkswagen,Tiguan,2023.0,28344.12,28344.12
8997,10501.0,4.0,0,0,0,0,0,0,False,False,False,False,True,False,True,False,False,6,Coupe,of_Origin_USA,Dodge,Challenger,2023.0,69258.766,69258.766
15561,104289.0,9.0,0,0,0,0,0,0,False,False,False,False,False,True,False,False,False,4,SUV,of_Origin_Japan,Lexus,NX,2018.0,30260.932,30260.932
8632,291954.0,19.0,0,0,0,0,0,0,False,False,False,False,True,False,True,False,False,baseline_value_here,baseline_value_here,of_Origin_USA,Chrysler,300,2008.0,3184.6846,3184.6846
21926,24315.0,3.0,0,0,1,0,0,0,False,False,False,False,False,False,True,False,False,4,SUV,of_Origin_Japan,Subaru,Crosstrek,2024.0,31542.031,31542.031
14183,82000.0,5.0,0,0,0,0,0,0,False,False,False,False,False,False,False,False,False,4,SUV,of_Origin_South Korea,Kia,Sorento,2022.0,25675.469,25675.469
927,121317.0,5.0,0,0,0,0,0,0,False,False,False,False,False,False,True,False,False,6,Minivan,of_Origin_USA,Chrysler,Pacifica,2022.0,28782.275,28782.275
30999,174246.0,11.0,0,0,0,0,0,0,False,False,False,False,False,False,True,False,False,6,SUV,of_Origin_Japan,Toyota,Highlander,2016.0,25331.3,25331.3
14157,31000.0,2.0,0,0,0,0,0,1,False,False,False,False,False,False,False,False,False,4,SUV,of_Origin_South Korea,Kia,Niro,2025.0,44528.723,44528.723
31455,76472.0,11.0,0,0,0,0,0,0,True,False,False,False,True,False,False,False,False,4,Hatchback,of_Origin_South Korea,Hyundai,ACCENT,2016.0,6461.8813,6461.8813
7845,112578.0,4.0,1,0,0,0,0,0,False,False,False,False,False,False,False,False,False,8,Pickup Truck,of_Origin_USA,Chevrolet,Silverado,2023.0,42073.457,42073.457
25391,116449.0,7.0,0,0,0,0,0,0,False,False,False,False,False,False,True,False,False,6,Pickup Truck,of_Origin_USA,Ford,F-150,2020.0,32787.285,32787.285
37080,33333.0,3.0,0,0,0,0,0,0,False,False,False,False,False,False,False,True,False,8,Pickup Truck,of_Origin_USA,GMC,Sierra,2024.0,57017.38,57017.38
31172,46460.0,2.0,0,0,0,0,0,0,False,False,False,False,False,False,True,False,False,4,SUV,of_Origin_Japan,Honda,CR-V,2025.0,35436.258,35436.258
9320,69614.0,3.0,0,0,0,0,0,0,False,False,False,False,False,False,True,False,False,4,SUV,of_Origin_USA,Ford,Escape,2024.0,27703.762,27703.762
12074,109376.0,16.0,0,0,0,0,0,0,False,False,False,False,False,False,False,False,False,4,Sedan,of_Origin_South Korea,Hyundai,Sonata,2011.0,7848.8545,7848.8545
28662,58152.0,2.0,1,0,0,0,0,0,False,False,False,False,False,False,True,False,False,4,Sedan,of_Origin_Japan,Toyota,Corolla,2025.0,25845.883,25845.883
36063,136562.0,8.0,0,0,0,0,0,0,False,False,False,False,False,False,True,False,False,4,SUV,of_Origin_Japan,Nissan,Rogue,2019.0,15281.664,15281.664
27364,132618.0,7.0,0,0,0,0,0,0,False,False,False,False,False,False,False,False,False,4,SUV,of_Origin_South Korea,Kia,Sorento,2020.0,17662.07,17662.07
31831,30249.0,2.0,0,0,0,0,0,0,False,False,False,False,False,False,False,False,False,4,Sedan,of_Origin_South Korea,Hyundai,Elantra,2025.0,24492.727,24492.727
4709,27927.0,2.0,0,0,0,0,0,0,False,False,False,False,False,True,False,False,False,4,SUV,baseline_value_here,Audi,Q5,2025.0,44743.953,44743.953
23340,17340.0,2.0,0,0,0,0,0,1,False,False,False,False,False,False,True,False,False,4,Pickup Truck,of_Origin_Japan,Toyota,Tacoma,2025.0,65524.63,65524.63
25261,149146.0,9.0,0,0,0,0,0,0,False,False,False,False,False,False,True,False,False,4,SUV,baseline_value_here,Volkswagen,Tiguan,2018.0,14685.588,14685.588
11307,29882.0,3.0,0,0,0,0,0,0,False,False,False,False,False,False,True,False,False,4,Sedan,of_Origin_Japan,Honda,Civic,2024.0,28377.408,28377.408
32610,62796.0,4.0,0,0,0,0,0,0,False,False,False,False,False,False,True,False,False,4,SUV,baseline_value_here,Volkswagen,Taos,2023.0,27348.91,27348.91
706,63741.0,6.0,0,0,0,0,0,0,False,False,False,False,False,False,False,False,False,4,SUV,of_Origin_South Korea,Hyundai,Tucson,2021.0,21755.764,21755.764
26197,171630.0,5.0,0,0,0,0,0,0,False,False,False,False,False,False,False,True,False,4,SUV,of_Origin_USA,Buick,Envision,2022.0,18715.707,18715.707
15647,102116.0,10.0,0,0,0,0,0,0,False,False,False,False,False,True,False,False,False,4,SUV,of_Origin_Japan,Lexus,RX,2017.0,28354.176,28354.176
38290,43810.0,3.0,0,0,0,0,0,0,False,False,False,False,False,False,False,False,False,4,SUV,of_Origin_USA,Chevrolet,Trax,2024.0,27402.842,27402.842
9475,3500.0,1.0,0,0,0,0,0,0,False,False,False,False,False,False,True,False,False,4,Pickup Truck,of_Origin_USA,Ford,Maverick,2026.0,55516.105,55516.105
25558,153531.0,11.0,0,0,0,0,0,0,True,False,False,False,False,False,True,False,False,4,SUV,of_Origin_Japan,Mazda,CX-5,2016.0,12250.595,12250.595
4130,70024.0,4.0,0,0,0,0,0,0,False,True,False,False,False,True,False,False,False,6,SUV,of_Origin_Japan,baseline_value_here,MDX,2023.0,48513.82,48513.82
25217,34028.0,7.0,0,0,0,0,0,0,False,False,False,False,False,False,True,False,False,4,Sedan,of_Origin_Japan,Honda,Civic,2020.0,24554.135,24554.135
24480,1173.0,1.0,0,0,0,0,0,0,False,False,False,False,False,True,False,False,False,4,SUV,of_Origin_Sweden,Volvo,XC40,2026.0,77341.414,77341.414
15315,23977.0,3.0,0,0,0,0,0,0,False,False,False,False,False,True,False,False,False,4,SUV,of_Origin_Japan,Lexus,NX,2024.0,54406.316,54406.316
12983,134000.0,7.0,1,0,0,1,0,0,False,False,False,False,False,True,False,False,False,6,SUV,of_Origin_Japan,Infiniti,QX60,2020.0,18384.264,18384.264
25474,26236.0,2.0,0,0,0,0,0,0,False,False,False,False,False,False,True,False,False,baseline_value_here,baseline_value_here,of_Origin_USA,RAM,1500,2025.0,79878.27,79878.27
2284,159000.0,8.0,0,0,0,0,0,0,False,False,False,False,False,False,True,False,False,4,Sedan,of_Origin_Japan,Honda,Civic,2019.0,16738.584,16738.584
33532,21824.0,2.0,0,0,0,0,0,1,False,False,False,False,False,False,True,False,False,4,SUV,of_Origin_Japan,Toyota,RAV,2025.0,52590.93,52590.93
33043,265101.0,11.0,0,0,0,0,0,0,False,False,False,False,True,False,False,False,False,4,Sedan,of_Origin_South Korea,Kia,Rio,2016.0,3977.0745,3977.0745
34102,208000.0,9.0,0,0,0,0,0,0,False,False,False,False,False,False,False,False,False,4,Sedan,of_Origin_South Korea,Hyundai,Elantra,2018.0,8546.948,8546.948
36422,16770.0,3.0,0,0,0,0,0,0,False,False,False,False,False,False,False,False,False,4,SUV,of_Origin_USA,Chevrolet,Trailblazer,2024.0,31012.404,31012.404
17845,37921.0,5.0,0,0,0,0,0,0,False,False,False,False,False,False,True,False,False,4,baseline_value_here,of_Origin_Japan,Mazda,MX-5,2022.0,29338.252,29338.252
20244,68216.0,4.0,0,0,0,0,0,0,False,False,False,False,False,False,True,False,False,4,SUV,of_Origin_Japan,Nissan,Rogue,2023.0,24110.186,24110.186
6585,36653.0,3.0,0,0,0,0,0,0,False,False,False,False,False,False,False,True,False,4,SUV,of_Origin_USA,Buick,Encore,2024.0,27920.94,27920.94
16379,59597.0,6.0,0,0,0,0,0,0,False,False,False,False,False,True,False,False,False,4,SUV,of_Origin_USA,Lincoln,Nautilus,2021.0,30436.51,30436.51
27821,100300.0,8.0,0,0,0,0,0,0,False,False,False,False,False,False,True,False,False,6,Pickup Truck,of_Origin_USA,Ford,F-150,2019.0,34491.723,34491.723
32918,191225.0,14.0,1,0,1,0,1,0,False,False,False,False,True,False,True,False,False,4,SUV,of_Origin_Japan,Toyota,Venza,2013.0,11805.286,11805.286
24758,88567.0,8.0,0,0,0,0,0,0,False,False,False,False,False,True,False,False,False,4,SUV,of_Origin_Sweden,Volvo,XC60,2019.0,26294.684,26294.684
32176,39307.0,3.0,0,0,0,0,0,0,False,False,False,False,False,False,True,False,False,4,SUV,of_Origin_USA,Ford,Bronco,2024.0,22919.668,22919.668
5504,24859.0,3.0,0,0,0,0,0,1,False,False,False,False,False,True,False,False,False,4,SUV,baseline_value_here,BMW,X3,2024.0,51716.98,51716.98
31298,650.0,4.0,0,0,0,0,0,0,False,False,False,False,True,False,True,False,False,6,Coupe,of_Origin_USA,Dodge,Challenger,2023.0,77416.68,77416.68
27663,300.0,1.0,0,0,0,0,0,0,False,False,False,False,False,False,True,False,False,4,SUV,of_Origin_Japan,Honda,CR-V,2026.0,42263.734,42263.734
10165,53691.0,4.0,0,0,0,0,0,0,False,False,False,False,False,False,False,True,False,8,Pickup Truck,of_Origin_USA,GMC,Sierra,2023.0,50090.242,50090.242
26254,23076.0,4.0,0,0,0,0,0,0,False,True,False,False,False,False,True,False,False,6,SUV,of_Origin_Japan,Honda,Passport,2023.0,44271.11,44271.11
1055,99600.0,11.0,1,0,1,0,0,0,False,False,False,False,True,False,True,False,False,4,SUV,of_Origin_Japan,Mazda,CX-3,2016.0,17720.645,17720.645
34227,211000.0,14.0,0,0,0,0,0,0,True,False,False,False,False,False,True,False,False,4,SUV,of_Origin_Japan,Subaru,Forester,2013.0,6559.032,6559.032
24946,106000.0,8.0,0,0,0,0,0,0,False,False,False,False,False,True,False,False,False,6,Coupe,baseline_value_here,Audi,A5,2019.0,23205.475,23205.475
26290,26163.0,3.0,0,0,0,0,0,0,False,False,False,False,False,True,False,False,False,4,SUV,of_Origin_Japan,baseline_value_here,RDX,2024.0,45416.355,45416.355
34923,145705.0,14.0,0,1,0,0,0,0,False,False,False,False,False,False,True,False,False,4,SUV,of_Origin_Japan,Toyota,Highlander,2013.0,13664.666,13664.666
18426,174645.0,16.0,0,0,0,0,0,0,False,False,False,False,False,True,False,False,False,6,Sedan,baseline_value_here,Mercedes-Benz,E-Class,2011.0,9933.118,9933.118
4209,163403.0,11.0,0,0,0,0,0,0,False,False,False,False,True,True,False,False,False,4,Sedan,of_Origin_Japan,baseline_value_here,ILX,2016.0,15417.518,15417.518
36993,60407.0,5.0,0,0,0,0,0,0,False,False,False,False,False,False,False,False,False,4,SUV,of_Origin_South Korea,Hyundai,Santa,2022.0,22996.533,22996.533
20562,126600.0,8.0,0,1,0,0,0,0,False,False,False,False,False,False,True,False,False,4,Sedan,of_Origin_Japan,Nissan,Sentra,2019.0,12009.636,12009.636
25168,115480.0,9.0,0,0,0,0,0,0,False,False,False,False,True,True,False,False,False,4,Sedan,of_Origin_Japan,baseline_value_here,TLX,2018.0,20929.822,20929.822
1588,41560.0,2.0,0,0,0,0,0,0,False,False,False,False,False,True,False,False,False,4,SUV,baseline_value_here,BMW,X2,2025.0,45141.88,45141.88
6565,32549.0,3.0,0,0,0,0,0,0,False,False,False,False,False,False,False,True,False,4,SUV,of_Origin_USA,Buick,Envista,2024.0,29562.754,29562.754
13555,84796.0,7.0,0,0,0,0,0,0,False,False,False,False,False,False,True,False,False,4,SUV,of_Origin_USA,Jeep,Cherokee,2020.0,18893.674,18893.674
8301,25612.0,2.0,0,0,0,0,0,0,False,False,False,False,False,False,True,False,False,6,Minivan,of_Origin_USA,Chrysler,Pacifica,2025.0,46474.17,46474.17
11342,74311.0,6.0,1,0,0,0,0,0,False,False,False,False,False,False,True,False,False,4,SUV,of_Origin_Japan,Honda,CR-V,2021.0,26252.412,26252.412
26038,101000.0,8.0,0,0,0,0,0,0,False,False,False,False,False,False,False,False,False,4,Sedan,of_Origin_South Korea,Hyundai,Elantra,2019.0,14633.288,14633.288
17433,22340.0,3.0,0,0,0,0,0,0,False,False,False,False,False,False,False,False,True,baseline_value_here,baseline_value_here,of_Origin_UK,MINI,3,2024.0,37703.08,37703.08
8255,223201.0,14.0,0,0,0,0,1,0,False,False,False,False,True,False,True,False,False,baseline_value_here,baseline_value_here,of_Origin_USA,Chrysler,300,2013.0,7446.162,7446.162
4082,160000.0,9.0,0,0,0,0,1,0,False,False,False,False,False,True,False,False,False,6,SUV,of_Origin_Japan,baseline_value_here,RDX,2018.0,20383.78,20383.78
19270,73263.0,5.0,0,1,0,0,0,0,False,True,False,False,False,False,False,False,False,4,SUV,of_Origin_Japan,Mitsubishi,Outlander,2022.0,25453.31,25453.31
28006,29597.0,4.0,0,0,0,0,0,0,False,False,False,False,False,False,False,False,False,4,SUV,of_Origin_South Korea,Hyundai,Venue,2023.0,23981.686,23981.686
633,133041.0,9.0,0,0,0,0,0,0,False,False,False,False,False,False,False,False,False,6,SUV,of_Origin_USA,Chevrolet,Traverse,2018.0,18121.465,18121.465
5553,11611.0,2.0,0,0,0,0,0,1,False,False,False,False,False,True,False,False,False,4,SUV,baseline_value_here,BMW,X3,2025.0,56635.234,56635.234
30824,151000.0,15.0,0,0,0,0,0,0,False,False,False,False,True,True,False,False,False,6,Sedan,baseline_value_here,Audi,A7,2012.0,16910.496,16910.496
21225,4300.0,1.0,0,0,0,0,0,0,False,False,False,False,False,False,True,False,False,baseline_value_here,baseline_value_here,of_Origin_USA,RAM,1500,2026.0,76679.41,76679.41
21249,38255.0,2.0,0,0,0,0,0,0,False,False,False,False,False,False,True,False,False,baseline_value_here,baseline_value_here,of_Origin_USA,RAM,1500,2025.0,65167.652,65167.652
175,48222.0,4.0,1,0,0,0,0,0,False,False,False,False,False,False,False,False,False,4,Sedan,of_Origin_South Korea,Hyundai,Elantra,2023.0,22831.826,22831.826
26020,92105.0,5.0,0,0,0,0,0,0,False,False,False,False,False,True,False,False,False,4,SUV,baseline_value_here,Mercedes-Benz,GLA,2022.0,35561.965,35561.965
24948,12913.0,5.0,0,0,0,0,0,0,False,False,False,False,True,True,False,False,False,8,Sedan,baseline_value_here,Mercedes-Benz,S-Class,2022.0,101770.43,101770.43
37255,59708.0,10.0,0,0,0,0,0,0,False,False,False,True,False,True,False,False,False,6,SUV,of_Origin_Japan,Lexus,LX,2017.0,82280.914,82280.914
36468,60049.0,4.0,0,0,0,0,0,0,False,False,False,False,False,False,True,False,False,4,Pickup Truck,of_Origin_Japan,Toyota,Tacoma,2023.0,48274.344,48274.344
3398,7017.0,1.0,0,0,0,0,0,0,False,True,False,False,False,True,False,False,False,6,SUV,of_Origin_Japan,baseline_value_here,MDX,2026.0,71788.07,71788.07
36495,62880.0,6.0,0,0,0,0,0,0,False,False,False,False,False,False,True,False,False,4,SUV,of_Origin_USA,Jeep,Compass,2021.0,24284.883,24284.883
8809,76373.0,5.0,0,0,0,0,0,0,False,False,False,False,False,False,True,False,False,6,SUV,of_Origin_USA,Dodge,Durango,2022.0,38906.703,38906.703
15421,88000.0,9.0,0,0,0,0,0,0,False,False,False,False,False,True,False,False,False,4,SUV,of_Origin_Japan,Lexus,NX,2018.0,31803.975,31803.975
10681,65061.0,6.0,0,0,0,0,0,0,False,False,False,False,False,True,False,False,False,4,Sedan,of_Origin_South Korea,Genesis,G70,2021.0,31435.129,31435.129
14054,60608.0,4.0,0,0,0,0,0,0,False,False,False,False,True,False,False,False,False,4,Sedan,of_Origin_South Korea,Kia,Forte,2023.0,22357.357,22357.357
29719,114595.0,6.0,0,0,0,0,0,0,False,False,False,False,False,False,True,False,False,4,SUV,of_Origin_USA,Jeep,Compass,2021.0,20943.662,20943.662
653,68688.0,11.0,0,0,0,0,0,0,False,False,False,False,False,False,True,False,False,4,Hatchback,baseline_value_here,Volkswagen,Golf,2016.0,14544.513,14544.513
25030,23645.0,3.0,0,0,0,0,0,0,False,False,False,False,False,False,True,False,False,4,SUV,of_Origin_Japan,Mazda,CX-5,2024.0,36148.5,36148.5
26334,107471.0,6.0,0,0,0,0,0,0,False,False,False,False,False,False,True,False,False,4,Pickup Truck,of_Origin_Japan,Toyota,Tacoma,2021.0,41234.773,41234.773
18471,80000.0,12.0,0,0,0,0,0,0,False,False,False,False,False,True,False,False,False,4,Sedan,baseline_value_here,Mercedes-Benz,C-Class,2015.0,17293.96,17293.96
1263,113764.0,6.0,0,0,0,0,0,0,False,False,False,False,False,False,True,False,False,baseline_value_here,baseline_value_here,of_Origin_USA,RAM,1500,2021.0,37534.22,37534.22
32606,119794.0,6.0,0,0,0,0,0,0,False,False,False,False,False,False,True,False,False,4,SUV,of_Origin_USA,Ford,Bronco,2021.0,26297.53,26297.53
29211,180606.0,13.0,0,0,0,0,0,0,False,False,False,False,False,False,True,False,False,4,SUV,of_Origin_Japan,Honda,CR-V,2014.0,12449.527,12449.527
32975,33196.0,6.0,0,0,1,0,0,1,False,False,False,False,False,False,True,False,False,4,SUV,of_Origin_Japan,Toyota,Highlander,2021.0,34649.492,34649.492
32695,40525.0,4.0,0,0,0,0,0,0,False,False,False,False,False,False,True,False,False,6,SUV,of_Origin_USA,Jeep,Wrangler,2023.0,40765.28,40765.28
22932,52536.0,4.0,0,0,0,0,0,1,False,False,False,False,False,False,True,False,False,4,SUV,of_Origin_Japan,Toyota,RAV,2023.0,43653.1,43653.1
35189,193000.0,17.0,0,0,0,0,0,0,False,False,False,False,True,False,True,False,False,4,SUV,of_Origin_USA,Dodge,Journey,2010.0,3443.2527,3443.2527
25521,47880.0,4.0,0,0,0,0,0,0,False,False,False,False,False,True,False,False,False,4,SUV,baseline_value_here,BMW,X1,2023.0,39052.62,39052.62
36560,143249.0,7.0,0,0,0,0,0,0,False,False,False,False,False,False,True,False,False,4,SUV,of_Origin_Japan,Toyota,RAV,2020.0,25065.62,25065.62
33580,64050.0,4.0,0,0,0,0,0,0,False,False,False,False,False,False,False,False,False,4,SUV,of_Origin_South Korea,Kia,Sportage,2023.0,27855.248,27855.248
26978,257000.0,11.0,0,0,0,0,0,0,False,False,False,False,False,False,True,False,False,4,SUV,of_Origin_USA,Jeep,Cherokee,2016.0,5208.586,5208.586
35617,67164.0,6.0,0,0,0,0,0,0,False,False,False,False,False,True,False,False,False,4,SUV,baseline_value_here,Mercedes-Benz,GLB,2021.0,33470.74,33470.74
2634,164148.0,9.0,0,0,0,0,0,0,False,False,False,False,False,False,True,False,False,4,SUV,baseline_value_here,Volkswagen,Tiguan,2018.0,14175.219,14175.219
16497,62462.0,4.0,0,0,0,0,0,0,False,False,False,False,False,True,False,False,False,6,SUV,of_Origin_USA,Lincoln,Aviator,2023.0,52542.812,52542.812
13440,235737.0,14.0,0,0,0,0,0,0,False,False,False,False,False,False,True,False,False,6,SUV,of_Origin_USA,Jeep,Grand,2013.0,9653.452,9653.452
19323,101275.0,7.0,0,0,0,0,0,0,False,True,False,False,False,False,False,False,False,4,SUV,of_Origin_Japan,Mitsubishi,Outlander,2020.0,20967.672,20967.672
105,46731.0,6.0,0,0,0,0,0,0,False,False,False,False,False,False,True,False,False,6,SUV,of_Origin_USA,Jeep,Wrangler,2021.0,36409.49,36409.49
23523,120000.0,6.0,0,0,1,0,0,0,False,False,False,False,False,False,True,False,False,4,SUV,baseline_value_here,Volkswagen,Tiguan,2021.0,21430.496,21430.496
27597,119000.0,7.0,0,0,0,0,0,0,False,False,False,False,False,False,True,False,False,4,SUV,baseline_value_here,Volkswagen,Tiguan,2020.0,20090.072,20090.072
958,23597.0,1.0,0,0,0,0,0,0,False,False,False,False,False,False,True,False,False,4,Sedan,of_Origin_Japan,Honda,Civic,2026.0,30540.605,30540.605
26630,28987.0,3.0,1,0,0,0,0,0,False,False,False,False,False,False,True,False,False,4,SUV,baseline_value_here,Volkswagen,Taos,2024.0,32986.234,32986.234
21005,1367.0,2.0,0,0,0,0,0,0,False,False,False,False,False,False,True,False,False,baseline_value_here,baseline_value_here,of_Origin_USA,RAM,1500,2025.0,74727.95,74727.95
38663,231905.0,12.0,0,0,0,0,0,0,False,False,False,False,True,False,True,False,False,6,Minivan,of_Origin_USA,Dodge,Grand,2015.0,6023.511,6023.511
13475,64996.0,3.0,0,0,0,0,0,0,False,False,False,False,False,False,True,False,False,6,SUV,of_Origin_USA,Jeep,Grand,2024.0,43075.043,43075.043
15594,133814.0,10.0,0,0,0,0,0,0,False,False,False,False,False,True,False,False,False,4,SUV,of_Origin_Japan,Lexus,NX,2017.0,26508.102,26508.102
29257,95548.0,11.0,0,0,0,0,0,0,False,False,False,False,False,False,True,False,False,4,SUV,of_Origin_Japan,Honda,HR-V,2016.0,17839.264,17839.264
34235,153000.0,8.0,0,0,0,0,0,0,False,False,False,False,False,False,True,False,False,6,Van,of_Origin_USA,Ford,Transit,2019.0,24174.861,24174.861
23103,60246.0,4.0,0,0,0,0,0,1,False,False,False,False,False,False,True,False,False,4,Sedan,of_Origin_Japan,Toyota,Corolla,2023.0,32296.316,32296.316
17394,25681.0,3.0,0,0,0,0,0,0,False,False,False,False,False,False,False,False,True,baseline_value_here,baseline_value_here,of_Origin_UK,MINI,3,2024.0,34933.406,34933.406
1030,61150.0,12.0,0,0,0,0,0,0,False,False,False,False,False,True,False,False,False,4,Sedan,baseline_value_here,Mercedes-Benz,C-Class,2015.0,30616.705,30616.705
565,42774.0,3.0,0,0,0,0,0,0,False,False,False,False,False,False,True,False,False,4,SUV,of_Origin_Japan,Toyota,RAV,2024.0,37253.805,37253.805
34938,32889.0,4.0,1,0,1,0,0,0,False,False,False,False,False,False,True,False,False,4,SUV,of_Origin_Japan,Toyota,RAV,2023.0,36408.586,36408.586
23514,40724.0,5.0,0,0,0,0,0,0,False,False,False,False,False,False,True,False,False,4,SUV,baseline_value_here,Volkswagen,Taos,2022.0,26816.982,26816.982
33209,56661.0,2.0,0,0,0,0,0,0,False,False,False,False,False,False,True,False,False,4,SUV,of_Origin_Japan,Mazda,CX-5,2025.0,32664.518,32664.518
1951,109719.0,12.0,0,0,0,0,0,0,False,False,False,False,False,False,False,True,False,4,SUV,of_Origin_USA,GMC,Acadia,2015.0,11303.127,11303.127
11216,26397.0,3.0,0,0,0,0,1,0,False,False,False,False,False,False,True,False,False,4,SUV,of_Origin_Japan,Honda,CR-V,2024.0,33908.383,33908.383
8832,46200.0,4.0,0,0,0,0,0,0,False,False,False,False,False,False,True,False,False,6,Sedan,of_Origin_USA,Dodge,Charger,2023.0,48880.215,48880.215
16402,110036.0,6.0,0,0,0,0,0,0,False,False,False,False,False,True,False,False,False,4,SUV,of_Origin_USA,Lincoln,Corsair,2021.0,27034.668,27034.668
15248,103000.0,5.0,0,0,0,0,0,0,False,False,False,False,False,True,False,False,False,4,SUV,of_Origin_Japan,Lexus,NX,2022.0,37726.438,37726.438
21991,32096.0,4.0,0,1,1,0,1,0,False,False,False,False,False,False,True,False,False,4,SUV,of_Origin_Japan,Subaru,Forester,2023.0,30679.953,30679.953
37032,247455.0,11.0,0,0,0,0,0,0,False,False,False,False,False,False,True,False,False,6,Pickup Truck,of_Origin_USA,Ford,F-150,2016.0,18294.396,18294.396
9578,101297.0,3.0,0,1,0,0,0,0,False,False,True,False,False,False,True,False,False,6,SUV,of_Origin_USA,Ford,Expedition,2024.0,62883.85,62883.85
33975,77885.0,4.0,0,0,0,0,0,0,False,False,False,False,False,False,True,False,False,6,Pickup Truck,of_Origin_USA,Ford,F-150,2023.0,46914.086,46914.086
33018,146024.0,9.0,0,0,0,0,0,1,False,False,False,False,True,False,True,False,False,4,Sedan,of_Origin_Japan,Honda,Clarity,2018.0,18341.06,18341.06
3886,52489.0,5.0,0,0,0,0,0,0,False,False,False,False,False,True,False,False,False,4,SUV,of_Origin_Japan,baseline_value_here,RDX,2022.0,37369.125,37369.125
17611,137229.0,17.0,0,0,0,0,1,0,True,False,False,False,False,False,True,False,False,4,Sedan,of_Origin_Japan,Mazda,Mazda3,2010.0,4407.5044,4407.5044
2700,181000.0,12.0,0,0,0,0,0,0,False,True,False,False,False,True,False,False,False,6,SUV,baseline_value_here,BMW,X5,2015.0,13526.104,13526.104
29031,149634.0,10.0,0,0,0,0,0,0,False,False,False,False,True,True,False,False,False,6,Sedan,baseline_value_here,Mercedes-Benz,S-Class,2017.0,37788.55,37788.55
10302,68578.0,3.0,0,0,0,0,0,0,False,False,False,False,False,False,False,True,False,4,Pickup Truck,of_Origin_USA,GMC,Canyon,2024.0,48238.71,48238.71
3437,3581.0,1.0,0,0,0,0,0,0,False,False,False,False,False,True,False,False,False,4,Hatchback,of_Origin_Japan,baseline_value_here,Integra,2026.0,51458.734,51458.734
2288,112416.0,7.0,1,0,0,0,0,0,False,False,False,False,False,False,True,False,False,4,Sedan,of_Origin_Japan,Nissan,Sentra,2020.0,13696.815,13696.815
11245,71044.0,4.0,0,0,0,0,0,0,False,False,False,False,False,False,True,False,False,4,SUV,of_Origin_Japan,Honda,CR-V,2023.0,31005.398,31005.398
8552,65163.0,3.0,0,0,0,0,0,0,False,False,False,False,False,False,True,False,False,6,Minivan,of_Origin_USA,Chrysler,Pacifica,2024.0,33735.977,33735.977
21814,55092.0,5.0,0,0,1,0,0,0,False,False,False,False,False,False,True,False,False,4,SUV,of_Origin_Japan,Subaru,Crosstrek,2022.0,27566.547,27566.547
2175,155786.0,18.0,0,0,0,0,0,0,False,False,False,False,False,True,False,False,False,baseline_value_here,baseline_value_here,baseline_value_here,BMW,3,2009.0,11739.889,11739.889
37718,155260.0,12.0,0,0,0,0,0,0,False,False,False,False,False,True,False,False,False,4,Sedan,baseline_value_here,Audi,S3,2015.0,10721.478,10721.478
12957,6500.0,1.0,0,0,0,0,0,0,False,False,False,False,False,True,False,False,False,6,SUV,of_Origin_Japan,Infiniti,QX60,2026.0,74234.32,74234.32
2133,3680.0,1.0,0,0,0,0,0,0,False,False,False,False,False,False,False,True,False,8,Pickup Truck,of_Origin_USA,GMC,Sierra,2026.0,71424.016,71424.016
8731,180134.0,12.0,0,0,0,0,1,0,False,False,False,False,True,False,True,False,False,4,SUV,of_Origin_USA,Dodge,Journey,2015.0,7303.2256,7303.2256
25224,77237.0,4.0,0,0,0,0,0,0,False,False,False,False,True,False,True,False,False,4,SUV,of_Origin_Japan,Mazda,CX-9,2023.0,32273.266,32273.266
15344,52480.0,6.0,0,0,0,0,0,0,False,False,False,False,False,True,False,False,False,4,SUV,of_Origin_Japan,Lexus,NX,2021.0,38105.9,38105.9
9506,119263.0,10.0,0,0,1,1,0,0,False,False,False,False,True,False,True,False,False,4,SUV,of_Origin_USA,Ford,Edge,2017.0,11087.269,11087.269
25650,37682.0,10.0,0,0,0,0,0,0,False,False,False,False,False,True,False,False,False,4,Sedan,of_Origin_Japan,Lexus,IS,2017.0,31183.535,31183.535
12799,124583.0,5.0,0,0,1,0,0,0,False,False,False,False,False,True,False,False,False,4,SUV,of_Origin_Japan,Infiniti,QX55,2022.0,26130.85,26130.85
30944,81654.0,7.0,0,0,0,0,0,0,False,False,False,False,False,False,True,False,False,4,SUV,of_Origin_Japan,Nissan,Kicks,2020.0,18351.469,18351.469
4089,58120.0,7.0,0,0,0,0,0,0,False,False,False,False,False,True,False,False,False,4,SUV,of_Origin_Japan,baseline_value_here,RDX,2020.0,32105.293,32105.293
16458,110069.0,5.0,0,0,0,0,0,0,False,False,True,False,False,True,False,False,False,6,SUV,of_Origin_USA,Lincoln,Navigator,2022.0,59980.54,59980.54
13824,139976.0,6.0,0,0,0,0,0,0,False,False,False,False,True,False,False,False,False,4,Hatchback,of_Origin_South Korea,Kia,Soul,2021.0,14148.198,14148.198
28034,6188.0,3.0,0,0,0,0,0,0,False,False,False,False,False,False,False,False,False,4,Sedan,of_Origin_South Korea,Hyundai,Elantra,2024.0,27357.488,27357.488
22747,12744.0,2.0,1,0,0,0,0,0,False,False,False,False,False,False,True,False,False,6,SUV,of_Origin_Japan,Toyota,4-Runner,2025.0,70074.05,70074.05
2572,127000.0,10.0,0,0,0,0,0,0,False,False,False,False,False,False,True,False,False,baseline_value_here,baseline_value_here,of_Origin_USA,RAM,1500,2017.0,22557.484,22557.484
563,1020.0,1.0,0,0,0,0,0,0,False,False,False,False,False,False,True,False,False,baseline_value_here,baseline_value_here,of_Origin_USA,RAM,1500,2026.0,79929.14,79929.14
20542,99000.0,4.0,0,1,1,0,0,0,False,False,False,False,False,False,True,False,False,4,SUV,of_Origin_Japan,Nissan,Rogue,2023.0,24117.074,24117.074
15301,23850.0,2.0,0,0,0,0,0,0,False,False,False,False,False,True,False,False,False,4,SUV,of_Origin_Japan,Lexus,NX,2025.0,52478.867,52478.867
33823,215472.0,11.0,0,0,0,0,0,0,True,True,False,False,False,False,True,False,False,4,Sedan,of_Origin_Japan,Subaru,WRX,2016.0,12961.311,12961.311
16315,88439.0,7.0,0,0,0,0,0,0,False,False,False,False,False,True,False,False,False,6,SUV,of_Origin_USA,Lincoln,Aviator,2020.0,35871.004,35871.004
33926,29710.0,10.0,0,0,0,0,0,0,False,False,False,False,True,False,False,False,False,6,Coupe,of_Origin_USA,Chevrolet,Camaro,2017.0,48302.477,48302.477
38591,142835.0,10.0,0,0,0,0,0,0,False,False,False,False,False,False,False,True,False,8,Pickup Truck,of_Origin_USA,GMC,Sierra,2017.0,26913.592,26913.592
32745,58000.0,5.0,0,0,0,0,0,0,False,True,False,False,False,True,False,False,False,6,SUV,baseline_value_here,Mercedes-Benz,GLE,2022.0,53885.74,53885.74
5730,43471.0,4.0,0,0,0,0,0,0,False,True,False,False,False,True,False,False,False,6,SUV,baseline_value_here,BMW,X5,2023.0,59697.47,59697.47
14235,75628.0,5.0,0,0,0,0,0,0,False,False,False,False,True,False,False,False,False,4,Sedan,of_Origin_South Korea,Kia,Forte,2022.0,18220.213,18220.213
16974,1084.0,1.0,0,0,0,0,0,0,False,False,False,False,False,False,False,False,True,baseline_value_here,baseline_value_here,of_Origin_UK,MINI,5,2026.0,47570.453,47570.453
2771,96087.0,6.0,0,0,0,0,0,0,False,True,False,False,False,True,False,False,False,8,SUV,of_Origin_Japan,Infiniti,QX80,2021.0,37099.152,37099.152
29638,115000.0,8.0,0,0,0,0,0,0,False,True,False,False,False,True,False,False,False,6,Sedan,baseline_value_here,Audi,A6,2019.0,27255.936,27255.936
19632,54013.0,5.0,0,0,0,0,0,1,False,True,False,False,False,False,False,False,False,4,SUV,of_Origin_Japan,Mitsubishi,Outlander,2022.0,30949.271,30949.271
9039,44905.0,3.0,0,0,0,0,0,0,False,False,False,False,False,False,True,False,False,6,SUV,of_Origin_USA,Dodge,Durango,2024.0,52320.816,52320.816
26825,499.0,1.0,0,0,0,0,0,0,False,False,False,False,False,False,True,False,False,6,Pickup Truck,of_Origin_USA,Ford,F-150,2026.0,79353.48,79353.48
5563,99899.0,4.0,0,0,1,0,0,0,False,False,False,False,False,True,False,False,False,baseline_value_here,baseline_value_here,baseline_value_here,BMW,4,2023.0,45404.887,45404.887
16484,89277.0,7.0,0,0,0,0,0,0,False,False,False,False,False,True,False,False,False,4,SUV,of_Origin_USA,Lincoln,Nautilus,2020.0,27692.213,27692.213
2773,87383.0,5.0,0,0,0,0,0,0,False,True,False,False,False,False,True,False,False,6,Minivan,of_Origin_Japan,Honda,Odyssey,2022.0,40053.11,40053.11
28425,300.0,1.0,0,0,0,0,0,1,False,False,False,False,False,False,True,False,False,4,SUV,of_Origin_Japan,Honda,CR-V,2026.0,51829.53,51829.53
6444,18915.0,2.0,0,0,0,0,0,0,False,False,False,False,False,False,False,True,False,4,SUV,of_Origin_USA,Buick,Encore,2025.0,33189.547,33189.547
17775,146360.0,15.0,0,0,0,0,0,0,False,False,False,False,False,False,True,False,False,4,Sedan,of_Origin_Japan,Mazda,Mazda3,2012.0,7300.1494,7300.1494
1128,45838.0,2.0,0,1,0,0,0,0,False,False,False,False,False,False,True,False,False,4,SUV,of_Origin_USA,Ford,Explorer,2025.0,35735.414,35735.414
183,29538.0,4.0,0,0,0,0,0,0,False,False,False,False,False,False,True,False,False,4,SUV,baseline_value_here,Volkswagen,Tiguan,2023.0,28121.201,28121.201
36673,160000.0,9.0,0,0,0,0,0,0,False,False,False,False,False,False,False,False,False,4,SUV,of_Origin_South Korea,Kia,Sorento,2018.0,12609.995,12609.995
37124,289000.0,16.0,0,0,0,0,0,0,False,False,False,False,False,False,True,False,False,4,Sedan,of_Origin_Japan,Toyota,Camry,2011.0,5732.8,5732.8
23622,130000.0,5.0,1,0,0,0,0,0,False,False,False,False,False,False,True,False,False,4,SUV,baseline_value_here,Volkswagen,Tiguan,2022.0,21315.654,21315.654
3044,156203.0,9.0,0,0,0,0,0,0,False,False,False,False,False,False,True,False,False,4,SUV,baseline_value_here,Volkswagen,Tiguan,2018.0,14759.886,14759.886
25676,100999.0,12.0,0,0,0,0,1,0,False,False,False,False,False,False,True,False,False,4,SUV,of_Origin_Japan,Nissan,Rogue,2015.0,10552.247,10552.247
23773,137000.0,9.0,1,0,0,0,0,0,False,True,False,False,False,False,True,False,False,4,SUV,baseline_value_here,Volkswagen,Atlas,2018.0,21003.629,21003.629
3882,112000.0,5.0,0,0,0,0,0,0,False,False,False,False,False,True,False,False,False,4,SUV,of_Origin_Japan,baseline_value_here,RDX,2022.0,33094.73,33094.73
4548,76500.0,4.0,0,0,0,0,0,0,False,False,False,False,False,True,False,False,False,6,SUV,baseline_value_here,Audi,Q7,2023.0,43156.035,43156.035
34280,140000.0,8.0,0,0,0,0,0,0,False,False,False,False,False,False,True,False,False,4,Sedan,of_Origin_Japan,Honda,Accord,2019.0,18411.963,18411.963
11035,107953.0,6.0,0,0,0,0,0,0,False,False,False,False,False,False,True,False,False,4,SUV,of_Origin_Japan,Honda,CR-V,2021.0,25272.7,25272.7
2879,51500.0,3.0,0,0,0,0,0,0,False,False,False,False,False,False,True,False,False,4,Sedan,of_Origin_Japan,Toyota,Camry,2024.0,30822.896,30822.896
38189,39976.0,4.0,0,0,0,0,0,0,False,False,False,False,False,False,True,False,False,4,SUV,baseline_value_here,Volkswagen,Taos,2023.0,28344.12,28344.12
13004,130200.0,8.0,0,0,0,0,0,0,False,False,False,False,False,True,False,False,False,4,SUV,of_Origin_Japan,Infiniti,QX50,2019.0,18890.191,18890.191
35147,340000.0,15.0,0,0,0,0,0,0,True,False,False,False,False,False,True,False,False,4,Sedan,of_Origin_Japan,Honda,Civic,2012.0,5521.6104,5521.6104
20563,22880.0,3.0,1,0,0,0,1,0,False,False,False,False,False,False,True,False,False,4,Sedan,of_Origin_Japan,Nissan,Sentra,2024.0,21711.861,21711.861
28278,98097.0,5.0,0,0,0,0,0,0,False,False,False,False,False,False,True,False,False,4,Sedan,of_Origin_Japan,Subaru,Impreza,2022.0,23446.096,23446.096
29728,133000.0,10.0,0,0,0,0,0,0,False,False,False,False,False,False,True,False,False,baseline_value_here,baseline_value_here,of_Origin_USA,RAM,1500,2017.0,20300.322,20300.322
21167,115391.0,8.0,0,0,0,0,0,0,False,False,False,False,False,False,True,False,False,baseline_value_here,baseline_value_here,of_Origin_USA,RAM,2500,2019.0,29218.287,29218.287
25170,75255.0,11.0,0,0,1,0,0,0,False,False,False,False,False,False,True,False,False,4,SUV,of_Origin_USA,Ford,Escape,2016.0,13788.386,13788.386
19397,46000.0,3.0,0,0,0,0,0,0,False,False,False,False,False,False,False,False,False,4,SUV,of_Origin_Japan,Mitsubishi,RVR,2024.0,25775.86,25775.86
11408,91631.0,6.0,0,1,1,0,0,0,False,False,False,False,False,False,True,False,False,4,SUV,of_Origin_Japan,Honda,CR-V,2021.0,27197.264,27197.264
20346,148441.0,10.0,0,0,0,0,0,0,False,False,True,False,False,False,True,False,False,6,SUV,of_Origin_Japan,Nissan,Pathfinder,2017.0,12677.885,12677.885
17968,87609.0,3.0,0,0,0,0,0,0,False,False,False,False,False,False,True,False,False,4,SUV,of_Origin_Japan,Mazda,CX-5,2024.0,31165.07,31165.07
24584,90630.0,5.0,0,0,0,0,0,0,False,False,False,False,False,True,False,False,False,4,SUV,of_Origin_Sweden,Volvo,XC90,2022.0,34600.582,34600.582
28092,165000.0,16.0,0,0,0,0,0,0,False,False,False,False,False,False,False,False,False,4,SUV,of_Origin_Japan,Mitsubishi,RVR,2011.0,7293.1177,7293.1177
10724,7197.0,1.0,0,0,0,0,0,0,False,False,False,False,False,True,False,False,False,6,SUV,of_Origin_South Korea,Genesis,GV70,2026.0,63981.73,63981.73
919,79840.0,6.0,0,0,0,0,0,0,False,False,False,False,False,False,False,False,False,4,SUV,of_Origin_South Korea,Kia,Seltos,2021.0,20019.932,20019.932
12851,90912.0,3.0,0,0,0,0,0,0,False,True,False,False,False,True,False,False,False,8,SUV,of_Origin_Japan,Infiniti,QX80,2024.0,50654.176,50654.176
34734,499.0,1.0,0,0,0,0,0,0,False,False,False,False,False,False,True,False,False,4,Pickup Truck,of_Origin_USA,Ford,Ranger,2026.0,49992.91,49992.91
12000,224927.0,12.0,0,0,0,0,0,0,False,False,False,False,False,False,False,False,False,4,Sedan,of_Origin_South Korea,Hyundai,Sonata,2015.0,5737.1934,5737.1934
35818,129116.0,4.0,0,0,1,0,0,1,False,False,False,False,False,False,True,False,False,4,SUV,of_Origin_Japan,Toyota,Highlander,2023.0,33875.676,33875.676
35118,44790.0,3.0,0,0,0,0,0,0,False,False,False,False,False,False,False,False,False,4,Minivan,of_Origin_South Korea,Kia,Carnival,2024.0,42933.027,42933.027
36841,202949.0,20.0,0,0,0,0,0,0,False,False,False,False,True,False,True,False,False,4,Hatchback,of_Origin_Japan,Toyota,Yaris,2007.0,5030.759,5030.759
2355,138995.0,12.0,0,0,0,0,0,0,False,False,False,False,False,False,True,False,False,4,SUV,of_Origin_Japan,Subaru,Forester,2015.0,12339.447,12339.447
36932,111120.0,6.0,0,0,0,0,0,0,False,False,True,False,False,False,True,False,False,6,SUV,of_Origin_Japan,Honda,Pilot,2021.0,32842.574,32842.574
15286,42657.0,3.0,0,0,0,0,1,1,False,False,False,False,False,True,False,False,False,4,SUV,of_Origin_Japan,Lexus,UX,2024.0,55408.395,55408.395
33579,70800.0,4.0,0,0,0,0,0,0,False,False,False,False,False,False,False,False,False,4,SUV,of_Origin_USA,Chevrolet,Equinox,2023.0,26982.254,26982.254
20317,15640.0,3.0,0,1,0,0,0,0,True,False,False,True,False,False,True,False,False,6,Coupe,of_Origin_Japan,Nissan,Z,2024.0,45492.297,45492.297
13422,61245.0,3.0,1,0,0,0,0,0,False,False,False,False,False,False,True,False,False,4,SUV,of_Origin_USA,Jeep,Compass,2024.0,24001.936,24001.936
492,149851.0,6.0,1,0,0,0,0,0,False,False,True,False,False,True,False,False,False,8,SUV,baseline_value_here,Mercedes-Benz,GLS,2021.0,53389.324,53389.324
9563,98556.0,9.0,1,0,0,0,0,0,False,False,False,False,False,False,True,False,False,4,Coupe,of_Origin_USA,Ford,Mustang,2018.0,21789.895,21789.895
34487,383.0,1.0,0,0,0,0,0,0,False,False,False,False,False,False,True,False,False,6,Van,of_Origin_USA,RAM,ProMaster,2026.0,65695.695,65695.695
15526,600.0,1.0,0,0,0,0,0,1,False,False,False,False,False,True,False,False,False,4,SUV,of_Origin_Japan,Lexus,NX,2026.0,61691.105,61691.105
36980,214921.0,7.0,0,0,0,0,0,0,False,False,False,False,False,False,True,False,False,6,Pickup Truck,of_Origin_USA,Ford,F-150,2020.0,21847.896,21847.896
17523,160000.0,10.0,0,0,0,0,0,0,False,False,False,False,True,False,False,False,True,4,Hatchback,of_Origin_UK,MINI,Cooper,2017.0,9719.571,9719.571
7795,72025.0,8.0,0,0,0,0,0,1,False,False,False,False,True,False,False,False,False,4,Sedan,of_Origin_USA,Chevrolet,Malibu,2019.0,17548.402,17548.402
1129,6503.0,2.0,0,0,0,0,0,1,False,False,False,False,False,False,True,False,False,4,Pickup Truck,of_Origin_USA,Ford,Maverick,2025.0,40772.43,40772.43
10235,175717.0,12.0,0,0,0,0,0,0,False,False,False,False,False,False,False,True,False,4,SUV,of_Origin_USA,GMC,Acadia,2015.0,9969.434,9969.434
21853,119338.0,9.0,0,0,1,0,0,0,False,False,False,False,False,False,True,False,False,4,SUV,of_Origin_Japan,Subaru,Crosstrek,2018.0,19207.902,19207.902
84,66964.0,5.0,0,1,1,0,0,0,False,False,False,False,True,True,False,False,False,4,Sedan,of_Origin_Japan,baseline_value_here,ILX,2022.0,36173.12,36173.12
30229,305485.0,19.0,0,1,0,0,0,0,False,False,False,False,False,False,True,False,False,4,SUV,of_Origin_Japan,Honda,CR-V,2008.0,4121.705,4121.705
14163,72250.0,3.0,0,0,0,0,0,0,False,False,False,False,False,False,False,False,False,4,SUV,of_Origin_South Korea,Kia,Sportage,2024.0,29303.99,29303.99
31016,108000.0,11.0,0,0,0,0,0,0,False,False,False,False,False,False,True,False,False,4,SUV,of_Origin_Japan,Nissan,Rogue,2016.0,11455.962,11455.962
5801,87053.0,9.0,0,0,0,0,0,0,False,False,False,False,False,True,False,False,False,baseline_value_here,baseline_value_here,baseline_value_here,BMW,2,2018.0,25411.477,25411.477
29447,191700.0,10.0,0,0,0,0,0,0,False,True,False,False,False,False,True,False,False,4,SUV,of_Origin_Japan,Subaru,Outback,2017.0,12253.294,12253.294
8472,113840.0,4.0,0,0,0,0,0,0,False,False,False,False,False,False,True,False,False,6,Minivan,of_Origin_USA,Chrysler,Pacifica,2023.0,29259.543,29259.543
7963,56712.0,3.0,0,1,0,0,0,0,False,False,False,False,False,False,False,False,False,8,Pickup Truck,of_Origin_USA,Chevrolet,Silverado,2024.0,51251.418,51251.418
8142,111829.0,4.0,0,0,0,0,0,0,False,False,False,False,True,False,False,False,False,4,Sedan,of_Origin_USA,Chevrolet,Malibu,2023.0,17795.416,17795.416
23612,6318.0,2.0,0,0,0,0,0,0,False,False,False,False,False,False,True,False,False,4,SUV,baseline_value_here,Volkswagen,Taos,2025.0,38230.168,38230.168
26045,87617.0,13.0,0,0,0,0,0,0,False,False,False,False,False,False,True,False,False,4,SUV,of_Origin_USA,Jeep,Cherokee,2014.0,13074.965,13074.965
29990,108150.0,10.0,1,0,0,0,0,0,False,False,False,False,False,False,True,False,False,4,Sedan,of_Origin_Japan,Nissan,Sentra,2017.0,11156.459,11156.459
24598,17282.0,3.0,0,0,0,0,0,0,False,False,False,False,False,True,False,False,False,4,SUV,of_Origin_Sweden,Volvo,XC90,2024.0,63929.785,63929.785
1846,489.0,1.0,0,0,0,0,0,0,False,True,False,False,False,False,False,True,False,6,SUV,of_Origin_USA,Buick,Enclave,2026.0,67436.03,67436.03
33014,250641.0,10.0,0,0,0,0,0,0,False,True,False,False,False,False,False,True,False,8,SUV,of_Origin_USA,GMC,Yukon,2017.0,21231.422,21231.422
38121,180000.0,14.0,1,0,0,0,0,0,False,False,False,False,True,True,False,False,False,6,SUV,of_Origin_Japan,Infiniti,JX35,2013.0,9722.677,9722.677
36897,129979.0,7.0,0,0,0,0,0,0,False,False,False,False,False,False,True,False,False,4,SUV,of_Origin_USA,Ford,Escape,2020.0,19631.479,19631.479
23449,15511.0,2.0,0,0,0,0,0,0,False,False,False,False,False,False,True,False,False,4,SUV,baseline_value_here,Volkswagen,Taos,2025.0,38192.094,38192.094
16697,499.0,1.0,0,0,0,0,0,0,False,False,False,False,False,True,False,False,False,6,SUV,of_Origin_USA,Lincoln,Aviator,2026.0,82057.836,82057.836
10875,9856.0,2.0,0,0,0,0,0,0,False,False,False,False,False,True,False,False,False,4,SUV,of_Origin_South Korea,Genesis,GV70,2025.0,60860.598,60860.598
29121,11877.0,1.0,0,0,0,0,0,0,False,True,False,False,False,False,True,False,False,4,SUV,baseline_value_here,Volkswagen,Atlas,2026.0,58087.76,58087.76
26375,19249.0,2.0,0,0,0,0,0,0,False,False,False,False,False,False,False,False,False,4,Sedan,of_Origin_South Korea,Hyundai,Elantra,2025.0,24234.086,24234.086
7862,146872.0,10.0,0,0,0,0,0,0,False,False,False,False,True,False,False,False,False,4,Sedan,of_Origin_USA,Chevrolet,Cruze,2017.0,10454.933,10454.933
10954,97021.0,5.0,0,0,0,0,0,0,False,False,False,False,False,True,False,False,False,4,SUV,of_Origin_South Korea,Genesis,GV70,2022.0,36540.73,36540.73
8780,45729.0,4.0,0,0,0,0,0,0,False,False,False,False,True,False,True,False,False,4,SUV,of_Origin_USA,Dodge,Hornet,2023.0,26059.232,26059.232
13630,56068.0,6.0,0,0,0,0,0,1,False,False,False,False,False,False,True,False,False,6,SUV,of_Origin_USA,Jeep,Wrangler,2021.0,39906.387,39906.387
24724,79152.0,3.0,0,0,0,0,0,0,False,False,False,False,True,True,False,False,False,4,Sedan,of_Origin_Sweden,Volvo,S60,2024.0,33375.363,33375.363
36389,6252.0,2.0,0,0,0,0,0,0,False,False,False,False,False,False,True,False,False,4,Sedan,baseline_value_here,Volkswagen,Jetta,2025.0,25971.867,25971.867
6458,31075.0,3.0,0,0,0,0,0,0,False,False,False,False,False,False,False,True,False,4,SUV,of_Origin_USA,Buick,Encore,2024.0,29741.447,29741.447
34845,26126.0,3.0,0,0,0,0,0,0,False,False,False,False,False,False,True,False,False,4,SUV,of_Origin_Japan,Subaru,Crosstrek,2024.0,32478.92,32478.92
28009,76348.0,3.0,0,0,0,0,0,0,False,False,False,False,False,False,False,False,False,4,SUV,of_Origin_South Korea,Hyundai,Venue,2024.0,23964.812,23964.812
35552,45524.0,5.0,0,0,0,0,0,0,False,False,False,False,False,True,False,False,False,4,SUV,baseline_value_here,Audi,Q3,2022.0,32329.51,32329.51
32013,113935.0,6.0,0,0,0,0,0,0,False,False,False,False,False,False,True,False,False,4,Sedan,of_Origin_Japan,Toyota,Corolla,2021.0,20381.785,20381.785
35765,224572.0,17.0,0,0,0,0,0,0,False,True,False,False,False,False,True,False,False,6,Minivan,of_Origin_Japan,Honda,Odyssey,2010.0,7215.402,7215.402
2943,15778.0,2.0,0,0,0,0,0,0,False,False,False,False,False,True,False,False,False,6,SUV,baseline_value_here,Audi,SQ5,2025.0,67077.59,67077.59
17352,26502.0,3.0,0,0,0,0,0,0,False,False,False,False,False,False,False,False,True,4,SUV,of_Origin_UK,MINI,Countryman,2024.0,36362.758,36362.758
18450,97607.0,6.0,0,0,0,0,0,0,False,False,False,False,False,True,False,False,False,6,SUV,baseline_value_here,Mercedes-Benz,GLC,2021.0,36211.348,36211.348
29894,72924.0,3.0,0,0,0,0,0,0,False,False,False,False,False,False,False,False,False,4,SUV,of_Origin_USA,Chevrolet,Trailblazer,2024.0,25999.97,25999.97
34305,29001.0,5.0,0,0,0,0,0,0,False,False,False,False,False,False,True,False,False,4,Sedan,of_Origin_Japan,Mazda,Mazda3,2022.0,28038.385,28038.385
25122,49133.0,4.0,0,0,1,0,0,0,False,False,False,False,False,False,True,False,False,4,SUV,of_Origin_Japan,Mazda,CX-5,2023.0,29902.838,29902.838
30358,250000.0,15.0,0,0,0,0,0,0,True,False,False,False,False,False,True,False,False,4,Sedan,of_Origin_Japan,Mazda,Mazda3,2012.0,4459.758,4459.758
17505,128045.0,14.0,0,0,0,0,0,0,True,False,False,False,False,False,False,False,True,baseline_value_here,baseline_value_here,of_Origin_UK,MINI,3,2013.0,8878.653,8878.653
10138,173703.0,9.0,0,0,0,0,0,0,False,False,False,False,False,False,False,True,False,8,Pickup Truck,of_Origin_USA,GMC,Sierra,2018.0,22759.861,22759.861
33849,230000.0,9.0,0,0,0,0,0,0,False,False,False,False,False,False,True,False,False,6,Sedan,of_Origin_USA,Dodge,Charger,2018.0,12784.182,12784.182
7018,32462.0,3.0,0,0,0,0,0,0,False,False,False,True,False,True,False,False,False,8,SUV,of_Origin_USA,Cadillac,Escalade,2024.0,104758.18,104758.18
34832,95000.0,4.0,0,0,0,0,0,0,False,False,False,False,True,False,False,False,False,4,Sedan,of_Origin_South Korea,Kia,Forte,2023.0,19422.062,19422.062
17370,110151.0,12.0,1,0,0,0,0,0,True,False,False,False,False,False,False,False,True,4,SUV,of_Origin_UK,MINI,Countryman,2015.0,11563.524,11563.524
7316,118790.0,6.0,0,0,0,0,0,0,False,False,False,False,True,True,False,False,False,6,SUV,of_Origin_USA,Cadillac,XT6,2021.0,33919.16,33919.16
2114,148000.0,17.0,0,0,0,0,0,0,True,False,False,False,False,False,True,False,False,4,Hatchback,baseline_value_here,Volkswagen,Golf,2010.0,11138.595,11138.595
20920,41988.0,2.0,0,0,0,0,0,0,False,False,False,False,False,False,True,False,False,baseline_value_here,baseline_value_here,of_Origin_USA,RAM,1500,2025.0,58983.348,58983.348
23764,77340.0,6.0,0,0,0,0,0,0,False,True,False,False,False,False,True,False,False,4,SUV,baseline_value_here,Volkswagen,Atlas,2021.0,32526.727,32526.727
8709,185631.0,10.0,0,0,0,0,1,0,False,False,False,False,True,False,True,False,False,6,Minivan,of_Origin_USA,Dodge,Grand,2017.0,10720.804,10720.804
10802,74651.0,3.0,0,0,0,0,0,0,False,True,False,False,False,True,False,False,False,6,SUV,of_Origin_South Korea,Genesis,GV80,2024.0,51938.19,51938.19
5685,119256.0,11.0,0,0,0,0,0,0,False,False,False,False,False,True,False,False,False,4,SUV,baseline_value_here,BMW,X3,2016.0,15763.086,15763.086
15347,7890.0,2.0,0,0,0,0,0,1,False,False,False,False,False,True,False,False,False,4,SUV,of_Origin_Japan,Lexus,UX,2025.0,57871.215,57871.215
37082,106446.0,6.0,0,0,0,0,0,0,False,False,False,False,False,True,False,False,False,4,SUV,baseline_value_here,Audi,Q5,2021.0,25081.617,25081.617
38697,499.0,1.0,0,0,0,0,0,0,False,False,False,False,False,False,True,False,False,4,SUV,of_Origin_USA,Ford,Explorer,2026.0,60521.71,60521.71
25877,8887.0,2.0,0,0,0,0,0,1,False,False,False,False,False,False,True,False,False,4,Pickup Truck,of_Origin_USA,Ford,Maverick,2025.0,55013.316,55013.316
639,81819.0,5.0,0,0,0,0,0,0,False,False,False,False,False,False,False,False,False,8,Pickup Truck,of_Origin_USA,Chevrolet,Silverado,2022.0,41589.945,41589.945
5211,7762.0,1.0,0,0,0,0,0,0,False,False,False,False,False,True,False,False,False,4,SUV,baseline_value_here,BMW,X3,2026.0,67809.58,67809.58
23484,36396.0,3.0,0,0,0,0,0,0,False,True,False,False,False,False,True,False,False,4,SUV,baseline_value_here,Volkswagen,Atlas,2024.0,43939.766,43939.766
20173,220299.0,11.0,0,0,0,0,1,0,False,False,False,False,False,False,True,False,False,4,SUV,of_Origin_Japan,Nissan,Rogue,2016.0,8363.855,8363.855
6030,10551.0,1.0,0,0,0,0,0,0,False,False,False,False,False,False,False,True,False,4,SUV,of_Origin_USA,Buick,Encore,2026.0,38952.496,38952.496
26071,52000.0,5.0,0,0,0,0,0,0,False,False,False,False,False,False,True,False,False,4,Sedan,of_Origin_Japan,Toyota,Corolla,2022.0,26770.352,26770.352
27367,45121.0,4.0,0,0,0,0,0,0,False,False,False,False,False,False,False,False,False,8,Pickup Truck,of_Origin_USA,Chevrolet,Silverado,2023.0,58588.05,58588.05
38036,57537.0,4.0,1,0,0,0,0,0,False,True,False,False,False,False,True,False,False,4,SUV,of_Origin_Japan,Subaru,Outback,2023.0,34740.305,34740.305
4096,76401.0,4.0,0,0,0,0,0,0,False,False,False,False,False,True,False,False,False,4,Hatchback,of_Origin_Japan,baseline_value_here,Integra,2023.0,30077.854,30077.854
13917,46677.0,5.0,1,1,0,0,0,0,False,False,False,False,False,False,False,False,False,4,SUV,of_Origin_South Korea,Kia,Seltos,2022.0,23398.27,23398.27
25710,99015.0,8.0,0,1,0,0,0,0,False,False,False,False,True,False,True,False,False,4,SUV,of_Origin_Japan,Mazda,CX-3,2019.0,22195.947,22195.947
25025,20549.0,3.0,0,0,0,0,0,1,False,False,False,False,False,False,True,False,False,4,SUV,of_Origin_Japan,Toyota,Highlander,2024.0,48979.902,48979.902
29533,5890.0,1.0,0,0,0,0,0,0,False,False,False,False,False,False,True,False,False,4,Pickup Truck,of_Origin_USA,Ford,Ranger,2026.0,66948.55,66948.55
11244,120833.0,3.0,0,0,1,0,1,0,False,False,False,False,False,False,True,False,False,4,SUV,of_Origin_Japan,Honda,CR-V,2024.0,28645.738,28645.738
33235,203500.0,16.0,0,0,0,0,0,0,False,False,False,False,False,False,True,False,False,6,SUV,of_Origin_USA,Jeep,Wrangler,2011.0,9147.537,9147.537
17807,1250.0,1.0,0,0,0,0,0,0,False,False,False,False,False,False,True,False,False,4,SUV,of_Origin_Japan,Mazda,CX-30,2026.0,38888.555,38888.555
5609,95215.0,6.0,0,0,0,0,0,1,False,True,False,False,False,True,False,False,False,6,SUV,baseline_value_here,BMW,X5,2021.0,43979.26,43979.26
22944,185395.0,6.0,0,0,0,0,0,0,False,False,False,False,False,False,True,False,False,4,Pickup Truck,of_Origin_Japan,Toyota,Tacoma,2021.0,29874.602,29874.602
11904,80000.0,5.0,0,0,0,0,0,1,False,False,False,False,False,False,False,False,False,4,SUV,of_Origin_South Korea,Hyundai,Tucson,2022.0,29545.87,29545.87
17377,57200.0,9.0,0,0,0,0,0,0,False,False,False,False,False,False,False,False,True,baseline_value_here,baseline_value_here,of_Origin_UK,MINI,3,2018.0,20708.59,20708.59
1546,107803.0,11.0,0,0,0,0,0,0,False,False,False,False,False,False,True,False,False,4,SUV,baseline_value_here,Volkswagen,Tiguan,2016.0,12569.22,12569.22
11975,5724.0,2.0,0,0,0,0,0,0,False,False,False,False,False,False,False,False,False,4,Pickup Truck,of_Origin_South Korea,Hyundai,Santa,2025.0,40580.777,40580.777
2905,162003.0,10.0,0,0,0,0,0,0,False,True,False,False,False,True,False,False,False,baseline_value_here,baseline_value_here,baseline_value_here,BMW,5,2017.0,24378.072,24378.072
20395,9775.0,2.0,0,0,0,0,0,0,False,False,False,True,False,False,True,False,False,8,SUV,of_Origin_Japan,Nissan,Armada,2025.0,65553.87,65553.87
6457,21280.0,3.0,0,0,0,0,0,0,False,False,False,False,False,False,False,True,False,4,SUV,of_Origin_USA,Buick,Envision,2024.0,26706.578,26706.578
33156,114000.0,4.0,0,0,0,0,0,0,False,False,False,False,False,False,False,False,False,4,SUV,of_Origin_USA,Chevrolet,Equinox,2023.0,23834.383,23834.383
36886,98354.0,10.0,0,0,0,0,0,0,False,False,False,False,True,False,False,False,False,4,Sedan,of_Origin_USA,Chevrolet,Cruze,2017.0,12976.336,12976.336
8998,12872.0,3.0,0,0,0,0,0,0,False,False,False,False,True,False,True,False,False,4,SUV,of_Origin_USA,Dodge,Hornet,2024.0,28424.016,28424.016
18538,104636.0,5.0,0,0,0,0,0,0,False,False,False,False,False,True,False,False,False,4,SUV,baseline_value_here,Mercedes-Benz,GLC,2022.0,34519.074,34519.074
22158,133001.0,8.0,0,1,0,0,0,0,False,False,False,False,True,False,True,False,False,4,SUV,of_Origin_Japan,Subaru,Ascent,2019.0,20453.186,20453.186
21985,101876.0,5.0,0,0,1,0,0,0,False,False,False,False,True,False,True,False,False,4,SUV,of_Origin_Japan,Subaru,Ascent,2022.0,29824.332,29824.332
22853,17495.0,2.0,0,0,0,0,0,1,False,False,False,False,False,False,True,False,False,4,Sedan,of_Origin_Japan,Toyota,Camry,2025.0,39959.863,39959.863
8293,53056.0,3.0,0,0,0,0,0,0,False,False,False,False,False,False,True,False,False,6,Minivan,of_Origin_USA,Chrysler,Grand,2024.0,41242.785,41242.785
25335,200000.0,10.0,0,0,0,0,0,0,False,False,False,False,False,True,False,False,False,6,SUV,baseline_value_here,Audi,Q7,2017.0,16975.855,16975.855
1902,70000.0,7.0,0,0,0,0,0,0,False,False,False,False,False,True,False,False,False,4,SUV,of_Origin_Japan,Lexus,RX,2020.0,30810.361,30810.361
14150,40244.0,4.0,0,0,0,0,0,0,False,False,False,False,True,False,False,False,False,4,Sedan,of_Origin_South Korea,Kia,Forte,2023.0,22186.77,22186.77
29636,26223.0,2.0,0,0,0,0,0,0,False,False,False,False,False,False,False,False,False,4,Sedan,of_Origin_South Korea,Hyundai,Elantra,2025.0,23657.42,23657.42
14106,41935.0,2.0,0,0,0,0,0,1,False,False,False,False,False,False,False,False,False,4,SUV,of_Origin_South Korea,Kia,Sorento,2025.0,47666.723,47666.723
28942,144500.0,10.0,0,0,0,0,0,0,False,False,False,False,False,False,True,False,False,4,SUV,of_Origin_USA,Ford,Escape,2017.0,11587.076,11587.076
21795,179118.0,7.0,0,0,0,0,1,0,False,False,False,False,False,False,True,False,False,4,SUV,of_Origin_Japan,Subaru,Crosstrek,2020.0,16141.223,16141.223
10846,5000.0,1.0,0,0,0,0,0,0,False,True,False,False,False,True,False,False,False,6,SUV,of_Origin_South Korea,Genesis,GV80,2026.0,96600.805,96600.805
29378,95136.0,6.0,0,0,0,0,0,0,False,False,False,False,False,False,True,False,False,6,SUV,of_Origin_USA,Jeep,Grand,2021.0,30293.19,30293.19
1494,111535.0,7.0,0,0,0,0,0,0,False,False,False,False,False,False,True,False,False,6,SUV,of_Origin_USA,Jeep,Grand,2020.0,27680.625,27680.625
36910,60064.0,7.0,0,0,0,0,0,0,False,False,False,False,False,False,True,False,False,4,SUV,of_Origin_Japan,Toyota,RAV,2020.0,28813.695,28813.695
16521,74000.0,4.0,0,0,0,0,0,0,False,False,False,False,False,True,False,False,False,6,SUV,of_Origin_USA,Lincoln,Aviator,2023.0,51035.77,51035.77
16410,112321.0,10.0,0,0,0,0,0,0,False,False,False,False,True,True,False,False,False,6,Sedan,of_Origin_USA,Lincoln,Continental,2017.0,19843.902,19843.902
1591,65667.0,5.0,0,0,0,0,0,0,False,False,False,False,False,False,False,False,False,4,Sedan,of_Origin_South Korea,Hyundai,Elantra,2022.0,21046.176,21046.176
12937,94827.0,10.0,0,0,0,0,0,0,False,False,False,False,True,True,False,False,False,6,Sedan,of_Origin_Japan,Infiniti,Q50,2017.0,21000.37,21000.37
12778,102852.0,13.0,0,0,0,0,0,0,False,False,False,False,False,True,False,False,False,6,SUV,of_Origin_Japan,Infiniti,QX60,2014.0,11742.499,11742.499
4913,2000.0,1.0,0,0,0,0,0,0,False,False,False,False,False,True,False,False,False,4,SUV,baseline_value_here,Audi,Q5,2026.0,67513.25,67513.25
32561,90500.0,4.0,0,0,0,0,0,0,False,False,False,False,False,False,False,False,False,4,SUV,of_Origin_South Korea,Hyundai,Santa,2023.0,26516.271,26516.271
38498,203581.0,10.0,0,0,0,0,0,0,False,False,False,False,False,False,True,False,False,4,Hatchback,baseline_value_here,Volkswagen,Golf,2017.0,9933.238,9933.238
30403,88953.0,5.0,1,0,1,1,0,0,False,False,False,False,False,False,True,False,False,6,Pickup Truck,of_Origin_USA,Ford,F-150,2022.0,43217.09,43217.09
38522,78926.0,4.0,0,0,0,0,0,1,False,False,False,False,False,False,True,False,False,4,SUV,of_Origin_Japan,Toyota,Highlander,2023.0,40147.82,40147.82
5809,70923.0,3.0,0,0,0,0,0,0,False,False,False,False,False,True,False,False,False,baseline_value_here,baseline_value_here,baseline_value_here,BMW,3,2024.0,42747.434,42747.434
12911,65858.0,5.0,0,0,0,0,0,0,False,False,False,False,False,True,False,False,False,4,SUV,of_Origin_Japan,Infiniti,QX55,2022.0,29323.93,29323.93
6344,36653.0,3.0,0,0,0,0,0,0,False,False,False,False,False,False,False,True,False,4,SUV,of_Origin_USA,Buick,Encore,2024.0,27920.94,27920.94
25226,33470.0,3.0,1,0,0,0,0,0,False,True,False,False,False,False,True,False,False,4,SUV,baseline_value_here,Volkswagen,Atlas,2024.0,44246.85,44246.85
20362,40117.0,3.0,0,1,0,0,0,0,False,False,False,False,False,False,True,False,False,4,SUV,of_Origin_Japan,Nissan,Rogue,2024.0,28396.168,28396.168
18635,219905.0,10.0,0,0,0,0,0,0,False,False,True,False,False,True,False,False,False,6,SUV,baseline_value_here,Mercedes-Benz,GLS,2017.0,19693.348,19693.348
34710,499.0,1.0,0,0,0,0,0,0,False,False,False,False,False,False,True,False,False,6,Pickup Truck,of_Origin_USA,Ford,F-150,2026.0,79353.48,79353.48
13924,46746.0,4.0,0,0,0,0,0,0,False,False,False,False,False,False,False,False,False,4,SUV,of_Origin_South Korea,Kia,Sportage,2023.0,26536.322,26536.322
2075,61425.0,6.0,0,0,0,0,0,0,False,True,False,False,False,False,False,False,False,6,SUV,of_Origin_South Korea,Hyundai,Palisade,2021.0,31523.799,31523.799
12196,177890.0,9.0,0,0,0,0,0,0,False,False,False,False,False,False,False,False,False,4,Sedan,of_Origin_South Korea,Hyundai,Elantra,2018.0,9450.946,9450.946
7827,45068.0,3.0,0,0,0,0,0,0,False,False,False,False,False,False,False,False,False,8,Pickup Truck,of_Origin_USA,Chevrolet,Silverado,2024.0,59183.152,59183.152
6301,59821.0,3.0,0,0,0,0,0,0,False,False,False,False,False,False,False,True,False,4,SUV,of_Origin_USA,Buick,Envista,2024.0,26415.764,26415.764
32039,14093.0,14.0,0,0,0,0,0,0,False,True,False,False,False,True,False,False,False,6,SUV,baseline_value_here,BMW,X5,2013.0,42686.1,42686.1
2807,120545.0,8.0,0,0,0,0,0,0,False,False,False,False,False,False,True,False,False,4,Sedan,of_Origin_Japan,Honda,Civic,2019.0,20012.207,20012.207
19935,465.0,1.0,0,0,0,0,0,0,False,False,False,False,False,False,True,False,False,4,SUV,of_Origin_Japan,Nissan,Rogue,2026.0,44823.9,44823.9
19293,89732.0,3.0,0,0,0,0,0,0,False,True,False,False,False,False,False,False,False,4,SUV,of_Origin_Japan,Mitsubishi,Outlander,2024.0,30341.408,30341.408
29234,98307.0,17.0,0,0,0,0,0,0,False,False,False,False,True,True,False,False,False,6,Sedan,of_Origin_USA,Lincoln,MKZ,2010.0,12050.033,12050.033
17544,51000.0,19.0,0,0,0,0,0,0,True,False,False,False,False,False,False,False,True,4,baseline_value_here,of_Origin_UK,MINI,Convertible,2008.0,18553.422,18553.422
8037,66355.0,5.0,0,0,0,0,0,0,False,False,False,False,False,False,False,False,False,4,SUV,of_Origin_USA,Chevrolet,Equinox,2022.0,24949.959,24949.959
36949,212595.0,15.0,0,0,0,0,0,0,False,False,True,False,False,False,True,False,False,6,SUV,of_Origin_Japan,Nissan,Pathfinder,2012.0,6575.0957,6575.0957
17848,152907.0,8.0,0,0,0,0,0,0,False,False,False,False,False,False,True,False,False,4,Sedan,of_Origin_Japan,Mazda,Mazda3,2019.0,15284.139,15284.139
37726,109870.0,18.0,0,0,0,0,0,0,False,False,False,False,False,False,True,False,False,4,Hatchback,of_Origin_Japan,Toyota,Prius,2009.0,10054.793,10054.793
11943,62007.0,3.0,0,0,0,0,0,1,False,False,False,False,False,False,False,False,False,4,SUV,of_Origin_South Korea,Hyundai,Tucson,2024.0,34578.96,34578.96
3909,115480.0,9.0,0,0,0,0,0,0,False,False,False,False,True,True,False,False,False,4,Sedan,of_Origin_Japan,baseline_value_here,TLX,2018.0,20929.822,20929.822
35309,65000.0,5.0,0,0,0,0,0,1,False,False,False,False,False,True,False,False,False,6,Hatchback,baseline_value_here,Audi,A5,2022.0,38200.652,38200.652
38003,25144.0,3.0,0,0,0,0,0,0,False,False,False,False,False,False,True,False,False,4,SUV,of_Origin_USA,Ford,Bronco,2024.0,22167.014,22167.014
13976,194524.0,10.0,0,0,0,0,1,0,False,False,False,False,True,False,False,False,False,4,Sedan,of_Origin_South Korea,Kia,Forte,2017.0,8156.8193,8156.8193
38228,128034.0,5.0,0,0,0,0,0,0,False,False,False,False,False,False,True,False,False,4,SUV,of_Origin_USA,Ford,Bronco,2022.0,25971.059,25971.059
24694,32923.0,7.0,0,1,0,0,0,0,False,False,False,False,False,True,False,False,False,4,SUV,of_Origin_Sweden,Volvo,XC40,2020.0,35445.25,35445.25
36896,108235.0,5.0,0,0,0,0,0,0,False,False,False,False,False,False,True,False,False,4,SUV,of_Origin_Japan,Nissan,Rogue,2022.0,20534.822,20534.822
418,69588.0,4.0,0,0,0,0,0,1,False,False,False,False,False,True,False,False,False,4,SUV,of_Origin_Japan,Lexus,NX,2023.0,49802.426,49802.426
15426,15344.0,2.0,0,0,0,0,0,0,False,False,False,False,False,True,False,False,False,4,SUV,of_Origin_Japan,Lexus,NX,2025.0,51182.484,51182.484
17990,5000.0,1.0,0,0,0,0,0,0,False,False,False,False,False,False,True,False,False,4,SUV,of_Origin_Japan,Mazda,CX-30,2026.0,36989.65,36989.65
18413,10732.0,1.0,0,0,0,0,0,0,False,False,False,False,False,True,False,False,False,4,SUV,baseline_value_here,Mercedes-Benz,GLC,2026.0,66082.17,66082.17
10055,89509.0,5.0,0,0,0,0,0,0,False,True,False,False,False,False,False,True,False,8,SUV,of_Origin_USA,GMC,Yukon,2022.0,63637.812,63637.812
9285,105194.0,8.0,0,0,0,0,0,0,False,False,False,False,False,False,True,False,False,4,SUV,of_Origin_USA,Ford,Escape,2019.0,19384.803,19384.803
5678,14135.0,2.0,0,0,0,0,0,1,False,True,False,False,False,True,False,False,False,6,SUV,baseline_value_here,BMW,X6,2025.0,92879.17,92879.17
36228,26732.0,2.0,0,0,0,0,0,0,False,False,False,False,False,False,True,False,False,4,SUV,baseline_value_here,Volkswagen,Taos,2025.0,33647.15,33647.15
25023,101015.0,5.0,0,0,0,0,0,1,False,False,False,False,False,True,False,False,False,4,SUV,of_Origin_Sweden,Volvo,XC90,2022.0,41227.91,41227.91
14100,116680.0,4.0,0,0,0,0,0,1,False,False,False,False,False,False,False,False,False,4,SUV,of_Origin_South Korea,Kia,Sportage,2023.0,25474.766,25474.766
36640,36989.0,2.0,0,0,0,0,0,0,False,False,False,False,False,False,True,False,False,baseline_value_here,baseline_value_here,of_Origin_USA,RAM,1500,2025.0,61252.676,61252.676
30402,39811.0,5.0,0,0,1,1,0,0,False,False,False,False,False,True,False,False,False,4,SUV,of_Origin_USA,Lincoln,Corsair,2022.0,32953.68,32953.68
33390,44987.0,3.0,0,0,0,0,0,0,False,False,False,False,False,False,True,False,False,4,SUV,of_Origin_Japan,Subaru,Crosstrek,2024.0,31471.748,31471.748
26077,165000.0,14.0,0,0,0,0,0,0,False,False,False,False,False,False,True,False,False,4,Sedan,of_Origin_Japan,Toyota,Corolla,2013.0,10911.095,10911.095
675,137726.0,6.0,0,0,0,0,0,0,False,False,False,False,False,False,True,False,False,6,SUV,of_Origin_USA,Dodge,Durango,2021.0,33098.32,33098.32
37497,62535.0,4.0,0,0,0,0,0,0,False,False,False,False,False,False,False,False,False,4,Sedan,of_Origin_South Korea,Hyundai,Elantra,2023.0,22581.66,22581.66
30658,23550.0,3.0,0,0,0,0,0,1,False,False,False,False,False,False,True,False,False,4,SUV,of_Origin_Japan,Toyota,Highlander,2024.0,49012.344,49012.344
38245,82000.0,6.0,0,0,0,0,0,1,False,False,False,False,False,True,False,False,False,baseline_value_here,baseline_value_here,baseline_value_here,BMW,3,2021.0,29892.084,29892.084
33631,107593.0,8.0,0,0,0,0,0,0,False,True,False,False,False,False,True,False,False,6,Minivan,of_Origin_Japan,Honda,Odyssey,2019.0,26748.137,26748.137
21242,44152.0,4.0,0,0,0,0,0,0,False,False,False,False,False,False,True,False,False,baseline_value_here,baseline_value_here,of_Origin_USA,RAM,1500,2023.0,48969.75,48969.75
12906,3532.0,2.0,0,0,0,0,0,0,False,False,False,False,False,True,False,False,False,4,SUV,of_Origin_Japan,Infiniti,QX50,2025.0,43427.98,43427.98
25249,37552.0,3.0,0,0,1,0,0,0,False,False,False,False,False,False,True,False,False,6,Pickup Truck,of_Origin_USA,Ford,F-150,2024.0,63393.473,63393.473
35614,121286.0,10.0,0,0,0,0,0,0,False,False,False,False,False,False,True,False,False,4,SUV,of_Origin_Japan,Mazda,CX-5,2017.0,17650.926,17650.926
2578,198700.0,10.0,0,0,0,0,0,0,False,False,False,False,False,False,False,False,False,4,SUV,of_Origin_South Korea,Hyundai,Tucson,2017.0,9798.015,9798.015
29762,1901.0,8.0,0,0,0,0,0,0,False,False,False,False,True,False,True,False,False,6,Coupe,of_Origin_USA,Dodge,Challenger,2019.0,118258.516,118258.516
11026,199083.0,10.0,0,0,0,0,1,0,False,False,False,False,False,False,True,False,False,4,Sedan,of_Origin_Japan,Honda,Civic,2017.0,12182.558,12182.558
11276,11756.0,1.0,1,0,1,0,0,1,False,False,False,False,False,False,True,False,False,4,SUV,of_Origin_Japan,Honda,CR-V,2026.0,48768.688,48768.688
29061,36500.0,4.0,0,0,0,0,0,1,False,False,False,False,False,True,False,False,False,4,SUV,of_Origin_Japan,Lexus,RX,2023.0,50601.8,50601.8
36887,14251.0,2.0,0,0,0,0,0,1,False,False,False,False,False,False,True,False,False,4,Sedan,of_Origin_Japan,Honda,Civic,2025.0,35089.652,35089.652
18442,42673.0,9.0,0,0,0,0,0,0,False,False,False,False,False,True,False,False,False,4,Sedan,baseline_value_here,Mercedes-Benz,CLA,2018.0,30883.86,30883.86
6366,5101.0,1.0,0,0,0,0,0,0,False,False,False,False,False,False,False,True,False,4,SUV,of_Origin_USA,Buick,Encore,2026.0,53614.543,53614.543
18452,109000.0,6.0,0,0,0,0,0,0,False,False,False,False,False,True,False,False,False,4,SUV,baseline_value_here,Mercedes-Benz,GLA,2021.0,29408.818,29408.818
13411,19539.0,3.0,0,0,0,0,0,0,False,False,False,False,False,False,True,False,False,6,SUV,of_Origin_USA,Jeep,Wrangler,2024.0,50705.117,50705.117
23662,6599.0,1.0,0,0,0,0,0,0,False,True,False,False,False,False,True,False,False,4,SUV,baseline_value_here,Volkswagen,Atlas,2026.0,59418.73,59418.73
5045,8265.0,2.0,0,0,0,0,0,0,False,False,False,False,False,True,False,False,False,4,SUV,baseline_value_here,Audi,Q5,2025.0,61581.2,61581.2
11065,35747.0,5.0,0,0,0,0,0,0,False,False,False,False,False,False,True,False,False,4,Sedan,of_Origin_Japan,Honda,Civic,2022.0,28026.646,28026.646
27843,88985.0,8.0,0,0,0,0,0,0,False,False,False,False,True,False,True,False,False,4,SUV,of_Origin_Japan,Mazda,CX-9,2019.0,23118.451,23118.451
11260,81479.0,8.0,1,0,0,0,0,0,False,False,False,False,False,False,True,False,False,4,Sedan,of_Origin_Japan,Honda,Civic,2019.0,22797.312,22797.312
16189,60475.0,4.0,0,1,0,0,0,0,False,False,False,False,False,True,False,False,False,4,SUV,of_Origin_USA,Lincoln,Nautilus,2023.0,39535.645,39535.645
25867,40688.0,4.0,0,0,0,0,0,0,False,False,False,False,False,True,False,False,False,4,SUV,of_Origin_Sweden,Volvo,XC60,2023.0,43967.492,43967.492
35611,196219.0,12.0,0,0,0,0,0,0,False,False,False,False,False,False,True,False,False,4,SUV,of_Origin_Japan,Subaru,Forester,2015.0,9759.473,9759.473
12647,95817.0,8.0,0,0,0,0,0,0,False,False,False,False,True,True,False,False,False,6,Sedan,of_Origin_Japan,Infiniti,Q50,2019.0,20217.373,20217.373
14347,6000.0,1.0,0,0,0,0,0,0,False,False,False,False,False,False,False,False,False,4,SUV,of_Origin_South Korea,Kia,Sportage,2026.0,38080.305,38080.305
13622,1800.0,2.0,0,0,0,0,0,0,False,False,False,False,False,False,True,False,False,6,SUV,of_Origin_USA,Jeep,Wrangler,2025.0,65213.895,65213.895
29722,126900.0,16.0,0,0,0,0,0,0,False,False,False,False,False,False,True,False,False,4,Sedan,of_Origin_Japan,Toyota,Corolla,2011.0,9839.128,9839.128
32615,94616.0,7.0,0,0,0,0,0,0,False,False,False,False,False,False,True,False,False,4,SUV,of_Origin_Japan,Nissan,Rogue,2020.0,16508.027,16508.027
36159,25007.0,3.0,0,0,0,0,0,0,False,True,False,False,False,False,False,False,False,4,SUV,of_Origin_Japan,Mitsubishi,Outlander,2024.0,35774.355,35774.355
37679,148000.0,8.0,0,0,0,0,0,0,False,False,False,False,False,False,True,False,False,4,SUV,of_Origin_Japan,Mazda,CX-5,2019.0,18856.275,18856.275
10075,94280.0,4.0,1,0,0,0,0,0,False,True,False,False,False,False,False,True,False,8,SUV,of_Origin_USA,GMC,Yukon,2023.0,73948.05,73948.05
18490,141250.0,9.0,0,0,0,0,0,0,False,False,False,False,False,True,False,False,False,6,Coupe,baseline_value_here,Mercedes-Benz,C-Class,2018.0,27142.758,27142.758
2837,33763.0,3.0,0,0,0,0,0,0,False,False,False,False,False,False,False,False,False,8,Pickup Truck,of_Origin_USA,Chevrolet,Silverado,2024.0,48873.777,48873.777
24968,38380.0,4.0,0,0,0,0,0,0,False,False,False,False,False,True,False,False,False,6,SUV,of_Origin_Japan,Infiniti,QX60,2023.0,42763.336,42763.336
9282,41560.0,5.0,1,0,1,1,0,0,False,False,False,False,False,False,True,False,False,4,SUV,of_Origin_USA,Ford,Bronco,2022.0,40429.88,40429.88
952,12219.0,5.0,0,0,0,0,0,0,False,False,False,False,False,False,True,False,False,4,Sedan,of_Origin_Japan,Honda,Civic,2022.0,23017.781,23017.781
36106,122000.0,9.0,0,0,0,0,0,0,False,True,False,False,False,True,False,False,False,6,SUV,baseline_value_here,Mercedes-Benz,GLE,2018.0,28565.83,28565.83
35594,14491.0,2.0,0,0,1,0,1,0,False,False,False,False,False,False,True,False,False,4,SUV,of_Origin_Japan,Nissan,Rogue,2025.0,27390.936,27390.936
13533,75886.0,7.0,0,0,0,0,1,0,False,False,False,False,False,False,True,False,False,6,SUV,of_Origin_USA,Jeep,Grand,2020.0,30134.354,30134.354
35037,130995.0,8.0,0,0,0,0,0,0,False,False,False,False,False,False,True,False,False,4,SUV,of_Origin_Japan,Toyota,RAV,2019.0,22498.893,22498.893
29712,248000.0,14.0,0,0,0,0,0,1,False,False,False,False,True,False,True,False,False,4,Sedan,of_Origin_USA,Ford,Fusion,2013.0,5468.223,5468.223
12637,159000.0,10.0,0,0,0,0,0,0,False,False,False,False,False,True,False,False,False,6,SUV,of_Origin_Japan,Infiniti,QX60,2017.0,13307.66,13307.66
32124,84255.0,5.0,0,0,0,0,0,0,False,False,False,False,False,False,True,False,False,4,Sedan,of_Origin_Japan,Honda,Civic,2022.0,23538.748,23538.748
5641,90386.0,15.0,0,0,0,0,0,0,False,False,False,False,False,True,False,False,False,baseline_value_here,baseline_value_here,baseline_value_here,BMW,3,2012.0,14604.484,14604.484
13637,54057.0,4.0,0,0,0,0,0,0,False,False,False,False,False,False,True,False,False,6,SUV,of_Origin_USA,Jeep,Wrangler,2023.0,42773.273,42773.273
11095,119000.0,6.0,0,0,0,0,0,0,False,False,False,False,False,False,True,False,False,4,Sedan,of_Origin_Japan,Honda,Accord,2021.0,22367.053,22367.053
35146,53963.0,8.0,0,0,0,0,0,0,False,False,False,False,True,False,False,False,False,4,Sedan,of_Origin_South Korea,Kia,Optima,2019.0,16986.625,16986.625
18507,17416.0,3.0,0,0,0,0,0,0,False,False,False,False,False,True,False,False,False,4,SUV,baseline_value_here,Mercedes-Benz,GLC,2024.0,58729.094,58729.094
28585,143006.0,10.0,0,0,0,0,0,0,False,False,False,False,False,False,True,False,False,4,Sedan,of_Origin_Japan,Honda,Civic,2017.0,15458.992,15458.992
1911,93000.0,9.0,0,0,0,0,0,0,False,False,False,False,False,False,True,False,False,4,Wagon,baseline_value_here,Volkswagen,Golf,2018.0,18518.773,18518.773
8036,31430.0,4.0,0,0,0,0,0,0,False,False,True,False,False,False,False,False,False,8,Coupe,of_Origin_USA,Chevrolet,Corvette,2023.0,86923.22,86923.22
26466,40726.0,5.0,0,0,0,0,0,0,False,False,False,False,False,True,False,False,False,6,SUV,baseline_value_here,Audi,Q7,2022.0,46889.355,46889.355
38638,186166.0,11.0,0,0,0,0,0,0,False,False,False,False,False,False,False,True,False,6,Van,of_Origin_USA,GMC,Savana,2016.0,14814.245,14814.245
3123,9143.0,1.0,0,0,0,0,0,0,False,False,False,False,False,False,True,False,False,4,SUV,of_Origin_Japan,Nissan,Rogue,2026.0,34251.016,34251.016
6365,37969.0,5.0,0,0,0,0,0,0,False,False,False,False,False,False,False,True,False,4,SUV,of_Origin_USA,Buick,Encore,2022.0,29186.922,29186.922
8959,88735.0,7.0,1,0,0,0,0,0,False,False,False,False,False,False,True,False,False,6,Sedan,of_Origin_USA,Dodge,Charger,2020.0,32926.574,32926.574
3980,49974.0,3.0,0,0,0,0,0,0,False,True,False,False,False,True,False,False,False,6,SUV,of_Origin_Japan,baseline_value_here,MDX,2024.0,55052.42,55052.42
15633,68808.0,5.0,0,0,0,0,0,0,False,False,False,False,False,True,False,False,False,4,SUV,of_Origin_Japan,Lexus,NX,2022.0,39384.42,39384.42
17517,150000.0,8.0,0,0,0,0,0,0,False,False,False,False,False,False,False,False,True,baseline_value_here,baseline_value_here,of_Origin_UK,MINI,5,2019.0,14541.742,14541.742
20364,46487.0,3.0,0,0,0,0,0,0,False,False,False,False,False,False,True,False,False,4,Sedan,of_Origin_Japan,Nissan,Sentra,2024.0,22718.637,22718.637
3947,83329.0,6.0,0,1,0,0,0,0,False,False,False,False,False,True,False,False,False,4,SUV,of_Origin_Japan,baseline_value_here,RDX,2021.0,31501.994,31501.994
34657,47542.0,5.0,0,0,0,0,0,0,False,False,False,False,False,True,False,False,False,4,SUV,baseline_value_here,Audi,Q5,2022.0,30848.143,30848.143
11192,65067.0,3.0,0,0,1,0,1,0,False,False,False,False,False,False,True,False,False,4,SUV,of_Origin_Japan,Honda,CR-V,2024.0,31596.51,31596.51
30924,29814.0,3.0,0,0,0,0,0,0,False,False,False,False,False,False,False,False,False,4,SUV,of_Origin_USA,Chevrolet,Trax,2024.0,23378.684,23378.684
22724,109000.0,5.0,0,0,0,0,0,0,False,False,False,False,False,False,True,False,False,4,Sedan,of_Origin_Japan,Toyota,Camry,2022.0,21186.867,21186.867
5754,18880.0,3.0,0,0,0,0,0,0,False,False,False,False,False,True,False,False,False,4,SUV,baseline_value_here,BMW,X3,2024.0,47099.055,47099.055
24490,262.0,1.0,0,0,0,0,0,0,False,False,False,False,False,True,False,False,False,4,SUV,of_Origin_Sweden,Volvo,XC60,2026.0,84798.09,84798.09
28265,103708.0,5.0,0,0,0,0,0,0,False,False,False,False,False,False,True,False,False,6,Pickup Truck,of_Origin_USA,Ford,F-150,2022.0,46491.727,46491.727
16411,37000.0,10.0,0,0,0,0,0,0,False,False,False,False,True,True,False,False,False,6,Sedan,of_Origin_USA,Lincoln,MKZ,2017.0,32996.203,32996.203
1212,35179.0,3.0,0,0,0,0,0,0,False,True,False,False,False,False,True,False,False,6,Pickup Truck,of_Origin_Japan,Toyota,Tundra,2024.0,56361.336,56361.336
13985,64431.0,5.0,0,0,0,0,0,0,False,False,False,False,True,False,False,False,False,4,Hatchback,of_Origin_South Korea,Kia,Soul,2022.0,18940.65,18940.65
37915,176500.0,6.0,0,0,0,0,0,0,False,False,False,False,False,False,True,False,False,6,SUV,of_Origin_USA,Jeep,Grand,2021.0,26874.63,26874.63
25054,59321.0,10.0,0,0,0,0,0,0,False,True,False,False,False,True,False,False,False,6,Sedan,baseline_value_here,Audi,A6,2017.0,26837.44,26837.44
9280,71243.0,4.0,0,0,0,0,0,0,False,False,False,False,False,False,True,False,False,4,SUV,of_Origin_USA,Ford,Escape,2023.0,33075.67,33075.67
20199,29435.0,7.0,0,0,0,0,0,0,False,False,False,False,False,False,True,False,False,4,SUV,of_Origin_Japan,Nissan,Kicks,2020.0,20817.02,20817.02
1096,89379.0,6.0,1,0,0,0,0,0,False,False,False,False,False,False,False,False,False,4,SUV,of_Origin_South Korea,Hyundai,Tucson,2021.0,21701.129,21701.129
8430,40792.0,2.0,0,0,0,0,0,0,False,False,False,False,False,False,True,False,False,6,Minivan,of_Origin_USA,Chrysler,Pacifica,2025.0,43666.973,43666.973
36188,29848.0,2.0,0,0,0,0,0,0,False,False,True,False,False,False,True,False,False,6,SUV,of_Origin_Japan,Honda,Pilot,2025.0,55871.992,55871.992
8779,25550.0,3.0,0,0,0,0,0,0,False,False,False,False,False,False,True,False,False,6,SUV,of_Origin_USA,Dodge,Durango,2024.0,56477.207,56477.207
30418,136270.0,11.0,0,0,0,0,0,0,False,False,False,False,False,False,False,False,False,6,SUV,of_Origin_USA,Chevrolet,Traverse,2016.0,14924.362,14924.362
34947,132000.0,9.0,1,0,0,0,0,0,False,False,False,False,False,False,False,False,False,8,Pickup Truck,of_Origin_USA,Chevrolet,Silverado,2018.0,28073.27,28073.27
17483,12495.0,1.0,0,0,0,0,0,0,False,False,False,False,False,False,False,False,True,4,SUV,of_Origin_UK,MINI,Countryman,2026.0,56898.03,56898.03
15499,82611.0,7.0,0,0,0,0,0,0,False,False,False,False,False,True,False,False,False,4,SUV,of_Origin_Japan,Lexus,NX,2020.0,35005.355,35005.355
12797,10073.0,2.0,0,0,0,0,0,0,False,True,False,False,False,True,False,False,False,8,SUV,of_Origin_Japan,Infiniti,QX80,2025.0,95508.914,95508.914
35886,33412.0,5.0,1,0,0,0,0,1,False,False,False,False,False,True,False,False,False,4,SUV,of_Origin_Japan,Lexus,NX,2022.0,44710.227,44710.227
2511,80500.0,9.0,0,0,0,0,0,0,False,False,False,False,False,True,False,False,False,6,SUV,baseline_value_here,Audi,Q7,2018.0,26133.984,26133.984
32944,219648.0,13.0,0,0,0,0,0,0,False,False,False,False,False,False,False,False,False,4,SUV,of_Origin_USA,Chevrolet,Trax,2014.0,5436.966,5436.966
16097,5575.0,1.0,0,0,0,0,0,0,False,False,False,False,False,True,False,False,False,4,SUV,of_Origin_USA,Lincoln,Corsair,2026.0,70357.64,70357.64
31,32101.0,4.0,0,0,0,0,0,0,False,False,False,False,False,True,False,False,False,4,SUV,baseline_value_here,Mercedes-Benz,GLC,2023.0,48550.496,48550.496
16319,122463.0,6.0,0,0,0,0,0,0,False,False,False,False,False,True,False,False,False,6,SUV,of_Origin_USA,Lincoln,Aviator,2021.0,34423.75,34423.75
17520,146609.0,14.0,0,0,0,0,0,0,False,False,False,False,False,False,False,False,True,4,SUV,of_Origin_UK,MINI,Countryman,2013.0,8146.8184,8146.8184
16256,340829.0,11.0,0,0,0,0,0,0,False,False,False,False,True,True,False,False,False,4,SUV,of_Origin_USA,Lincoln,MKX,2016.0,8024.951,8024.951
14219,45600.0,3.0,0,0,0,0,0,0,False,False,False,False,True,False,False,False,False,4,Sedan,of_Origin_South Korea,Kia,Forte,2024.0,24815.062,24815.062
32299,70189.0,4.0,0,0,0,0,0,0,False,False,False,False,False,False,False,False,False,4,SUV,of_Origin_South Korea,Kia,Sportage,2023.0,28064.79,28064.79
4342,24525.0,4.0,0,0,0,0,0,0,False,False,False,False,False,True,False,False,False,6,Hatchback,baseline_value_here,Audi,A5,2023.0,52113.484,52113.484
37692,38000.0,8.0,0,0,0,0,0,0,False,False,False,False,True,True,False,False,False,4,Sedan,of_Origin_Sweden,Volvo,S60,2019.0,37393.348,37393.348
5766,2101.0,1.0,0,0,0,0,0,0,False,False,False,False,False,True,False,False,False,4,SUV,baseline_value_here,BMW,X3,2026.0,69585.26,69585.26
19331,29263.0,3.0,0,0,0,0,0,0,False,True,False,False,False,False,False,False,False,4,SUV,of_Origin_Japan,Mitsubishi,Outlander,2024.0,36716.348,36716.348
2707,68104.0,4.0,0,1,1,0,0,0,False,False,False,False,False,True,False,False,False,4,SUV,of_Origin_Japan,baseline_value_here,RDX,2023.0,40882.676,40882.676
28304,197903.0,18.0,0,0,0,0,0,0,False,False,False,False,False,True,False,False,False,baseline_value_here,baseline_value_here,baseline_value_here,BMW,3,2009.0,9488.457,9488.457
36891,91000.0,6.0,1,0,1,0,0,0,False,False,False,False,False,False,True,False,False,6,SUV,of_Origin_USA,Jeep,Wrangler,2021.0,31195.87,31195.87
9033,75236.0,3.0,0,0,0,0,0,0,False,False,False,False,False,False,True,False,False,6,SUV,of_Origin_USA,Dodge,Durango,2024.0,50630.008,50630.008
17545,20313.0,4.0,0,0,0,0,0,0,False,False,False,False,False,False,False,False,True,4,baseline_value_here,of_Origin_UK,MINI,Convertible,2023.0,34652.043,34652.043
18429,140543.0,9.0,0,0,0,0,0,0,False,False,False,False,False,True,False,False,False,6,Coupe,baseline_value_here,Mercedes-Benz,C-Class,2018.0,27142.566,27142.566
17870,268746.0,13.0,0,0,0,0,1,0,True,False,False,False,False,False,True,False,False,4,Sedan,of_Origin_Japan,Mazda,Mazda3,2014.0,6069.3,6069.3
26299,87871.0,7.0,0,0,0,0,0,1,False,True,False,False,False,True,False,False,False,6,SUV,baseline_value_here,Mercedes-Benz,GLE,2020.0,48909.938,48909.938
10738,27634.0,2.0,0,0,0,0,0,0,False,False,False,False,False,True,False,False,False,4,SUV,of_Origin_South Korea,Genesis,GV70,2025.0,56647.03,56647.03
17973,17500.0,4.0,0,0,0,0,0,0,False,False,False,False,False,False,True,False,False,4,SUV,of_Origin_Japan,Mazda,CX-30,2023.0,33904.2,33904.2
34660,132171.0,10.0,0,0,0,0,0,0,False,False,False,False,False,False,True,False,False,4,SUV,baseline_value_here,Volkswagen,Tiguan,2017.0,13987.075,13987.075
18612,35199.0,6.0,0,0,0,0,0,0,False,False,False,False,True,True,False,False,False,8,Sedan,baseline_value_here,Mercedes-Benz,S-Class,2021.0,98048.29,98048.29
7020,177000.0,11.0,0,0,0,0,0,0,False,False,False,True,False,True,False,False,False,8,SUV,of_Origin_USA,Cadillac,Escalade,2016.0,33691.543,33691.543
1089,111423.0,6.0,0,0,0,0,0,0,False,False,False,False,False,False,True,False,False,baseline_value_here,baseline_value_here,of_Origin_USA,RAM,1500,2021.0,33847.633,33847.633
31709,3005.0,1.0,0,0,0,0,0,1,False,False,False,False,False,True,False,False,False,4,SUV,baseline_value_here,Mercedes-Benz,GLC,2026.0,86564.375,86564.375
36388,238079.0,16.0,0,0,0,0,0,0,False,False,False,False,True,False,True,False,False,6,SUV,baseline_value_here,Volkswagen,Touareg,2011.0,6769.148,6769.148
17270,27200.0,2.0,0,1,0,0,1,0,False,False,False,False,False,False,False,False,True,baseline_value_here,baseline_value_here,of_Origin_UK,MINI,3,2025.0,34068.84,34068.84
8329,262897.0,15.0,0,0,0,0,0,0,False,False,False,False,True,False,True,False,False,6,Minivan,of_Origin_USA,Chrysler,Town,2012.0,6595.505,6595.505
13918,146800.0,5.0,0,0,0,0,0,0,False,False,False,False,False,False,False,False,False,4,SUV,of_Origin_South Korea,Kia,Seltos,2022.0,18532.598,18532.598
31186,40000.0,3.0,0,0,0,0,0,1,False,True,False,False,False,True,False,False,False,6,SUV,baseline_value_here,BMW,X6,2024.0,89368.1,89368.1
25356,92678.0,9.0,0,0,0,0,0,0,False,False,False,False,False,True,False,False,False,6,Hatchback,baseline_value_here,Audi,S5,2018.0,29449.693,29449.693
10665,42485.0,4.0,0,0,0,0,0,0,False,False,False,False,False,True,False,False,False,6,SUV,of_Origin_South Korea,Genesis,GV70,2023.0,43669.16,43669.16
28252,7650.0,1.0,0,0,0,0,0,1,False,False,False,False,False,True,False,False,False,4,SUV,of_Origin_Japan,Lexus,RX,2026.0,60492.383,60492.383
9530,171741.0,8.0,0,0,0,0,0,0,False,True,False,False,False,False,True,False,False,8,Pickup Truck,of_Origin_USA,Ford,F-250,2019.0,39835.797,39835.797
24529,1561.0,1.0,0,0,0,0,0,1,False,False,False,False,False,True,False,False,False,4,SUV,of_Origin_Sweden,Volvo,XC90,2026.0,103489.97,103489.97
28833,167000.0,7.0,0,0,0,0,0,0,False,False,False,False,True,False,False,False,False,4,Hatchback,of_Origin_South Korea,Kia,Soul,2020.0,11616.579,11616.579
35221,156000.0,13.0,0,0,0,0,0,0,False,False,False,False,False,False,True,False,False,4,Sedan,of_Origin_Japan,Subaru,Impreza,2014.0,9828.84,9828.84
19589,76164.0,3.0,0,0,0,0,0,0,False,False,False,False,False,False,False,False,False,4,SUV,of_Origin_Japan,Mitsubishi,RVR,2024.0,22000.287,22000.287
37280,3635.0,1.0,0,0,0,0,0,0,False,False,False,False,False,True,False,False,False,4,SUV,baseline_value_here,Mercedes-Benz,GLC,2026.0,67474.5,67474.5
9083,120814.0,10.0,0,0,0,0,0,0,False,False,False,False,True,False,True,False,False,6,Minivan,of_Origin_USA,Dodge,Grand,2017.0,14659.271,14659.271
28732,184157.0,6.0,0,0,0,0,0,0,False,False,False,False,False,False,True,False,False,baseline_value_here,baseline_value_here,of_Origin_USA,RAM,1500,2021.0,25279.236,25279.236
33310,210000.0,14.0,0,1,0,0,1,0,False,False,False,False,True,False,True,False,False,4,SUV,of_Origin_Japan,Toyota,Venza,2013.0,12394.892,12394.892
31156,58118.0,5.0,0,0,0,0,0,0,False,False,False,False,False,False,False,False,False,4,SUV,of_Origin_USA,Chevrolet,Equinox,2022.0,26674.105,26674.105
16429,54934.0,5.0,0,0,0,0,0,0,False,False,False,False,False,True,False,False,False,4,SUV,of_Origin_USA,Lincoln,Corsair,2022.0,36474.688,36474.688
34028,578.0,1.0,0,0,0,0,0,0,False,False,False,False,False,False,True,False,False,4,Sedan,of_Origin_Japan,Honda,Civic,2026.0,31077.102,31077.102
38605,327000.0,11.0,1,0,1,1,0,0,False,False,False,False,True,False,True,False,False,6,Pickup Truck,of_Origin_Japan,Nissan,Frontier,2016.0,13924.535,13924.535
22041,38162.0,4.0,1,0,0,0,0,0,True,True,False,False,False,False,True,False,False,4,Sedan,of_Origin_Japan,Subaru,WRX,2023.0,33473.52,33473.52
37421,7390.0,3.0,0,0,0,0,0,0,False,False,False,False,False,False,True,False,False,4,Sedan,of_Origin_Japan,Nissan,Sentra,2024.0,19115.809,19115.809
2149,130840.0,6.0,0,0,0,0,0,0,False,False,False,False,False,False,True,False,False,4,Sedan,of_Origin_Japan,Mazda,Mazda3,2021.0,19303.652,19303.652
4431,74000.0,8.0,1,0,0,0,0,0,False,False,False,False,False,True,False,False,False,4,SUV,baseline_value_here,Audi,Q5,2019.0,23024.232,23024.232
32586,175000.0,10.0,0,1,0,0,1,0,False,False,False,False,True,False,True,False,False,4,Sedan,of_Origin_Japan,Subaru,Legacy,2017.0,10273.418,10273.418
2333,70188.0,8.0,0,0,0,0,0,0,False,False,False,False,False,True,False,False,False,6,SUV,baseline_value_here,Audi,SQ5,2019.0,33032.45,33032.45
4474,32612.0,3.0,0,0,0,0,0,0,False,False,False,False,False,True,False,False,False,4,SUV,baseline_value_here,Audi,Q5,2024.0,40259.375,40259.375
23639,107877.0,4.0,0,0,0,0,0,0,False,False,False,False,False,False,True,False,False,4,SUV,baseline_value_here,Volkswagen,Tiguan,2023.0,23982.361,23982.361
11845,61000.0,3.0,0,0,0,0,0,0,False,False,False,False,False,False,False,False,False,4,Sedan,of_Origin_South Korea,Hyundai,Elantra,2024.0,20239.873,20239.873
18526,139773.0,12.0,0,0,0,0,0,0,False,False,False,False,False,True,False,False,False,4,SUV,baseline_value_here,Mercedes-Benz,GLA,2015.0,14166.472,14166.472
9381,32575.0,3.0,0,0,0,0,0,0,False,False,False,False,False,False,True,False,False,6,Van,of_Origin_USA,Ford,Transit,2024.0,47425.867,47425.867
587,48626.0,5.0,0,0,0,0,0,0,False,False,False,False,False,False,True,False,False,4,SUV,of_Origin_Japan,Mazda,CX-5,2022.0,28373.213,28373.213
32447,102255.0,4.0,0,0,0,0,0,0,False,False,False,False,True,False,True,False,False,4,SUV,of_Origin_USA,Ford,Edge,2023.0,26486.828,26486.828
7829,144311.0,5.0,0,1,0,0,0,0,False,False,False,False,False,False,False,False,False,8,Pickup Truck,of_Origin_USA,Chevrolet,Silverado,2022.0,42029.63,42029.63
30908,44505.0,5.0,0,0,0,0,0,0,False,False,False,False,False,False,True,False,False,4,Sedan,of_Origin_Japan,Honda,Civic,2022.0,25764.137,25764.137
4586,189977.0,11.0,0,0,0,0,0,0,False,False,False,False,False,True,False,False,False,4,SUV,baseline_value_here,Audi,Q5,2016.0,10775.332,10775.332
29898,74344.0,3.0,0,0,0,0,0,0,False,False,False,False,False,False,False,True,False,4,SUV,of_Origin_USA,GMC,Terrain,2024.0,29836.791,29836.791
37730,70240.0,4.0,1,0,1,0,0,0,False,False,False,False,False,False,True,False,False,4,SUV,baseline_value_here,Volkswagen,Taos,2023.0,26653.633,26653.633
2391,210258.0,17.0,0,0,0,0,0,0,False,False,False,False,False,False,True,False,False,4,SUV,of_Origin_Japan,Toyota,RAV,2010.0,9512.6455,9512.6455
7361,17525.0,3.0,0,0,0,0,0,0,False,False,False,False,False,True,False,False,False,4,SUV,of_Origin_USA,Cadillac,XT5,2024.0,52652.332,52652.332
27958,147458.0,12.0,0,0,0,0,0,0,False,True,False,False,False,False,True,False,False,6,SUV,of_Origin_Japan,Nissan,Murano,2015.0,11255.623,11255.623
32965,89530.0,5.0,0,0,0,0,0,0,False,False,False,False,False,False,True,False,False,4,SUV,of_Origin_USA,Ford,Bronco,2022.0,29639.467,29639.467
35197,72000.0,5.0,0,0,0,0,0,0,False,False,False,False,False,False,False,False,False,4,SUV,of_Origin_South Korea,Hyundai,Tucson,2022.0,24694.93,24694.93
30288,5439.0,2.0,0,0,0,0,0,1,False,False,False,False,False,False,True,False,False,4,Sedan,of_Origin_Japan,Honda,Civic,2025.0,36675.152,36675.152
8718,200679.0,8.0,0,0,0,0,1,0,False,False,False,False,True,False,True,False,False,6,Minivan,of_Origin_USA,Dodge,Grand,2019.0,10613.868,10613.868
29361,133561.0,7.0,0,0,0,0,0,0,False,False,False,False,False,False,True,False,False,4,SUV,of_Origin_Japan,Mazda,CX-5,2020.0,20587.186,20587.186
26009,93895.0,5.0,0,0,1,0,0,0,False,False,False,False,False,False,True,False,False,baseline_value_here,baseline_value_here,of_Origin_USA,RAM,1500,2022.0,54291.41,54291.41
1387,20815.0,4.0,0,0,1,0,0,0,False,False,False,False,False,False,True,False,False,4,Sedan,of_Origin_Japan,Toyota,Corolla,2023.0,26729.586,26729.586
11093,36310.0,3.0,0,0,0,0,0,0,False,False,False,False,False,False,True,False,False,4,SUV,of_Origin_Japan,Honda,CR-V,2024.0,34244.613,34244.613
23535,13838.0,1.0,0,0,0,0,0,0,False,False,False,False,False,False,True,False,False,4,SUV,baseline_value_here,Volkswagen,Taos,2026.0,42602.812,42602.812
32277,499.0,1.0,0,0,0,0,0,0,False,False,False,False,False,False,True,False,False,6,Pickup Truck,of_Origin_USA,Ford,F-150,2026.0,79353.48,79353.48
16100,11517.0,2.0,0,0,0,0,0,1,False,False,False,False,False,True,False,False,False,4,SUV,of_Origin_USA,Lincoln,Nautilus,2025.0,64764.188,64764.188
16118,49262.0,6.0,0,0,0,0,0,0,False,False,False,False,False,True,False,False,False,6,SUV,of_Origin_USA,Lincoln,Aviator,2021.0,40383.99,40383.99
34016,29514.0,3.0,0,0,0,0,0,0,False,False,False,False,False,False,False,True,False,8,Pickup Truck,of_Origin_USA,GMC,Sierra,2024.0,54200.58,54200.58
37757,193712.0,14.0,1,0,0,0,0,0,False,False,False,False,True,True,False,False,False,6,Sedan,baseline_value_here,Audi,S6,2013.0,14919.99,14919.99
26110,6122.0,2.0,0,0,0,0,0,0,False,False,False,False,False,True,False,False,False,4,SUV,baseline_value_here,Audi,Q5,2025.0,61417.844,61417.844
8538,80203.0,3.0,0,0,0,0,0,0,False,False,False,False,False,False,True,False,False,6,Minivan,of_Origin_USA,Chrysler,Grand,2024.0,32380.068,32380.068
10908,8787.0,2.0,0,0,0,0,0,0,False,True,False,False,False,True,False,False,False,4,SUV,of_Origin_South Korea,Genesis,GV80,2025.0,74674.055,74674.055
22849,167314.0,7.0,0,0,0,0,0,1,False,False,False,False,False,False,True,False,False,4,SUV,of_Origin_Japan,Toyota,RAV,2020.0,26642.818,26642.818
27638,148708.0,10.0,0,0,0,0,0,0,False,False,False,False,False,False,False,True,False,8,Pickup Truck,of_Origin_USA,GMC,Sierra,2017.0,24867.412,24867.412
4336,137997.0,8.0,0,0,0,0,0,0,False,False,False,False,False,True,False,False,False,4,SUV,baseline_value_here,Audi,Q5,2019.0,20950.229,20950.229
27397,25362.0,2.0,0,0,0,0,0,0,False,False,False,False,False,False,True,False,False,4,Pickup Truck,of_Origin_Japan,Toyota,Tacoma,2025.0,54703.746,54703.746
10216,103976.0,7.0,0,0,0,0,0,0,False,False,False,False,False,False,False,True,False,8,Pickup Truck,of_Origin_USA,GMC,Sierra,2020.0,46980.688,46980.688
28417,300.0,1.0,0,0,0,0,0,0,False,False,False,False,False,False,True,False,False,4,SUV,of_Origin_Japan,Honda,CR-V,2026.0,42263.734,42263.734
7180,118001.0,8.0,0,0,0,0,0,0,False,False,False,True,False,True,False,False,False,8,SUV,of_Origin_USA,Cadillac,Escalade,2019.0,47512.133,47512.133
23494,13972.0,3.0,0,0,0,0,0,0,False,False,False,False,False,False,True,False,False,4,Hatchback,baseline_value_here,Volkswagen,Golf,2024.0,43967.617,43967.617
5602,116000.0,9.0,0,0,0,0,0,0,False,True,False,False,False,True,False,False,False,6,SUV,baseline_value_here,BMW,X5,2018.0,26198.277,26198.277
4384,62290.0,4.0,0,0,0,0,0,0,False,False,False,False,False,True,False,False,False,4,SUV,baseline_value_here,Audi,Q5,2023.0,34015.855,34015.855
23658,9598.0,1.0,0,0,0,0,0,0,False,False,False,False,False,False,True,False,False,4,SUV,baseline_value_here,Volkswagen,Tiguan,2026.0,44500.53,44500.53
18495,73588.0,5.0,0,0,0,0,0,0,False,False,False,False,True,True,False,False,False,4,Sedan,baseline_value_here,Mercedes-Benz,A-Class,2022.0,32405.72,32405.72
36241,72317.0,6.0,0,0,0,0,0,0,False,False,False,False,False,False,True,False,False,6,SUV,of_Origin_USA,Jeep,Wrangler,2021.0,36841.527,36841.527
7997,190000.0,18.0,0,0,0,0,0,0,False,False,False,False,False,False,False,False,False,6,Van,of_Origin_USA,Chevrolet,Express,2009.0,11425.184,11425.184
18420,77595.0,4.0,0,0,0,0,1,0,False,False,False,False,False,True,False,False,False,4,SUV,baseline_value_here,Mercedes-Benz,GLC,2023.0,44875.41,44875.41
35628,163813.0,10.0,0,0,0,0,0,0,False,False,False,False,False,True,False,False,False,4,SUV,of_Origin_USA,Cadillac,XT5,2017.0,14875.315,14875.315
3896,30395.0,2.0,0,0,0,0,0,0,False,True,False,False,False,True,False,False,False,6,SUV,of_Origin_Japan,baseline_value_here,MDX,2025.0,60731.594,60731.594
23756,73805.0,6.0,0,0,0,0,0,0,False,False,False,False,False,False,True,False,False,4,SUV,baseline_value_here,Volkswagen,Tiguan,2021.0,22489.273,22489.273
31598,82749.0,5.0,0,0,0,0,0,0,False,False,False,False,False,False,True,False,False,4,Sedan,of_Origin_Japan,Nissan,Sentra,2022.0,17458.502,17458.502
19431,148450.0,6.0,0,0,0,0,0,0,False,False,False,False,False,False,False,False,False,4,SUV,of_Origin_Japan,Mitsubishi,RVR,2021.0,16113.995,16113.995
24703,52466.0,3.0,0,0,0,0,0,0,False,False,False,False,False,True,False,False,False,4,SUV,of_Origin_Sweden,Volvo,XC60,2024.0,41585.64,41585.64
29119,78204.0,4.0,0,0,0,0,0,0,False,False,False,False,False,False,True,False,False,4,SUV,baseline_value_here,Volkswagen,Taos,2023.0,23770.145,23770.145
14,17049.0,2.0,1,0,0,0,0,1,False,False,False,False,False,False,True,False,False,4,Hatchback,of_Origin_Japan,Toyota,Prius,2025.0,37108.508,37108.508
18668,80674.0,4.0,0,0,0,0,0,0,False,False,False,False,False,True,False,False,False,4,Sedan,baseline_value_here,Mercedes-Benz,CLA,2023.0,31171.86,31171.86
25091,57684.0,5.0,0,0,0,0,0,1,False,False,False,False,False,True,False,False,False,6,SUV,baseline_value_here,Audi,Q7,2022.0,44166.72,44166.72
14061,32170.0,2.0,0,0,0,0,0,0,False,False,False,False,False,False,False,False,False,4,SUV,of_Origin_South Korea,Kia,Sportage,2025.0,40192.12,40192.12
28214,51346.0,2.0,0,0,0,0,0,0,False,False,False,False,False,False,True,False,False,4,Sedan,of_Origin_Japan,Nissan,Sentra,2025.0,22064.062,22064.062
13640,62701.0,6.0,0,0,0,0,0,0,False,False,False,False,False,False,True,False,False,6,SUV,of_Origin_USA,Jeep,Wrangler,2021.0,34106.836,34106.836
36785,900.0,1.0,0,0,0,0,0,1,False,False,False,False,False,False,True,False,False,4,SUV,of_Origin_Japan,Toyota,Highlander,2026.0,59722.46,59722.46
2897,193399.0,8.0,0,0,0,0,0,0,False,False,False,False,False,False,True,False,False,6,Pickup Truck,of_Origin_USA,Ford,F-150,2019.0,21318.541,21318.541
12650,49753.0,5.0,1,0,1,0,0,0,False,False,False,False,False,True,False,False,False,4,SUV,of_Origin_Japan,Infiniti,QX55,2022.0,29270.645,29270.645
14021,63615.0,4.0,0,1,1,0,1,0,False,False,False,False,True,False,False,False,False,6,SUV,of_Origin_South Korea,Kia,Telluride,2023.0,44300.434,44300.434
34622,185000.0,7.0,0,0,0,0,0,0,False,False,False,False,False,True,False,False,False,4,SUV,of_Origin_Japan,baseline_value_here,RDX,2020.0,23355.012,23355.012
5699,160320.0,19.0,0,0,0,0,0,0,False,False,False,False,False,True,False,False,False,baseline_value_here,baseline_value_here,baseline_value_here,BMW,3,2008.0,12208.488,12208.488
38740,24492.0,2.0,0,0,0,0,0,0,False,True,False,False,False,True,False,False,False,6,SUV,baseline_value_here,BMW,X5,2025.0,83800.53,83800.53
494,35476.0,4.0,1,1,0,0,0,0,False,False,False,False,False,False,True,False,False,4,SUV,baseline_value_here,Volkswagen,Tiguan,2023.0,29119.383,29119.383
35914,17187.0,2.0,0,0,0,0,0,1,False,False,False,False,False,False,False,False,False,4,Sedan,of_Origin_South Korea,Hyundai,Elantra,2025.0,39487.117,39487.117
18411,3047.0,2.0,0,0,0,0,1,0,False,False,False,False,False,True,False,False,False,4,SUV,baseline_value_here,Mercedes-Benz,GLC,2025.0,62622.188,62622.188
35389,18237.0,2.0,0,0,0,0,0,1,False,False,False,False,False,False,True,False,False,4,Minivan,of_Origin_Japan,Toyota,Sienna,2025.0,54272.945,54272.945
30510,178286.0,14.0,0,0,0,0,0,0,False,False,False,False,False,False,True,False,False,6,Pickup Truck,of_Origin_USA,Ford,F-150,2013.0,13398.271,13398.271
32608,73115.0,5.0,0,0,0,0,0,0,False,False,False,False,False,True,False,False,False,4,SUV,baseline_value_here,BMW,X3,2022.0,36273.63,36273.63
38096,99700.0,15.0,0,0,0,0,0,0,False,False,False,False,False,False,True,False,False,4,Sedan,of_Origin_Japan,Nissan,Sentra,2012.0,14517.407,14517.407
590,16511.0,2.0,0,0,0,0,0,0,False,False,False,False,False,False,True,False,False,4,Minivan,of_Origin_Japan,Toyota,Sienna,2025.0,56389.184,56389.184
37768,136540.0,5.0,0,1,0,0,0,0,False,False,False,False,False,False,False,False,False,4,Sedan,of_Origin_South Korea,Hyundai,Elantra,2022.0,16978.025,16978.025
32961,114527.0,6.0,0,0,0,0,0,0,False,False,False,False,False,False,False,False,False,4,SUV,of_Origin_USA,Chevrolet,Equinox,2021.0,19637.604,19637.604
1005,4200.0,2.0,0,0,0,0,0,1,False,False,False,False,False,False,True,False,False,4,SUV,of_Origin_USA,Jeep,Wrangler,2025.0,51484.69,51484.69
10243,112228.0,6.0,0,0,0,0,0,0,False,False,False,False,False,False,False,True,False,8,Pickup Truck,of_Origin_USA,GMC,Sierra,2021.0,44936.39,44936.39
36570,33165.0,4.0,0,1,1,0,0,0,False,False,False,False,False,False,True,False,False,4,Sedan,of_Origin_Japan,Toyota,Camry,2023.0,26052.549,26052.549
6249,57484.0,6.0,0,0,0,0,0,0,False,False,False,False,False,False,False,True,False,4,SUV,of_Origin_USA,Buick,Encore,2021.0,24767.506,24767.506
6172,1000.0,1.0,0,0,0,0,0,0,False,False,False,False,False,False,False,True,False,4,SUV,of_Origin_USA,Buick,Envista,2026.0,53354.81,53354.81
28201,79591.0,11.0,0,0,0,0,0,0,False,False,False,False,False,False,True,False,False,4,SUV,of_Origin_Japan,Honda,CR-V,2016.0,19185.846,19185.846
20315,32281.0,2.0,1,0,0,0,0,0,False,False,True,False,False,False,True,False,False,6,SUV,of_Origin_Japan,Nissan,Pathfinder,2025.0,48175.06,48175.06
1490,18460.0,2.0,0,0,0,0,0,0,False,False,False,False,False,False,True,False,False,4,SUV,of_Origin_USA,Ford,Explorer,2025.0,45155.914,45155.914
29720,188205.0,10.0,0,0,0,0,0,0,False,False,False,False,True,False,False,False,False,4,Sedan,of_Origin_USA,Chevrolet,Cruze,2017.0,7209.8296,7209.8296
16145,109093.0,5.0,0,0,0,0,0,0,False,False,False,False,False,True,False,False,False,4,SUV,of_Origin_USA,Lincoln,Corsair,2022.0,29943.824,29943.824
8020,36151.0,3.0,1,0,0,0,0,0,False,False,False,False,False,False,False,False,False,8,Pickup Truck,of_Origin_USA,Chevrolet,Silverado,2024.0,42423.895,42423.895
4671,229200.0,11.0,0,0,0,0,0,0,False,False,False,False,False,True,False,False,False,6,SUV,baseline_value_here,Audi,SQ5,2016.0,11303.508,11303.508
368,96636.0,8.0,0,0,0,0,0,0,False,False,False,False,False,True,False,False,False,4,Coupe,baseline_value_here,Mercedes-Benz,C-Class,2019.0,26263.02,26263.02
45,159642.0,6.0,0,0,0,0,0,1,False,False,False,False,False,False,True,False,False,4,SUV,of_Origin_Japan,Toyota,RAV,2021.0,28181.531,28181.531
33665,63887.0,5.0,0,0,0,0,0,1,False,False,False,False,True,False,False,False,False,4,SUV,of_Origin_South Korea,Hyundai,SANTA,2022.0,31691.926,31691.926
9137,258.0,1.0,0,0,0,0,0,0,False,False,False,False,False,False,True,False,False,6,Sedan,of_Origin_USA,Dodge,Charger,2026.0,61643.23,61643.23
32800,157000.0,18.0,0,0,0,0,0,0,False,False,False,False,True,False,True,False,False,4,Sedan,of_Origin_Japan,Mazda,Mazda6,2009.0,4923.147,4923.147
10305,63387.0,3.0,0,0,0,0,0,0,False,False,False,False,False,False,False,True,False,8,Pickup Truck,of_Origin_USA,GMC,Sierra,2024.0,54462.816,54462.816
7085,99925.0,9.0,0,0,0,0,0,0,False,False,False,False,False,True,False,False,False,4,SUV,of_Origin_USA,Cadillac,XT5,2018.0,18547.652,18547.652
1992,125000.0,7.0,0,0,0,0,0,1,False,False,False,False,False,False,True,False,False,4,Sedan,of_Origin_Japan,Toyota,Corolla,2020.0,22164.652,22164.652
30668,41177.0,5.0,0,0,0,0,0,0,False,False,False,False,False,False,True,False,False,6,Pickup Truck,of_Origin_USA,Jeep,Gladiator,2022.0,41056.188,41056.188
1360,5671.0,1.0,0,0,0,0,0,0,False,False,False,False,False,False,False,False,False,4,SUV,of_Origin_South Korea,Kia,Seltos,2026.0,35779.14,35779.14
12056,154000.0,8.0,0,0,0,0,0,0,False,False,False,False,False,False,False,False,False,4,Sedan,of_Origin_South Korea,Hyundai,Sonata,2019.0,11000.097,11000.097
34017,45222.0,4.0,0,0,0,0,0,1,False,False,False,False,False,False,True,False,False,4,SUV,of_Origin_Japan,Honda,CR-V,2023.0,40447.258,40447.258
5707,193998.0,11.0,0,0,0,0,0,0,False,True,False,False,False,True,False,False,False,6,SUV,baseline_value_here,BMW,X5,2016.0,63824.34,63824.34
18625,69020.0,6.0,0,0,0,0,0,0,False,False,False,False,False,True,False,False,False,4,Sedan,baseline_value_here,Mercedes-Benz,C-Class,2021.0,38561.387,38561.387
37670,83120.0,9.0,1,0,0,0,1,0,False,False,False,False,False,False,True,False,False,4,SUV,of_Origin_Japan,Toyota,RAV,2018.0,24289.498,24289.498
32180,121501.0,15.0,0,0,0,0,0,0,False,False,False,False,False,False,False,False,False,4,Coupe,of_Origin_Japan,Mitsubishi,Eclipse,2012.0,9874.142,9874.142
31566,28758.0,5.0,0,0,0,0,0,0,False,False,False,False,False,True,False,False,False,4,SUV,of_Origin_USA,Lincoln,Nautilus,2022.0,34834.973,34834.973
25593,8421.0,3.0,0,0,0,0,0,0,False,False,False,False,False,False,True,False,False,4,SUV,of_Origin_Japan,Mazda,CX-50,2024.0,44605.26,44605.26
29629,6938.0,4.0,0,0,0,0,0,0,False,False,False,False,False,False,True,False,False,4,SUV,of_Origin_USA,Jeep,Compass,2023.0,30538.902,30538.902
25457,55986.0,5.0,0,0,0,0,0,0,False,False,False,False,False,False,True,False,False,4,Sedan,of_Origin_Japan,Honda,Civic,2022.0,25584.234,25584.234
7982,72839.0,3.0,1,0,0,0,0,0,False,False,False,False,False,False,False,False,False,8,Pickup Truck,of_Origin_USA,Chevrolet,Silverado,2024.0,51077.14,51077.14
35305,140000.0,12.0,1,0,0,0,0,0,False,False,False,False,False,True,False,False,False,4,Sedan,baseline_value_here,Mercedes-Benz,CLA,2015.0,12967.949,12967.949
18722,141560.0,8.0,0,0,0,0,0,0,False,False,False,False,False,True,False,False,False,6,Sedan,baseline_value_here,Mercedes-Benz,E-Class,2019.0,29776.479,29776.479
5752,9105.0,3.0,0,0,0,0,0,0,False,False,False,False,False,True,False,False,False,baseline_value_here,baseline_value_here,baseline_value_here,BMW,4,2024.0,68771.664,68771.664
28663,168050.0,19.0,0,0,0,0,0,0,False,False,False,False,False,False,True,False,False,6,SUV,of_Origin_USA,Jeep,Wrangler,2008.0,7437.163,7437.163
12910,105000.0,7.0,0,0,0,0,0,0,False,False,False,False,False,True,False,False,False,4,SUV,of_Origin_Japan,Infiniti,QX50,2020.0,24055.338,24055.338
2328,184150.0,16.0,0,0,0,0,0,0,False,True,False,False,False,True,False,False,False,6,SUV,of_Origin_Japan,baseline_value_here,MDX,2011.0,9827.895,9827.895
24567,57846.0,5.0,0,0,0,0,0,0,False,False,False,False,False,True,False,False,False,4,SUV,of_Origin_Sweden,Volvo,XC40,2022.0,39466.2,39466.2
17804,42990.0,2.0,1,0,0,0,0,0,False,False,False,False,False,False,True,False,False,4,SUV,of_Origin_Japan,Mazda,CX-5,2025.0,35311.938,35311.938
30984,44350.0,3.0,1,0,0,0,0,0,False,False,False,False,False,False,True,False,False,4,SUV,of_Origin_Japan,Nissan,Rogue,2024.0,26447.383,26447.383
796,30568.0,12.0,0,0,0,0,1,0,False,False,False,True,False,True,False,False,False,8,SUV,of_Origin_USA,Cadillac,Escalade,2015.0,72852.43,72852.43
37691,82272.0,5.0,0,0,0,0,0,0,False,False,False,False,False,False,False,False,False,4,SUV,of_Origin_USA,Chevrolet,Equinox,2022.0,21235.324,21235.324
20300,24377.0,4.0,1,0,0,0,0,0,False,False,False,False,False,False,True,False,False,4,SUV,of_Origin_Japan,Nissan,Rogue,2023.0,25817.402,25817.402
31683,59200.0,13.0,0,0,0,0,0,0,True,False,False,False,True,False,False,False,False,4,Sedan,of_Origin_South Korea,Kia,Rio,2014.0,16943.37,16943.37
2779,104500.0,14.0,0,0,0,0,0,0,False,False,False,False,False,False,True,False,False,4,Sedan,of_Origin_Japan,Honda,Accord,2013.0,12876.25,12876.25
33116,179940.0,11.0,0,0,0,0,0,0,False,False,False,False,False,False,True,False,False,baseline_value_here,baseline_value_here,of_Origin_USA,RAM,1500,2016.0,18517.87,18517.87
8085,73139.0,9.0,1,0,0,0,0,1,False,False,False,False,True,False,False,False,False,4,Hatchback,of_Origin_USA,Chevrolet,Volt,2018.0,14475.985,14475.985
1037,63600.0,14.0,0,0,0,0,0,0,False,False,False,False,False,True,False,False,False,4,Sedan,baseline_value_here,Mercedes-Benz,C-Class,2013.0,16266.931,16266.931
25729,79456.0,4.0,1,0,0,0,0,0,False,False,False,False,False,False,True,False,False,4,Sedan,of_Origin_Japan,Toyota,Corolla,2023.0,24377.396,24377.396
15574,322.0,1.0,0,0,0,0,0,1,False,False,False,False,False,True,False,False,False,4,SUV,of_Origin_Japan,Lexus,RX,2026.0,48392.832,48392.832
35194,21621.0,2.0,0,0,0,0,0,0,False,False,False,False,False,False,True,False,False,4,Hatchback,baseline_value_here,Volkswagen,Golf,2025.0,45562.035,45562.035
22196,7533.0,3.0,0,0,0,0,0,0,False,False,False,False,False,False,True,False,False,4,Sedan,of_Origin_Japan,Subaru,Impreza,2024.0,30804.23,30804.23
34714,499.0,1.0,0,0,0,0,0,1,False,False,False,False,False,False,True,False,False,6,Pickup Truck,of_Origin_USA,Ford,F-150,2026.0,94931.93,94931.93
35244,9090.0,4.0,1,0,0,0,0,0,False,False,False,False,True,False,True,False,False,4,SUV,of_Origin_Japan,Nissan,Qashqai,2023.0,13457.691,13457.691
5628,139097.0,9.0,0,0,0,0,0,0,False,False,False,False,False,True,False,False,False,baseline_value_here,baseline_value_here,baseline_value_here,BMW,3,2018.0,18834.766,18834.766
38473,20250.0,2.0,1,0,0,0,0,0,False,False,False,False,False,False,True,False,False,6,SUV,of_Origin_Japan,Toyota,4-Runner,2025.0,59878.844,59878.844
18751,292059.0,8.0,0,0,1,1,0,0,False,False,False,False,False,True,False,False,False,6,Sedan,baseline_value_here,Mercedes-Benz,E-Class,2019.0,18557.412,18557.412
17180,59525.0,6.0,0,0,0,0,0,0,False,False,False,False,False,False,False,False,True,4,SUV,of_Origin_UK,MINI,Countryman,2021.0,25377.37,25377.37
2218,88765.0,7.0,0,1,0,0,0,0,False,True,False,False,False,True,False,False,False,6,SUV,of_Origin_Japan,baseline_value_here,MDX,2020.0,33340.37,33340.37
35079,91488.0,3.0,0,0,0,0,0,0,False,False,False,False,False,False,True,False,False,4,Sedan,of_Origin_Japan,Honda,Civic,2024.0,27987.35,27987.35
17704,44953.0,4.0,0,0,0,0,0,0,False,False,False,False,False,False,True,False,False,4,Sedan,of_Origin_Japan,Mazda,Mazda3,2023.0,26455.16,26455.16
24569,132483.0,7.0,0,0,0,0,0,0,False,False,False,False,False,True,False,False,False,4,SUV,of_Origin_Sweden,Volvo,XC90,2020.0,28347.787,28347.787
35315,265000.0,16.0,0,0,0,0,0,0,False,False,False,False,True,False,False,False,False,4,Sedan,of_Origin_USA,Chevrolet,Cruze,2011.0,1633.218,1633.218
27788,98580.0,8.0,0,0,0,0,0,0,False,False,False,False,True,False,True,False,False,4,SUV,of_Origin_USA,Ford,Edge,2019.0,17966.56,17966.56
2291,68998.0,9.0,0,0,0,0,0,0,False,False,False,False,False,False,True,False,False,4,Sedan,of_Origin_Japan,Toyota,Corolla,2018.0,21595.873,21595.873
7132,27015.0,3.0,0,0,0,0,0,0,False,False,False,False,False,True,False,False,False,4,SUV,of_Origin_USA,Cadillac,XT4,2024.0,46302.434,46302.434
4365,33346.0,2.0,0,0,0,0,0,0,False,False,False,False,False,True,False,False,False,6,SUV,baseline_value_here,Audi,Q7,2025.0,62424.07,62424.07
10816,42917.0,3.0,1,0,1,0,1,0,False,False,False,False,False,True,False,False,False,6,SUV,of_Origin_South Korea,Genesis,GV70,2024.0,49634.73,49634.73
29385,20888.0,1.0,0,0,0,0,0,1,False,False,False,False,False,False,True,False,False,4,Sedan,of_Origin_Japan,Honda,Civic,2026.0,38102.133,38102.133
30907,206000.0,13.0,0,0,0,0,0,0,False,False,False,False,False,False,True,False,False,4,Sedan,of_Origin_Japan,Honda,Accord,2014.0,9682.047,9682.047
16489,19762.0,2.0,0,0,0,0,0,0,False,False,False,False,False,True,False,False,False,6,SUV,of_Origin_USA,Lincoln,Aviator,2025.0,78092.266,78092.266
21252,37477.0,5.0,0,0,0,0,0,0,False,False,False,False,False,False,True,False,False,baseline_value_here,baseline_value_here,of_Origin_USA,RAM,1500,2022.0,40945.36,40945.36
28442,154877.0,7.0,0,0,0,0,0,0,False,False,False,False,False,False,False,True,False,8,Pickup Truck,of_Origin_USA,GMC,Sierra,2020.0,36821.383,36821.383
4422,42653.0,6.0,0,0,0,0,0,0,False,False,False,False,True,True,False,False,False,6,Coupe,baseline_value_here,Audi,RS5,2021.0,100617.83,100617.83
23683,107248.0,5.0,0,0,0,0,0,0,False,False,False,False,False,False,True,False,False,4,SUV,baseline_value_here,Volkswagen,Tiguan,2022.0,23113.824,23113.824
27812,47701.0,4.0,0,0,0,0,0,0,False,False,False,False,False,False,False,False,False,4,SUV,of_Origin_South Korea,Hyundai,Santa,2023.0,27320.754,27320.754
12612,6420.0,2.0,0,0,0,0,0,0,False,False,False,False,False,True,False,False,False,6,SUV,of_Origin_Japan,Infiniti,QX60,2025.0,57358.934,57358.934
19387,28950.0,2.0,0,0,0,0,0,0,False,False,False,False,False,False,False,False,False,4,SUV,of_Origin_Japan,Mitsubishi,RVR,2025.0,28373.105,28373.105
28077,112968.0,12.0,0,0,0,0,0,0,False,False,False,False,True,False,False,False,False,4,Sedan,of_Origin_USA,Chevrolet,Cruze,2015.0,8657.296,8657.296
31786,49047.0,5.0,0,0,0,0,0,0,False,False,False,False,True,True,False,False,False,4,Sedan,baseline_value_here,Mercedes-Benz,A-Class,2022.0,39529.176,39529.176
28073,164086.0,8.0,0,0,0,0,0,0,False,False,False,False,True,False,False,False,False,6,Minivan,of_Origin_South Korea,Kia,Sedona,2019.0,15016.281,15016.281
26060,188438.0,9.0,0,0,0,0,0,0,False,False,False,False,False,True,False,False,False,4,SUV,baseline_value_here,BMW,X3,2018.0,14519.668,14519.668
17645,22580.0,3.0,0,0,0,0,0,0,False,False,False,False,False,False,True,False,False,4,SUV,of_Origin_Japan,Mazda,CX-5,2024.0,36015.477,36015.477
10890,167605.0,7.0,0,0,0,0,0,0,False,False,False,False,False,True,False,False,False,4,Sedan,of_Origin_South Korea,Genesis,G70,2020.0,20742.62,20742.62
12117,165105.0,14.0,0,1,1,0,0,0,False,False,False,False,True,False,False,False,False,4,Hatchback,of_Origin_South Korea,Hyundai,Veloster,2013.0,5714.4507,5714.4507
28540,25132.0,4.0,0,0,0,0,0,0,False,False,False,False,False,False,True,False,False,4,SUV,of_Origin_Japan,Mazda,CX-30,2023.0,33687.523,33687.523
13098,9831.0,1.0,0,0,0,0,0,0,False,True,False,False,False,True,False,False,False,8,SUV,of_Origin_Japan,Infiniti,QX80,2026.0,112455.414,112455.414
116,59398.0,4.0,0,0,0,0,0,0,False,False,False,False,False,False,True,False,False,6,SUV,of_Origin_USA,Jeep,Wrangler,2023.0,43760.766,43760.766
4506,97000.0,9.0,0,0,0,0,0,0,False,False,False,False,False,True,False,False,False,6,SUV,baseline_value_here,Audi,Q7,2018.0,25601.852,25601.852
35704,26287.0,2.0,0,0,0,0,0,0,False,False,False,False,False,True,False,False,False,4,Sedan,baseline_value_here,Mercedes-Benz,CLA,2025.0,41119.7,41119.7
36453,163000.0,12.0,0,0,0,0,0,0,False,False,False,False,False,False,True,False,False,4,SUV,of_Origin_Japan,Mazda,CX-5,2015.0,13070.81,13070.81
9231,37698.0,5.0,0,0,0,0,0,0,False,False,False,False,False,False,True,False,False,4,Pickup Truck,of_Origin_USA,Ford,Maverick,2022.0,44485.355,44485.355
30978,147755.0,10.0,0,0,0,0,0,0,False,False,False,False,False,True,False,False,False,4,SUV,baseline_value_here,BMW,X1,2017.0,16641.693,16641.693
25105,4569.0,2.0,0,1,0,0,0,0,False,False,False,False,False,False,True,False,False,4,SUV,of_Origin_Japan,Toyota,RAV,2025.0,46633.008,46633.008
26536,14128.0,3.0,0,0,0,0,0,0,False,False,False,False,False,False,True,False,False,4,SUV,of_Origin_Japan,Toyota,RAV,2024.0,40427.01,40427.01
30074,98399.0,11.0,0,0,0,0,0,0,False,True,False,False,False,False,True,False,False,4,SUV,of_Origin_Japan,Subaru,Outback,2016.0,18126.137,18126.137
32666,120456.0,8.0,0,0,0,0,0,0,False,False,False,False,False,False,False,False,False,4,SUV,of_Origin_South Korea,Hyundai,Santa,2019.0,16600.59,16600.59
8586,100850.0,4.0,0,0,0,0,0,0,False,False,False,False,False,False,True,False,False,6,Minivan,of_Origin_USA,Chrysler,Pacifica,2023.0,30430.01,30430.01
27942,158393.0,16.0,0,0,0,0,0,0,False,False,False,False,False,True,False,False,False,5,SUV,of_Origin_Sweden,Volvo,XC60,2011.0,11990.598,11990.598
4346,126247.0,8.0,0,0,0,0,0,0,False,False,False,False,True,True,False,False,False,6,Sedan,baseline_value_here,Audi,S4,2019.0,33337.94,33337.94
10943,47000.0,8.0,0,0,0,0,0,0,False,False,False,False,False,True,False,False,False,4,Sedan,of_Origin_South Korea,Genesis,G70,2019.0,24506.195,24506.195
6427,16612.0,4.0,0,0,1,0,0,0,False,False,False,False,False,False,False,True,False,4,SUV,of_Origin_USA,Buick,Envision,2023.0,34160.754,34160.754
17244,82925.0,12.0,1,0,0,0,0,0,True,False,False,False,False,False,False,False,True,baseline_value_here,baseline_value_here,of_Origin_UK,MINI,3,2015.0,12869.145,12869.145
